ID;PROJETO;TITULO;MUNICIPIO;ENERGIZAÇÃO;ENTRADA;DIAS P/ ENTREGA;POSTES;CLIENTES;TECNICO;FECHAMENTO;AS BUILT;GSE;DT. SOL;ATESTO;DT. SOL.1;RESERVAS;DT. SOL.2;VALOR MAO DE OBRA LV;VALOR Á FATURAR DISTRI. DE POSTES;VALOR Á FATURAR LM;VALOR PENDENTE FATURAR;VALOR PROJETO;TIPO PENDENCIA;PENDENCIA;SUPERVISOR;TURMA;DT POSTAGEM;GEOEX;CICLO DE POSTAGEM;ANO;DATA ANALISE;UNITIZADO;TEMPO PARA ACEITE;DA ENTREGA A POSTAGEM;COORD;DIAS;DT. SOLIC;DT. SOLIC.1;DT. SOLIC.2;OBS;EVIDENCIAS;REALIZADO;DT. REALIZADO;ESTAGIÁRIO;DIAS ENTR. FECHA.;DESCRIÇÃO PENDÊNCIA;"VL FATURADO ""MED. PARCIAL""";UTEP;ULTIMA POSTAGEM;OBRAS SIMPLIFICADAS;EVIDENCIAS BOOK;PENDENCIAS;Column 38;DIAS EM FECHAM.;DIAS P/ ENTR. AS BUILT
UTEP;B-0933804;RR CIND FAZ VARZEA GRANDE RURAL;QUEIMADAS;27/09/2024;;;5,0;;""" SEM AS BUILT """;;;;;;;;;;;R$ 6.521,60;R$6.521,60;R$ 71.952,02;"""Sem """"AS BUILT""""""";SIPEL;DICSON / GESONI ;;;;JANEIRO;2026.0;;NÃO;;;SENHOR DO BONFIM;475.0;;;;;;;;;;;;;;;;;;;
UTEP;B-1192137;ER-CIND-POV-PICOS-RURAL;ITIÚBA;26/09/2025;;;6,0;;""" SEM AS BUILT """;;;;;;;;;;;R$ 7.825,92;R$7.825,92;R$ 58.088,16;"""Sem """"AS BUILT""""""";SIPEL;ISRAEL/JOAO;;;;JANEIRO;2026.0;;NÃO;;;SENHOR DO BONFIM;111.0;;;;;;;;;;;;;;;;;;;
LPT ;B-1148214;ER-CIND-FAZ-LAGOA DO CURRAL-RURAL;NORDESTINA;17/10/2025;;;8,0;;""" SEM AS BUILT """;;;;;;;;;;;R$ 10.434,56;R$10.434,56;R$ 19.168,53;"""Sem """"AS BUILT""""""";SIPEL;ANAILTON/GABRIEL;;;;JANEIRO;2026.0;;NÃO;;;SENHOR DO BONFIM;90.0;;;;;;;;;;;;;;;;;;;
LPT ;B-1210510;ER-CIND-POV-FAZENDINHA 1-RURAL;NORDESTINA;22/10/2025;;;7,0;;""" SEM AS BUILT """;;;;;;;;;;;R$ 9.130,24;R$9.130,24;R$ 30.651,90;"""Sem """"AS BUILT""""""";SIPEL;ANAILTON / GABRIEL;;;;JANEIRO;2026.0;;NÃO;;;SENHOR DO BONFIM;85.0;;;;;;;;;;;;;;;;;;;
LPT ;B-1211134;ER-CIND-POV-SACO FUNDO 24-RURAL;MONTE SANTO;23/10/2025;;;6,0;;""" SEM AS BUILT """;;;;;;;;;;;R$ 7.825,92;R$7.825,92;R$ 58.994,65;"""Sem """"AS BUILT""""""";SIPEL;JOSE SILVA / GABRIEL;;;;JANEIRO;2026.0;;NÃO;;;SENHOR DO BONFIM;84.0;;;;;;;;;;;;;;;;;;;
UTEP;B-1196034;ER-CIND-POV-VARZEA DO POCO-PONTO NOVO;PONTO NOVO;23/10/2025;;;1,0;;""" SEM AS BUILT """;;;;;;;;;;;R$ 1.304,32;R$1.304,32;R$ 21.721,55;"""Sem """"AS BUILT""""""";SIPEL;EDVALDO / JOÃO;;;;JANEIRO;2026.0;;NÃO;;;SENHOR DO BONFIM;84.0;;;;;;;;;;;;;;;;;;;
UTEP;B-1164147;ER-CIND-FAZ-ROCHA-AT LINDO - RURAL;CANSANÇÃO;27/10/2025;;;7,0;;""" SEM AS BUILT """;;;;;;;;;;;R$ 9.130,24;R$9.130,24;R$ 115.225,85;"""Sem """"AS BUILT""""""";SIPEL;JEFFERSON/GABRIEL;;;;JANEIRO;2026.0;;NÃO;;;SENHOR DO BONFIM;80.0;;;;;;;;;;;;;;;;;;;
UTEP;B-1204838;IS-COEL-RUA-CANDIDO FONSECA-MERCADO;SENHOR DO BONFIM;30/10/2025;15/01/2026;;6,0;;DIRECIONAR;;;;;;;;;;;R$ 7.825,92;R$7.825,92;R$ 51.246,25;"""Sem """"AS BUILT""""""";SIPEL;JOILSON/JOAO;;;;JANEIRO;2026.0;;NÃO;;;SENHOR DO BONFIM;77.0;;;;;;;;;;;;;;;;;;;
UTEP;B-1167466;ER CIND FZ VARZEA GRANDE RURAL;QUEIMADAS;31/10/2025;14/01/2025;;1,0;;DIRECIONAR;;;;;;;;;;;R$ 1.304,32;R$1.304,32;R$ 22.361,91;"""Sem """"AS BUILT""""""";SIPEL;GESONI/JOAO;;;;JANEIRO;2026.0;;NÃO;;;SENHOR DO BONFIM;-290.0;;;;;OBRA SIMPL - APROVADO ;ENVIADO;;;;;;;;;;;;;
UTEP;B-1198739;UB-CIND-RUA-DEMOSTENES BARRETO-CENTRO;MONTE SANTO;18/11/2025;14/01/2026;;1,0;;LUCAS GABRIEL;;;;;;;;;;;R$ 1.304,32;R$1.304,32;R$ 6.302,10;"""Sem """"AS BUILT""""""";SIPEL;JOSE / GABRIEL;;;;JANEIRO;2026.0;;NÃO;;;SENHOR DO BONFIM;57.0;;;;;;;;;;;;;;;;;;;
LPT ;B-1199287;ER-CIND-POV-CURRAL VELHO-RUR-MONTE SANTO;MONTE SANTO;18/11/2025;14/01/2025;;1,0;;LUCAS GABRIEL;;;;;;;;;;;R$ 1.304,32;R$1.304,32;R$ 5.681,17;"""Sem """"AS BUILT""""""";SIPEL;JOSE SILVA / GABRIEL;;;;JANEIRO;2026.0;;NÃO;;;SENHOR DO BONFIM;-308.0;;;;;;;;;;;;;;;;;;;
UTEP;B-1228308;ER-CERB-FAZ-NOVA-RURAL;ITIÚBA;19/11/2025;;;1,0;;""" SEM AS BUILT """;;;;;;;;;;;R$ 1.304,32;R$1.304,32;R$ 29.167,67;"""Sem """"AS BUILT""""""";SIPEL;GABRIEL / MARCELO;;;;JANEIRO;2026.0;;NÃO;;;SENHOR DO BONFIM;57.0;;;;;;;;;;;;;;;;;;;
LPT ;B-1176297;ER-CIND-POV-JUNCO DO FERRE-RURAL;MONTE SANTO;19/11/2025;14/01/2026;;2,0;;GUILHERME BONF;;;SOLICITADO;;;;Criaçao;;;;R$ 2.608,64;R$2.608,64;R$ 25.276,25;;SIPEL;JOSE SILVA/GABRIEL;;;;JANEIRO;2026.0;;NÃO;;;SENHOR DO BONFIM;56.0;15/01/2026;;;;;;;;;;;;;;;;;;
LPT ;B-1197186;ER-CIND-FAZ-ANGICO-BARRINHA;JAGUARARI;22/11/2025;;;9,0;;""" SEM AS BUILT """;;;;;;;;;;;R$ 11.738,88;R$11.738,88;R$ 86.207,79;"""Sem """"AS BUILT""""""";SIPEL;JOÃO / LUIS;;;;JANEIRO;2026.0;;NÃO;;;SENHOR DO BONFIM;54.0;;;;;;;;;;;;;;;;;;;
UTEP;B-1190461;UB-CIND-RUA-JUAZEIRO-CENTRO;JAGUARARI;24/11/2025;;;3,0;;""" SEM AS BUILT """;;;;;;;;;;;R$ 3.912,96;R$3.912,96;R$ 19.047,89;"""Sem """"AS BUILT""""""";SIPEL;JOÃO / LUIS;;;;JANEIRO;2026.0;;NÃO;;;SENHOR DO BONFIM;52.0;;;;;;;;;;;;;;;;;;;
UTEP;B-1199167;ER-CIND-FAZ-CANAVIEIRAS 2-RURAL;CAMPO FORMOSO;25/11/2025;14/01/2025;;2,0;;DIRECIONAR;;;;;;;;;;;R$ 2.608,64;R$2.608,64;R$ 11.280,94;"""Sem """"AS BUILT""""""";SIPEL;ISRAEL / JOÃO;;;;JANEIRO;2026.0;;NÃO;;;SENHOR DO BONFIM;-315.0;;;;;;;;;;;;;;;;;;;
UTEP;B-1216748;ER-CIND-POV-MORRINHOS-RURAL;CAMPO FORMOSO;25/11/2025;;;9,0;;""" SEM AS BUILT """;;;;;;;;;;;R$ 11.738,88;R$11.738,88;R$ 74.118,23;"""Sem """"AS BUILT""""""";SIPEL;JOÃO / EDVALDO;;;;JANEIRO;2026.0;;NÃO;;;SENHOR DO BONFIM;51.0;;;;;;;;;;;;;;;;;;;
UTEP;B-1216558;ER-CIND-FAZ-ANGICO-BARRINHA;JAGUARARI;25/11/2025;;;3,0;;""" SEM AS BUILT """;;;;;;;;;;;R$ 3.912,96;R$3.912,96;R$ 19.365,36;"""Sem """"AS BUILT""""""";SIPEL;JOÃO / LUIS;;;;JANEIRO;2026.0;;NÃO;;;SENHOR DO BONFIM;51.0;;;;;;;;;;;;;;;;;;;
UTEP;B-1185448;ER-CIND-POV-TIQUARA -RURAL;CAMPO FORMOSO;26/11/2025;10/01/2026;;0,0;;GUILHERME BONF;;;;;;;;;;;R$ 0,00;R$0,00;R$ 21.221,45;Fechamento não iniciado;SIPEL;JOÃO / EDVALDO;;;;JANEIRO;2026.0;;NÃO;;;SENHOR DO BONFIM;45.0;;;;;;;;;;;;;;;;;;;
UTEP;B-1215317;ER-CIND-POV-RIACHAO-RIACHAO;CAMPO FORMOSO;26/11/2025;10/01/2026;;3,0;;LUCAS GABRIEL;;;;;;;;;;;R$ 3.912,96;R$3.912,96;R$ 36.113,79;Fechamento não iniciado;SIPEL;JOÃO / EDVALDO;;;;JANEIRO;2026.0;;NÃO;;;SENHOR DO BONFIM;45.0;;;;;;;;;;;;;;;;;;;
LPT ;B-1144666;ER-CIND-FAZ-CALDEIRAOZINHO-RURAL;MONTE SANTO;26/11/2025;;;4,0;;""" SEM AS BUILT """;;;;;;;;;;;R$ 5.217,28;R$5.217,28;R$ 46.058,74;"""Sem """"AS BUILT""""""";SIPEL;GABRIEL \ JOSE;;;;JANEIRO;2026.0;;NÃO;;;SENHOR DO BONFIM;50.0;;;;;OBRA SIMPL - APROVADO ;ENVIADO;;;;;;;;;;;;;
UTEP;B-1210023;ER-CIND-FAZ- POCO DANTAS 856-PEDRA VERME;MONTE SANTO;27/11/2025;;;1,0;;""" SEM AS BUILT """;;;;;;;;;;;R$ 1.304,32;R$1.304,32;R$ 14.287,18;"""Sem """"AS BUILT""""""";SIPEL;GABRIEL\ JOSE;;;;JANEIRO;2026.0;;NÃO;;;SENHOR DO BONFIM;49.0;;;;;;;;;;;;;;;;;;;
UTEP;B-1217245;ER-CIND-POV-S O MIGUEL-RURAL;JAGUARARI;29/11/2025;;;0,0;;""" SEM AS BUILT """;;;;;;;;;;;R$ 0,00;R$0,00;R$ 12.944,06;"""Sem """"AS BUILT""""""";SIPEL;JOÃO / LUIS;;;;JANEIRO;2026.0;;NÃO;;;SENHOR DO BONFIM;47.0;;;;;;;;;;;;;;;;;;;
UTEP;B-1167467;LD CIND ET ADUTORA MINA CARAIBA RURAL;JAGUARARI;29/11/2025;;;3,0;;""" SEM AS BUILT """;;;;;;;;;;;R$ 3.912,96;R$3.912,96;R$ 43.267,50;"""Sem """"AS BUILT""""""";SIPEL;JOÃO / LUIS;;;;JANEIRO;2026.0;;NÃO;;;SENHOR DO BONFIM;47.0;;;;;OBRA SIMPLIFICADA;ENVIADO;;;;;;;;;;;;;
UTEP;B-1183329;ER-CIND-ET-ADUTORA MINA-RURAL-NUCLEO PIL;JAGUARARI;29/11/2025;;;6,0;;""" SEM AS BUILT """;;;;;;;;;;;R$ 7.825,92;R$7.825,92;R$ 57.675,15;"""Sem """"AS BUILT""""""";SIPEL;WAGNER / JOÃO;;;;JANEIRO;2026.0;;NÃO;;;SENHOR DO BONFIM;47.0;;;;;;;;;;;;;;;;;;;
UTEP;B-1214079;IT-GRUA-POV-CAATINGUINHA 4545-RURAL;SENHOR DO BONFIM;29/11/2025;14/01/2025;;14,0;;ANDERSON;;;;;;;;;;;R$ 18.260,48;R$18.260,48;R$ 116.306,28;"""Sem """"AS BUILT""""""";SIPEL;JOILSON / JOÃO;;;;JANEIRO;2026.0;;NÃO;;;SENHOR DO BONFIM;-319.0;;;;;;;;;;;;;;;;;;;
UTEP;B-1194404;AC-CIND-POV-VARZEA COMPRIDA-RURAL;ITIUBA;30/11/2025;;;0,0;;""" SEM AS BUILT """;;;;;;;;;;;R$ 0,00;R$0,00;R$ 33.946,55;"""Sem """"AS BUILT""""""";SIPEL;GABRIEL / MARCELO;;;;JANEIRO;2026.0;;NÃO;;;SENHOR DO BONFIM;46.0;;;;;;;;;;;;;;;;;;;
UTEP;B-1166593;ER-CIND-POV-RURAL-COBRA;FILADÉLFIA;12/12/2025;15/01/2026;;0,0;;DIRECIONAR;;;;;;;;;;;R$ 0,00;R$0,00;R$ 11.310,25;"""Sem """"AS BUILT""""""";SIPEL;GESONI / JOÃO;;;;JANEIRO;2026.0;;NÃO;;;SENHOR DO BONFIM;34.0;;;;;OBRA SIMPL - APROVADO ;ENVIADO;;;;;;;;;;;;;
UTEP;B-1178079;ER-CIND-FAZ-PEDRINHAS-ROMULO CAMPOS;ITIUBA;17/12/2025;;;3,0;;""" SEM AS BUILT """;;;;;;;;;;;R$ 3.912,96;R$3.912,96;R$ 21.466,74;"""Sem """"AS BUILT""""""";SIPEL;GABRIEL / ANAILTON;;;;JANEIRO;2026.0;;NÃO;;;SENHOR DO BONFIM;29.0;;;;;;;;;;;;;;;;;;;
UTEP;B-1151521;ER-CIND-FAZ-SAO JOSE-RURAL;NORDESTINA;19/12/2025;15/01/2026;;2,0;;DIRECIONAR;;;;;;;;;;;R$ 2.608,64;R$2.608,64;R$ 15.406,24;"""Sem """"AS BUILT""""""";SIPEL;GABRIEL / ANAILTON;;;;JANEIRO;2026.0;;NÃO;;;SENHOR DO BONFIM;27.0;;;;;OBRA SIMPLIFICADA;ENVIADO;;;;;;;;;;;;;
UTEP;B-1148641;ER-CIND-POV-LAGOA DA PEDRA-RURAL;CAMPO FORMOSO;19/12/2025;15/01/2026;;1,0;;DIRECIONAR;;;;;;;;;;;R$ 1.304,32;R$1.304,32;R$ 10.952,32;"""Sem """"AS BUILT""""""";SIPEL;JOÃO / EDVALDO;;;;JANEIRO;2026.0;;NÃO;;;SENHOR DO BONFIM;27.0;;;;;OBRA SIMPLIFICADA;ENVIADO;;;;;;;;;;;;;
UTEP;B-1215380;AC-CIND-RUA-BEM TE VI 1022-URBANA;JAGUARARI;20/12/2025;15/01/2026;;1,0;;DIRECIONAR;;;;;;;;;;;R$ 1.304,32;R$1.304,32;R$ 38.362,36;"""Sem """"AS BUILT""""""";SIPEL;WAGNER / JOÃO;;;;JANEIRO;2026.0;;NÃO;;;SENHOR DO BONFIM;26.0;;;;;;;;;;;;;;;;;;;
LPT ;B-1151578;ER-CIND-POV-TIQUARA 1542-RURAL;CAMPO FORMOSO;22/12/2025;15/01/2026;;1,0;;DIRECIONAR;;;;;;;;;;;R$ 1.304,32;R$1.304,32;R$ 11.814,51;"""Sem """"AS BUILT""""""";SIPEL;JOÃO / EDVALDO;;;;JANEIRO;2026.0;;NÃO;;;SENHOR DO BONFIM;24.0;;;;;OBRA SIMPLIFICADA;ENVIADO;;;;;;;;;;;;;
UTEP;B-1176761;UB-CIND-TRV-CLERISTON ANDRADE-URBANA;FILADELFIA;23/12/2025;15/01/2026;;2,0;;DIRECIONAR;;;;;;;;;;;R$ 2.608,64;R$2.608,64;R$ 22.776,25;"""Sem """"AS BUILT""""""";SIPEL;GESONI / JOÃO;;;;JANEIRO;2026.0;;NÃO;;;SENHOR DO BONFIM;23.0;;;;;;;;;;;;;;;;;;;
UTEP;B-1134543;RI-SEIN-FAZ-BOM SUCESSO-RURAL;ITIUBA;23/12/2025;15/01/2026;;8,0;;DIRECIONAR;;;;;;;;;;;R$ 10.434,56;R$10.434,56;R$ 81.541,50;"""Sem """"AS BUILT""""""";SIPEL;GESONI / JOÃO;;;;JANEIRO;2026.0;;NÃO;;;SENHOR DO BONFIM;23.0;;;;;;;;;;;;;;;;;;;
UTEP;B-1059739;RI-SEIN-RUA-CACHOEIRINHA-CACHOEIRINHA;SENHOR DO BONFIM;24/12/2025;10/01/2026;;27,0;;ANDERSON;;;;;;;;;;;R$ 35.216,64;R$35.216,64;R$ 164.983,91;Fechamento não iniciado;SIPEL;REGINALDO / JOÃO;;;;JANEIRO;2026.0;;NÃO;;;SENHOR DO BONFIM;17.0;;;;;;;;;;;;;;;;;;;
UTEP;B-1145984;ER-CIND-POV-ALAGADICO DO PUAN-RURAL;ITIUBA;24/12/2025;15/01/2026;;9,0;;DIRECIONAR;;;;;;;;;;;R$ 11.738,88;R$11.738,88;R$ 55.708,13;"""Sem """"AS BUILT""""""";SIPEL;GESONI / JOÃO;;;;JANEIRO;2026.0;;NÃO;;;SENHOR DO BONFIM;22.0;;;;;;;;;;;;;;;;;;;
UTEP;B-1140804;ER-CIND-FAZ-PILOES-RURAL;CAMPO FORMOSO;24/12/2025;;;12,0;;""" SEM AS BUILT """;;;;;;;;;;;R$ 15.651,84;R$15.651,84;R$ 93.362,81;"""Sem """"AS BUILT""""""";SIPEL;JOÃO / EDVALDO;;;;JANEIRO;2026.0;;NÃO;;;SENHOR DO BONFIM;22.0;;;;;;;;;;;;;;;;;;;
UTEP;B-1149647;ER-CIND-POV-PENEDO 5123-RURAL;MONTE SANTO;25/12/2025;;;2,0;;LARISSA;;;SOLICITADO;;;;;;;;R$ 2.608,64;R$2.608,64;R$ 25.689,81;Em fechamento;SIPEL;GABRIEL \ OSMAR;;;;JANEIRO;2026.0;;NÃO;;;SENHOR DO BONFIM;21.0;15/01/2025;;;em fechamento;OBRA SIMPLIFICADA;ENVIADO;;;;;;;;;;;;;
UTEP;B-1161151;ER-CIND-FAZ-LAGEDO-RURAL;MONTE SANTO;25/12/2025;15/01/2026;;3,0;;DIRECIONAR;;;;;;;;;;;R$ 3.912,96;R$3.912,96;R$ 37.005,89;"""Sem """"AS BUILT""""""";SIPEL;GABRIEL \ OSMAR;;;;JANEIRO;2026.0;;NÃO;;;SENHOR DO BONFIM;21.0;;;;;OBRA SIMPLIFICADA;ENVIADO;;;;;;;;;;;;;
LPT;B-1134327;LD CIND FAZ SÃO JOÃO RURAL;CANSANÇÃO;29/10/2025;03/11/2025;;58,0;;AGEU;;;CONCILIADO;;;;Almoxarifado;;;;R$ 75.650,56;R$75.650,56;R$ 756.608,39;Movimentaçao;SIPEL;JEFFERSON/GABRIEL;;;;JANEIRO;2026.0;;NÃO;;;SENHOR DO BONFIM;5.0;;;;DRIVE;;;;;;;;;;;;;;;
LPT ;B-0877780;MP-CCOL-FAZ RAIO DO SOL-RURAL;QUEIMADAS;24/10/2025;03/11/2025;;49,0;;AGEU;;;CONCILIADO;;;;Almoxarifado;;;;R$ 63.911,68;R$63.911,68;R$ 387.743,25;Em fechamento;SIPEL;MARCELO/GABRIEL;;;;JANEIRO;2026.0;;NÃO;;;SENHOR DO BONFIM;10.0;;;;DRIVE ;;;;;;;;;;;;;;;
UTEP;B-1181856;ER-SEIN-RUA-SERRINHA-CENTRO-NUCLEO PILAR;JAGUARARI;14/11/2025;17/11/2025;;30,0;;AGEU;;;CONCILIADO;;;;Almoxarifado;;;;R$ 39.129,60;R$39.129,60;R$ 292.335,35;Em fechamento;SIPEL;ALDAIR/JOAO;;;;JANEIRO;2026.0;;NÃO;;;SENHOR DO BONFIM;3.0;;;;;;;;;;;;;;;;;;;
LPT / UTEP;B-1066471;MP-CCOL RUA DO CAMPO RURAL;NORDESTINA;26/09/2025;09/10/2025;;21,0;;AGEU;;;;;;;;;;;R$ 27.390,72;R$27.390,72;R$ 241.890,75;Em fechamento;SIPEL;ANAILTON/DICSON;;;;JANEIRO;2026.0;;NÃO;;;SENHOR DO BONFIM;13.0;;;;;;;;;;;;;;;;;;;
LPT ;B-1210106;ER-CIND-POV-CAMPO ALEGRE-CAMPO ALEGRE;CAMPO FORMOSO;20/11/2025;;;2,0;;""" SEM AS BUILT """;;;;;;;;;;;R$ 2.608,64;R$2.608,64;R$ 11.399,83;"""Sem """"AS BUILT""""""";SIPEL;JOÃO / EDVALDO;;;;JANEIRO;2026.0;;NÃO;;;SENHOR DO BONFIM;56.0;;;;;;;;;;;;;;;;;;;
UTEP;B-1181949;RC-SEIN-FAZ-QUIQUIM-RURAL-PEDRA VERMELHA;MONTE SANTO;30/08/2025;16/10/2025;;13,0;;AGEU;;;CONCILIADO;;;;Almoxarifado;;;;R$ 16.956,16;R$16.956,16;R$ 199.612,52;Em fechamento;SIPEL;JOSE/OSMAR/DICSON;;;;JANEIRO;2026.0;;NÃO;;;SENHOR DO BONFIM;47.0;;;;;;;;;;;;;;;;;;;
UTEP;B-1165914;EQ-COEL-RUA-MARCOS DE JESUS-ALTO DAS POP;NORDESTINA;01/10/2025;23/10/2025;;3,0;;AGEU;;;EM DESENHO;;;;Almoxarifado;;;;R$ 3.912,96;R$3.912,96;R$ 114.607,64;Em fechamento;SIPEL;JEFFERSON/DICSON;;;;JANEIRO;2026.0;;NÃO;;;SENHOR DO BONFIM;22.0;;;;;OBRA SIMPL - APROVADO ;ENVIADO;;;;;;;;;;;;;
UTEP;B-1152856;AC-CIND-POV-ANGIGAL-RURAL;NORDESTINA;01/10/2025;03/10/2025;;4,0;;AGEU;;;CONCILIADO;;;;Almoxarifado;;;;R$ 5.217,28;R$5.217,28;R$ 500.760,90;Em fechamento;SIPEL;ALDAIR/DICSON;;;;JANEIRO;2026.0;;NÃO;;;SENHOR DO BONFIM;2.0;;;;;OBRA SIMPL - APROVADO ;ENVIADO;;;;;;;;;;;;;
UTEP;B-1219928;RC-COEL-FAZ-CAMPO NOVO-RURAL;CANSANÇÃO;23/09/2025;26/09/2025;;0,0;;AGEU ;;;EM DESENHO;;;;Almoxarifado;;;;R$ 0,00;R$0,00;R$ 21.178,95;Em fechamento;SIPEL;WAGNER/RAEL/GESONI;;;;JANEIRO;2026.0;;NÃO;;;SENHOR DO BONFIM;3.0;;;;DEPENDE DO PROJETO REJ B-1203209;;;;;;;;;;;;;;;
LPT ;B-0670141;MP-CIND-FAZ. ATANAZIO-RURAL;MONTE SANTO;25/10/2025;04/11/2025;;22,0;;ANDERSON;;;SOLICITADO;;;;Criaçao;;;;R$ 28.695,04;R$28.695,04;R$ 9.671,67;Em fechamento;SIPEL;OSMAR / GABRIEL;;;;JANEIRO;2026.0;;NÃO;;;SENHOR DO BONFIM;10.0;;;;em fechamento;;;;;;;;;;;;;;;
UTEP;B-1208718;RR-CIND-RUA-DO CONTORNO 15-CENTRO;ANTONIO GONÇALVES;31/10/2025;05/11/2025;;22,0;;ANDERSON;;;EM DESENHO;;;;Almoxarifado;;;;R$ 28.695,04;R$28.695,04;R$ 133.687,73;Em fechamento;SIPEL;EDVALD/JOAO;;;;JANEIRO;2026.0;;NÃO;;;SENHOR DO BONFIM;5.0;;;;Falta cadastro GSE;;;;;;;;;;;;;;;
LPT ;B-1199681;ER-CIND-POV-BARRA-BARRA;ANTÔNIO GONÇALVES;23/10/2025;05/11/2025;;6,0;;ANDERSON;;;EM DESENHO;;;;Almoxarifado;;;;R$ 7.825,92;R$7.825,92;R$ 42.116,14;Em fechamento;SIPEL;EDVALDO/JOAO;;;;JANEIRO;2026.0;;NÃO;;;SENHOR DO BONFIM;13.0;;;;Limpeza de Versão;;;;;;;;;;;;;;;
UTEP;B-1159772;ER-CIND-POV-SALGADO-SALGADO;ANDORINHAS;19/12/2025;10/01/2026;;2,0;;ANDERSON;;;;;;;;;;;R$ 2.608,64;R$2.608,64;R$ 26.576,06;Fechamento não iniciado;SIPEL;GABRIEL / ALDAIR;;;;JANEIRO;2026.0;;NÃO;;;SENHOR DO BONFIM;22.0;;;;;OBRA SIMPLIFICADA;ENVIADO;;;;;;;;;;;;;
LPT;B-1161840;ER-CCOL-POV-MUNDO NOVO 819-MUNDO NOVO;MONTE SANTO;21/08/2025;22/09/2025;;3,0;;ANDERSON;;;EM DESENHO;;;;Criaçao;;;;R$ 3.912,96;R$3.912,96;R$ 19.291,77;Em fechamento, Correção cadastral;SIPEL;OSMAR/DICSON;;;;JANEIRO;2026.0;;NÃO;;;SENHOR DO BONFIM;32.0;;;;NTE - evidencias de cia duplicado - solicitar criação de novo cia;OBRA SIMPL - APROVADO ;ENVIADO;;;;;;;;;;;;;
UTEP;B-0979900;IT-CIND-SI-GENIO-CARAIBAS;CAMPO FORMOSO;28/03/2024;11/06/2025;;1,0;;ANDERSON;;;CORREÇÃO CADASTRAL;;;;Almoxarifado;;;;R$ 1.304,32;R$1.304,32;R$ 241.758,80;Em fechamento;SIPEL;CARLOS AUGUSTO/ALBERTO;;;;JANEIRO;2026.0;;NÃO;;;SENHOR DO BONFIM;440.0;;;;A sipel só implantou 1 poste e interligou a obra já pronta e realizada pela BeQ;;;;;;;;;;;;;;;
UTEP;B-1202710;ER-CIND-POV-RIACHO DA ONCA-RURAL;MONTE SANTO;17/09/2025;22/09/2025;;1,0;;ANDERSON;;;SOLICITADO;;;;;;;;R$ 1.304,32;R$1.304,32;R$ 17.796,43;Em fechamento, Correção cadastral;SIPEL;OSMAR/DICSON;;;;JANEIRO;2026.0;;NÃO;;;SENHOR DO BONFIM;5.0;;;;falta conciliar;;;;;;;;;;;;;;;
LPT ;B-1134149;LD CIND POV SÃO JOÃO DOS CAMPOS RURAL;MONTE SANTO;22/11/2025;11/12/2025;;44,0;;ANDERSON;;;;;;;;;;;R$ 57.390,08;R$57.390,08;R$ 509.868,87;Em fechamento;SIPEL;GABRIEL \ OSMAR \ JOSE;;;;JANEIRO;2026.0;;NÃO;;;SENHOR DO BONFIM;19.0;;;;Fechamento não iniciado;;;;;;;;;;;;;;;
UTEP;B-1168652;ER-CIND-FAZ-TRINDADE-RURAL;GABRIEL / MARCELO;09/12/2025;09/12/2025;;14,0;;ANDERSON;;;EM DESENHO;;;;Almoxarifado;;;;R$ 18.260,48;R$18.260,48;R$ 131.108,26;Em fechamento;SIPEL;NORDESTINA;;;;JANEIRO;2026.0;;NÃO;;;SENHOR DO BONFIM;0.0;;;;trafo divergente ente GSE e CJI3;;;;;;;;;;;;;;;
UTEP;B-1186811;ER-CIND-ROD-LOMANTO JUNIOR-RURAL;JAGUARARI;29/11/2025;11/12/2025;;12,0;;ANDERSON;;;;;;;;;;;R$ 15.651,84;R$15.651,84;R$ 91.528,91;Em fechamento;SIPEL;WAGNER / JOÃO;;;;JANEIRO;2026.0;;NÃO;;;SENHOR DO BONFIM;12.0;;;;Fechamento não iniciado;;;;;;;;;;;;;;;
LPT /  UTEP;B-1194379;ER-CIND-FAZ-GATO-RURAL;ITIÚBA;28/11/2025;28/11/2025;;11,0;;ANDERSON;;;Solic. p/ Retroagir;;;;Almoxarifado;;;;R$ 14.347,52;R$14.347,52;R$ 99.025,36;Em fechamento;SIPEL;GESONI / JOÃO;;;;JANEIRO;2026.0;;NÃO;;;SENHOR DO BONFIM;0.0;;;;Ajustar materiais;;;;;;;;;;;;;;;
UTEP;B-1174377;ER-CIND-POV-ASSENT OURICURI TORTO-RURAL;ITIÚBA;28/11/2025;02/12/2025;;10,0;;ANDERSON;;;CONCILIADO;;;;Almoxarifado;;;;R$ 13.043,20;R$13.043,20;R$ 136.387,58;Em fechamento;SIPEL;GESONI / JOÃO;;;;JANEIRO;2026.0;;NÃO;;;SENHOR DO BONFIM;4.0;;;;Aguardando conciliar;;;;;;;;;;;;;;;
UTEP;B-0744119;MP-CIND-POV TOCA DA NOVILHA-RURAL;CAMPO FORMOSO;28/11/2025;22/12/2025;;13,0;;ANDERSON;;;;;;;;;;;R$ 16.956,16;R$16.956,16;R$ 71.171,71;Em fechamento;SIPEL;ISRAEL / JOÃO;;;;JANEIRO;2026.0;;NÃO;;;SENHOR DO BONFIM;24.0;;;;Fechamento não iniciado;;;;;;;;;;;;;;;
UTEP;B-1206177;ER-CIND-POV-ROCADO-ROCADO;ANDORINHAS;18/12/2025;22/12/2025;;8,0;;ANDERSON;;;;;;;;;;;R$ 10.434,56;R$10.434,56;R$ 27.643,34;Em fechamento;SIPEL;GABRIEL / ALDAIR;;;;JANEIRO;2026.0;;NÃO;;;SENHOR DO BONFIM;4.0;;;;Fechamento não iniciado;;;;;;;;;;;;;;;
LPT ;B-1207817;ER-CIND-FAZ-TANQUINHO 66-TIJUACU;SENHOR DO BONFIM;22/10/2025;19/12/2025;;6,0;;ANDERSON;;;EM DESENHO;;;;;;;;R$ 7.825,92;R$7.825,92;R$ 27.493,60;Em fechamento;SIPEL;REGINALDO / JOÃO;;;;JANEIRO;2026.0;;NÃO;;;SENHOR DO BONFIM;58.0;;;;em fechamento;;;;;;;;;;;;;;;
LPT ;B-1203366;ER-CIND-FAZ-CACIMBAS-RURAL - ALTO ALEGRE;MONTE SANTO;08/12/2025;17/12/2025;;5,0;;ANDERSON;;;EM DESENHO;;;;;;;;R$ 6.521,60;R$6.521,60;R$ 28.059,56;Em fechamento;SIPEL;GABRIEL / JEFFERSON;;;;JANEIRO;2026.0;;NÃO;;;SENHOR DO BONFIM;9.0;;;;em fechamento;;;;;;;;;;;;;;;
LPT ;B-1211939;ER-CIND-POV-SITIO DE NANINHA-RURAL;MONTE SANTO;24/12/2025;27/12/2025;;8,0;;LARISSA;;;PENDENCIA;;;;;;;;R$ 10.434,56;R$10.434,56;R$ 51.452,92;Em fechamento;SIPEL;GABRIEL / JEFFERSON;;;;JANEIRO;2026.0;;NÃO;;;SENHOR DO BONFIM;3.0;;;;em fechamento;;;;;;;;;;;;;;;
UTEP;B-1174392;ER-CIND-FAZ-RAPOSA-QUICE;SENHOR DO BONFIM;17/11/2025;26/12/2025;;8,0;;ANDERSON;;;EM DESENHO;;;;;;;;R$ 10.434,56;R$10.434,56;R$ 55.522,36;Fechamento não iniciado;SIPEL;JOILSON / JOÃO;;;;JANEIRO;2026.0;;NÃO;;;SENHOR DO BONFIM;39.0;;;;em fechamento;;;;;;;;;;;;;;;
UTEP;B-1162903;AC-CIND-ET-ADUTORA M CARAIBA-RURAL;JAGUARARI;16/12/2025;26/12/2025;;2,0;;ANDERSON;;;;;;;;;;;R$ 2.608,64;R$2.608,64;R$ 69.738,95;Fechamento não iniciado;SIPEL;REGINALDO / JOÃO;;;;JANEIRO;2026.0;;NÃO;;;SENHOR DO BONFIM;10.0;;;;;;;;;;;;;;;;;;;
LPT ;B-1172209;ER-CIND-POV-LAGOA DA ROCA-RURAL;CAMPO FORMOSO;27/11/2025;23/12/2025;;3,0;;LARISSA;;;SOLICITADO;;;;Criaçao;;R$ 3.960,68;;R$ 3.912,96;R$3.912,96;R$ 40.691,07;Em fechamento;SIPEL;JOÃO / EDVALDO;;;;JANEIRO;2026.0;;NÃO;;;SENHOR DO BONFIM;26.0;15/01/2025;;;reservas e GSE;OBRA SIMPL - APROVADO ;ENVIADO;;;;;;;;;;;;;
UTEP;B-1166295;ER-CIND-FAZ-BOA ESPERANCA-AROEIRA;CANSANÇÃO;12/12/2025;19/12/2025;;2,0;;LUCAS GABRIEL;;;;;;;;;;;R$ 2.608,64;R$2.608,64;R$ 23.319,62;Fechamento não iniciado;SIPEL;GABRIEL / ANAILTON;;;;JANEIRO;2026.0;;NÃO;;;SENHOR DO BONFIM;7.0;;;;;OBRA SIMPL - APROVADO ;ENVIADO;;;;;;;;;;;;;
UTEP;B-1013700;AC-CIND-POV-S O PEDRO-RURAL;NORDESTINA;18/12/2025;26/12/2025;;4,0;;ANDERSON;;;;;;;;;;;R$ 5.217,28;R$5.217,28;R$ 62.841,24;Fechamento não iniciado;SIPEL;GABRIEL / MARCELO;;;;JANEIRO;2026.0;;NÃO;;;SENHOR DO BONFIM;8.0;;;;Fechamento não iniciado;OBRA SIMPLIFICADA;ENVIADO;;;;;;;;;;;;;
UTEP;B-1178264;UB-CIND-RUA-SALVADOR-NOVO PILAR;JAGUARARI;19/12/2025;22/12/2025;;4,0;;DIRECIONAR;;;;;;;;;;;R$ 5.217,28;R$5.217,28;R$ 12.937,33;Fechamento não iniciado;SIPEL;WAGNER / JOÃO;;;;JANEIRO;2026.0;;NÃO;;;SENHOR DO BONFIM;3.0;;;;ARQUIVO DWG;;;;;;;;;;;;;;;
UTEP;B-1217380;UB-CIND-AV-DEP LUIZ EDU MAGALHAES-CENTRO;NORDESTINA;20/12/2025;26/12/2025;;5,0;;ANDERSON;;;EM DESENHO;;;;;;;;R$ 6.521,60;R$6.521,60;R$ 31.721,20;Fechamento não iniciado;SIPEL;GABRIEL / MARCELO;;;;JANEIRO;2026.0;;NÃO;;;SENHOR DO BONFIM;6.0;;;;em fechamento;;;;;;;;;;;;;;;
UTEP;B-1145468;UB-CIND-RUA-URBANA-CENTRO;NORDESTINA;20/12/2025;26/12/2025;;4,0;;ANDERSON;;;;;;;;;;;R$ 5.217,28;R$5.217,28;R$ 25.858,13;Fechamento não iniciado;SIPEL;GABRIEL / MARCELO;;;;JANEIRO;2026.0;;NÃO;;;SENHOR DO BONFIM;6.0;;;;Fechamento não iniciado;OBRA SIMPLIFICADA;ENVIADO;;;;;;;;;;;;;
UTEP;B-1187064;ER-CIND-POV-PEDRA BRNACA-RURAL;MONTE SANTO;19/12/2025;;;10,0;;""" SEM AS BUILT """;;;;;;;;;;;R$ 13.043,20;R$13.043,20;R$ 88.945,42;Fechamento não iniciado;SIPEL;GABRIEL \ OSMAR;;;;JANEIRO;2026.0;;NÃO;;;SENHOR DO BONFIM;27.0;;;;;;;;;;;;;;;;;;;
UTEP;B-1221342;UB-CIND-RUA-NICANOR AMMBAHY-CENTRO;NORDESTINA;31/10/2025;17/12/2025;;4,0;;LUCAS GABRIEL;;;SOLICITADO;;;;;;;;R$ 5.217,28;R$5.217,28;R$ 24.975,33;Fechamento não iniciado;SIPEL;JEFFERSON/GABRIEL;;;;JANEIRO;2026.0;;NÃO;;;SENHOR DO BONFIM;47.0;;;;;;;;;;;;;;;;;;;
UTEP;B-1193954;AC-CIND-VI LIMOES 2-CENTRO;SENHOR DO BONFIM;25/10/2025;19/12/2025;;2,0;;LARISSA;;;SOLICITADO;;Solicitado;;Criaçao;;R$ 3.960,68;;R$ 6.251,98;R$2.608,64;R$ 37.400,82;Em fechamento, Falta Conciliar;COELBA;REGINALDO / JOÃO;;;;JANEIRO;2026.0;;NÃO;;;SENHOR DO BONFIM;55.0;15/01/2025;12/10/2025;10/01/2025;reservas e GSE;;;;;;;;;;;;;;;
UTEP;B-1168472;ER-CIND-FAZ-BOA ESPERANCA-AROEIRA;CANSANÇÃO;06/12/2025;19/12/2025;;1,0;;GUILHERME BONF;;;SOLICITADO;;;;Criaçao;;;;R$ 1.304,32;R$1.304,32;R$ 8.953,72;Em fechamento;SIPEL;GABRIEL \ ANAILTON;;;;JANEIRO;2026.0;;NÃO;;;SENHOR DO BONFIM;13.0;15/01/2026;;;;OBRA SIMPL - APROVADO ;ENVIADO;;;;;;;;;;;;;
UTEP;B-1162133;ER-CIND-POV-DO CEDRO 89-CEDRO;CANSANÇÃO;08/12/2025;19/12/2025;;2,0;;GUILHERME BONF;;;;;;;;;;;R$ 2.608,64;R$2.608,64;R$ 17.547,80;Fechamento não iniciado;SIPEL;GABRIEL \ ANAILTON;;;;JANEIRO;2026.0;;NÃO;;;SENHOR DO BONFIM;11.0;;;;;OBRA SIMPL - APROVADO ;ENVIADO;;;;;;;;;;;;;
LPT ;B-1163011;ER-CIND-POV-JATOBA-RURAL;CANSANÇÃO;09/12/2025;19/12/2025;;2,0;;LUCAS GABRIEL;;;;;;;;;;;R$ 2.608,64;R$2.608,64;R$ 17.185,92;Fechamento não iniciado;SIPEL;GABRIEL / ANAILTON;;;;JANEIRO;2026.0;;NÃO;;;SENHOR DO BONFIM;10.0;;;;;OBRA SIMPL - APROVADO ;ENVIADO;;;;;;;;;;;;;
LPT ;B-1212217;ER-CIND-POV-CONTENDAS-RURAL;MONTE SANTO;09/12/2025;17/12/2025;;2,0;;LUCAS GABRIEL;;;;;;;;;;;R$ 2.608,64;R$2.608,64;R$ 11.562,19;Fechamento não iniciado;SIPEL;GABRIEL / JEFFERSON;;;;JANEIRO;2026.0;;NÃO;;;SENHOR DO BONFIM;8.0;;;;Fechamento não iniciado;;;;;;;;;;;;;;;
UTEP;B-1209496;ER-CIND-FAZ-LAGOA DO SERTAO-RURAL;CANSANÇÃO;11/12/2025;19/12/2025;;1,0;;LUCAS GABRIEL;;;;;;;;;;;R$ 1.304,32;R$1.304,32;R$ 7.675,74;Fechamento não iniciado;SIPEL;GABRIEL / ANAILTON;;;;JANEIRO;2026.0;;NÃO;;;SENHOR DO BONFIM;8.0;;;;;;;;;;;;;;;;;;;
LPT / UTEP;B-1209622;ER-CIND-POV-C RI CA DE CIMA-RURAL;SENHOR DO BONFIM;17/12/2025;19/12/2025;;1,0;;LARISSA;;;SOLICITADO;;Solicitado;;Criaçao;;R$ 1.518,70;;R$ 2.498,45;R$1.304,32;R$ 7.958,85;Em fechamento;SIPEL;JAIRO / JOÃO;;;REJEITADA ;JANEIRO;2026.0;;NÃO;;;SENHOR DO BONFIM;2.0;14/01/2026;12/01/2026;10/01/2026;reservas e GSE;;;;;;;;;;;;;;;
UTEP;B-1217358;ER-CIND-POV-TRES MORROS-RURAL;SENHOR DO BONFIM;16/12/2025;19/12/2025;;4,0;;LUCAS GABRIEL;;;SOLICITADO;;;;;;;;R$ 5.217,28;R$5.217,28;R$ 20.634,07;Fechamento não iniciado;SIPEL;REGINALDO / JOÃO;;;;JANEIRO;2026.0;;NÃO;;;SENHOR DO BONFIM;3.0;;;;Fechamento não iniciado;;;;;;;;;;;;;;;
LPT;B-1200552;ER-CIND-FAZ-LAGOA DA VOLTA-LAGE;MONTE SANTO;17/12/2025;17/12/2025;;2,0;;LUCAS GABRIEL;;;SOLICITADO;;;;;;;;R$ 2.608,64;R$2.608,64;R$ 16.052,32;Fechamento não iniciado;SIPEL;GABRIEL / JEFFERSON;;;;JANEIRO;2026.0;;NÃO;;;SENHOR DO BONFIM;0.0;;;;fechamento não iniciado;;;;;;;;;;;;;;;
UTEP;B-1170663;ER-CIND-RUA-DO FAXEIRO 3029-NUCLEO PILAR;JAGUARARI;29/11/2025;17/12/2025;;3,0;;DIRECIONAR;;;;;;;;;;;R$ 3.912,96;R$3.912,96;R$ 30.962,00;Fechamento não iniciado;SIPEL;JOÃO / LUIS;;;;JANEIRO;2026.0;;NÃO;;;SENHOR DO BONFIM;18.0;;;;DWG;OBRA SIMPLIFICADA;ENVIADO;;;;;;;;;;;;;
UTEP;B-1148855;ER-CCOL-POV-ALECRIM-RURAL;QUEIMADAS;23/12/2025;26/12/2025;;6,0;;GUILHERME BONF;;;;;;;;;;;R$ 7.825,92;R$7.825,92;R$ 33.049,57;Fechamento não iniciado;SIPEL;GABRIEL / MARCELO;;;;JANEIRO;2026.0;;NÃO;;;SENHOR DO BONFIM;3.0;;;;;OBRA SIMPLIFICADA;ENVIADO;;;;;;;;;;;;;
UTEP;B-1159901;ER-CIND-POV-RIACHO DA ONCA-RURAL;MONTE SANTO;23/12/2025;26/12/2025;;2,0;;LUCAS GABRIEL;;;LIMPEZA DE VERSÃO;;;;;;;;R$ 2.608,64;R$2.608,64;R$ 10.751,03;Fechamento não iniciado;SIPEL;GABRIEL / JEFFERSON;;;;JANEIRO;2026.0;;NÃO;;;SENHOR DO BONFIM;3.0;;;;fechamento não iniciado;OBRA SIMPLIFICADA;ENVIADO;;;;;;;;;;;;;
UTEP;B-1162922;ER-CIND-PO.DE PILAR-RURAL;JAGUARARI;18/12/2025;19/12/2025;;4,0;;LUCAS GABRIEL;;;SOLICITADO;;;;;;;;R$ 5.217,28;R$5.217,28;R$ 31.857,10;Fechamento não iniciado;SIPEL;WAGNER / JOÃO;;;;JANEIRO;2026.0;;NÃO;;;SENHOR DO BONFIM;1.0;;;;fechamento não iniciado;OBRA SIMPLIFICADA;ENVIADO;;;;;;;;;;;;;
LPT ;B-1199790;ER-CIND-POV-AROEIRA-RURAL;QUEIMADAS;11/12/2025;16/12/2025;;2,0;;GUILHERME BONF;;;SOLICITADO;;;;Criaçao;;;;R$ 2.608,64;R$2.608,64;R$ 8.948,54;Em fechamento;SIPEL;GABRIEL / MARCELO;;;;JANEIRO;2026.0;;NÃO;;;SENHOR DO BONFIM;5.0;;;;Falta Conciliação;;;;;;;;;;;;;;;
LPT / UTEP;B-1195304;ER-CIND-POV-ANJO-RURAL;SENHOR DO BONFIM;08/12/2025;15/12/2025;;1,0;;LUCAS GABRIEL;;;CONCILIADO;;;;Almoxarifado;;;;R$ 1.304,32;R$1.304,32;R$ 10.350,16;Falta Conciliar, Movimentaçao;SIPEL;JAIRO / JOÃO;;;;JANEIRO;2026.0;;NÃO;;;SENHOR DO BONFIM;7.0;;;;Aguardando Movimentação ;;;;;;;;;;;;;;;
UTEP;B-1172415;UB-CIND-RUA-M CAROLINA FERREIRA-CENTRO;CANSANÇÃO;20/11/2025;15/12/2025;;4,0;;GUILHERME BONF;;;;;;;;;;;R$ 5.217,28;R$5.217,28;R$ 39.552,26;Em fechamento;SIPEL;GABRIEL \ ANAILTON;;;;JANEIRO;2026.0;;NÃO;;;SENHOR DO BONFIM;25.0;;;;Fechamento não iniciado;OBRA SIMPL - APROVADO ;ENVIADO;;;;;;;;;;;;;
LPT;B-1123207;ER-CIND-FAZ-PEDRA-DO MATADOURO;MONTE SANTO;07/01/2026;15/01/2026;;6,0;;DIRECIONAR;;;;;;;;;;;R$ 7.825,92;R$7.825,92;R$ 36.939,22;"""Sem """"AS BUILT""""""";SIPEL;GABRIEL \ OSMAR;;;;JANEIRO;2026.0;;NÃO;;;SENHOR DO BONFIM;8.0;;;;;;;;;;;;;;;;;;;
UTEP;B-1213819;ER-CIND-POV CALDEIRAO DO AMANCIO-RURAL;QUEIMADAS;12/12/2025;16/12/2025;;5,0;;GUILHERME BONF;;;;;;;;;;;R$ 6.521,60;R$6.521,60;R$ 25.880,40;Em fechamento;SIPEL;GABRIEL / MARCELO;;;;JANEIRO;2026.0;;NÃO;;;SENHOR DO BONFIM;4.0;;;;Fechamento não iniciado;;;;;;;;;;;;;;;
LPT ;B-1201171;ER-CIND-POV-FLAMENGO 40-RURAL;JAGUARARI;16/12/2025;17/12/2025;;4,0;;GUILHERME BONF;;;SOLICITADO;;;;Almoxarifado;;;;R$ 5.217,28;R$5.217,28;R$ 35.023,09;;SIPEL;WAGNER / JOÃO;;;;JANEIRO;2026.0;;NÃO;;;SENHOR DO BONFIM;1.0;;;;aguardando conciliação;;;;;;;;;;;;;;;
LPT ;B-1216501;ER-CIND-FAZ-CACADOR-RURAL;PONTO NOVO;30/10/2025;03/11/2025;;29,0;;ANDERSON;;;CONCILIADO;;;;Almoxarifado;;;;R$ 37.825,28;R$37.825,28;R$ 195.424,14;Movimentaçao;SIPEL;GESONI /JOAO;;;;JANEIRO;2026.0;;NÃO;;;SENHOR DO BONFIM;4.0;;;;Movimentar material;;;;;;;;;;;;;;;
UTEP / LPT ;B-1171381;ER-CIND-POV-LAGE DOS NEGROS -L D NEGROS;CAMPO FORMOSO;14/11/2025;05/12/2025;;7,0;;GUILHERME BONF;;;;;;;Criaçao;;;;R$ 9.130,24;R$9.130,24;R$ 60.199,86;;SIPEL;ISRAEL/JOAO;;;;JANEIRO;2026.0;;NÃO;;;SENHOR DO BONFIM;21.0;;;;EM FECHAMENTO;;;;;;;;;;;;;;;
LPT;B-1206073;ER-CIND-POV-RURAL-CACIMBINHA;CAMPO FORMOSO;28/11/2025;05/12/2025;;8,0;;GUILHERME BONF;;;;;;;Criaçao;;;;R$ 10.434,56;R$10.434,56;R$ 89.359,21;Em fechamento;SIPEL;JOÃO / EDVALDO;;;;JANEIRO;2026.0;;NÃO;;;SENHOR DO BONFIM;7.0;;;;EM FECHAMENTO;;;;;;;;;;;;;;;
UTEP;B-1215543;ER-CIND-POV-RES MORROS-TANQUINHO;SENHOR DO BONFIM;12/11/2025;09/12/2025;;6,0;;GUILHERME BONF;;;SOLICITADO;;;;;;;;R$ 7.825,92;R$7.825,92;R$ 28.559,54;Movimentaçao;SIPEL;REGINALDO/GABRIEL;;;;JANEIRO;2026.0;;NÃO;;;SENHOR DO BONFIM;27.0;;;;aguardando Conciliação;;;;;;;;;;;;;;;
UTEP;B-1200674;ER-CIND-FAZ-VARZEA GRANDE-VARZEA GRANDE;QUEIMADAS;29/11/2025;05/12/2025;;6,0;;GUILHERME BONF;;;;;;;;;;;R$ 7.825,92;R$7.825,92;R$ 35.253,30;Em fechamento;SIPEL;GABRIEL / JEFFERSON;;;;JANEIRO;2026.0;;NÃO;;;SENHOR DO BONFIM;6.0;;;;Fechamento não iniciado;;;;;;;;;;;;;;;
UTEP;B-1210118;UB-CCOL-RUA-ANTONIO PIMENTEL-ITIUBA;ITIÚBA;28/11/2025;02/12/2025;;5,0;;GUILHERME BONF;;;;;;;;;;;R$ 6.521,60;R$6.521,60;R$ 31.282,42;Em fechamento;SIPEL;GABRIEL / JEFFERSON;;;;JANEIRO;2026.0;;NÃO;;;SENHOR DO BONFIM;4.0;;;;Fechamento não iniciado;;;;;;;;;;;;;;;
LPT;B-1204503;ER-CIND-POV-VARGEM DO SAL 300-V  DO SAL;CAMPO FORMOSO;19/11/2025;05/12/2025;;5,0;;GUILHERME BONF;;;;;;;;;;;R$ 6.521,60;R$6.521,60;R$ 53.873,54;Em fechamento;SIPEL;ISRAEL / JOÃO;;;;JANEIRO;2026.0;;NÃO;;;SENHOR DO BONFIM;16.0;;;;Fechamento não iniciado;;;;;;;;;;;;;;;
UTEP;B-1178358;ER-CIND-POV NOVO ACORDO-NOVO ACORDO;CANSANÇÃO;28/11/2025;08/11/2025;;4,0;;GUILHERME BONF;;;SOLICITADO;;;;Criaçao;;;;R$ 5.217,28;R$5.217,28;R$ 34.356,19;Em fechamento;SIPEL;GABRIEL \ ANAILTON;;;;JANEIRO;2026.0;;NÃO;;;SENHOR DO BONFIM;-20.0;13/01/2026;;;Aguardando Movimentação / Conciliação;;;;;;;;;;;;;;;
UTEP;B-1178411;UB-CIND-AV-ANTONIO VICENTE M M-CENTRO;SENHOR DO BONFIM;20/11/2025;09/12/2025;;4,0;;GUILHERME BONF;;;;;;;;;;;R$ 5.217,28;R$5.217,28;R$ 103.316,77;Em fechamento;SIPEL;REGINALDO / JOÃO;;;;JANEIRO;2026.0;;NÃO;;;SENHOR DO BONFIM;19.0;;;;Fechamento não iniciado;;;;;;;;;;;;;;;
UTEP;B-1158293;UB-CIND-RUA-HERMANO B SOUZA-URBANA;CANSANÇÃO;28/11/2025;01/12/2025;;4,0;;GUILHERME BONF;;;SOLICITADO;;;;Criaçao;;;;R$ 5.217,28;R$5.217,28;R$ 24.101,81;Em fechamento;SIPEL;GABRIEL \ ANAILTON;;;;JANEIRO;2026.0;;NÃO;;;SENHOR DO BONFIM;3.0;14/01/2026;;;Fechamento  PRONTO;OBRA SIMPL - APROVADO ;ENVIADO;;;;;;;;;;;;;
LPT ;B-1192185;ER-CIND-RUA-BELA VISTA-RURAL;CAMPO FORMOSO;12/11/2025;05/12/2025;;2,0;;GUILHERME BONF;;;SOLICITADO;;;;Criaçao;;;;R$ 2.608,64;R$2.608,64;R$ 10.438,48;Em fechamento;SIPEL;ISRAEL/JOAO;;;;JANEIRO;2026.0;;NÃO;;;SENHOR DO BONFIM;23.0;;;;EM FECHAMENTO;;;;;;;;;;;;;;;
UTEP;B-1105670;MP-CIND-ROD-MINA BARRINHA-RURAL;JAGUARARI;30/10/2025;10/12/2025;;37,0;;ANDERSON;;;;;;;;;;;R$ 48.259,84;R$48.259,84;R$ 290.302,88;Em fechamento;SIPEL;REGINALDO / JOÃO;;;;JANEIRO;2026.0;;NÃO;;;SENHOR DO BONFIM;41.0;;;;Fechamento não iniciado;;;;;;;;;;;;;;;
UTEP;B-1139502;UB-CIND-AV-ANTONIO VICENTE M M-CENTRO;CANSANÇÃO;19/11/2025;01/12/2025;;4,0;;GUILHERME BONF;;;SOLICITADO;;;;Criaçao;;;;R$ 5.217,28;R$5.217,28;R$ 56.169,24;Em fechamento;SIPEL;GABRIEL / ANAILTON;;;;JANEIRO;2026.0;;NÃO;;;SENHOR DO BONFIM;12.0;14/01/2026;;;fechamento  iniciado;OBRA SIMPL - APROVADO ;ENVIADO;;;;;;;;;;;;;
UTEP;B-1186324;AC-CIND-POV-LAGOA DOS CAVALOS-RURAL;CANSANÇÃO;21/11/2025;01/12/2025;;4,0;;GUILHERME BONF;;;;;;;;;;;R$ 5.217,28;R$5.217,28;R$ 84.103,37;Em fechamento;SIPEL;GABRIEL \ ANAILTON;;;;JANEIRO;2026.0;;NÃO;;;SENHOR DO BONFIM;10.0;;;;Fechamento não iniciado;;;;;;;;;;;;;;;
UTEP;B-1180746;ER-CIND-POV-BAIX O DAS GALINHAS-RURAL;ITIÚBA;25/11/2025;02/12/2025;;4,0;;GUILHERME BONF;;;;;;;;;;;R$ 5.217,28;R$5.217,28;R$ 46.614,51;Em fechamento;SIPEL;GABRIEL / JEFFERSON;;;;JANEIRO;2026.0;;NÃO;;;SENHOR DO BONFIM;7.0;;;;Fechamento não iniciado;;;;;;;;;;;;;;;
LPT;B-1213134;ER-CIND-POV-DEIXAI 94 -FT-RURAL;CANSANÇÃO;28/11/2025;01/12/2025;;4,0;;GUILHERME BONF;;;;;;;Criaçao;;;;R$ 5.217,28;R$5.217,28;R$ 39.405,66;Em fechamento;SIPEL;GABRIEL \ ANAILTON;;;;JANEIRO;2026.0;;NÃO;;;SENHOR DO BONFIM;3.0;;;;Fechamento  iniciado;;;;;;;;;;;;;;;
UTEP;B-1180375;UB-CIND-RUA-CASAS POPULARES 657-CENTRO;CAMPO FORMOSO;20/10/2025;05/12/2025;;3,0;;GUILHERME BONF;;;;;;;;;;;R$ 3.912,96;R$3.912,96;R$ 10.572,11;Em fechamento;SIPEL;ISRAEL / JOÃO;;;;JANEIRO;2026.0;;NÃO;;;SENHOR DO BONFIM;46.0;;;;Fechamento não iniciado;;;;;;;;;;;;;;;
UTEP;B-1177738;ER-CIND-FAZ-CARPINTARIA-RURAL;JAGUARARI;20/11/2025;11/12/2025;;2,0;;GUILHERME BONF;;;;;;;;;;;R$ 2.608,64;R$2.608,64;R$ 18.229,86;Em fechamento;SIPEL;WAGNER / JOÃO;;;;JANEIRO;2026.0;;NÃO;;;SENHOR DO BONFIM;21.0;;;;ARQUIVO DWG - Fechamento não iniciado;;;;;;;;;;;;;;;
LPT ;B-1211047;ER-CIND-LOT PANOTAMA 19-RURAL-BARAUNA;SENHOR DO BONFIM;19/11/2025;11/12/2025;;2,0;;GUILHERME BONF;;;;;;;;;;;R$ 2.608,64;R$2.608,64;R$ 9.787,05;Em fechamento;SIPEL;WAGNER / JOÃO;;;;JANEIRO;2026.0;;NÃO;;;SENHOR DO BONFIM;22.0;;;;ARQUIVO DWG - Fechamento não iniciado;;;;;;;;;;;;;;;
UTEP;B-1180143;ER-CIND-POV-ANTAS I-RURAL;JAGUARARI;25/11/2025;11/12/2025;;1,0;;GUILHERME BONF;;;;;;;;;;;R$ 1.304,32;R$1.304,32;R$ 6.538,80;Em fechamento;SIPEL;WAGNER / JOÃO;;;;JANEIRO;2026.0;;NÃO;;;SENHOR DO BONFIM;16.0;;;;ARQUIVO DWG - Fechamento não iniciado;;;;;;;;;;;;;;;
UTEP;B-1179691;UB-CIND-RUA-JOSE JACINTO 101-CENTRO;ITIÚBA;28/11/2025;;;3,0;;""" SEM AS BUILT """;;;;;;;;;;;R$ 3.912,96;R$3.912,96;R$ 39.623,46;"""Sem """"AS BUILT""""""";SIPEL;GABRIEL / JEFFERSON;;;;JANEIRO;2026.0;;NÃO;;;SENHOR DO BONFIM;48.0;;;;;;;;;;;;;;;;;;;
LPT;B-1218599;ER-CIND-ET-PEDRA BRANCA-RURAL;MONTE SANTO;08/01/2026;;;10,0;;""" SEM AS BUILT """;;;;;;;;;;;R$ 13.043,20;R$13.043,20;R$ 85.822,51;"""Sem """"AS BUILT""""""";SIPEL;JAIRO \ OSMAR;;;;JANEIRO;2026.0;;NÃO;;;SENHOR DO BONFIM;7.0;;;;;;;;;;;;;;;;;;;
UTEP;B-1206416;ER-CIND-FAZ-CAJAZEIRAS-RURAL;FILADELFIA;13/09/2025;18/09/2025;;1,0;;GUILHERME BONF;;;CORREÇÃO CADASTRAL;;;;Criaçao;;;;R$ 1.304,32;R$1.304,32;R$ 18.857,00;Em fechamento, Correção cadastral;SIPEL;ISRAEL/JOAO;;;;JANEIRO;2026.0;;NÃO;;;SENHOR DO BONFIM;5.0;;;;Correção Cadastral - aguardando Gutemberg;;;;;;;;;;;;;;;
LPT ;B-1196233;ER-CIND-FAZ-VARGEM DE FORA-RURAL;QUEIMADAS;21/10/2025;29/10/2025;;2,0;;GUILHERME BONF;;;CONCILIADO;;;;;;;;R$ 2.608,64;R$2.608,64;R$ 23.328,19;Em fechamento;SIPEL;GESONI / GABRIEL;;;;JANEIRO;2026.0;;NÃO;;;SENHOR DO BONFIM;8.0;;;;Mudar plano para 7 - Postar;;;;;;;;;;;;;;;
UTEP;B-1167440;UB CIND RUA DO ANGICO CENTRO;JAGUARARI;29/11/2025;;;2,0;;""" SEM AS BUILT """;;;;;;;;;;;R$ 2.608,64;R$2.608,64;R$ 24.089,65;"""Sem """"AS BUILT""""""";SIPEL;JOÃO / LUIS;;;;JANEIRO;2026.0;;NÃO;;;SENHOR DO BONFIM;47.0;;;;;OBRA SIMPLIFICADA;ENVIADO;;;;;;;;;;;;;
UTEP;B-1153516;ER-CIND-POV-VILA DOS PAUZINHOS-RURAL;CAMPO FORMOSO;21/10/2025;03/11/2025;;1,0;;GUILHERME BONF;;;;;;;;;;;R$ 1.304,32;R$1.304,32;R$ 20.977,40;Em fechamento;SIPEL;ISRAEL / JOÃO;;;;JANEIRO;2026.0;;NÃO;;;SENHOR DO BONFIM;13.0;;;;Mudar a data de energização;OBRA SIMPL - APROVADO ;ENVIADO;;;;;;;;;;;;;
LPT;X-1238413;KIT - CIND-ET-PEDRA BRANCA-RURAL;MONTE SANTO;;;;;;""" SEM AS BUILT """;;;;;;;;;;;R$ 0,00;R$0,00;;"""Sem """"AS BUILT""""""";SIPEL;JAIRO \ OSMAR;;;;JANEIRO;2026.0;;NÃO;;;SENHOR DO BONFIM;46.037;;;;;;;;;;;;;;;;;;;
UTEP;B-1160058;UB-CIND-RUA-SAO MIGUEL-CENTRO-CANSANCAO;CANSANÇÃO;14/10/2025;21/10/2025;;0,0;;GUILHERME BONF;;;CONCILIADO;;;;Almoxarifado;;;;R$ 0,00;R$0,00;R$ 43.107,60;Em fechamento;SIPEL;JEFFERSON/GABRIEL;;;;JANEIRO;2026.0;;NÃO;;;SENHOR DO BONFIM;7.0;;;;Equipamento Mont Oper;OBRA SIMPL - APROVADO ;ENVIADO;;;;;;;;;;;;;
LPT ;B-1210625;ER-CIND-POV-LAGEDO RASO-TIQUARA;CAMPO FORMOSO;24/11/2025;16/12/2025;;2,0;;JADSON;;;;;;;;;;;R$ 2.608,64;R$2.608,64;R$ 15.591,94;Em fechamento;SIPEL;JOÃO / EDVALDO;;;;JANEIRO;2026.0;;NÃO;;;SENHOR DO BONFIM;22.0;;;;Fechamento não iniciado;;;;;;;;;;;;;;;
LPT ;B-1170529;ER-CIND-FAZ-PILOES-RURAL;CAMPO FORMOSO;19/11/2025;16/12/2025;;2,0;;JADSON;;;;;;;;;;;R$ 2.608,64;R$2.608,64;R$ 17.766,30;Em fechamento;SIPEL;EDVALDO \ JOÃO;;;;JANEIRO;2026.0;;NÃO;;;SENHOR DO BONFIM;27.0;;;;Fechamento não iniciado;OBRA SIMPL - APROVADO ;ENVIADO;;;;;;;;;;;;;
UTEP;B-1220742;RC-CIND-PR -ELIAS MARQUES-CENTRO;QUEIMADAS;28/11/2025;16/12/2025;;2,0;;JADSON;;;;;;;;;;;R$ 2.608,64;R$2.608,64;R$ 16.435,37;Em fechamento;SIPEL;GABRIEL / MARCELO;;;;JANEIRO;2026.0;;NÃO;;;SENHOR DO BONFIM;18.0;;;;Fechamento não iniciado;;;;;;;;;;;;;;;
UTEP;B-1166882;ER-CIND POV VEADOS-RURAL;SENHOR DO BONFIM;24/11/2025;16/12/2025;;2,0;;JADSON;;;;;;;;;;;R$ 2.608,64;R$2.608,64;R$ 26.102,45;Em fechamento;SIPEL;JOÃO / JEFFERSON;;;;JANEIRO;2026.0;;NÃO;;;SENHOR DO BONFIM;22.0;;;;Fechamento não iniciado;OBRA SIMPL - APROVADO ;ENVIADO;;;;;;;;;;;;;
UTEP;B-1215863;ER-CIND-POV-CAZUMBA-CAZUMBA;SENHOR DO BONFIM;14/11/2025;09/12/2025;;3,0;;JADSON;;;;;;;;;;;R$ 3.912,96;R$3.912,96;R$ 16.264,99;Em fechamento;SIPEL;REGINALDO/JOAO;;;;JANEIRO;2026.0;;NÃO;;;SENHOR DO BONFIM;25.0;;;;Fechamento não iniciado;;;;;;;;;;;;;;;
UTEP;B-1215447;ER-CIND-POV-CALDEIRAO DO MULATO-RURAL;SENHOR DO BONFIM;21/11/2025;09/12/2025;;3,0;;JADSON;;;;;;;;;;;R$ 3.912,96;R$3.912,96;R$ 29.693,64;Em fechamento;SIPEL;REGINALDO / JOÃO;;;;JANEIRO;2026.0;;NÃO;;;SENHOR DO BONFIM;18.0;;;;Fechamento não iniciado;;;;;;;;;;;;;;;
LPT ;B-1211192;ER-CIND-POV-CACIMBA-CACIMBINHA;CANSANÇÃO;13/11/2025;01/12/2025;;3,0;;JADSON;;;;;;;;;;;R$ 3.912,96;R$3.912,96;R$ 33.755,69;Em fechamento;SIPEL;ANAILTON/GABRIEL;;;;JANEIRO;2026.0;;NÃO;;;SENHOR DO BONFIM;18.0;;;;Fechamento não iniciado;;;;;;;;;;;;;;;
UTEP;B-1216188;ER-CIND-POV-CURRAL DA PONTE-RURAL;CAMPO FORMOSO;18/11/2025;12/12/2025;;2,0;;JADSON;;;;;;;;;;;R$ 2.608,64;R$2.608,64;R$ 14.734,75;Em fechamento;SIPEL;EDVALDO/ JOÃO;;;;JANEIRO;2026.0;;NÃO;;;SENHOR DO BONFIM;24.0;;;;Fechamento não iniciado;;;;;;;;;;;;;;;
UTEP;B-1221730;RR-EMBA-RUA-DA LARANJEIRA-CENTRO;JAGUARARI;10/11/2025;11/12/2025;;2,0;;JADSON;;;;;;;;;;;R$ 2.608,64;R$2.608,64;R$ 436.108,77;Em fechamento;SIPEL;REGINALDO/JOAO;;;;JANEIRO;2026.0;;NÃO;;;SENHOR DO BONFIM;31.0;;;;Fechamento não iniciado;;;;;;;;;;;;;;;
UTEP;B-1216483;ER-CIND-FAZ-PEDRA DO UMBU-CARIACA;SENHOR DO BONFIM;14/11/2025;09/12/2025;;2,0;;JADSON;;;;;;;;;;;R$ 2.608,64;R$2.608,64;R$ 13.296,02;Em fechamento;SIPEL;JOILSON/JOAO;;;;JANEIRO;2026.0;;NÃO;;;SENHOR DO BONFIM;25.0;;;;Fechamento não iniciado;;;;;;;;;;;;;;;
UTEP / LPT ;B-1171389;ER-CIND-FAZ-SANTA MARIA 2-RURAL;QUEIMADAS;14/11/2025;16/12/2025;;1,0;;LUCAS GABRIEL;;;CONCILIADO;;;;Almoxarifado;;;;R$ 1.304,32;R$1.304,32;R$ 21.151,54;Falta Conciliar, Movimentaçao;SIPEL;MARCELO/GABRIEL;;;;JANEIRO;2026.0;;NÃO;;;SENHOR DO BONFIM;32.0;;;;Aguardando Movimentação / Conciliação;OBRA SIMPL - APROVADO ;ENVIADO;;;;;;;;;;;;;
LPT ;B-1212280;ER-CIND-POV-CAIXAO-RURAL;MONTE SANTO;09/12/2025;11/12/2025;;1,0;;LUCAS GABRIEL;;;CONCILIADO;;;;;;;;R$ 1.304,32;R$1.304,32;R$ 6.959,22;Falta Conciliar, Movimentaçao;SIPEL;GABRIEL \ OSMAR;;;;JANEIRO;2026.0;;NÃO;;;SENHOR DO BONFIM;2.0;;;;postar;;;;;;;;;;;;;;;
UTEP;B-1217438;UB-CIND-RUA-NOVA 9975-CENTRO;MONTE SANTO;12/12/2025;15/12/2025;;1,0;;LUCAS GABRIEL;;;CONCILIADO;;;;;;;;R$ 1.304,32;R$1.304,32;R$ 6.969,21;Falta Conciliar, Movimentaçao;SIPEL;GABRIEL \ OSMAR;;;;JANEIRO;2026.0;;NÃO;;;SENHOR DO BONFIM;3.0;;;;postar;;;;;;;;;;;;;;;
LPT ;B-1210455;ER-CIND-FAZ-PILOES-RURAL;CAMPO FORMOSO;22/11/2025;19/12/2025;;2,0;;LUCAS GABRIEL;;;;;;;;;;;R$ 2.608,64;R$2.608,64;R$ 14.489,91;Fechamento não iniciado;SIPEL;JOÃO / EDVALDO;;;;JANEIRO;2026.0;;NÃO;;;SENHOR DO BONFIM;27.0;;;;;;;;;;;;;;;;;;;
UTEP;B-1213354;RC-CIND-RUA-BAHIA-NOVO HORIZONTE;SENHOR DO BONFIM;27/11/2025;09/12/2025;;2,0;;LUCAS GABRIEL;;;SOLICITADO;;;;Almoxarifado;;;;R$ 2.608,64;R$2.608,64;R$ 16.456,13;Em fechamento;SIPEL;REGINALDO / JOÃO;;;;JANEIRO;2026.0;;NÃO;;;SENHOR DO BONFIM;12.0;;;;Falta cadastrar gse / Movimentação;;;;;;;;;;;;;;;
UTEP;B-1210364;ER-CIND-RUA-V SIMOES-PASSAGEM VELHA;SENHOR DO BONFIM;13/11/2025;09/12/2025;;2,0;;LUCAS GABRIEL;;;SOLICITADO;;;;Almoxarifado;;;;R$ 2.608,64;R$2.608,64;R$ 13.619,09;Falta Conciliar, Movimentaçao;SIPEL;REGINALDO/JOAO;;;;JANEIRO;2026.0;;NÃO;;;SENHOR DO BONFIM;26.0;;;;Aguardando Movimentação / Conciliação;;;;;;;;;;;;;;;
UTEP;B-1211890;ER-CIND-POV-LAGOA DA PEDRA-RURAL;CAMPO FORMOSO;14/11/2025;05/12/2025;;2,0;;LUCAS GABRIEL;;;SOLICITADO;;;;;;;;R$ 2.608,64;R$2.608,64;R$ 11.681,17;Em fechamento;SIPEL;ISRAEL / JOÃO;;;;JANEIRO;2026.0;;NÃO;;;SENHOR DO BONFIM;21.0;;;;aguardando Conciliação;;;;;;;;;;;;;;;
LPT ;B-1214847;UB-CIND-CJN-VI JOEL 130-CENTRO;CAMPO FORMOSO;20/11/2025;05/12/2025;;2,0;;LUCAS GABRIEL;;;SOLICITADO;;;;;;;;R$ 2.608,64;R$2.608,64;R$ 12.965,31;Em fechamento;SIPEL;ISRAEL / JOÃO;;;;JANEIRO;2026.0;;NÃO;;;SENHOR DO BONFIM;15.0;;;;Aguardando Movimentação;;;;;;;;;;;;;;;
UTEP;B-1186497;ER-CIND-POV-LAGOA DO PORCO-RURAL;CAMPO FORMOSO;21/11/2025;05/12/2025;;2,0;;LUCAS GABRIEL;;;SOLICITADO;;;;;;;;R$ 2.608,64;R$2.608,64;R$ 11.282,59;Em fechamento;SIPEL;ISRAEL / JOÃO;;;;JANEIRO;2026.0;;NÃO;;;SENHOR DO BONFIM;14.0;;;;aguardando conciliação;;;;;;;;;;;;;;;
UTEP;B-1216105;ER-CIND-POV-LAGOA GRANDE-RURAL;MONTE SANTO;27/11/2025;03/12/2025;;2,0;;LUCAS GABRIEL;;;CONCILIADO;;;;Almoxarifado;;;;R$ 2.608,64;R$2.608,64;R$ 29.365,84;Falta Conciliar, Movimentaçao;SIPEL;GABRIEL \ OSMAR;;;;JANEIRO;2026.0;;NÃO;;;SENHOR DO BONFIM;6.0;;;;Aguardando Movimentação;;;;;;;;;;;;;;;
UTEP;B-1216176;UB-CIND-RUA-ALTO DO CAMPO-RURAL;ITIÚBA;18/11/2025;02/12/2025;;2,0;;LUCAS GABRIEL;;;;;;;;;;;R$ 2.608,64;R$2.608,64;R$ 13.531,15;Em fechamento;SIPEL;GABRIEL / JEFFERSON;;;;JANEIRO;2026.0;;NÃO;;;SENHOR DO BONFIM;14.0;;;;Falta cadastrar gse / Movimentação;;;;;;;;;;;;;;;
LPT ;B-1214292;UB-CIND-RUA-ALTO DO CAMPO-RURAL;ITIÚBA;26/11/2025;02/12/2025;;2,0;;LUCAS GABRIEL;;;SOLICITADO;;;;;;;;R$ 2.608,64;R$2.608,64;R$ 17.520,56;Em fechamento;SIPEL;GABRIEL / JEFFERSON;;;;JANEIRO;2026.0;;NÃO;;;SENHOR DO BONFIM;6.0;;;;aguardando conciliação;;;;;;;;;;;;;;;
UTEP;B-1194770;ER-CIND-POV-FLORES -FLORES;MONTE SANTO;27/11/2025;02/12/2025;;2,0;;LUCAS GABRIEL;;;SOLICITADO;;;;Almoxarifado;;;;R$ 2.608,64;R$2.608,64;R$ 13.435,26;Em fechamento;SIPEL;GABRIEL\ JOSE;;;;JANEIRO;2026.0;;NÃO;;;SENHOR DO BONFIM;5.0;;;;Falta cadastrar gse / Movimentação;;;;;;;;;;;;;;;
UTEP;B-1182601;ER-CIND-FAZ-SALGADO 9999-RURAL;ANDORINHAS ;10/12/2025;12/12/2025;;2,0;;LUCAS GABRIEL;;;CONCILIADO;;;;Almoxarifado;;;;R$ 2.608,64;R$2.608,64;R$ 15.173,45;Falta Conciliar, Movimentaçao;SIPEL;GABRIEL / ALDAIR;;;;JANEIRO;2026.0;;NÃO;;;SENHOR DO BONFIM;2.0;;;;Aguardando Movimentação ;;;;;;;;;;;;;;;
UTEP;B-1199714;IE-RELIGADOR-JAC-09Z3-Q097526;CANSANÇÃO;05/09/2025;19/09/2025;;1,0;;ANDERSON;;;;;;;;;;;R$ 1.304,32;R$1.304,32;R$ 131.264,76;Em fechamento;SIPEL;JEFFERSON/DICSON;;;;JANEIRO;2026.0;;NÃO;;;SENHOR DO BONFIM;14.0;;;;Fechamento não iniciado;;;;;;;;;;;;;;;
LPT ;B-1238411;KIT RUA-DO PREDIO VELHO 55-RURAL;ITIÚBA;;;;;;LUCAS GABRIEL;;;;;;;;;;;R$ 0,00;R$0,00;;Em fechamento;SIPEL;;;;;JANEIRO;2026.0;;NÃO;;;SENHOR DO BONFIM;46.037;;;;;;;;;;;;;;;;;;;
LPT ;B-1238424;MED RUA-DO PREDIO VELHO 55-RURAL;ITIÚBA;;;;;;LUCAS GABRIEL;;;;;;;;;;;R$ 0,00;R$0,00;;Em fechamento;SIPEL;;;;;JANEIRO;2026.0;;NÃO;;;SENHOR DO BONFIM;46.037;;;;;;;;;;;;;;;;;;;
UTEP;B-1167424;ER-CIND-PO.PASSAGEM VELHA-RURAL;SENHOR DO BONFIM;22/11/2025;12/12/2025;;1,0;;LUCAS GABRIEL;;;SOLICITADO;;;;;;;;R$ 1.304,32;R$1.304,32;R$ 25.140,82;Em fechamento;SIPEL;REGINALDO / JOÃO;;;;JANEIRO;2026.0;;NÃO;;;SENHOR DO BONFIM;20.0;;;;Aguardando conciliação;OBRA SIMPL - APROVADO ;ENVIADO;;;;;;;;;;;;;
UTEP;B-1163666;ER-CIND-RUA-BELA VISTA POCOS;CAMPO FORMOSO;14/11/2025;09/12/2025;;1,0;;LUCAS GABRIEL;;;SOLICITADO;;;;;;;;R$ 1.304,32;R$1.304,32;R$ 6.785,27;Em fechamento;SIPEL;ISRAEL / JOÃO;;;;JANEIRO;2026.0;;NÃO;;;SENHOR DO BONFIM;25.0;;;;aguardando Conciliação;OBRA SIMPL - APROVADO ;ENVIADO;;;;;;;;;;;;;
LPT;B-1196433;ER-CIND-POV-LAGOA DO JANUARIO-CENTRO;CANSANÇÃO;16/12/2025;19/12/2025;;9,0;;ANDERSON;;;EM DESENHO;;;;;;;;R$ 11.738,88;R$11.738,88;R$ 71.099,44;Em fechamento;SIPEL;GABRIEL / ANAILTON;;;;JANEIRO;2026.0;;NÃO;;;SENHOR DO BONFIM;3.0;;;;em fechamento;;;;;;;;;;;;;;;
UTEP;B-1148717;ER-CIND-POV-LAGINHA-RURAL;QUEIMADAS;21/11/2025;05/12/2025;;1,0;;LUCAS GABRIEL;;;;;;;Almoxarifado;;;;R$ 1.304,32;R$1.304,32;R$ 18.416,88;Em fechamento;SIPEL;GABRIEL / MARCELO;;;;JANEIRO;2026.0;;NÃO;;;SENHOR DO BONFIM;14.0;;;;Falta cadastrar gse / Movimentação;OBRA SIMPL - APROVADO ;ENVIADO;;;;;;;;;;;;;
UTEP;B-1199686;ER-CIND-FAZ-UMBURANA-RURAL;QUEIMADAS;21/11/2025;05/12/2025;;1,0;;LUCAS GABRIEL;;;;;;;Almoxarifado;;;;R$ 1.304,32;R$1.304,32;R$ 6.848,69;Em fechamento;SIPEL;GABRIEL / MARCELO;;;;JANEIRO;2026.0;;NÃO;;;SENHOR DO BONFIM;14.0;;;;Falta cadastrar gse / Movimentação;;;;;;;;;;;;;;;
LPT ;B-1198444;UB-CIND-CJN-VI JOEL 130-CENTRO;CAMPO FORMOSO;22/11/2025;05/12/2025;;1,0;;LUCAS GABRIEL;;;SOLICITADO;;;;Almoxarifado;;;;R$ 1.304,32;R$1.304,32;R$ 5.489,19;Em fechamento;SIPEL;ISRAEL / JOÃO;;;;JANEIRO;2026.0;;NÃO;;;SENHOR DO BONFIM;13.0;;;;Falta cadastrar gse / Movimentação;;;;;;;;;;;;;;;
UTEP;B-1156651;ER-CIND-POV-BREJO CAATINGA-RURAL;CAMPO FORMOSO;27/11/2025;05/12/2025;;1,0;;LUCAS GABRIEL;;;SOLICITADO;;;;;;;;R$ 1.304,32;R$1.304,32;R$ 27.197,79;Em fechamento;SIPEL;ISRAEL / JOÃO;;;;JANEIRO;2026.0;;NÃO;;;SENHOR DO BONFIM;8.0;;;;aguardand conciliação;OBRA SIMPL - APROVADO ;ENVIADO;;;;;;;;;;;;;
UTEP;B-1148616;ER-CIND-FAZ-PEDRA-RURAL;MONTE SANTO;20/11/2025;03/12/2025;;1,0;;LUCAS GABRIEL;;;CONCILIADO;;;;Almoxarifado;;;;R$ 1.304,32;R$1.304,32;R$ 21.323,67;Em fechamento;SIPEL;GABRIEL\OSMAR;;;;JANEIRO;2026.0;;NÃO;;;SENHOR DO BONFIM;13.0;;;;Aguardando Movimentação;OBRA SIMPL - APROVADO ;ENVIADO;;;;;;;;;;;;;
UTEP;B-1198495;ER-CIND-POV-CAPOEIRA-RURAL;CANSANÇÃO;11/11/2025;01/12/2025;;1,0;;LUCAS GABRIEL;;;SOLICITADO;;;;;;;;R$ 1.304,32;R$1.304,32;R$ 4.904,50;Em fechamento;SIPEL;ANAILTON/GABRIEL;;;;JANEIRO;2026.0;;NÃO;;;SENHOR DO BONFIM;20.0;;;;aguardando Conciliação;;;;;;;;;;;;;;;
UTEP;B-1158161;ER-CIND-POV-LAGOA DOS ALTOS-LAGOA DOS AL;CANSANÇÃO;13/11/2025;01/12/2025;;1,0;;LUCAS GABRIEL;;;SOLICITADO;;;;;;;;R$ 1.304,32;R$1.304,32;R$ 15.000,26;Em fechamento;SIPEL;ANAILTON/GABRIEL;;;;JANEIRO;2026.0;;NÃO;;;SENHOR DO BONFIM;18.0;;;;Falta cadastrar gse / Movimentação;OBRA SIMPL - APROVADO ;ENVIADO;;;;;;;;;;;;;
UTEP;B-1195746;ER-CCOL-POV-PONTA BAIXA 1228-A-RURAL;ITIÚBA;26/11/2025;02/12/2025;;1,0;;LUCAS GABRIEL;;;;;;;Almoxarifado;;;;R$ 1.304,32;R$1.304,32;R$ 23.110,29;Em fechamento;SIPEL;GABRIEL / JEFFERSON;;;;JANEIRO;2026.0;;NÃO;;;SENHOR DO BONFIM;6.0;;;;Falta cadastrar gse / Movimentação;;;;;;;;;;;;;;;
LPT ;B-1195701;ER-CIND-RUA-PONTILHAO-CENTRO - PICOS;ITIÚBA;27/11/2025;02/12/2025;;1,0;;LUCAS GABRIEL;;;;;;;Almoxarifado;;;;R$ 1.304,32;R$1.304,32;R$ 8.387,51;Em fechamento;SIPEL;GABRIEL / JEFFERSON;;;;JANEIRO;2026.0;;NÃO;;;SENHOR DO BONFIM;5.0;;;;Falta cadastrar gse / Movimentação;;;;;;;;;;;;;;;
UTEP;B-1192316;ER-CIND-POV-CERCADINHO 353-RURAL;ITIÚBA;19/11/2025;24/11/2025;;4,0;;JADSON;;;;;;;;;;;R$ 5.217,28;R$5.217,28;R$ 40.844,27;Em fechamento;SIPEL;GESONI / JOÃO;;;;JANEIRO;2026.0;;NÃO;;;SENHOR DO BONFIM;5.0;;;;Fechamento não iniciado;;;;;;;;;;;;;;;
UTEP;B-1209497;ER-CIND-POV-LAGOA DO SACO-RURAL;MONTE SANTO;05/12/2025;11/12/2025;;0,0;;LUCAS GABRIEL;;;CONCILIADO;;;;Almoxarifado;;;;R$ 0,00;R$0,00;R$ 1.135,38;Em fechamento;SIPEL;GABRIEL \ OSMAR;;;;JANEIRO;2026.0;;NÃO;;;SENHOR DO BONFIM;6.0;;;;Falta cadastrar gse / Movimentação;;;;;;;;;;;;;;;
UTEP;B-1213720;ER-CIND-FAZ-LAGOA DO SERTAO-RURAL;CANSANÇÃO;10/12/2025;19/12/2025;;2,0;;LUCAS GABRIEL;;;;;;;;;;;R$ 2.608,64;R$2.608,64;R$ 16.849,73;Fechamento não iniciado;SIPEL;GABRIEL / ANAILTON;;;;JANEIRO;2026.0;;NÃO;;;SENHOR DO BONFIM;9.0;;;;Fechamento não iniciado;;;;;;;;;;;;;;;
UTEP;B-1168806;ER-CIND-POV-PATOS 3-URBANO;CAMPO FORMOSO;14/11/2025;05/12/2025;;0,0;;LUCAS GABRIEL;;;;;;;;;;;R$ 0,00;R$0,00;R$ 24.982,67;Em fechamento;SIPEL;ISRAEL/JOAO;;;;JANEIRO;2026.0;;NÃO;;;SENHOR DO BONFIM;21.0;;;;Falta cadastrar gse / Movimentação;OBRA SIMPL - APROVADO ;ENVIADO;;;;;;;;;;;;;
LPT ;B-1172674;ER-CIND-FAZ-PACIENCIA-PACIENCIA;MONTE SANTO;22/11/2025;02/12/2025;;0,0;;LUCAS GABRIEL;;;SOLICITADO;;;;;;;;R$ 0,00;R$0,00;R$ 7.978,71;Em fechamento;SIPEL;GABRIEL \ OSMAR;;;;JANEIRO;2026.0;;NÃO;;;SENHOR DO BONFIM;10.0;;;;Aguardando conciliação;OBRA SIMPL - APROVADO ;ENVIADO;;;;;;;;;;;;;
LPT ;B-1202483;ER-CIND-FAZ-TANQUE DAS VARAS-RURAL;ANDORINHAS;12/12/2025;12/12/2025;;2,0;;LUCAS GABRIEL;;;CONCILIADO;;;;Almoxarifado;;;;R$ 2.608,64;R$2.608,64;R$ 14.356,72;Em fechamento;SIPEL;GABRIEL / ALDAIR;;;;JANEIRO;2026.0;;NÃO;;;SENHOR DO BONFIM;0.0;;;;Confirmar se é plano 14 - CONTRATAR KIT / MED;;;;;;;;;;;;;;;
UTEP;B-1195841;ER-CIND-POV-LAGE 3652-LAGE;MONTE SANTO;28/11/2025;02/12/2025;;2,0;;LUCAS GABRIEL;;;;;;;Almoxarifado;;;;R$ 2.608,64;R$2.608,64;R$ 12.344,10;Em fechamento;SIPEL;GABRIEL \ OSMAR;;;;JANEIRO;2026.0;;NÃO;;;SENHOR DO BONFIM;4.0;;;;Falta cadastrar gse / Movimentação;;;;;;;;;;;;;;;
LPT ;B-1215301;ER-CIND-RUA-DO PREDIO VELHO 55-RURAL;ITIÚBA;13/12/2025;15/12/2025;;2,0;;LUCAS GABRIEL;;;SOLICITADO;;;;;;;;R$ 2.608,64;R$2.608,64;R$ 16.584,77;Em fechamento;SIPEL;GESONI / JOÃO;;;;JANEIRO;2026.0;;NÃO;;;SENHOR DO BONFIM;2.0;;;;Confirmar se é plano 14 - CONTRATAR KIT / MED;;;;;;;;;;;;;;;
UTEP;B-1174706;UB-CIND-RUA-ALVINO MAIA-CENTRO;FILADÉLFIA;13/12/2025;15/12/2025;;1,0;;LUCAS GABRIEL;;;SOLICITADO;;;;;;;;R$ 1.304,32;R$1.304,32;R$ 6.633,95;Falta Conciliar, Movimentaçao;SIPEL;GESONI / JOÃO;;;;JANEIRO;2026.0;;NÃO;;;SENHOR DO BONFIM;2.0;;;; Conciliação;OBRA SIMPL - APROVADO ;ENVIADO;;;;;;;;;;;;;
UTEP;B-1206228;ER-CIND-FAZ-SANTO ANTONIO-RURAL;QUEIMADAS;30/09/2025;11/10/2025;;5,0;;LUCAS GABRIEL;;;CONCILIADO;;;;Almoxarifado;;;;R$ 6.521,60;R$6.521,60;R$ 70.400,69;Em fechamento;SIPEL;MARCELO/DICSON;;;;JANEIRO;2026.0;;NÃO;;;SENHOR DO BONFIM;11.0;;;;Aguardando Movimentação;;;;;;;;;;;;;;;
LPT ;B-1213503;ER-CIND-POV-PEREIROS-RURAL;SENHOR DO BONFIM;07/10/2025;10/10/2025;;5,0;;LUCAS GABRIEL;;;CONCILIADO;;;;Almoxarifado;;;;R$ 6.521,60;R$6.521,60;R$ 25.319,43;Em fechamento;SIPEL;JOILSON / JOÃO;;;;JANEIRO;2026.0;;NÃO;;;SENHOR DO BONFIM;3.0;;;;postar;;;;;;;;;;;;;;;
UTEP;B-1203171;ER-CIND-POV-LAGOA DOS CAVALOS-AROEIRA;CANSANÇÃO;19/09/2025;29/09/2025;;2,0;;LUCAS GABRIEL;;;CONCILIADO;;;;Almoxarifado;;;;R$ 2.608,64;R$2.608,64;R$ 18.056,34;Em fechamento;SIPEL;ANAILTON/DICSON;;;;JANEIRO;2026.0;;NÃO;;;SENHOR DO BONFIM;10.0;;;;Aguardando Movimentação;;;;;;;;;;;;;;;
UTEP;B-1166494;LD - CIND POV ALECRIM - RURAL;QUEIMADAS;31/10/2025;03/11/2025;;32,0;;AGEU;;;EM DESENHO;;;;Criaçao;;;;R$ 41.738,24;R$41.738,24;R$ 360.650,29;Em fechamento;SIPEL;MARCELO/GABRIEL;;;;JANEIRO;2026.0;;NÃO;;;SENHOR DO BONFIM;3.0;;;;DRIVE;;;;;;;;;;;;;;;
UTEP;B-1209962;ER-CIND-RUA-ANTONIO JOSE FERNANDES-CENTR;CANSANÇÃO;11/11/2025;01/12/2025;;2,0;;LUCAS GABRIEL;;;SOLICITADO;;;;Almoxarifado;;;;R$ 2.608,64;R$2.608,64;R$ 9.198,18;Em fechamento;SIPEL;ANAILTON/GABRIEL;;;;JANEIRO;2026.0;;NÃO;;;SENHOR DO BONFIM;20.0;;;;Falta cadastrar gse / Movimentação;;;;;;;;;;;;;;;
LPT ;B-1060677;ER-CIND-POV-CACHOEIRA-ANDORINHA;ANDORINHAS ;05/12/2025;12/12/2025;;1,0;;LUCAS GABRIEL;;;CONCILIADO;;;;Almoxarifado;;;;R$ 1.304,32;R$1.304,32;R$ 2.393,07;Em fechamento;SIPEL;JOÃO / ALDAIR;;;;JANEIRO;2026.0;;NÃO;;;SENHOR DO BONFIM;7.0;;;;Aguardando Movimentação dos projetos de kit e medidor;;;;;;;;;;;;;;;
UTEP;B-1195376;UB-CIND-TRV-URUGUAI-ALTO DO CIGANO;SENHOR DO BONFIM;05/12/2025;11/12/2025;;4,0;;LUCAS GABRIEL;;;SOLICITADO;;;;;;;;R$ 5.217,28;R$5.217,28;R$ 19.810,30;Falta Conciliar, Movimentaçao;SIPEL;JOILSON / JOÃO;;;;JANEIRO;2026.0;;NÃO;;;SENHOR DO BONFIM;6.0;;;; Conciliação / Criar projeto de Ramal;;;;;;;;;;;;;;;
LPT ;B-1170955;ER-CIND-FAZ-CAJAZEIRA 922-RURAL-QUICE;SENHOR DO BONFIM;25/11/2025;16/12/2025;;2,0;;JADSON;;;;;;;;;;;R$ 2.608,64;R$2.608,64;R$ 15.318,47;Em fechamento;SIPEL;JOÃO / MARCELO;;;;JANEIRO;2026.0;;NÃO;;;SENHOR DO BONFIM;21.0;;;;Fechamento não iniciado;OBRA SIMPL - APROVADO ;ENVIADO;;;;;;;;;;;;;
LPT ;B-1180962;ER-CCOL-FAZ-PAU D ARCO-RURAL;MONTE SANTO;25/11/2025;08/12/2025;;4,0;;LUCAS GABRIEL;;;CONCILIADO;;;;Almoxarifado;;;;R$ 5.217,28;R$5.217,28;R$ 45.098,21;Falta Conciliar, Movimentaçao;SIPEL;GABRIEL \ OSMAR;;;;JANEIRO;2026.0;;NÃO;;;SENHOR DO BONFIM;13.0;;;;Aguardando Movimentação;;;;;;;;;;;;;;;
UTEP;B-1169767;AC-CIND-POV-PICOS-RURAL;ITIÚBA;20/11/2025;25/11/2025;;1,0;;LUCAS GABRIEL;;;CONCILIADO;;;;Almoxarifado;;;;R$ 1.304,32;R$1.304,32;R$ 42.270,11;Em fechamento;SIPEL;GABRIEL / JEFFERSON;;;;JANEIRO;2026.0;;NÃO;;;SENHOR DO BONFIM;5.0;;;;Aguardando Movimentação;OBRA SIMPL - APROVADO ;ENVIADO;;;;;;;;;;;;;
UTEP;B-1206403;RR-CIND-FAZ-SANTO ANTONIO-RURAL;QUEIMADAS;30/09/2025;11/10/2025;;1,0;;LUCAS GABRIEL;;;CONCILIADO;;;;Almoxarifado;;;;R$ 1.304,32;R$1.304,32;R$ 33.385,47;Em fechamento;SIPEL;MARCELO/DICSON;;;;JANEIRO;2026.0;;NÃO;;;SENHOR DO BONFIM;11.0;;;;Aguardando Movimentação;;;;;;;;;;;;;;;
UTEP;B-1192368;ER-CIND-FAZ-MARIA DE LIMA-MARIA DE LIMA;MONTE SANTO;08/01/2026;15/01/2026;;0,0;;DIRECIONAR;;;;;;;;;;;R$ 0,00;R$0,00;R$ 1.660,62;"""Sem """"AS BUILT""""""";SIPEL;JAIRO \ OSMAR;;;;JANEIRO;2026.0;;NÃO;;;SENHOR DO BONFIM;7.0;;;;;;;;;;;;;;;;;;;
LPT;X-1238426;MED - CIND-ET-PEDRA BRANCA-RURAL;MONTE SANTO;;;;;;""" SEM AS BUILT """;;;;;;;;;;;R$ 0,00;R$0,00;;Fechamento não iniciado;SIPEL;JAIRO \ OSMAR;;;;JANEIRO;2026.0;;NÃO;;;SENHOR DO BONFIM;46.037;;;;;;;;;;;;;;;;;;;
UTEP;B-1160876;ER - CIND - FAZ. LIMÕES;SENHOR DO BONFIM;26/12/2025;06/01/2026;;1,0;;LUCAS GABRIEL;;;;;;;;;;;R$ 1.304,32;R$1.304,32;R$ 22.053,27;Fechamento não iniciado;SIPEL;;;;;JANEIRO;2026.0;;NÃO;;;SENHOR DO BONFIM;11.0;;;;;OBRA SIMPLIFICADA;NÃO ENVIADO;;;;;;;;;;;;;
UTEP;B-1149873;ER - CIND - POV. QUEIMADA;SENHOR DO BONFIM;26/12/2025;08/01/2026;;1,0;;LUCAS GABRIEL;;;;;;;;;;;R$ 1.304,32;R$1.304,32;R$ 20.487,75;Fechamento não iniciado;SIPEL;;;;;JANEIRO;2026.0;;NÃO;;;SENHOR DO BONFIM;13.0;;;;;OBRA SIMPLIFICADA;NÃO ENVIADO;;;;;;;;;;;;;
UTEP;B-1184427;ER-CIND-POV-VARZEA D ONCA-RURAL;SENHOR DO BONFIM;26/12/2025;08/01/2026;;1,0;;ANDERSON;;;EM DESENHO;;;;;;;;R$ 1.304,32;R$1.304,32;R$ 20.276,06;Fechamento não iniciado;SIPEL;;;;;JANEIRO;2026.0;;NÃO;;;SENHOR DO BONFIM;13.0;;;;em fechamento;;;;;;;;;;;;;;;
UTEP;B-1211463;ER-CIND-POV-CANAVIEIRA-RURAL;SENHOR DO BONFIM;26/12/2025;08/01/2026;;;;GUILHERME BONF;;;;;;;;;;;R$ 0,00;R$0,00;R$ 24.561,29;Fechamento não iniciado;SIPEL;;;;;JANEIRO;2026.0;;NÃO;;;SENHOR DO BONFIM;13.0;;;;;;;;;;;;;;;;;;;
LPT;B-1212007;ER-CIND-FAZ-TEREZA-RURAL;CAMPO FORMOSO;12/01/2026;12/01/2026;;19,0;;ANDERSON;;;;;;;;;;;R$ 24.782,08;R$24.782,08;R$ 171.422,01;Fechamento não iniciado;SIPEL;ISRAEL / JOÃO;;;;JANEIRO;2026.0;;NÃO;;;SENHOR DO BONFIM;0.0;;;;;;;;;;;;;;;;;;;
UTEP;B-1084442;UB-CIND-RUA-JOSE BELAU SANTOS-CENTRO;CANSANÇÃO;16/10/2024;03/12/2024;;10,0;;RAFAELA;;;Conciliado;;Aprovado;;Movimentado;;R$ 6.607,14;;R$ 14.979,03;R$21.586,17;R$ 92.090,60;;COELBA;DICSON / PAULO DA SILVA (TURMA DE ANAILTON);;10/03/2025;ACEITA;MARÇO;;18/03/2025;NÃO;;;SENHOR DO BONFIM;48.0;08/01/2025;07/01/2025;;ASSINATURA ITALO ;;;;;;;;;;;;;;;
UTEP;B-1136949;UB-CIND-RUA-3 LOT SERRA SANTA CRUZ-RUA N;MONTE SANTO;07/11/2024;12/02/2025;;3,0;;ANDERSON;;;Conciliado;;;;Movimentado;;;;R$ 5.145,06;R$5.145,06;R$ 17.572,43;;COELBA;;;11/03/2025;ACEITA;MARÇO;;;NÃO;;;SENHOR DO BONFIM;97.0;28/02/2025;;;;;;;;;;;;;;;;;;
UTEP;B-1080931;UB-CIND-RUA ANTONIO PRIMO-CENTRO;CANSANÇÃO;07/11/2024;13/12/2024;;1,0;;ALEXANDRE;;;Conciliado;;;;Movimentado;;;;R$ 1.413,11;R$1.413,11;R$ 2.415,34;;COELBA;DICSON  / REGINALDO ;;28/02/2025;ACEITA;MARÇO;;;NÃO;;;SENHOR DO BONFIM;36.0;;;;;;;;;;;;;;;;;;;
UTEP;B-1141015;ER-CIND-FAZ-MORRO DA PINDOBA-RURAL;ITIUBA;14/11/2024;08/01/2025;;2,0;;ALEXANDRE;;;Conciliado;;Aprovado;;Movimentado;;;;R$ 6.154,16;R$6.154,16;R$ 8.808,70;;COELBA;UELTON / ISRAEL;;24/02/2025;ACEITA;MARÇO;;;NÃO;;;SENHOR DO BONFIM;55.0;18/02/2025;;;;;;;;;;;;;;;;;;
UTEP;B-1141814;ER-CIND-LOT-ALGUIDAR 760-RURAL;CANSANÇÃO;14/11/2024;05/12/2024;;1,0;;ALEXANDRE;;;Conciliado;;Aprovado;;Movimentado;;R$ 3.154,95;;R$ 2.374,80;R$5.529,75;R$ 18.303,06;;COELBA;UELTON / ANAILTON;;24/02/2025;ACEITA;MARÇO;;;NÃO;;;SENHOR DO BONFIM;21.0;;;;;;;;;;;;;;;;;;;
UTEP;B-0992463;ER-CIND-POV POCO D AGUA-CABACAS;ITIUBA;15/11/2024;08/02/2025;;6,0;;ANDERSON;;;Conciliado;;;;Movimentado;;;;R$ 9.911,26;R$9.911,26;R$ 11.364,01;;COELBA;UELTON / ISRAEL  ;;24/03/2025;ACEITA;MARÇO;;;NÃO;;;SENHOR DO BONFIM;85.0;14/02/2025;;;;;;;;;;;;;;;;;;
UTEP;B-1135123;UB-CIND-AV-FERBASA-VILA PEIXE;ANDORINHAS;25/11/2024;28/11/2024;;2,0;;LARISSA;;;Conciliado;;Aprovado;;Movimentado;;R$ 1.589,02;;R$ 3.822,46;R$3.651,37;R$ 27.064,41;;COELBA;DICSON / REGINALDO;;20/03/2025;ACEITA;MARÇO;;22/03/2025;NÃO;;;SENHOR DO BONFIM;3.0;11/03/2025;26/02/02/2025;26/02/2025;;;;;;;;;;;;;;;;
UTEP;B-1121964;ER-CIND-POV-LAGOA DAS PEDRAS-RURAL;ANDORINHAS;26/11/2024;17/12/2024;;1,0;;RAFAELA;;;Conciliado;;Aprovado;;Movimentado;;R$ 3.154,95;;R$ 2.446,73;R$2.142,85;R$ 11.749,91;;COELBA;DICSON / REGINALDO;;24/02/2025;ACEITA;MARÇO;;26/02/2025;NÃO;;;SENHOR DO BONFIM;21.0;;;;;;;;;;;;;;;;;;;
UTEP;B-1081539;ER-CIND-FAZ-VARZEA DA RO A-RURAL;ITIÚBA;27/11/2024;10/12/2024;;4,0;;ANDERSON ;;;Conciliado;;Aprovado;;Movimentado;;R$ 3.154,95;;R$ 11.611,83;R$11.611,83;R$ 24.037,92;;COELBA;UELTON / ISRAEL;;28/02/2025;ACEITA;MARÇO;;;NÃO;;;SENHOR DO BONFIM;13.0;04/02/2025;;;;;;;;;;;;;;;;;;
UTEP;B-1138289;ER-CIND-POV- LAGOA DO SACO -RURAL;MONTE SANTO;28/11/2024;14/02/2025;;2,0;;ANDERSON;;;Conciliado;;Aprovado;;Movimentado;;R$ 1.314,87;;R$ 5.986,50;R$5.986,50;R$ 15.031,82;;COELBA;UELTON / OSMAR;;11/03/2025;ACEITA;MARÇO;;;NÃO;;;SENHOR DO BONFIM;78.0;26/02/2025;;;;;;;;;;;;;;;;;;
UTEP;B-1127314;ER-CIND-FAZ-LAGOA FORMOSA-LAGOA;MONTE SANTO;29/11/2024;06/02/2025;;6,0;;ANDERSON;;;Conciliado;;Aprovado;;Movimentado;;R$ 1.314,87;;R$ 16.395,03;R$16.395,03;R$ 33.109,89;;COELBA;DICSON / MARCELO;;28/02/2025;ACEITA;MARÇO;;;NÃO;;;SENHOR DO BONFIM;69.0;18/02/2025;18/02/2025;;;;;;;;;;;;;;;;;
UTEP;B-1159823;ER-CIND-ROD-LOMANTO JUNIOR-JUACEMA;JAGUARARI;11/12/2024;11/12/2024;;0,0;;ANDERSON;;;Conciliado;;Aprovado;;Movimentado;;R$ 1.840,08;;R$ 798,84;R$798,84;R$ 13.285,06;;COELBA;DICSON / REGINALDO;;11/03/2025;ACEITA;MARÇO;;;NÃO;;;SENHOR DO BONFIM;0.0;17/02/2025;;;;;;;;;;;;;;;;;;
UTEP;"B-1158841

";ER-CIND-FAZ-TANQUINHO 13-RURAL;NORDESTINA;11/12/2024;28/03/2025;;1,0;;ANDERSON;;;Conciliado;;;;Movimentado;;;;R$ 1.839,03;R$1.839,03;R$ 7.520,30;;COELBA;UELTON / ANAILTON;;11/03/2025;ACEITA;MARÇO;;;NÃO;;;SENHOR DO BONFIM;107.0;07/03/2025;;;;;;;;;;;;;;;;;;
UTEP;B-1141931;ER-CIND-POV-VARZINHA-RURAL;SENHOR DO BONFIM;12/12/2024;13/12/2024;;4,0;;ANDERSON;;;Conciliado;;Aprovado;;Movimentado;;;;R$ 9.710,95;R$9.710,95;R$ 17.911,03;;COELBA;WESLEY / JOILSON;;07/03/2025;ACEITA;MARÇO;;;NÃO;;;SENHOR DO BONFIM;1.0;;;03/02/2025;;;;;;;;;;;;;;;;
uTEP;B-1145406;UB-CIND-RUA-BANDEIRANTES-CENTRO;JAGUARARI;13/12/2024;14/12/2024;;4,0;;RAFAELA;;;Conciliado;;;;Movimentado;;;;R$ 6.328,97;R$6.328,97;R$ 22.203,24;;COELBA;DICSON / REGINALDO;;26/02/2025;ACEITA;MARÇO;;01/03/2025;NÃO;;;SENHOR DO BONFIM;1.0;;;;;;;;;;;;;;;;;;;
LPT;B-1152643;ER-CIND-RUA-DO COMERCIO-CENTRO-ESTIVA;SENHOR DO BONFIM;14/12/2024;16/12/2024;;2,0;;RAFAELA;;;Conciliado;;;;Movimentado;;;;R$ 3.277,03;R$3.277,03;R$ 16.556,39;;COELBA;DICSON  / REGINALDO ;;24/02/2025;ACEITA;MARÇO;;11/03/2025;NÃO;;;SENHOR DO BONFIM;2.0;;;;;;;;;;;;;;;;;;;
LPT;B-1145700;ER-CIND-FAZ-CARAIBINHA-RURAL;ANDORINHAS;16/12/2024;20/12/2024;;1,0;;RAFAELA;;;Conciliado;;;;Movimentado;;;;R$ 3.508,64;R$3.508,64;R$ 9.136,28;;COELBA;DICSON  / REGINALDO ;;26/02/2025;ACEITA;MARÇO;;06/03/2025;NÃO;;;SENHOR DO BONFIM;4.0;;;;;;;;;;;;;;;;;;;
LPT;B-1146941;ER-CIND-POV-S O JO O DOS CAMPOS-RURAL;MONTE SANTO;17/12/2024;06/02/2025;;2,0;;ANDERSON;;;Conciliado;;;;Movimentado;;;;R$ 5.010,09;R$5.010,09;R$ 17.815,90;;COELBA;UELTON / OSMAR;;11/03/2025;ACEITA;MARÇO;;;NÃO;;;SENHOR DO BONFIM;51.0;14/02/2025;;;;;;;;;;;;;;;;;;
UTEP;B-1156361;UB-CIND-RUA-DAVID LOPES GUIMARAES-CENTRO;NORDESTINA;17/12/2024;08/02/2025;;10,0;;ANDERSON;;;Conciliado;;Aprovado;;Movimentado;;;;R$ 16.632,59;R$16.632,59;R$ 60.230,15;;COELBA;UELTON / ANAILTON ;;11/03/2025;ACEITA;MARÇO;;;NÃO;;;SENHOR DO BONFIM;53.0;;;;;;;;;;;;;;;;;;;
UTEP;B-1159534;ER-CIND-FAZ-LAGOA DO CURRAL-RURAL;NORDESTINA;18/12/2024;08/02/2025;;2,0;;ANDERSON;;;Conciliado;;;;Movimentado;;;;R$ 3.459,10;R$3.459,10;R$ 14.058,36;;COELBA;UELTON / ANAILTON ;;25/02/2025;ACEITA;MARÇO;;;NÃO;;;SENHOR DO BONFIM;52.0;17/02/2025;;;;;;;;;;;;;;;;;;
LPT;B-1157562;ER-CIND-POV-PEDRA DO PEPEDO-RURAL;MONTE SANTO;27/12/2024;12/02/2025;;2,0;;ALEXANDRE;;;Conciliado;;Aprovado;;Movimentado;;;;R$ 4.565,29;R$4.565,29;R$ 11.018,43;;COELBA;UELTON / OSMAR ;;13/03/2025;ACEITA;MARÇO;;14/03/2025;NÃO;;;SENHOR DO BONFIM;47.0;;;;;;;;;;;;;;;;;;;
UTEP;B-1158224;ER-CIND-FAZ-PAU BRANCO-PAU BRANCO;ITIÚBA;27/12/2024;07/01/2025;;3,0;;ANDERSON;;;Conciliado;;Aprovado;;Movimentado;;;;R$ 9.237,08;R$9.237,08;R$ 15.943,69;;COELBA;UELTON /ISRAEL ;;12/03/2025;ACEITA;MARÇO;;;NÃO;;;SENHOR DO BONFIM;11.0;26/02/2025;;27/01/2025;;;;;;;;;;;;;;;;
UTEP;B-1148555;AC-CIND-RUA-QUEIMADAS-CENTRO;QUEIMADAS;28/12/2024;08/01/2025;;3,0;;ANDERSON;;;Conciliado;;Aprovado;;Movimentado;;;;R$ 5.826,71;R$5.826,71;R$ 19.616,84;;COELBA;UELTON / JEFFERSON;;11.03.2025;ACEITA;MARÇO;;;NÃO;;;SENHOR DO BONFIM;11.0;17/02/2025;;;;;;;;;;;;;;;;;;
UTEP;B-1153439;ER-CIND-FAZ-UMBURANA-QUEIMADAS;QUEIMADAS;30/12/2024;31/12/2024;;3,0;;ANDERSON;;;Conciliado;;Aprovado;;Movimentado;;;;R$ 9.217,93;R$9.217,93;R$ 17.018,44;;COELBA;UELTON / ANAILTON;;25/02/2025;ACEITA;MARÇO;;;NÃO;;;SENHOR DO BONFIM;1.0;04/01/2025;;;;;;;;;;;;;;;;;;
UTEP;B-1158700;ER-CIND-FAZ-NOVA-CALDEIRAO DA VACA;NORDESTINA;31/12/2024;28/03/2025;;2,0;;ANDERSON;;;Conciliado;;Aprovado;;Movimentado;;;;R$ 6.193,90;R$6.193,90;R$ 13.911,96;;COELBA;UELTON / ANAILTON;;18/03/2025;ACEITA;MARÇO;;;NÃO;;;SENHOR DO BONFIM;87.0;14/03/2025;;;;;;;;;;;;;;;;;;
UTEP;B-1156577;ER-CIND-POV-LAGOA DO ALTO-LAGOINHA;QUEIMADAS;31/12/2024;31/12/2024;;5,0;;ANDERSON;;;Conciliado;;Aprovado;;Movimentado;;;;R$ 15.192,60;R$15.192,60;R$ 28.224,29;;COELBA;UELTON / OSMAR;;28/02/2025;ACEITA;MARÇO;;;NÃO;;;SENHOR DO BONFIM;0.0;07/01/2025;;;;;;;;;;;;;;;;;;
UTEP;B-1024130;RR-CIND-POV-VARZEA DOS PATOS-RURAL;FILADÉLFIA;21/01/2025;12/02/2025;;7,0;;ANDERSON;;;Conciliado;;Aprovado;;Movimentado;;R$ 1.166,39;;R$ 13.242,70;R$13.242,70;R$ 56.063,07;;COELBA;DICSON / JOSÉ SILVA ;;15/03/2025;ACEITA;MARÇO;;;NÃO;;;SENHOR DO BONFIM;22.0;01/03/2025;;;;;;;;;;;;;;;;;;
UTEP;B-1073129;ER-CCOL-POV-GAMELEIRA-GAMELEIRA;ANDORINHAS;24/01/2025;30/01/2025;;6,0;;RAFAELA;;;Conciliado;;Aprovado;;Movimentado;;;;R$ 10.693,96;R$10.553,27;R$ 34.803,28;;COELBA;DICSON  / REGINALDO ;;10/03/2025;ACEITA;MARÇO;;12/03/2025;NÃO;;;SENHOR DO BONFIM;6.0;12/02/2025;;;;;;;;;;;;;;;;;;
UTEP;B-1113890;ER-SEIN-POV-LAGOA DO CURRAL-RURAL;CANSANÇÃO;24/01/2025;30/01/2025;;30,0;;RAFAELA;;;Conciliado;;Aprovado;;Movimentado;;R$ 2.374,78;;R$ 51.385,78;R$17.766,63;R$ 168.667,04;;COELBA;DICSON / ANAILTON ;;11/03/2025;ACEITA;MARÇO;;;NÃO;;;SENHOR DO BONFIM;6.0;;;;;;;;;;;;;;;;;;;
UTEP;B-1121963;IT-GRUA-POV-CONSORCIO BA SOLAR 2-RURAL;FILADÉLFIA;25/01/2025;07/02/2025;;63,0;;RAFAELA;;;Conciliado;;Aprovado;;Movimentado;;;;R$ 237.990,12;R$229.340,75;R$ 1.172.693,06;;COELBA;DICSON  / GESONI;;17/03/2025;ACEITA;MARÇO;;;NÃO;;;SENHOR DO BONFIM;13.0;;;;;;;;;;;;;;;;;;;
UTEP;B-0952864;RI-SEIN-POV-TANQUINHO DE CIMA-RURAL-TANQ;SENHOR DO BONFIM;27/01/2025;30/01/2025;;28,0;;ALEXANDRE;;;Conciliado;;Aprovado;;Movimentado;;R$ 8.929,62;;R$ 53.045,60;R$51.871,56;R$ 123.849,72;;COELBA;DICSON / JOILSON;;28/02/2025;ACEITA;MARÇO;;;NÃO;;;SENHOR DO BONFIM;3.0;05/02/2025;;;;;;;;;;;;;;;;;;
UTEP;B-1121944;ER-CIND-FAZ-BOM SUCESSO-ROMULO CAMPOS;ITIUBA;30/01/2025;17/02/2025;;0,0;;ANDERSON;;;Conciliado;;Aprovado;;Movimentado;;;;R$ 843,47;R$843,47;R$ 18.111,79;;COELBA;DICSON / ALDAIR  ;;14/03/2025;ACEITA;MARÇO;;;NÃO;;;SENHOR DO BONFIM;18.0;27/02/2025;;;;;;;;;;;;;;;;;;
LPT;B-1113285;ER-CIND-POV-VILA NOVA-VILA NOVA;MONTE SANTO;30/01/2025;30/01/2025;;8,0;;ALEXANDRE;;;Conciliado;;Aprovado;;Movimentado;;R$ 1.166,39;;R$ 25.006,29;R$24.965,68;R$ 71.298,86;;COELBA;DICSON /OSMAR;;24/02/2025;ACEITA;MARÇO;;;NÃO;;;SENHOR DO BONFIM;0.0;11/02/2025;;;;;;;;;;;;;;;;;;
UTEP;B-1159228;ER-CCOL-POV-LAGES-RURAL;SENHOR DO BONFIM;08/02/2025;20/02/2025;;4,0;;LARISSA;;;Conciliado;;Aprovado;;Movimentado;;R$ 1.314,87;;R$ 6.809,65;R$6.638,56;R$ 21.753,79;;COELBA;wesley / ERIELTON;;11/03/2025;ACEITA;MARÇO;;18/03/2025;NÃO;;;SENHOR DO BONFIM;12.0;03/03/2025;;;;;;;;;;;;;;;;;;
UTEP;B-1144008;ER-CIND-POV-MARRUAIS-RURAL;QUEIMADAS;13/02/2025;14/02/2025;;1,0;;RAFAELA;;;Conciliado;;Aprovado;;Movimentado;;R$ 1.314,87;;R$ 2.123,50;R$1.960,31;R$ 8.199,23;;COELBA;ALAN / ANAILTON;;10/03/2025;ACEITA;MARÇO;;14/03/2025;NÃO;;;SENHOR DO BONFIM;1.0;;;;;;;;;;;;;;;;;;;
UTEP;B-1190045;ER-CIND-POV-BARRO DE BAIXO II 6-B D B II;SENHOR DO BONFIM;17/02/2025;28/03/2025;;2,0;;ANDERSON;;;Conciliado;;;;Movimentado;;;;R$ 3.166,85;R$3.166,85;R$ 9.273,57;;COELBA;wesley / JOILSON;;17/03/2025;ACEITA;MARÇO;;;NÃO;;;SENHOR DO BONFIM;39.0;10/03/2025;;;;;;;;;;;;;;;;;;
UTEP;B-0914747;RU-CCOL-FAZ GENIO-RURAL-CRB;CAMPO FORMOSO;28/02/2025;28/02/2025;;84,0;;LARISSA;;;Conciliado;;Aprovado;;Movimentado;;R$ 3.438,60;;R$ 259.579,29;R$205.574,77;R$ 660.273,67;;COELBA;DICSON / VAGNER ;;15/03/2025;ACEITA;MARÇO;;22/03/2025;NÃO;;;SENHOR DO BONFIM;0.0;;;;;;;;;;;;;;;;;;;
UTEP;B-1087639;UB-CIND-RUA-SAO GONCALO-CENTRO;ITIÚBA;17/07/2024;18/07/2024;;7,0;;ANDERSON;;;Conciliado;;Aprovado;;Movimentado;;;;R$ 11.711,77;R$11.711,77;R$ 27.164,35;;COELBA;UELTON / REGINALDO ;;28/04/2025;ACEITA;MAIO;;;NÃO;;;SENHOR DO BONFIM;1.0;;25/07/2024;24/07/2024;aguardando aprovação do atesto;;;;;;;;;;;;;;;
UTEP;B-1142755;IT-GOVE-AV-EUDALDO-FILADELFIA;FILADÉLFIA;22/08/2024;05/10/2024;;1,0;;ANDERSON;;;Conciliado;;Aprovado;;Movimentado;;R$ 4.529,19;;R$ 2.161,00;R$2.161,00;R$ 14.095,38;;COELBA;DICSON / GESONI;;13/05/2025;ACEITA;MAIO;;;NÃO;;;SENHOR DO BONFIM;44.0;;;;;OBRA SIMPL - APROVADO ;ENVIADO;;;;;;;;;;;;;
UTEP;B-0999344;UB-CIND-AV-IVO MOREIRA-CENTRO;QUEIMADAS;20/09/2024;23/09/2024;;7,0;;AGEU;;;Conciliado;;Aprovado;;Movimentado;;;;R$ 14.375,86;R$14.375,86;R$ 42.733,42;;COELBA;DICSON / ALDAIR;;28/04/2025;ACEITA;MAIO;;;NÃO;;;SENHOR DO BONFIM;3.0;08/10/2024;17/10/2024;08/10/2024;;;;;;;;;;;;;;;;
UTEP;B-1146740;UB-CIND-RUA-DO HOSPITAL-URBANA;QUEIMADAS;08/10/2024;10/10/2024;;2,0;;ALEXANDRE;;;Conciliado;;;;Movimentado;;;;R$ 3.225,84;R$3.225,84;R$ 16.537,68;;COELBA;UELTON/JEFERSON;;16/05/2025;ACEITA;MAIO;;20/05/2025;NÃO;;;SENHOR DO BONFIM;2.0;;;;;OBRA SIMPL - APROVADO ;ENVIADO;;;;;;;;;;;;;
LPT;B-1139351;ER-CIND-POV-MUNDO NOVO-RURAL;MONTE SANTO;28/11/2024;12/02/2025;;2,0;;AGEU;;;Conciliado;;;;Movimentado;;;;R$ 5.274,36;R$5.274,36;R$ 13.130,36;;COELBA;UELTON / OSMAR;;10/05/2025;ACEITA;MAIO;;;NÃO;;;SENHOR DO BONFIM;76.0;;;;;OBRA SIMPL - APROVADO ;ENVIADO;;;;;;;;;;;;;
LPT KIT ;B-1178696;KT-CIND-POV-MUNDO NOVO-RURAL;MONTE SANTO;28/11/2024;12/02/2025;;0,0;;AGEU;;;Conciliado;;;;Movimentado;;;;R$ 122,50;R$122,50;R$ 2.972,62;;COELBA;MICHEL;;10/05/2025;ACEITA;MAIO;;;NÃO;;;SENHOR DO BONFIM;76.0;;;;;;;;;;;;;;;;;;;
LPT MED;B-1178697;MD-CIND-POV-MUNDO NOVO-RURA;MONTE SANTO;28/11/2024;12/02/2025;;0,0;;AGEU;;;Conciliado;;;;Movimentado;;;;R$ 212,31;R$212,31;R$ 1.093,23;;COELBA;MICHEL;;10/05/2025;ACEITA;MAIO;;;NÃO;;;SENHOR DO BONFIM;76.0;;;;;;;;;;;;;;;;;;;
UTEP;B-1144868;UB-CCOL-RUA-DA LAGOA 100-CENTRO;ANTÔNIO GONÇALVES;09/12/2024;07/01/2025;;2,0;;RAFAELA;;;Conciliado;;;;Movimentado;;;;R$ 6.284,25;R$6.284,25;R$ 13.260,16;;COELBA;DICSON / REGINALDO;;24/04/2025;ACEITA;MAIO;;;NÃO;;;SENHOR DO BONFIM;29.0;;;;MUDANÇA DE ID PLANO 14.4.12.1;OBRA SIMPL - APROVADO ;ENVIADO;;;;;;;;;;;;;
LPT MED;B-1178478;MD-CCOL-RUA-DA LAGOA 100-CENTRO;ANTÔNIO GONÇALVES;09/12/2024;07/01/2025;;0,0;;RAFAELA;;;Conciliado;;;;Movimentado;;;;R$ 132,22;R$132,22;R$ 0,00;;COELBA;MICHEL;;16/05/2025;ACEITA;MAIO;;;NÃO;;;SENHOR DO BONFIM;29.0;;;;;;;;;;;;;;;;;;;
LPT KIT ;B-1178477;KT-CCOL-RUA-DA LAGOA 100-CENTRO;ANTÔNIO GONÇALVES;09/12/2024;07/01/2025;;0,0;;RAFAELA;;;Conciliado;;;;Movimentado;;;;R$ 137,54;R$137,54;R$ 0,00;;COELBA;MICHEL;;19/05/2025;ACEITA;MAIO;;;NÃO;;;SENHOR DO BONFIM;29.0;;;;;;;;;;;;;;;;;;;
UTEP;B-1153661;AC-CIND-ROD-LOMANTO JUNIOR-RURAL;SENHOR DO BONFIM;12/12/2024;07/01/2025;;0,0;;ANDERSON;;;Conciliado;;;;Movimentado;;;;R$ 2.000,59;R$2.000,59;R$ 8.216,84;;COELBA;DICSON / REGINALDO;;12/05/2025;ACEITA;MAIO;;;NÃO;;;SENHOR DO BONFIM;26.0;30/04/2025;;;;OBRA SIMPL - APROVADO ;ENVIADO;;;;;;;;;;;;;
LPT;B-1158228;ER-CCOL-POV-JENIPAPO DE CIMA PR01-RURAL;MONTE SANTO;19/12/2024;06/02/2025;;6,0;;AGEU;;;Conciliado;;Aprovado;;Movimentado;;;;R$ 16.667,68;R$16.667,68;R$ 35.355,86;;COELBA;UELTON / OSMAR;;25/03/2025;ACEITA;MAIO;;;NÃO;;;SENHOR DO BONFIM;49.0;;;;;;;;;;;;;;;;;;;
LPT;B-1154197;ER-CIND-FAZ-POCO DANTAS-RURAL;MONTE SANTO;20/12/2024;05/02/2025;;8,0;;AGEU;;;Conciliado;;;;Movimentado;;;;R$ 14.518,49;R$14.518,49;R$ 38.907,16;;COELBA;DICSON / MARCELO;;22/04/2025;ACEITA;MAIO;;;NÃO;;;SENHOR DO BONFIM;47.0;;;;;;;;;;;;;;;;;;;
LPT;B-1158138;ER-CIND-POV-HORIZONTE NOVO-H NOVO;MONTE SANTO;21/12/2024;06/02/2025;;5,0;;ANDERSON;;;Conciliado;;;;Movimentado;;;;R$ 13.122,45;R$13.122,45;R$ 30.959,53;;COELBA;UELTON /OSMAR;;21/05/2025;ACEITA;MAIO;;;NÃO;;;SENHOR DO BONFIM;47.0;;;;;OBRA SIMPL - APROVADO ;ENVIADO;;;;;;;;;;;;;
LPT KIT ;B-1178472;KT-CIND-POV-HORIZONTE NOVO-H NOVO;MONTE SANTO;21/12/2024;06/02/2025;;0,0;;ANDERSON;;;Conciliado;;;;Movimentado;;;;R$ 889,37;R$889,37;R$ 0,00;;COELBA;MICHEL;;21/05/2025;ACEITA;MAIO;;;NÃO;;;SENHOR DO BONFIM;47.0;;;;;;;;;;;;;;;;;;;
LPT MED;B-1178473;MD-CIND-POV-HORIZONTE NOVO-H NOVO;MONTE SANTO;21/12/2024;06/02/2025;;0,0;;ANDERSON;;;Conciliado;;;;Movimentado;;;;R$ 809,27;R$809,27;R$ 0,00;;COELBA;MICHEL;;21/05/2025;ACEITA;MAIO;;;NÃO;;;SENHOR DO BONFIM;47.0;;;;;;;;;;;;;;;;;;;
LPT;B-1152103;ER-CCOL-POV-ALTO-ALTO ALEGRE;MONTE SANTO;26/12/2024;12/02/2025;;2,0;;AGEU;;;Conciliado;;Aprovado;;Movimentado;;;;R$ 6.796,55;R$6.796,55;R$ 10.983,47;;COELBA;DICSON / MARCELO;;24/04/2025;ACEITA;MAIO;;;NÃO;;;SENHOR DO BONFIM;48.0;;;;;OBRA SIMPL - APROVADO ;ENVIADO;;;;;;;;;;;;;
LPT KIT ;B-1178487;KT-CCOL-POV-ALTO-ALTO ALEGRE;MONTE SANTO;26/12/2024;12/02/2025;;0,0;;AGEU;;;Conciliado;;;;Movimentado;;R$ 0,00;;R$ 217,16;R$217,16;R$ 0,00;;COELBA;MICHEL;;24/04/2025;ACEITA;MAIO;;;NÃO;;;SENHOR DO BONFIM;48.0;;;;;;;;;;;;;;;;;;;
LPT MED;B-1178488;MD-CCOL-POV-ALTO-ALTO ALEGRE;MONTE SANTO;26/12/2024;12/02/2025;;0,0;;AGEU;;;Conciliado;;;;Movimentado;;R$ 0,00;;R$ 179,25;R$179,25;R$ 0,00;;COELBA;MICHEL;;24/04/2025;ACEITA;MAIO;;;NÃO;;;SENHOR DO BONFIM;48.0;;;;;;;;;;;;;;;;;;;
UTEP;B-1156047;UB-CIND-RUA-MARIA OLIV SILVA 15-TAPERA;CANSANÇÃO;27/12/2024;06/02/2025;;0,0;;ANDERSON;;;Conciliado;;;;Movimentado;;;;R$ 4.132,55;R$4.132,55;R$ 13.201,06;;COELBA;UELTON / ANAILTON ;;10/05/2025;ACEITA;MAIO;;;NÃO;;;SENHOR DO BONFIM;41.0;13/03/2025;;;;OBRA SIMPL - APROVADO ;ENVIADO;ENVIADO;;;;;;;;;;;;
UTEP;B-1135876;RC-CIND-ROD-LOMANTO JUNIOR-RURAL;SENHOR DO BONFIM;28/12/2024;30/12/2024;;1,0;;ALEXANDRE;;;Conciliado;;Aprovado;;Movimentado;;R$ 3.638,03;;R$ 3.869,42;R$3.869,42;R$ 39.603,14;;COELBA;DICSON/REGINALDO;;09/05/2025;ACEITA;MAIO;;13/05/2025;NÃO;;;SENHOR DO BONFIM;2.0;;;;;OBRA SIMPL - APROVADO ;ENVIADO;;;;;;;;;;;;;
UTEP;B-1146909;UB-CIND-RUA-SANTA LUZIA 164-CENTRO;NORDESTINA;30/12/2024;08/02/2025;;5,0;;AGEU;;;Conciliado;;;;Movimentado;;;;R$ 8.361,14;R$8.361,14;R$ 28.216,37;;COELBA;UELTON / ANAILTON ;;22/04/2025;ACEITA;MAIO;;;NÃO;;;SENHOR DO BONFIM;40.0;;;;;OBRA SIMPL - APROVADO ;ENVIADO;;;;;;;;;;;;;
UTEP;B-1151499;LD-CIND POV VARZEA DE FORA-RURAL;ITIÚBA;30/12/2024;17/02/2025;;1,0;;ANDERSON ;;;Conciliado;;Aprovado;;Movimentado;;R$ 3.154,95;;R$ 5.163,95;R$5.163,95;R$ 25.819,78;;COELBA;UELTON/ISRAEL;;13/05/2025;ACEITA;MAIO;;;NÃO;;;SENHOR DO BONFIM;49.0;;;;;;;;;;;;;;;;;;;
UTEP;B-1155045;ER-CCOL-POV-TEIU-RURAL;SENHOR DO BONFIM;16/01/2025;05/02/2025;;4,0;;AGEU;;;Conciliado;;Aprovado;;Movimentado;;R$ 3.429,10;;R$ 6.981,76;R$6.981,76;R$ 33.682,71;;COELBA;DICSON / REGINALDO ;;02/04/2025;ACEITA;MAIO;;;NÃO;;;SENHOR DO BONFIM;20.0;;;;;OBRA SIMPL - APROVADO ;ENVIADO;;;;;;;;;;;;;
UTEP;B-1155909;ER-CIND-POV-TEIU-RURAL;SENHOR DO BONFIM;15/02/2025;15/02/2025;;1,0;;ANDERSON;;;Conciliado;;Aprovado;;Movimentado;;R$ 3.429,10;;R$ 1.958,57;R$1.958,57;R$ 24.641,71;;COELBA;WESLEY / JOSÉ SILVA ;;15/05/2025;ACEITA;MAIO;;;NÃO;;;SENHOR DO BONFIM;0.0;;;;;OBRA SIMPL - APROVADO ;ENVIADO;AGUARDANDO RETORNO DE CAMPO(VERIFCAR SERVIÇO FEITO E AS BUILT);;;;;;;;;;;;
UTEP;B-1167180;RR-SEIN-FAZ-PATIOBA-RURAL;SENHOR DO BONFIM;20/02/2025;04/03/2025;;2,0;;ANDERSON;;;Conciliado;;Aprovado;;Movimentado;;R$ 3.154,95;;R$ 3.317,75;R$3.317,75;R$ 23.203,54;;COELBA;UELTON / ANAILTON ;;14/05/2025;ACEITA;MAIO;;;NÃO;;;SENHOR DO BONFIM;12.0;10/03/2025;;;;OBRA SIMPL - APROVADO ;ENVIADO;AGUARDANDO RETORNO DE CAMPO(FOTOS);;;;;;;;;;;;
LPT;B-1183439;ER-CIND-POV-PASSAGEM VELHA-RURAL;SENHOR DO BONFIM;06/03/2025;11/03/2025;;6,0;;ANDERSON;;;Conciliado;;;;Movimentado;;;;R$ 9.855,68;R$9.855,68;R$ 26.247,00;;COELBA;DICSON / JOILSON ;;16/05/2025;ACEITA;MAIO;;;NÃO;;;SENHOR DO BONFIM;5.0;20/03/2025;;;;;;;;;;;;;;;;;;
LPT;B-1202027;KT-CIND-POV-PASSAGEM VELHA-RURAL;SENHOR DO BONFIM;06/03/2025;11/03/2025;;0,0;;ANDERSON;;;Conciliado;;;;Movimentado;;;;R$ 951,89;R$951,89;R$ 2.174,12;;COELBA;MICHEL;;16/05/2025;ACEITA;MAIO;;;NÃO;;;SENHOR DO BONFIM;5.0;20/03/2025;;;;;;;;;;;;;;;;;;
LPT;B-1202033; MD-CIND-POV-PASSAGEM VELHA-RURAL;SENHOR DO BONFIM;06/03/2025;11/03/2025;;0,0;;ANDERSON;;;Conciliado;;;;Movimentado;;;;R$ 164,61;R$164,61;R$ 1.086,74;;COELBA;MICHEL;;16/05/2025;ACEITA;MAIO;;;NÃO;;;SENHOR DO BONFIM;5.0;20/03/2025;;;;;;;;;;;;;;;;;;
UTEP;B-1107362;RR-SEIN-POV-LAGOA DO PEIXE-RURAL;SENHOR DO BONFIM;07/03/2025;10/03/2025;;36,0;;AGEU;;;Conciliado;;;;Movimentado;;R$ 2.348,82;;R$ 6.571,54;R$33.021,68;R$ 261.718,36;;COELBA;DICSON / REGINALDO ;;23/04/2025;ACEITA;MAIO;;;NÃO;;;SENHOR DO BONFIM;3.0;;;;;;;;;;;;;;;;;;;
LPT MED;B-1042986;MD  MP-CIND-POV-CACIMBAS-RURAL;ITIÚBA;10/03/2025;18/03/2025;;0,0;;AGEU;;;Conciliado;;;;Movimentado;;R$ 0,00;;R$ 179,51;R$179,51;R$ 2.375,48;;COELBA;MICHEL;;23/04/2025;ACEITA;MAIO;;;NÃO;;;SENHOR DO BONFIM;8.0;;;;;;;;;;;;;;;;;;;
LPT;B-1042982;MP-CIND-POV-CACIMBAS-RURAL;ITIÚBA;10/03/2025;18/03/2025;;45,0;;AGEU;;;Conciliado;;Aprovado;;Movimentado;;R$ 1.067,53;;R$ 81.799,83;R$81.799,83;R$ 396.552,94;;COELBA;ALAN / ISRAEL/GESONI;;08/05/2025;ACEITA;MAIO;;;NÃO;;;SENHOR DO BONFIM;8.0;;;;;;;;;;;;;;;;;;;
LPT KIT ;B-1042983;KT MP-CIND-POV-CACIMBAS-RURAL;ITIÚBA;10/03/2025;18/03/2025;;0,0;;AGEU;;;Conciliado;;;;Movimentado;;R$ 0,00;;R$ 122,50;R$122,50;R$ 31.547,04;;COELBA;MICHEL;;24/04/2025;ACEITA;MAIO;;;NÃO;;;SENHOR DO BONFIM;8.0;;;;;;;;;;;;;;;;;;;
UTEP;B-1183295;ER-CIND-POV-ALAGADICO-TAQUARI;ITIÚBA;13/03/2025;22/04/2025;;2,0;;ANDERSON;;;Conciliado;;Aprovado;;Movimentado;;;;R$ 1.676,75;R$1.676,56;R$ 8.383,78;;COELBA;ALAN / ISRAEL ;;09/05/2025;ACEITA;MAIO;;;NÃO;;;SENHOR DO BONFIM;40.0;;;;;;;;;;;;;;;;;;;
UTEP;B-1183391;ER-CIND-POV-CARRAPATO-CARRAPATO;ITIÚBA;14/03/2025;14/03/2025;;2,0;;ADRIANO;;;Conciliado;;;;Movimentado;;;;R$ 3.445,74;R$3.445,74;R$ 12.105,45;;COELBA;DICSON / GESONI;;23/04/2025;ACEITA;MAIO;;;NÃO;;;SENHOR DO BONFIM;0.0;;;;;;;;;;;;;;;;;;;
UTEP;B-1173807;UB-RUA-ISMAEL LOPES-CENTRO-PINDOBACU;PINDOBAÇU;14/03/2025;14/03/2025;;3,0;;ADRIANO;;;Conciliado;;Aprovado;;Movimentado;;;;R$ 4.784,39;R$4.784,39;R$ 18.091,54;;COELBA;DICSON / JOSÉ ;;19/05/2025;ACEITA;MAIO;;;NÃO;;;SENHOR DO BONFIM;0.0;;;;“ os materiais ainda se encontra vinculados no GSE “ ;OBRA SIMPL - APROVADO ;ENVIADO;ENVIADO/FALTA LANÇAMENTO NO GPM FOTOS E SERVIÇOS;;;;;;;;;;;;
LPT;B-1183032;ER-CIND-FAZ JUREMA DO ALTO ALEGRE-RURAL;MONTE SANTO;15/03/2025;14/03/2025;;4,0;;ADRIANO;;;Conciliado;;;;Movimentado;;;;R$ 2.433,32;R$2.433,32;R$ 12.166,61;;COELBA;ALAN / OSMAR;;08/05/2025;ACEITA;MAIO;;;NÃO;;;SENHOR DO BONFIM;-1.0;;;;FALTA LIGAR CLIENTE KIT 7 ;;;;;;;;;;;;;;;
LPT KIT ;B-1195493;KT-CIND-FAZ JUREMA DO ALTO ALEGRE-RURAL;MONTE SANTO;15/03/2025;14/03/2025;;0,0;;ADRIANO;;;Conciliado;;;;Movimentado;;;;R$ 122,50;R$122,50;R$ 0,00;;COELBA;MICHEL;;08/05/2025;ACEITA;MAIO;;;NÃO;;;SENHOR DO BONFIM;-1.0;;;;;;;;;;;;;;;;;;;
LPT MED;B-1195534;MD-CIND-FAZ JUREMA DO ALTO ALEGRE-RURAL;MONTE SANTO;15/03/2025;14/03/2025;;0,0;;ADRIANO;;;Conciliado;;;;Movimentado;;;;R$ 112,85;R$112,85;R$ 0,00;;COELBA;MICHEL;;08/05/2025;ACEITA;MAIO;;;NÃO;;;SENHOR DO BONFIM;-1.0;;;;;;;;;;;;;;;;;;;
UTEP;B-1180132;ER-CIND-POV-LAGE-RURAL;MONTE SANTO;17/03/2025;20/03/2025;;4,0;;ADRIANO;;;Conciliado;;;;Movimentado;;;;R$ 10.477,12;R$10.477,12;R$ 21.555,88;;COELBA;ALAN / OSMAR ;;29/04/2025;ACEITA;MAIO;;;NÃO;;;SENHOR DO BONFIM;3.0;;;;;;;;;;;;;;;;;;;
UTEP;B-1180432;ER-CIND-ROD-MINA BARRINHA-RURAL;JAGUARARI;17/03/2025;20/03/2025;;1,0;;ADRIANO;;;Conciliado;;;;Movimentado;;;;R$ 2.036,22;R$2.036,22;R$ 8.305,73;;COELBA;REGINALDO;;08/05/2025;ACEITA;MAIO;;;NÃO;;;SENHOR DO BONFIM;3.0;;;;;;;;;;;;;;;;;;;
UTEP;B-1182410;ER-CIND-POV-VARZEA CUMPRIDA-RURAL;PONTO NOVO;18/03/2025;18/03/2025;;6,0;;AGEU;;;Conciliado;;Aprovado;;Movimentado;;;;R$ 16.305,91;R$16.305,91;R$ 24.872,31;;COELBA;DICSON /GESONI ;;08/05/2025;ACEITA;MAIO;;;NÃO;;;SENHOR DO BONFIM;0.0;;;;;;;;;;;;;;;;;;;
LPT KIT ;B-1202560;KT-CIND-POV-VARZEA CUMPRIDA-RURAL;PONTO NOVO;18/03/2025;18/03/2025;;0,0;;AGEU;;;Conciliado;;;;Movimentado;;R$ 0,00;;R$ 426,09;R$426,09;R$ 0,00;;COELBA;MICHEL;;08/05/2025;ACEITA;MAIO;;;NÃO;;;SENHOR DO BONFIM;0.0;;;;;;;;;;;;;;;;;;;
LPT MED;B-1202561;MD-CIND-POV-VARZEA CUMPRIDA-RURAL;PONTO NOVO;18/03/2025;18/03/2025;;0,0;;AGEU;;;Conciliado;;;;Movimentado;;;;R$ 358,50;R$358,50;R$ 0,00;;COELBA;MICHEL;;08/05/2025;ACEITA;MAIO;;;NÃO;;;SENHOR DO BONFIM;0.0;;;;;;;;;;;;;;;;;;;
LPT KIT ;B-1180554;KT-CIND-FAZ-MALHADOR-RURAL;FILADÉLFIA;19/03/2025;22/03/2025;;0,0;;AGEU;;;Conciliado;;;;Movimentado;;R$ 0,00;;R$ 217,16;R$217,16;R$ 2.695,00;;COELBA;MICHEL;;25/04/2025;ACEITA;MAIO;;;NÃO;;;SENHOR DO BONFIM;3.0;;;;;;;;;;;;;;;;;;;
LPT MED;B-1180578;MD-CIND-FAZ-MALHADOR-RURAL;FILADÉLFIA;19/03/2025;22/03/2025;;0,0;;AGEU;;;Conciliado;;;;Movimentado;;R$ 0,00;;R$ 179,25;R$179,25;R$ 1.093,23;;COELBA;MICHEL;;01/05/2025;ACEITA;MAIO;;;NÃO;;;SENHOR DO BONFIM;3.0;;;;;;;;;;;;;;;;;;;
LPT;B-1100808;ER-CIND-FAZ-MALHADOR-RURAL;FILADELFIA;21/03/2025;22/03/2025;;9,0;;AGEU;;;Conciliado;;Aprovado;;Movimentado;;;;R$ 23.738,12;R$23.738,12;R$ 18.327,79;;COELBA;DICSON / GESONI ;;01/05/2025;ACEITA;MAIO;;;NÃO;;;SENHOR DO BONFIM;1.0;;;;;;;;;;;;;;;;;;;
LPT KIT ;B-1196799;KT-CIND-POV-DEIXAI 7-RURAL;CANSANÇÃO;21/03/2025;24/03/2025;;0,0;;AGEU;;;Conciliado;;;;Movimentado;;R$ 0,00;;R$ 650,74;R$650,74;R$ 2.174,12;;COELBA;MICHEL;;25/04/2025;ACEITA;MAIO;;;NÃO;;;SENHOR DO BONFIM;3.0;;;;;;;;;;;;;;;;;;;
LPT MED;B-1196827;MD-CIND-POV-DEIXAI 7-RURAL;CANSANÇÃO;21/03/2025;24/03/2025;;0,0;;AGEU;;;Conciliado;;;;Movimentado;;R$ 0,00;;R$ 358,50;R$358,50;R$ 1.086,74;;COELBA;MICHEL;;28/04/2025;ACEITA;MAIO;;;NÃO;;;SENHOR DO BONFIM;3.0;;;;;;;;;;;;;;;;;;;
UTEP;B-1181422;UB-CIND-RUA-JOSE BELAU -TAPERA;CANSANÇÃO;21/03/2025;24/03/2025;;1,0;;ADRIANO;;;Conciliado;;;;Movimentado;;;;R$ 3.068,10;R$3.068,10;R$ 7.552,93;;COELBA;DICSON / GESONI ;;05/05/2025;ACEITA;MAIO;;;NÃO;;;SENHOR DO BONFIM;3.0;;;;;;;;;;;;;;;;;;;
UTEP;B-1184688;ER-CIND-POV-VARZEA FORMOSA 51-RURAL;ITIUBA;25/03/2025;31/03/2025;;0,0;;ANDERSON;;;Conciliado;;Aprovado;;Movimentado;;;;R$ 637,24;R$637,24;R$ 14.312,99;;COELBA;DICSON / GESONI;;30/04/2025;ACEITA;MAIO;;;NÃO;;;SENHOR DO BONFIM;6.0;;;;;;;;;;;;;;;;;;;
LPT;B-1183187;ER-CIND-POV-DEIXAI 7-RURAL;CANSANÇÃO;26/03/2025;24/03/2025;;2,0;;AGEU;;;Conciliado;;;;Movimentado;;;;R$ 4.987,83;R$4.987,83;R$ 15.932,12;;COELBA;DICSON / GESONI;;28/04/2025;ACEITA;MAIO;;;NÃO;;;SENHOR DO BONFIM;-2.0;;;;;;;;;;;;;;;;;;;
UTEP;B-1060807;LD-CIND-POV RDP-RIACHO DAS PEDRAS-CSC;CANSANÇÃO;26/03/2025;17/04/2025;;11,0;;AGEU;;;Conciliado;;;;Movimentado;;;;R$ 28.649,36;R$28.649,36;R$ 106.699,38;;COELBA;ALAN / ANAILTON;;09/05/2025;ACEITA;MAIO;;;NÃO;;;SENHOR DO BONFIM;22.0;;;;;;;;;;;;;;;;;;;
UTEP;B-1181327;AC-CIND-POV-LAGOA DO SACO 62-RURAL CX TE;MONTE SANTO;31/03/2025;16/04/2025;;3,0;;ANDERSON;;;Conciliado;;;;Movimentado;;;;R$ 9.045,95;R$9.045,95;R$ 13.564,64;;COELBA;JOSE SILVA;;30/04/2025;ACEITA;MAIO;;;NÃO;;;SENHOR DO BONFIM;16.0;;;;;;;;;;;;;;;;;;;
UTEP;B-1185105;ER-CIND-POV-PANTANAL-RURAL;MONTE SANTO;31/03/2025;17/04/2025;;3,0;;AGEU;;;Conciliado;;Aprovado;;Movimentado;;;;R$ 3.629,87;R$3.629,87;R$ 18.149,35;;COELBA;DIEGO;;09/05/2025;ACEITA;MAIO;;;NÃO;;;SENHOR DO BONFIM;17.0;;;;;;;;;;;;;;;;;;;
UTEP;B-1191130;ER-CIND-POV-ALTO SAO GONCALO-RURAL;ITIUBA;31/03/2025;29/04/2025;;1,0;;ANDERSON;;;Conciliado;;Aprovado;;Movimentado;;R$ 3.429,10;;R$ 3.361,07;R$3.361,07;R$ 34.757,74;;COELBA;ISRAEL;;17/05/2025;ACEITA;MAIO;;;NÃO;;;SENHOR DO BONFIM;29.0;;;;;;;;;;;;;;;;;;;
LPT;B-1143227;ER-CIND-POV-BOM SUCESSO-I E II;MONTE SANTO;02/04/2025;05/04/2025;;2,0;;ANDERSON;;;Conciliado;;;;Movimentado;;;;R$ 4.563,94;R$4.563,94;R$ 22.819,74;;COELBA;GESONI / DICSON;;05/05/2025;ACEITA;MAIO;;;NÃO;;;SENHOR DO BONFIM;3.0;;;;;OBRA SIMPL - APROVADO ;ENVIADO;;;;;;;;;;;;;
LPT KIT ;B-1195491;KT-CIND-POV-BOM SUCESSO-I E II;MONTE SANTO;02/04/2025;05/04/2025;;0,0;;ANDERSON;;;Conciliado;;;;Movimentado;;R$ 0,00;;R$ 341,27;R$341,27;R$ 0,00;;COELBA;MICHEL;;07/05/2025;ACEITA;MAIO;;;NÃO;;;SENHOR DO BONFIM;3.0;;;;;;;;;;;;;;;;;;;
LPT MED;B-1195532;MD-CIND-POV-BOM SUCESSO-I E II;MONTE SANTO;02/04/2025;05/04/2025;;0,0;;ANDERSON;;;Conciliado;;;;Movimentado;;R$ 0,00;;R$ 179,25;R$179,25;R$ 0,00;;COELBA;MICHEL;;07/05/2025;ACEITA;MAIO;;;NÃO;;;SENHOR DO BONFIM;3.0;;;;;;;;;;;;;;;;;;;
UTEP;B-1179348;ER-CCOL-ET-ADUTORA MINA CARAIBA-RURAL;JAGUARARI;04/04/2025;11/04/2025;;6,0;;ANDERSON;;;Conciliado;;Aprovado;;Movimentado;;R$ 3.954,30;;R$ 6.526,40;R$6.526,40;R$ 40.852,13;;COELBA;DIEGO / JOÃO;;13/05/2025;ACEITA;MAIO;;;NÃO;;;SENHOR DO BONFIM;7.0;;;;;;;;;;;;;;;;;;;
UTEP;B-1160399;UB-CIND-RUA-ANA IZABEL MUNIZ-CENTRO;FILADÉLFIA;09/04/2025;11/04/2025;;4,0;;AGEU;;;Conciliado;;Aprovado;;Movimentado;;R$ 1.849,58;;R$ 12.261,70;R$12.261,70;R$ 114.492,27;;COELBA;GESONI / JOÃO;;29/04/2005;ACEITA;MAIO;;;NÃO;;;SENHOR DO BONFIM;2.0;;;;;OBRA SIMPL - APROVADO ;ENVIADO;AGUARDANDO RETORNO DE CAMPO(VERIFCAR SERVIÇO FEITO E AS BUILT);;;;;;;;;;;;
UTEP;B-1148095;ER-CIND-FAZ-MORRINHO-PEROLANDIA;QUEIMADAS;09/04/2025;10/04/2025;;8,0;;ANDERSON;;;Conciliado;;Aprovado;;Movimentado;;;;R$ 24.451,86;R$24.451,86;R$ 62.786,69;;COELBA;MARCELO / DICSON;;25/04/2025;ACEITA;MAIO;;;NÃO;;;SENHOR DO BONFIM;1.0;;;;;;;;;;;;;;;;;;;
UTEP;B-1161715;ER-CIND-POV-ENGORDA-RURAL;MONTE SANTO;10/04/2025;11/04/2025;;2,0;;AGEU;;;Conciliado;;Aprovado;;Movimentado;;;;R$ 5.912,40;R$5.912,40;R$ 19.656,30;;COELBA;OSMAR / DICSON;;29/04/2025;ACEITA;MAIO;;;NÃO;;;SENHOR DO BONFIM;1.0;;;;;OBRA SIMPL - APROVADO ;ENVIADO;;;;;;;;;;;;;
UTEP;B-1196260;ER-CIND-POV-PASSAGEM VELHA-RURAL;SENHOR DO BONFIM;10/04/2025;11/04/2025;;2,0;;AGEU;;;Conciliado;;;;Movimentado;;;;R$ 3.169,60;R$3.169,60;R$ 11.632,56;;COELBA;JOILSON / JOÃO;;08/05/2025;ACEITA;MAIO;;;NÃO;;;SENHOR DO BONFIM;1.0;;;;;;;;;;;;;;;;;;;
UTEP;B-1140220;ER-CIND-POV-FLORES-FLORES;SENHOR DO BONFIM;12/04/2025;17/04/2025;;3,0;;AGEU;;;Conciliado;;Aprovado;;Movimentado;;R$ 1.166,39;;R$ 6.062,61;R$6.062,61;R$ 36.145,28;;COELBA;OSMAR / DICSON;;10/05/2025;ACEITA;MAIO;;;NÃO;;;SENHOR DO BONFIM;5.0;;;;;OBRA SIMPL - APROVADO ;ENVIADO;;;;;;;;;;;;;
UTEP;B-1152255;ER-CIND-AV-OTAVIO FERREIRA-URBANO;QUEIMADAS;16/04/2025;17/04/2025;;1,0;;AGEU;;;Conciliado;;;;Movimentado;;;;R$ 1.496,83;R$1.496,83;R$ 7.484,15;;COELBA;JEFFERSON / DICSON;;08/05/2025;ACEITA;MAIO;;;NÃO;;;SENHOR DO BONFIM;1.0;;;;;OBRA SIMPL - APROVADO ;ENVIADO;;;;;;;;;;;;;
UTEP;B-1113154;UB-CIND-RUA-ANTONIO MENDON A 741-CALUMBI;ITIÚBA;23/10/2024;05/12/2024;;4,0;;ANDERSON;;;Conciliado;;Aprovado;;Movimentado;;;;R$ 13.421,98;R$13.421,98;R$ 19.983,72;;COELBA;UELTON / ALDAIR ;;27/05/2025;ACEITA;JUNHO;;;NÃO;;;SENHOR DO BONFIM;43.0;;;;;OBRA SIMPL - APROVADO ;ENVIADO;;;;;;;;;;;;;
UTEP;B-1144600;ER-CIND-POV-LAGOA DE CIMA-RURAL;MONTE SANTO;26/11/2024;13/12/2024;;4,0;;ANDERSON ;;;Conciliado;;Aprovado;;Movimentado;;R$ 3.280,10;;R$ 7.811,23;R$7.811,23;R$ 81.856,73;;COELBA;UELTON / OSMAR;;27/05/2025;ACEITA;JUNHO;;;NÃO;;;SENHOR DO BONFIM;17.0;;;;;;;;;;;;;;;;;;;
LPT;B-1139930;ER-CIND-POV TOCAS 100-TOCAS;NORDESTINA;16/12/2024;29/04/2025;;2,0;;ADRIANO;;;Conciliado;;;;Movimentado;;;;R$ 3.841,07;R$3.841,07;R$ 11.311,90;;COELBA;UELTON/ANAILTON;;31/05/2025;ACEITA;JUNHO;;;NÃO;;;SENHOR DO BONFIM;134.0;;;;;OBRA SIMPL - APROVADO ;ENVIADO;;;;;;;;;;;;;
LPT MED;B-1181296;MD-CIND-POV TOCAS 100-TOCAS;NORDESTINA;16/12/2024;29/04/2025;;0,0;;ADRIANO;;;Conciliado;;;;Movimentado;;;;R$ 203,92;R$203,92;R$ 553,59;;COELBA;MICHEL;;31/05/2025;ACEITA;JUNHO;;;NÃO;;;SENHOR DO BONFIM;134.0;;;;;;;;;;;;;;;;;;;
LPT KIT ;B-1180861;KT-CIND-POV TOCAS 100-TOCAS;NORDESTINA;16/12/2024;29/04/2025;;0,0;;ADRIANO;;;Conciliado;;;;Movimentado;;;;R$ 213,05;R$213,05;R$ 1.141,99;;COELBA;MICHEL;;31/05/2025;ACEITA;JUNHO;;;NÃO;;;SENHOR DO BONFIM;134.0;;;;;;;;;;;;;;;;;;;
UTEP;B-1156790;ER-CIND-ROD-MINA BARRINHA-RURAL;JAGUARARI;18/12/2024;26/04/2025;;0,0;;ADRIANO;;;Conciliado;;;;Movimentado;;;;R$ 3.191,41;R$3.191,41;R$ 24.994,26;;COELBA;DICSON /REGINALDO;;31/05/2025;ACEITA;JUNHO;;;NÃO;;;SENHOR DO BONFIM;129.0;;;;;OBRA SIMPL - APROVADO ;ENVIADO;;;;;;;;;;;;;
LPT;B-1150106;ER-CIND-POV-MANDASSAIA-RURAL;MONTE SANTO;19/12/2024;05/02/2025;;7,0;;AGEU;;;Conciliado;;Aprovado;;Movimentado;;;;R$ 18.248,79;R$18.248,79;R$ 36.517,97;;COELBA;UELTON / OSMAR ;;06/06/2025;ACEITA;JUNHO;;;NÃO;;;SENHOR DO BONFIM;48.0;;;;Alterar para o 14.1;;;;;;;;;;;;;;;
LPT KIT ;B-1179524;KT-CIND-POV-MANDASSAIA-RURAL;MONTE SANTO;19/12/2024;05/02/2025;;0,0;;AGEU;;;Conciliado;;;;Movimentado;;;;R$ 653,59;R$653,59;R$ 0,00;;COELBA;UELTON / OSMAR ;;06/06/2025;ACEITA;JUNHO;;;NÃO;;;SENHOR DO BONFIM;48.0;;;;;;;;;;;;;;;;;;;
LPT MED;B-1179525;MD-CIND-POV-MANDASSAIA-RURAL;MONTE SANTO;19/12/2024;05/02/2025;;0,0;;AGEU;;;Conciliado;;;;Movimentado;;;;R$ 539,51;R$539,51;R$ 0,00;;COELBA;UELTON / OSMAR ;;06/06/2025;ACEITA;JUNHO;;;NÃO;;;SENHOR DO BONFIM;48.0;;;;;;;;;;;;;;;;;;;
UTEP;B-1159698;ER-CIND-FAZ-XIQUE - XIQUE 204-BOQUEIRAO;MONTE SANTO;20/12/2024;12/02/2025;;3,0;;AGEU;;;Conciliado;;Aprovado;;Movimentado;;;;R$ 7.402,02;R$7.402,02;R$ 20.440,52;;COELBA;UELTON / OSMAR ;;21/05/2025;ACEITA;JUNHO;;;NÃO;;;SENHOR DO BONFIM;54.0;;;;;OBRA SIMPL - APROVADO ;ENVIADO;;;;;;;;;;;;;
LPT;B-1137475;ER-CIND-POV-MULUNGU-RURAL;SENHOR DO BONFIM;05/02/2025;26/04/2025;;6,0;;AGEU;;;Conciliado;;Aprovado;;Movimentado;;R$ 3.522,14;;R$ 11.676,60;R$11.676,60;R$ 72.398,85;;COELBA;WESLEY / JOILSON;;10/06/2025;ACEITA;JUNHO;;;NÃO;;;SENHOR DO BONFIM;80.0;;;;;;;;;;;;;;;;;;;
LPT MED;B-1155940;MD -CIND-POV-MULUNGU-RURAL;SENHOR DO BONFIM;05/02/2025;26/04/2025;;0,0;;AGEU;;;Conciliado;;;;Movimentado;;;;R$ 174,03;R$174,03;R$ 2.191,02;;COELBA;MICHEL;;10/06/2025;ACEITA;JUNHO;;;NÃO;;;SENHOR DO BONFIM;80.0;;;;;;;;;;;;;;;;;;;
LPT KIT ;B-1155937;KT-CIND-POV-MULUNGU-RURAL;SENHOR DO BONFIM;05/02/2025;26/04/2025;;0,0;;AGEU;;;Conciliado;;;;Movimentado;;;;R$ 210,84;R$210,84;R$ 5.789,68;;COELBA;MICHEL;;10/06/2025;ACEITA;JUNHO;;;NÃO;;;SENHOR DO BONFIM;80.0;;;;;;;;;;;;;;;;;;;
UTEP;B-1138085;ER-CIND-SI-GENIO 1000 --Z-RURAL;CAMPO FORMOSO;18/02/2025;26/04/2025;;8,0;;AGEU;;;Conciliado;;;;Movimentado;;;;R$ 13.701,55;R$13.701,55;R$ 51.250,03;;COELBA;DICSON / WAGNER;;04/06/2025;ACEITA;JUNHO;;;NÃO;;;SENHOR DO BONFIM;67.0;;;;;;;;;;;;;;;;;;;
UTEP;B-1143184;ER-CCOL-POV-CALDEIRAO DOS VAQ-RURAL;CANSANÇÃO;27/02/2025;29/04/2025;;11,0;;AGEU;;;Conciliado;;;;Movimentado;;;;R$ 17.759,46;R$17.759,46;R$ 44.991,11;;COELBA;ALAN/ANAILTON;;09/06/2025;ACEITA;JUNHO;;;NÃO;;;SENHOR DO BONFIM;61.0;;;;;;;;;;;;;;;;;;;
LPT;B-1166716;ER-CIND-POV-TEIU-RURAL;SENHOR DO BONFIM;11/03/2025;06/03/2025;;8,0;;ADRIANO;;;Conciliado;;;;Movimentado;;;;R$ 12.223,64;R$12.223,64;R$ 61.118,22;;COELBA;DICSON / REGINALDO;;30/05/2025;ACEITA;JUNHO;;;NÃO;;;SENHOR DO BONFIM;-5.0;;;;ERRO NOS PONTOS - AS BUILT ;;;;;;;;;;;;;;;
LPT KIT ;B-1191661;KT-CIND-POV-TEIU-RURAL;SENHOR DO BONFIM;11/03/2025;06/03/2025;;0,0;;ADRIANO;;;Conciliado;;;;Movimentado;;;;R$ 122,50;R$122,50;R$ 5.342,49;;COELBA;MICHEL;;30/05/2025;ACEITA;JUNHO;;;NÃO;;;SENHOR DO BONFIM;-5.0;;;;;;;;;;;;;;;;;;;
LPT MED;B-1191864;MD-CIND-POV-TEIU-RURAL;SENHOR DO BONFIM;11/03/2025;06/03/2025;;0,0;;ADRIANO;;;Conciliado;;;;Movimentado;;;;R$ 122,85;R$122,85;R$ 2.174,66;;COELBA;MICHEL;;30/05/2025;ACEITA;JUNHO;;;NÃO;;;SENHOR DO BONFIM;-5.0;;;;;;;;;;;;;;;;;;;
LPT;B-1182012;ER-CIND-POV-LAGE-RURAL;MONTE SANTO;15/03/2025;20/03/2025;;4,0;;ADRIANO;;;Conciliado;;;;Movimentado;;;;R$ 9.009,16;R$9.009,16;R$ 17.560,26;;COELBA;ALAN;;20/05/2025;ACEITA;JUNHO;;;NÃO;;;SENHOR DO BONFIM;5.0;;;;;;;;;;;;;;;;;;;
LPT KIT ;B-1195492;KT-CIND-POV-LAGE-RURAL;MONTE SANTO;15/03/2025;20/03/2025;;0,0;;ADRIANO;;;Conciliado;;;;Movimentado;;;;R$ 144,93;R$144,93;R$ 0,00;;COELBA;MICHEL;;20/05/2025;ACEITA;JUNHO;;;NÃO;;;SENHOR DO BONFIM;5.0;;;;;;;;;;;;;;;;;;;
LPT MED;B-1195533;MD-CIND-POV-LAGE-RURAL;MONTE SANTO;15/03/2025;20/03/2025;;0,0;;ADRIANO;;;Conciliado;;;;Movimentado;;;;R$ 173,13;R$173,13;R$ 0,00;;COELBA;MICHEL;;20/05/2025;ACEITA;JUNHO;;;NÃO;;;SENHOR DO BONFIM;5.0;;;;;;;;;;;;;;;;;;;
UTEP;B-1189378;AC-CIND-POV-BREJO DOS COELHOS-RURAL;ANTÔNIO GONÇALVES;18/03/2025;25/04/2025;;0,0;;ANDERSON;;;Conciliado;;Aprovado;;Movimentado;;R$ 2.662,54;;R$ 731,29;R$731,29;R$ 18.784,81;;COELBA;DICSON / JOILSON ;;23/05/2025;ACEITA;JUNHO;;;NÃO;;;SENHOR DO BONFIM;38.0;;;;;;;;;;;;;;;;;;;
UTEP;B-0812057;MP CIND ASSENTAMENTO CASSATINGA-RURAL;ITIUBA;21/03/2025;26/04/2025;;15,0;;AGEU;;;Conciliado;;Aprovado;;Movimentado;;;;R$ 37.550,08;R$37.550,08;R$ 55.996,51;;COELBA;ALAN / ISRAEL;;05/06/2025;ACEITA;JUNHO;;;NÃO;;;SENHOR DO BONFIM;36.0;;;;;;;;;;;;;;;;;;;
LPT;B-0787131;MP-CCOL-POV.SERRA GRANDE-RURAL;MONTE SANTO;29/03/2025;29/03/2025;;16,0;;ADRIANO;;;Conciliado;;;;Movimentado;;;;R$ 48.825,58;R$48.825,58;R$ 96.118,88;;COELBA;ALAN / OSMAR;;13/06/2025;ACEITA;JUNHO;;;NÃO;;;SENHOR DO BONFIM;0.0;;;;;;;;;;;;;;;;;;;
LPT KIT ;B-0789270;KT-CCOL-POV.SERRA GRANDE-RURAL;MONTE SANTO;29/03/2025;29/03/2025;;0,0;;ADRIANO;;;Conciliado;;;;Movimentado;;;;R$ 289,86;R$289,86;R$ 2.500,25;;COELBA;MICHEL;;13/06/2025;ACEITA;JUNHO;;;NÃO;;;SENHOR DO BONFIM;0.0;;;;;;;;;;;;;;;;;;;
LPT MED;B-0948729;MD-CCOL-POV.SERRA GRANDE-RURAL;MONTE SANTO;29/03/2025;29/03/2025;;0,0;;ADRIANO;;;Conciliado;;;;Movimentado;;;;R$ 346,26;R$346,26;R$ 249,93;;COELBA;MICHEL;;13/06/2025;ACEITA;JUNHO;;;NÃO;;;SENHOR DO BONFIM;0.0;;;;;;;;;;;;;;;;;;;
LPT;B-1013407;RR-CIND-POV-TOCAS-RURAL;MONTE SANTO;31/03/2025;23/04/2025;;17,0;;AGEU;;;Conciliado;;;;Movimentado;;;;R$ 27.049,08;R$27.049,08;R$ 133.228,73;;COELBA;OSMAR / GESONI;;16/05/2025;ACEITA;JUNHO;;;NÃO;;;SENHOR DO BONFIM;23.0;;;;;;;;;;;;;;;;;;;
LPT MED;B-1070917;MED-CIND-POV-TOCAS-RURAL;MONTE SANTO;31/03/2025;23/04/2025;;0,0;;AGEU;;;Conciliado;;;;Movimentado;;;;R$ 1.619,14;R$1.619,14;R$ 751,34;;COELBA;MICHEL;;16/05/2025;ACEITA;JUNHO;;;NÃO;;;SENHOR DO BONFIM;23.0;;;;;;;;;;;;;;;;;;;
LPT KIT ;B-1070916;KIT-CIND-POV-TOCAS-RURAL;MONTE SANTO;31/03/2025;23/04/2025;;0,0;;AGEU;;;Conciliado;;;;Movimentado;;;;R$ 2.612,11;R$2.612,11;R$ 4.602,05;;COELBA;MICHEL;;16/05/2025;ACEITA;JUNHO;;;NÃO;;;SENHOR DO BONFIM;23.0;;;;;;;;;;;;;;;;;;;
LPT;B-1090786;MP  CIND POV . LAGOA DAS CABRAS RURAL;QUEIMADAS;31/03/2025;08/04/2025;;31,0;;AGEU;;;Conciliado;;;;Movimentado;;;;R$ 87.904,86;R$87.904,86;R$ 275.154,09;;COELBA;ANAILTON / JEFFERSON;;20/05/2025;ACEITA;JUNHO;;;NÃO;;;SENHOR DO BONFIM;8.0;;;;;;;;;;;;;;;;;;;
LPT KIT ;B-1090789;KIT MP CIND POV LAGOA DAS CABRAS RURAL;QUEIMADAS;31/03/2025;08/04/2025;;0,0;;AGEU;;;Conciliado;;;;Movimentado;;;;R$ 144,93;R$144,93;R$ 2.892,80;;COELBA;MICHEL;;20/05/2025;ACEITA;JUNHO;;;NÃO;;;SENHOR DO BONFIM;8.0;;;;;;;;;;;;;;;;;;;
LPT MED;B-1090790;MED MP CIND POV LAGOA DAS CABRAS RURAL;QUEIMADAS;31/03/2025;08/04/2025;;0,0;;AGEU;;;Conciliado;;;;Movimentado;;;;R$ 173,13;R$173,13;R$ 225,51;;COELBA;MICHEL;;20/05/2025;ACEITA;JUNHO;;;NÃO;;;SENHOR DO BONFIM;8.0;;;;;;;;;;;;;;;;;;;
UTEP;B-1157312;AC-CIND-POV-LAGOA DO SACO-RURAL;MONTE SANTO;31/03/2025;17/04/2025;;5,0;;AGEU;;;Conciliado;;Aprovado;;Movimentado;;;;R$ 6.582,18;R$6.582,18;R$ 32.910,94;;COELBA;JOSE SILVA ;;20/05/2025;ACEITA;JUNHO;;;NÃO;;;SENHOR DO BONFIM;17.0;;;;;OBRA SIMPL - APROVADO ;ENVIADO;AGUARDANDO RETORNO DE CAMPO(VERIFCAR SERVIÇO FEITO E AS BUILT);;;;;;;;;;;;
LPT;B-1075226;MP CIND POV CALDEIRÃOZINHO RURAL;ITIUBA;31/03/2025;01/04/2025;;15,0;;AGEU;;;Conciliado;;Aprovado;;Movimentado;;;;R$ 30.696,21;R$30.696,21;R$ 166.859,49;;COELBA;WAGNER / ISRAEL;;05/06/2025;ACEITA;JUNHO;;;NÃO;;;SENHOR DO BONFIM;1.0;;;;PENDENTE PLACAS;;;;;;;;;;;;;;;
LPT  MED;B-1075233;MD-CIND POV CALDEIRÃOZINHO RURAL;ITIUBA;31/03/2025;01/04/2025;;0,0;;AGEU;;;Conciliado;;;;Movimentado;;;;R$ 213,05;R$213,05;R$ 215,95;;COELBA;MICHEL;;05/06/2025;ACEITA;JUNHO;;;NÃO;;;SENHOR DO BONFIM;1.0;;;;;;;;;;;;;;;;;;;
LPT KIT ;B-1075229;KT-CIND POV CALDEIRAOZINHO RURAL;ITIUBA;31/03/2025;01/04/2025;;0,0;;AGEU;;;Conciliado;;;;Movimentado;;;;R$ 122,05;R$122,05;R$ 2.676,83;;COELBA;MICHEL;;05/06/2025;ACEITA;JUNHO;;;NÃO;;;SENHOR DO BONFIM;1.0;;;;;;;;;;;;;;;;;;;
LPT;B-1107748;ER-SEIN-FAZ-NOVA ESPERANCA-RURAL-QUICE;SENHOR DO BONFIM;05/04/2025;24/04/2025;;10,0;;AGEU;;;Conciliado;;Aprovado;;Movimentado;;R$ 983,99;;R$ 17.137,28;R$17.137,28;R$ 48.911,46;;COELBA;JOILSON / JOÃO;;21/05/2025;ACEITA;JUNHO;;;NÃO;;;SENHOR DO BONFIM;19.0;;;;;;;;;;;;;;;;;;;
LPT KIT ;B-1156608;KT -SEIN-FAZ-NOVA ESPERANCA-RURAL-QUICE;SENHOR DO BONFIM;05/04/2025;24/04/2025;;0,0;;AGEU;;;Conciliado;;;;Movimentado;;;;R$ 326,80;R$326,80;R$ 8.351,03;;COELBA;MICHEL;;21/05/2025;ACEITA;JUNHO;;;NÃO;;;SENHOR DO BONFIM;19.0;;;;;;;;;;;;;;;;;;;
LPT MED;B-1156610;MD-SEIN-FAZ-NOVA ESPERANCA-RURAL-QUICE;SENHOR DO BONFIM;05/04/2025;24/04/2025;;0,0;;AGEU;;;Conciliado;;;;Movimentado;;;;R$ 269,76;R$269,76;R$ 3.233,02;;COELBA;MICHEL;;21/05/2025;ACEITA;JUNHO;;;NÃO;;;SENHOR DO BONFIM;19.0;;;;;;;;;;;;;;;;;;;
LPT;B-1125144;ER-CCOL-POV-PASSAGEM VELHA-RURAL;PINDOBAÇU;10/04/2025;11/04/2025;;11,0;;AGEU;;;Conciliado;;Aprovado;;Movimentado;;R$ 3.178,04;;R$ 14.388,52;R$17.388,52;R$ 45.152,17;;COELBA;JOILSON / JOÃO;;21/05/2025;ACEITA;JUNHO;;;NÃO;;;SENHOR DO BONFIM;1.0;;;;;;;;;;;;;;;;;;;
LPT KIT ;B-1156621;KT -CCOL-POV-PASSAGEM VELHA-RURAL;PINDOBAÇU;10/04/2025;11/04/2025;;0,0;;AGEU;;;Conciliado;;;;Movimentado;;;;R$ 187,90;R$187,90;R$ 16.645,90;;COELBA;MICHEL;;21/05/2025;ACEITA;JUNHO;;;NÃO;;;SENHOR DO BONFIM;1.0;;;;;;;;;;;;;;;;;;;
LPT MED;B-1156622;MD -CCOL-POV-PASSAGEM VELHA-RURAL;PINDOBAÇU;10/04/2025;11/04/2025;;0,0;;AGEU;;;Conciliado;;;;Movimentado;;;;R$ 269,76;R$269,76;R$ 6.453,68;;COELBA;MICHEL;;21/05/2025;ACEITA;JUNHO;;;NÃO;;;SENHOR DO BONFIM;1.0;;;;;;;;;;;;;;;;;;;
LPT;B-1093080;ER-CCOL-FAZ-VARZEA NOVA-RURAL;PINDOBAÇU;14/04/2025;25/04/2025;;6,0;;ANDERSON;;;Conciliado;;Aprovado;;Movimentado;;R$ 3.154,95;;R$ 7.728,68;R$7.728,68;R$ 51.709,46;;COELBA;DIEGO / JOÃO;;21/05/2025;ACEITA;JUNHO;;;NÃO;;;SENHOR DO BONFIM;11.0;;;;;;;;;;;;;;;;;;;
LPT MED;B-1202188;MD-CCOL-FAZ-VARZEA NOVA-RURAL;PINDOBAÇU;14/04/2025;25/04/2025;;0,0;;ANDERSON;;;Conciliado;;;;Movimentado;;;;R$ 539,51;R$539,51;R$ 5.433,70;;COELBA;MICHEL;;21/05/2025;ACEITA;JUNHO;;;NÃO;;;SENHOR DO BONFIM;11.0;;;;;;;;;;;;;;;;;;;
LPT KIT ;B-1202092;KT-CCOL-FAZ-VARZEA NOVA-RURAL;PINDOBAÇU;14/04/2025;25/04/2025;;0,0;;ANDERSON;;;Conciliado;;;;Movimentado;;;;R$ 375,80;R$375,80;R$ 0,00;;COELBA;MICHEL;;21/05/2025;ACEITA;JUNHO;;;NÃO;;;SENHOR DO BONFIM;11.0;;;;;;;;;;;;;;;;;;;
LPT;B-1114885;ER-CCOL-FAZ-LAGADISCO-RURAL;SENHOR DO BONFIM;15/04/2025;17/04/2025;;15,0;;AGEU;;;Conciliado;;;;Movimentado;;;;R$ 15.946,28;R$15.946,28;R$ 84.492,43;;COELBA;JOILSON / JOÃO;;23/05/2025;ACEITA;JUNHO;;;NÃO;;;SENHOR DO BONFIM;2.0;;;;;;;;;;;;;;;;;;;
LPT KIT ;B-1156709;KT -CCOL-FAZ-LAGADISCO-RURAL;SENHOR DO BONFIM;15/04/2025;17/04/2025;;0,0;;AGEU;;;Conciliado;;;;Movimentado;;;;R$ 579,72;R$579,72;R$ 8.351,03;;COELBA;MICHEL;;23/05/2025;ACEITA;JUNHO;;;NÃO;;;SENHOR DO BONFIM;2.0;;;;;;;;;;;;;;;;;;;
LPT MED;B-1156595;MD -CCOL-FAZ-LAGADISCO-RURAL;SENHOR DO BONFIM;15/04/2025;17/04/2025;;0,0;;AGEU;;;Conciliado;;;;Movimentado;;;;R$ 372,48;R$372,48;R$ 4.306,57;;COELBA;MICHEL;;23/05/2025;ACEITA;JUNHO;;;NÃO;;;SENHOR DO BONFIM;2.0;;;;;;;;;;;;;;;;;;;
LPT;B-0686033;MP-CCOL-FAZ. VÁRZEA DA NOVILHA COMPL.RUR;QUEIMADAS;15/04/2025;24/04/2025;;48,0;;AGEU;;;Conciliado;;Aprovado;;Movimentado;;R$ 8.298,31;;R$ 121.479,97;R$121.479,97;R$ 318.253,58;;COELBA;MARCELO / DICSON;;07/06/2025;ACEITA;JUNHO;;;NÃO;;;SENHOR DO BONFIM;9.0;;;;;;;;;;;;;;;;;;;
LPT MED;B-1188855;MD-CCOL-FAZ. VÁRZEA DA NOVILHA COMPL.RUR;QUEIMADAS;15/04/2025;24/04/2025;;0,0;;AGEU;;;Conciliado;;;;Movimentado;;;;R$ 407,83;R$407,83;R$ 0,00;;COELBA;MICHEL;;07/06/2025;ACEITA;JUNHO;;;NÃO;;;SENHOR DO BONFIM;9.0;;;;;;;;;;;;;;;;;;;
LPT KIT ;B-1188828;KT-CCOL-FAZ. VÁRZEA DA NOVILHA COMPL.RUR;QUEIMADAS;15/04/2025;24/04/2025;;0,0;;AGEU;;;Conciliado;;;;Movimentado;;;;R$ 636,40;R$636,40;R$ 0,00;;COELBA;MICHEL;;12/06/2025;ACEITA;JUNHO;;;NÃO;;;SENHOR DO BONFIM;9.0;;;;;;;;;;;;;;;;;;;
UTEP;B-1181338;UB-CIND-RUA-MARIO SAN 13-S O JORGE;SENHOR DO BONFIM;16/04/2025;05/05/2025;;5,0;;IVAN;;;Conciliado;;;;Movimentado;;;;R$ 16.099,06;R$16.099,06;R$ 21.850,15;;COELBA;JOSE / JOÃO;;14/06/2025;ACEITA;JUNHO;;;NÃO;;;SENHOR DO BONFIM;19.0;;;;;;;;;;;;;;;;;;;
UTEP;B-1190908;ER-CIND-RUA-CAPITAO ARISTIDES-COVAS;ITIÚBA;22/04/2025;22/04/2025;;0,0;;ANDERSON;;;Conciliado;;;;Movimentado;;;;R$ 1.187,72;R$1.187,72;R$ 28.002,34;;COELBA;ISRAEL / JOÃO;;20/05/2025;ACEITA;JUNHO;;;NÃO;;;SENHOR DO BONFIM;0.0;;;;;;;;;;;;;;;;;;;
LPT;B-1007792;ER-CCOL-POV-QUIXABEIRA -RURAL;CAMPO FORMOSO;23/04/2025;05/05/2025;;3,0;;IVAN;;;Conciliado;;Aprovado;;Movimentado;;R$ 3.154,95;;R$ 5.735,55;R$5.735,55;R$ 23.647,36;;COELBA;REGINALDO / JOÃO;;07/06/2025;ACEITA;JUNHO;;;NÃO;;;SENHOR DO BONFIM;12.0;;;;;OBRA SIMPL - APROVADO ;ENVIADO;;;;;;;;;;;;;
LPT MED;B-1202187;MD-CCOL-POV-QUIXABEIRA -RURAL;CAMPO FORMOSO;23/04/2025;05/05/2025;;0,0;;IVAN;;;Conciliado;;Aprovado;;Movimentado;;;;R$ 203,92;R$203,92;R$ 0,00;;COELBA;MICHEL;;31/05/2025;ACEITA;JUNHO;;;NÃO;;;SENHOR DO BONFIM;12.0;;;;;;;;;;;;;;;;;;;
LPT KIT ;B-1202091;KT-CCOL-POV-QUIXABEIRA -RURAL;CAMPO FORMOSO;23/04/2025;05/05/2025;;0,0;;IVAN;;;Conciliado;;Aprovado;;Movimentado;;;;R$ 334,81;R$334,81;R$ 0,00;;COELBA;MICHEL;;31/05/2025;ACEITA;JUNHO;;;NÃO;;;SENHOR DO BONFIM;12.0;;;;;;;;;;;;;;;;;;;
UTEP;B-1164780;UB-CIND-RUA-JOAO AVELINO SILVA-CENTRO;ITIÚBA;24/04/2025;09/05/2025;;6,0;;IVAN;;;Conciliado;;;;Movimentado;;;;R$ 9.974,46;R$9.974,46;R$ 72.555,29;;COELBA;WAGNER / JOÃO;;30/05/2005;ACEITA;JUNHO;;;NÃO;;;SENHOR DO BONFIM;15.0;;;;;;;;;;;;;;;;;;;
UTEP;B-1159887;ME-COEL-RUA-CANDIDO FONSECA-MERCADO;SENHOR DO BONFIM;24/04/2025;25/04/2025;;0,0;;ANDERSON;;;Conciliado;;;;Movimentado;;;;R$ 2.445,88;R$2.445,88;R$ 34.969,36;;COELBA;REGINALDO / JOÃO;;06/06/2025;ACEITA;JUNHO;;;NÃO;;;SENHOR DO BONFIM;1.0;;;;;OBRA SIMPL - APROVADO ;ENVIADO;;;;;;;;;;;;;
UTEP;B-1123289;ER-CIND-POV-PARELHA-RURAL;MONTE SANTO;25/04/2025;26/04/2025;;13,0;;ANDERSON;;;Conciliado;;;;Movimentado;;;;R$ 30.883,81;R$30.883,81;R$ 128.162,77;;COELBA;ANAILTON / JOÃO;;31/05/2025;ACEITA;JUNHO;;;NÃO;;;SENHOR DO BONFIM;1.0;;;;;;;;;;;;;;;;;;;
LPT;B-1144977;RR-CCOL-FAZ-JACURICI DA PONTE-RURAL;QUEIMADAS;25/04/2025;26/04/2025;;6,0;;IVAN;;;Conciliado;;;;Movimentado;;;;R$ 15.239,22;R$15.239,22;R$ 221.632,41;;COELBA;MARCELO / JOÃO;;12/06/2025;ACEITA;JUNHO;;;NÃO;;;SENHOR DO BONFIM;1.0;;;;CONTRATAR PROJETO KIT / MEDIDOR ;;;;;;;;;;;;;;;
LPT MED ;B-1210284;MD-CCOL-FAZ-JACURICI DA PONTE-RURAL;QUEIMADAS;25/04/2025;26/04/2025;;0,0;;IVAN;;;Conciliado;;;;Movimentado;;;;R$ 209,41;R$209,41;R$ 0,00;;COELBA;MICHEL;;12/06/2025;ACEITA;JUNHO;;;NÃO;;;SENHOR DO BONFIM;1.0;;;;;;;;;;;;;;;;;;;
LPT KIT ;B-1210238;KT-CCOL-FAZ-JACURICI DA PONTE-RURAL;QUEIMADAS;25/04/2025;26/04/2025;;0,0;;IVAN;;;Conciliado;;;;Movimentado;;;;R$ 145,88;R$145,88;R$ 0,00;;COELBA;MICHEL;;12/06/2025;ACEITA;JUNHO;;;NÃO;;;SENHOR DO BONFIM;1.0;;;;;;;;;;;;;;;;;;;
UTEP;B-1145662;ER-CIND-POV-QUEIMADA DE CIMA-RURAL;ANDORINHAS;28/04/2025;05/05/2025;;3,0;;IVAN;;;Conciliado;;;;Movimentado;;;;R$ 8.470,10;R$8.470,10;R$ 21.970,73;;COELBA;REGINALDO / JOÃO;;09/06/2025;ACEITA;JUNHO;;;NÃO;;;SENHOR DO BONFIM;7.0;;;;;OBRA SIMPL - APROVADO ;ENVIADO;;;;;;;;;;;;;
LPT MED;B-1201406;MD-CIND-POV-QUEIMADA DE CIMA-RURAL;ANDORINHAS;28/04/2025;05/05/2025;;0,0;;IVAN;;;Conciliado;;;;Movimentado;;;;R$ 213,05;R$213,05;R$ 0,00;;COELBA;MICHEL;;09/06/0205;ACEITA;JUNHO;;;NÃO;;;SENHOR DO BONFIM;7.0;;;;;;;;;;;;;;;;;;;
LPT KIT ;B-1201392;KT-CIND-POV-QUEIMADA DE CIMA-RURAL;ANDORINHAS ;28/04/2025;05/05/2025;;0,0;;IVAN;;;Conciliado;;;;Movimentado;;;;R$ 122,50;R$122,50;R$ 0,00;;COELBA;MICHEL;;09/06/2025;ACEITA;JUNHO;;;NÃO;;;SENHOR DO BONFIM;7.0;;;;;;;;;;;;;;;;;;;
LPT / UTEP;B-1184422;ER-CIND-POV-BOM DESPACHO-BOM DESPACHO;ITIÚBA;29/04/2025;05/05/2025;;5,0;;IVAN;;;Conciliado;;;;Movimentado;;;;R$ 8.074,80;R$8.074,80;R$ 21.178,35;;COELBA;ISRAEL / JOÃO;;31/05/2025;ACEITA;JUNHO;;;NÃO;;;SENHOR DO BONFIM;6.0;;;;SOLICITAÇAO DE ID PLANO 7;;;;;;;;;;;;;;;
LPT;B-1149648;ER-CIND-POV-RANCHARIA 512-RURAL;SENHOR DO BONFIM;08/05/2025;08/05/2025;;5,0;;IVAN;;;Conciliado;;;;Movimentado;;;;R$ 8.828,58;R$8.828,58;R$ 25.019,56;;COELBA;JOILSON / JOÃO;;11/06/2025;ACEITA;JUNHO;;;NÃO;;;SENHOR DO BONFIM;0.0;;;;;OBRA SIMPL - APROVADO ;ENVIADO;;;;;;;;;;;;;
LPT MED;B-1176123;MD-CIND-POV-RANCHARIA 512-RURAL;SENHOR DO BONFIM;08/05/2025;08/05/2025;;0,0;;IVAN;;;Conciliado;;;;Movimentado;;;;R$ 539,51;R$539,51;R$ 3.257,92;;COELBA;MICHEL;;11/06/2025;ACEITA;JUNHO;;;NÃO;;;SENHOR DO BONFIM;0.0;;;;;;;;;;;;;;;;;;;
LPT KIT ;B-1176122;KT-CIND-POV-RANCHARIA 512-RURAL;SENHOR DO BONFIM;08/05/2025;08/05/2025;;0,0;;IVAN;;;Conciliado;;;;Movimentado;;;;R$ 1.027,13;R$1.027,13;R$ 8.080,56;;COELBA;MICHEL;;11/06/2025;ACEITA;JUNHO;;;NÃO;;;SENHOR DO BONFIM;0.0;;;;;;;;;;;;;;;;;;;
UTEP;B-1197043;RC-COEL-RUA-MARINHO MOREIRA-AT S GONCALO;ITIÚBA;13/05/2025;13/05/2025;;2,0;;ANDERSON;;;Conciliado;;;;Movimentado;;;;R$ 3.191,41;R$3.191,41;R$ 16.107,96;;COELBA;WAGNER / JOÃO;;31/05/2025;ACEITA;JUNHO;;;NÃO;;;SENHOR DO BONFIM;0.0;;;;;;;;;;;;;;;;;;;
UTEP;B-1155812;FVU-RELIGADOR-SBF-01Y3-J20251;SENHOR DO BONFIM;05/09/2024;29/04/2025;;0,0;;ADRIANO;;;Conciliado;;;;Movimentado;;;;R$ 300,22;R$300,22;R$ 93.029,78;;COELBA;DICSON / REGINALDO ;;04/07/2025;ACEITA;JULHO;;;NÃO;;;SENHOR DO BONFIM;236.0;;;;;;;;;;;;;;;;;;;
UTEP;B-1125956;UB-CCOL-AV-VEREADOR OSVALDO CA-CENTR;ITIÚBA;16/09/2024;05/05/2025;;7,0;;AGEU;;;Conciliado;;;;Movimentado;;;;R$ 11.697,66;R$11.697,66;R$ 48.188,22;;COELBA;DICSON / REGINALDO ;;17/06/2025;ACEITA;JULHO;;;NÃO;;;SENHOR DO BONFIM;231.0;;;;;;;;;;;;;;;;;;;
UTEP;B-1124700;UB-CCOL-AV-15 DE NOVEMBRO-CENTRO;MONTE SANTO;21/11/2024;09/05/2025;;2,0;;ANDERSON;;;Conciliado;;;;Movimentado;;;;R$ 4.317,31;R$4.317,31;R$ 47.802,13;;COELBA;UELTON / OSMAR;;26/06/2025;ACEITA;JULHO;;;NÃO;;;SENHOR DO BONFIM;169.0;;;;;OBRA SIMPL - APROVADO ;ENVIADO;;;;;;;;;;;;;
UTEP;B-1160828;AC-EMBA-FAZ-CANABRAVA I-RURAL;SENHOR DO BONFIM;23/11/2024;26/11/2024;;0,0;;AGEU;;;Conciliado;;Aprovado;;Movimentado;;R$ 1.948,78;;R$ 130,92;R$130,92;R$ 2.899,04;;COELBA;WESLEY / ALBERTO;;15/07/2025;ACEITA;JULHO;;;NÃO;;;SENHOR DO BONFIM;3.0;;;;Pendencia de campo - ENSAIO DO TRANSFORMADOR - PLAQUETA Nº;;;;;;;;;;;;;;;
UTEP;B-1130738;AC-CIND-AV-ROBERTO SANTOS 1455-CENTRO;SENHOR DO BONFIM;29/11/2024;26/04/2025;;2,0;;AGEU;;;Conciliado;;;;Movimentado;;R$ 1.178,31;;R$ 8.364,32;R$8.364,32;R$ 47.503,42;;COELBA;DICSON / REGINALDO;;14/07/2025;ACEITA;JULHO;;;NÃO;;;SENHOR DO BONFIM;148.0;;;;;OBRA SIMPL - APROVADO ;ENVIADO;;;;;;;;;;;;;
LPT/UTEP;B-1149342;ER-CIND-FAZ-BOA VISTA-RURAL;MONTE SANTO;26/12/2024;29/04/2025;;2,0;;AGEU;;;Conciliado;;;;Movimentado;;;;R$ 3.120,48;R$3.120,48;R$ 10.550,24;;COELBA;UELTON /OSMAR;;30/06/2025;ACEITA;JULHO;;;NÃO;;;SENHOR DO BONFIM;124.0;;;;SOLICITAÇAO DE ID PLANO 7;OBRA SIMPL - APROVADO ;ENVIADO;;;;;;;;;;;;;
UTEP;B-1155444;AC-CIND-RUA DO CAMPO-QUICE;SENHOR DO BONFIM;27/12/2024;26/04/2025;;0,0;;ADRIANO;;;Conciliado;;;;Movimentado;;R$ 2.368,96;;R$ 19.747,96;R$19.474,96;R$ 49.893,87;;COELBA;DICSON/REGINALDO;;17/07/2025;ACEITA;JULHO;;;NÃO;;;SENHOR DO BONFIM;120.0;;;;;;;;;;;;;;;;;;;
UTEP;B-1094402;AC-PREF-AV-CARLOS HUMBERTO FILHO-MEDRADO;ANDORINHAS;23/01/2025;29/04/2025;;0,0;;ADRIANO;;;Conciliado;;;;Movimentado;;;;R$ 165,29;R$165,29;R$ 2.158,36;;COELBA;DICSON /REGINALDO;;13/06/2025;ACEITA;JULHO;;;NÃO;;;SENHOR DO BONFIM;96.0;;;;;OBRA SIMPL - APROVADO ;ENVIADO;;;;;;;;;;;;;
UTEP;B-1131409;AC-CIND-AV-ANTONIO LAURINDO-CENTRO;SENHOR DO BONFIM;28/01/2025;05/02/2025;;2,0;;ANDERSON;;;Conciliado;;Aprovado;;Movimentado;;R$ 3.429,10;;R$ 4.541,73;R$4.541,73;R$ 42.042,49;;COELBA;WESLEY / JOILSON;;09/07/2025;ACEITA;JULHO;;;NÃO;;;SENHOR DO BONFIM;8.0;17/03/2025;;;;OBRA SIMPL - APROVADO ;ENVIADO;AGUARDANDO RETORNO DE CAMPO(FOTOS);;;;;;;;;;;;
UTEP;B-1173976;RR-CIND-POV- TANQUINHO-RURAL;NORDESTINA;11/02/2025;29/04/2025;;0,0;;ADRIANO;;;Conciliado;;;;Movimentado;;;;R$ 869,70;R$869,70;R$ 19.953,86;;COELBA;ALAN /ANAILTON;;17/06/2025;ACEITA;JULHO;;;NÃO;;;SENHOR DO BONFIM;77.0;;;;;OBRA SIMPL - APROVADO ;ENVIADO;;;;;;;;;;;;;
LPT;B-1089429;MP CIND FAZ MANCAMBIRA RURAL;SENHOR DO BONFIM;28/02/2025;26/04/2025;;24,0;;AGEU;;;Conciliado;;;;Movimentado;;;;R$ 44.880,24;R$44.880,24;R$ 223.112,21;;COELBA;DICSON/JOILSON;;26/06/2025;ACEITA;JULHO;;;NÃO;;;SENHOR DO BONFIM;57.0;;;;;;;;;;;;;;;;;;;
LPT MED;B-1089431;MED MP CIND FAZ MANCAMBIRA RURAL;SENHOR DO BONFIM;28/02/2025;26/04/2025;;0,0;;AGEU;;;Conciliado;;;;Movimentado;;;;R$ 269,76;R$269,76;R$ 676,52;;COELBA;MICHEL;;26/06/2025;ACEITA;JULHO;;;NÃO;;;SENHOR DO BONFIM;57.0;;;;;;;;;;;;;;;;;;;
LPT KIT ;B-1089430;KIT MP CIN DFZA MANCAMBIRA RURAL;SENHOR DO BONFIM;28/02/2025;26/04/2025;;0,0;;AGEU;;;Conciliado;;;;Movimentado;;;;R$ 652,47;R$652,47;R$ 21.011,29;;COELBA;MICHEL;;11/06/2025;ACEITA;JULHO;;;NÃO;;;SENHOR DO BONFIM;57.0;;;;;;;;;;;;;;;;;;;
LPT;B-0984449;RR-CIND-FZ ANGICO-ANGICO;MONTE SANTO;28/02/2025;29/04/2025;;35,0;;AGEU;;;Conciliado;;Aprovado;;Movimentado;;R$ 1.849,58;;R$ 61.229,40;R$61.229,40;R$ 157.674,19;;COELBA;ALAN/OSMAR ;;03/07/2025;ACEITA;JULHO;;;NÃO;;;SENHOR DO BONFIM;60.0;;;;ALTERAR O ID DO PROJETO DO MEDIDOR ;;;;;;;;;;;;;;;
LPT MED;B-0990458;MD-CIND-FZ ANGICO-ANGICO;MONTE SANTO;28/02/2025;29/04/2025;;0,0;;AGEU;;;Conciliado;;;;Movimentado;;;;R$ 226,90;R$226,90;R$ 523,67;;COELBA;MICHEL;;03/07/2025;ACEITA;JULHO;;;NÃO;;;SENHOR DO BONFIM;60.0;;;;;;;;;;;;;;;;;;;
LPT KIT ;B-0990465;KT-CIND-FZ ANGICO-ANGICO;MONTE SANTO;28/02/2025;29/04/2025;;0,0;;AGEU;;;Conciliado;;;;Movimentado;;;;R$ 266,40;R$266,40;R$ 3.745,05;;COELBA;MICHEL;;03/07/2025;ACEITA;JULHO;;;NÃO;;;SENHOR DO BONFIM;60.0;;;;;;;;;;;;;;;;;;;
LPT;B-1089356;MP-CCOL-FAZ.VARZEA DA NOVILHA RURAL;QUEIMADAS;26/03/2025;28/03/2025;;43,0;;ADRIANO;;;Conciliado;;;;Movimentado;;;;R$ 126.149,44;R$126.149,44;R$ 356.368,89;;COELBA;ALAN / MARCELO;;11/07/2025;ACEITA;JULHO;;;NÃO;;;SENHOR DO BONFIM;2.0;;;;;;;;;;;;;;;;;;;
LPT MED ;B-1089357;MED MP CIND FAZ VARZEA DA NOVILHA RURAL;QUEIMADAS;26/03/2025;28/03/2025;;0,0;;ADRIANO;;;Conciliado;;;;Movimentado;;;;R$ 258,88;R$226,90;R$ 451,01;;COELBA;MICHEL;;11/07/2025;ACEITA;JULHO;;;NÃO;;;SENHOR DO BONFIM;2.0;;;;;;;;;;;;;;;;;;;
LPT KIT ;B-1089359;KIT MP CIND FAZ VARZEA DA NOVILHA RURAL;QUEIMADAS;26/03/2025;28/03/2025;;0,0;;ADRIANO;;;Conciliado;;;;Movimentado;;;;R$ 427,50;R$427,50;R$ 6.114,18;;COELBA;MICHEL;;11/07/2025;ACEITA;JULHO;;;NÃO;;;SENHOR DO BONFIM;2.0;;;;;;;;;;;;;;;;;;;
LPT;B-0939786;RR-CIND-FAZ LARANJEIRAS-RURAL-QMD;QUEIMADAS;29/03/2025;29/03/2025;;14,0;;AGEU;;;Conciliado;;;;Movimentado;;;;R$ 40.370,01;R$40.370,01;R$ 59.659,39;;COELBA;ALAN / JEFFERSON;;03/07/2025;ACEITA;JULHO;;;NÃO;;;SENHOR DO BONFIM;0.0;;;;;;;;;;;;;;;;;;;
LPT MED;B-1200913;MD-CIND-FAZ LARANJEIRAS-RURAL-QMD;QUEIMADAS;29/03/2025;29/03/2025;;0,0;;AGEU;;;Conciliado;;;;Movimentado;;;;R$ 717,01;R$717,01;R$ 0,00;;COELBA;MICHEL;;03/07/2025;ACEITA;JULHO;;;NÃO;;;SENHOR DO BONFIM;0.0;;;;;;;;;;;;;;;;;;;
LPT KIT ;B-1201123;KT-CIND-FAZ LARANJEIRAS-RURAL-QMD;QUEIMADAS;29/03/2025;29/03/2025;;0,0;;AGEU;;;Conciliado;;;;Movimentado;;;;R$ 652,47;R$652,47;R$ 0,00;;COELBA;MICHEL;;03/07/2025;ACEITA;JULHO;;;NÃO;;;SENHOR DO BONFIM;0.0;;;;;;;;;;;;;;;;;;;
UTEP;B-1160634;RC-CIND-POV-LIMOEIRO-RURAL;CAMPO FORMOSO;31/03/2025;11/04/2025;;55,0;;ADRIANO;;;Conciliado;;Aprovado;;Movimentado;;R$ 131.934,47;;R$ 172.713,81;R$172.713,81;R$ 644.115,98;;COELBA;DICSON / JOSE SILVA ;;22/07/2025;ACEITA;JULHO;;;NÃO;;;SENHOR DO BONFIM;11.0;;;;;;;;;;;;;;;;;;;
UTEP;B-1176815;RR-CIND POV V COMPRIDA VARZEA COMPRIDA;PINDOBAÇU;14/04/2025;26/04/2025;;22,0;;ANDERSON;;;Conciliado;;;;Movimentado;;;;R$ 56.239,54;R$56.239,54;R$ 160.254,09;;COELBA;WAGNER / JOÃO;;12/06/2025;ACEITA;JULHO;;;NÃO;;;SENHOR DO BONFIM;12.0;;;;;;;;;;;;;;;;;;;
UTEP;B-1121146;ER-CIND-POV-LAGOA DO TANQUE-CENTRO;ITIÚBA;15/04/2025;05/05/2025;;11,0;;AGEU;;;Conciliado;;;;Movimentado;;R$ 13.522,11;;R$ 22.479,17;R$22.479,17;R$ 159.250,90;;COELBA;ISRAEL / JOÃO;;15/07/2025;ACEITA;JULHO;;;NÃO;;;SENHOR DO BONFIM;20.0;;;;;;;;;;;;;;;;;;;
UTEP;B-0913817;RR-CIND-FAZ PEDRA-LAGE-MTS;MONTE SANTO;24/04/2025;25/04/2025;;13,0;;ANDERSON;;;Conciliado;;;;Movimentado;;;;R$ 38.197,29;R$38.197,29;R$ 60.351,13;;COELBA;OSMAR / DICSON;;02/06/2025;ACEITA;JULHO;;;NÃO;;;SENHOR DO BONFIM;1.0;;;;;;;;;;;;;;;;;;;
LPT;B-1078156;LD CIND POV ALAGADIÇO RURAL JQR;JAGUARARI;26/04/2025;07/06/2025;;12,0;;IVAN;;;Conciliado;;;;Movimentado;;R$ 2.206,82;;R$ 21.620,42;R$21.620,42;R$ 97.029,27;;COELBA;REGINALDO / JOÃO;;10/07/2025;ACEITA;JULHO;;;NÃO;;;SENHOR DO BONFIM;42.0;;;;;;;;;;;;;;;;;;;
LPT MED;B-1083926;MED  LD CIND POV ALAGADICO RURAL JQR;JAGUARARI;26/04/2025;07/06/2025;;0,0;;IVAN;;;Conciliado;;;;Movimentado;;;;R$ 692,54;R$692,54;R$ 453,74;;COELBA;MICHEL;;10/07/2025;ACEITA;JULHO;;;NÃO;;;SENHOR DO BONFIM;42.0;;;;;;;;;;;;;;;;;;;
LPT KIT ;B-1083925;KIT LD CIND POV ALAGADI O RURAL JQR;JAGUARARI;26/04/2025;07/06/2025;;0,0;;IVAN;;;Conciliado;;;;Movimentado;;;;R$ 236,82;R$236,82;R$ 5.953,65;;COELBA;MICHEL;;10/07/2025;ACEITA;JULHO;;;NÃO;;;SENHOR DO BONFIM;42.0;;;;;;;;;;;;;;;;;;;
LPT;B-1185144;ER-CIND-POV-TANQUE DAS VARAS-831;ANDORINHAS;28/04/2025;05/05/2025;;4,0;;IVAN;;;Conciliado;;;;Movimentado;;;;R$ 9.402,13;R$9.402,13;R$ 17.353,86;;COELBA;REGINALDO / JOÃO;;03/07/2025;ACEITA;JULHO;;;NÃO;;;SENHOR DO BONFIM;7.0;;;;;;;;;;;;;;;;;;;
LPT MED;B-1196817;MD-CIND-POV-TANQUE DAS VARAS-831;ANDORINHAS;28/04/2025;05/05/2025;;0,0;;IVAN;;;Conciliado;;;;Movimentado;;;;R$ 122,85;R$122,85;R$ 0,00;;COELBA;MICHEL;;03/07/2025;ACEITA;JULHO;;;NÃO;;;SENHOR DO BONFIM;7.0;;;;;;;;;;;;;;;;;;;
LPT KIT ;B-1196789;KT-CIND-POV-TANQUE DAS VARAS-831;ANDORINHAS;28/04/2025;05/05/2025;;0,0;;IVAN;;;Conciliado;;;;Movimentado;;;;R$ 122,50;R$122,50;R$ 0,00;;COELBA;MICHEL;;03/07/2025;ACEITA;JULHO;;;NÃO;;;SENHOR DO BONFIM;7.0;;;;;;;;;;;;;;;;;;;
LPT;B-1044483;MP-CCOL-POV.CACIMBINHA-RURAL;CAMPO FORMOSO;29/04/2025;26/05/2025;;316,0;;ANDERSON;;;Conciliado;;;;Movimentado;;;;R$ 338.225,80;R$338.225,80;R$ 3.821.930,63;;COELBA;ALDAIR / EDVALDO / DICSON;;13/06/2025;ACEITA;JULHO;;;NÃO;;;SENHOR DO BONFIM;27.0;;;;;;;;;;;;;;;;;;;
LPT MED;B-1053254;MED MP-CIND-POV CACIMBINHA-RURAL;CAMPO FORMOSO;29/04/2025;26/05/2025;;0,0;;ANDERSON;;;Conciliado;;;;Movimentado;;;;R$ 7.726,50;R$7.726,50;R$ 6.262,30;;COELBA;MICHEL;;13/06/2025;ACEITA;JULHO;;;NÃO;;;SENHOR DO BONFIM;27.0;;;;;;;;;;;;;;;;;;;
LPT KIT ;B-1053253;KIT MP-CIND-POV CACIMBINHA-RURAL;CAMPO FORMOSO;29/04/2025;26/05/2025;;0,0;;ANDERSON;;;Conciliado;;;;Movimentado;;;;R$ 19.974,86;R$19.974,86;R$ 74.747,62;;COELBA;MICHEL;;13/06/2025;ACEITA;JULHO;;;NÃO;;;SENHOR DO BONFIM;27.0;;;;;;;;;;;;;;;;;;;
UTEP;B-1181827;AC-CIND-RUA-OSVALDO JOSE -NOVA QUEIMADA;QUEIMADAS;30/04/2025;30/04/2025;;1,0;;AGEU;;;Conciliado;;;;Movimentado;;;;R$ 3.753,03;R$3.753,03;R$ 8.835,60;;COELBA;MARCELO / DICSON;;26/06/2025;ACEITA;JULHO;;;NÃO;;;SENHOR DO BONFIM;0.0;;;;;;;;;;;;;;;;;;;
LPT;B-1063282;MP CIND POV FAZEDINHA RURAL;NORDESTINA;30/04/2025;30/04/2025;;16,0;;ANDERSON;;;Conciliado;;Aprovado;;Movimentado;;;;R$ 40.773,81;R$40.773,81;R$ 145.809,63;;COELBA;JEFFERSON / MARCELO / DICSON;;04/07/2025;ACEITA;JULHO;;;NÃO;;;SENHOR DO BONFIM;0.0;;;;;;;;;;;;;;;;;;;
LPT MED;B-1063286;MED MP CIND POV FAZENDINHA RURAL;NORDESTINA;30/04/2025;30/04/2025;;0,0;;ANDERSON;;;Conciliado;;;;Movimentado;;;;R$ 1.416,02;R$1.416,02;R$ 1.079,76;;COELBA;MICHEL;;04/07/2025;ACEITA;JULHO;;;NÃO;;;SENHOR DO BONFIM;0.0;;;;;;;;;;;;;;;;;;;
LPT KIT ;B-1063285;KIT MP CIND POV FAZENDINHA RURAL;NORDESTINA;30/04/2025;30/04/2025;;0,0;;ANDERSON;;;Conciliado;;;;Movimentado;;;;R$ 4.538,32;R$4.538,32;R$ 13.055,48;;COELBA;MICHEL;;04/07/2025;ACEITA;JULHO;;;NÃO;;;SENHOR DO BONFIM;0.0;;;;;;;;;;;;;;;;;;;
LPT;B-1127905;RR-CCOL-POV-BARAUNA-RURAL;ANDORINHAS;08/05/2025;22/05/2025;;38,0;;IVAN;;;Conciliado;;Aprovado;;Movimentado;;R$ 1.605,88;;R$ 109.896,63;R$109.896,63;R$ 259.844,28;;COELBA;JOSE / JOÃO;;17/06/2025;ACEITA;JULHO;;;NÃO;;;SENHOR DO BONFIM;14.0;;;;;;;;;;;;;;;;;;;
LPT MED;B-1199078;MD-CCOL-POV-BARAUNA-RURAL;ANDORINHAS;08/05/2025;22/05/2025;;0,0;;IVAN;;;Conciliado;;;;Movimentado;;;;R$ 891,52;R$891,52;R$ 4.346,96;;COELBA;MICHEL;;17/06/2025;ACEITA;JULHO;;;NÃO;;;SENHOR DO BONFIM;14.0;;;;;;;;;;;;;;;;;;;
LPT KIT ;B-1198888;KT-CCOL-POV-BARAUNA-RURAL;ANDORINHAS ;08/05/2025;22/05/2025;;0,0;;IVAN;;;Conciliado;;;;Movimentado;;;;R$ 2.722,99;R$2.722,99;R$ 8.696,52;;COELBA;MICHEL;;12/06/2025;ACEITA;JULHO;;;NÃO;;;SENHOR DO BONFIM;14.0;;;;;;;;;;;;;;;;;;;
LPT;B-1108136;ER-CIND-POV-CARIACA DE CIMA-RURAL-CARIAC;SENHOR DO BONFIM;09/05/2025;09/05/2025;;30,0;;IVAN;;;Conciliado;;;;Movimentado;;R$ 2.760,10;;R$ 50.472,71;R$50.472,71;R$ 247.123,69;;COELBA;REGINALDO / JOILSON / JOÃO;;11/07/2025;ACEITA;JULHO;;;NÃO;;;SENHOR DO BONFIM;0.0;;;;;;;;;;;;;;;;;;;
LPT MED;B-1156613;MD -CIND-POV-CARIACA DE CIMA-RURAL-CARIA;SENHOR DO BONFIM;09/05/2025;09/05/2025;;0,0;;IVAN;;;Conciliado;;;;Movimentado;;;;R$ 717,01;R$717,01;R$ 9.674,34;;COELBA;MICHEL;;11/07/2025;ACEITA;JULHO;;;NÃO;;;SENHOR DO BONFIM;0.0;;;;;;;;;;;;;;;;;;;
LPT KIT ;B-1156612;KT -CIND-POV-CARIACA DE CIMA-RURAL-CARIA;SENHOR DO BONFIM;09/05/2025;09/05/2025;;0,0;;IVAN;;;Conciliado;;;;Movimentado;;;;R$ 1.517,89;R$1.517,89;R$ 24.990,76;;COELBA;MICHEL;;11/07/2025;ACEITA;JULHO;;;NÃO;;;SENHOR DO BONFIM;0.0;;;;;;;;;;;;;;;;;;;
UTEP;B-1168948;UB-CIND-CA-08 98566-BONFIM III;SENHOR DO BONFIM;23/05/2025;05/06/2025;;0,0;;IVAN;;;Conciliado;;;;Movimentado;;;;R$ 704,53;R$704,53;R$ 3.046,49;;COELBA;JOILSON/ JOÃO;;01/07/2025;ACEITA;JULHO;;;NÃO;;;SENHOR DO BONFIM;13.0;;;;;OBRA SIMPL - APROVADO ;ENVIADO;;;;;;;;;;;;;
LPT;B-1144826;ER-CCOL-FAZ-SANTO ANTONIO-RURAL;SENHOR DO BONFIM;23/05/2025;26/05/2025;;70,0;;ADRIANO;;;Conciliado;;Aprovado;;Movimentado;;R$ 733,40;;R$ 178.129,41;R$178.129,41;R$ 517.868,96;;COELBA;JEFFERSON / MARCELO / DICSON;;03/07/2025;ACEITA;JULHO;;;NÃO;;;SENHOR DO BONFIM;3.0;;;;;;;;;;;;;;;;;;;
LPT MED;B-1204479;MD-CCOL-FAZ-SANTO ANTONIO-RURAL;SENHOR DO BONFIM;23/05/2025;26/05/2025;;0,0;;ADRIANO;;;Conciliado;;;;Movimentado;;;;R$ 3.560,31;R$3.560,31;R$ 0,00;;COELBA;MICHEL;;03/07/2025;ACEITA;JULHO;;;NÃO;;;SENHOR DO BONFIM;3.0;;;;;;;;;;;;;;;;;;;
LPT KIT ;B-1204342;KT-CCOL-FAZ-SANTO ANTONIO-RURAL;SENHOR DO BONFIM;23/05/2025;26/05/2025;;0,0;;ADRIANO;;;Conciliado;;;;Movimentado;;;;R$ 5.324,45;R$5.324,45;R$ 0,00;;COELBA;MICHEL;;03/07/2025;ACEITA;JULHO;;;NÃO;;;SENHOR DO BONFIM;3.0;;;;;;;;;;;;;;;;;;;
UTEP;B-1181548;ER-CCOL-POV SAO MIGUEL-RURAL-JAGUARARI;JAGUARARI;27/05/2025;09/06/2025;;7,0;;IVAN;;;Conciliado;;;;Movimentado;;;;R$ 13.441,94;R$13.441,94;R$ 60.207,43;;COELBA;REGINALDO/JOAO;;10/07/2025;ACEITA;JULHO;;;NÃO;;;SENHOR DO BONFIM;13.0;;;;;;;;;;;;;;;;;;;
LPT ;B-1169863;ER CIND ANTONIO JOAQUIM DE BARROS RURAL;PINDOBAÇU;29/05/2025;29/05/2025;;6,0;;IVAN;;;Conciliado;;;;Movimentado;;;;R$ 10.439,59;R$10.439,59;R$ 57.718,43;;COELBA;EDVALDO/JOAO;;04/07/2025;ACEITA;JULHO;;;NÃO;;;SENHOR DO BONFIM;0.0;;;;;;;;;;;;;;;;;;;
LPT MED;B-1209821;MD-CIND ANTONIO JOAQUIM DE BARROS RURAL;PINDOBAÇU;29/05/2025;29/05/2025;;0,0;;IVAN;;;Conciliado;;;;Movimentado;;;;R$ 320,95;R$320,95;R$ 0,00;;COELBA;MICHEL;;04/07/2025;ACEITA;JULHO;;;NÃO;;;SENHOR DO BONFIM;0.0;;;;;;;;;;;;;;;;;;;
LPT KIT ;B-1209820;KT-CIND ANTONIO JOAQUIM DE BARROS RURAL;PINDOBAÇU;29/05/2025;29/05/2025;;0,0;;IVAN;;;Conciliado;;;;Movimentado;;;;R$ 228,50;R$228,50;R$ 0,00;;COELBA;MICHEL;;04/07/2025;ACEITA;JULHO;;;NÃO;;;SENHOR DO BONFIM;0.0;;;;;;;;;;;;;;;;;;;
LPT;B-1139854;ER-CIND-POV-TANQUINHO-RURAL;ANDORINHAS;29/05/2025;18/06/2025;;2,0;;IVAN;;;Conciliado;;;;Movimentado;;;;R$ 7.696,00;R$7.696,00;R$ 23.775,79;;COELBA;ISRAEL/JOAO;;05/07/2025;ACEITA;JULHO;;;NÃO;;;SENHOR DO BONFIM;20.0;;;;;OBRA SIMPL - APROVADO ;ENVIADO;;;;;;;;;;;;;
LPT MED;B-1195535;MD-CIND-POV-TANQUINHO-RURAL;ANDORINHAS;29/05/2025;18/06/2025;;0,0;;IVAN;;;Conciliado;;;;Movimentado;;;;R$ 164,18;R$164,18;R$ 1.086,74;;COELBA;MICHEL;;05/07/2025;ACEITA;JULHO;;;NÃO;;;SENHOR DO BONFIM;20.0;;;;;;;;;;;;;;;;;;;
LPT KIT ;B-1195494;KT-CIND-POV-TANQUINHO-RURAL;ANDORINHAS;29/05/2025;18/06/2025;;0,0;;IVAN;;;Conciliado;;;;Movimentado;;;;R$ 236,82;R$236,82;R$ 2.174,12;;COELBA;MICHEL;;05/07/2025;ACEITA;JULHO;;;NÃO;;;SENHOR DO BONFIM;20.0;;;;;;;;;;;;;;;;;;;
LPT;B-0734029;MP-CCOL-POV VARZEA COMPRIDA 141-B-RURAL;PINDOBAÇU;30/05/2025;06/06/2025;;121,0;;AGEU;;;Conciliado;;Aprovado;;Movimentado;;;;R$ 133.246,38;R$133.246,38;R$ 429.878,28;;COELBA;EDVALDO/GESONI/JOAO;;07/07/2025;ACEITA;JULHO;;;NÃO;;;SENHOR DO BONFIM;7.0;;;;;;;;;;;;;;;;;;;
LPT MED;B-0944026;MD-CCOL-POV VARZEA COMPRIDA 141-B-RURAL;PINDOBAÇU ;30/05/2025;06/06/2025;;0,0;;AGEU;;;Conciliado;;;;Movimentado;;;;R$ 1.623,89;R$1.623,89;R$ 3.249,08;;COELBA;MICHEL;;07/07/2025;ACEITA;JULHO;;;NÃO;;;SENHOR DO BONFIM;7.0;;;;;;;;;;;;;;;;;;;
LPT KIT ;B-0757364;KT-CCOL-POV VARZEA COMPRIDA 141-B-RURAL;PINDOBAÇU;30/05/2025;06/06/2025;;0,0;;AGEU;;;Conciliado;;;;Movimentado;;;;R$ 5.281,13;R$5.281,13;R$ 20.574,41;;COELBA;MICHEL;;07/07/2025;ACEITA;JULHO;;;NÃO;;;SENHOR DO BONFIM;7.0;;;;;;;;;;;;;;;;;;;
UTEP;B-1191012;ER-CIND-POV-TRES MORROS 136-RURAL;SENHOR DO BONFIM;31/05/2025;05/06/2025;;1,0;;IVAN;;;Conciliado;;;;Movimentado;;;;R$ 1.827,93;R$1.827,93;R$ 7.501,49;;COELBA;ISRAEL/JOAO;;04/07/2025;ACEITA;JULHO;;;NÃO;;;SENHOR DO BONFIM;5.0;;;;;;;;;;;;;;;;;;;
UTEP;B-1149688;UB-CIND-RUA-JO O M DE ANDRADE-CENTRO;QUEIMADAS;31/05/2025;31/05/2025;;3,0;;ANDERSON;;;Conciliado;;;;Movimentado;;;;R$ 7.260,42;R$7.260,42;R$ 25.487,13;;COELBA;JEFFERSON/DICSON;;08/07/2025;ACEITA;JULHO;;;NÃO;;;SENHOR DO BONFIM;0.0;;;;;OBRA SIMPL - APROVADO ;ENVIADO;;;;;;;;;;;;;
UTEP;B-1196174;ER-CIND-POV-LAGOA PEIXE-RURAL - SENHOR;SENHOR DO BONFIM;31/05/2025;05/06/2025;;1,0;;IVAN;;;Conciliado;;;;Movimentado;;;;R$ 1.827,93;R$1.827,93;R$ 7.848,50;;COELBA;ISRAEL/JOAO;;07/07/2025;ACEITA;JULHO;;;NÃO;;;SENHOR DO BONFIM;5.0;;;;ALTERAR ID PLANO 7 ;;;;;;;;;;;;;;;
UTEP;B-1202056;ER-CIND-POV-BARRAGEM VELHA-JAGUARARI;JAGUARARI;04/06/2025;05/06/2025;;2,0;;ANDERSON;;;Conciliado;;;;Movimentado;;;;R$ 3.494,63;R$3.494,63;R$ 14.665,30;;COELBA;REGINALDO/JOAO;;25/06/2025;ACEITA;JULHO;;;NÃO;;;SENHOR DO BONFIM;1.0;;;;;;;;;;;;;;;;;;;
UTEP;B-1195749;UB-CIND-RUA-CIRIACO ROCHA-CENTRO;PINDOBACU;05/06/2025;19/06/2025;;2,0;;IVAN;;;Conciliado;;;;Movimentado;;;;R$ 3.665,74;R$3.665,74;R$ 10.681,56;;COELBA;EDVALDO/JOAO;;03/07/2025;ACEITA;JULHO;;;NÃO;;;SENHOR DO BONFIM;14.0;;;;;;;;;;;;;;;;;;;
LPT ;B-1165857;ER CIND FZ CACUCAR RURAL;SENHOR DO BONFIM;12/06/2025;12/06/2025;;8,0;;ANDERSON;;;Conciliado;;;;Movimentado;;;;R$ 13.576,81;R$13.576,81;R$ 56.468,84;;COELBA;REGINALDO/JOAO;;04/07/2025;ACEITA;JULHO;;;NÃO;;;SENHOR DO BONFIM;0.0;;;;;;;;;;;;;;;;;;;
LPT MED;B-1207961;MD-CIND FZ CACUCAR RURAL;SENHOR DO BONFIM;12/06/2025;12/06/2025;;0,0;;ANDERSON;;;Conciliado;;;;Movimentado;;;;R$ 717,01;R$717,01;R$ 0,00;;COELBA;MICHEL;;04/07/2025;ACEITA;JULHO;;;NÃO;;;SENHOR DO BONFIM;0.0;;;;;;;;;;;;;;;;;;;
LPT KIT ;B-1207727;KT-CIND FZ CACUCAR RURAL;SENHOR DO BONFIM;12/06/2025;12/06/2025;;0,0;;ANDERSON;;;Conciliado;;;;Movimentado;;;;R$ 652,47;R$652,47;R$ 0,00;;COELBA;MICHEL;;04/07/2025;ACEITA;JULHO;;;NÃO;;;SENHOR DO BONFIM;0.0;;;;;;;;;;;;;;;;;;;
UTEP;B-1114891;ER-CCOL-FAZ-CACUCAR-RURAL;SENHOR DO BONFIM;12/06/2025;18/06/2025;;3,0;;IVAN;;;Conciliado;;;;Movimentado;;;;R$ 5.179,67;R$5.179,67;R$ 16.384,74;;COELBA;JOILSON/JOAO;;04/07/2025;ACEITA;JULHO;;;NÃO;;;SENHOR DO BONFIM;6.0;;;;CLIENTE LIGADO COMO VARREDURA - ALTERAR ID ;OBRA SIMPL - APROVADO ;ENVIADO;;;;;;;;;;;;;
UTEP;B-1199258;ER-CIND-FAZ-BARAUNA-RURAL;QUEIMADAS;17/06/2025;19/06/2025;;1,0;;ANDERSON;;;Conciliado;;;;Movimentado;;;;R$ 3.233,85;R$3.233,85;R$ 32.236,96;;COELBA;MARCELO/DICSON;;03/07/2025;ACEITA;JULHO;;;NÃO;;;SENHOR DO BONFIM;2.0;;;;;;;;;;;;;;;;;;;
UTEP;B-1187662;ER-CIND-FAZ-PONTE NOVA 130-RURAL;QUEIMADAS;20/06/2025;20/06/2025;;9,0;;AGEU;;;Conciliado;;;;Movimentado;;;;R$ 25.760,13;R$25.760,13;R$ 31.643,38;;COELBA;MARCELO/DICSON;;14/07/2025;ACEITA;JULHO;;;NÃO;;;SENHOR DO BONFIM;0.0;;;;;;;;;;;;;;;;;;;
UTEP;B-1146420;PR-PREF-PR -EVERALDO PROCOCIO-CENTRO;QUEIMADAS;20/05/2024;31/05/2024;;0,0;;RAFAELA;;;Solicitado;;;;Movimentado;;;;R$ 1.190,37;R$1.190,37;R$ 21.852,63;;COELBA;UELTON/ANAILTON;;16/01/2024;ACEITA;JANEIRO;;22/01/2025;NÃO;;;SENHOR DO BONFIM;11.0;;;18/07/2024;PENDENTE MOVIMENTAR ;;;;;;;;;;;;;;;
UTEP;B-1148544;PR-COEL-AV-PARQUE DA CIDADE-MARISTA;SENHOR DO BONFIM ;12/06/2024;18/06/2024;;0,0;;RAFAELA;;;Solicitado;;;;Movimentado;;;;R$ 977,23;R$977,23;R$ 24.528,21;;COELBA;CARLOS AUGUSTO/ REGINALDO;;07/08/2024;ACEITA;JANEIRO;;27/01/2025;NÃO;;;SENHOR DO BONFIM;6.0;;;18/07/2024;PENDENTE MOVIMENTAR ;;;;;;;;;;;;;;;
UTEP;B-1148543;PR-COEL-AV-PARQUE DA CIDADE-MARISTA;SENHOR DO BONFIM ;14/06/2024;14/06/2024;;0,0;;RAFAELA;;;Solicitado;;;;Movimentado;;;;R$ 977,23;R$977,23;R$ 22.928,96;;COELBA;CARLOS AUGUSTO / JOILSON ;;17/01/2025;ACEITA;JANEIRO;;;NÃO;;;SENHOR DO BONFIM;0.0;;;18/07/2024;PENDENTE 222 REMO CRIAR ;;;;;;;;;;;;;;;
UTEP;B-1055379;RR-CIND-FAZ-SOLIDADE -RURAL-CEL JOAO BOR;QUEIMADAS;26/09/2024;27/09/2024;;7,0;;RAFAELA;;;Conciliado;;Aprovado;;Movimentado;;;;R$ 12.245,28;R$12.245,28;R$ 45.704,35;;COELBA;DICSON / ALDAIR;;17/01/2025;ACEITA;JANEIRO;;;NÃO;;;SENHOR DO BONFIM;1.0;16/01/2025;;;;;;;;;;;;;;;;;;
UTEP;B-1148549;UB-CIND-RUA-TARCISIO VIEIRA MELO-CENTRO;QUEIMADAS;16/10/2024;23/10/2024;;6,0;;RAFAELA;;;Conciliado;;Aprovado;;Movimentado;;;;R$ 11.657,26;R$11.657,26;R$ 24.201,23;;COELBA;UELTON / JEFFERSON;;14/01/2025;ACEITA;JANEIRO;;18/01/2025;NÃO;;;SENHOR DO BONFIM;7.0;09/01/2025;;;assinatura italo ;;;;;;;;;;;;;;;
UTEP;B-1136930;ER-CIND-POV-ROMULO CAMPOS-RURAL;ITIÚBA;09/11/2024;26/11/2024;;2,0;;RAFAELA;;;Conciliado;;;;Movimentado;;;;R$ 3.449,62;R$3.449,62;R$ 11.671,56;;COELBA;UELTON / ISRAEL;;08/01/2025;ACEITA;JANEIRO;;;NÃO;;;SENHOR DO BONFIM;17.0;14/12/2024;;;;;;;;;;;;;;;;;;
UTEP;B-1139851;ER-CIND-ET-ALTO DA VACELA KM40-CANSANCAO;CANSANÇÃO;12/11/2024;05/12/2024;;7,0;;RAFAELA;;;Conciliado;;Aprovado;;Movimentado;;;;R$ 20.776,86;R$20.776,86;R$ 44.528,22;;COELBA;UELTON / ANAILTON ;;16/01/2025;ACEITA;JANEIRO;;17/01/2025;NÃO;;;SENHOR DO BONFIM;23.0;;;;RESERVAS SOLICITADAS ;;;;;;;;;;;;;;;
UTEP;B-1119100;ER-CIND-POV-CARAMUJO-RURAL;MONTE SANTO;13/11/2024;04/12/2024;;8,0;;RAFAELA;;;Conciliado;;Aprovado;;Movimentado;;;;R$ 22.562,14;R$22.562,14;R$ 41.798,91;;COELBA;UELTON / OSMAR ;;17/01/2025;ACEITA;JANEIRO;;;NÃO;;;SENHOR DO BONFIM;21.0;;;;;;;;;;;;;;;;;;;
UTEP;B-1092095;ER-CIND-FAZ-ESTREITO-CABACA VELHA;ITIÚBA;20/11/2024;25/11/2024;;2,0;;ANDERSON;;;Conciliado;;;;Movimentado;;;;R$ 4.317,32;R$4.317,32;R$ 10.056,99;;COELBA;UELTON / ISRAEL;;13/01/2025;ACEITA;JANEIRO;;;NÃO;;;SENHOR DO BONFIM;5.0;09/12/2024;;10/12/2024;RESERVAS/CONCILIAR GSE;;;;;;;;;;;;;;;
UTEP;B-1127615;RR-CIND-POV-CANCELAS 21-RURAL;QUEIMADAS;23/11/2024;10/12/2024;;12,0;;ANDERSON;;;Conciliado;;Aprovado;;Movimentado;;;;R$ 38.628,99;R$38.628,99;R$ 125.677,58;;COELBA;UELTON / JEFFERSON;;21/01/2025;ACEITA;JANEIRO;;;NÃO;;;SENHOR DO BONFIM;17.0;;15/12/2024;15/12/2024;;;;;;;;;;;;;;;;
UTEP;B-1151813;ER-CIND-FAZ-RAPOSA-QUICE;SENHOR DO BONFIM;29/11/2024;02/12/2024;;3,0;;ANDERSON;;;Conciliado;;;;Movimentado;;;;R$ 5.132,56;R$5.132,56;R$ 25.355,42;;COELBA;WESLEY / JOILSON;;19/12/2024;ACEITA;JANEIRO;;19/12/2024;NÃO;;;SENHOR DO BONFIM;3.0;09/12/2024;;09/12/2024;;;;;;;;;;;;;;;;
UTEP;B-1114875;IP-SEIN-FAZ-RURAL-URUBU;SENHOR DO BONFIM;29/11/2024;06/12/2024;;9,0;;ANDERSON;;;Conciliado;;;;Movimentado;;;;R$ 14.656,66;R$14.656,66;R$ 45.679,17;;COELBA;WESLEY / JOILSON;;07/01/2025;ACEITA;JANEIRO;;13/01/2025;NÃO;;;SENHOR DO BONFIM;7.0;09/12/2024;;07/12/2024;;;;;;;;;;;;;;;;
UTEP;B-1149488;ER-CIND-FAZ-RAPOSA-RURAL-QUICE;SENHOR DO BONFIM;29/11/2024;30/11/2024;;2,0;;ANDERSON;;;Conciliado;;;;Movimentado;;;;R$ 3.368,52;R$3.368,52;R$ 11.033,35;;COELBA;WESLEY / JOILSON;;20/01/2025;ACEITA;JANEIRO;;;NÃO;;;SENHOR DO BONFIM;1.0;28/12/2024;;07/12/2024;;;;;;;;;;;;;;;;
UTEP;B-1146594;UB-CIND-RUA-SALVADOR-NOVO PILAR;JAGUARARI;30/11/2024;03/12/2024;;9,0;;RAFAELA;;;Conciliado;;Aprovado;;Movimentado;;;;R$ 17.142,82;R$17.142,82;R$ 65.912,24;;COELBA;DICSON / REGINALDO;;07/01/2025;ACEITA;JANEIRO;;;NÃO;;;SENHOR DO BONFIM;3.0;19/12/2024;19/12/2024;19/12/2024;excluir reservas e  assinatura das cavas ;;;;;;;;;;;;;;;
UTEP;B-1151027; ER-CIND-POV-TEIU-RURAL;SENHOR DO BONFIM;02/12/2024;09/12/2024;;3,0;;HELBERT ;;;Conciliado;;;;Movimentado;;;;R$ 4.922,07;R$4.922,07;R$ 15.843,46;;COELBA;WESLEY / JOILSON;;17/01/2025;ACEITA;JANEIRO;;;NÃO;;;SENHOR DO BONFIM;7.0;14/01/2025;;02/01/2025;;;;;;;;;;;;;;;;
LPT;B-1138404;ER-CIND-FAZ-SAO GONCALO-SAO GONCALO;ANDORINHAS;03/12/2024;05/12/2024;;6,0;;ANDERSON;;;Conciliado;;Aprovado;;Movimentado;;;;R$ 18.273,43;R$18.273,43;R$ 37.212,86;;COELBA;;;24/02/2025;ACEITA;JANEIRO;;;NÃO;;;SENHOR DO BONFIM;2.0;09/12/2024;16/12/2024;17/12/2024;FALTANDO EVIDENCIAS DAS CAVAS ( material insuficiente para aprovação );;;;;;;;;;;;;;;
UTEP;B-1158184;ER-CIND-POV-CARIACA DE CIMA-RURAL;SENHOR DO BONFIM;03/12/2024;05/12/2024;;3,0;;ANDERSON;;;Conciliado;;;;Movimentado;;;;R$ 5.167,03;R$5.167,03;R$ 18.731,64;;COELBA;;;08/01/2025;ACEITA;JANEIRO;;10/01/2025;NÃO;;;SENHOR DO BONFIM;2.0;;;07/12/2024;;;;;;;;;;;;;;;;
UTEP;B-1148417;ER-CIND-POV-TERREIRINHO-512;SENHOR DO BONFIM;06/12/2024;10/12/2024;;1,0;;ANDERSON;;;Conciliado;;;;Movimentado;;;;R$ 1.727,45;R$1.727,45;R$ 6.297,31;;COELBA;WESLEY / JOILSON;;07/01/2025;ACEITA;JANEIRO;;;NÃO;;;SENHOR DO BONFIM;4.0;27/12/2024;;06/01/2025;;;;;;;;;;;;;;;;
UTEP;B-1149582;AC-CIND-FAZ-COLONOS-RURAL;ITIÚBA;06/12/2024;20/12/2024;;3,0;;ANDERSON;;;Conciliado;;Aprovado;;Movimentado;;;;R$ 6.326,15;R$6.326,15;R$ 16.869,98;;COELBA;UELTON / ISRAEL;;20/01/2025;ACEITA;JANEIRO;;;NÃO;;;SENHOR DO BONFIM;14.0;07/01/2025;20/01/2025;;faltando atesto das cavas em rocha;;;;;;;;;;;;;;;
UTEP;B-1158664;ER-CIND-FAZ-LAGINHA-CARRAPICHEL;ITIÚBA;06/12/2024;20/12/2024;;3,0;;ANDERSON;;;Conciliado;;Aprovado;;Movimentado;;;;R$ 13.298,91;R$13.298,91;R$ 16.869,98;;COELBA;UELTON / ISRAEL;;24/01/2025;ACEITA;JANEIRO;;;NÃO;;;SENHOR DO BONFIM;14.0;07/01/2025;;;;;;;;;;;;;;;;;;
UTEP;B-1156166;ER-CIND-FAZ-PICADA-RURAL;SENHOR DO BONFIM;09/12/2024;13/12/2024;;1,0;;ANDERSON;;;Conciliado;;Aprovado;;Movimentado;;;;R$ 2.763,30;R$2.763,30;R$ 8.517,42;;COELBA;WESLEY / JOILSON;;03/02/2025;ACEITA;JANEIRO;;;NÃO;;;SENHOR DO BONFIM;4.0;27/12/2024;;;;;;;;;;;;;;;;;;
LPT;B-1129075;MP-CIND-FAZ BATALHA-RURAL;MONTE SANTO;11/12/2024;16/12/2024;;19,0;;ANDERSON;;;Conciliado;;Aprovado;;Movimentado;;;;R$ 45.054,64;R$45.054,64;R$ 226.302,82;;COELBA;UELTON / OSMAR;;28/01/2025;ACEITA;JANEIRO;;;NÃO;;;SENHOR DO BONFIM;5.0;28/12/2024;28/01/2025;02/01/2025;Aguardando atesto das cavas;;;;;;;;;;;;;;;
UTEP;B-1136753;ER-CIND-POV-PONTO NOVO-PONTO NOVO;QUEIMADAS;27/12/2024;30/12/2024;;2,0;;ALEXANDRE;;;Conciliado;;Aprovado;;Movimentado;;;;R$ 5.476,94;R$5.476,94;R$ 11.216,81;;COELBA;UELTON /  ANAILTON ;;20/01/2025;ACEITA;JANEIRO;;;NÃO;;;SENHOR DO BONFIM;3.0;13/01/2025;;;;;;;;;;;;;;;;;;
UTEP;B-1131514;ER-CCOL-POV CARIACA DE CIMA-RURAL;SENHOR DO BONFIM;13/04/2024;22/04/2024;;7,0;;RAFAELA;;;Conciliado;;Aprovado;;Movimentado;;;;R$ 9.280,00;R$9.280,00;R$ 33.799,32;;COELBA;UELTON / GESONI;;12/02/2025;ACEITA;FEVEREIRO;;22/02/2025;NÃO;;;SENHOR DO BONFIM;9.0;30/01/2025;24/04/2024;08/05/2024;DIVERGÊNCIA CAMPOXGSE;;;;;;;;;;;;;;;
UTEP;B-0545619;MP-CIND-VARGEM COMPRIDA COMPL-RURAL;NORDESTINA;12/09/2024;01/10/2024;;3,0;;RAFAELA;;;Conciliado;;Aprovado;;Movimentado;;;;R$ 10.296,07;R$9.992,19;R$ 54.504,58;;COELBA;UELTON / ANAILTON ;;14/02/2025;ACEITA;FEVEREIRO;;;NÃO;;;SENHOR DO BONFIM;19.0;21/01/2025;18/01/2025;;;;;;;;;;;;;;;;;
UTEP;B-1008420;ER-CIND-RUA-BURITA 02-CENTRO;SENHOR DO BONFIM;30/09/2024;01/10/2024;;12,0;;LARISSA;;;Conciliado;;Aprovado;;Movimentado;;;;R$ 29.767,03;R$29.552,27;R$ 127.732,67;;COELBA;DICSON / REGINALDO;;17/01/2025;ACEITA;FEVEREIRO;;28/01/2025;NÃO;;;SENHOR DO BONFIM;1.0;;;;;;;;;;;;;;;;;;;
LPT;B-1045426;ER-CIND-POV-VARZEA DA CAPOEIRA-RURAL;QUEIMADAS;10/10/2024;14/10/2024;;1,0;;ALEXANDRE;;;Conciliado;;Aprovado;;Movimentado;;;;R$ 2.374,80;R$2.070,91;R$ 13.531,23;;COELBA;UELTON / JEFFERSON ;;19/02/2025;ACEITA;FEVEREIRO;;;NÃO;;;SENHOR DO BONFIM;4.0;31/01/2025;;;;;;;;;;;;;;;;;;
UTEP;B-1077481;UB-CIND-RUA-LOT SERRA DA S CRUZ-RUA NO;MONTE SANTO;16/10/2024;08/11/2024;;2,0;;RAFAELA;;;Conciliado;;;;Movimentado;;;;R$ 3.545,99;R$3.545,99;R$ 7.216,44;;COELBA;UELTON / OSMAR;;22/01/2025;ACEITA;FEVEREIRO;;;NÃO;;;SENHOR DO BONFIM;23.0;16/01/2025;;;;;;;;;;;;;;;;;;
UTEP;B-1083813;SR-CIND-POV-CARRAPATO-RURAL;ITIÚBA;16/10/2024;27/12/2024;;15,0;;ANDERSON;;;Conciliado;;Aprovado;;Movimentado;;;;R$ 25.291,58;R$25.291,58;R$ 65.266,64;;COELBA;UELTON / ISRAEL ;;20/02/2025;ACEITA;FEVEREIRO;;;NÃO;;;SENHOR DO BONFIM;72.0;11/02/2025;;;;;;;;;;;;;;;;;;
UTEP;B-1117619;UB-CIND-RUA-JUREMA-NUCLEO PILAR;JAGUARARI;22/10/2024;03/12/2024;;5,0;;ALEXANDRE;;;Conciliado;;Aprovado;;Movimentado;;;;R$ 9.377,58;R$9.377,58;R$ 29.175,10;;COELBA;DICSON / MARCELO;;30/01/2025;ACEITA;FEVEREIRO;;;NÃO;;;SENHOR DO BONFIM;42.0;16/01/2025;16/01/2025;;;;;;;;;;;;;;;;;
UTEP;B-1022245;ER-CIND-FAZ-MORRO REDONDO-RURAL;ITIÚBA;23/10/2024;10/12/2024;;5,0;;ALEXANDRE;;;Conciliado;;;;Movimentado;;;;R$ 8.417,27;R$8.417,27;R$ 11.594,51;;COELBA;DICSON / GESONI ;;11/02/2025;ACEITA;FEVEREIRO;;;NÃO;;;SENHOR DO BONFIM;48.0;31/01/2025;;;;;;;;;;;;;;;;;;
UTEP;B-1135608;B-CIND-RUA-AGENOR CALDAS-ALTO DA COLINA;MONTE SANTO;31/10/2024;31/10/2024;;9,0;;RAFAELA;;;Conciliado;;;;Movimentado;;;;R$ 16.390,68;R$16.390,68;R$ 93.440,86;;COELBA;UELTON / OSMAR;;16/01/2025;ACEITA;FEVEREIRO;;27/01/2025;NÃO;;;SENHOR DO BONFIM;0.0;24/12/2024;;06/01/2025;;;;;;;;;;;;;;;;
UTEP;B-1130716;AC-CIND-RUA-TAMBORIM-CENTRO VARZEA DAGUA;FILADELFIA ;31/10/2024;26/11/2024;;1,0;;ANDERSON;;;Conciliado;;;;Movimentado;;;;R$ 4.700,40;R$4.700,40;R$ 21.789,13;;COELBA;DICSON / GESONI;;20/02/2025;ACEITA;FEVEREIRO;;06/02/2025;NÃO;;;SENHOR DO BONFIM;26.0;24/01/2025;;31/01/2025;;;;;;;;;;;;;;;;
UTEP;B-1131550;ER-CCOL-FAZ-BARRAGEM-QUEIMADAS;QUEIMADAS;31/10/2024;05/12/2024;;9,0;;ANDERSON;;;Conciliado;;Aprovado;;Movimentado;;;;R$ 25.817,84;R$25.817,84;R$ 48.690,26;;COELBA;UELTON / JEFFERSON / ALBERTO;;10/02/2025;ACEITA;FEVEREIRO;;;NÃO;;;SENHOR DO BONFIM;35.0;;;30/01/2025;;;;;;;;;;;;;;;;
UTEP;B-1139325;ER-CIND-FAZ-BOQUEIRAO-RURAL;SENHOR DO BONFIM;04/11/2024;26/11/2024;;4,0;;ALEXANDRE;;;Conciliado;;;;Movimentado;;;;R$ 6.666,87;R$6.666,87;R$ 30.749,26;;COELBA;WESLEY / JOILSON;;11/02/2025;ACEITA;FEVEREIRO;;;NÃO;;;SENHOR DO BONFIM;22.0;31/01/2025;;;;;;;;;;;;;;;;;;
UTEP;B-1135324;ER-CIND-POV-VARZEA-QUEIMADAS;QUEIMADAS;07/11/2024;12/12/2024;;0,0;;ALEXANDRE;;;Conciliado;;;;Movimentado;;;;R$ 929,51;R$929,51;R$ 8.054,54;;COELBA;;;13/02/2025;ACEITA;FEVEREIRO;;;NÃO;;;SENHOR DO BONFIM;35.0;31/01/2025;;;;;;;;;;;;;;;;;;
UTEP;B-1094023;UB-CIND-LOT-NOVA QUEIMADAS-URBANA;QUEIMADAS;11/11/2024;25/11/2024;;17,0;;RAFAELA;;;Conciliado;;Aprovado;;Movimentado;;;;R$ 37.783,00;R$929,51;R$ 36.511,85;;COELBA;UELTON  / JEFFERSON ;;29/01/2025;ACEITA;FEVEREIRO;;;NÃO;;;SENHOR DO BONFIM;14.0;13/01/2025;;;pendente 222 mmovimentar ;;;;;;;;;;;;;;;
UTEP;B-1121938;UB-CIND-LOT-RIO DA PRATA 1303- SAHY;SENHOR DO BONFIM;12/11/2024;26/11/2024;;6,0;;RAFAELA;;;Conciliado;;Aprovado;;Movimentado;;;;R$ 10.418,67;R$10.135,14;R$ 32.025,41;;COELBA;WESLEY / JOILSON ;;16/01/2025;ACEITA;FEVEREIRO;;27/01/2025;NÃO;;;SENHOR DO BONFIM;14.0;13/01/2025;;;RESERVAS SOLIVCTADAS ;;;;;;;;;;;;;;;
UTEP;B-1135378;ER-CIND-FAZ-AGUA BRANCA-RURAL;ANTONIO GONCALVES;14/11/2024;05/12/2024;;7,0;;RAFAELA;;;Conciliado;;;;Movimentado;;;;R$ 13.238,29;R$13.238,29;R$ 46.278,83;;COELBA;DICSON /GESONI;;06/02/2025;ACEITA;FEVEREIRO;;;NÃO;;;SENHOR DO BONFIM;21.0;31/01/2025;;;;;;;;;;;;;;;;;;
UTEP;B-1127915;AC-CIND-FAZ-POCO VERDE-SANTO ANTONIO;MONTE SANTO;15/11/2024;04/12/2024;;6,0;;RAFAELA;;;Conciliado;;Aprovado;;Movimentado;;;;R$ 18.292,88;R$18.292,88;R$ 29.439,91;;COELBA;UELTON  / OSMAR ;;13/02/2024;ACEITA;FEVEREIRO;;17/02/2025;NÃO;;;SENHOR DO BONFIM;19.0;;29/01/2025;29/01/2025;;;;;;;;;;;;;;;;
UTEP;B-1141672;UB-CIND-RUA-JOSE PEIXINHO DO NASC-CENTRO;NORDESTINA;17/11/2024;05/12/2024;;3,0;;ALEXANDRE;;;Conciliado;;;;Movimentado;;;;R$ 5.158,80;R$5.158,80;R$ 17.346,91;;COELBA;UELTON  / ANAILTON;;29/01/2025;ACEITA;FEVEREIRO;;;NÃO;;;SENHOR DO BONFIM;18.0;21/01/2025;;;;;;;;;;;;;;;;;;
UTEP;B-1135564;RR-CIND-FAZ-STO ANTONIO-RR-AROEIRA;FILADÉLFIA;18/11/2024;26/11/2024;;14,0;;ANDERSON;;;Conciliado;;Aprovado;;Movimentado;;;;R$ 33.916,23;R$33.916,23;R$ 120.273,18;;COELBA;DICSON / ALDAIR;;21/02/2025;ACEITA;FEVEREIRO;;;NÃO;;;SENHOR DO BONFIM;8.0;23/01/2025;;;;;;;;;;;;;;;;;;
UTEP;B-1136775;ER-CIND-FAZ-SOQUETE-ESTRELINHA;CANSANÇÃO;20/11/2024;26/11/2024;;1,0;;ANDERSON;;;Conciliado;;;;Movimentado;;;;R$ 2.318,62;R$2.014,74;R$ 20.018,10;;COELBA;UELTON / ANAILTON;;20/01/2025;ACEITA;FEVEREIRO;;;NÃO;;;SENHOR DO BONFIM;6.0;;;28/11/2024;;;;;;;;;;;;;;;;
UTEP;B-1129626;ER-CIND-FAZ-AEROPORTO 1127-TAPERA;MONTE SANTO;27/11/2024;10/12/2024;;5,0;;ALEXANDRE;;;Conciliado;;Aprovado;;Movimentado;;;;R$ 13.088,98;R$12.785,09;R$ 44.249,14;;COELBA;UELTON / OSMAR;;15/02/2025;ACEITA;FEVEREIRO;;;NÃO;;;SENHOR DO BONFIM;13.0;31/01/2025;;;;;;;;;;;;;;;;;;
UTEP;B-1128295;ER-CIND-FAZ-SERT O-ALTO ALEGRE RURAL;MONTE SANTO;27/11/2024;29/11/2024;;10,0;;ANDERSON ;;;Conciliado;;Aprovado;;Movimentado;;;;R$ 29.868,14;R$29.868,14;R$ 73.833,19;;COELBA;DICSON / MARCELO;;03/02/2025;ACEITA;FEVEREIRO;;;NÃO;;;SENHOR DO BONFIM;2.0;;;02/01/2025;;;;;;;;;;;;;;;;
UTEP;B-1156929;ER-CIND-POV-ALAGADICO DO PUAN-RURAL;ITIÚBA;28/11/2024;10/12/2024;;3,0;;RAFAELA;;;Conciliado;;;;Movimentado;;;;R$ 5.064,06;R$5.064,06;R$ 15.344,59;;COELBA;UELTON / ISRAEL;;20/01/2025;ACEITA;FEVEREIRO;;28/01/2025;NÃO;;;SENHOR DO BONFIM;12.0;16/01/2025;;;;;;;;;;;;;;;;;;
UTEP;B-1077162;LD-CIND-POV UMBUZEIRO-GRAN-QMD;QUEIMADAS;30/11/2024;12/12/2024;;14,0;;LARISSA;;;Conciliado;;Aprovado;;Movimentado;;;;R$ 42.462,20;R$42.462,20;R$ 123.913,01;;COELBA;UELTON / JEFFERSON;;17/01/2025;ACEITA;FEVEREIRO;;31/01/2025;NÃO;;;SENHOR DO BONFIM;12.0;;;;;;;;;;;;;;;;;;;
UTEP;B-1149438;UB-CIND-RUA-ANTONIO S DA SILVA-TAPERA;CANSANÇÃO;04/12/2024;21/12/2024;;1,0;;ANDERSON;;;Conciliado;;;;Movimentado;;;;R$ 1.834,91;R$1.834,91;R$ 6.341,79;;COELBA;UELTON / ANAILTON;;10/02/2025;ACEITA;FEVEREIRO;;;NÃO;;;SENHOR DO BONFIM;17.0;31/01/2025;;;;;;;;;;;;;;;;;;
UTEP;B-1155803;UB-CIND-RUA-DO CAPOTE-CAPOTE;SENHOR DO BONFIM;05/12/2024;13/12/2024;;4,0;;ANDERSON;;;Conciliado;;;;Movimentado;;;;R$ 25.291,58;R$25.291,58;R$ 20.400,77;;COELBA;WESLEY / JOILSON;;22/01/2025;ACEITA;FEVEREIRO;;;NÃO;;;SENHOR DO BONFIM;8.0;20/01/2025;;09/12/2024;;;;;;;;;;;;;;;;
UTEP;B-1147798;ER-CIND-POV-OLHOS DAGUA UMBUZEIRO-RURAL;ITIÚBA;05/12/2024;05/12/2024;;2,0;;RAFAELA;;;Conciliado;;;;Movimentado;;;;R$ 3.346,60;R$3.346,60;R$ 11.019,81;;COELBA;UELTON / ISRAEL;;19/02/2025;ACEITA;FEVEREIRO;;;NÃO;;;SENHOR DO BONFIM;0.0;08/02/2025;;;SOLICITAR ALTERAÇÃO DE ID - 12/02 POR daiane;;;;;;;;;;;;;;;
UTEP;B-1144507;UB-CIND-RUA-DO SISAL-CENTRO;JAGUARARI;06/12/2024;08/02/2025;;3,0;;ANDERSON;;;Conciliado;;;;Movimentado;;;;R$ 5.038,46;R$5.038,46;R$ 17.871,84;;COELBA;DICSON / REGINALDO;;20/02/2025;ACEITA;FEVEREIRO;;;NÃO;;;SENHOR DO BONFIM;64.0;14/02/2025;;;;;;;;;;;;;;;;;;
UTEP;B-1149326;ER-CIND-POV-CAETANO 40-RURAL;CANSANÇÃO;07/12/2024;21/12/2024;;4,0;;RAFAELA;;;Conciliado;;;;Movimentado;;;;R$ 7.153,25;R$5.038,46;R$ 22.197,27;;COELBA;"UELTON / ANAILTON
ANAILTON";;11/02/2025;ACEITA;FEVEREIRO;;;NÃO;;;SENHOR DO BONFIM;14.0;;;;simplificada ;;;;;;;;;;;;;;;
UTEP;B-1145680;UB-CIND-RUA-ALTO DAS MATAS-CENTRO;JAGUARARI;07/12/2024;09/01/2025;;1,0;;RAFAELA;;;Conciliado;;;;Movimentado;;;;R$ 1.677,61;R$1.677,61;R$ 7.008,77;;COELBA;"UELTON / ANAILTON
ANAILTON";;12/02/2025;ACEITA;FEVEREIRO;;17/02/2025;NÃO;;;SENHOR DO BONFIM;33.0;08/02/2025;;;;;;;;;;;;;;;;;;
UTEP;B-1157176;ER-CIND-POV-PAU DE COLHER-RURAL;CANSANÇÃO;10/12/2024;21/12/2024;;2,0;;ANDERSON;;;Conciliado;;;;Movimentado;;;;R$ 3.404,49;R$3.404,49;R$ 10.699,17;;COELBA;"UELTON / ANAILTON
ANAILTON";;13/02/2025;ACEITA;FEVEREIRO;;;NÃO;;;SENHOR DO BONFIM;11.0;04/02/2025;;;;;;;;;;;;;;;;;;
UTEP;B-1157528;UB-CIND-RUA-ALTO DA MARAVILHA-CENTRO;FILADÉLFIA;11/12/2024;08/01/2025;;1,0;;ANDERSON;;;Conciliado;;;;Movimentado;;;;R$ 1.415,64;R$1.415,64;R$ 5.327,41;;COELBA;DICSON / ALDAIR;;05/02/2025;ACEITA;FEVEREIRO;;;NÃO;;;SENHOR DO BONFIM;28.0;04/02/2025;;;;;;;;;;;;;;;;;;
UTEP;B-1153358;ER-CIND-FAZ-FLORESTA-RURAL-QUICE;SENHOR DO BONFIM;13/12/2024;13/12/2024;;0,0;;ANDERSON;;;Conciliado;;;;Movimentado;;;;R$ 484,72;R$484,72;R$ 2.049,70;;COELBA;WESLEY / JOILSON;;27/01/2025;ACEITA;FEVEREIRO;;;NÃO;;;SENHOR DO BONFIM;0.0;27/12/2024;;;;;;;;;;;;;;;;;;
UTEP;B-1171672;UB-CIND-RUA-DA PALMA-CENTRO;JAGUARARI;14/12/2024;22/02/2025;;2,0;;RAFAELA;;;Conciliado;;;;Movimentado;;;;R$ 3.326,80;R$3.326,80;R$ 18.881,58;;COELBA;UELTON / ISRAEL;;13/02/2025;ACEITA;FEVEREIRO;;20/02/2025;NÃO;;;SENHOR DO BONFIM;70.0;;;;;;;;;;;;;;;;;;;
UTEP;B-1149212;ER-CIND-FAZ-QUEIMADA DA LAGE-RURAL;FILADÉLFIA;16/12/2024;31/12/2024;;10,0;;ANDERSON;;;Conciliado;;Aprovado;;Movimentado;;;;R$ 23.884,02;R$23.884,02;R$ 59.218,76;;COELBA;UELTON / ISRAEL/ ALDAIR ;;16/01/2025;ACEITA;FEVEREIRO;;;NÃO;;;SENHOR DO BONFIM;15.0;10/01/2025;16/01/2025;;falta evidencia das cavas em rocha;;;;;;;;;;;;;;;
UTEP;B-1011152;AC-CIND-POV-RAPOSA DE CIMA-RURAL;FILADÉLFIA;16/12/2024;07/01/2025;;4,0;;ANDERSON;;;Conciliado;;Aprovado;;Movimentado;;;;R$ 10.869,24;R$10.869,24;R$ 16.288,97;;COELBA;WESLEY / JOILSON;;20/02/2025;ACEITA;FEVEREIRO;;;NÃO;;;SENHOR DO BONFIM;22.0;31/01/2025;;;;;;;;;;;;;;;;;;
LPT;B-1146966;ER-CIND-FAZ-VARZEA GRANDE-VARZEA GRANDE;QUEIMADAS;16/12/2024;28/12/2024;;8,0;;ANDERSON;;;Conciliado;;Aprovado;;Movimentado;;;;R$ 13.252,98;R$13.252,98;R$ 29.927,16;;COELBA;DICSON  / ALDAIR;;07/02/2025;ACEITA;FEVEREIRO;;;NÃO;;;SENHOR DO BONFIM;12.0;;;21/01/2025;;;;;;;;;;;;;;;;
UTEP;B-1147598;UB-CIND-RUA-MANDACARU-CENTRO;JAGUARARI;17/12/2024;18/12/2024;;4,0;;ALEXANDRE;;;Conciliado;;;;Movimentado;;;;R$ 6.615,54;R$6.615,54;R$ 23.465,82;;COELBA;DICSON  / REGINALDO ;;14/02/2025;ACEITA;FEVEREIRO;;;NÃO;;;SENHOR DO BONFIM;1.0;;;;;;;;;;;;;;;;;;;
UTEP;B-1144698;ER-CIND-FAZ-ICHU-RURAL;QUEIMADAS;19/12/2024;19/12/2024;;9,0;;ALEXANDRE;;;Conciliado;;Aprovado;;Movimentado;;;;R$ 22.719,37;R$22.719,37;R$ 51.194,37;;COELBA;UELTON / JEFFERSON;;15/02/2025;ACEITA;FEVEREIRO;;;NÃO;;;SENHOR DO BONFIM;0.0;22/01/2025;;;;;;;;;;;;;;;;;;
UTEP;B-1145105;ER-CIND-FAZ-SITIO NOVO-RURAL;QUEIMADAS;19/12/2024;08/02/2025;;7,0;;ALEXANDRE;;;Conciliado;;Aprovado;;Movimentado;;;;R$ 13.115,03;R$13.115,03;R$ 38.722,97;;COELBA;UELTON / JEFFERSON;;15/02/2025;ACEITA;FEVEREIRO;;;NÃO;;;SENHOR DO BONFIM;51.0;;;;;;;;;;;;;;;;;;;
UTEP;B-1151745;ER-CIND-POV-GROGORIO 15-RURAL;QUEIMADAS;19/12/2024;08/01/2025;;8,0;;ANDERSON;;;Conciliado;;Aprovado;;Movimentado;;;;R$ 18.032,03;R$18.032,03;R$ 42.331,58;;COELBA;UELTON / JEFFERSON;;20/02/0202;ACEITA;FEVEREIRO;;;NÃO;;;SENHOR DO BONFIM;20.0;;;;;;;;;;;;;;;;;;;
UTEP;B-1157764;UB-CIND-RUA-DO CONTORNO -NOVA QUEIMADA;QUEIMADAS;28/12/2024;08/01/2025;;2,0;;ANDERSON;;;Conciliado;;;;Movimentado;;;;R$ 3.642,97;R$3.642,97;R$ 18.197,57;;COELBA;UELTON / JEFFERSON;;15/02/2025;ACEITA;FEVEREIRO;;;NÃO;;;SENHOR DO BONFIM;11.0;10/02/2025;;;;;;;;;;;;;;;;;;
UTEP;B-1149086;UB-CIND-RUA-R PIMENTEL-N S  DA CONCEICAO;ITIÚBA;28/12/2024;28/12/2024;;3,0;;ANDERSON;;;Conciliado;;Aprovado;;Movimentado;;;;R$ 6.493,87;R$6.493,87;R$ 18.428,17;;COELBA;UELTON / ISRAEL ;;30/01/2025;ACEITA;FEVEREIRO;;;NÃO;;;SENHOR DO BONFIM;0.0;08/01/2025;16/01/2025;;;;;;;;;;;;;;;;;
LPT;B-1143718;ER-CIND-FAZ-MARIA ELVINA-RURAL;QUEIMADAS;28/12/2024;30/12/2024;;4,0;;ALEXANDRE;;;Conciliado;;Aprovado;;Movimentado;;;;R$ 11.850,64;R$11.850,64;R$ 22.290,61;;COELBA;UELTON / ANAILTON ;;30/01/2025;ACEITA;FEVEREIRO;;;NÃO;;;SENHOR DO BONFIM;2.0;;;;;;;;;;;;;;;;;;;
UTEP;B-1157145;UB-CIND-RUA-PROJETADA-SÃO MANOEL;ANDORINHAS;31/12/2024;31/12/2024;;1,0;;ALEXANDRE;;;Conciliado;;;;Movimentado;;;;R$ 1.413,11;R$1.413,11;R$ 5.409,83;;COELBA;DICSON / REGINALDO  ;;19/02/2025;ACEITA;FEVEREIRO;;;NÃO;;;SENHOR DO BONFIM;0.0;;;;;;;;;;;;;;;;;;;
UTEP;B-1093839;AC-CIND-POV TANQUINHO DO POÇO-RURAL;ANDORINHAS;09/01/2025;28/01/2025;;0,0;;LARISSA;;;Conciliado;;;;Movimentado;;;;R$ 817,72;R$817,72;R$ 25.421,07;;COELBA;;;05/02/2025;ACEITA;FEVEREIRO;;07/02/2025;NÃO;;;SENHOR DO BONFIM;19.0;;;;;;;;;;;;;;;;;;;
UTEP;B-0948330;RR-CIND-POV JIBOIA ZU-RL ANTO GON ALVES;ANTÔNIO GONÇALVES;09/01/2025;05/02/2025;;3,0;;LARISSA;;;Conciliado;;Aprovado;;Movimentado;;;;R$ 8.041,20;R$8.041,20;R$ 17.004,96;;COELBA;DICSON / JOSÉ SILVA ;;10/02/2025;ACEITA;FEVEREIRO;;13/02/2025;NÃO;;;SENHOR DO BONFIM;27.0;;;;;;;;;;;;;;;;;;;
UTEP;B-1158254;UB-CIND-AV- MONTE SANTO-99;CANSANÇÃO;23/01/2025;30/01/2025;;6,0;;RAFAELA;;;Conciliado;;Aprovado;;Movimentado;;;;R$ 13.297,54;R$12.993,65;R$ 79.096,74;;COELBA;DICSON  / ANAILTON;;15/02/2025;ACEITA;FEVEREIRO;;22/02/2025;NÃO;;;SENHOR DO BONFIM;7.0;11/02/2025;;;;;;;;;;;;;;;;;;
UTEP;B-1114986;IP-CCOL-AV-CONTORNO-CENTRO-TIJUACU;SENHOR DO BONFIM;31/01/2025;07/02/2025;;68,0;;LARISSA;;;Conciliado;;Aprovado;;Movimentado;;;;R$ 120.904,49;R$40.460,39;R$ 461.717,75;;COELBA;DICSON  / GESONI;;15/02/2025;ACEITA;FEVEREIRO;;20/02/2025;NÃO;;;SENHOR DO BONFIM;7.0;;;;;;;;;;;;;;;;;;;
UTEP;B-1112875;ER-CCOL-FAZ-CALDEIR O DO COXO-RURAL;NORDESTINA;05/02/2025;07/02/2025;;47,0;;LARISSA;;;Conciliado;;Aprovado;;Movimentado;;;;R$ 149.893,36;R$115.167,04;R$ 490.949,07;;COELBA;ALAN / ANAILTON;;19/02/2025;ACEITA;FEVEREIRO;;20/02/2025;NÃO;;;SENHOR DO BONFIM;2.0;;;;;;;;;;;;;;;;;;;
UTEP;B-1131411;ER-CIND-POV-TAPERA-RURAL;MONTE SANTO;26/04/2024;16/07/2025;;2,0;;ANDERSON;;;Conciliado;;Aprovado;;Movimentado;;R$ 3.874,13;;R$ 5.021,69;R$5.021,69;R$ 20.320,46;;COELBA;UELTON/JEFFERSON ;;28/07/2025;ACEITA;AGOSTO;;;NÃO;;;SENHOR DO BONFIM;446.0;;;;;;;;;;;;;;;;;;;
UTEP;B-1121773;RR-CIND-LOT-PONTO NOVO-REASSENTAMENTO;PONTO NOVO;04/05/2024;17/07/2025;;1,0;;ANDERSON;;;Conciliado;;Aprovado;;Movimentado;;R$ 3.784,74;;R$ 1.944,77;R$1.944,77;R$ 7.317,00;;COELBA;UELTON/REGINALDO ;;28/07/2025;ACEITA;AGOSTO;;;NÃO;;;SENHOR DO BONFIM;439.0;;;;;;;;;;;;;;;;;;;
UTEP;B-1077786;UB-CIND-RUA-FAUSTINO-POPULARES;JAGUARARI;13/11/2024;16/07/2025;;1,0;;AGEU;;;Conciliado;;;;Movimentado;;;;R$ 1.809,39;R$1.809,39;R$ 3.425,49;;COELBA;DICSON/REGINALDO;;28/07/2025;ACEITA;AGOSTO;;;NÃO;;;SENHOR DO BONFIM;245.0;;;;;;;;;;;;;;;;;;;
UTEP;B-1146269;AC-CIND-ROD-LOMANTO JUNIOR-RURAL;SENHOR DO BONFIM;13/12/2024;13/12/2024;;0,0;;ANDERSON;;;Conciliado;;;;Movimentado;;R$ 1.840,08;;R$ 665,94;R$665,94;R$ 30.345,18;;COELBA;WESLEY / JOILSON;;21/07/2025;ACEITA;AGOSTO;;;NÃO;;;SENHOR DO BONFIM;0.0;;;;;OBRA SIMPL - APROVADO ;ENVIADO;AGUADANDO RETORNO DE CAMPO(FOTO);;;;;;;;;;;;
UTEP;B-1140841;IT-CIND-AV-LUIZ EDU. MAGALHAES-CENTRO;NORDESTINA;17/01/2025;29/04/2025;;3,0;;AGEU;;;Conciliado;;;;Movimentado;;R$ 2.962,29;;R$ 4.708,33;R$4.708,33;R$ 28.425,69;;COELBA;DICSON/ANAILTON;;28/07/2025;ACEITA;AGOSTO;;;NÃO;;;SENHOR DO BONFIM;102.0;;;;;OBRA SIMPL - APROVADO ;ENVIADO;;;;;;;;;;;;;
LPT;B-0724629;MP-CCOL-PO ALAGADICO 222-RURAL;ITIUBA;22/05/2025;28/05/2025;;30,0;;ANDERSON;;;Conciliado;;Aprovado;;Movimentado;;R$ 1.090,64;;R$ 68.704,13;R$68.704,13;R$ 176.518,36;;COELBA;WAGNER / ISRAEL / JOÃO;;16/07/2025;ACEITA;AGOSTO;;;NÃO;;;SENHOR DO BONFIM;6.0;;;;;;;;;;;;;;;;;;;
LPT KIT ;B-0937845;KIT-CCOL-PO ALAGADICO 222-RURAL;ITIUBA;22/05/2025;28/05/2025;;0,0;;ANDERSON;;;Conciliado;;;;Movimentado;;;;R$ 1.684,57;R$1.684,57;R$ 7.497,17;;COELBA;WAGNER / ISRAEL / JOÃO;;16/07/2025;ACEITA;AGOSTO;;;NÃO;;;SENHOR DO BONFIM;6.0;;;;;;;;;;;;;;;;;;;
LPT MED;B-0937848;MED-CCOL-PO ALAGADICO 222-RURAL;ITIUBA;22/05/2025;28/05/2025;;0,0;;ANDERSON;;;Conciliado;;;;Movimentado;;;;R$ 870,18;R$870,18;R$ 1.124,68;;COELBA;MICHEL;;16/07/2025;ACEITA;AGOSTO;;;NÃO;;;SENHOR DO BONFIM;6.0;;;;;;;;;;;;;;;;;;;
UTEP;B-1172125;AC-CIND-ROD-LOMANTO JUNIOR -RURAL;SENHOR DO BONFIM;25/05/2025;05/06/2025;;0,0;;ANDERSON;;;Conciliado;;;;Movimentado;;;;R$ 1.201,54;R$1.201,54;R$ 22.689,86;;COELBA;JOILSON/ JOÃO;;29/07/2025;ACEITA;AGOSTO;;;NÃO;;;SENHOR DO BONFIM;11.0;;;;;OBRA SIMPL - APROVADO ;ENVIADO;;;;;;;;;;;;;
UTEP;B-1181969;ER-CCOL-ET-VELHA-RURAL;JAGUARARI;27/05/2025;19/06/2025;;9,0;;IVAN;;;Conciliado;;;;Movimentado;;;;R$ 21.011,22;R$21.011,22;R$ 60.835,69;;COELBA;REGINALDO/JOILSON/JOAO;;23/07/2025;ACEITA;AGOSTO;;;NÃO;;;SENHOR DO BONFIM;23.0;;;;;;;;;;;;;;;;;;;
UTEP;B-1196615;ER-CIND-POV-VARGINHA 922-VARGINHA;SENHOR DO BONFIM;28/05/2025;07/07/2025;;0,0;;IVAN;;;Conciliado;;;;Movimentado;;;;R$ 1.526,42;R$1.526,42;R$ 4.957,27;;COELBA;JOILSON DANTAS / WESLEY DE ARAUJO;;24/07/2025;ACEITA;AGOSTO;;;NÃO;;;SENHOR DO BONFIM;40.0;;;;;;;;;;;;;;;;;;;
UTEP;B-1188750;UB-CIND-RUA-DO LAGEDO - 9999;PINDOBAÇU;28/05/2025;07/07/2025;;0,0;;IVAN;;;Conciliado;;;;Movimentado;;;;R$ 370,91;R$370,91;R$ 1.638,61;;COELBA;JOILSON DANTAS / WESLEY DE ARAUJO;;05/08/2025;ACEITA;AGOSTO;;;NÃO;;;SENHOR DO BONFIM;40.0;;;;;;;;;;;;;;;;;;;
LPT;B-0503276;MP-CCOL-POV. LAGOA REDONDA-RURAL;MONTE SANTO ;29/05/2025;16/06/2025;;18,0;;AGEU;;;Conciliado;;Aprovado;;Movimentado;;R$ 907,14;;R$ 57.545,70;R$57.545,70;R$ 68.812,08;;COELBA;JOSE/JOAO;;28/07/2025;ACEITA;AGOSTO;;;NÃO;;;SENHOR DO BONFIM;18.0;;;;;;;;;;;;;;;;;;;
LPT MED;B-0932273;MD-CCOL-POV. LAGOA REDONDA-RURAL;MONTE SANTO ;29/05/2025;16/06/2025;;0,0;;AGEU;;;Conciliado;;;;Movimentado;;;;R$ 305,70;R$305,70;R$ 374,89;;COELBA;MICHEL;;28/07/2025;ACEITA;AGOSTO;;;NÃO;;;SENHOR DO BONFIM;18.0;;;;;;;;;;;;;;;;;;;
LPT KIT ;B-0503283;KT-CCOL-POV. LAGOA REDONDA-RURAL;MONTE SANTO ;29/05/2025;16/06/2025;;0,0;;AGEU;;;Conciliado;;;;Movimentado;;;;R$ 1.003,63;R$1.003,63;R$ 3.754,92;;COELBA;MICHEL;;28/07/2025;ACEITA;AGOSTO;;;NÃO;;;SENHOR DO BONFIM;18.0;;;;;;;;;;;;;;;;;;;
UTEP;B-1198416;ER-SEIN-RUA-RIO BRANCO-RURAL;ITIÚBA;07/06/2025;03/07/2025;;6,0;;IVAN;;;Conciliado;;;;Movimentado;;;;R$ 18.594,33;R$18.594,33;R$ 27.910,35;;COELBA;ISRAEL/JOAO;;02/08/2025;ACEITA;AGOSTO;;;NÃO;;;SENHOR DO BONFIM;26.0;;;;;;;;;;;;;;;;;;;
LPT ;B-1044425;ER-CCOL-POV-TEIU-RURAL;SENHOR DO BONFIM;13/06/2025;18/06/2025;;3,0;;IVAN;;;Conciliado;;;;Movimentado;;;;R$ 5.083,41;R$5.083,41;R$ 17.766,32;;COELBA;ALBERTO/JOAO;;31/07/2025;ACEITA;AGOSTO;;;NÃO;;;SENHOR DO BONFIM;5.0;;;;;OBRA SIMPL - APROVADO ;ENVIADO;;;;;;;;;;;;;
LPT MED;B-1207990;MD-CCOL-POV-TEIU-RURAL;SENHOR DO BONFIM;13/06/2025;18/06/2025;;0,0;;IVAN;;;Conciliado;;;;Movimentado;;;;R$ 173,13;R$173,13;R$ 0,00;;COELBA;MICHEL;;31/07/2025;ACEITA;AGOSTO;;;NÃO;;;SENHOR DO BONFIM;5.0;;;;;;;;;;;;;;;;;;;
LPT KIT ;Y-1207750;KT-CCOL-POV-TEIU-RURAL;SENHOR DO BONFIM;13/06/2025;18/06/2025;;0,0;;IVAN;;;Conciliado;;;;Movimentado;;;;R$ 0,00;R$0,00;R$ 0,00;;COELBA;MICHEL;;29/07/2025;ACEITA;AGOSTO;;;NÃO;;;SENHOR DO BONFIM;5.0;;;;CANCELAR PROJETO DE KIT ;;;;;;;;;;;;;;;
LPT;B-1015193;ER-CIND-POV-PATOS-LAGOA DOS PATOS;CANSANÇÃO;14/06/2025;03/07/2025;;25,0;;AGEU;;;Conciliado;;Aprovado;;Movimentado;;R$ 4.228,54;;R$ 71.205,32;R$71.205,32;R$ 135.338,00;;COELBA;EDSON/DICSON;;31/07/2025;ACEITA;AGOSTO;;;NÃO;;;SENHOR DO BONFIM;19.0;;;;;;;;;;;;;;;;;;;
LPT MED;B-1207979;MD-CIND-POV-PATOS-LAGOA DOS PATOS;CANSANÇÃO;14/06/2025;03/07/2025;;0,0;;AGEU;;;Conciliado;;;;Movimentado;;;;R$ 891,52;R$891,52;R$ 0,00;;COELBA;MICHEL;;31/07/2025;ACEITA;AGOSTO;;;NÃO;;;SENHOR DO BONFIM;19.0;;;;;;;;;;;;;;;;;;;
LPT KIT ;B-1207742;KT-CIND-POV-PATOS-LAGOA DOS PATOS;CANSANÇÃO;14/06/2025;03/07/2025;;0,0;;AGEU;;;Conciliado;;;;Movimentado;;;;R$ 1.363,85;R$1.363,85;R$ 2.174,12;;COELBA;MICHEL;;31/07/2025;ACEITA;AGOSTO;;;NÃO;;;SENHOR DO BONFIM;19.0;;;;;;;;;;;;;;;;;;;
UTEP;B-1161822;ER-CIND-FAZ-DOMINO-RURAL;PONTO NOVO ;16/06/2025;01/07/2025;;11,0;;AGEU;;;Aprovado;;Aprovado;;Movimentado;;R$ 1.241,08;;R$ 18.930,45;R$18.930,45;R$ 88.451,73;;COELBA;GESONI/JOAO;;28/07/2025;ACEITA;AGOSTO;;;NÃO;;;SENHOR DO BONFIM;15.0;;;;;;;;;;;;;;;;;;;
UTEP;B-1169805;ER-CIND-FAZ-AROEIRA 9999-RURAL-AROEIRA;JAGUARARI;20/06/2025;21/06/2025;;19,0;;AGEU;;;Conciliado;;;;Movimentado;;;;R$ 40.647,42;R$40.647,42;R$ 206.359,39;;COELBA;REGINALDO/JOAO;;18/07/2025;ACEITA;AGOSTO;;;NÃO;;;SENHOR DO BONFIM;1.0;;;;;;;;;;;;;;;;;;;
UTEP;B-1149335;ER-CIND-FAZ-LAGOA DA VOLTA-LAGE;ITIÚBA;27/06/2025;12/07/2025;;1,0;;AGEU;;;Conciliado;;Aprovado;;Movimentado;;;;R$ 2.990,76;R$2.990,76;R$ 6.726,17;;COELBA;ALDAIR/DICSON;;28/07/2025;ACEITA;AGOSTO;;;NÃO;;;SENHOR DO BONFIM;15.0;;;;;OBRA SIMPL - APROVADO ;ENVIADO;;;;;;;;;;;;;
LPT / UTEP;B-1173439;ER-CIND-FAZ-VARZEA-DE FORA;ANDORINHAS;28/06/2025;10/07/2025;;17,0;;ANDERSON;;;Conciliado;;Aprovado;;Movimentado;;R$ 2.699,69;;R$ 46.303,30;R$46.303,30;R$ 174.334,68;;COELBA;REGINALDO/JOAO;;02/08/2025;ACEITA;AGOSTO;;;NÃO;;;SENHOR DO BONFIM;12.0;;;;;;;;;;;;;;;;;;;
LPT;B-1169740;ER-CIND-FAZ-TAMBURI-RURAL;SENHOR DO BONFIM;29/06/2025;01/07/2025;;22,0;;AGEU;;;Conciliado;;Aprovado;;Movimentado;;R$ 2.722,80;;R$ 48.633,25;R$48.633,25;R$ 168.471,33;;COELBA;REGINALDO/JOAO;;16/07/2025;ACEITA;AGOSTO;;;NÃO;;;SENHOR DO BONFIM;2.0;;;;;;;;;;;;;;;;;;;
LPT MED;B-1213389;MD-CIND-FAZ-TAMBURI-RURAL;SENHOR DO BONFIM;29/06/2025;01/07/2025;;0,0;;AGEU;;;Conciliado;;;;Movimentado;;;;R$ 1.714,06;R$1.714,06;R$ 6.984,63;;COELBA;MICHEL;;16/07/2025;ACEITA;AGOSTO;;;NÃO;;;SENHOR DO BONFIM;2.0;;;;;;;;;;;;;;;;;;;
LPT KIT ;B-1213384;KT-CIND-FAZ-TAMBURI-RURAL;SENHOR DO BONFIM;29/06/2025;01/07/2025;;0,0;;AGEU;;;Conciliado;;;;Movimentado;;;;R$ 4.145,95;R$4.145,95;R$ 12.752,34;;COELBA;MICHEL;;16/07/2025;ACEITA;AGOSTO;;;NÃO;;;SENHOR DO BONFIM;2.0;;;;;;;;;;;;;;;;;;;
UTEP;B-1155396;UB-CIND-RUA-J M DE ANDRADE-QUEIMADAS;QUEIMADAS;29/04/2025;29/04/2025;;0,0;;AGEU;;;Conciliado;;;;Movimentado;;;;R$ 2.480,02;R$2.480,02;R$ 58.836,94;;COELBA;MARCELO / DICSON;;29/07/2025;ACEITA;AGOSTO;;;NÃO;;;SENHOR DO BONFIM;0.0;;;;;OBRA SIMPL - APROVADO ;ENVIADO;;;;;;;;;;;;;
LPT;B-0477336;MP-CCOL-POV CURRAL FALSO AROEIRA-RURAL;ITIÚBA;30/06/2025;10/07/2025;;327,0;;AGEU;;;Conciliado;;Aprovado;;Movimentado;;R$ 2.230,39;;R$ 605.051,45;R$607.281,84;R$ 1.077.227,77;;COELBA;ANAILTON/GESONI/JOSE/OSMAR/DICSON;;01/08/2025;ACEITA;AGOSTO;;;NÃO;;;SENHOR DO BONFIM;10.0;;;;;;;;;;;;;;;;;;;
LPT MED;B-0869166;ORÇ.MED.MP-CCOL-POV CURRAL FALSO AROEIRA;ITIÚBA;30/06/2025;10/07/2025;;0,0;;AGEU;;;Conciliado;;;;Movimentado;;;;R$ 2.668,75;R$2.668,75;R$ 5.552,47;;COELBA;MICHEL;;01/08/2025;ACEITA;AGOSTO;;;NÃO;;;SENHOR DO BONFIM;10.0;;;;;;;;;;;;;;;;;;;
LPT KIT ;B-0477341;LC-CCOL-POV CURRAL FALSO AROEIRA-RURAL;ITIÚBA;30/06/2025;10/07/2025;;0,0;;AGEU;;;Conciliado;;;;Movimentado;;;;R$ 9.258,47;R$9.258,47;R$ 37.882,82;;COELBA;MICHEL;;01/08/2025;ACEITA;AGOSTO;;;NÃO;;;SENHOR DO BONFIM;10.0;;;;;;;;;;;;;;;;;;;
UTEP;B-1137977;ER-CIND-POV-LAGE DA GAMELEIRA-RURAL;CANSANÇÃO;21/03/2025;26/03/2025;;35,0;;IVAN;;;Conciliado;;Aprovado;;Movimentado;;R$ 2.968,80;;R$ 84.296,43;R$87.265,23;R$ 327.604,38;;COELBA;ANAILTON;;05/08/2025;ACEITA;AGOSTO;;;NÃO;;;SENHOR DO BONFIM;5.0;;;;;;;;;;;;;;;;;;;
LPT;B-1121552;RR-CIND-POV- SOCOTO-RURAL;SENHOR DO BONFIM;22/04/2025;22/04/2025;;13,0;;ANDERSON;;;Conciliado;;;;Movimentado;;R$ 1.361,83;;R$ 26.072,27;R$27.434,10;R$ 105.238,82;;COELBA;JOILSON / JOÃO;;05/08/2025;ACEITA;AGOSTO;;;NÃO;;;SENHOR DO BONFIM;0.0;;;;DUPLICIDADE DE CIA / PENDENTE LIGAR CLIENTE KIT 7 ;;;;;;;;;;;;;;;
LPT MED;B-1156617;MD -CIND-POV- SOCOTO-RURAL;SENHOR DO BONFIM;22/04/2025;22/04/2025;;0,0;;ANDERSON;;;Conciliado;;;;Movimentado;;;;R$ 441,80;R$441,80;R$ 4.306,57;;COELBA;MICHEL;;05/08/2025;ACEITA;AGOSTO;;;NÃO;;;SENHOR DO BONFIM;0.0;;;;;;;;;;;;;;;;;;;
LPT KIT ;B-1156616;KT -CIND-POV- SOCOTO-RURAL;SENHOR DO BONFIM;22/04/2025;22/04/2025;;0,0;;ANDERSON;;;Conciliado;;;;Movimentado;;;;R$ 259,77;R$259,77;R$ 11.099,39;;COELBA;MICHEL;;05/08/2025;ACEITA;AGOSTO;;;NÃO;;;SENHOR DO BONFIM;0.0;;;;;;;;;;;;;;;;;;;
UTEP;B-1203693;ER-CIND-POV-PEDREGULHO-RURAL;MONTE SANTO;19/07/2025;21/07/2025;;3,0;;AGEU;;;Conciliado;;;;Movimentado;;;;R$ 5.161,34;R$5.161,34;R$ 16.584,52;;COELBA;JOSE/DICSON;;06/08/2025;ACEITA;AGOSTO;;;NÃO;;;SENHOR DO BONFIM;2.0;;;;;;;;;;;;;;;;;;;
LPT;B-1108365;ER-CIND-POV-TANQUE VELHO-TANQUE VELHO;SENHOR DO BONFIM;15/07/2025;17/07/2025;;3,0;;AGEU;;;Conciliado;;;;Movimentado;;;;R$ 5.173,31;R$5.173,31;R$ 38.525,31;;COELBA;DIEGO/JOILSON/JOAO;;08/08/2025;ACEITA;AGOSTO;;;NÃO;;;SENHOR DO BONFIM;2.0;;;;;OBRA SIMPL - APROVADO ;ENVIADO;;;;;;;;;;;;;
LPT MED;B-1213868;MD-CIND-POV-TANQUE VELHO-TANQUE VELHO;SENHOR DO BONFIM;15/07/2025;17/07/2025;;0,0;;AGEU;;;Conciliado;;;;Movimentado;;;;R$ 398,70;R$398,70;R$ 1.164,11;;COELBA;MICHEL;;08/08/2025;ACEITA;AGOSTO;;;NÃO;;;SENHOR DO BONFIM;2.0;;;;;;;;;;;;;;;;;;;
LPT KIT ;B-1213804;KT-CIND-POV-TANQUE VELHO-TANQUE VELHO;SENHOR DO BONFIM;15/07/2025;17/07/2025;;0,0;;AGEU;;;Conciliado;;;;Movimentado;;;;R$ 457,30;R$457,30;R$ 2.125,38;;COELBA;MICHEL;;08/08/2025;ACEITA;AGOSTO;;;NÃO;;;SENHOR DO BONFIM;2.0;;;;;;;;;;;;;;;;;;;
LPT;B-1011966;RR-CIND-FAZ-BANANEIRA-VANVANA;CAMPO FORMOSO;12/06/2025;18/06/2025;;22,0;;ANDERSON;;;Conciliado;;Aprovado;;Movimentado;;R$ 3.097,16;;R$ 37.759,93;R$40.857,09;R$ 107.354,17;;COELBA;GESONI/JOAO;;08/08/2025;ACEITA;AGOSTO;;;NÃO;;;SENHOR DO BONFIM;6.0;;;;PRJ -  KIT / MEDIDOR EM X - PROJETO MEDIDOR EM  Y-1037707;;;;;;;;;;;;;;;
LPT MED;B-1215308;MD-CIND-FAZ-BANANEIRA-VANVANA;CAMPO FORMOSO;12/06/2025;18/06/2025;;0,0;;ANDERSON;;;Conciliado;;;;Movimentado;;;;R$ 1.452,21;R$1.452,21;R$ 4.656,42;;COELBA;MICHEL;;08/08/2025;ACEITA;AGOSTO;;;NÃO;;;SENHOR DO BONFIM;6.0;;;;;;;;;;;;;;;;;;;
LPT KIT ;B-1215148;KT-CIND-FAZ-BANANEIRA-VANVANA;CAMPO FORMOSO;12/06/2025;18/06/2025;;0,0;;ANDERSON;;;Conciliado;;;;Movimentado;;;;R$ 1.759,33;R$1.759,33;R$ 8.501,56;;COELBA;MICHEL;;08/08/2025;ACEITA;AGOSTO;;;NÃO;;;SENHOR DO BONFIM;6.0;;;;;;;;;;;;;;;;;;;
LPT;B-1165562;ER-CIND-FAZ-MAMOTE-RURAL-ITIUBA;ITIÚBA;30/06/2025;09/07/2025;;15,0;;ANDERSON;;;Conciliado;;;;Movimentado;;;;R$ 37.253,21;R$37.253,21;R$ 143.923,01;;COELBA;ISRAEL/MARCELO/JOAO;;08/08/2025;ACEITA;AGOSTO;;;NÃO;;;SENHOR DO BONFIM;9.0;;;;;;;;;;;;;;;;;;;
LPT MED;B-1208373;MD-CIND-FAZ-MAMOTE-RURAL-ITIUBA;ITIÚBA;30/06/2025;09/07/2025;;0,0;;ANDERSON;;;Conciliado;;;;Movimentado;;;;R$ 297,17;R$297,17;R$ 0,00;;COELBA;MICHEL;;08/08/2025;ACEITA;AGOSTO;;;NÃO;;;SENHOR DO BONFIM;9.0;;;;;;;;;;;;;;;;;;;
LPT KIT ;B-1207818;KT-CIND-FAZ-MAMOTE-RURAL-ITIUBA;ITIÚBA;30/06/2025;09/07/2025;;0,0;;ANDERSON;;;Conciliado;;;;Movimentado;;;;R$ 907,67;R$907,67;R$ 0,00;;COELBA;MICHEL;;08/08/2025;ACEITA;AGOSTO;;;NÃO;;;SENHOR DO BONFIM;9.0;;;;;;;;;;;;;;;;;;;
LPT;B-1134653;ER-GOVE-FAZ-ALAGOAS-ALAGOAS;ITIÚBA;31/05/2025;03/07/2025;;55,0;;ANDERSON;;;Conciliado;;Aprovado;;Movimentado;;R$ 1.703,52;;R$ 140.024,56;R$38.698,70;R$ 449.784,53;;COELBA;ISRAEL/JOAO;;08/08/2025;ACEITA;AGOSTO;;;NÃO;;;SENHOR DO BONFIM;33.0;;;;;;;;;;;;;;;;;;;
LPT MED;B-1196821;MD-GOVE-FAZ-ALAGOAS-ALAGOAS;ITIÚBA;31/05/2025;03/07/2025;;0,0;;ANDERSON;;;Conciliado;;;;Movimentado;;;;R$ 398,07;R$398,07;R$ 0,00;;COELBA;MICHEL;;08/08/2025;ACEITA;AGOSTO;;;NÃO;;;SENHOR DO BONFIM;33.0;;;;;;;;;;;;;;;;;;;
LPT KIT ;B-1196793;KT-GOVE-FAZ-ALAGOAS-ALAGOAS;ITIÚBA;31/05/2025;03/07/2025;;0,0;;ANDERSON;;;Conciliado;;;;Movimentado;;;;R$ 669,61;R$669,61;R$ 0,00;;COELBA;MICHEL;;08/08/2025;ACEITA;AGOSTO;;;NÃO;;;SENHOR DO BONFIM;33.0;;;;;;;;;;;;;;;;;;;
UTEP;B-1172956;ER-CIND-FAZ-PACUI-RURAL;SENHOR DO BONFIM;08/07/2025;08/07/2025;;2,0;;AGEU;;;Conciliado;;Aprovado;;Movimentado;;;;R$ 6.091,91;R$6.091,91;R$ 15.407,86;;COELBA;JEFFERSON/JOAO;;09/08/2025;ACEITA;AGOSTO;;;NÃO;;;SENHOR DO BONFIM;0.0;;;;;OBRA SIMPL - APROVADO ;ENVIADO;;;;;;;;;;;;;
UTEP;B-1172446;UB-CIND-RUA-CORONEL JO O CORDEIRO-ALTO;MONTE SANTO;10/07/2025;10/07/2025;;3,0;;AGEU;;;Conciliado;;;;Movimentado;;;;R$ 3.674,48;R$3.674,48;R$ 18.788,59;;COELBA;JOSE/DICSON;;06/08/2025;ACEITA;AGOSTO;;;NÃO;;;SENHOR DO BONFIM;0.0;;;;;OBRA SIMPL - APROVADO ;ENVIADO;;;;;;;;;;;;;
UTEP;B-1147843;AC-CIND-POV-VARZINHA-RURAL;ITIÚBA;16/10/2024;17/02/2025;;0,0;;AGEU;;;Conciliado;;Aprovado;;Movimentado;;R$ 3.429,10;;R$ 909,86;R$909,86;R$ 7.300,78;;COELBA;UELTON / ISRAEL ;;16/04/2025;ACEITA;ABRIL;;;NÃO;;;SENHOR DO BONFIM;124.0;;;;;OBRA SIMPL - APROVADO ;ENVIADO;;;;;;;;;;;;;
UTEP;B-1130291;ER-CIND-POV-POCO D AGUA LAGINHA-CABACAS;ITIÚBA;19/11/2024;26/10/2024;;2,0;;RAFAELA;;;Conciliado;;;;Movimentado;;;;R$ 4.935,28;R$4.935,28;R$ 62.524,45;;COELBA;UELTON / ANAILTON;;04/04/2025;ACEITA;ABRIL;;08/04/2025;NÃO;;;SENHOR DO BONFIM;-24.0;;;;;OBRA SIMPL - APROVADO ;ENVIADO;;;;;;;;;;;;;
UTEP;B-1118807;ER-CIND-POV-PAU BRANCO 441-RURAL;ITIUBA;19/11/2024;12/02/2025;;1,0;;ALEXANDRE;;;Conciliado;;Aprovado;;Movimentado;;R$ 2.777,03;;R$ 3.154,95;R$2.473,14;R$ 20.702,28;;COELBA;DICSON/REGINALDO;;16/04/2025;ACEITA;ABRIL;;23/04/2025;NÃO;;;SENHOR DO BONFIM;85.0;;;;;;;;;;;;;;;;;;;
UTEP;B-1134940;AC-CIND-POV-RURAL-RURAL-QUEIMADAS;QUEIMADAS;21/11/2024;12/12/2024;;8,0;;ANDERSON;;;Conciliado;;Aprovado;;Movimentado;;R$ 3.616,50;;R$ 23.104,73;R$19.488,23;R$ 59.723,09;;COELBA;;;02/04/2025;ACEITA;ABRIL;;;NÃO;;;SENHOR DO BONFIM;21.0;26/02/2025;03/02/2025;20/12/2024;;;;;;;;;;;;;;;;
UTEP;B-1070831;ER-CIND-FAZ-ALEGRE-ROMULO CAMPOS;ITIÚBA;25/11/2024;21/12/2024;;2,0;;ANDERSON;;;Conciliado;;Aprovado;;Movimentado;;R$ 3.154,95;;R$ 6.918,21;R$6.918,21;R$ 19.567,15;;COELBA;UELTON / ISRAEL;;28/03/2025;ACEITA;ABRIL;;;NÃO;;;SENHOR DO BONFIM;26.0;31/01/2025;;;;;;;;;;;;;;;;;;
UTEP;B-0990040;ER-CIND-ET-ADUT M CARAIBA-RURAL N PILAR;JAGUARARI;30/11/2024;10/12/2024;;2,0;;LARISSA;;;Conciliado;;Aprovado;;Movimentado;;;;R$ 6.847,46;R$6.847,46;R$ 5.357,09;;COELBA;DICSON / REGINALDO;;24/03/2025;ACEITA;ABRIL;;03/04/2025;NÃO;;;SENHOR DO BONFIM;10.0;;;;VERIFICAR MOVIMENTAÇÃO DE MATERIAL/ LIMPEZA DE VERSAO;;;;;;;;;;;;;;;
UTEP;B-1120038;ER-CIND-POV-VARZINHA 31-RURAL;ITIÚBA;04/12/2024;05/12/2024;;1,0;;LARISSA;;;Conciliado;;Aprovado;;Movimentado;;R$ 3.154,95;;R$ 3.977,35;R$3.658,78;R$ 29.135,03;;COELBA;UELTON / ISRAEL;;31/03/2025;ACEITA;ABRIL;;03/04/2025;NÃO;;;SENHOR DO BONFIM;1.0;;;;;;;;;;;;;;;;;;;
UTEP;B-1153668;UB-CIND-RUA-JOSE BELAU-TAPERA;CANSANÇÃO;07/12/2024;21/12/2024;;1,0;;ANDERSON;;;Conciliado;;;;Movimentado;;;;R$ 1.743,28;R$1.743,28;R$ 5.967,53;;COELBA;UELTON / ANAILTON;;26/03/2025;ACEITA;ABRIL;;;NÃO;;;SENHOR DO BONFIM;14.0;10/02/2025;;;;;;;;;;;;;;;;;;
UTEP;B-1158658;UB-CIND-AV-CATUNI-ODILON GONCALVES;JAGUARARI;10/12/2024;10/12/2024;;4,0;;ALEXANDRE;;;Conciliado;;Aprovado;;Movimentado;;;;R$ 7.403,14;R$7.403,14;R$ 23.078,74;;COELBA;DICSON / REGINALDO;;24/03/2025;ACEITA;ABRIL;;26/03/2025;NÃO;;;SENHOR DO BONFIM;0.0;31/01/2025;;;;;;;;;;;;;;;;;;
UTEP;B-1149433;UB-CIND-RUA-07 DE SETEMBRO-CENTRO;CANSANÇÃO;10/12/2024;30/01/2025;;2,0;;AGEU ;;;Conciliado;;;;Movimentado;;;;R$ 3.585,04;R$3.585,04;R$ 11.031,16;;COELBA;"UELTON / ANAILTON
ANAILTON";;19/03/2025;ACEITA;ABRIL;;;NÃO;;;SENHOR DO BONFIM;51.0;;;;;OBRA SIMPL - APROVADO ;ENVIADO;;;;;;;;;;;;;
LPT;B-1144425;ER-CIND-POV-VARZEA DOS BOIS-RURAL;MONTE SANTO;12/12/2024;12/02/2025;;0,0;;AGEU;;;Conciliado;;;;Movimentado;;;;R$ 436,65;R$436,65;R$ 2.175,13;;COELBA;MARCELO;;09/04/2025;ACEITA;ABRIL;;;NÃO;;;SENHOR DO BONFIM;62.0;;;;;OBRA SIMPL - APROVADO ;ENVIADO;;;;;;;;;;;;;
LPT;B-1140885;ER-CIND-POV-MANDASSAIA-TAPERA;MONTE SANTO;13/12/2024;14/02/2025;;2,0;;RAFAELA;;;Conciliado;;;;Movimentado;;;;R$ 3.195,79;R$3.195,79;R$ 10.851,07;;COELBA;UELTON / OSMAR;;25/03/2028;ACEITA;ABRIL;;;NÃO;;;SENHOR DO BONFIM;63.0;;;;;OBRA SIMPLIFICADA;NÃO ENVIADO;;;;;;;;;;;;;
UTEP;B-1155599;UB-CIND-RUA-07 DE ABRIL-CENTRO;MONTE SANTO;18/12/2024;05/02/2025;;1,0;;ANDERSON;;;Conciliado;;;;Movimentado;;;;R$ 2.769,85;R$2.769,85;R$ 10.025,08;;COELBA;UELTON / MARCELO ;;03/04/2025;ACEITA;ABRIL;;;NÃO;;;SENHOR DO BONFIM;49.0;29/03/2025;;;demanda de conciliação CDM0010762/25;OBRA SIMPL - APROVADO ;ENVIADO;;;;;;;;;;;;;
UTEP;B-1155962;ER-CIND-FAZ- BOA VISTA-RURAL;QUEIMADAS;18/12/2024;18/12/2024;;7,0;;ANDERSON;;;Conciliado;;Aprovado;;Movimentado;;;;R$ 16.010,97;R$16.010,97;R$ 37.728,84;;COELBA;UELTON / JEFFERSON;;14/04/2025;ACEITA;ABRIL;;;NÃO;;;SENHOR DO BONFIM;0.0;02/01/2025;;;;;;;;;;;;;;;;;;
UTEP;B-1144759;ER-CIND-FAZ-LAGEDO-RURAL;MONTE SANTO;20/12/2024;05/02/2025;;3,0;;AGEU;;;Conciliado;;;;Movimentado;;;;R$ 5.098,02;R$5.098,02;R$ 16.831,13;;COELBA;DICSON / MARCELO;;19/03/2025;ACEITA;ABRIL;;;NÃO;;;SENHOR DO BONFIM;47.0;;;;;OBRA SIMPL - APROVADO ;ENVIADO;;;;;;;;;;;;;
LPT;B-1149203;ER-CIND-FAZ-FELICIANO-RURAL;MONTE SANTO;21/12/2024;06/02/2025;;5,0;;AGEU;;;Conciliado;;Aprovado;;Movimentado;;;;R$ 11.193,09;R$11.193,09;R$ 25.561,00;;COELBA;DICSON  / MARCELO ;;19/03/2025;ACEITA;ABRIL;;;NÃO;;;SENHOR DO BONFIM;47.0;;;;;OBRA SIMPL - APROVADO ;ENVIADO;;;;;;;;;;;;;
LPT;B-1152940;ER-CIND-POV-ANHA 320-JAGUARARI;JAGUARARI;28/12/2024;30/12/2024;;4,0;;ALEXANDRE;;;Conciliado;;Aprovado;;Movimentado;;;;R$ 7.720,80;R$7.720,80;R$ 22.792,73;;COELBA;UELTON / OSMAR ;;25/03/2025;ACEITA;ABRIL;;;NÃO;;;SENHOR DO BONFIM;2.0;17/02/2025;;;;;;;;;;;;;;;;;;
UTEP;B-1142402;ER-CIND-FAZ- CARPINTARIA-RURAL;JAGUARARI;30/12/2024;30/12/2024;;6,0;;ANDERSON;;;Conciliado;;;;Movimentado;;;;R$ 10.028,29;R$10.028,29;R$ 25.806,72;;COELBA;DICSON /REGINALDO;;14/04/2025;ACEITA;ABRIL;;;NÃO;;;SENHOR DO BONFIM;0.0;04/02/2025;;;;OBRA SIMPL - APROVADO ;ENVIADO;ENVIADO;;;;;;;;;;;;
UTEP;B-1141817;ER-CIND-FAZ-CAPIM-QUEIMADAS;QUEIMADAS;31/12/2024;31/12/2024;;5,0;;ANDERSON ;;;Conciliado;;Aprovado;;Movimentado;;;;R$ 15.092,60;R$15.092,60;R$ 31.125,38;;COELBA;UELTON / JEFERSON ;;17/04/2025;ACEITA;ABRIL;;;NÃO;;;SENHOR DO BONFIM;0.0;10/02/2025;;;;OBRA SIMPL - APROVADO ;ENVIADO;ENVIADO;;;;;;;;;;;;
UTEP;B-1139377;ER-CIND-POV-BREJAO DA GROTA 530-RURAL;ANTÔNIO GONÇALVES;09/01/2025;05/02/2025;;2,0;;AGEU;;;Conciliado;;Aprovado;;Movimentado;;R$ 3.154,95;;R$ 3.739,38;R$3.739,38;R$ 31.019,10;;COELBA;DICSON / VAGNER;;12/04/2025;ACEITA;ABRIL;;;NÃO;;;SENHOR DO BONFIM;27.0;;;;;OBRA SIMPL - APROVADO ;ENVIADO;;;;;;;;;;;;;
UTEP;B-1156377;AC-CIND-LOT-RIO DA PRATA-MISSAO DO SAHY;SENHOR DO BONFIM;11/01/2025;08/02/2025;;5,0;;AGEU ;;;Conciliado;;;;Movimentado;;;;R$ 5.072,84;R$5.072,84;R$ 32.526,86;;COELBA;DICSON / REGINALDO ;;25/03/2025;ACEITA;ABRIL;;;NÃO;;;SENHOR DO BONFIM;28.0;;;;;;;;;;;;;;;;;;;
UTEP;B-1158654;ER-CIND-POV-FOLHA LARGA-RURAL;CAMPO FORMOSO;22/01/2025;12/02/2025;;6,0;;ANDERSON;;;Conciliado;;Aprovado;;Movimentado;;R$ 3.429,10;;R$ 14.489,00;R$14.489,00;R$ 51.851,40;;COELBA;DICSON / VAGNER;;03/04/2025;ACEITA;ABRIL;;;NÃO;;;SENHOR DO BONFIM;21.0;28/02/2025;;;;;;;;;;;;;;;;;;
UTEP;B-1183001;ER-CIND-POV-CARIACA DE CIMA-CARIACA;SENHOR DO BONFIM;29/01/2025;05/02/2025;;4,0;;ANDERSON;;;Conciliado;;;;Movimentado;;;;R$ 6.857,33;R$6.857,33;R$ 19.813,95;;COELBA;WESLEY / JOILSON;;25/03/2025;ACEITA;ABRIL;;;NÃO;;;SENHOR DO BONFIM;7.0;11/03/2025;;;;;;;;;;;;;;;;;;
LPT;B-1033879;ER-CIND-FAZ-VARZINHA-ROMULO CAMPOS;ITIÚBA;30/01/2025;08/02/2025;;4,0;;ANDERSON;;;Conciliado;;Aprovado;;Movimentado;;;;R$ 8.711,81;R$8.711,81;R$ 20.523,84;;COELBA;DICSON / ALDAIR;;07/04/2025;ACEITA;ABRIL;;;NÃO;;;SENHOR DO BONFIM;9.0;03/03/2025;;;;OBRA SIMPL - APROVADO ;ENVIADO;;;;;;;;;;;;;
LPT;B-1053426;MP-CCOL-POV GATO-RURAL;ITIÚBA;31/01/2025;08/02/2025;;25,0;;RAFAELA;;;Conciliado;;Aprovado;;Movimentado;;R$ 2.206,00;;R$ 51.888,05;R$51.609,23;R$ 105.541,05;;COELBA;DICSON  / ISRAEL ;;09/04/2025;ACEITA;ABRIL;;12/04/2025;NÃO;;;SENHOR DO BONFIM;8.0;;;;;;;;;;;;;;;;;;;
LPT;B-1085264;MP CIND RUA DA LINHA PINDOBAÇU RURAL;PINDOBAÇU;31/01/2025;08/02/2025;;41,0;;LARISSA;;;Conciliado;;Aprovado;;Movimentado;;R$ 1.348,79;;R$ 91.206,53;R$90.729,68;R$ 366.503,58;;COELBA;DICSON /REGINALDO;;12/04/2025;ACEITA;ABRIL;;;NÃO;;;SENHOR DO BONFIM;8.0;12/03/2025;;;;;;;;;;;;;;;;;;
LPT;B-1083736;ER-CIND-FAZ-CEROULA NOVA-RURAL;MONTE SANTO;01/02/2025;01/03/2025;;2,0;;ANDERSON;;;Conciliado;;Aprovado;;Movimentado;;R$ 3.154,95;;R$ 5.106,77;R$5.106,77;R$ 16.931,64;;COELBA;DICSON / OSMAR;;25/03/2025;ACEITA;ABRIL;;;NÃO;;;SENHOR DO BONFIM;28.0;28/02/2025;;;;;;;;;;;;;;;;;;
UTEP;B-1183387;UB-CIND-AV-LUIZ E MAGALHAES-CENTRO;MONTE SANTO;01/02/2025;07/03/2025;;0,0;;ALEXANDRE;;;Conciliado;;Aprovado;;Movimentado;;R$ 2.907,66;;R$ 1.380,50;R$1.233,02;R$ 29.116,24;;COELBA;DICSON / OSMAR ;;11/04/2025;ACEITA;ABRIL;;;NÃO;;;SENHOR DO BONFIM;34.0;;;;;;;;;;;;;;;;;;;
LPT;B-1091723;AC-CCOL FAZ CALDEIRÃO DO COXO RURAL;NORDESTINA;05/02/2025;07/02/2025;;20,0;;LARISSA ;;;Conciliado;;;;Movimentado;;;;R$ 43.151,47;R$43.151,47;R$ 249.716,91;;COELBA;ALAN/ANAILTON;;09/04/2025;ACEITA;ABRIL;;;NÃO;;;SENHOR DO BONFIM;2.0;;;;;;;;;;;;;;;;;;;
UTEP;B-1128973;MP CIND POV QUEIMADA GRANDE RURAL;MONTE SANTO;14/02/2025;24/02/2025;;21,0;;LARISSA;;;Conciliado;;Aprovado;;Movimentado;;R$ 3.164,45;;R$ 67.489,76;R$67.489,76;R$ 222.792,07;;COELBA;ALAN / OSMAR;;03/04/2025;ACEITA;ABRIL;;04/04/2025;NÃO;;;SENHOR DO BONFIM;10.0;;;;;;;;;;;;;;;;;;;
LPT;B-1062185;ER-CIND-FAZ-PLANALTO 10-RURAL;PONTO NOVO;14/02/2025;17/02/2025;;23,0;;RAFAELA;;;Conciliado;;;;Movimentado;;;;R$ 40.297,04;R$40.297,04;R$ 297.577,62;;COELBA;DICSON  / GESONI;;07/04/2025;ACEITA;ABRIL;;;NÃO;;;SENHOR DO BONFIM;3.0;;;;;;;;;;;;;;;;;;;
UTEP;B-1146265;IS-COEL-RUA-DR ANTONIO GONCALVES-CENTRO;CAMPO FORMOSO;16/02/2025;05/03/2025;;1,0;;RAFAELA;;;Conciliado;;Aprovado;;Movimentado;;R$ 1.965,18;;R$ 3.017,13;R$3.017,13;R$ 12.335,06;;COELBA;ALAN/ISRAEL;;17/04/2025;ACEITA;ABRIL;;22/04/2025;NÃO;;;SENHOR DO BONFIM;17.0;;;;;OBRA SIMPL - APROVADO ;ENVIADO;;;;;;;;;;;;;
UTEP;B-1151080;AC-CIND-RUA-25 DE JANEIRO-SANTOS DUMONT;SENHOR DO BONFIM;19/02/2025;20/02/2025;;1,0;;LARISSA;;;Conciliado;;Aprovado;;Movimentado;;;;R$ 2.412,27;R$2.210,74;R$ 31.519,28;;COELBA;;;31/03/2025;ACEITA;ABRIL;;03/04/2025;NÃO;;;SENHOR DO BONFIM;1.0;;;;;;;;;;;;;;;;;;;
UTEP;B-1143757;ER-CCOL-LOT-NOVA QUEIMADAS-NOVA QUEIMADA;QUEIMADAS;21/02/2025;23/02/2025;;4,0;;LARISSA;;;Conciliado;;Aprovado;;Movimentado;;R$ 3.429,10;;R$ 6.659,00;R$6.659,00;R$ 51.250,03;;COELBA;;;31/03/2025;ACEITA;ABRIL;;03/02/2025;NÃO;;;SENHOR DO BONFIM;2.0;;;;;OBRA SIMPL - APROVADO ;ENVIADO;;;;;;;;;;;;;
UTEP;B-1115635;ER-CIND-PR -IGREJA-CATUNY;JAGUARARI;25/02/2025;28/02/2025;;11,0;;ANDERSON;;;Conciliado;;Aprovado;;Movimentado;;R$ 3.963,80;;R$ 26.530,98;R$26.530,98;R$ 82.639,33;;COELBA;DICSON / REGINALDO ;;16/04/2025;ACEITA;ABRIL;;;NÃO;;;SENHOR DO BONFIM;3.0;;;;;;;;;;;;;;;;;;;
UTEP;B-1121813;MP-CCOL-POV.SANTO EUSEBIO-RURAL;QUEIMADAS;27/02/2025;01/03/2025;;109,0;;LARISSA;;;Conciliado;;Aprovado;;Movimentado;;R$ 4.002,66;;R$ 315.454,25;R$252.798,24;R$ 1.300.331,27;;COELBA;ALAN / JEFFERSON;;15/03/2025;ACEITA;ABRIL;;04/04/2025;NÃO;;;SENHOR DO BONFIM;2.0;;;;;;;;;;;;;;;;;;;
LPT;B-1044080;MP-CCOL-POV-CACO DE TELHA-RURAL;SENHOR DO BONFIM;27/02/2025;28/02/2025;;24,0;;RAFAELA;;;Conciliado;;Aprovado;;Movimentado;;R$ 1.841,37;;R$ 48.807,10;R$48.618,40;R$ 164.496,25;;COELBA;DICSON/REGINALDO;;09/04/2025;ACEITA;ABRIL;;12/04/2025;NÃO;;;SENHOR DO BONFIM;1.0;;;;;;;;;;;;;;;;;;;
UTEP;B-1122959;AC CIND POV SANTO EUSEBIO RURAL;QUEIMADAS;27/02/2025;01/03/2025;;22,0;;LARISSA;;;Conciliado;;;;Movimentado;;;;R$ 71.283,88;R$71.283,88;R$ 253.927,33;;COELBA;ALAN/JEFERSON;;15/04/2025;ACEITA;ABRIL;;17/04/2025;NÃO;;;SENHOR DO BONFIM;2.0;;;;;;;;;;;;;;;;;;;
UTEP;B-1180051;UB-EMBA-RUA-CASAS POPULARES-CENTRO;ITIÚBA;01/03/2025;06/03/2025;;2,0;;ANDERSON;;;Conciliado;;Aprovado;;Movimentado;;;;R$ 6.220,87;R$6.220,87;R$ 15.319,27;;COELBA;ALAN / ISRAEL ;;07/04/2025;ACEITA;ABRIL;;;NÃO;;;SENHOR DO BONFIM;5.0;18/03/2025;;;;;;;;;;;;;;;;;;
LPT;B-1183941;ER-CIND-POV-LAGOA DO COXO-RURAL;SENHOR DO BONFIM;03/03/2025;03/03/2025;;3,0;;ANDERSON;;;Conciliado;;;;Movimentado;;;;R$ 5.028,94;R$5.028,94;R$ 14.816,64;;COELBA;DICSON / JOILSON ;;17/04/2025;ACEITA;ABRIL;;;NÃO;;;SENHOR DO BONFIM;0.0;26/03/2025;;;;;;;;;;;;;;;;;;
UTEP;B-1185080;ER-CIND-FAZ-MANDINGA 50033-RURAL;PONTO NOVO;04/03/2025;25/03/2025;;1,0;;ANDERSON;;;Conciliado;;;;Movimentado;;;;R$ 1.816,42;R$1.816,42;R$ 5.688,27;;COELBA;DICSON / VAGNER ;;04/04/2025;ACEITA;ABRIL;;;NÃO;;;SENHOR DO BONFIM;21.0;;;;;;;;;;;;;;;;;;;
UTEP;B-1183344;ER-CIND-RUA-NOVA-BARRACAS;PONTO NOVO;04/03/2025;12/03/2025;;1,0;;ANDERSON;;;Conciliado;;;;Movimentado;;;;R$ 1.695,54;R$1.695,54;R$ 6.492,62;;COELBA;DICSON / VAGNER ;;07/04/2025;ACEITA;ABRIL;;;NÃO;;;SENHOR DO BONFIM;8.0;02/04/2025;;;demanda de conciliação CDM0011289/25;;;;;;;;;;;;;;;
UTEP;B-1184232;ER-CIND-RUA-SOCOTO 244-SOCOTO;SENHOR DO BONFIM;04/03/2025;12/03/2025;;2,0;;ANDERSON;;;Conciliado;;;;Movimentado;;;;R$ 3.299,61;R$3.299,61;R$ 12.724,25;;COELBA;DICSON / JOILSON ;;08/04/2025;ACEITA;ABRIL;;;NÃO;;;SENHOR DO BONFIM;8.0;;;;;;;;;;;;;;;;;;;
UTEP;B-1182460;ER-CIND-POV-AGUA BRANCA-RURAL;SENHOR DO BONFIM;06/03/2025;06/03/2025;;4,0;;ANDERSON;;;Conciliado;;Aprovado;;Movimentado;;;;R$ 8.320,05;R$8.320,05;R$ 27.073,45;;COELBA;DICSON / JOILSON ;;04/04/2025;ACEITA;ABRIL;;;NÃO;;;SENHOR DO BONFIM;0.0;;;;;;;;;;;;;;;;;;;
UTEP;B-1179724;UB-CIND-RUA-ANTONIO JOSE -CENTRO;SENHOR DO BONFIM;07/03/2025;10/03/2025;;1,0;;ANDERSON;;;Conciliado;;;;Movimentado;;;;R$ 2.508,80;R$2.508,80;R$ 7.416,47;;COELBA;ALAN / ANAILTON;;03/04/2025;ACEITA;ABRIL;;;NÃO;;;SENHOR DO BONFIM;3.0;;;;;;;;;;;;;;;;;;;
UTEP;B-1184767;ER-CIND-FAZ-COSTA 40-RUARAL-NORDESTINA;NORDESTINA;07/03/2025;10/03/2025;;1,0;;ANDERSON;;;Conciliado;;;;Movimentado;;;;R$ 1.574,66;R$1.574,66;R$ 7.415,34;;COELBA;ALAN / ANAILTON;;09/04/2025;ACEITA;ABRIL;;;NÃO;;;SENHOR DO BONFIM;3.0;;;;;;;;;;;;;;;;;;;
UTEP;B-1182140;AC-CIND-FAZ-BARAUNA 50-RURAL;SENHOR DO BONFIM;08/03/2025;08/03/2025;;0,0;;AGEU;;;Conciliado;;;;Movimentado;;;;R$ 1.965,90;R$1.965,90;R$ 18.639,77;;COELBA;DICSON / REGINALDO ;;16/04/2025;ACEITA;ABRIL;;;NÃO;;;SENHOR DO BONFIM;0.0;;;;;;;;;;;;;;;;;;;
UTEP;B-1152231;UB-CIND-RUA DO POSTO 237-CENTRO-JACARE;FILADÉLFIA;10/03/2025;03/04/2025;;3,0;;ANDERSON;;;Conciliado;;;;Movimentado;;;;R$ 4.950,45;R$4.950,45;R$ 17.571,94;;COELBA;DICSON / GESONI;;12/04/2025;ACEITA;ABRIL;;;NÃO;;;SENHOR DO BONFIM;24.0;;;;;OBRA SIMPL - APROVADO ;ENVIADO;AGUARDANDO RETORNO DE CAMPO (FOTOS);;;;;;;;;;;;
UTEP;B-1180582;ER-CCOL-FAZ-ALAGADICO DE CIMA-RURAL;FILADÉLFIA;12/03/2025;14/03/2025;;4,0;;ANDERSON;;;Conciliado;;;;Movimentado;;;;R$ 6.684,14;R$6.684,14;R$ 28.178,15;;COELBA;DICSON / JOILSON ;;09/04/2025;ACEITA;ABRIL;;;NÃO;;;SENHOR DO BONFIM;2.0;;;;;;;;;;;;;;;;;;;
LPT;B-1148189;ER-CIND-POV-QUEIMADA GRANDE-QUEIMADA GRA;SENHOR DO BONFIM;12/03/2025;12/03/2025;;6,0;;ANDERSON;;;Conciliado;;;;Movimentado;;;;R$ 10.479,79;R$10.479,79;R$ 32.215,36;;COELBA;DICSON / JOILSON ;;16/04/2025;ACEITA;ABRIL;;;NÃO;;;SENHOR DO BONFIM;0.0;;;;;;;;;;;;;;;;;;;
UTEP;B-1158239;ER-CIND-POV-CARRAPATO-RURAL;ITIÚBA;14/03/2025;14/03/2025;;7,0;;ANDERSON;;;Conciliado;;Aprovado;;Movimentado;;R$ 5.018,12;;R$ 12.611,57;R$12.611,57;R$ 58.119,74;;COELBA;DICSON / GESONI;;11/04/2025;ACEITA;ABRIL;;;NÃO;;;SENHOR DO BONFIM;0.0;;;;;;;;;;;;;;;;;;;
UTEP;B-1161894;ER-CIND-POV-LAGE DO ANTONIO -LAGE;MONTE SANTO;14/03/2025;14/03/2025;;1,0;;AGEU;;;Conciliado;;;;Movimentado;;;;R$ 2.848,53;R$2.848,53;R$ 34.278,99;;COELBA;ALAN / OSMAR ;;12/04/2025;ACEITA;ABRIL;;;NÃO;;;SENHOR DO BONFIM;0.0;;;;;OBRA SIMPL - APROVADO ;ENVIADO;;;;;;;;;;;;;
UTEP;B-1184908;ER-CIND-POV-DE LAGINHA-RURAL;PINDOBAÇU;14/03/2025;14/03/2025;;2,0;;AGEU;;;Conciliado;;;;Movimentado;;;;R$ 3.304,68;R$3.304,68;R$ 11.423,29;;COELBA;DICSON / JOSE ;;14/04/2025;ACEITA;ABRIL;;;NÃO;;;SENHOR DO BONFIM;0.0;;;;;;;;;;;;;;;;;;;
UTEP;B-1157778;ER-CIND-RUA-APOLONIO 316-CENTRO-JATOBA;PINDOBAÇU;18/03/2025;18/03/2025;;1,0;;AGEU;;;Conciliado;;;;Movimentado;;R$ 3.429,10;;R$ 5.538,53;R$5.538,53;R$ 24.155,19;;COELBA;DICSON / JOSÉ ;;11/04/2025;ACEITA;ABRIL;;;NÃO;;;SENHOR DO BONFIM;0.0;;;;;OBRA SIMPL - APROVADO ;ENVIADO;;;;;;;;;;;;;
UTEP;B-1142637;ER-CIND-POV-GAMELEIRA-RURAL;JAGUARARI;19/03/2025;18/03/2025;;1,0;;AGEU;;;Conciliado;;Aprovado;;Movimentado;;R$ 3.429,10;;R$ 6.249,09;R$6.249,09;R$ 26.576,12;;COELBA;REGINALDO;;14/04/2025;ACEITA;ABRIL;;;NÃO;;;SENHOR DO BONFIM;-1.0;;;;;OBRA SIMPL - APROVADO ;ENVIADO;AGUARDANDO RETORNO DE CAMPO(FOTOS);;;;;;;;;;;;
LPT;B-1183437;ER-CIND-POV-LARANJEIRAS-RURAL;ANTÔNIO GONÇALVES;19/03/2025;18/03/2025;;9,0;;AGEU;;;Conciliado;;;;Movimentado;;;;R$ 15.215,12;R$15.215,12;R$ 33.582,40;;COELBA;DICSON /REGINALDO ;;16/04/2025;ACEITA;ABRIL;;;NÃO;;;SENHOR DO BONFIM;-1.0;;;;;;;;;;;;;;;;;;;
LPT;B-1182772;ER-CIND-POV-CAJARANA-SIITO DO FELIX;ITIUBA;21/03/2025;14/03/2025;;1,0;;AGEU;;;Conciliado;;;;Movimentado;;;;R$ 1.769,61;R$1.769,61;R$ 7.752,65;;COELBA;DICSON / GESONI ;;17/04/2025;ACEITA;ABRIL;;;NÃO;;;SENHOR DO BONFIM;-7.0;;;;;;;;;;;;;;;;;;;
UTEP;B-1152424;LD - CIND POV PERIPERI - RURAL;MONTE SANTO;03/04/2025;05/04/2025;;1,0;;ANDERSON;;;Conciliado;;Aprovado;;Movimentado;;;;R$ 3.709,29;R$3.709,29;R$ 33.804,70;;COELBA;GESONI / DICSON;;15/04/2025;ACEITA;ABRIL;;;NÃO;;;SENHOR DO BONFIM;2.0;;;;;OBRA SIMPL - APROVADO ;ENVIADO;;;;;;;;;;;;;
UTEP;B-1060739;MP-CCOL-POV-SANHARO-RURAL;PONTO NOVO;20/06/2025;08/07/2025;;19,0;;ANDERSON;;;Conciliado;;;;Movimentado;;;;R$ 51.232,13;R$51.232,13;R$ 319.843,19;;COELBA;GESONI/JOAO;;09/08/2025;ACEITA;AGOSTO;;;NÃO;;;SENHOR DO BONFIM;18.0;;;;;;;;;;;;;;;;;;;
UTEP;B-1190969;ER-CIND-POV-LAGE DO JOS -RURAL;CANSANÇÃO;18/07/2025;21/07/2025;;1,0;;AGEU;;;Conciliado;;Aprovado;;Movimentado;;;;R$ 3.570,46;R$3.570,46;R$ 19.222,11;;COELBA;JEFFERSON/DICSON;;09/08/2025;ACEITA;AGOSTO;;;NÃO;;;SENHOR DO BONFIM;3.0;;;;;;;;;;;;;;;;;;;
UTEP;B-1071599;ER-CIND-FAZ-LAGOA-CANSANCAO;CANSANÇÃO;20/11/2024;02/06/2025;;11,0;;IVAN;;;Conciliado;;;;Movimentado;;R$ 5.724,46;;R$ 17.754,84;R$23.479,30;R$ 61.524,45;;COELBA;UELTON / ANAILTON;;06/08/2025;ACEITA;AGOSTO;;;NÃO;;;SENHOR DO BONFIM;194.0;;;;EQUIPAMENTO - Status: MONT/FABR;;;;;;;;;;;;;;;
UTEP;B-1185391;ER-CIND-POV-NOVO HORIZONTE-N HORIZONTE;FILADÉLFIA;15/07/2025;16/07/2025;;3,0;;AGEU;;;Conciliado;;;;Movimentado;;;;R$ 5.339,65;R$5.339,65;R$ 18.054,49;;COELBA;WAGNER/JOAO;;12/08/2025;ACEITA;AGOSTO;;;NÃO;;;SENHOR DO BONFIM;1.0;;;;;;;;;;;;;;;;;;;
LPT / UTEP;B-1128886;ER-CIND-FAZ-SAO LUIZ-PEDRA VERMELHA;MONTE SANTO;01/02/2025;03/03/2025;;2,0;;ANDERSON;;;Conciliado;;Aprovado;;Movimentado;;R$ 3.429,10;;R$ 5.214,85;R$8.643,95;R$ 19.484,35;;COELBA;DICSON  /OSMAR ;;12/08/2025;ACEITA;AGOSTO;;;NÃO;;;SENHOR DO BONFIM;30.0;;;;EMAIL LIBERAR CIA 04/04/2025 - CLIENTES LIGADO COMO VARREDURA ;OBRA SIMPL - APROVADO ;ENVIADO;;;;;;;;;;;;;
UTEP;B-0934851;UB-CIND-RUA DO MATADOUR-CENTRO-ITU;ITIÚBA;30/11/2024;13/12/2024;;5,0;;AGEU;;;Conciliado;;Aprovado;;Movimentado;;R$ 12.135,02;;R$ 22.321,68;R$34.456,70;R$ 87.234,32;;COELBA;DICSON / ALDAIR;;14/08/2025;ACEITA;AGOSTO;;;NÃO;;;SENHOR DO BONFIM;13.0;;;;;;;;;;;;;;;;;;;
UTEP;B-1209307;UB-CIND-RUA-LESTE BRASILEIRO-CENTRO-SENH;PONTO NOVO;14/07/2025;26/07/2025;;2,0;;AGEU;;;Conciliado;;Aprovado;;Movimentado;;;;R$ 3.207,17;R$3.207,17;R$ 13.029,84;;COELBA;WAGNER/JOAO;;12/08/2025;ACEITA;AGOSTO;;;NÃO;;;SENHOR DO BONFIM;12.0;;;;;;;;;;;;;;;;;;;
UTEP;B-1195324;ER-CIND-RUA-DO CAMPO-CENTRO;ANTOANTÔNIO GONÇALVES;16/07/2025;26/07/2025;;2,0;;AGEU;;;Conciliado;;Aprovado;;Movimentado;;;;R$ 3.147,05;R$3.147,05;R$ 9.811,92;;COELBA;WAGNER/JOAO;;12/08/2025;ACEITA;AGOSTO;;;NÃO;;;SENHOR DO BONFIM;10.0;;;;;;;;;;;;;;;;;;;
UTEP;B-1188766;ER-SEIN-ROD-LOMANTO JR-PASSAGEM VELHA;PONTO NOVO;14/07/2025;26/07/2025;;3,0;;AGEU;;;Conciliado;;Aprovado;;Movimentado;;;;R$ 5.396,91;R$5.396,91;R$ 16.746,53;;COELBA;WAGNER/JOAO;;12/08/2025;ACEITA;AGOSTO;;;NÃO;;;SENHOR DO BONFIM;12.0;;;;;;;;;;;;;;;;;;;
LPT;B-1044051;MP-CCOL-FAZ-LAGE -RURAL;SENHOR DO BONFIM;19/05/2025;21/05/2025;;51,0;;IVAN;;;Conciliado;;Aprovado;;Movimentado;;R$ 2.859,21;;R$ 87.283,70;R$90.142,91;R$ 195.441,71;;COELBA;REGINALDO / JOILSON/ JOÃO;;12/08/2025;ACEITA;AGOSTO;;;NÃO;;;SENHOR DO BONFIM;2.0;;;;;;;;;;;;;;;;;;;
LPT MED;B-1044056;MED MP-CIND-FAZ-LAGE -RURAL;SENHOR DO BONFIM;19/05/2025;21/05/2025;;0,0;;IVAN;;;Conciliado;;;;Movimentado;;;;R$ 1.393,25;R$1.393,25;R$ 863,81;;COELBA;MICHEL;;12/08/2025;ACEITA;AGOSTO;;;NÃO;;;SENHOR DO BONFIM;2.0;;;;;;;;;;;;;;;;;;;
LPT KIT ;B-1044054;KT-CCOL-FAZ-LAGE-RURAL;SENHOR DO BONFIM;19/05/2025;21/05/2025;;0,0;;IVAN;;;Conciliado;;;;Movimentado;;;;R$ 2.552,89;R$2.552,89;R$ 10.605,47;;COELBA;MICHEL;;12/08/2025;ACEITA;AGOSTO;;;NÃO;;;SENHOR DO BONFIM;2.0;;;;;;;;;;;;;;;;;;;
LPT;B-1132965;ER-CIND-POV-PEDREGULHO-RURAL;MONTE SANTO;22/07/2025;22/07/2025;;9,0;;IVAN;;;Conciliado;;;;Movimentado;;;;R$ 17.809,42;R$17.809,42;R$ 42.222,23;;COELBA;JOSE/DICSON;;12/08/2025;ACEITA;AGOSTO;;;NÃO;;;SENHOR DO BONFIM;0.0;;;;;;;;;;;;;;;;;;;
LPT MED;B-1208037;MD-CIND-POV-PEDREGULHO-RURAL;MONTE SANTO;22/07/2025;22/07/2025;;0,0;;IVAN;;;Conciliado;;;;Movimentado;;;;R$ 398,07;R$398,07;R$ 0,00;;COELBA;MICHEL;;13/08/2025;ACEITA;AGOSTO;;;NÃO;;;SENHOR DO BONFIM;0.0;;;;;;;;;;;;;;;;;;;
LPT KIT ;B-1207784;KT-CIND-POV-PEDREGULHO-RURAL;MONTE SANTO;22/07/2025;22/07/2025;;0,0;;IVAN;;;Conciliado;;;;Movimentado;;;;R$ 850,71;R$850,71;R$ 0,00;;COELBA;MICHEL;;13/08/2025;ACEITA;AGOSTO;;;NÃO;;;SENHOR DO BONFIM;0.0;;;;;;;;;;;;;;;;;;;
UTEP;B-1041188;RC-CIND-POV-TAPERA-RURAL;ITIÚBA;30/06/2025;09/07/2025;;2,0;;IVAN;;;Conciliado;;;;Movimentado;;;;R$ 5.965,75;R$5.965,75;R$ 15.682,30;;COELBA;JOSE/DICSON;;18/08/2025;ACEITA;AGOSTO;;;NÃO;;;SENHOR DO BONFIM;9.0;;;;;OBRA SIMPL - APROVADO ;ENVIADO;;;;;;;;;;;;;
UTEP;B-1168522;ME-COEL-AV-ROGERIO BENTO PITANGA 99999;ITIÚBA;22/01/2025;05/05/2025;;0,0;;IVAN;;;Conciliado;;;;Movimentado;;;;R$ 1.973,49;R$1.973,49;R$ 29.834,15;;COELBA;DICSON/ALDAIR;;14/08/2025;ACEITA;AGOSTO;;;NÃO;;;SENHOR DO BONFIM;103.0;;;;;OBRA SIMPL - APROVADO ;ENVIADO;;;;;;;;;;;;;
UTEP;B-1200655;IP-SEIN-POV-DISTRITO DE QUICE-RURAL-QUIC;SENHOR DO BONFIM;08/07/2025;11/07/2025;;67,0;;AGEU;;;Conciliado;;Aprovado;;Movimentado;;R$ 2.996,95;;R$ 64.919,90;R$67.916,85;R$ 455.027,69;;COELBA;WAGNER/JOAO;;14/08/2025;ACEITA;AGOSTO;;;NÃO;;;SENHOR DO BONFIM;3.0;;;;;;;;;;;;;;;;;;;
UTEP;B-1082438;LD CIND FAZ IPUCA RURAL;PINDOBAÇU;24/07/2025;29/07/2025;;29,0;;UILQUER;;;Conciliado;;Aprovado;;Movimentado;;;;R$ 63.047,68;R$68.404,25;R$ 423.576,70;;COELBA;EDVALDO/JOAO;;14/08/2025;ACEITA;AGOSTO;;;NÃO;;;SENHOR DO BONFIM;5.0;;;;PLACA E28781;;;;;;;;;;;;;;;
LPT ;B-1161096;MP CIND POV ALTO BONITO RURAL;SENHOR DO BONFIM;26/07/2025;26/07/2025;;47,0;;LARISSA;;;Conciliado;;Aprovado;;Movimentado;;R$ 2.919,23;;R$ 148.950,57;R$68.404,25;R$ 418.713,48;;COELBA;REGINALDO/EDVALDO/JOAO;;15/08/2025;ACEITA;AGOSTO;;;NÃO;;;SENHOR DO BONFIM;0.0;;;;;;;;;;;;;;;;;;;
LPT MED;B-1216414;MD-CIND POV ALTO BONITO RURAL;SENHOR DO BONFIM;26/07/2025;26/07/2025;;0,0;;LARISSA;;;Conciliado;;;;Movimentado;;;;R$ 1.115,67;R$68.404,25;R$ 5.820,53;;COELBA;MICHEL;;15/08/2025;ACEITA;AGOSTO;;;NÃO;;;SENHOR DO BONFIM;0.0;;;;;;;;;;;;;;;;;;;
LPT KIT ;B-1216315;KT-CIND POV ALTO BONITO RURAL;SENHOR DO BONFIM;26/07/2025;26/07/2025;;0,0;;LARISSA;;;Conciliado;;;;Movimentado;;;;R$ 1.450,58;R$1.450,58;R$ 10.626,94;;COELBA;MICHEL;;15/08/2025;ACEITA;AGOSTO;;;NÃO;;;SENHOR DO BONFIM;0.0;;;;;;;;;;;;;;;;;;;
LPT ;B-1155338;ER-COEL-FAZ-RIO DO PEIXE-RURAL-QUEIMADAS;QUEIMADAS;29/07/2025;31/07/2025;;42,0;;UILQUER;;;Conciliado;;Aprovado;;Movimentado;;R$ 3.144,89;;R$ 63.527,13;R$72.445,01;R$ 272.368,57;;COELBA;OSMAR/JOSE/DICSON;;19/08/2025;ACEITA;SETEMBRO;;;NÃO;;;SENHOR DO BONFIM;2.0;;;;CONTRATAR PRJ - KIT / MEDIDOR ;;;;;;;;;;;;;;;
LPT MED;B-1216787;MD-COEL-FAZ-RIO DO PEIXE-RURAL-QUEIMADAS;QUEIMADAS;29/07/2025;31/07/2025;;0,0;;UILQUER;;;Conciliado;;;;Movimentado;;;;R$ 557,83;R$557,83;R$ 3.492,32;;COELBA;MICHEL;;19/08/2025;ACEITA;SETEMBRO;;;NÃO;;;SENHOR DO BONFIM;2.0;;;;;;;;;;;;;;;;;;;
LPT KIT ;B-1216707;KT-COEL-FAZ-RIO DO PEIXE-RURAL-QUEIMADAS;QUEIMADAS;29/07/2025;31/07/2025;;0,0;;UILQUER;;;Conciliado;;;;Movimentado;;;;R$ 675,29;R$675,29;R$ 6.376,16;;COELBA;MICHEL;;19/08/2025;ACEITA;SETEMBRO;;;NÃO;;;SENHOR DO BONFIM;2.0;;;;;;;;;;;;;;;;;;;
LPT;B-0265379;MP-CCOL-POV FERRO II-RURAL;ITIÚBA;27/06/2025;19/06/2025;;28,0;;ANDERSON;;;Conciliado;;Aprovado;;Movimentado;;R$ 1.557,88;;R$ 48.177,39;R$49.735,27;R$ 85.485,63;;COELBA;REGINALDO/JOAO;;18/08/2025;ACEITA;SETEMBRO;;;NÃO;;;SENHOR DO BONFIM;-8.0;;;;;;;;;;;;;;;;;;;
LPT MED;B-1072762;MED-CCOL-POV FERRO II-RURAL;ITIÚBA;27/06/2025;19/06/2025;;0,0;;ANDERSON;;;Conciliado;;;;Movimentado;;;;R$ 836,76;R$836,76;R$ 125,22;;COELBA;MICHEL;;18/08/2025;ACEITA;SETEMBRO;;;NÃO;;;SENHOR DO BONFIM;-8.0;;;;;;;;;;;;;;;;;;;
LPT KIT ;B-0265386;KT-CCOL-POV FERRO II-RURAL;ITIÚBA;27/06/2025;19/06/2025;;0,0;;ANDERSON;;;Conciliado;;;;Movimentado;;;;R$ 1.593,02;R$1.593,02;R$ 865,88;;COELBA;MICHEL;;18/08/2025;ACEITA;SETEMBRO;;;NÃO;;;SENHOR DO BONFIM;-8.0;;;;;;;;;;;;;;;;;;;
LPT;B-1163339;LD CIND POV JOCUNA RURAL;JAGUARARI;28/05/2025;10/07/2025;;6,0;;IVAN;;;Conciliado;;Aprovado;;Movimentado;;R$ 923,35;;R$ 18.520,34;R$19.443,69;R$ 85.457,10;;COELBA;WAGNER/REGINALDO/JOAO;;19/08/2025;ACEITA;SETEMBRO;;;NÃO;;;SENHOR DO BONFIM;43.0;;;;;;;;;;;;;;;;;;;
LPT MED;B-1195504;MD-CIND POV JOCUNA RURAL;JAGUARARI;28/05/2025;10/07/2025;;0,0;;IVAN;;;Conciliado;;;;Movimentado;;;;R$ 1.673,51;R$1.673,51;R$ 0,00;;COELBA;MICHEL;;19/08/2025;ACEITA;SETEMBRO;;;NÃO;;;SENHOR DO BONFIM;43.0;;;;;;;;;;;;;;;;;;;
LPT KIT ;B-1195462;KT-CIND POV JOCUNA RURAL;JAGUARARI;28/05/2025;10/07/2025;;0,0;;IVAN;;;Conciliado;;;;Movimentado;;;;R$ 4.047,73;R$4.047,73;R$ 0,00;;COELBA;MICHEL;;19/08/2025;ACEITA;SETEMBRO;;;NÃO;;;SENHOR DO BONFIM;43.0;;;;;;;;;;;;;;;;;;;
LPT/UTEP;B-1007298;RR-CIND-ET-ADUTORA MINA CARAIBA-RURAL NU;JAGUARARI;28/02/2025;26/04/2025;;13,0;;ANDERSON;;;Conciliado;;Aprovado;;Movimentado;;R$ 1.626,19;;R$ 40.907,80;R$42.533,99;R$ 69.325,46;;COELBA;DICSON/REGINALDO;;22/08/2025;ACEITA;SETEMBRO;;;NÃO;;;SENHOR DO BONFIM;57.0;;;;;;;;;;;;;;;;;;;
UTEP;B-1148412;UB-CIND-AV-JOSE CORGOSINHO-URBANO;ANDORINHAS;30/10/2024;05/08/2025;;3,0;;ANDERSON;;;Conciliado;;;;Movimentado;;;;R$ 5.417,71;R$5.417,71;R$ 25.038,49;;COELBA;DICSON / MARCELO;;26/08/2025;ACEITA;SETEMBRO;;;NÃO;;;SENHOR DO BONFIM;279.0;;;;;OBRA SIMPL - APROVADO ;ENVIADO;;;;;;;;;;;;;
UTEP;B-1190677;ER-CIND-POV-PASSAGEM VELHA-RURAL;SENHOR DO BONFIM;31/07/2025;01/08/2025;;4,0;;ANDERSON;;;Conciliado;;;;Movimentado;;;;R$ 6.766,23;R$6.766,23;R$ 27.427,36;;COELBA;WAGNER/JOAO;;26/08/2025;ACEITA;SETEMBRO;;;NÃO;;;SENHOR DO BONFIM;1.0;;;;;;;;;;;;;;;;;;;
LPT;B-1146608;ER-CIND-FAZ-PILOES-RURAL;CAMPO FORMOSO;18/07/2025;18/07/2025;;15,0;;ANDERSON;;;Conciliado;;Aprovado;;Movimentado;;R$ 3.144,89;;R$ 28.786,84;R$31.931,73;R$ 109.138,53;;COELBA;EDVALDO/ISRAEL/JOAO;;27/08/2025;ACEITA;SETEMBRO;;;NÃO;;;SENHOR DO BONFIM;0.0;;;;;;;;;;;;;;;;;;;
LPT MED;B-1216427;MD-CIND-FAZ-PILOES-RURAL;CAMPO FORMOSO;18/07/2025;18/07/2025;;0,0;;ANDERSON;;;Conciliado;;;;Movimentado;;;;R$ 2.054,45;R$2.054,45;R$ 8.148,74;;COELBA;MICHEL;;27/08/2025;ACEITA;SETEMBRO;;;NÃO;;;SENHOR DO BONFIM;0.0;;;;;;;;;;;;;;;;;;;
LPT KIT ;B-1216330;KT-CIND-FAZ-PILOES-RURAL;CAMPO FORMOSO;18/07/2025;18/07/2025;;0,0;;ANDERSON;;;Conciliado;;;;Movimentado;;;;R$ 2.494,00;R$2.494,00;R$ 14.877,72;;COELBA;MICHEL;;27/08/2025;ACEITA;SETEMBRO;;;NÃO;;;SENHOR DO BONFIM;0.0;;;;;;;;;;;;;;;;;;;
UTEP;B-1194159;ER-CIND-POV PASSAGEM VELHA-RURAL;SENHOR DO BONFIM;24/07/2025;01/08/2025;;2,0;;ANDERSON;;;Conciliado;;;;Movimentado;;;;R$ 3.487,23;R$3.487,23;R$ 11.499,74;;COELBA;OSMAR/JOAO;;27/08/2025;ACEITA;SETEMBRO;;;NÃO;;;SENHOR DO BONFIM;8.0;;;;;;;;;;;;;;;;;;;
UTEP;B-1170254;ER-CIND-POV-PAU DE COLHER-1260;PINDOBAÇU;05/08/2025;16/08/2025;;12,0;;AGEU;;;Conciliado;;Aprovado;;Movimentado;;;;R$ 24.963,01;R$24.963,01;R$ 131.840,28;;COELBA;JEFFERSON/DICSON;;29/08/2025;ACEITA;SETEMBRO;;;NÃO;;;SENHOR DO BONFIM;11.0;;;;;;;;;;;;;;;;;;;
UTEP;B-0995799;AC-CIND-POV-CARRAPATO-RURAL;ITIÚBA;15/08/2025;16/08/2025;;2,0;;AGEU;;;Conciliado;;Aprovado;;Movimentado;;R$ 3.896,13;;R$ 4.395,71;R$8.291,84;R$ 10.875,48;;COELBA;REGINALDO/JOAO;;29/08/2025;ACEITA;SETEMBRO;;;NÃO;;;SENHOR DO BONFIM;1.0;;;;;OBRA SIMPL - APROVADO ;ENVIADO;;;;;;;;;;;;;
UTEP;B-1161733;ER-CIND-POV-MAMAO-RURAL;SENHOR DO BONFIM;15/08/2025;18/08/2025;;6,0;;ANDERSON;;;Conciliado;;;;Movimentado;;;;R$ 7.563,75;R$7.563,75;R$ 37.818,78;;COELBA;REGINALDO/JOAO;;03/09/2025;ACEITA;SETEMBRO;;;NÃO;;;SENHOR DO BONFIM;3.0;;;;;;;;;;;;;;;;;;;
LPT;B-1108950;ER-CIND-FAZ-CARPINTARIA-NCL PILAR-RURAL;JAGUARARI;14/07/2025;14/07/2025;;9,0;;IVAN;;;Conciliado;;;;Movimentado;;;;R$ 15.320,80;R$15.320,80;R$ 43.099,10;;COELBA;REGINALDO/JOAO;;02/09/2025;ACEITA;SETEMBRO;;;NÃO;;;SENHOR DO BONFIM;0.0;;;;;;;;;;;;;;;;;;;
LPT MED;B-1213872;MD-CIND-FAZ-CARPINTARIA-NCL PILAR-RURAL;JAGUARARI;14/07/2025;14/07/2025;;0,0;;IVAN;;;Conciliado;;;;Movimentado;;;;R$ 1.173,97;R$1.173,97;R$ 5.820,53;;COELBA;MICHEL ;;02/09/2025;ACEITA;SETEMBRO;;;NÃO;;;SENHOR DO BONFIM;0.0;;;;;;;;;;;;;;;;;;;
LPT KIT ;B-1213806;KT-CIND-FAZ-CARPINTARIA-NCL PILAR-RURAL;JAGUARARI;14/07/2025;14/07/2025;;0,0;;IVAN;;;Conciliado;;;;Movimentado;;;;R$ 1.776,53;R$1.776,53;R$ 10.626,24;;COELBA;MICHEL;;02/09/2025;ACEITA;SETEMBRO;;;NÃO;;;SENHOR DO BONFIM;0.0;;;;;;;;;;;;;;;;;;;
UTEP;B-1140793;ER-CIND-POV-SANTO ANTONIO-RURAL;FILADÉLFIA;28/01/2025;09/06/2025;;0,0;;IVAN;;;Conciliado;;Aprovado;;Movimentado;;R$ 4.487,63;;R$ 337,81;R$4.825,44;R$ 88.498,64;;COELBA;DICSON / GESONI ;;03/09/2025;ACEITA;SETEMBRO;;;NÃO;;;SENHOR DO BONFIM;132.0;;;;;OBRA SIMPL - APROVADO ;ENVIADO;;;;;;;;;;;;;
LPT ;B-1166474;ER-CIND-POV LAGOA DO COXO-RURAL;SENHOR DO BONFIM;01/08/2025;16/08/2025;;2,0;;ANDERSON;;;Conciliado;;;;Movimentado;;;;R$ 3.004,60;R$3.004,60;R$ 12.221,81;;COELBA;WAGNER/JOAO;;04/09/2025;ACEITA;SETEMBRO;;;NÃO;;;SENHOR DO BONFIM;15.0;;;;;OBRA SIMPL - APROVADO ;ENVIADO;;;;;;;;;;;;;
LPT MED;B-1195519;MD-CIND-POV LAGOA DO COXO-RURAL;SENHOR DO BONFIM;01/08/2025;16/08/2025;;0,0;;ANDERSON;;;Conciliado;;;;Movimentado;;;;R$ 297,17;R$297,17;R$ 1.086,74;;COELBA;MICHEL;;04/09/2025;ACEITA;SETEMBRO;;;NÃO;;;SENHOR DO BONFIM;15.0;;;;;;;;;;;;;;;;;;;
LPT KIT ;B-1195478;KT-CIND-POV LAGOA DO COXO-RURAL;SENHOR DO BONFIM;01/08/2025;16/08/2025;;0,0;;ANDERSON;;;Conciliado;;;;Movimentado;;;;R$ 714,44;R$714,44;R$ 2.174,12;;COELBA;MICHEL;;04/09/2025;ACEITA;SETEMBRO;;;NÃO;;;SENHOR DO BONFIM;15.0;;;;;;;;;;;;;;;;;;;
UTEP/LPT;B-1127991;ER-CIND-POV-DERROTA 1010-RURAL;PONTO NOVO;09/08/2025;16/08/2025;;0,0;;AGEU;;;Conciliado;;Aprovado;;Movimentado;;R$ 2.125,33;;R$ 847,60;R$2.972,93;R$ 13.361,61;;COELBA;REGINALDO/JOAO;;06/09/2025;ACEITA;SETEMBRO;;;NÃO;;;SENHOR DO BONFIM;7.0;;;;;OBRA SIMPL - APROVADO ;ENVIADO;;;;;;;;;;;;;
LPT MED;B-1218486;MD-CIND-POV-DERROTA 1010-RURAL;PONTO NOVO;09/08/2025;16/08/2025;;0,0;;AGEU;;;Conciliado;;;;Movimentado;;;;R$ 297,17;R$297,17;R$ 1.169,69;;COELBA;MICHEL;;06/09/2025;ACEITA;SETEMBRO;;;NÃO;;;SENHOR DO BONFIM;7.0;;;;;;;;;;;;;;;;;;;
LPT KIT ;B-1218429;KT-CIND-POV-DERROTA 1010-RURAL;PONTO NOVO;09/08/2025;16/08/2025;;0,0;;AGEU;;;Conciliado;;;;Movimentado;;;;R$ 714,44;R$714,44;R$ 2.659,96;;COELBA;MICHEL;;06/09/2025;ACEITA;SETEMBRO;;;NÃO;;;SENHOR DO BONFIM;7.0;;;;;;;;;;;;;;;;;;;
LPT;B-1179710;ER-CIND-FAZ-BARREIRA 1500-RURAL;PINDOBAÇU;14/06/2025;12/07/2025;;21,0;;ANDERSON;;;Conciliado;;Aprovado;;Movimentado;;R$ 7.105,57;;R$ 49.476,90;R$56.582,47;R$ 156.753,38;;COELBA;EDVALDO/JOAO;;05/09/2025;ACEITA;SETEMBRO;;;NÃO;;;SENHOR DO BONFIM;28.0;;;;;;;;;;;;;;;;;;;
LPT MED;B-1208864;MD-CIND-FAZ-BARREIRA 1500-RURAL;PINDOBAÇU;14/06/2025;12/07/2025;;0,0;;ANDERSON;;;Conciliado;;;;Movimentado;;;;R$ 594,35;R$594,35;R$ 1.086,74;;COELBA;MICHEL;;05/09/2025;ACEITA;SETEMBRO;;;NÃO;;;SENHOR DO BONFIM;28.0;;;;;;;;;;;;;;;;;;;
LPT KIT ;B-1208584;KT-CIND-FAZ-BARREIRA 1500-RURAL;PINDOBAÇU;14/06/2025;12/07/2025;;0,0;;ANDERSON;;;Conciliado;;;;Movimentado;;;;R$ 975,84;R$975,84;R$ 0,00;;COELBA;MICHEL;;05/09/2025;ACEITA;SETEMBRO;;;NÃO;;;SENHOR DO BONFIM;28.0;;;;;;;;;;;;;;;;;;;
UTEP;B-1193876;AL 02-NOR-RT-3-3-Q098711;NORDESTINA;24/07/2025;01/08/2025;;1,0;;AGEU;;;Conciliado;;;;Movimentado;;;;R$ 1.627,21;R$1.627,21;R$ 108.656,57;;COELBA;ALDAIR/DICSON;;05/09/2025;ACEITA;SETEMBRO;;;NÃO;;;SENHOR DO BONFIM;8.0;;;;;;;;;;;;;;;;;;;
UTEP;B-1170277;IE-RELIGADOR-JNC-09X1-Q022984;CAMPO FORMOSO;15/07/2025;16/07/2025;;0,0;;ANDERSON;;;Conciliado;;;;Movimentado;;R$ 4.397,18;;R$ 1.237,66;R$5.634,84;R$ 134.004,23;;COELBA;JEFFERSON/JOAO;;05/09/2025;ACEITA;SETEMBRO;;;NÃO;;;SENHOR DO BONFIM;1.0;;;;;OBRA SIMPL - APROVADO ;ENVIADO;;;;;;;;;;;;;
UTEP;B-1182735;RC-COEL-RUA-DOM PEDRO II-GAMBOA;SENHOR DO BONFIM;28/07/2025;29/07/2025;;4,0;;AGEU;;;Conciliado;;Aprovado;;Movimentado;;R$ 7.559,67;;R$ 16.141,66;R$23.701,33;R$ 84.191,00;;COELBA;REGINALDO/MARCELO/JOAO;;08/09/2025;ACEITA;SETEMBRO;;;NÃO;;;SENHOR DO BONFIM;1.0;;;;;;;;;;;;;;;;;;;
LPT / UTEP ;B-1202020;ER-CIND-FAZ-GATO-RURAL;ITIÚBA;13/08/2025;18/08/2025;;0,0;;ANDERSON;;;Conciliado;;;;Movimentado;;;;R$ 490,40;R$490,40;R$ 1.449,89;;COELBA;REGINALDO/JOAO;;12/09/2025;ACEITA;SETEMBRO;;;NÃO;;;SENHOR DO BONFIM;5.0;;;;MUDAR PARA O PLANO 7;;;;;;;;;;;;;;;
LPT ;B-0858295;MP CIND POV MAXIXEIRO-RURAL;CAMPO FORMOSO;14/07/2025;19/07/2025;;25,0;;ANDERSON;;;Conciliado;;Aprovado;;Movimentado;;R$ 1.557,88;;R$ 81.470,30;R$83.028,18;R$ 360.855,98;;COELBA;EDVALDO/ISRAEL/JOAO;;12/09/2025;ACEITA;SETEMBRO;;;NÃO;;;SENHOR DO BONFIM;5.0;;;;;;;;;;;;;;;;;;;
LPT MED;B-1135775;MED MP CIND POV MAXIXEIRO RURAL;CAMPO FORMOSO;14/07/2025;19/07/2025;;0,0;;ANDERSON;;;Conciliado;;;;Movimentado;;;;R$ 372,48;R$372,48;R$ 792,35;;COELBA;MICHEL;;12/09/2025;ACEITA;SETEMBRO;;;NÃO;;;SENHOR DO BONFIM;5.0;;;;;;;;;;;;;;;;;;;
LPT KIT ;B-0932039;KIT-MP-CCOL-POV MAXIXEIRO-RURAL;CAMPO FORMOSO;14/07/2025;19/07/2025;;0,0;;ANDERSON;;;Conciliado;;;;Movimentado;;;;R$ 372,48;R$372,48;R$ 5.688,57;;COELBA;MICHEL;;12/09/2025;ACEITA;SETEMBRO;;;NÃO;;;SENHOR DO BONFIM;5.0;;;;;;;;;;;;;;;;;;;
LPT;B-1149258;ER-SEIN-FAZ-LAGOA DOS BOIS-RURAL;NORDESTINA;27/05/2025;07/07/2025;;3,0;;AGEU;;;Conciliado;;Aprovado;;Movimentado;;;;R$ 6.353,14;R$6.353,14;R$ 37.738,75;;COELBA;ALDAIR/DICSON;;16/09/2025;ACEITA;SETEMBRO;;;NÃO;;;SENHOR DO BONFIM;41.0;;;;;;;;;;;;;;;;;;;
LPT MED;B-1190552;MD-SEIN-FAZ-LAGOA DOS BOIS-RURAL;NORDESTINA;27/05/2025;07/07/2025;;0,0;;AGEU;;;Conciliado;;;;Movimentado;;;;R$ 594,35;R$594,35;R$ 2.174,66;;COELBA;MICHEL;;16/09/2025;ACEITA;SETEMBRO;;;NÃO;;;SENHOR DO BONFIM;41.0;;;;;;;;;;;;;;;;;;;
LPT KIT ;B-1190484;KT-SEIN-FAZ-LAGOA DOS BOIS-RURAL;NORDESTINA;27/05/2025;07/07/2025;;0,0;;AGEU;;;Conciliado;;;;Movimentado;;;;R$ 909,23;R$909,23;R$ 5.342,49;;COELBA;MICHEL;;16/09/2025;ACEITA;SETEMBRO;;;NÃO;;;SENHOR DO BONFIM;41.0;;;;;;;;;;;;;;;;;;;
LPT ;B-1159223;ER-CIND-POV-PEDRO DE SOUZA-RURAL;SENHOR DO BONFIM;05/08/2025;18/08/2025;;3,0;;ANDERSON;;;Conciliado;;Aprovado;;Movimentado;;R$ 1.835,35;;R$ 4.896,76;R$6.732,11;R$ 31.665,57;;COELBA;REGINALDO/JOAO;;16/09/2025;ACEITA;SETEMBRO;;;NÃO;;;SENHOR DO BONFIM;13.0;;;;;OBRA SIMPL - APROVADO ;ENVIADO;;;;;;;;;;;;;
LPT MED;B-1218508;MD-CIND-POV-PEDRO DE SOUZA-RURAL;SENHOR DO BONFIM;05/08/2025;18/08/2025;;0,0;;ANDERSON;;;Conciliado;;;;Movimentado;;;;R$ 218,35;R$218,35;R$ 1.169,69;;COELBA;MICHEL;;16/09/2025;ACEITA;SETEMBRO;;;NÃO;;;SENHOR DO BONFIM;13.0;;;;;;;;;;;;;;;;;;;
LPT KIT ;B-1218451;KT-CIND-POV-PEDRO DE SOUZA-RURAL;SENHOR DO BONFIM;05/08/2025;18/08/2025;;0,0;;ANDERSON;;;Conciliado;;;;Movimentado;;;;R$ 415,69;R$415,69;R$ 2.659,96;;COELBA;MICHEL;;16/09/2025;ACEITA;SETEMBRO;;;NÃO;;;SENHOR DO BONFIM;13.0;;;;;;;;;;;;;;;;;;;
LPT ;B-1166043;ER-CIND-POV-DE BARAUNA-RURAL;SENHOR DO BONFIM;05/08/2025;18/08/2025;;7,0;;ANDERSON;;;Conciliado;;Aprovado;;Movimentado;;R$ 1.835,35;;R$ 11.193,89;R$13.029,34;R$ 40.464,23;;COELBA;REGINALDO/JOAO;;18/09/2025;ACEITA;SETEMBRO;;;NÃO;;;SENHOR DO BONFIM;13.0;;;;;;;;;;;;;;;;;;;
LPT MED;B-1218556;MD-CIND-POV-DE BARAUNA-RURAL;SENHOR DO BONFIM;05/08/2025;18/08/2025;;0,0;;ANDERSON;;;Conciliado;;;;Movimentado;;;;R$ 76,25;R$76,25;R$ 1.169,69;;COELBA;MICHEL;;18/09/2025;ACEITA;SETEMBRO;;;NÃO;;;SENHOR DO BONFIM;13.0;;;;;;;;;;;;;;;;;;;
LPT KIT ;B-1218456;KT-CIND-POV-DE BARAUNA-RURAL;SENHOR DO BONFIM;05/08/2025;18/08/2025;;0,0;;ANDERSON;;;Conciliado;;;;Movimentado;;;;R$ 0,00;R$0,00;R$ 2.659,96;;COELBA;MICHEL;;18/09/2025;ACEITA;SETEMBRO;;;NÃO;;;SENHOR DO BONFIM;13.0;;;;;;;;;;;;;;;;;;;
UTEP;B-1193545;AL QDD-09S4-CONSTRUCAO;NORDESTINA;29/08/2025;01/09/2025;;74,0;;ANDERSON;;;Conciliado;;;;Movimentado;;;;R$ 247.441,59;R$247.441,59;R$ 1.114.783,35;;COELBA;ALDAIR/ANAILTON/DICSON;;17/09/2025;ACEITA;SETEMBRO;;;NÃO;;;SENHOR DO BONFIM;3.0;;;;;;;;;;;;;;;;;;;
UTEP;B-1161107;RC-GOVE-RUA-CARNAIBA DE BAIXO-RURAL;PINDOBAÇU;30/01/2025;26/04/2025;;1,0;;AGEU;;;Conciliado;;;;Movimentado;;;;R$ 16.095,46;R$16.095,46;R$ 65.125,21;;COELBA;DICSON ;;18/09/2025;ACEITA;SETEMBRO;;;NÃO;;;SENHOR DO BONFIM;86.0;;;;;;;;;;;;;;;;;;;
LPT;B-1134465;ER-CIND-POV-CAIXAO-RURAL;CANSANÇÃO;30/06/2025;30/06/2025;;18,0;;AGEU;;;Conciliado;;Aprovado;;Movimentado;;R$ 2.611,74;;R$ 46.801,46;R$49.413,20;R$ 173.929,42;;COELBA;JEFFERSON/DICSON;;18/09/2025;ACEITA;SETEMBRO;;;NÃO;;;SENHOR DO BONFIM;0.0;;;;;;;;;;;;;;;;;;;
LPT MED;B-1194098;MD-CIND-POV-CAIXAO-RURAL;CANSANÇÃO;30/06/2025;30/06/2025;;0,0;;AGEU;;;Conciliado;;;;Movimentado;;;;R$ 138,33;R$138,33;R$ 0,00;;COELBA;MICHEL;;18/09/2025;ACEITA;SETEMBRO;;;NÃO;;;SENHOR DO BONFIM;0.0;;;;;;;;;;;;;;;;;;;
LPT KIT ;Y-1194081;KT-CIND-POV-CAIXAO-RURAL;CANSANÇÃO;30/06/2025;30/06/2025;;0,0;;AGEU;;;Conciliado;;;;Movimentado;;;;R$ 0,00;R$0,00;R$ 0,00;;COELBA;MICHEL;;15/09/2025;ACEITA;SETEMBRO;;;NÃO;;;SENHOR DO BONFIM;0.0;;;;;;;;;;;;;;;;;;;
UTEP;B-1181184;UB-CIND-ROD-LOMANTO JUNIOR-O GONCALVES;JAGUARARI;12/08/2025;16/08/2025;;3,0;;AGEU;;;Conciliado;;;;Movimentado;;;;R$ 6.121,30;R$6.121,30;R$ 22.780,12;;COELBA;REGINALDO/JOAO;;18/09/2025;ACEITA;SETEMBRO;;;NÃO;;;SENHOR DO BONFIM;4.0;;;;;;;;;;;;;;;;;;;
LPT/UTEP;B-1146383;MP CIND POV BOA VISTA RURAL;QUEIMADAS;31/07/2025;01/08/2025;;24,0;;AGEU;;;Conciliado;;;;Movimentado;;;;R$ 58.885,98;R$58.885,98;R$ 254.259,61;;COELBA;MARCOS/JOAO;;17/09/2025;ACEITA;OUTUBRO;;;NÃO;;;SENHOR DO BONFIM;1.0;;;;;;;;;;;;;;;;;;;
LPT;B-1181484;ER-CIND-ET-SR BOMFIM 3 MORRINHOS-URBANA;SENHOR DO BONFIM;04/07/2025;10/07/2025;;20,0;;ANDERSON;;;Conciliado;;Aprovado;;Movimentado;;R$ 2.068,00;;R$ 38.185,81;R$40.253,81;R$ 140.909,38;;COELBA;JOILSON/DIEGO/JOAO;;22/09/2025;ACEITA;OUTUBRO;;;NÃO;;;SENHOR DO BONFIM;6.0;;;;;;;;;;;;;;;;;;;
LPT MED;B-1213390;MD-CIND-ET-SR BOMFIM 3 MORRINHOS-URBANA;SENHOR DO BONFIM;04/07/2025;10/07/2025;;0,0;;ANDERSON;;;Conciliado;;;;Movimentado;;;;R$ 403,96;R$403,96;R$ 4.656,42;;COELBA;MICHEL;;22/09/2025;ACEITA;OUTUBRO;;;NÃO;;;SENHOR DO BONFIM;6.0;;;;;;;;;;;;;;;;;;;
LPT KIT ;B-1213385;KT-CIND-ET-SR BOMFIM 3 MORRINHOS-URBANA;SENHOR DO BONFIM;04/07/2025;10/07/2025;;0,0;;ANDERSON;;;Conciliado;;;;Movimentado;;;;R$ 384,55;R$384,55;R$ 8.501,56;;COELBA;MICHEL;;22/09/2025;ACEITA;OUTUBRO;;;NÃO;;;SENHOR DO BONFIM;6.0;;;;;;;;;;;;;;;;;;;
LPT ;B-1158477;RR-SEIN-FAZ-SANTA TEREZA-POV ALECRIM;QUEIMADAS;11/08/2025;18/08/2025;;15,0;;AGEU;;;Conciliado;;Aprovado;;Movimentado;;R$ 1.626,19;;R$ 50.762,68;R$52.388,87;R$ 157.067,04;;COELBA;MARCELO/DICSON;;17/09/2025;ACEITA;OUTUBRO;;;NÃO;;;SENHOR DO BONFIM;7.0;;;;;;;;;;;;;;;;;;;
LPT MED;B-1220957;MD-SEIN-FAZ-SANTA TEREZA-POV ALECRIM;QUEIMADAS;11/08/2025;18/08/2025;;0,0;;AGEU;;;Conciliado;;;;Movimentado;;;;R$ 201,98;R$201,98;R$ 0,00;;COELBA;MICHEL;;17/09/2025;ACEITA;OUTUBRO;;;NÃO;;;SENHOR DO BONFIM;7.0;;;;;;;;;;;;;;;;;;;
LPT KIT ;B-1220847;KT-SEIN-FAZ-SANTA TEREZA-POV ALECRIM;QUEIMADAS;11/08/2025;18/08/2025;;0,0;;AGEU;;;Conciliado;;;;Movimentado;;;;R$ 140,69;R$140,69;R$ 0,00;;COELBA;MICHEL;;17/09/2025;ACEITA;OUTUBRO;;;NÃO;;;SENHOR DO BONFIM;7.0;;;;;;;;;;;;;;;;;;;
UTEP;B-1192258;ER-CIND-POV-PEDRA SOLTA-RURAL;ITIÚBA;29/06/2025;14/07/2025;;1,0;;AGEU;;;Conciliado;;;;Movimentado;;;;R$ 4.971,50;R$4.971,50;R$ 39.431,57;;COELBA;ISRAEL/JOAO;;22/09/2025;ACEITA;OUTUBRO;;;NÃO;;;SENHOR DO BONFIM;15.0;;;;;;;;;;;;;;;;;;;
UTEP;B-1044044;MP-CCOL-POV ÁGUA LIMPA-RURAL;FILADELFIA;16/08/2025;01/09/2025;;37,0;;AGEU;;;Conciliado;;;;Movimentado;;R$ 3.144,89;;R$ 98.338,63;R$101.483,52;R$ 184.949,75;;COELBA;GESONI/JOAO;;17/09/2025;ACEITA;OUTUBRO;;;NÃO;;;SENHOR DO BONFIM;16.0;;;;;;;;;;;;;;;;;;;
UTEP;B-1172820;ER-CIND-POV-TAPUIA 942-RURAL;SENHOR DO BONFIM;16/08/2025;16/09/2025;;0,0;;AGEU;;;Conciliado;;Aprovado;;Movimentado;;R$ 2.422,27;;R$ 950,16;R$3.372,43;R$ 14.670,89;;COELBA;EDVALDO/JOAO;;22/09/2025;ACEITA;OUTUBRO;;;NÃO;;;SENHOR DO BONFIM;31.0;;;;;OBRA SIMPL - APROVADO ;ENVIADO;;;;;;;;;;;;;
LPT / UTEP;B-0636485;MP-CCOL-F. PAPAGAIO-POÇA DA SEREIA-RURAL;ITIÚBA;28/08/2025;29/08/2025;;12,0;;ANDERSON;;;Conciliado;;Aprovado;;Movimentado;;R$ 2.068,00;;R$ 33.287,50;R$35.355,50;R$ 104.060,03;;COELBA;MARCELO/DICSON;;23/09/2025;ACEITA;OUTUBRO;;;NÃO;;;SENHOR DO BONFIM;1.0;;;;;;;;;;;;;;;;;;;
UTEP/LPT;B-1167483;ER-CIND-ET-VELHA CARRAPICHEL-RURAL-CARRA;SENHOR DO BONFIM;07/08/2025;18/08/2025;;8,0;;ANDERSON;;;Conciliado;;Aprovado;;Movimentado;;R$ 3.960,68;;R$ 13.899,29;R$17.859,97;R$ 73.274,38;;COELBA;REGINALDO/JOAO;;26/09/2025;ACEITA;OUTUBRO;;;NÃO;;;SENHOR DO BONFIM;11.0;;;;;;;;;;;;;;;;;;;
LPT MED;B-1218558;MD-CIND-ET-VELHA CARRAPICHEL-RURAL-CARRA;SENHOR DO BONFIM;07/08/2025;18/08/2025;;0,0;;ANDERSON;;;Conciliado;;;;Movimentado;;;;R$ 1.009,91;R$1.009,91;R$ 1.403,49;;COELBA; MICHEL;;26/09/2025;ACEITA;OUTUBRO;;;NÃO;;;SENHOR DO BONFIM;11.0;;;;;;;;;;;;;;;;;;;
LPT KIT ;B-1218458;KT-CIND-ET-VELHA CARRAPICHEL-RURAL-CARRA;SENHOR DO BONFIM;07/08/2025;18/08/2025;;0,0;;ANDERSON;;;Conciliado;;;;Movimentado;;;;R$ 1.922,75;R$1.922,75;R$ 4.482,53;;COELBA;MICHEL;;26/09/2025;ACEITA;OUTUBRO;;;NÃO;;;SENHOR DO BONFIM;11.0;;;;;;;;;;;;;;;;;;;
UTEP;B-1086353;LD - CIND POV CARNAÍBA - RURAL;PINDOBAÇU;23/05/2025;01/06/2025;;10,0;;AGEU;;;Conciliado;;Aprovado;;Movimentado;;R$ 4.068,15;;R$ 24.246,67;R$28.314,82;R$ 110.284,62;;COELBA;JOSE / JOÃO;;26/09/2025;ACEITA;OUTUBRO;;;NÃO;;;SENHOR DO BONFIM;9.0;;;;;;;;;;;;;;;;;;;
LPT / UTEP;B-1174584;ER-CIND-POV-CARRAPATO-RURAL;ITIÚBA;13/08/2025;05/09/2025;;0,0;;GUILHERME BONF;;;Conciliado;;;;Movimentado;;;;R$ 514,81;R$514,81;R$ 3.500,53;;COELBA;REGINALDO/JOAO;;30/09/2025;ACEITA;OUTUBRO;;;NÃO;;;SENHOR DO BONFIM;23.0;;;;MUDAR PARA O PLANO 7;OBRA SIMPL - APROVADO ;ENVIADO;;;;;;;;;;;;;
UTEP;B-1148579;ER-CIND-RUA-CATUNY-CENTRO-ESTIVA;SENHOR DO BONFIM;25/04/2025;29/04/2025;;1,0;;AGEU;;;Conciliado;;;;Movimentado;;R$ 939,61;;R$ 3.483,34;R$4.422,95;R$ 18.208,65;;COELBA;ALBERTO / JOÃO;;30/09/2025;ACEITA;OUTUBRO;;;NÃO;;;SENHOR DO BONFIM;4.0;;;;;OBRA SIMPL - APROVADO ;ENVIADO;;;;;;;;;;;;;
LPT;B-1090074;MP CIND FAZ MUCAMBO RURAL;MONTE SANTO;29/07/2025;29/07/2025;;21,0;;UILQUER;;;Conciliado;;;;Movimentado;;;;R$ 48.290,97;R$48.290,97;R$ 152.535,96;;COELBA;MARCELO/DICSON;;01/10/2025;ACEITA;OUTUBRO;;;NÃO;;;SENHOR DO BONFIM;0.0;;;;;;;;;;;;;;;;;;;
LPT MED;B-1090078;MED MP CIND FAZ MUCAMBO RURAL;MONTE SANTO;29/07/2025;29/07/2025;;0,0;;UILQUER;;;Conciliado;;;;Movimentado;;;;R$ 403,96;R$403,96;R$ 225,51;;COELBA;MICHEL;;01/10/2025;ACEITA;OUTUBRO;;;NÃO;;;SENHOR DO BONFIM;0.0;;;;;;;;;;;;;;;;;;;
LPT KIT ;B-1090075;KIT MP CIND FAZ MUCAMBO RURAL;MONTE SANTO;29/07/2025;29/07/2025;;0,0;;UILQUER;;;Conciliado;;;;Movimentado;;;;R$ 769,10;R$769,10;R$ 2.890,98;;COELBA;MICHEL;;01/10/2025;ACEITA;OUTUBRO;;;NÃO;;;SENHOR DO BONFIM;0.0;;;;;;;;;;;;;;;;;;;
UTEP;B-1193890;AL 02-NOR-RT-2-3-G17233;NORDESTINA;28/06/2025;07/07/2025;;1,0;;AGEU ;;;Conciliado;;Aprovado;;Movimentado;;R$ 7.321,29;;R$ 2.749,31;R$1.070,60;R$ 108.463,80;;COELBA;ALDAIR/DICSON;;01/10/2025;ACEITA;OUTUBRO;;;NÃO;;;SENHOR DO BONFIM;9.0;;;;IVAN;;;;;;;;;;;;;;;
UTEP;B-1188374;ER-CIND-POV-LAGOA DA ROCA-LAGOA DA ROCA;CAMPO FORMOSO;25/08/2025;05/09/2025;;0,0;;GUILHERME BONF;;;Conciliado;;;;Movimentado;;;;R$ 392,86;R$392,86;R$ 2.466,42;;COELBA;EDVALDO/JOAO;;01/10/2025;ACEITA;OUTUBRO;;;NÃO;;;SENHOR DO BONFIM;11.0;;;;;;;;;;;;;;;;;;;
UTEP;B-1170403;ER CIND FAZ LARAJEIRA RURAL;PONTO NOVO;06/09/2025;08/09/2025;;2,0;;GUILHERME BONF;;;Conciliado;;;;Movimentado;;;;R$ 3.288,80;R$3.288,80;R$ 13.695,96;;COELBA;GESONI/JOAO;;01/10/2025;ACEITA;OUTUBRO;;;NÃO;;;SENHOR DO BONFIM;2.0;;;;;OBRA SIMPL - APROVADO ;ENVIADO;;;;;;;;;;;;;
UTEP;B-0984721;ER-CIND-FZ TATU DEUS ME LIVRE-TATU DEUS;ITIUBA;15/10/2024;18/09/2025;;1,0;;AGEU;;;Conciliado;;Aprovado;;Movimentado;;R$ 1.835,35;;R$ 2.541,33;R$4.376,68;R$ 5.382,60;;COELBA;UELTON / ISRAEL;;02/10/2025;ACEITA;OUTUBRO;;;NÃO;;;SENHOR DO BONFIM;338.0;;;;;OBRA SIMPL - APROVADO ;ENVIADO;;;;;;;;;;;;;
LPT;B-0545761;MP-CCOL-POV. SAO PEDRO COMPL-RURAL;NORDESTINA;04/07/2025;11/07/2025;;25,0;;ANDERSON;;;Conciliado;;Aprovado;;Movimentado;;R$ 2.068,00;;R$ 69.354,39;R$71.422,39;R$ 107.491,64;;COELBA;ALDAIR/DICSON;;01/10/2025;ACEITA;OUTUBRO;;;NÃO;;;SENHOR DO BONFIM;7.0;;;;Engz BQIM;;;;;;;;;;;;;;;
LPT MED;B-1211649;MD-CCOL-POV. SAO PEDRO COMPL-RURAL;NORDESTINA;04/07/2025;11/07/2025;;0,0;;ANDERSON;;;Conciliado;;;;Movimentado;;;;R$ 403,96;R$403,96;R$ 0,00;;COELBA;MICHEL;;01/10/2025;ACEITA;OUTUBRO;;;NÃO;;;SENHOR DO BONFIM;7.0;;;;;;;;;;;;;;;;;;;
LPT KIT ;B-1211648;KT-CCOL-POV. SAO PEDRO COMPL-RURAL;NORDESTINA;04/07/2025;11/07/2025;;0,0;;ANDERSON;;;Conciliado;;;;Movimentado;;;;R$ 281,39;R$281,39;R$ 0,00;;COELBA;MICHEL;;01/10/2025;ACEITA;OUTUBRO;;;NÃO;;;SENHOR DO BONFIM;7.0;;;;;;;;;;;;;;;;;;;
LPT;B-1155419;ER-SEIN-POV-CANCELAS-RURAL;QUEIMADAS;31/07/2025;01/08/2025;;23,0;;AGEU;;;Conciliado;;Aprovado;;Movimentado;;R$ 1.047,76;;R$ 78.902,67;R$79.950,43;R$ 170.766,30;;COELBA;MARCELO/ISRAEL/JOAO;;02/10/2025;ACEITA;OUTUBRO;;;NÃO;;;SENHOR DO BONFIM;1.0;;;;;;;;;;;;;;;;;;;
LPT MED;B-1220961;MD-SEIN-POV-CANCELAS-RURAL;QUEIMADAS;31/07/2025;01/08/2025;;0,0;;AGEU;;;Conciliado;;;;Movimentado;;;;R$ 807,93;R$807,93;R$ 1.983,33;;COELBA;MICHEL;;02/10/2025;ACEITA;OUTUBRO;;;NÃO;;;SENHOR DO BONFIM;1.0;;;;;;;;;;;;;;;;;;;
LPT KIT ;B-1220852;KT-SEIN-POV-CANCELAS-RURAL;QUEIMADAS;31/07/2025;01/08/2025;;0,0;;AGEU;;;Conciliado;;;;Movimentado;;;;R$ 562,78;R$562,78;R$ 8.117,97;;COELBA;MICHEL;;02/10/2025;ACEITA;OUTUBRO;;;NÃO;;;SENHOR DO BONFIM;1.0;;;;;;;;;;;;;;;;;;;
UTEP;B-1192007;ER-CIND-FAZ-RIACHAO-RIACHO DOS BOIS;QUEIMADAS;09/08/2025;05/09/2025;;1,0;;GUILHERME BONF;;;Conciliado;;;;Movimentado;;R$ 1.518,70;;R$ 2.851,35;R$4.370,05;R$ 8.814,01;;COELBA;REGINALDO/JOAO;;02/10/2025;ACEITA;OUTUBRO;;;NÃO;;;SENHOR DO BONFIM;27.0;;;;;;;;;;;;;;;;;;;
UTEP;B-1054787;RC-PREF-ROD-BA 220 -FAZ LAGOA DA VOLTA;MONTE SANTO;21/07/2023;18/09/2025;;1,0;;AGEU;;;Conciliado;;Aprovado;;Movimentado;;;;R$ 3.371,85;R$3.371,85;R$ 4.209,00;;COELBA;OSMAR/JOSE/DICSON;;02/10/2025;ACEITA;OUTUBRO;;;NÃO;;;SENHOR DO BONFIM;790.0;;;;;;;;;;;;;;;;;;;
LPT ;B-1043096;MP-CCOL-FAZ-LAGOA DO CORREDOR-RURAL;MONTE SANTO;29/08/2025;31/08/2025;;22,0;;AGEU;;;Conciliado;;;;Movimentado;;;;R$ 53.515,60;R$53.515,60;R$ 257.838,10;;COELBA;OSMAR/JOSE/DICSON;;26/09/2025;ACEITA;OUTUBRO;;;NÃO;;;SENHOR DO BONFIM;2.0;;;;;;;;;;;;;;;;;;;
LPT MED;B-1043099;MED MP-CIND-FAZ-LAGOA DO CORREDOR -RURAL;MONTE SANTO;29/07/2025;31/07/2025;;0,0;;AGEU;;;Conciliado;;;;Movimentado;;;;R$ 201,99;R$201,99;R$ 647,86;;COELBA;MICHEL;;26/09/2025;ACEITA;OUTUBRO;;;NÃO;;;SENHOR DO BONFIM;2.0;;;;;;;;;;;;;;;;;;;
LPT KIT ;B-1043097;KIT MP-CIND-FAZ-LAGOA DO CORREDOR-RUR;MONTE SANTO;29/07/2025;31/07/2025;;0,0;;AGEU;;;Conciliado;;;;Movimentado;;;;R$ 384,55;R$384,55;R$ 7.933,43;;COELBA;MICHEL;;18/09/2025;ACEITA;OUTUBRO;;;NÃO;;;SENHOR DO BONFIM;2.0;;;;;;;;;;;;;;;;;;;
LPT ;B-1040506;ER-CIND-PR -STO ANTONIO-LAGOA DO MEIO;MONTE SANTO;15/08/2025;29/08/2025;;8,0;;ANDERSON;;;Conciliado;;;;Movimentado;;;;R$ 13.329,96;R$13.329,96;R$ 44.893,51;;COELBA;JOSE/DICSON;;04/10/2025;ACEITA;OUTUBRO;;;NÃO;;;SENHOR DO BONFIM;14.0;;;;;;;;;;;;;;;;;;;
LPT MED;B-1218055;MD-CIND-PR -STO ANTONIO-LAGOA DO MEIO;MONTE SANTO;15/08/2025;29/08/2025;;0,0;;ANDERSON;;;Conciliado;;;;Movimentado;;;;R$ 201,98;R$201,98;R$ 1.403,49;;COELBA;MICHEL;;04/10/2025;ACEITA;OUTUBRO;;;NÃO;;;SENHOR DO BONFIM;14.0;;;;;;;;;;;;;;;;;;;
LPT KIT ;B-1217995;KT-CIND-PR -STO ANTONIO-LAGOA DO MEIO;MONTE SANTO;15/08/2025;29/08/2025;;0,0;;ANDERSON;;;Conciliado;;;;Movimentado;;;;R$ 384,55;R$384,55;R$ 4.482,53;;COELBA;MICHEL;;04/10/2025;ACEITA;OUTUBRO;;;NÃO;;;SENHOR DO BONFIM;14.0;;;;;;;;;;;;;;;;;;;
LPT;B-0592367;MP-CCOL-POV.VARZEA DE FORA-RURAL;ITIÚBA;29/03/2025;29/05/2025;;21,0;;ANDERSON;;;Conciliado;;;;Movimentado;;;;R$ 63.441,80;R$63.441,80;R$ 86.438,05;;COELBA;ALAN / ISRAEL;;01/10/2025;ACEITA;OUTUBRO;;;NÃO;;;SENHOR DO BONFIM;61.0;;;;;;;;;;;;;;;;;;;
LPT MED;B-0937424;MD-CCOL-POV.VARZEA DE FORA-RURAL;ITIÚBA;29/03/2025;29/05/2025;;0,0;;ANDERSON;;;Conciliado;;;;Movimentado;;;;R$ 201,98;R$201,98;R$ 249,93;;COELBA;MICHEL;;01/10/2025;ACEITA;OUTUBRO;;;NÃO;;;SENHOR DO BONFIM;61.0;;;;;;;;;;;;;;;;;;;
LPT KIT ;B-0592369;KT-CCOL-POV.VARZEA DE FORA-RURAL;ITIÚBA;29/03/2025;29/05/2025;;0,0;;ANDERSON;;;Conciliado;;;;Movimentado;;;;R$ 384,55;R$384,55;R$ 2.396,77;;COELBA;MICHEL;;01/10/2025;ACEITA;OUTUBRO;;;NÃO;;;SENHOR DO BONFIM;61.0;;;;;;;;;;;;;;;;;;;
LPT MED;B-1117209;MD-CIND-POV SACO DO JUA-PEDRA VERMELHA-M;MONTE SANTO;01/09/2023;01/09/2023;;0,0;;CAIO ;;;Conciliado;;;;Movimentado;;;;R$ 201,98;R$201,98;R$ 131,73;;COELBA;MICHEL;;01/10/2025;ACEITA;OUTUBRO;;;NÃO;;;SENHOR DO BONFIM;0.0;;;;;;;;;;;;;;;;;;;
LPT KIT ;B-1117208;KT-CIND-POV SACO DO JUA-PEDRA VERMELHA-M;MONTE SANTO;01/09/2023;01/09/2023;;0,0;;CAIO ;;;Conciliado;;;;Movimentado;;;;R$ 384,55;R$384,55;R$ 0,00;;COELBA;MICHEL;;01/10/2025;ACEITA;OUTUBRO;;;NÃO;;;SENHOR DO BONFIM;0.0;;;;;;;;;;;;;;;;;;;
UTEP;B-1199397;RC-CIND-FAZ-CURRAL DA VARA-RURAL;ITIÚBA;30/06/2025;09/07/2025;;8,0;;ANDERSON;;;Conciliado;;;;Movimentado;;;;R$ 16.333,28;R$16.333,28;R$ 87.779,31;;COELBA;ISRAEL /JOAO;;07/10/2025;ACEITA;OUTUBRO;;;NÃO;;;SENHOR DO BONFIM;9.0;;;;;;;;;;;;;;;;;;;
UTEP/LPT;B-1167135;ER-SEIN-FAZ-RAPOSA-QUICE;SENHOR DO BONFIM;05/08/2025;04/09/2025;;3,0;;ANDERSON;;;Conciliado;;Aprovado;;Movimentado;;R$ 1.051,60;;R$ 5.681,55;R$6.733,15;R$ 21.689,46;;COELBA;REGINALDO/JOAO;;07/10/2025;ACEITA;OUTUBRO;;;NÃO;;;SENHOR DO BONFIM;30.0;;;;;OBRA SIMPL - APROVADO ;ENVIADO;;;;;;;;;;;;;
LPT MED;B-1221198;MD-SEIN-FAZ-RAPOSA-QUICE;SENHOR DO BONFIM;05/08/2025;04/09/2025;;0,0;;ANDERSON;;;Conciliado;;;;Movimentado;;;;R$ 201,98;R$201,98;R$ 1.201,67;;COELBA;MICHEL;;07/10/2025;ACEITA;OUTUBRO;;;NÃO;;;SENHOR DO BONFIM;30.0;;;;;;;;;;;;;;;;;;;
LPT KIT ;B-1221194;KT-SEIN-FAZ-RAPOSA-QUICE;SENHOR DO BONFIM;05/08/2025;04/09/2025;;0,0;;ANDERSON;;;Conciliado;;;;Movimentado;;;;R$ 384,55;R$384,55;R$ 0,00;;COELBA;MICHEL;;07/10/2025;ACEITA;OUTUBRO;;;NÃO;;;SENHOR DO BONFIM;30.0;;;;;;;;;;;;;;;;;;;
UTEP;B-1037436;ER-CIND-POV-CAETANO 1063-RURAL;CANSANÇÃO;27/08/2025;29/08/2025;;3,0;;ANDERSON;;;Conciliado;;;;Movimentado;;;;R$ 7.389,15;R$7.389,15;R$ 11.161,27;;COELBA;EDVALDO/JOAO;;09/10/2025;ACEITA;OUTUBRO;;;NÃO;;;SENHOR DO BONFIM;2.0;;;;;;;;;;;;;;;;;;;
UTEP;B-1198161;ER-CCOL-FAZ-QUIXABEIRA-RURAL;ITIUBA;22/08/2025;05/09/2025;;1,0;;GUILHERME BONF;;;Conciliado;;;;Movimentado;;;;R$ 4.829,03;R$4.829,03;R$ 7.643,61;;COELBA;ISRAEL/JOAO;;10/10/2025;ACEITA;OUTUBRO;;;NÃO;;;SENHOR DO BONFIM;14.0;;;;;;;;;;;;;;;;;;;
UTEP;B-1198578;AC-CIND-FAZ LAGOA DO SERTAO-RURAL;CANSANÇÃO;14/08/2025;15/08/2025;;7,0;;AGEU;;;Conciliado;;;;Movimentado;;;;R$ 13.522,29;R$13.522,29;R$ 26.090,32;;COELBA;JEFFERSON/DICSON;;09/10/2025;ACEITA;OUTUBRO;;;NÃO;;;SENHOR DO BONFIM;1.0;;;;;;;;;;;;;;;;;;;
UTEP;B-1210013;ER-SEIN-POV-CAATINGUINHA-CAATINGUINHA;NORDESTINA;29/08/2025;05/09/2025;;2,0;;GUILHERME BONF;;;Conciliado;;;;Movimentado;;;;R$ 3.208,21;R$3.208,21;R$ 10.923,81;;COELBA;JOILSON/JOAO;;10/10/2025;ACEITA;OUTUBRO;;;NÃO;;;SENHOR DO BONFIM;7.0;;;;;;;;;;;;;;;;;;;
UTEP;B-1178565;AL-02-NOR-CONSTR;NORDESTINA;11/06/2025;17/06/2025;;13,0;;ANDERSON;;;Conciliado;;Aprovado;;Movimentado;;R$ 11.873,72;;R$ 33.439,84;R$45.313,56;R$ 210.613,24;;COELBA;ALDAIR/DICSON;;10/10/2025;ACEITA;OUTUBRO;;;NÃO;;;SENHOR DO BONFIM;6.0;;;;;;;;;;;;;;;;;;;
UTEP;B-1201139;ER-CIND-RUA-DAS FLORES-CENTRO-BARRACAS;PONTO NOVO;06/09/2025;08/09/2025;;2,0;;GUILHERME BONF;;;Conciliado;;;;Movimentado;;;;R$ 3.057,48;R$3.057,48;R$ 10.542,91;;COELBA;GESONI/JOAO;;10/10/2025;ACEITA;OUTUBRO;;;NÃO;;;SENHOR DO BONFIM;2.0;;;;;;;;;;;;;;;;;;;
LPT;B-1181889;ER-SEIN-POV-STO ANTONIO-FAZENDINHA;ANDORINHAS;31/05/2025;25/09/2025;;12,0;;ANDERSON;;;Conciliado;;;;Movimentado;;;;R$ 35.361,19;R$35.361,19;R$ 85.651,44;;COELBA;REGINALDO/JOAO;;15/10/2025;ACEITA;OUTUBRO;;;NÃO;;;SENHOR DO BONFIM;117.0;;;;PENDENTE - NUMERO DA PLACA DO TRANSFORMADOR;;;;;;;;;;;;;;;
LPT MED;B-1205711;MD-SEIN-POV-STO ANTONIO-FAZENDINHA;ANDORINHAS;31/05/2025;25/09/2025;;0,0;;ANDERSON;;;Conciliado;;;;Movimentado;;;;R$ 605,95;R$605,95;R$ 0,00;;COELBA;MICHEL;;15/10/2025;ACEITA;OUTUBRO;;;NÃO;;;SENHOR DO BONFIM;117.0;;;;;;;;;;;;;;;;;;;
LPT KIT ;B-1205692;KT-SEIN-POV-STO ANTONIO-FAZENDINHA;ANDORINHAS;31/05/2025;25/09/2025;;0,0;;ANDERSON;;;Conciliado;;;;Movimentado;;;;R$ 1.153,65;R$1.153,65;R$ 0,00;;COELBA;MICHEL;;15/10/2025;ACEITA;OUTUBRO;;;NÃO;;;SENHOR DO BONFIM;117.0;;;;;;;;;;;;;;;;;;;
UTEP;B-1195905;ER-CIND-POV-CARNAIBA DE CIMA-RURAL;PINDOBAÇU;16/09/2025;24/09/2025;;1,0;;ANDERSON;;;Conciliado;;Aprovado;;Movimentado;;R$ 3.960,68;;R$ 1.198,27;R$5.158,95;R$ 36.663,93;;COELBA;EDVALDO/JOAO;;16/10/2025;ACEITA;OUTUBRO;;;NÃO;;;SENHOR DO BONFIM;8.0;;;;;;;;;;;;;;;;;;;
LPT;B-1204914;ER-CIND-POV-CARRAPATO-CARRAPATO;ITIUBA;18/09/2025;18/09/2025;;2,0;;AGEU;;;Conciliado;;;;Movimentado;;;;R$ 4.082,97;R$4.082,97;R$ 9.542,09;;COELBA;ISRAEL/JOAO;;15/10/2025;ACEITA;OUTUBRO;;;NÃO;;;SENHOR DO BONFIM;0.0;;;;;;;;;;;;;;;;;;;
LPT MED;B-1224225;MD-CIND-POV-CARRAPATO-CARRAPATO;ITIUBA;18/09/2025;18/09/2025;;0,0;;AGEU;;;Conciliado;;;;Movimentado;;;;R$ 201,98;R$201,98;R$ 1.201,67;;COELBA;MICHEL;;15/10/2025;ACEITA;OUTUBRO;;;NÃO;;;SENHOR DO BONFIM;0.0;;;;;;;;;;;;;;;;;;;
LPT KIT ;B-1224797;KT-CIND-POV-CARRAPATO-CARRAPATO;ITIUBA;18/09/2025;18/09/2025;;0,0;;AGEU;;;Conciliado;;;;Movimentado;;;;R$ 384,55;R$384,55;R$ 4.310,91;;COELBA;MICHEL;;15/10/2025;ACEITA;OUTUBRO;;;NÃO;;;SENHOR DO BONFIM;0.0;;;;;;;;;;;;;;;;;;;
UTEP/LPT;B-1207248;ER-CIND-POV-LAGOA DA PICADA 745-RURAL;NORDESTINA;09/09/2025;18/09/2025;;3,0;;ANDERSON;;;Conciliado;;;;Movimentado;;;;R$ 5.288,60;R$5.288,60;R$ 16.982,10;;COELBA;GESONI/JOAO;;17/10/2025;ACEITA;OUTUBRO;;;NÃO;;;SENHOR DO BONFIM;9.0;;;;;;;;;;;;;;;;;;;
LPT MED;B-1224191;MD-CIND-POV-LAGOA DA PICADA 745-RURAL;NORDESTINA;09/09/2025;18/09/2025;;0,0;;ANDERSON;;;Conciliado;;;;Movimentado;;;;R$ 197,98;R$197,98;R$ 0,00;;COELBA;MICHEL;;17/10/2025;ACEITA;OUTUBRO;;;NÃO;;;SENHOR DO BONFIM;9.0;;;;;;;;;;;;;;;;;;;
LPT KIT ;B-1224770;KT-CIND-POV-LAGOA DA PICADA 745-RURAL;NORDESTINA;09/09/2025;18/09/2025;;0,0;;ANDERSON;;;Conciliado;;;;Movimentado;;;;R$ 281,39;R$281,39;R$ 0,00;;COELBA;MICHEL;;17/10/2025;ACEITA;OUTUBRO;;;NÃO;;;SENHOR DO BONFIM;9.0;;;;;;;;;;;;;;;;;;;
UTEP;B-1201548;ER-CIND-POV-PANTANAL-RURAL;SENHOR DO BONFIM;10/09/2025;15/09/2025;;0,0;;GUILHERME BONF;;;Conciliado;;Aprovado;;Movimentado;;;;R$ 916,19;R$916,19;R$ 2.124,72;;COELBA;OSMAR/DICSON;;17/10/2025;ACEITA;OUTUBRO;;;NÃO;;;SENHOR DO BONFIM;5.0;;;;;;;;;;;;;;;;;;;
UTEP;B-1155426;ER-CCOL-POV-VAZEA CURRAL-RURAL;MONTE SANTO;10/09/2025;18/09/2025;;24,0;;ANDERSON;;;Conciliado;;;;Movimentado;;R$ 5.049,11;;R$ 67.147,88;R$72.196,99;R$ 211.324,50;;COELBA;ISRAEL/MARCELO/JOAO;;14/10/2025;ACEITA;OUTUBRO;;;NÃO;;;SENHOR DO BONFIM;8.0;;;;;;;;;;;;;;;;;;;
UTEP;B-1225692;RU-CIND-RUA-13 DE MAIO-POPULARES 5 CIAPP;PONTO NOVO;15/09/2025;16/09/2025;;1,0;;AGEU;;;Conciliado;;;;Movimentado;;;;R$ 2.151,81;R$2.151,81;R$ 7.218,37;;COELBA;JOILSON/JOAO;;16/10/2025;ACEITA;OUTUBRO;;;NÃO;;;SENHOR DO BONFIM;1.0;;;;;;;;;;;;;;;;;;;
UTEP;B-1202536;UB-CIND-RUA-MANDACARU-CRNTRO;JAGUARARI;18/09/2025;25/09/2025;;2,0;;AGEU;;;Conciliado;;Aprovado;;Movimentado;;R$ 1.835,35;;R$ 3.752,70;R$5.588,05;R$ 15.235,49;;COELBA;REGINALDO/JOAO;;17/10/2025;ACEITA;OUTUBRO;;;NÃO;;;SENHOR DO BONFIM;7.0;;;;;;;;;;;;;;;;;;;
LPT ;B-0940009;RR-CIND-POV RIACHO DAS P-R PEDRAS-CSC;SENHOR DO BONFIM;09/08/2025;09/08/2025;;47,0;;AGEU;;;Conciliado;;Aprovado;;Movimentado;;R$ 1.360,99;;R$ 133.980,93;R$135.341,92;R$ 178.644,65;;COELBA;JEFFERSON/DICSON;;17/10/2025;ACEITA;OUTUBRO;;;NÃO;;;SENHOR DO BONFIM;0.0;;;;;;;;;;;;;;;;;;;
LPT MED;B-1213393;MD-CIND-POV RIACHO DAS P-R PEDRAS-CSC;SENHOR DO BONFIM;09/08/2025;09/08/2025;;0,0;;AGEU;;;Conciliado;;;;Movimentado;;;;R$ 403,96;R$403,96;R$ 2.328,21;;COELBA;MICHEL;;20/10/2025;ACEITA;OUTUBRO;;;NÃO;;;SENHOR DO BONFIM;0.0;;;;;;;;;;;;;;;;;;;
LPT KIT ;B-1213387;KT-CIND-POV RIACHO DAS P-R PEDRAS-CSC;SENHOR DO BONFIM;09/08/2025;09/08/2025;;0,0;;AGEU;;;Conciliado;;;;Movimentado;;;;R$ 525,25;R$525,25;R$ 4.250,78;;COELBA;MICHEL;;20/10/2025;ACEITA;OUTUBRO;;;NÃO;;;SENHOR DO BONFIM;0.0;;;;;;;;;;;;;;;;;;;
UTEP;B-1203779;ER-CIND-POV-LAGOA DO ALTO-LAGOA DO ALTO;QUEIMADAS;12/09/2025;17/09/2025;;2,0;;AGEU;;;Conciliado;;;;Movimentado;;;;R$ 2.057,30;R$2.057,30;R$ 5.254,53;;COELBA;ANAILTON/DICSON;;17/10/2025;ACEITA;OUTUBRO;;;NÃO;;;SENHOR DO BONFIM;5.0;;;;;;;;;;;;;;;;;;;
LPT;B-1141711;RR-CIND-POV-PEDRA VERMELHA 40-RURAL;MONTE SANTO;21/08/2025;22/08/2025;;17,0;;ANDERSON;;;Conciliado;;Aprovado;;Movimentado;;R$ 3.144,89;;R$ 44.965,04;R$48.109,93;R$ 87.996,29;;COELBA;OSMAR/DICSON;;16/10/2025;ACEITA;OUTUBRO;;;NÃO;;;SENHOR DO BONFIM;1.0;;;;;;;;;;;;;;;;;;;
LPT MED;B-1214751;MD-CIND-POV-PEDRA VERMELHA 40-RURAL;MONTE SANTO;21/08/2025;22/08/2025;;0,0;;ANDERSON;;;Conciliado;;;;Movimentado;;;;R$ 807,93;R$807,93;R$ 5.820,53;;COELBA;MICHEL;;16/10/2025;ACEITA;OUTUBRO;;;NÃO;;;SENHOR DO BONFIM;1.0;;;;;;;;;;;;;;;;;;;
LPT KIT ;B-1214722;KT-CIND-POV-PEDRA VERMELHA 40-RURAL;MONTE SANTO;21/08/2025;22/08/2025;;0,0;;ANDERSON;;;Conciliado;;;;Movimentado;;;;R$ 806,64;R$806,64;R$ 10.626,94;;COELBA;MICHEL;;16/10/2025;ACEITA;OUTUBRO;;;NÃO;;;SENHOR DO BONFIM;1.0;;;;;;;;;;;;;;;;;;;
UTEP;B-1203648;ER-CIND-POV-CALUMBI-CALUMBI;FILADELFIA;22/09/2025;28/09/2025;;1,0;;AGEU;;;Conciliado;;Aprovado;;Movimentado;;R$ 1.518,70;;R$ 2.468,96;R$3.987,66;R$ 18.235,39;;COELBA;ISRAEL/JOAO;;17/10/2025;ACEITA;OUTUBRO;;;NÃO;;;SENHOR DO BONFIM;6.0;;;;;;;;;;;;;;;;;;;
UTEP;B-1203172;ER-CIND-POV-PEDRA BRANCA 9999--Z;MONTE SANTO;11/09/2025;16/09/2025;;1,0;;AGEU;;;Conciliado;;;;Movimentado;;;;R$ 3.770,91;R$3.770,91;R$ 7.728,74;;COELBA;JOSE/DICSON;;17/10/2025;ACEITA;OUTUBRO;;;NÃO;;;SENHOR DO BONFIM;5.0;;;;;;;;;;;;;;;;;;;
LPT / UTEP;B-1201413;ER-CIND-POV-CAETANO-CAETANO;CANSANÇÃO;18/09/2025;18/09/2025;;2,0;;AGEU;;;Conciliado;;;;Movimentado;;;;R$ 3.474,10;R$3.474,10;R$ 7.704,51;;COELBA;ANAILTON/DICSON;;16/10/2025;ACEITA;OUTUBRO;;;NÃO;;;SENHOR DO BONFIM;0.0;;;;;;;;;;;;;;;;;;;
UTEP;B-1205995;UB-CIND-RUA-ANTONIO P DA SILVA 7-CENTRO;ITIUBA;06/09/2025;18/09/2025;;2,0;;AGEU;;;Conciliado;;;;Movimentado;;;;R$ 4.126,37;R$4.126,37;R$ 17.353,84;;COELBA;ISRAEL/JOAO;;21/10/2025;ACEITA;OUTUBRO;;;NÃO;;;SENHOR DO BONFIM;12.0;;;;;;;;;;;;;;;;;;;
UTEP;B-1188685;ER-CIND-LOT-DO CAPOTE-RURA;SENHOR DO BONFIM;20/09/2025;23/09/2025;;2,0;;ANDERSON;;;Conciliado;;;;Movimentado;;;;R$ 3.379,51;R$3.379,51;R$ 15.571,46;;COELBA;JEFFERSON/JOAO;;17/10/2025;ACEITA;OUTUBRO;;;NÃO;;;SENHOR DO BONFIM;3.0;;;;;;;;;;;;;;;;;;;
UTEP;B-1131635;ER-SEIN-POV-PE DE SERRA-RURAL;ITIÚBA;29/10/2024;24/09/2025;;8,0;;ANDERSON;;;Conciliado;;;;Movimentado;;R$ 1.937,00;;R$ 23.127,90;R$24.064,90;R$ 30.059,01;;COELBA;UELTON / ISRAEL;;20/10/2025;ACEITA;OUTUBRO;;;NÃO;;;SENHOR DO BONFIM;330.0;;;;;;;;;;;;;;;;;;;
UTEP;B-1165543;UB-CIND-RUA-SIMOES-N S DA CONCEI O;ITIÚBA;17/09/2025;18/09/2025;;2,0;;AGEU;;;Conciliado;;;;Movimentado;;;;R$ 3.924,14;R$3.924,14;R$ 22.607,82;;COELBA;ISRAEL/JOAO;;20/10/2025;ACEITA;OUTUBRO;;;NÃO;;;SENHOR DO BONFIM;1.0;;;;PTC 023 + POSTE CONCRETO;OBRA SIMPL - APROVADO ;ENVIADO;;;;;;;;;;;;;
UTEP;B-1169759;ME-COEL-RUA ROGERIO BENTO PITANGA-CENTRO;ITIÚBA;13/05/2025;14/05/2025;;0,0;;ANDERSON;;;Conciliado;;;;Movimentado;;;;R$ 3.911,14;R$3.911,14;R$ 116.489,96;;COELBA;WAGNER / JOÃO;;17/10/2025;ACEITA;OUTUBRO;;;NÃO;;;SENHOR DO BONFIM;1.0;;;;MATERIAL VINCULADO A OC - ZPS 310 ZERADA - ;OBRA SIMPL - APROVADO ;ENVIADO;;;;;;;;;;;;;
UTEP;B-1168671;UB-CIND-RUA-ANTONIO J FERNANDES-CENTRO;SENHOR DO BONFIM;18/09/2025;28/09/2025;;3,0;;AGEU;;;Conciliado;;;;Movimentado;;;;R$ 5.645,17;R$5.645,17;R$ 17.394,64;;COELBA;ANAILTON/DICSON;;20/10/2025;ACEITA;OUTUBRO;;;NÃO;;;SENHOR DO BONFIM;10.0;;;;;OBRA SIMPL - APROVADO ;ENVIADO;;;;;;;;;;;;;
LPT ;B-1108596;ER-CIND-POV-RODEADOR-RURAL;SENHOR DO BONFIM;06/08/2025;04/09/2025;;5,0;;GUILHERME BONF;;;Conciliado;;Aprovado;;Movimentado;;R$ 5.859,79;;R$ 9.229,76;R$15.089,55;R$ 34.145,78;;COELBA;REGINALDO/JOAO;;20/10/2025;ACEITA;OUTUBRO;;;NÃO;;;SENHOR DO BONFIM;29.0;;;;;OBRA SIMPL - APROVADO ;ENVIADO;;;;;;;;;;;;;
LPT MED;B-1218399;MD-CIND-POV-RODEADOR-RURAL;SENHOR DO BONFIM;06/08/2025;04/09/2025;;0,0;;GUILHERME BONF;;;Conciliado;;;;Movimentado;;;;R$ 201,98;R$201,98;R$ 1.169,69;;COELBA;MICHEL;;20/10/2025;ACEITA;OUTUBRO;;;NÃO;;;SENHOR DO BONFIM;29.0;;;;;;;;;;;;;;;;;;;
LPT KIT ;B-1218246;KT-CIND-POV-RODEADOR-RURAL;SENHOR DO BONFIM;06/08/2025;04/09/2025;;0,0;;GUILHERME BONF;;;Conciliado;;;;Movimentado;;;;R$ 384,55;R$384,55;R$ 2.659,96;;COELBA;MICHEL;;20/10/2025;ACEITA;OUTUBRO;;;NÃO;;;SENHOR DO BONFIM;29.0;;;;;;;;;;;;;;;;;;;
UTEP;B-1123599;IT- CIND - FAZ. SOLIDADE-CEL JOÃO BORGES;QUEIMADAS;27/05/2025;27/05/2025;;15,0;;ANDERSON;;;Conciliado;;Aprovado;;Movimentado;;R$ 8.955,18;;R$ 27.656,78;R$36.611,96;R$ 299.105,14;;COELBA;MARCELO/JEFFERSON/DICSON;;22/10/2025;ACEITA;OUTUBRO;;;NÃO;;;SENHOR DO BONFIM;0.0;;;;;OBRA SIMPL - APROVADO ;ENVIADO;;;;;;;;;;;;;
UTEP;B-1203955;UB-CIND-AV PEDRA VERMELHA-CENTRO;MONTE SANTO;27/09/2025;29/09/2025;;2,0;;GUILHERME BONF;;;Conciliado;;Aprovado;;Movimentado;;R$ 1.405,72;;R$ 4.987,89;R$6.393,61;R$ 55.066,27;;COELBA;JOSE/DICSON;;20/10/2025;ACEITA;OUTUBRO;;;NÃO;;;SENHOR DO BONFIM;2.0;;;;;;;;;;;;;;;;;;;
UTEP;B-1191920;UB-CIND-RUA-MATA FUNDA 138-MATA FUNDA;JAGUARARI;09/09/2025;19/09/2025;;6,0;;ANDERSON;;;Conciliado;;Aprovado;;Movimentado;;R$ 1.360,99;;R$ 10.504,78;R$11.685,77;R$ 41.363,03;;COELBA;REGINALDO/JOAO;;20/10/2025;ACEITA;OUTUBRO;;;NÃO;;;SENHOR DO BONFIM;10.0;;;;;;;;;;;;;;;;;;;
UTEP;B-1206129;ER-CIND-POV-CARIACA -CARIACA;MONTE SANTO;09/09/2025;15/09/2025;;0,0;;GUILHERME BONF;;;Conciliado;;;;Movimentado;;;;R$ 746,13;R$746,13;R$ 2.792,69;;COELBA;UELDER/CADU;;23/10/2025;ACEITA;OUTUBRO;;;NÃO;;;SENHOR DO BONFIM;6.0;;;;;;;;;;;;;;;;;;;
UTEP;B-1201479;ER-CIND-POV-LAGOA DA PEDRA 108-RURAL;MONTE SANTO;11/09/2025;15/09/2025;;1,0;;GUILHERME BONF;;;Conciliado;;;;Movimentado;;;;R$ 1.714,20;R$1.714,20;R$ 7.430,44;;COELBA;OSMAR/DICSON;;21/10/2025;ACEITA;NOVEMBRO;;;NÃO;;;SENHOR DO BONFIM;4.0;;;;;;;;;;;;;;;;;;;
UTEP;B-1194252;RS-AL 2-COEL-SE NORDESTINA II;NORDESTINA;29/08/2025;09/10/2025;;0,0;;VITOR ;;;Conciliado;;;;Movimentado;;;;R$ 51.940,00;R$51.940,00;R$ 525.831,16;;COELBA;ALDAIR/DICSON;;23/10/2025;ACEITA;NOVEMBRO;;;NÃO;;;SENHOR DO BONFIM;41.0;;;;;;;;;;;;;;;;;;;
LPT / UTEP;B-1204516;ER-CIND-POV-CASSIANOS 148-RURAL;FILADELFIA ;17/09/2025;26/09/2025;;2,0;;ANDERSON;;;Conciliado;;Aprovado;;Movimentado;;R$ 3.037,40;;R$ 6.579,48;R$9.616,88;R$ 15.436,36;;COELBA;ISRAEL/JOAO;;23/10/2025;ACEITA;NOVEMBRO;;;NÃO;;;SENHOR DO BONFIM;9.0;;;;;;;;;;;;;;;;;;;
UTEP;B-1205166;ER-CIND-FAZ-CANJAO 1204-CANJAO;MONTE SANTO;11/09/2025;15/09/2025;;2,0;;GUILHERME BONF;;;Conciliado;;;;Movimentado;;;;R$ 3.438,46;R$3.438,46;R$ 10.140,45;;COELBA;ISRAEL/JOAO;;21/10/2025;ACEITA;NOVEMBRO;;;NÃO;;;SENHOR DO BONFIM;4.0;;;;;;;;;;;;;;;;;;;
UTEP;B-1134925;UB-CIND-RUA-DO CURRAL-CENTRO-ANDORINHA;ANDORINHAS;27/08/2025;05/09/2025;;3,0;;GUILHERME BONF;;;Conciliado;;;;Movimentado;;;;R$ 8.588,98;R$8.588,98;R$ 17.257,70;;COELBA;ISRAEL/JOAO;;23/10/2025;ACEITA;NOVEMBRO;;;NÃO;;;SENHOR DO BONFIM;9.0;;;;;OBRA SIMPL - APROVADO ;ENVIADO;;;;;;;;;;;;;
UTEP/LPT;B-1206954;ER-CIND-ROD-LOMANTO JUNIOR 1708-RURAL;SENHOR DO BONFIM;18/09/2025;18/09/2025;;5,0;;AGEU;;;Conciliado;;;;Movimentado;;;;R$ 10.245,90;R$10.245,90;R$ 27.801,39;;COELBA;JOILSON/JOAO;;27/10/2025;ACEITA;NOVEMBRO;;;NÃO;;;SENHOR DO BONFIM;0.0;;;;;;;;;;;;;;;;;;;
LPT MED;B-1226329;MD-CIND-ROD-LOMANTO JUNIOR 1708-RURAL;SENHOR DO BONFIM;18/09/2025;18/09/2025;;0,0;;AGEU;;;Conciliado;;;;Movimentado;;;;R$ 346,27;R$346,27;R$ 1.462,22;;COELBA;MICHEL;;27/10/2025;ACEITA;NOVEMBRO;;;NÃO;;;SENHOR DO BONFIM;0.0;;;;;;;;;;;;;;;;;;;
LPT KIT ;B-1226326;KT-CIND-ROD-LOMANTO JUNIOR 1708-RURAL;SENHOR DO BONFIM;18/09/2025;18/09/2025;;0,0;;AGEU;;;Conciliado;;;;Movimentado;;;;R$ 525,25;R$525,25;R$ 8.621,80;;COELBA;MICHEL;;27/10/2025;ACEITA;NOVEMBRO;;;NÃO;;;SENHOR DO BONFIM;0.0;;;;;;;;;;;;;;;;;;;
LPT;B-1171504;MP - CIND FAZ ANGICO BARRINHA - RURAL;JAGUARARI;10/09/2025;18/09/2025;;16,0;;AGEU;;;Conciliado;;Aprovado;;Movimentado;;R$ 3.144,89;;R$ 45.138,10;R$48.252,99;R$ 146.670,43;;COELBA;REGINALDO/JOAO;;27/10/2025;ACEITA;NOVEMBRO;;;NÃO;;;SENHOR DO BONFIM;8.0;;;;;;;;;;;;;;;;;;;
LPT MED;B-1218056;MD- CIND FAZ ANGICO BARRINHA - RURAL;JAGUARARI;10/09/2025;18/09/2025;;0,0;;AGEU;;;Conciliado;;;;Movimentado;;;;R$ 346,27;R$346,27;R$ 1.403,49;;COELBA;MICHEL;;27/10/2025;ACEITA;NOVEMBRO;;;NÃO;;;SENHOR DO BONFIM;8.0;;;;;;;;;;;;;;;;;;;
LPT KIT ;B-1217997;KT- CIND FAZ ANGICO BARRINHA - RURAL;JAGUARARI;10/09/2025;18/09/2025;;0,0;;AGEU;;;Conciliado;;;;Movimentado;;;;R$ 769,10;R$769,10;R$ 4.482,53;;COELBA;MICHEL;;27/10/2025;ACEITA;NOVEMBRO;;;NÃO;;;SENHOR DO BONFIM;8.0;;;;;;;;;;;;;;;;;;;
UTEP;B-1181110;UB-CIND-RUA-VALDOMIRO SANTOS-TAPERA;CANSANÇÃO;26/08/2025;01/09/2025;;9,0;;AGEU;;;Conciliado;;Aprovado;;Movimentado;;;;R$ 32.253,37;R$32.253,37;R$ 54.909,15;;COELBA;JEFFERSON/DICSON;;27/10/2025;ACEITA;NOVEMBRO;;;NÃO;;;SENHOR DO BONFIM;6.0;;;;;;;;;;;;;;;;;;;
UTEP;B-1206014;ER-CIND-RUA-DA PALHA-CENTRO;PINDOBAÇU;16/09/2025;16/09/2025;;5,0;;AGEU;;;Conciliado;;;;Movimentado;;;;R$ 7.720,67;R$7.720,67;R$ 23.255,18;;COELBA;WAGNER/JOAO;;27/10/2025;ACEITA;NOVEMBRO;;;NÃO;;;SENHOR DO BONFIM;0.0;;;;;;;;;;;;;;;;;;;
UTEP;B-1128398;ER-CIND-POV-REPRESA-RURAL;PONTO NOVO ;10/01/2025;05/05/2025;;1,0;;ANDERSON;;;Conciliado;;;;Movimentado;;;;R$ 15.134,15;R$15.134,15;R$ 44.621,93;;COELBA;RENATO/EDILSON;;28/10/2025;ACEITA;NOVEMBRO;;;NÃO;;;SENHOR DO BONFIM;115.0;;;;;;;;;;;;;;;;;;;
UTEP;B-1204056;UB-CIND-RUA-FRANCISCO ROCHA-CENTRO;PINDOBAÇU;05/09/2025;10/09/2025;;2,0;;GUILHERME BONF;;;Conciliado;;;;Movimentado;;;;R$ 3.344,17;R$3.344,17;R$ 12.494,83;;COELBA;WAGNER/JOAO;;28/10/2025;ACEITA;NOVEMBRO;;;NÃO;;;SENHOR DO BONFIM;5.0;;;;;;;;;;;;;;;;;;;
UTEP/LPT;B-1201275;ER-CIND-POV-JIBOIA-JIBOIA;CANSANÇÃO;22/09/2025;30/09/2025;;2,0;;AGEU;;;Conciliado;;;;Movimentado;;;;R$ 4.191,76;R$4.191,76;R$ 16.488,84;;COELBA;ANAILTON/DICSON;;30/10/2025;ACEITA;NOVEMBRO;;;NÃO;;;SENHOR DO BONFIM;8.0;;;;;;;;;;;;;;;;;;;
LPT MED;B-1224266;MD-CIND-POV-JIBOIA-JIBOIA;CANSANÇÃO;22/09/2025;30/09/2025;;0,0;;AGEU;;;Conciliado;;;;Movimentado;;;;R$ 173,13;R$173,13;R$ 1.201,67;;COELBA;MICHEL;;30/10/2025;ACEITA;NOVEMBRO;;;NÃO;;;SENHOR DO BONFIM;8.0;;;;;;;;;;;;;;;;;;;
LPT KIT ;B-1224839;KT-CIND-POV-JIBOIA-JIBOIA;CANSANÇÃO;22/09/2025;30/09/2025;;0,0;;AGEU;;;Conciliado;;;;Movimentado;;;;R$ 140,69;R$140,69;R$ 4.310,91;;COELBA;MICHEL;;30/10/2025;ACEITA;NOVEMBRO;;;NÃO;;;SENHOR DO BONFIM;8.0;;;;;;;;;;;;;;;;;;;
UTEP;B-1209266;ER-CIND-POV-CANAFISTULA-RURAL;FILADÉLFIA;18/09/2025;24/09/2025;;1,0;;ANDERSON;;;Conciliado;;Aprovado;;Movimentado;;R$ 3.644,03;;R$ 2.288,88;R$5.932,91;R$ 14.374,42;;COELBA;ISRAEL/JOAO;;30/10/2025;ACEITA;NOVEMBRO;;;NÃO;;;SENHOR DO BONFIM;6.0;;;;;;;;;;;;;;;;;;;
LPT ;B-0984964;ER-CIND-RUA-PE DE MONTE 4566 --B-RURAL;CANSANÇÃO;18/09/2025;24/09/2025;;17,0;;AGEU;;;Conciliado;;Aprovado;;Movimentado;;R$ 3.461,54;;R$ 43.828,24;R$47.289,78;R$ 70.292,15;;COELBA;JOILSON/JOAO;;30/10/2025;ACEITA;NOVEMBRO;;;NÃO;;;SENHOR DO BONFIM;6.0;;;;;;;;;;;;;;;;;;;
LPT MED;B-1071234;MED-CIND-RUA-PE DE MONTE 4566 --B-RURAL;CANSANÇÃO;18/09/2025;24/09/2025;;0,0;;AGEU;;;Conciliado;;;;Movimentado;;;;R$ 377,23;R$377,23;R$ 250,45;;COELBA;MICHEL;;30/10/2025;ACEITA;NOVEMBRO;;;NÃO;;;SENHOR DO BONFIM;6.0;;;;;;;;;;;;;;;;;;;
LPT KIT ;B-1071228;KIT-CIND-RUA-PE DE MONTE 4566 --B-RURAL;CANSANÇÃO;18/09/2025;24/09/2025;;0,0;;AGEU;;;Conciliado;;;;Movimentado;;;;R$ 490,47;R$490,47;R$ 1.534,02;;COELBA;MICHEL;;30/10/2025;ACEITA;NOVEMBRO;;;NÃO;;;SENHOR DO BONFIM;6.0;;;;;;;;;;;;;;;;;;;
LPT;B-1174765;ER-CIND-POV-PEDRA BRANCA-RURAL;MONTE SANTO;10/09/2025;18/09/2025;;4,0;;AGEU;;;Conciliado;;;;Movimentado;;;;R$ 9.643,20;R$9.643,20;R$ 23.217,49;;COELBA;OSMAR/DICSON;;30/10/2025;ACEITA;NOVEMBRO;;;NÃO;;;SENHOR DO BONFIM;8.0;;;;;OBRA SIMPL - APROVADO ;ENVIADO;;;;;;;;;;;;;
LPT MED;B-1219455;MD-CIND-POV-PEDRA BRANCA-RURAL;MONTE SANTO;10/09/2025;18/09/2025;;0,0;;AGEU;;;Conciliado;;;;Movimentado;;;;R$ 256,20;R$256,20;R$ 0,00;;COELBA;MICHEL;;30/10/2025;ACEITA;NOVEMBRO;;;NÃO;;;SENHOR DO BONFIM;8.0;;;;;;;;;;;;;;;;;;;
LPT KIT ;B-1219405;KT-CIND-POV-PEDRA BRANCA-RURAL;MONTE SANTO;10/09/2025;18/09/2025;;0,0;;AGEU;;;Conciliado;;;;Movimentado;;;;R$ 281,39;R$281,39;R$ 0,00;;COELBA;MICHEL;;30/10/2025;ACEITA;NOVEMBRO;;;NÃO;;;SENHOR DO BONFIM;8.0;;;;;;;;;;;;;;;;;;;
UTEP;B-1203148;UB-CIND-RUA-EUCLIDES DA CUNHA 340-CENTRO;MONTE SANTO;10/09/2025;16/09/2025;;1,0;;AGEU;;;Conciliado;;;;Movimentado;;;;R$ 3.267,29;R$3.267,29;R$ 4.140,93;;COELBA;JOSE/DICSON;;01/11/2025;ACEITA;NOVEMBRO;;;NÃO;;;SENHOR DO BONFIM;6.0;;;;;;;;;;;;;;;;;;;
LPT ;B-1134498;LD-CCOL-POV.VARZEA DOS BOIS RURAL;MONTE SANTO;22/08/2025;01/09/2025;;15,0;;ANDERSON;;;Conciliado;;;;Movimentado;;;;R$ 27.142,60;R$27.142,60;R$ 142.067,81;;COELBA;JOSE/JOAO;;31/10/2025;ACEITA;NOVEMBRO;;;NÃO;;;SENHOR DO BONFIM;10.0;;;;;;;;;;;;;;;;;;;
LPT MED;B-1134500;MED LD CIND POV VARZEA DOS BOIS RURAL;MONTE SANTO;22/08/2025;01/09/2025;;0,0;;ANDERSON;;;;;;;Movimentado;;;;R$ 640,50;R$640,50;R$ 700,62;;COELBA;MICHEL;;31/10/2025;ACEITA;NOVEMBRO;;;NÃO;;;SENHOR DO BONFIM;10.0;;;;;;;;;;;;;;;;;;;
LPT KIT ;B-1134499;KIT LD CIND POV VARZEA DOS BOIS RURAL;MONTE SANTO;22/08/2025;01/09/2025;;0,0;;ANDERSON;;;;;;;Movimentado;;;;R$ 1.435,04;R$1.435,04;R$ 9.288,67;;COELBA;MICHEL;;31/10/2025;ACEITA;NOVEMBRO;;;NÃO;;;SENHOR DO BONFIM;10.0;;;;;;;;;;;;;;;;;;;
UTEP;B-1207576;ER-CIND-POV-RURAL-POCOS;FILADELFIA;20/09/2025;25/09/2025;;1,0;;AGEU;;;Conciliado;;;;Movimentado;;;;R$ 2.622,11;R$2.622,11;R$ 7.897,17;;COELBA;ISRAEL/JOAO;;01/11/2025;ACEITA;NOVEMBRO;;;NÃO;;;SENHOR DO BONFIM;5.0;;;;;;;;;;;;;;;;;;;
UTEP;B-1204027;ER-CIND-POV-ALAGADICO GRANDE 325-RURAL;FILADÉLFIA;12/09/2025;18/09/2025;;1,0;;GUILHERME BONF;;;Conciliado;;Aprovado;;Movimentado;;R$ 3.644,03;;R$ 2.197,11;R$5.841,44;R$ 18.347,40;;COELBA;ISRAEL/JOAO;;01/11/2025;ACEITA;NOVEMBRO;;;NÃO;;;SENHOR DO BONFIM;6.0;;;;;;;;;;;;;;;;;;;
UTEP;B-1125234;UB-CIND-RUA-PADRE EUGENIO-CENTRO;JAGUARARI;30/10/2025;30/10/2025;;6,0;;AGEU;;;Conciliado;;Aprovado;;Movimentado;;R$ 4.638,85;;R$ 15.856,99;R$20.495,84;R$ 47.808,94;;COELBA;DICSON / MARCELO;;01/11/2025;ACEITA;NOVEMBRO;;;NÃO;;;SENHOR DO BONFIM;0.0;;;;;;;;;;;;;;;;;;;
UTEP;B-1208719;ER-CIND-POV-GENIPAPO DE BAIXO-RURAL;MONTE SANTO;18/09/2025;22/09/2025;;0,0;;ANDERSON;;;Conciliado;;;;Movimentado;;;;R$ 2.426,51;R$2.426,51;R$ 5.283,44;;COELBA;OSMAR/JOSE/DICSON;;31/10/2025;ACEITA;NOVEMBRO;;;NÃO;;;SENHOR DO BONFIM;4.0;;;;;;;;;;;;;;;;;;;
UTEP;B-1201158;UB-CIND-RUA-DO CIMITERIO-CENTRO;PINDOBAÇU;05/09/2025;10/09/2025;;1,0;;GUILHERME BONF;;;Conciliado;;;;Movimentado;;;;R$ 1.859,43;R$1.859,43;R$ 8.186,70;;COELBA;WAGNER/JOAO;;05/11/2025;ACEITA;NOVEMBRO;;;NÃO;;;SENHOR DO BONFIM;5.0;;;;;;;;;;;;;;;;;;;
UTEP;B-1203275;ER-CIND-RUA-DA PALHA-CENTRO;PINDOBAÇU;15/09/2025;15/09/2025;;2,0;;AGEU;;;Conciliado;;;;Movimentado;;;;R$ 5.662,96;R$5.662,96;R$ 14.359,72;;COELBA;WAGNER/JOAO;;28/10/2025;ACEITA;NOVEMBRO;;;NÃO;;;SENHOR DO BONFIM;0.0;;;;;;;;;;;;;;;;;;;
UTEP;B-1197007;UB-CIND-RUA-DO ESTADIO-NOVA QUEIMADA;MONTE SANTO;11/10/2025;13/10/2025;;1,0;;GUILHERME BONF;;;Conciliado;;;;Movimentado;;;;R$ 1.794,06;R$1.794,06;R$ 8.296,37;;COELBA;GESONI/DICSON;;06/11/2025;ACEITA;NOVEMBRO;;;NÃO;;;SENHOR DO BONFIM;2.0;;;;;;;;;;;;;;;;;;;
UTEP;B-1206651;ER-CIND-POV-ALTO LINDO S N-ALTO LINDO;CANSANÇÃO;20/09/2025;30/09/2025;;2,0;;AGEU;;;Conciliado;;;;Movimentado;;;;R$ 4.184,23;R$4.184,23;R$ 16.385,04;;COELBA;ISRAEL/JOAO;;04/11/2025;ACEITA;NOVEMBRO;;;NÃO;;;SENHOR DO BONFIM;10.0;;;;;;;;;;;;;;;;;;;
UTEP;B-1196743;ER-CIND-TRAV DA COMISA-CENTRO;CAMPO FORMOSO;18/10/2025;20/10/2025;;2,0;;GUILHERME BONF;;;Conciliado;;;;Movimentado;;;;R$ 3.063,24;R$3.063,24;R$ 8.765,48;;COELBA;ISRAEL/JOÃO;;05/11/2025;ACEITA;NOVEMBRO;;;NÃO;;;SENHOR DO BONFIM;2.0;;;;;;;;;;;;;;;;;;;
UTEP;B-1052010;RC-PREF-POV-MORRO BRANCO-MORRO BRANCO;ANDORINHAS;10/05/2024;26/09/2025;;2,0;;AGEU ;;;Conciliado;;Aprovado;;Movimentado;;;;R$ 9.808,06;R$9.808,06;R$ 24.656,07;;COELBA;;;07/11/2025;ACEITA;NOVEMBRO;;;NÃO;;;SENHOR DO BONFIM;504.0;;;;;;;;;;;;;;;;;;;
UTEP;B-1207403;ER-CCOL-POV-LAGOA GRANDE-RURAL;MONTE SANTO;17/09/2025;22/09/2025;;0,0;;ANDERSON;;;Conciliado;;Aprovado;;Movimentado;;R$ 2.125,33;;R$ 768,75;R$2.894,08;R$ 11.589,08;;COELBA;OSMAR/DICSON;;06/11/2025;ACEITA;NOVEMBRO;;;NÃO;;;SENHOR DO BONFIM;5.0;;;;;;;;;;;;;;;;;;;
UTEP/LPT;B-1206688;ER-CIND-POV-BREJOS DOS PAULOS-RURAL;PINDOBAÇU;15/09/2025;15/09/2025;;2,0;;AGEU;;;Conciliado;;Aprovado;;Movimentado;;R$ 1.518,70;;R$ 4.219,93;R$5.738,63;R$ 12.892,11;;COELBA;WAGNER/JOAO;;07/11/2025;ACEITA;NOVEMBRO;;;NÃO;;;SENHOR DO BONFIM;0.0;;;;;;;;;;;;;;;;;;;
LPT MED;B-1224196;MD-CIND-POV-BREJOS DOS PAULOS-RURAL;PINDOBAÇU;15/09/2025;15/09/2025;;0,0;;AGEU;;;;;;;Movimentado;;;;R$ 548,71;R$548,71;R$ 1.201,67;;COELBA;MICHEL;;07/11/2025;ACEITA;NOVEMBRO;;;NÃO;;;SENHOR DO BONFIM;0.0;;;;;;;;;;;;;;;;;;;
LPT KIT ;B-1224773;KT-CIND-POV-BREJOS DOS PAULOS-RURAL;PINDOBAÇU;15/09/2025;15/09/2025;;0,0;;AGEU;;;;;;;Movimentado;;;;R$ 1.044,67;R$1.044,67;R$ 4.310,91;;COELBA;MICHEL;;07/11/2025;ACEITA;NOVEMBRO;;;NÃO;;;SENHOR DO BONFIM;0.0;;;;;;;;;;;;;;;;;;;
UTEP;B-1202465;AC-CIND-POV-PAU DE COLHER 8526-RURAL;CANSANÇÃO;17/09/2025;22/09/2025;;0,0;;ANDERSON;;;Conciliado;;;;Movimentado;;;;R$ 1.030,30;R$1.030,30;R$ 33.184,90;;COELBA;ANAILTON/DICSON;;07/11/2025;ACEITA;NOVEMBRO;;;NÃO;;;SENHOR DO BONFIM;5.0;;;;;;;;;;;;;;;;;;;
LPT ;B-1204810;ER-CIND-POV-PAU DE COLHER 1-RURAL;CANSANÇÃO;11/09/2025;18/09/2025;;4,0;;AGEU;;;Conciliado;;Aprovado;;Movimentado;;R$ 1.047,76;;R$ 9.014,94;R$10.062,70;R$ 36.575,78;;COELBA;ANAILTON/DICSON;;07/11/2025;ACEITA;NOVEMBRO;;;NÃO;;;SENHOR DO BONFIM;7.0;;;;;;;;;;;;;;;;;;;
LPT MED;B-1224226;MD-CIND-POV-PAU DE COLHER 1-RURAL;CANSANÇÃO;11/09/2025;18/09/2025;;0,0;;AGEU;;;;;;;Movimentado;;;;R$ 178,45;R$178,45;R$ 1.462,22;;COELBA;MICHEL;;07/11/2025;ACEITA;NOVEMBRO;;;NÃO;;;SENHOR DO BONFIM;7.0;;;;;;;;;;;;;;;;;;;
LPT KIT ;B-1224798;KT-CIND-POV-PAU DE COLHER 1-RURAL;CANSANÇÃO;11/09/2025;18/09/2025;;0,0;;AGEU;;;;;;;Movimentado;;;;R$ 525,25;R$525,25;R$ 8.621,80;;COELBA;MICHEL;;07/11/2025;ACEITA;NOVEMBRO;;;NÃO;;;SENHOR DO BONFIM;7.0;;;;;;;;;;;;;;;;;;;
UTEP;B-1152994;ER-CIND-FAZ-BOA SORTE 72-RURAL;QUEIMADAS;29/08/2025;10/10/2025;;12,0;;AGEU;;;Conciliado;;Aprovado;;Movimentado;;R$ 1.360,99;;R$ 43.511,05;R$44.872,04;R$ 131.900,16;;COELBA;ANAILTON/DICSON;;07/11/2025;ACEITA;NOVEMBRO;;;NÃO;;;SENHOR DO BONFIM;42.0;;;;;;;;;;;;;;;;;;;
UTEP;B-1125291;ER-SEIN-RUA-SR DO BONFIM-CENTRO;SENHOR DO BONFIM;08/08/2025;04/09/2025;;21,0;;AGEU;;;Conciliado;;Aprovado;;Movimentado;;R$ 1.835,35;;R$ 52.554,40;R$54.389,75;R$ 133.665,40;;COELBA;REGINALDO/JOAO;;07/11/2025;ACEITA;NOVEMBRO;;;NÃO;;;SENHOR DO BONFIM;27.0;;;;;;;;;;;;;;;;;;;
UTEP;B-1189784;UB-CIND-RUA-AFONSO TOLENTINO 178-URBANA;MONTE SANTO;11/10/2025;13/10/2025;;1,0;;GUILHERME BONF;;;Conciliado;;;;Movimentado;;;;R$ 3.504,03;R$3.504,03;R$ 10.251,56;;COELBA;OSMAR/DICSON;;07/11/2025;ACEITA;NOVEMBRO;;;NÃO;;;SENHOR DO BONFIM;2.0;;;;;;;;;;;;;;;;;;;
UTEP;B-1138650;ER-CCOL-FAZ-BEIRA DAGUA 51-RURAL;CANSANÇÃO;20/09/2025;29/09/2025;;8,0;;ANDERSON;;;Conciliado;;Aprovado;;Movimentado;;R$ 3.461,54;;R$ 25.457,10;R$28.601,99;R$ 71.767,33;;COELBA;ISRAEL/JOAO;;08/11/2025;ACEITA;NOVEMBRO;;;NÃO;;;SENHOR DO BONFIM;9.0;;;;;;;;;;;;;;;;;;;
UTEP;B-1213070;PR-PREF-AV-PQ DA CIDADE7461-MARISTA;SENHOR DO BONFIM;30/06/2025;30/06/2025;;0,0;;ANDERSON;;;;;;;Movimentado;;;;R$ 1.122,37;R$1.122,37;R$ 30.527,08;;COELBA;REGINALDO/ JOAO;;11/11/2025;ACEITA;NOVEMBRO;;;NÃO;;;SENHOR DO BONFIM;0.0;;;;S/ AS BUILT - PROVISORIO - MATERIAL DEVOLVIDO NO ALMOXARIFADO;;;;;;;;;;;;;;;
LPT ;B-1123444;LD CND FAZ ICHU RURAL;QUEIMADAS;20/09/2025;24/09/2025;;21,0;;AGEU;;;Conciliado;;;;Movimentado;;R$ 1.047,76;;R$ 76.538,18;R$77.585,94;R$ 228.835,36;;COELBA;GESONI/JOAO;;07/11/2025;ACEITA;NOVEMBRO;;;NÃO;;;SENHOR DO BONFIM;4.0;;;;;;;;;;;;;;;;;;;
LPT MED;B-1130455;MED LD CIND FAZ ICHU RURAL;QUEIMADAS;20/09/2025;24/09/2025;;0,0;;AGEU;;;;;;;Movimentado;;;;R$ 267,68;R$267,38;R$ 700,62;;COELBA;MICHEL;;07/11/2025;ACEITA;NOVEMBRO;;;NÃO;;;SENHOR DO BONFIM;4.0;;;;;;;;;;;;;;;;;;;
LPT KIT ;B-1130454;KIT LD CIND FAZ ICHU RURA;QUEIMADAS;20/09/2025;24/09/2025;;0,0;;AGEU;;;;;;;Movimentado;;;;R$ 909,79;R$909,79;R$ 9.542,81;;COELBA;MICHEL;;07/11/2025;ACEITA;NOVEMBRO;;;NÃO;;;SENHOR DO BONFIM;4.0;;;;;;;;;;;;;;;;;;;
LPT;B-1206259;ER-CIND-POV-CAMPO ALEGRE 5-CAMPO ALEGRE;CAMPO FORMOSO;22/08/2025;26/09/2025;;14,0;;ANDERSON;;;Conciliado;;Aprovado;;Movimentado;;R$ 2.068,00;;R$ 24.589,77;R$26.657,77;R$ 83.756,68;;COELBA;EDVALDO/JOAO;;11/11/2025;ACEITA;NOVEMBRO;;;NÃO;;;SENHOR DO BONFIM;35.0;;;;;;;;;;;;;;;;;;;
LPT MED;B-1219468;MD-CIND-POV-CAMPO ALEGRE 5-CAMPO ALEGRE;CAMPO FORMOSO;22/08/2025;26/09/2025;;0,0;;ANDERSON;;;;;;;Movimentado;;;;R$ 731,60;R$731,60;R$ 0,00;;COELBA;MICHEL;;11/11/2025;ACEITA;NOVEMBRO;;;NÃO;;;SENHOR DO BONFIM;35.0;;;;;;;;;;;;;;;;;;;
LPT KIT ;B-1219422;KT-CIND-POV-CAMPO ALEGRE 5-CAMPO ALEGRE;CAMPO FORMOSO;22/08/2025;26/09/2025;;0,0;;ANDERSON;;;;;;;Movimentado;;;;R$ 509,61;R$509,61;R$ 0,00;;COELBA;MICHEL;;11/11/2025;ACEITA;NOVEMBRO;;;NÃO;;;SENHOR DO BONFIM;35.0;;;;;;;;;;;;;;;;;;;
UTEP;B-1209033;ER-CIND-RUA-JOSE EMIDIO DA SILVA-CENTRO;PINDOBAÇU;08/09/2025;10/09/2025;;3,0;;GUILHERME BONF;;;Conciliado;;;;Movimentado;;;;R$ 5.070,63;R$5.070,63;R$ 16.653,57;;COELBA;WAGNER/JOAO;;08/11/2025;ACEITA;NOVEMBRO;;;NÃO;;;SENHOR DO BONFIM;2.0;;;;;;;;;;;;;;;;;;;
UTEP;B-1177165;UB-CIND-LOT-SANTA LUZIA-CAMPO FORMOSO;CAMPO FORMOSO;11/10/2025;13/10/2025;;1,0;;GUILHERME BONF;;;Conciliado;;;;Movimentado;;;;R$ 1.750,29;R$1.750,29;R$ 5.173,29;;COELBA;ISRAEL/JOAO;;12/11/2025;ACEITA;NOVEMBRO;;;NÃO;;;SENHOR DO BONFIM;2.0;;;;;;;;;;;;;;;;;;;
UTEP;B-1202969;ER-CIND-POV-CARIOCA DE CIMA-RURAL;SENHOR DO BONFIM;10/09/2025;18/09/2025;;1,0;;GUILHERME BONF;;;Conciliado;;;;Movimentado;;R$ 1.835,35;;R$ 2.266,56;R$4.401,91;R$ 16.844,54;;COELBA;JOILSON/CADU;;12/11/2025;ACEITA;NOVEMBRO;;;NÃO;;;SENHOR DO BONFIM;8.0;;;;;;;;;;;;;;;;;;;
LPT / UTEP;B-1164341;LD CIND RO MINA BARRINHA RURAL;JAGUARARI;30/08/2025;18/09/2025;;10,0;;ANDERSON;;;Conciliado;;Aprovado;;Movimentado;;R$ 3.448,19;;R$ 23.288,60;R$23.736,79;R$ 82.076,46;;COELBA;REGINALDO/JOAO;;11/11/2025;ACEITA;NOVEMBRO;;;NÃO;;;SENHOR DO BONFIM;19.0;;;;;;;;;;;;;;;;;;;
UTEP;B-1212968;UB-CIND-RUA-DA CHACARA 957-ESPLANADA;CAMPO FORMOSO;11/10/2025;13/10/2025;;4,0;;GUILHERME BONF;;;Conciliado;;;;Movimentado;;;;R$ 6.520,84;R$6.520,84;R$ 23.320,80;;COELBA;ISRAEL/JOAO;;08/11/2025;ACEITA;NOVEMBRO;;;NÃO;;;SENHOR DO BONFIM;2.0;;;;;;;;;;;;;;;;;;;
UTEP;B-1175534;UB-CIND-RUA-DAS VIOLETAS-VILA DOS RICOS;CAMPO FORMOSO;16/10/2025;20/10/2025;;4,0;;GUILHERME BONF;;;Conciliado;;;;Movimentado;;;;R$ 6.679,00;R$6.679,00;R$ 37.229,65;;COELBA;ISRAEL/JOÃO;;11/11/2025;ACEITA;NOVEMBRO;;;NÃO;;;SENHOR DO BONFIM;4.0;;;;;OBRA SIMPL - APROVADO ;ENVIADO;;;;;;;;;;;;;
UTEP;B-1158905;IT-CIND-FAZ-CASTELO-RURAL;ITIÚBA;27/06/2025;14/07/2025;;0,0;;ANDERSON;;;Conciliado;;;;Movimentado;;;;R$ 961,67;R$961,67;R$ 12.995,42;;COELBA;RAEL/JOAO;;12/11/2025;ACEITA;NOVEMBRO;;;NÃO;;;SENHOR DO BONFIM;17.0;;;;IVAN;;;;;;;;;;;;;;;
LPT;B-0583003;MP-CCOL-POV. FOVEIRO - COMPL. I-RURAL;MONTE SANTO;29/09/2025;01/10/2025;;35,0;;ANDERSON;;;Conciliado;;Aprovado;;Movimentado;;R$ 2.259,49;;R$ 123.750,08;R$126.009,57;R$ 387.155,97;;COELBA;JOSE/DICSON;;12/11/2025;ACEITA;NOVEMBRO;;;NÃO;;;SENHOR DO BONFIM;2.0;;;;;;;;;;;;;;;;;;;
LPT MED;B-0929302;MD-CCOL-POV. FOVEIRO - COMPL. I-RURAL;MONTE SANTO;29/09/2025;01/10/2025;;0,0;;ANDERSON;;;;;;;Movimentado;;;;R$ 1.009,91;R$1.009,91;R$ 624,82;;COELBA;MICHEL;;12/11/2025;ACEITA;NOVEMBRO;;;NÃO;;;SENHOR DO BONFIM;2.0;;;;;;;;;;;;;;;;;;;
LPT KIT ;B-0583006;KT-CCOL-POV. FOVEIRO - COMPL. I-RURAL;MONTE SANTO;29/09/2025;01/10/2025;;0,0;;ANDERSON;;;;;;;Movimentado;;;;R$ 1.922,75;R$1.922,75;R$ 4.492,52;;COELBA;MICHEL;;12/11/2025;ACEITA;NOVEMBRO;;;NÃO;;;SENHOR DO BONFIM;2.0;;;;;;;;;;;;;;;;;;;
UTEP;B-1207799;ER-CIND-FAZ-V DO RANCHO 451-FILADELFIA;FILADELFIA;12/09/2025;15/09/2025;;1,0;;GUILHERME BONF;;;Conciliado;;Aprovado;;Movimentado;;R$ 3.644,03;;R$ 2.197,11;R$5.841,14;R$ 17.670,56;;COELBA;WAGNER/JOAO;;12/11/2025;ACEITA;NOVEMBRO;;;NÃO;;;SENHOR DO BONFIM;3.0;;;;;;;;;;;;;;;;;;;
UTEP;B-1200088;FVU-RELIGADOR-SAU-01L1-N85774;PINDOBAÇU;02/08/2025;08/08/2025;;0,0;;AGEU;;;Conciliado;;;;Movimentado;;;;R$ 354,65;R$354,65;R$ 100.384,10;;COELBA;JOILSON DANTAS / WESLEY DE ARAUJO;;14/11/2025;ACEITA;NOVEMBRO;;;NÃO;;;SENHOR DO BONFIM;6.0;;;;;;;;;;;;;;;;;;;
UTEP;B-1194223;FVU-RELIGADOR-SBF-01Y8-J20063;SENHOR DO BONFIM;20/05/2025;08/07/2025;;0,0;;AGEU;;;Conciliado;;;;Movimentado;;;;R$ 354,65;R$354,65;R$ 100.384,10;;COELBA;JOILSON DANTAS / WESLEY DE ARAUJO;;14/11/2025;ACEITA;NOVEMBRO;;;NÃO;;;SENHOR DO BONFIM;49.0;;;;;;;;;;;;;;;;;;;
LPT ;B-1180936;ER-CCOL-POV TANQUE VELHO-TANQUE VELHO;SENHOR DO BONFIM;26/09/2025;03/10/2025;;38,0;;ANDERSON;;;Conciliado;;Aprovado;;Movimentado;;R$ 3.751,50;;R$ 66.219,66;R$69.971,16;R$ 290.366,94;;COELBA;REGINALDO/JOAO;;13/11/2025;ACEITA;NOVEMBRO;;;NÃO;;;SENHOR DO BONFIM;7.0;;;;;;;;;;;;;;;;;;;
LPT MED;B-1228607;MD-CCOL-POV TANQUE VELHO-TANQUE VELHO;SENHOR DO BONFIM;26/09/2025;03/10/2025;;0,0;;ANDERSON;;;;;;;Movimentado;;;;R$ 234,79;R$234,79;R$ 3.025,54;;COELBA;MICHEL;;13/11/2025;ACEITA;NOVEMBRO;;;NÃO;;;SENHOR DO BONFIM;7.0;;;;;;;;;;;;;;;;;;;
LPT KIT ;B-1228606;KT-CCOL-POV TANQUE VELHO-TANQUE VELHO;SENHOR DO BONFIM;26/09/2025;03/10/2025;;0,0;;ANDERSON;;;;;;;Movimentado;;;;R$ 1.153,65;R$1.153,65;R$ 34.487,21;;COELBA;MICHEL;;13/11/2025;ACEITA;NOVEMBRO;;;NÃO;;;SENHOR DO BONFIM;7.0;;;;;;;;;;;;;;;;;;;
UTEP;B-1138094;RC-CIND-RUA-CORONEL BENEVID-URBANA;QUEIMADAS;29/08/2024;29/09/2025;;3,0;;ANDERSON;;;Conciliado;;;;Movimentado;;;;R$ 5.879,34;R$5.879,34;R$ 17.599,11;;COELBA;UELTON / JEFFERSON;;14/11/2025;ACEITA;NOVEMBRO;;;NÃO;;;SENHOR DO BONFIM;396.0;;;;;;;;;;;;;;;;;;;
UTEP;B-1196953;AC-CIND-RUA-DO CAMPO-CENTRO;FILADÉLFIA;19/08/2025;05/09/2025;;1,0;;GUILHERME BONF;;;Conciliado;;;;Movimentado;;R$ 2.720,75;;R$ 2.079,16;R$4.799,91;R$ 5.302,40;;COELBA;GESONI/JOAO;;14/11/2025;ACEITA;NOVEMBRO;;;NÃO;;;SENHOR DO BONFIM;17.0;;;;;;;;;;;;;;;;;;;
UTEP;B-1198592;ME-COEL-RUA-PAULO COELHO-CENTRO;SENHOR DO BONFIM;29/08/2025;05/09/2025;;2,0;;GUILHERME BONF;;;Conciliado;;;;Movimentado;;;;R$ 4.526,94;R$4.526,94;R$ 53.377,22;;COELBA;REGINALDO/JOILSON/ JOAO;;17/11/2025;ACEITA;NOVEMBRO;;;NÃO;;;SENHOR DO BONFIM;7.0;;;;;;;;;;;;;;;;;;;
UTEP;B-1148810;FVU-RELIGADOR-PON-01X1-J21243;SENHOR DO BONFIM;09/09/2024;08/08/2025;;0,0;;AGEU;;;Conciliado;;;;Movimentado;;;;R$ 354,65;R$354,65;R$ 93.029,78;;COELBA;WESLEY / JOILSON;;14/11/2025;ACEITA;NOVEMBRO;;;NÃO;;;SENHOR DO BONFIM;333.0;;;;;;;;;;;;;;;;;;;
UTEP;B-1140968;ER-CCOL-POV-JACURICI-RURAL;ITIÚBA;30/08/2025;04/09/2025;;6,0;;AGEU;;;Conciliado;;;;Movimentado;;;;R$ 23.053,93;R$23.053,93;R$ 87.241,46;;COELBA;ANAILTON/DICSON;;14/11/2025;ACEITA;DEZEMBRO;;;NÃO;;;SENHOR DO BONFIM;5.0;;;;FALTA  PLACA DO TRAFO ;;;;;;;;;;;;;;;
UTEP;B-1215852;UB-CIND-RUA-DA ENTRADA-CENTRO ANDORINHA;ANDORINHAS;27/08/2025;05/09/2025;;1,0;;GUILHERME BONF;;;Conciliado;;;;Movimentado;;;;R$ 7.821,35;R$7.821,35;R$ 37.457,04;;COELBA;REGINALDO/OSMAR/JOAO;;17/11/2025;ACEITA;DEZEMBRO;;;NÃO;;;SENHOR DO BONFIM;9.0;;;;;;;;;;;;;;;;;;;
UTEP;B-1204794;ER-CIND-ROD-LOMANTO JR-PASSAGEM VELHA;SENHOR DO BONFIM;06/09/2025;18/09/2025;;0,0;;AGEU;;;Conciliado;;Aprovado;;Movimentado;;R$ 2.449,77;;R$ 1.075,24;R$3.525,01;R$ 27.157,14;;COELBA;JOILSON/JOAO;;19/11/2025;ACEITA;DEZEMBRO;;;NÃO;;;SENHOR DO BONFIM;12.0;;;;;;;;;;;;;;;;;;;
UTEP;B-1108317;RC-CIND-PR -DR JOSE GONCALVES-CENTRO;SENHOR DO BONFIM;18/05/2025;18/05/2025;;6,0;;ANDERSON;;;Conciliado;;;;Movimentado;;;;R$ 8.428,21;R$8.428,21;R$ 63.921,50;;COELBA;REGINALDO / JOILSON/ JOÃO;;19/11/2025;ACEITA;DEZEMBRO;;;NÃO;;;SENHOR DO BONFIM;0.0;;;;;;;;;;;;;;;;;;;
LPT ;B-1206653;ER-CIND-FAZ-PO O SANTAS-PEDRA VERMELHA;MONTE SANTO;27/09/2025;29/09/2025;;2,0;;ANDERSON;;;Conciliado;;Aprovado;;Movimentado;;R$ 3.037,40;;R$ 4.210,21;R$8.428,21;R$ 15.954,44;;COELBA;JOSE/DICSON;;24/11/2025;ACEITA;DEZEMBRO;;;NÃO;;;SENHOR DO BONFIM;2.0;;;;;;;;;;;;;;;;;;;
LPT MED;B-1224197;MD-CIND-FAZ-PO O SANTAS-PEDRA VERMELHA;MONTE SANTO;27/09/2025;29/09/2025;;0,0;;ANDERSON;;;;;;;Movimentado;;;;R$ 78,26;R$78,60;R$ 1.201,67;;COELBA;MICHEL;;18/11/2025;ACEITA;DEZEMBRO;;;NÃO;;;SENHOR DO BONFIM;2.0;;;;;;;;;;;;;;;;;;;
LPT KIT ;B-1224774;KT-CIND-FAZ-PO O SANTAS-PEDRA VERMELHA;MONTE SANTO;27/09/2025;29/09/2025;;0,0;;ANDERSON;;;;;;;Movimentado;;;;R$ 0,00;R$0,00;R$ 4.310,91;;COELBA;MICHEL;;24/11/2025;ACEITA;DEZEMBRO;;;NÃO;;;SENHOR DO BONFIM;2.0;;;;;;;;;;;;;;;;;;;
LPT;B-1171500;MP - CIND - POV VARZEA DA PEDRA - RURAL;JAGUARARI;30/09/2025;03/10/2025;;33,0;;ANDERSON;;;Conciliado;;Aprovado;;Movimentado;;R$ 1.047,76;;R$ 89.725,62;R$90.773,38;R$ 269.705,40;;COELBA;REGINALDO/JOAO;;20/11/2025;ACEITA;DEZEMBRO;;;NÃO;;;SENHOR DO BONFIM;3.0;;;;;;;;;;;;;;;;;;;
LPT MED;B-1222166;MD- CIND - POV VARZEA DA PEDRA - RURAL;JAGUARARI;30/09/2025;03/10/2025;;0,0;;ANDERSON;;;;;;;Movimentado;;;;R$ 234,79;R$234,79;R$ 0,00;;COELBA;MICHEL;;20/11/2025;ACEITA;DEZEMBRO;;;NÃO;;;SENHOR DO BONFIM;3.0;;;;;;;;;;;;;;;;;;;
LPT KIT ;B-1222004;KT- CIND - POV VARZEA DA PEDRA - RURAL;JAGUARARI;30/09/2025;03/10/2025;;0,0;;ANDERSON;;;;;;;Movimentado;;;;R$ 0,00;R$0,00;R$ 0,00;;COELBA;MICHEL;;20/11/2025;ACEITA;DEZEMBRO;;;NÃO;;;SENHOR DO BONFIM;3.0;;;;;;;;;;;;;;;;;;;
UTEP;B-1093364;LD CIND RUA DA LINHA RURAL;JAGUARARI;30/08/2025;18/09/2025;;16,0;;AGEU;;;Conciliado;;Aprovado;;Movimentado;;R$ 3.461,54;;R$ 57.173,40;R$60.634,94;R$ 155.066,05;;COELBA;REGINALDO/JOAO;;14/11/2025;ACEITA;DEZEMBRO;;;NÃO;;;SENHOR DO BONFIM;19.0;;;;;;;;;;;;;;;;;;;
UTEP;B-1197295;ER-CIND-FAZ-PILOES-RURAL;CAMPO FORMOSO;18/07/2025;19/07/2025;;16,0;;AGEU;;;Conciliado;;;;Movimentado;;;;R$ 39.967,42;R$39.967,42;R$ 102.935,22;;COELBA;EDVALDO/ISRAEL/JOAO;;25/11/2025;ACEITA;DEZEMBRO;;;NÃO;;;SENHOR DO BONFIM;1.0;;;;;;;;;;;;;;;;;;;
LPT ;B-1165484;ER CIND LOT PANORAMA RURAL;SENHOR DO BONFIM;13/10/2025;28/10/2025;;3,0;;ANDERSON;;;Conciliado;;;;Movimentado;;;;R$ 4.988,96;R$4.988,96;R$ 15.922,10;;COELBA;JOILSON / JOÃO;;28/11/2025;ACEITA;DEZEMBRO;;;NÃO;;;SENHOR DO BONFIM;15.0;;;;;OBRA SIMPL - APROVADO ;ENVIADO;;;;;;;;;;;;;
LPT MED;B-1230095;MD-CIND LOT PANORAMA RURAL;SENHOR DO BONFIM;13/10/2025;28/10/2025;;0,0;;ANDERSON;;;;;;;Movimentado;;;;R$ 242,04;R$242,04;R$ 1.462,22;;COELBA;MICHEL;;28/11/2025;ACEITA;DEZEMBRO;;;NÃO;;;SENHOR DO BONFIM;15.0;;;;;;;;;;;;;;;;;;;
LPT KIT ;B-1230090;KT-CIND LOT PANORAMA RURAL;SENHOR DO BONFIM;13/10/2025;28/10/2025;;0,0;;ANDERSON;;;;;;;Movimentado;;;;R$ 168,59;R$168,59;R$ 8.621,80;;COELBA;MICHEL;;28/11/2025;ACEITA;DEZEMBRO;;;NÃO;;;SENHOR DO BONFIM;15.0;;;;;;;;;;;;;;;;;;;
UTEP;B-1186692;ER-CIND-FAZ-CAJARANA-RURAL-ITIUBA;ITIÚBA;13/11/2025;14/11/2025;;4,0;;ANDERSON;;;Conciliado;;;;Movimentado;;;;R$ 6.708,23;R$6.708,23;R$ 31.163,34;;COELBA;GESONI/JOAO;;01/12/2025;ACEITA;DEZEMBRO;;;NÃO;;;SENHOR DO BONFIM;1.0;;;;;;;;;;;;;;;;;;;
LPT / UTEP;B-1168792;ER-CIND-LOT-RURAL-REASSENTAMENTO BARRAGE;PONTO NOVO;17/07/2025;22/07/2025;;15,0;;AGEU;;;Conciliado;;Aprovado;;Movimentado;;R$ 22.314,37;;R$ 36.138,30;R$58.452,67;R$ 131.673,01;;COELBA;GESONI/JOAO;;03/12/2025;ACEITA;DEZEMBRO;;;NÃO;;;SENHOR DO BONFIM;5.0;;;;;;;;;;;;;;;;;;;
LPT;B-1154340;MP-CIND-POV-SANTA ROSA-RURAL-MOD;JAGUARARI;30/09/2025;01/10/2025;;36,0;;ANDERSON;;;Conciliado;;Aprovado;;Movimentado;;R$ 3.144,89;;R$ 114.041,29;R$117.186,18;R$ 339.861,54;;COELBA;OSMAR/DICSON;;28/11/2025;ACEITA;DEZEMBRO;;;NÃO;;;SENHOR DO BONFIM;1.0;;;;;;;;;;;;;;;;;;;
LPT MED;B-1154343;MED MP-CIND-POV-SANTA ROSA-RURAL;JAGUARARI;30/09/2025;01/10/2025;;0,0;;ANDERSON;;;;;;;Movimentado;;;;R$ 329,40;R$329,40;R$ 1.395,88;;COELBA;MICHEL;;28/11/2025;ACEITA;DEZEMBRO;;;NÃO;;;SENHOR DO BONFIM;1.0;;;;;;;;;;;;;;;;;;;
LPT KIT ;B-1154342;KIT MP-CIND-POV-SANTA ROSA-RURAL;JAGUARARI;30/09/2025;01/10/2025;;0,0;;ANDERSON;;;;;;;Movimentado;;;;R$ 0,00;R$0,00;R$ 22.410,70;;COELBA;MICHEL;;28/11/2025;ACEITA;DEZEMBRO;;;NÃO;;;SENHOR DO BONFIM;1.0;;;;;;;;;;;;;;;;;;;
UTEP;B-1172911;ER-CIND-RUA-DA PISTA-LOTEAMENTO SONIA;QUEIMADAS;15/10/2025;29/10/2025;;1,0;;GUILHERME BONF;;;Conciliado;;;;Movimentado;;;;R$ 2.005,10;R$2.005,10;R$ 8.024,25;;COELBA;MARCELO/GABRIEL;;03/12/2025;ACEITA;DEZEMBRO;;;NÃO;;;SENHOR DO BONFIM;14.0;;;;;OBRA SIMPL - APROVADO ;ENVIADO;;;;;;;;;;;;;
LPT ;B-1137567;MP CIND-POV-NOVO ACORDO RURAL;CANSANÇÃO;18/09/2025;29/09/2025;;52,0;;ANDERSON;;;Conciliado;;Aprovado;;Movimentado;;R$ 10.105,82;;R$ 134.316,44;R$144.422,26;R$ 465.190,43;;COELBA;JEFFERSON/DICSON;;03/12/2025;ACEITA;DEZEMBRO;;;NÃO;;;SENHOR DO BONFIM;11.0;;;;;;;;;;;;;;;;;;;
LPT MED;B-1221605;MD-POV-NOVO ACORDO RURAL;CANSANÇÃO;18/09/2025;29/09/2025;;0,0;;ANDERSON;;;;;;;Movimentado;;;;R$ 313,05;R$313,05;R$ 2.504,43;;COELBA;MICHEL;;03/12/2025;ACEITA;DEZEMBRO;;;NÃO;;;SENHOR DO BONFIM;11.0;;;;;;;;;;;;;;;;;;;
LPT KIT ;B-1221443;KT-POV-NOVO ACORDO RURAL;CANSANÇÃO;18/09/2025;29/09/2025;;0,0;;ANDERSON;;;;;;;Movimentado;;;;R$ 0,00;R$0,00;R$ 12.891,60;;COELBA;MICHEL;;03/12/2025;ACEITA;DEZEMBRO;;;NÃO;;;SENHOR DO BONFIM;11.0;;;;;;;;;;;;;;;;;;;
UTEP;B-1219940;IT-CIND-PR -SIMOES FILHO-CENTRO;SENHOR DO BONFIM;08/08/2025;19/09/2025;;4,0;;ANDERSON;;;Conciliado;;Aprovado;;Movimentado;;R$ 2.576,14;;R$ 7.905,92;R$10.482,06;R$ 33.932,12;;COELBA;REGINALDO/GESONI/JOAO;;03/12/2025;ACEITA;DEZEMBRO;;;NÃO;;;SENHOR DO BONFIM;42.0;;;;;;;;;;;;;;;;;;;
UTEP;B-1215542;ER-CIND-POV-CERCADINHO-RURAL;ITIÚBA;10/11/2025;14/11/2025;;1,0;;GUILHERME BONF;;;Conciliado;;;;Movimentado;;;;R$ 802,43;R$802,43;R$ 2.071,52;;COELBA;GESONI/JOAO;;04/12/2025;ACEITA;DEZEMBRO;;;NÃO;;;SENHOR DO BONFIM;4.0;;;;;;;;;;;;;;;;;;;
UTEP;B-1201709;ER-CIND-TRV-15 DE NOVEMBRO 9999-CENTRO;QUEIMADAS;23/09/2025;29/09/2025;;0,0;;LUCAS GABRIEL;;;Conciliado;;;;Movimentado;;;;R$ 754,14;R$754,14;R$ 2.352,25;;COELBA;MARCELO/DICSON;;04/12/2025;ACEITA;DEZEMBRO;;;NÃO;;;SENHOR DO BONFIM;6.0;;;;;;;;;;;;;;;;;;;
UTEP;B-1175265;ER-CIND-POV-TEIU-RURAL;SENHOR DO BONFIM;26/09/2025;03/10/2025;;4,0;;LUCAS GABRIEL;;;Conciliado;;;;Movimentado;;;;R$ 6.672,62;R$6.672,62;R$ 32.331,01;;COELBA;JOILSON / JOÃO;;04/12/2025;ACEITA;DEZEMBRO;;;NÃO;;;SENHOR DO BONFIM;7.0;;;;Pedido de transporte sem fator k;OBRA SIMPL - APROVADO ;ENVIADO;;;;;;;;;;;;;
LPT;B-1133580;ER-CIND-POV-LAGOA DA PEDRA-RURAL;MONTE SANTO;19/09/2025;01/10/2025;;15,0;;AGEU;;;Conciliado;;Aprovado;;Movimentado;;R$ 5.917,08;;R$ 61.017,20;R$61.017,20;R$ 20.301,31;;COELBA;OSMAR/DICSON;;03/12/2025;ACEITA;DEZEMBRO;;;NÃO;;;SENHOR DO BONFIM;12.0;;;;;OBRA SIMPL - APROVADO ;ENVIADO;;;;;;;;;;;;;
LPT MED;B-1218489;MD-CIND-POV-LAGOA DA PEDRA-RURAL;MONTE SANTO;19/09/2025;01/10/2025;;0,0;;AGEU;;;;;;;Movimentado;;;;R$ 571,36;R$571,36;R$ 1.169,69;;COELBA;MICHEL;;03/12/2025;ACEITA;DEZEMBRO;;;NÃO;;;SENHOR DO BONFIM;12.0;;;;;;;;;;;;;;;;;;;
LPT KIT ;B-1218432;KT-CIND-POV-LAGOA DA PEDRA-RURAL;MONTE SANTO;19/09/2025;01/10/2025;;0,0;;AGEU;;;;;;;Movimentado;;;;R$ 1.087,78;R$1.087,78;R$ 2.659,96;;COELBA;MICHEL;;03/12/2025;ACEITA;DEZEMBRO;;;NÃO;;;SENHOR DO BONFIM;12.0;;;;;;;;;;;;;;;;;;;
LPT / UTEP;B-1196300;ER-CIND-POV-DEIXAI 9-RURAL;CANSANÇÃO;10/10/2025;13/10/2025;;0,0;;GUILHERME BONF;;;Conciliado;;;;Movimentado;;;;R$ 497,54;R$497,54;R$ 2.326,59;;COELBA;JOILSON/JOAO;;04/12/2025;ACEITA;DEZEMBRO;;;NÃO;;;SENHOR DO BONFIM;3.0;;;;ALTERAR ID PRA PLANO 7;;;;;;;;;;;;;;;
UTEP;B-1210474;UB-CIND-RUA-DAVID LOPES GUIMARAES-CENTRO;NORDESTINA;15/10/2025;04/11/2025;;3,0;;ANDERSON;;;Conciliado;;;;Movimentado;;;;R$ 5.136,04;R$5.136,04;R$ 19.700,51;;COELBA;ANAILTON/GABRIEL;;04/12/2025;ACEITA;DEZEMBRO;;;NÃO;;;SENHOR DO BONFIM;20.0;;;;;;;;;;;;;;;;;;;
UTEP;B-1075602;AC-CIND-FAZ-NOVA ESPERAN A-RURAL;QUEIMADAS;27/09/2025;29/09/2025;;31,0;;AGEU;;;Conciliado;;Aprovado;;Movimentado;;R$ 1.654,37;;R$ 84.011,26;R$85.665,63;R$ 155.068,88;;COELBA;GESONI/JOAO;;04/12/2025;ACEITA;DEZEMBRO;;;NÃO;;;SENHOR DO BONFIM;2.0;;;;;;;;;;;;;;;;;;;
LPT / UTEP;B-1198067;ER-CIND-POV-PAU DE COLHER-PAU DE COLHER;QUEIMADAS;11/11/2025;17/11/2025;;0,0;;GUILHERME BONF;;;Conciliado;;;;Movimentado;;;;R$ 444,67;R$444,67;R$ 1.604,11;;COELBA;MARCELO/GABRIEL;;04/12/2025;ACEITA;DEZEMBRO;;;NÃO;;;SENHOR DO BONFIM;6.0;;;;;;;;;;;;;;;;;;;
LPT ;B-1148107;MP CIND POV TIRIRCA E BANABEIRA RURAL;QUEIMADAS;08/09/2025;19/09/2025;;25,0;;ANDERSON;;;Conciliado;;Aprovado;;Movimentado;;R$ 3.144,89;;R$ 49.011,49;R$52.156,38;R$ 240.479,16;;COELBA;EDVALDO/DICSON;;04/12/2025;ACEITA;DEZEMBRO;;;NÃO;;;SENHOR DO BONFIM;11.0;;;;;;;;;;;;;;;;;;;
LPT MED;B-1148109;MED MP CIND POV TIRIRICA E BANANEIRA;QUEIMADAS;08/09/2025;19/09/2025;;0,0;;ANDERSON;;;;;;;Movimentado;;;;R$ 1.142,70;R$1.142,70;R$ 1.163,23;;COELBA;MICHEL;;04/12/2025;ACEITA;DEZEMBRO;;;NÃO;;;SENHOR DO BONFIM;11.0;;;;;;;;;;;;;;;;;;;
LPT KIT ;B-1148113;KIT MP CIND POV TIRIRICA E BANANEIRA RUR;QUEIMADAS;08/09/2025;19/09/2025;;0,0;;ANDERSON;;;;;;;Movimentado;;;;R$ 2.175,57;R$2.175,57;R$ 15.279,66;;COELBA;MICHEL;;04/12/2025;ACEITA;DEZEMBRO;;;NÃO;;;SENHOR DO BONFIM;11.0;;;;;;;;;;;;;;;;;;;
UTEP;B-1196099;UB-CIND-RUA-SENHOR DO BONFIM-QUICE;SENHOR DO BONFIM;20/10/2025;22/10/2025;;3,0;;GUILHERME BONF;;;Conciliado;;Aprovado;;Movimentado;;R$ 3.960,68;;R$ 9.740,82;R$13.701,50;R$ 41.276,99;;COELBA;REGINALDO / JOÃO;;06/12/2025;ACEITA;DEZEMBRO;;;NÃO;;;SENHOR DO BONFIM;2.0;;;;;;;;;;;;;;;;;;;
LPT ;B-1198090;ER-CIND-FAZ-ROCHA-RURAL;CANSANÇÃO;10/11/2025;17/11/2025;;1,0;;GUILHERME BONF;;;Conciliado;;;;Movimentado;;;;R$ 3.251,81;R$3.251,81;R$ 6.908,51;;COELBA;JEFFERSON/GABRIEL;;08/12/2025;ACEITA;DEZEMBRO;;;NÃO;;;SENHOR DO BONFIM;7.0;;;;;;;;;;;;;;;;;;;
LPT MED;B-1235375;MD-CIND-FAZ-ROCHA-RURAL;CANSANÇÃO;10/11/2025;17/11/2025;;0,0;;GUILHERME BONF;;;;;;;Movimentado;;;;R$ 571,36;R$571,36;R$ 552,58;;COELBA;MICHEL;;08/12/2025;ACEITA;DEZEMBRO;;;NÃO;;;SENHOR DO BONFIM;7.0;;;;;;;;;;;;;;;;;;;
LPT KIT ;B-1234459;KT-CIND-FAZ-ROCHA-RURAL;CANSANÇÃO;10/11/2025;17/11/2025;;0,0;;GUILHERME BONF;;;;;;;Movimentado;;;;R$ 198,99;R$198,99;R$ 2.309,60;;COELBA;MICHEL;;08/12/2025;ACEITA;DEZEMBRO;;;NÃO;;;SENHOR DO BONFIM;7.0;;;;;;;;;;;;;;;;;;;
UTEP;B-1196897;UB-CIND-AV-PAULO DA SILVA REIS-CENTRO;NORDESTINA;11/10/2025;13/10/2025;;3,0;;GUILHERME BONF;;;Conciliado;;;;Movimentado;;;;R$ 6.173,53;R$6.173,53;R$ 23.563,21;;COELBA;ANAILTON/DICSON;;08/12/2025;ACEITA;DEZEMBRO;;;NÃO;;;SENHOR DO BONFIM;2.0;;;;;;;;;;;;;;;;;;;
LPT ;B-1185410;ER-CIND-ET-SENHOR DO BONFIM-RURAL;SENHOR DO BONFIM;13/10/2025;14/10/2025;;3,0;;GUILHERME BONF;;;Conciliado;;Aprovado;;Movimentado;;R$ 3.644,03;;R$ 9.739,23;R$13.383,26;R$ 26.468,62;;COELBA;REGINALDO/JOAO;;08/12/2025;ACEITA;DEZEMBRO;;;NÃO;;;SENHOR DO BONFIM;1.0;;;;;;;;;;;;;;;;;;;
LPT MED;B-1231230;MD-CIND-ET-SENHOR DO BONFIM-RURAL;SENHOR DO BONFIM;13/10/2025;14/10/2025;;0,0;;GUILHERME BONF;;;;;;;Movimentado;;;;R$ 630,58;R$630,58;R$ 0,00;;COELBA;MICHEL;;08/12/2025;ACEITA;DEZEMBRO;;;NÃO;;;SENHOR DO BONFIM;1.0;;;;;;;;;;;;;;;;;;;
LPT KIT;B-1231177;KT-CIND-ET-SENHOR DO BONFIM-RURAL;SENHOR DO BONFIM;13/10/2025;14/10/2025;;0,0;;GUILHERME BONF;;;;;;;Movimentado;;;;R$ 198,99;R$198,99;R$ 2.848,79;;COELBA;MICHEL;;08/12/2025;ACEITA;DEZEMBRO;;;NÃO;;;SENHOR DO BONFIM;1.0;;;;;;;;;;;;;;;;;;;
UTEP;B-1213046;ER-CIND-FAZ-NOVA ESPERANCA-RURAL;SENHOR DO BONFIM;01/10/2025;03/11/2025;;3,0;;LUCAS GABRIEL;;;Conciliado;;;;Movimentado;;;;R$ 5.161,34;R$5.161,34;R$ 15.745,12;;COELBA;JOILSON/JOAO;;05/12/2025;ACEITA;DEZEMBRO;;;NÃO;;;SENHOR DO BONFIM;33.0;;;;;;;;;;;;;;;;;;;
UTEP;B-1190860;ER-CIND-FAZ-BARRA-CACIMBAS;ITIÚBA;18/11/2025;25/11/2025;;2,0;;LUCAS GABRIEL;;;Conciliado;;;;Movimentado;;;;R$ 6.067,82;R$6.067,82;R$ 14.147,55;;COELBA;GABRIEL / JEFFERSON;;06/12/2025;ACEITA;DEZEMBRO;;;NÃO;;;SENHOR DO BONFIM;7.0;;;;;;;;;;;;;;;;;;;
UTEP;B-1106526;RC-CIND-POV-JENIPAPO DE BAIXO-RURAL;MONTE SANTO;25/10/2025;29/10/2025;;1,0;;GUILHERME BONF;;;Conciliado;;;;Movimentado;;;;R$ 1.822,39;R$1.822,39;R$ 5.154,52;;COELBA;ANAILTON/GABRIEL;;06/12/2025;ACEITA;DEZEMBRO;;;NÃO;;;SENHOR DO BONFIM;4.0;;;;;OBRA SIMPL - APROVADO ;ENVIADO;;;;;;;;;;;;;
UTEP;B-1199296;AC-CIND-FAZ-FELICIANO-RURAL;MONTE SANTO;23/10/2025;04/11/2025;;2,0;;GUILHERME BONF;;;Conciliado;;;;Movimentado;;;;R$ 3.340,61;R$3.340,61;R$ 11.810,71;;COELBA;ANAILTON/GABRIEL;;06/12/2025;ACEITA;DEZEMBRO;;;NÃO;;;SENHOR DO BONFIM;12.0;;;;;;;;;;;;;;;;;;;
UTEP;B-1198639;ER-CIND-FAZ-VOLTA DO RIO-RURAL;QUEIMADAS;14/10/2025;29/10/2025;;2,0;;GUILHERME BONF;;;Conciliado;;;;Movimentado;;;;R$ 5.993,31;R$5.993,31;R$ 15.879,66;;COELBA;GESONI / GABRIEL;;08/12/2025;ACEITA;DEZEMBRO;;;NÃO;;;SENHOR DO BONFIM;15.0;;;;;;;;;;;;;;;;;;;
UTEP;B-1204768;UB-CIND-RUA-ALOISIO DE CASTRO-CENTRO;MONTE SANTO;11/10/2025;13/10/2025;;4,0;;GUILHERME BONF;;;Conciliado;;;;Movimentado;;;;R$ 11.828,11;R$11.828,11;R$ 23.249,21;;COELBA;OSMAR/DICSON;;08/12/2025;ACEITA;DEZEMBRO;;;NÃO;;;SENHOR DO BONFIM;2.0;;;;;;;;;;;;;;;;;;;
UTEP;B-1179582;UB-CIND-RUA-ENCESLAU DOS SANTOS BELAU 18;CANSANÇÃO;11/10/2025;21/10/2025;;2,0;;ANDERSON;;;Conciliado;;;;Movimentado;;;;R$ 3.327,83;R$3.327,83;R$ 12.948,51;;COELBA;JEFFERSON/DICSON;;09/12/2025;ACEITA;DEZEMBRO;;;NÃO;;;SENHOR DO BONFIM;10.0;;;;;;;;;;;;;;;;;;;
UTEP;B-1162988;UB-CIND-RUA-LEONIA COELHO FERREIRA-CENTR;CANSANÇÃO;17/10/2025;21/10/2025;;3,0;;GUILHERME BONF;;;Conciliado;;Aprovado;;Movimentado;;R$ 10.199,90;;R$ 9.637,77;R$19.837,67;R$ 27.601,54;;COELBA;JEFFERSON/ GABRIEL;;10/12/2025;ACEITA;DEZEMBRO;;;NÃO;;;SENHOR DO BONFIM;4.0;;;;;OBRA SIMPL - APROVADO ;ENVIADO;;;;;;;;;;;;;
LPT / UTEP;B-1198094;ER-CIND-FAZ-PAU FERRO-PAU FERRO;QUEIMADAS;11/11/2025;17/11/2025;;0,0;;GUILHERME BONF;;;Conciliado;;;;Movimentado;;;;R$ 803,69;R$803,69;R$ 2.607,40;;COELBA;MARCELO/GABRIEL;;11/12/2025;ACEITA;DEZEMBRO;;;NÃO;;;SENHOR DO BONFIM;6.0;;;;;;;;;;;;;;;;;;;
UTEP;B-1139486;ER-CIND-POV-ALTO LINDO-RURAL;CANSANÇÃO;11/10/2025;21/10/2025;;2,0;;GUILHERME BONF;;;Conciliado;;;;Movimentado;;;;R$ 5.895,46;R$5.895,46;R$ 14.665,70;;COELBA;JEFFERSON/DICSON;;09/12/2025;ACEITA;DEZEMBRO;;;NÃO;;;SENHOR DO BONFIM;10.0;;;;;OBRA SIMPL - APROVADO ;ENVIADO;;;;;;;;;;;;;
UTEP;B-1193863;ER-CIND-POV-VARZEA SUJA-RURAL;ITIÚBA;21/11/2025;24/11/2025;;2,0;;LUCAS GABRIEL;;;Conciliado;;;;Movimentado;;;;R$ 3.902,31;R$3.902,31;R$ 11.736,71;;COELBA;GESONI / JOÃO;;10/12/2025;ACEITA;DEZEMBRO;;;NÃO;;;SENHOR DO BONFIM;3.0;;;;;;;;;;;;;;;;;;;
LPT ;B-1192755;RR-SEIN-FAZ-CORRENCIA-RURAL;JAGUARARI;31/10/2025;05/11/2025;;106,0;;AGEU;;;Conciliado;;;;Movimentado;;;;R$ 192.967,84;R$192.967,84;R$ 1.060.332,60;;COELBA;ALDAIR/JOAO;;09/12/2025;ACEITA;DEZEMBRO;;;NÃO;;;SENHOR DO BONFIM;5.0;;;;;;;;;;;;;;;;;;;
LPT MED;B-1226252;MD-SEIN-FAZ-CORRENCIA-RURAL;JAGUARARI;31/10/2025;05/11/2025;;0,0;;CAIO ;;;;;;;Movimentado;;;;R$ 1.142,70;R$1.142,70;R$ 3.546,65;;COELBA;MICHEL;;09/12/2025;ACEITA;DEZEMBRO;;;NÃO;;;SENHOR DO BONFIM;5.0;;;;;;;;;;;;;;;;;;;
LPT KIT ;B-1226218;KT-SEIN-FAZ-CORRENCIA-RURAL;JAGUARARI;31/10/2025;05/11/2025;;0,0;;CAIO ;;;;;;;Movimentado;;;;R$ 2.175,57;R$2.175,57;R$ 43.109,02;;COELBA;MICHEL;;09/12/2025;ACEITA;DEZEMBRO;;;NÃO;;;SENHOR DO BONFIM;5.0;;;;;;;;;;;;;;;;;;;
UTEP;B-1184458;ER-CIND-FAZ-LAGOA DA VOLTA-RURAL;MONTE SANTO;30/08/2025;04/09/2025;;7,0;;AGEU;;;Conciliado;;Aprovado;;Movimentado;;R$ 3.960,68;;R$ 24.482,89;R$28.443,57;R$ 71.093,68;;COELBA;JOSE/OSMAR/DICSON;;25/11/2025;ACEITA;DEZEMBRO;;;NÃO;;;SENHOR DO BONFIM;5.0;;;;;;;;;;;;;;;;;;;
UTEP;B-1204005;ER-CIND-FAZ-TATU DEUS ME LIVRE-RURAL;ITIÚBA;18/11/2025;24/11/2025;;9,0;;LUCAS GABRIEL;;;Conciliado;;Aprovado;;Movimentado;;R$ 1.518,70;;R$ 14.771,09;R$16.289,79;R$ 49.564,10;;COELBA;GESONI / JOÃO;;09/12/2025;ACEITA;DEZEMBRO;;;NÃO;;;SENHOR DO BONFIM;6.0;;;;;;;;;;;;;;;;;;;
UTEP;B-1195013;UB-CIND-RUA-CENTENARIO DA REP-ALTO DA C;MONTE SANTO;09/10/2025;13/10/2025;;4,0;;LUCAS GABRIEL;;;Conciliado;;;;Movimentado;;;;R$ 6.353,48;R$6.353,48;R$ 30.807,46;;COELBA;OSMAR/DICSON;;09/12/2025;ACEITA;DEZEMBRO;;;NÃO;;;SENHOR DO BONFIM;4.0;;;;;;;;;;;;;;;;;;;
UTEP;B-1155593;ER-CIND-FAZ-JUAZEIRINHO-RURAL;CANSANÇÃO;13/11/2025;17/11/2025;;1,0;;GUILHERME BONF;;;Conciliado;;;;Movimentado;;;;R$ 3.514,29;R$3.514,29;R$ 20.229,80;;COELBA;JEFFERSON/GABRIEL;;11/12/2025;ACEITA;DEZEMBRO;;;NÃO;;;SENHOR DO BONFIM;4.0;;;;;OBRA SIMPL - APROVADO ;ENVIADO;;;;;;;;;;;;;
LPT ;B-1205879;ER-CIND-FAZ-CAJAZEIRA 28-RURAL-QUICE;SENHOR DO BONFIM;11/10/2025;14/10/2025;;2,0;;GUILHERME BONF;;;Conciliado;;Aprovado;;Movimentado;;R$ 3.960,68;;R$ 5.663,59;R$9.624,27;R$ 28.064,87;;COELBA;REGINALDO/JOAO;;09/12/2025;ACEITA;DEZEMBRO;;;NÃO;;;SENHOR DO BONFIM;3.0;;;;;;;;;;;;;;;;;;;
LPT MED;B-1229983;MD-CIND-FAZ-CAJAZEIRA 28-RURAL-QUICE;SENHOR DO BONFIM;11/10/2025;14/10/2025;;0,0;;GUILHERME BONF;;;;;;;Movimentado;;;;R$ 285,68;R$285,68;R$ 1.201,67;;COELBA;MICHEL;;09/12/2025;ACEITA;DEZEMBRO;;;NÃO;;;SENHOR DO BONFIM;3.0;;;;;;;;;;;;;;;;;;;
LPT KIT ;B-1229791;KT-CIND-FAZ-CAJAZEIRA 28-RURAL-QUICE;SENHOR DO BONFIM;11/10/2025;14/10/2025;;0,0;;GUILHERME BONF;;;;;;;Movimentado;;;;R$ 198,99;R$198,99;R$ 4.310,91;;COELBA;MICHEL;;09/12/2025;ACEITA;DEZEMBRO;;;NÃO;;;SENHOR DO BONFIM;3.0;;;;;;;;;;;;;;;;;;;
LPT ;B-1173478;ER-CIND-POV-LAGOA DO BOI-LAGOA DO BOI;SENHOR DO BONFIM;03/10/2025;10/10/2025;;6,0;;AGEU;;;Conciliado;;Aprovado;;Movimentado;;;;R$ 17.794,47;R$17.794,47;R$ 30.445,50;;COELBA;JOILSON/JOAO;;09/12/2025;ACEITA;DEZEMBRO;;;NÃO;;;SENHOR DO BONFIM;7.0;;;;;OBRA SIMPL - APROVADO ;ENVIADO;;;;;;;;;;;;;
LPT MED;B-1238422;MD-CIND-POV-LAGOA DO BOI-LAGOA DO BOI;SENHOR DO BONFIM;03/10/2025;10/10/2025;;0,0;;AGEU;;;;;;;Movimentado;;;;R$ 285,68;R$285,68;R$ 0,00;;COELBA;MICHEL;;09/12/2025;ACEITA;DEZEMBRO;;;NÃO;;;SENHOR DO BONFIM;7.0;;;;;;;;;;;;;;;;;;;
LPT KIT ;B-1238409;KT-CIND-POV-LAGOA DO BOI-LAGOA DO BOI;SENHOR DO BONFIM;03/10/2025;10/10/2025;;0,0;;AGEU;;;;;;;Movimentado;;;;R$ 198,99;R$198,99;R$ 0,00;;COELBA;MICHEL;;09/12/2025;ACEITA;DEZEMBRO;;;NÃO;;;SENHOR DO BONFIM;7.0;;;;;;;;;;;;;;;;;;;
UTEP;B-1198687;AC-CIND-POV-SERRA GRANDE -RURAL;MONTE SANTO;09/10/2025;13/10/2025;;0,0;;LUCAS GABRIEL;;;Conciliado;;;;Movimentado;;;;R$ 490,40;R$490,40;R$ 1.933,09;;COELBA;OSMAR/DICSON;;10/12/2025;ACEITA;DEZEMBRO;;;NÃO;;;SENHOR DO BONFIM;4.0;;;;;;;;;;;;;;;;;;;
UTEP;B-1161104;ME-COEL-AV-CAMPO CLUBE-CAMPO CLUBE;SENHOR DO BONFIM;30/05/2025;10/07/2025;;9,0;;ANDERSON;;;Conciliado;;Aprovado;;Movimentado;;R$ 3.030,04;;R$ 35.475,60;R$38.505,64;R$ 187.456,00;;COELBA;JOILSON/REGINALDO/JOAO;;09/12/2025;ACEITA;DEZEMBRO;;;NÃO;;;SENHOR DO BONFIM;41.0;;;;MATERIAL VINCULADO DA OC 2025_3_34388 - B-1196923 - PRJ RAMAL - B-1229270;;;;;;;;;;;;;;;
UTEP;B-1145042;UB-CIND-RUA-NOVA-ALTO DO S O FRANCISCO;MONTE SANTO;15/10/2025;28/10/2025;;1,0;;GUILHERME BONF;;;Conciliado;;Aprovado;;Movimentado;;R$ 1.177,84;;R$ 3.393,29;R$4.571,13;R$ 11.163,56;;COELBA;JOSE/GABRIEL;;10/12/2025;ACEITA;DEZEMBRO;;;NÃO;;;SENHOR DO BONFIM;13.0;;;;;OBRA SIMPL - APROVADO ;ENVIADO;;;;;;;;;;;;;
UTEP/LPT;B-1195373;ER-CIND-POV-SOCOTO-RURAL;SENHOR DO BONFIM;15/10/2025;03/11/2025;;3,0;;ANDERSON;;;Conciliado;;;;Movimentado;;;;R$ 5.608,99;R$5.608,99;R$ 15.490,78;;COELBA;JOILSON/JOÃO;;10/12/2025;ACEITA;DEZEMBRO;;;NÃO;;;SENHOR DO BONFIM;19.0;;;;;;;;;;;;;;;;;;;
LPT MED;B-1236392;MD-CIND-POV-SOCOTO-RURAL;SENHOR DO BONFIM;15/10/2025;03/11/2025;;0,0;;ANDERSON;;;;;;;Movimentado;;;;R$ 285,68;R$285,68;R$ 0,00;;COELBA;MICHEL;;10/12/2025;ACEITA;DEZEMBRO;;;NÃO;;;SENHOR DO BONFIM;19.0;;;;;;;;;;;;;;;;;;;
LPT KIT ;B-1236292;KT-CIND-POV-SOCOTO-RURAL;SENHOR DO BONFIM;15/10/2025;03/11/2025;;0,0;;ANDERSON;;;;;;;Movimentado;;;;R$ 543,89;R$543,89;R$ 0,00;;COELBA;MICHEL;;10/12/2025;ACEITA;DEZEMBRO;;;NÃO;;;SENHOR DO BONFIM;19.0;;;;;;;;;;;;;;;;;;;
LPT ;B-1198646;ER-CIND-FAZ-POCO DANTAS-MONTE SANTO;MONTE SANTO;17/10/2025;28/10/2025;;7,0;;ANDERSON;;;Conciliado;;;;Movimentado;;;;R$ 21.276,20;R$21.276,20;R$ 37.811,92;;COELBA;OSMAR / GABRIEL;;15/12/2025;ACEITA;DEZEMBRO;;;NÃO;;;SENHOR DO BONFIM;11.0;;;;;;;;;;;;;;;;;;;
LPT MED;B-1236388;MD-CIND-FAZ-POCO DANTAS-MONTE SANTO;MONTE SANTO;17/10/2025;28/10/2025;;0,0;;ANDERSON;;;;;;;Movimentado;;;;R$ 285,68;R$285,68;R$ 0,00;;COELBA;MICHEL;;15/12/2025;ACEITA;DEZEMBRO;;;NÃO;;;SENHOR DO BONFIM;11.0;;;;;;;;;;;;;;;;;;;
LPT KIT ;B-1236287;KT-CIND-FAZ-POCO DANTAS-MONTE SANTO;MONTE SANTO;17/10/2025;28/10/2025;;0,0;;ANDERSON;;;;;;;Movimentado;;;;R$ 543,89;R$543,89;R$ 0,00;;COELBA;MICHEL;;15/12/2025;ACEITA;DEZEMBRO;;;NÃO;;;SENHOR DO BONFIM;11.0;;;;;;;;;;;;;;;;;;;
UTEP;B-1120652;IT-CIND-POV-CATUN-RURAL;JAGUARARI;20/01/2024;27/02/2025;;1,0;;AGEU;;;Conciliado;;Aprovado;;Movimentado;;R$ 3.779,26;;R$ 1.329,37;R$5.108,23;R$ 10.448,56;;COELBA;JOILSON;;11/12/2025;ACEITA;DEZEMBRO;;;NÃO;;;SENHOR DO BONFIM;404.0;;;;;;;;;;;;;;;;;;;
UTEP;B-1194953;ER-CIND-POV-GENIPAPO DE BAIXO-RURAL;MONTE SANTO;23/10/2025;04/11/2025;;1,0;;GUILHERME BONF;;;Conciliado;;;;Movimentado;;;;R$ 2.136,53;R$2.136,53;R$ 6.101,91;;COELBA;ANAILTON/GABRIEL;;11/12/2025;ACEITA;DEZEMBRO;;;NÃO;;;SENHOR DO BONFIM;12.0;;;;;;;;;;;;;;;;;;;
UTEP;B-1148023;ER-CIND-POV-PEDRA DO MATADOURO-RURAL;MONTE SANTO;15/10/2025;28/10/2025;;0,0;;GUILHERME BONF;;;Conciliado;;;;Movimentado;;;;R$ 946,98;R$946,98;R$ 13.891,17;;COELBA;OSMAR / GABRIEL;;12/12/2025;ACEITA;DEZEMBRO;;;NÃO;;;SENHOR DO BONFIM;13.0;;;;;OBRA SIMPL - APROVADO ;ENVIADO;;;;;;;;;;;;;
LPT ;B-1198151;ER-CIND-FAZ-BARREIRA-RURAL;QUEIMADAS;09/08/2025;10/10/2025;;11,0;;AGEU;;;Conciliado;;Aprovado;;Movimentado;;R$ 3.461,54;;R$ 22.780,36;R$26.241,90;R$ 76.005,27;;COELBA;EDVALDO/JOAO;;10/12/2025;ACEITA;DEZEMBRO;;;NÃO;;;SENHOR DO BONFIM;62.0;;;;pedidos enviados para Lu;;;;;;;;;;;;;;;
LPT MED;B-1221197;MD- CIND-FAZ-BARREIRA- RURAL;QUEIMADAS;09/08/2025;10/10/2025;;0,0;;AGEU;;;;;;;Movimentado;;;;R$ 571,36;R$571,36;R$ 0,00;;COELBA;MICHEL;;10/12/2025;ACEITA;DEZEMBRO;;;NÃO;;;SENHOR DO BONFIM;62.0;;;;;;;;;;;;;;;;;;;
LPT KIT ;B-1221193;KT- CIND-FAZ-BARREIRA- RURAL;QUEIMADAS;09/08/2025;10/10/2025;;0,0;;AGEU;;;;;;;Movimentado;;;;R$ 1.087,78;R$1.087,78;R$ 0,00;;COELBA;MICHEL;;10/12/2025;ACEITA;DEZEMBRO;;;NÃO;;;SENHOR DO BONFIM;62.0;;;;;;;;;;;;;;;;;;;
UTEP;B-1167538;ER-CIND-POV-HORIZONTE NOVO-RURAL;MONTE SANTO;14/10/2025;28/10/2025;;0,0;;GUILHERME BONF;;;Conciliado;;;;Movimentado;;;;R$ 712,58;R$712,58;R$ 16.380,36;;COELBA;OSMAR/GABRIEL;;16/12/2025;ACEITA;DEZEMBRO;;;NÃO;;;SENHOR DO BONFIM;14.0;;;;;OBRA SIMPL - APROVADO ;ENVIADO;;;;;;;;;;;;;
LPT / UTEP;B-1210373;ER-CIND-POV-SITIO DO FELIX-RURAL;ITIÚBA;11/11/2025;14/11/2025;;3,0;;ANDERSON;;;Conciliado;;;;Movimentado;;;;R$ 4.988,65;R$4.988,65;R$ 16.837,51;;COELBA;GESONI/GABRIEL;;11/12/2025;ACEITA;DEZEMBRO;;;NÃO;;;SENHOR DO BONFIM;3.0;;;;MUDAR PARA O PLANO 7 ;;;;;;;;;;;;;;;
LPT / UTEP;B-1173513;ER-CIND-POV-LAGE DO JOSE-LAGE DO JOSE;CANSANÇÃO;12/11/2025;17/11/2025;;4,0;;ANDERSON;;;Conciliado;;Aprovado;;Movimentado;;R$ 3.037,40;;R$ 12.185,68;R$15.223,08;R$ 39.039,00;;COELBA;MARCELO/GABRIEL;;10/12/2025;ACEITA;DEZEMBRO;;;NÃO;;;SENHOR DO BONFIM;5.0;;;;;OBRA SIMPL - APROVADO ;ENVIADO;;;;;;;;;;;;;
UTEP;B-1199274;ER-CIND-FAZ-FZ PEDRA-PEDRA;MONTE SANTO;31/10/2025;03/11/2025;;2,0;;GUILHERME BONF;;;Conciliado;;;;Movimentado;;;;R$ 6.028,92;R$6.028,92;R$ 13.325,25;;COELBA;OSMAR/GABRIEL;;15/12/2025;ACEITA;DEZEMBRO;;;NÃO;;;SENHOR DO BONFIM;3.0;;;;;;;;;;;;;;;;;;;
UTEP;B-1206994;PR-PREF-RUA-ELZIO FERREIRA-A STO ANTONIO;QUEIMADAS;17/06/2025;17/06/2025;;0,0;;ANDERSON;;;Conciliado;;;;Movimentado;;;;R$ 927,49;R$927,49;R$ 24.141,62;;COELBA;JEFFERSON/JOAO;;15/12/2025;ACEITA;DEZEMBRO;;;NÃO;;;SENHOR DO BONFIM;0.0;;;;S/ AS BUILT - PROVISORIO - MATERIAL DEVOLVIDO NO ALMOXARIFADO;;;;;;;;;;;;;;;
UTEP;B-1196489;ER-CIND-POV-LAGOA DA PEDRA -RURAL;MONTE SANTO;10/10/2025;13/10/2025;;2,0;;LUCAS GABRIEL;;;Conciliado;;;;Movimentado;;;;R$ 6.177,89;R$6.177,89;R$ 16.165,67;;COELBA;OSMAR/DICSON;;15/12/2025;ACEITA;DEZEMBRO;;;NÃO;;;SENHOR DO BONFIM;3.0;;;;;;;;;;;;;;;;;;;
UTEP;B-1176230;ER-CIND-RUA-CORONEL J CORDEIRO-RURAL;MONTE SANTO;16/10/2025;28/10/2025;;3,0;;ANDERSON;;;Conciliado;;Aprovado;;Movimentado;;R$ 2.576,14;;R$ 6.481,69;R$9.057,83;R$ 56.845,49;;COELBA;OSMAR/GABRIEL;;17/12/2025;ACEITA;JANEIRO;2026;;NÃO;;;SENHOR DO BONFIM;12.0;;;;Pedidos enviados para Lu;;;;;;;;;;;;;;;
UTEP;B-1092121;RR-CIND-POV-CACHIMBO-CACHIMBO;PINDOBAÇU;23/09/2025;10/10/2025;;14,0;;AGEU;;;Conciliado;;Aprovado;;Movimentado;;;;R$ 32.310,10;R$32.310,10;R$ 66.090,67;;COELBA;EDVALDO/JOAO;;16/12/2025;ACEITA;JANEIRO;2026;;NÃO;;;SENHOR DO BONFIM;17.0;;;;Pedidos enviados para Lu;;;;;;;;;;;;;;;
UTEP;B-1209528;PR-PREF-PR -ARTUR OLIVEIRA REGIS-CENTRO;CAMPO FORMOSO;25/06/2025;25/06/2025;;0,0;;ANDERSON;;;;;;;Movimentado;;;;R$ 981,69;R$981,69;R$ 21.940,25;;COELBA;JOILSON/JOAO;;17/12/2025;ACEITA;JANEIRO;2026;;NÃO;;;SENHOR DO BONFIM;0.0;;;;;;;;;;;;;;;;;;;
UTEP;B-1202316;ER-CIND-POV-LAGOA DO TANQUE-PIAUS;ITIÚBA;27/09/2025;03/11/2025;;1,0;;LUCAS GABRIEL;;;Conciliado;;Aprovado;;Movimentado;;R$ 3.644,03;;R$ 1.949,39;R$5.594,32;R$ 18.115,46;;COELBA;ISRAEL/JOAO;;17/12/2025;ACEITA;JANEIRO;2026;;NÃO;;;SENHOR DO BONFIM;37.0;;;;Pedidos enviados para Lu;;;;;;;;;;;;;;;
UTEP;B-1173892;ER-CIND-AV-SONHOS 172-RURAL;CAMPO FORMOSO;15/10/2025;20/10/2025;;2,0;;GUILHERME BONF;;;Conciliado;;Aprovado;;Movimentado;;R$ 3.960,68;;R$ 5.653,30;R$9.613,98;R$ 32.874,89;;COELBA;ISRAEL / JOÃO;;18/12/2025;ACEITA;JANEIRO;2026;;NÃO;;;SENHOR DO BONFIM;5.0;;;;Pedidos enviados para Lu;OBRA SIMPL - APROVADO ;ENVIADO;;;;;;;;;;;;;
UTEP;B-1213036;PR-PREF-AV-PQ DA CIDADE-MARISTA;SENHOR DO BONFIM;30/06/2025;30/06/2025;;0,0;;ANDERSON;;;;;;;Movimentado;;;;R$ 1.068,17;R$1.068,17;R$ 33.002,98;;COELBA;REGINALDO/ JOAO;;18/12/2025;ACEITA;JANEIRO;2026;;NÃO;;;SENHOR DO BONFIM;0.0;;;;Pedido enviado para Lu;;;;;;;;;;;;;;;
UTEP;B-1164103;ER-CIND-FAZ-DE CIMA-CENTRO;QUEIMADAS;21/10/2025;29/10/2025;;1,0;;GUILHERME BONF;;;Conciliado;;Aprovado;;Movimentado;;R$ 3.644,03;;R$ 3.514,29;R$7.158,32;R$ 13.841,26;;COELBA;GESONI / GABRIEL;;18/12/2025;ACEITA;JANEIRO;2026;;NÃO;;;SENHOR DO BONFIM;8.0;;;;Pedidos enviados para Lu;OBRA SIMPL - APROVADO ;ENVIADO;;;;;;;;;;;;;
UTEP;B-1214173;AC-CIND-FAZ-PE DA SERRA-PIAUS;ITIÚBA;13/11/2025;17/11/2025;;9,0;;ANDERSON;;;Conciliado;;Aprovado;;Movimentado;;R$ 1.835,55;;R$ 15.111,78;R$16.947,33;R$ 61.674,23;;COELBA;JEFFERSON/GABRIEL;;18/12/2025;ACEITA;JANEIRO;2026;;NÃO;;;SENHOR DO BONFIM;4.0;;;;Pedidos enviados para Lu;;;;;;;;;;;;;;;
LPT / UTEP;B-1199123;ER-CIND-POV-CACIMBINHA 100-CACIMBINHA;CANSANÇÃO;10/10/2025;13/10/2025;;1,0;;GUILHERME BONF;;;Conciliado;;;;Movimentado;;;;R$ 1.771,76;R$1.771,76;R$ 26.517,08;;COELBA;JEFFERSON/DICSON;;20/12/2025;ACEITA;JANEIRO;2026;;NÃO;;;SENHOR DO BONFIM;3.0;;;;Pedidos enviados para Lu;;;;;;;;;;;;;;;
UTEP;B-1205368;ER-CIND-POV-CARAIBA GRANDE-CARAIBA G;MONTE SANTO;27/09/2025;02/10/2025;;1,0;;LUCAS GABRIEL;;;Conciliado;;Aprovado;;Movimentado;;R$ 3.960,68;;R$ 2.217,67;R$6.178,35;R$ 19.578,86;;COELBA;JOSE/DICSON;;20/12/2025;ACEITA;JANEIRO;2026;;NÃO;;;SENHOR DO BONFIM;5.0;;;;Pedidos enviados para Lu;;;;;;;;;;;;;;;
UTEP;B-1216576;UB-CIND-RUA-DA CHACARA 46-ESPLANADA;CAMPO FORMOSO;04/12/2025;15/12/2025;;2,0;;LUCAS GABRIEL;;;Conciliado;;;;Movimentado;;;;R$ 3.239,85;R$3.239,85;R$ 14.214,02;;COELBA;JOÃO / EDVALDO;;19/12/2025;ACEITA;JANEIRO;2026;;NÃO;;;SENHOR DO BONFIM;11.0;;;;Pedidos enviados para Lu;;;;;;;;;;;;;;;
LPT ;B-1209446;ER-CIND-FAZ-BEBEDOURO-RURAL;QUEIMADAS;11/10/2025;13/10/2025;;3,0;;GUILHERME BONF;;;Conciliado;;;;Movimentado;;;;R$ 9.148,71;R$9.148,71;R$ 17.698,47;;COELBA;GESONI/DICSON;;20/12/2025;ACEITA;JANEIRO;2026;;NÃO;;;SENHOR DO BONFIM;2.0;;;;Pedidos enviados para Lu;;;;;;;;;;;;;;;
LPT MED;B-1229995;MD-CIND-FAZ-BEBEDOURO-RURAL;QUEIMADAS;11/10/2025;13/10/2025;;0,0;;GUILHERME BONF;;;Conciliado;;;;Movimentado;;;;R$ 78,26;R$201,98;R$ 0,00;;COELBA;MICHEL;;20/12/2025;ACEITA;JANEIRO;2026;;NÃO;;;SENHOR DO BONFIM;2.0;;;;Pedidos enviados para Lu;;;;;;;;;;;;;;;
LPT KIT ;B-1229795;KT-CIND-FAZ-BEBEDOURO-RURAL;QUEIMADAS;11/10/2025;13/10/2025;;0,0;;GUILHERME BONF;;;Conciliado;;;;Movimentado;;;;R$ 0,00;R$0,00;R$ 0,00;;COELBA;MICHEL;;20/12/2025;ACEITA;JANEIRO;2026;;NÃO;;;SENHOR DO BONFIM;2.0;;;;Pedidos enviados para Lu;;;;;;;;;;;;;;;
UTEP;B-1204798;UB-CIND-RUA-JOSE DE FRANCA-CANSANCAO;CANSANÇÃO;16/10/2025;21/10/2025;;3,0;;GUILHERME BONF;;;Conciliado;;;;Movimentado;;;;R$ 9.379,34;R$9.379,34;R$ 20.714,69;;COELBA;JEFFERSON/GABRIEL;;20/12/2025;ACEITA;JANEIRO;2026;;NÃO;;;SENHOR DO BONFIM;5.0;;;;Pedidos enviados para Lu;;;;;;;;;;;;;;;
UTEP;B-1162110;ER-CIND-POV-VARZEA CURRAL-RURAL;QUEIMADAS;21/11/2025;21/11/2025;;10,0;;LUCAS GABRIEL;;;Conciliado;;;;Movimentado;;;;R$ 30.361,84;R$30.361,84;R$ 76.924,23;;COELBA;GABRIEL / MARCELO;;20/12/2025;ACEITA;JANEIRO;2026;;NÃO;;;SENHOR DO BONFIM;0.0;;;;Pedidos enviados para Lu;;;;;;;;;;;;;;;
UTEP;B-1177813;AL-02-NOR-CONSTR;NORDESTINA;30/06/2025;07/07/2025;;25,0;;AGEU;;;Conciliado;;Aprovado;;Movimentado;;R$ 3.461,54;;R$ 80.736,81;R$84.198,35;R$ 417.638,43;;COELBA;ALDAIR/DICSON;;17/12/2025;ACEITA;JANEIRO;2026;;NÃO;;;SENHOR DO BONFIM;7.0;;;;Pedidos enviados para Lu;;;;;;;;;;;;;;;
UTEP / LPT ;B-1161547;ER-CCOL-POV-BOCA DO MATO-BOCA DO MATO;QUEIMADAS;21/08/2025;22/08/2025;;35,0;;ANDERSON;;;Conciliado;;;;Movimentado;;;;R$ 54.326,83;R$54.326,83;R$ 287.956,17;;COELBA;ISRAEL/DICSON;;23/12/2025;ACEITA;JANEIRO;2026;;NÃO;;;SENHOR DO BONFIM;1.0;;;;Pedidos enviados para Lu - código de imposto errado dos pedidos;;;;;;;;;;;;;;;
LPT MED ;B-1226361;MD-CCOL-POV-BOCA DO MATO-BOCA DO MATO;QUEIMADAS;21/08/2025;22/08/2025;;0,0;;ANDERSON;;;;;Aprovado;;Movimentado;;;;R$ 94,83;R$94,83;R$ 1.201,67;;COELBA;MICHEL;;23/12/2025;ACEITA;JANEIRO;2026;;NÃO;;;SENHOR DO BONFIM;1.0;;;;Pedidos enviados para Lu;;;;;;;;;;;;;;;
LPT KIT ;B-1226360;KT-CCOL-POV-BOCA DO MATO-BOCA DO MATO;QUEIMADAS;21/08/2025;22/08/2025;;0,0;;ANDERSON;;;;;Aprovado;;Movimentado;;;;R$ 0,00;R$0,00;R$ 4.310,91;;COELBA;MICHEL;;23/12/2025;ACEITA;JANEIRO;2026;;NÃO;;;SENHOR DO BONFIM;1.0;;;;Pedidos enviados para Lu;;;;;;;;;;;;;;;
LPT ;B-1197373;ER-CIND-FAZ-SAO PEDRO-RURAL;MONTE SANTO;08/10/2025;10/10/2025;;2,0;;LUCAS GABRIEL;;;Conciliado;;;;Movimentado;;;;R$ 3.686,55;R$3.487,81;R$ 10.376,75;;COELBA;JOSE/DICSON;;23/12/2025;ACEITA;JANEIRO;2026;;NÃO;;;SENHOR DO BONFIM;2.0;;;;Pedidos enviados para Lu;;;;;;;;;;;;;;;
LPT MED ;B-1230256;MD-CIND-FAZ-SAO PEDRO-RURAL;MONTE SANTO;08/10/2025;10/10/2025;;0,0;;LUCAS GABRIEL;;;;;;;Movimentado;;;;R$ 189,26;R$189,26;R$ 0,00;;COELBA;MICHEL;;23/12/2025;ACEITA;JANEIRO;2026;;NÃO;;;SENHOR DO BONFIM;2.0;;;;Pedidos enviados para Lu;;;;;;;;;;;;;;;
LPT KIT ;B-1229240;KT-CIND-FAZ-SAO PEDRO-RURAL;MONTE SANTO;08/10/2025;10/10/2025;;0,0;;LUCAS GABRIEL;;;;;;;Movimentado;;;;R$ 0,00;R$0,00;R$ 0,00;;COELBA;MICHEL;;23/12/2025;ACEITA;JANEIRO;2026;;NÃO;;;SENHOR DO BONFIM;2.0;;;;Pedidos enviados para Lu;;;;;;;;;;;;;;;
LPT ;B-1175533;ER-CIND-POV-LAGOA GRANDE-RURAL;MONTE SANTO;23/09/2025;01/10/2025;;9,0;;AGEU;;;Conciliado;;Aprovado;;Movimentado;;R$ 3.960,68;;R$ 32.846,38;R$36.807,06;R$ 91.398,66;;COELBA;OSMAR/DICSON;;23/12/2025;ACEITA;JANEIRO;2026;;NÃO;;;SENHOR DO BONFIM;8.0;;;;Pedidos enviados para Lu;;;;;;;;;;;;;;;
LPT MED ;B-1218529;MD-CIND-POV-LAGOA GRANDE-RURAL;MONTE SANTO;23/09/2025;01/10/2025;;0,0;;AGEU;;;;;;;Movimentado;;;;R$ 94,83;R$94,83;R$ 1.403,49;;COELBA;MICHEL;;23/12/2025;ACEITA;JANEIRO;2026;;NÃO;;;SENHOR DO BONFIM;8.0;;;;Pedidos enviados para Lu;;;;;;;;;;;;;;;
LPT KIT ;B-1218471;KT-CIND-POV-LAGOA GRANDE-RURAL;MONTE SANTO;23/09/2025;01/10/2025;;0,0;;AGEU;;;;;;;Movimentado;;;;R$ 0,00;R$0,00;R$ 4.482,53;;COELBA;MICHEL;;23/12/2025;ACEITA;JANEIRO;2026;;NÃO;;;SENHOR DO BONFIM;8.0;;;;Pedidos enviados para Lu;;;;;;;;;;;;;;;
LPT;B-1156254;MP CIND POV CALDEIRÃO DO SANGUE RURAL;NORDESTINA;29/07/2025;29/07/2025;;20,0;;AGEU;;;Conciliado;;Aprovado;;Movimentado;;R$ 2.259,49;;R$ 72.032,61;R$78.581,65;R$ 196.878,53;;COELBA;ALDAIR/DICSON;;23/12/2025;ACEITA;JANEIRO;2026;;NÃO;;;SENHOR DO BONFIM;0.0;;;;Pedido enviado para Lu;;;;;;;;;;;;;;;
LPT MED ;B-1156256;MED MP CIND POV CALDEIRÃO SANGUE RURAL;NORDESTINA;29/07/2025;29/07/2025;;0,0;;AGEU;;;;;;;Movimentado;;;;R$ 473,15;R$473,15;R$ 904,14;;COELBA;MICHEL;;23/12/2025;ACEITA;JANEIRO;2026;;NÃO;;;SENHOR DO BONFIM;0.0;;;;Pedido enviado para Lu;;;;;;;;;;;;;;;
LPT KIT ;B-1215680;KT-CIND POV CALDEIRÃO DO SANGUE RURAL;NORDESTINA;29/07/2025;29/07/2025;;0,0;;AGEU;;;;;;;Movimentado;;;;R$ 0,00;R$0,00;R$ 8.501,56;;COELBA;MICHEL;;23/12/2025;ACEITA;JANEIRO;2026;;NÃO;;;SENHOR DO BONFIM;0.0;;;;Pedido enviado para Lu;;;;;;;;;;;;;;;
UTEP;B-1150105;RR-CIND-ROD-BR 407-RURAL;PONTO NOVO;08/09/2025;19/09/2025;;1,0;;ANDERSON;;;Conciliado;;;;Movimentado;;R$ 5.534,85;;R$ 1.489,37;R$1.489,37;R$ 9.683,00;;COELBA;WAGNER/JOAO;;29/12/2025;ACEITA;JANEIRO;2026;;NÃO;;;SENHOR DO BONFIM;11.0;;;;Pedidos enviados para Lu;OBRA SIMPL - APROVADO ;ENVIADO;;;;;;;;;;;;;
UTEP;B-1195412;ER-CIND-POV-MONTE SANTO-SITIO DE NANINHA;MONTE SANTO;22/10/2025;28/10/2025;;4,0;;ANDERSON;;;Conciliado;;;;Movimentado;;;;R$ 5.217,28;R$5.217,28;R$ 31.758,63;;COELBA;OSMAR / GABRIEL;;05/01/2025;ACEITA;JANEIRO;2026;;NÃO;;;SENHOR DO BONFIM;6.0;;;;Pedidos enviados para Lu;;;;;;;;;;;;;;;
UTEP;B-1200560;UB-CIND-POV-MATA FUNDA-ARTUR GONCALVES;JAGUARARI;06/12/2025;11/12/2025;;3,0;;LUCAS GABRIEL;;;Conciliado;;;;Movimentado;;;;R$ 3.912,96;R$3.912,96;R$ 6.792,20;;COELBA;WAGNER / JOÃO;;06/01/2025;ACEITA;JANEIRO;2026;;NÃO;;;SENHOR DO BONFIM;5.0;;;;Pedidos enviados para Lu;;;;;;;;;;;;;;;
LPT / UTEP;B-1203983;ER-CIND-POV-DE QUIBA-RURAL;NORDESTINA;21/10/2025;04/11/2025;;6,0;;ANDERSON;;;Conciliado;;Aprovado;;Movimentado;;R$ 3.644,03;;R$ 15.479,45;R$19.123,48;R$ 48.956,43;;COELBA;ANAILTON/GABRIEL;;06/01/2025;ACEITA;JANEIRO;2026;;NÃO;;;SENHOR DO BONFIM;14.0;;;;Pedidos enviados para Lu;;;;;;;;;;;;;;;
UTEP;B-1165645;ER-CIND.POV.DE FUMAÇA-RURAL;PINDOBAÇU;16/10/2025;03/11/2025;;4,0;;ANDERSON;;;Conciliado;;;;Movimentado;;;;R$ 5.217,28;R$5.217,28;R$ 38.265,67;;COELBA;EDVALDO/JOÃO;;07/01/2026;ACEITA;JANEIRO;2026;;NÃO;;;SENHOR DO BONFIM;18.0;;;;Pedidos enviados para Lu;;;;;;;;;;;;;;;
LPT;B-1050851;ER-CIND-POV-GAMELEIRA 182-RURAL;JAGUARARI;25/11/2025;11/12/2025;;1,0;;LUCAS GABRIEL;;;Conciliado;;Aprovado;;Movimentado;;;;R$ 1.304,32;R$1.304,32;R$ 4.793,81;;COELBA;WAGNER / JOÃO;;06/01/2025;ACEITA;JANEIRO;2026;;NÃO;;;SENHOR DO BONFIM;16.0;;;;Pedidos enviados para Lu;;;;;;;;;;;;;;;
LPT / UTEP;B-1212309;ER-CIND-POV ITAPICURU-RURAL;MONTE SANTO;10/12/2025;11/12/2025;;1,0;;LUCAS GABRIEL;;;Conciliado;;Aprovado;;Movimentado;;;;R$ 1.304,32;R$1.304,32;R$ 6.290,54;;COELBA;GABRIEL \ OSMAR;;06/01/2026;ACEITA;JANEIRO;2026;;NÃO;;;SENHOR DO BONFIM;1.0;;;;Pedidos enviados para Lu;;;;;;;;;;;;;;;
LPT;B-1053427;MP-CCOL-FAZ OLHOS DAGUA-RURAL;ITIÚBA;14/02/2025;19/09/2025;;14,0;;ANDERSON;;;Conciliado;;Aprovado;;Movimentado;;R$ 11.345,53;;R$ 37.721,54;R$49.067,07;R$ 65.807,63;;COELBA;ALAN/ISRAEL;;11/12/2025;ACEITA;JANEIRO;2026;;NÃO;;;SENHOR DO BONFIM;217.0;;;;Pedido enviado para Lu;;;;;;;;;;;;;;;
LPT MED ;B-1209969;MD-CCOL-FAZ OLHOS DAGUA-RURAL;ITIÚBA;14/02/2025;19/09/2025;;0,0;;ANDERSON;;;Conciliado;;;;Movimentado;;;;R$ 267,68;R$267,68;R$ 0,00;;COELBA;MICHEL;;11/12/2025;ACEITA;JANEIRO;2026;;NÃO;;;SENHOR DO BONFIM;217.0;;;;Pedido enviado para Lu;;;;;;;;;;;;;;;
LPT KIT ;B-1209968;KT-CCOL-FAZ OLHOS DAGUA-RURAL;ITIÚBA;14/02/2025;19/09/2025;;0,0;;ANDERSON;;;Conciliado;;;;Movimentado;;;;R$ 0,00;R$0,00;R$ 0,00;;COELBA;MICHEL;;11/12/2025;ACEITA;JANEIRO;2026;;NÃO;;;SENHOR DO BONFIM;217.0;;;;Pedido enviado para Lu;;;;;;;;;;;;;;;
UTEP;B-1191735;ER-CIND-POV TANQUE DA TERRA-TANQUE DE TE;JAGUARARI;24/11/2025;16/12/2025;;4,0;;GUILHERME BONF;;;Conciliado;;;;Movimentado;;;;R$ 5.217,28;R$5.217,28;R$ 22.149,09;;COELBA;REGINALDO / JOÃO;;12/01/2026;ACEITA;JANEIRO;2026;;NÃO;;;SENHOR DO BONFIM;22.0;;;;;;;;;;;;;;;;;;;
UTEP;B-1190993;ER-CIND-POV-LAGEDOS-RURAL;ANDORINHAS ;09/12/2025;12/12/2025;;2,0;;GUILHERME BONF;;;Conciliado;;Aprovado;;Movimentado;;;;R$ 2.608,64;R$2.608,64;R$ 9.333,97;;COELBA;GABRIEL / ALDAIR;;09/01;ACEITA;JANEIRO;2026;;NÃO;;;SENHOR DO BONFIM;3.0;;;;Pedidos enviados para Lu;;;;;;;;;;;;;;;
UTEP;B-1169729;ER-CIND-FAZ-S O GONCALO-RURAL;ANDORINHAS ;09/12/2025;12/12/2025;;2,0;;GUILHERME BONF;;;Conciliado;;Aprovado;;Movimentado;;;;R$ 2.608,64;R$2.608,64;R$ 18.492,73;;COELBA;GABRIEL / ANAILTON;;10/01/2026;ACEITA;JANEIRO;2026;;NÃO;;;SENHOR DO BONFIM;3.0;;;;;OBRA SIMPL - APROVADO ;ENVIADO;;;;;;;;;;;;;
UTEP;B-1172194;ER-CIND-ROD-BA-374-RURAL-CAMPO FORMOSO;CAMPO FORMOSO;14/10/2025;20/10/2025;;0,0;;GUILHERME BONF;;;Conciliado;;Aprovado;;Movimentado;;;;R$ 0,00;R$0,00;R$ 13.701,02;;COELBA;ISRAEL/JOÃO;;12/01/2026;ACEITA;JANEIRO;2026;;NÃO;;;SENHOR DO BONFIM;6.0;;;;;OBRA SIMPL - APROVADO ;ENVIADO;;;;;;;;;;;;;
UTEP;B-1214003;ER-CIND-POV-PASSAGEM VELHA -RURAL;SENHOR DO BONFIM;13/11/2025;09/12/2025;;8,0;;GUILHERME BONF;;;Conciliado;;;;Movimentado;;;;R$ 10.434,56;R$10.434,56;R$ 39.572,37;;COELBA;REGINALDO/JOAO;;12/01/2026;ACEITA;JANEIRO;2026;;NÃO;;;SENHOR DO BONFIM;26.0;;;;;;;;;;;;;;;;;;;
LPT / UTEP;B-1211197;ER-CIND-POV-LAGE DE DENTRO-S ANTONIO;MONTE SANTO;05/12/2025;15/12/2025;;0,0;;LUCAS GABRIEL;;;Conciliado;;;;Movimentado;;;;R$ 0,00;R$0,00;R$ 2.064,80;;COELBA;GABRIEL \ OSMAR;;13/01/2026;ACEITA;JANEIRO;18/07/1905;;NÃO;;;SENHOR DO BONFIM;10.0;;;;;;;;;;;;;;;;;;;
;B-1210636;ER-CIND-ET-SOTEPLAN-RURAL;ANDORINHA;12/12/2025;;;1,0;;LUCAS GABRIEL;;;Conciliado;;;;Movimentado;;;;R$ 1.304,32;R$1.304,32;R$ 6.083,29;;COELBA;;;13/01/2026;ACEITA;JANEIRO;18/07/1905;;NÃO;;;SENHOR DO BONFIM;34.0;;;;;;;;;;;;;;;;;;;
UTEP;B-1161877;ER-SEIN-POV-BOQUEIRAO-BOQUEIRAO;QUEIMADAS;25/09/2025;10/10/2025;;23,0;;AGEU;;;Conciliado;;Aprovado;;Movimentado;;;;R$ 29.999,36;R$29.999,36;R$ 229.942,73;;COELBA;MARCELO/DICSON;;13/01/2026;ACEITA;JANEIRO;2026;;NÃO;;;SENHOR DO BONFIM;15.0;;;;;;;;;;;;;;;;;;;
UTEP;B-1207058;ER-CIND-FAZ-MATO LIMPO 120-A-RURAL;CAMPO FORMOSO;27/08/2025;26/09/2025;;10,0;;ANDERSON;;;Conciliado;;;;Movimentado;;;;R$ 13.043,20;R$13.043,20;R$ 52.931,28;;COELBA;JOILSON/JOAO;;14/01/2025;ACEITA;JANEIRO;2026;;NÃO;;;SENHOR DO BONFIM;30.0;;;;;;;;;;;;;;;;;;;
UTEP;B-1125500;RI-SEIN-POV-PEREIROS-PEREIROS;SENHOR DO BONFIM;29/08/2025;19/09/2025;;16,0;;ANDERSON;;;Conciliado;;;;Movimentado;;;;R$ 20.869,12;R$20.869,12;R$ 137.816,99;;COELBA;REGINALDO/JEFFERSON/JOAO;;14/01/2026;ACEITA;JANEIRO;2026;;NÃO;;;SENHOR DO BONFIM;21.0;;;;;;;;;;;;;;;;;;;
LPT;B-1134327;LD CIND FAZ SÃO JOÃO RURAL;CANSANÇÃO;29/10/2025;03/11/2025;;58,0;;AGEU;;;Conciliado;;Aprovado;;Almoxarifado;;;;R$ 75.650,56;R$75.650,56;R$ 756.608,39;Movimentaçao;SIPEL;JEFFERSON/GABRIEL;;15/01/2026;ACEITA;JANEIRO;18/07/1905;;NÃO;;;SENHOR DO BONFIM;5.0;;;;DRIVE;;;;;;;;;;;;;;;
LPT;B-1135754;MED  CIND FAZ SÃO JOÃO RURAL;CANSANÇÃO;29/10/2025;03/11/2025;;;;AGEU;;;Conciliado;;;;Almoxarifado;;;;R$ 0,00;R$0,00;R$ 756.608,39;Movimentaçao;SIPEL;JEFFERSON/GABRIEL;;15/01/2026;ACEITA;JANEIRO;18/07/1905;;NÃO;;;SENHOR DO BONFIM;5.0;;;;DRIVE;;;;;;;;;;;;;;;
LPT;B-1135757;KIT  CIND FAZ SÃO JOÃO RURAL;CANSANÇÃO;29/10/2025;03/11/2025;;;;AGEU;;;Conciliado;;;;Almoxarifado;;;;R$ 0,00;R$0,00;R$ 756.608,39;Movimentaçao;SIPEL;JEFFERSON/GABRIEL;;15/01/2026;ACEITA;JANEIRO;18/07/1905;;NÃO;;;SENHOR DO BONFIM;5.0;;;;DRIVE;;;;;;;;;;;;;;;
LPT;B-1134327;LD CIND FAZ SÃO JOÃO RURAL;CANSANÇÃO;29/10/2025;03/11/2025;;58,0;;AGEU;;;Conciliado;;Solicitado;;Almoxarifado;;;;R$ 75.650,56;R$75.650,56;R$ 756.608,39;Movimentaçao;COELBA;JEFFERSON/GABRIEL;;15/01/2026;ACEITA;JANEIRO;2026;;NÃO;;;SENHOR DO BONFIM;5.0;;;;DRIVE;;;;;;;;;;;;;;;
LPT;B-1135754;MED  CIND FAZ SÃO JOÃO RURAL;CANSANÇÃO;29/10/2025;03/11/2025;;;;AGEU;;;Conciliado;;;;Almoxarifado;;;;R$ 0,00;R$0,00;R$ 756.608,39;Movimentaçao;COELBA;JEFFERSON/GABRIEL;;15/01/2026;ACEITA;JANEIRO;2026;;NÃO;;;SENHOR DO BONFIM;5.0;;;;DRIVE;;;;;;;;;;;;;;;
LPT;B-1135757;KIT  CIND FAZ SÃO JOÃO RURAL;CANSANÇÃO;29/10/2025;03/11/2025;;;;AGEU;;;Conciliado;;;;Almoxarifado;;;;R$ 0,00;R$0,00;R$ 756.608,39;Movimentaçao;COELBA;JEFFERSON/GABRIEL;;15/01/2026;ACEITA;JANEIRO;2026;;NÃO;;;SENHOR DO BONFIM;5.0;;;;DRIVE;;;;;;;;;;;;;;;
UTEP;B-1190192;ER-CIND-RUA-APOLONIO-CJATOBA;PINDOBAÇU;05/11/2025;09/12/2025;;2,0;;LUCAS GABRIEL;;;Conciliado;;;;Movimentado;;;;R$ 2.608,64;R$2.608,64;R$ 9.324,71;;COELBA;JOILSON / JOÃO;;14/01/2026;ACEITA;JANEIRO;2026;;NÃO;;;SENHOR DO BONFIM;34.0;;;;;;;;;;;;;;;;;;;
UTEP;B-1214384;ME-COEL-CO-BOSQUE DAS MANGUEIRAS-CENTRO;CAMPO FORMOSO;15/08/2025;05/09/2025;;1,0;;AGEU;;;Conciliado;;Aprovado;;Movimentado;;;;R$ 1.304,32;R$1.304,32;R$ 29.696,14;;COELBA;REGINALDO/JOAO;;14/01/2026;ACEITA;JANEIRO;2026;;NÃO;;;SENHOR DO BONFIM;21.0;;;;;;;;;;;;;;;;;;;
UTEP;B-1203209;ER-CIND-POV-VARZEA DO PO O -RURAL;PONTO NOVO;25/07/2025;26/07/2025;;4,0;;AGEU;;;Conciliado;;Aprovado;;Movimentado;;R$ 4.781,14;;R$ 11.866,57;R$16.647,71;R$ 45.333,35;;SIPEL;GESONI/ISRAEL/JOAO;;15/08/2025;REJEITADA ;JANEIRO;2026.0;;NÃO;;;SENHOR DO BONFIM;1.0;;;;JOGAR MATERIAL PARA O PROJETO DE INTERVENÇÃO X-1219928;;;;;;;;;;;;;;;
UTEP;B-1170290;IE-RELIGADOR-JNC-09X1-J05447;CAMPO FORMOSO;31/05/2025;10/07/2025;;1,0;;AGEU;;;Conciliado;;;;Movimentado;;;;R$ 1.585,15;R$1.585,15;R$ 128.736,35;;SIPEL;WAGNER/JOAO;;01/11/2025;REJEITADA ;JANEIRO;2026.0;;NÃO;;;SENHOR DO BONFIM;40.0;;;;CORREÇAO EM CAMPO - COELBA;OBRA SIMPL - APROVADO ;ENVIADO;;;;;;;;;;;;;
UTEP;B-1177169;UB-CIND-LOT-EMANUELA-URBANA;SENHOR DO BONFIM;09/10/2025;11/10/2025;;2,0;;LUCAS GABRIEL;;;Conciliado;;;;Movimentado;;;;R$ 4.020,31;R$4.020,31;R$ 13.934,64;;SIPEL;JOILSON / JOÃO;;09/12/2025;REJEITADA ;JANEIRO;2026.0;;NÃO;;;SENHOR DO BONFIM;2.0;;;;CRIAR PRJ DE RAMAL;;;;;;;;;;;;;;;
UTEP;B-1177723;AL-02-NOR-CONSTR-EQ;NORDESTINA;10/08/2025;20/08/2025;;2,0;;AGEU;;;Conciliado;;Aprovado;;Movimentado;;R$ 11.143,75;;R$ 7.551,94;R$18.695,69;R$ 291.107,74;;SIPEL;ALDAIR/DICSON;;09/12/2025;REJEITADA ;JANEIRO;2026.0;;NÃO;;;SENHOR DO BONFIM;10.0;;;;IDUC NÃO PREENCHIDO.;OBRA SIMPL - APROVADO ;ENVIADO;;;;;;;;;;;;;
UTEP;B-1176389;AL-NOR-01N1-RECOND-EQUIPAMENTO;NORDESTINA;20/09/2025;28/09/2025;;2,0;;AGEU;;;Conciliado;;;;Movimentado;;R$ 9.372,96;;R$ 7.978,40;R$17.351,36;R$ 292.670,59;;COELBA;ALDAIR/DICSON;;15/01/2026;REPOSTADO;JANEIRO;2026.0;;NÃO;;;SENHOR DO BONFIM;8.0;;;;IDUC NÃO PREENCHIDO.;OBRA SIMPL - APROVADO ;ENVIADO;;;;;;;;;;;;;
UTEP;B-1200672;RR-CIND-POV-JUA-S O BENTO;MONTE SANTO;26/08/2025;19/09/2025;;0,0;;AGEU;;;Conciliado;;;;Movimentado;;;;R$ 7.793,11;R$7.793,11;R$ 119.404,34;;SIPEL;JOSE/DICSON;;09/12/2025;REJEITADA ;JANEIRO;2026.0;;NÃO;;;SENHOR DO BONFIM;24.0;;;;;;;;;;;;;;;;;;;
UTEP;B-1125553;RC-PREF-ROD-BA 220 -FAZ LAGOA DA VOLTA;MONTE SANTO;26/08/2025;01/09/2025;;6,0;;AGEU;;;Conciliado;;;;Movimentado;;R$ 12.989,00;;R$ 18.725,50;R$31.714,50;R$ 100.355,98;;SIPEL;OSMAR/JOSE/DICSON;;16/12/2025;REJEITADA ;JANEIRO;2026.0;;NÃO;;;SENHOR DO BONFIM;6.0;;;;;;;;;;;;;;;;;;;
UTEP;B-1149451;ER-CCOL-POV-SITIO DE NANINHA-S D NANINHA;MONTE SANTO;16/10/2025;28/10/2025;;1,0;;GUILHERME BONF;;;Conciliado;;;;Movimentado;;;;R$ 1.304,32;R$1.304,32;R$ 19.850,67;;COELBA;OSMAR/GABRIEL;;12/01/2026;VALIDADO;JANEIRO;2026.0;;NÃO;;;SENHOR DO BONFIM;12.0;;;;;OBRA SIMPL - APROVADO ;ENVIADO;;;;;;;;;;;;;
UTEP;B-1202886;ER-CIND-POV-LIMPOS-RURAL;PONTO NOVO;22/09/2025;24/09/2025;;1,0;;ANDERSON;;;Conciliado;;Aprovado;;Movimentado;;;;R$ 1.304,32;R$1.304,32;R$ 20.759,70;;COELBA;WAGNER/JOAO;;15/01/2026;VALIDADO;JANEIRO;2026.0;;NÃO;;;SENHOR DO BONFIM;2.0;;;;aguardando analise do qaa;;;;;;;;;;;;;;;
UTEP;B-1182542;ER-CIND-FAZ-JUNCO 100--A;SENHOR DO BONFIM;11/10/2025;14/10/2025;;3,0;;GUILHERME BONF;;;Conciliado;;;;Movimentado;;;;R$ 3.912,96;R$3.912,96;R$ 22.875,07;;COELBA;REGINALDO/JOAO;;;REPOSTADO;JANEIRO;2026.0;;NÃO;;;SENHOR DO BONFIM;3.0;;;;;;;;;;;;;;;;;;;
LPT ;B-1211141;ER-CIND-POV-CARAIBAS -RURAL;CAMPO FORMOSO;17/10/2025;20/10/2025;;4,0;;GUILHERME BONF;;;Conciliado;;;;Movimentado;;;;R$ 5.217,28;R$5.217,28;R$ 19.429,55;;SIPEL;ISRAEL / JOÃO;;12/01/2026;REJEITADA ;JANEIRO;2026.0;;NÃO;;;SENHOR DO BONFIM;3.0;;;;;;;;;;;;;;;;;;;
UTEP;B-0972150;RR-CIND-RUA-DA AREIA-CARNAIBA;PINDOBAÇU;02/10/2025;03/11/2025;;15,0;;ANDERSON;;;Conciliado;;Aprovado;;Movimentado;;;;R$ 19.564,80;R$19.564,80;R$ 59.465,82;;COELBA;EDVALDO/JOAO;;14/01/2026;REPOSTADO;JANEIRO;2026.0;;NÃO;;;SENHOR DO BONFIM;32.0;;;;;;;;;;;;;;;;;;;
UTEP;B-1205642;ER-CIND-POV-ALAGADICO DO MEL-RURAL;ITIÚBA;25/11/2025;25/11/2025;;7,0;;LUCAS GABRIEL;;;CONCILIADO;;;;Almoxarifado;;;;R$ 9.130,24;R$9.130,24;R$ 44.962,55;;COELBA;GESONI / JOÃO;;14/01/2026;POSTADO;JANEIRO;2026.0;;NÃO;;;SENHOR DO BONFIM;0.0;;;;;;;;;;;;;;;;;;;
;B-1218059;MED-CIND-POV-LAGEDO RASO-TIQUARA-RURAL;;31/10/2025;23/12/2025;;32,0;;ANDERSON;;;Conciliado;;;;Movimentado;;;;;;;;COELBA;;;14/01/2026;VALIDADO;JANEIRO;2026.0;;NÃO;;;SENHOR DO BONFIM;53.0;;;;;;;;;;;;;;;;;;;
LPT ;B-1200619;RR-CIND-POV-LAGEDO RASO-TIQUARA-RURAL;CAMPO FORMOSO;31/10/2025;23/12/2025;;32,0;;ANDERSON;;;Conciliado;;Aprovado;;Movimentado;;1.047,76 R$;;R$ 41.738,24;R$41.738,24;R$ 239.450,57;;COELBA;ISRAEL / JOÃO;;14/01/2026;VALIDADO;JANEIRO;2026.0;;NÃO;;;SENHOR DO BONFIM;53.0;;;;;;;;;;;;;;;;;;;
;B-1218000;KIT -POV-LAGEDO RASO-TIQUARA-RURAL;;31/10/2025;23/12/2025;;32,0;;ANDERSON;;;Conciliado;;;;Movimentado;;;;;;;;COELBA;;;14/01/2026;VALIDADO;JANEIRO;2026.0;;NÃO;;;SENHOR DO BONFIM;53.0;;;;;;;;;;;;;;;;;;;
UTEP;B-1149566;ER-CIND-POV-LAGE-RURAL;MONTE SANTO;19/11/2025;08/12/2025;;1,0;;LUCAS GABRIEL;;;CONCILIADO;;;;Almoxarifado;;;;R$ 1.304,32;R$1.304,32;R$ 21.269,92;;COELBA;GABRIEL \ OSMAR;;14/01/2026;POSTADO;JANEIRO;2026.0;;NÃO;;;SENHOR DO BONFIM;19.0;;;;;;;;;;;;;;;;;;;
UTEP;B-1126870;ER-CIND-RCL-POV-MORRO BRANCO -RURAL;ANDORINHAS;21/11/2024;05/05/2025;;1,0;;ADRIANO;;;Conciliado;;Aprovado;;Movimentado;;R$ 6.713,81;;R$ 2.801,07;R$9.514,88;R$ 42.358,65;;SIPEL;DICSON / REGINALDO;;04/07/2025;REJEITADA ;JANEIRO;2026.0;;NÃO;;;SENHOR DO BONFIM;165.0;;;;ESTORNAR SUCATA ;OBRA SIMPL - APROVADO ;ENVIADO;;;;;;;;;;;;;
LPT / UTEP;B-1211105;ER-CIND-FAZ-CAIX O-RURA;MONTE SANTO;08/12/2025;11/12/2025;;5,0;;GUILHERME BONF;;;Conciliado;;;;Movimentado;;;;R$ 6.521,60;R$6.521,60;R$ 28.969,19;;COELBA;GABRIEL \ OSMAR;;13/01/2026;VALIDADO;JANEIRO;2026.0;;NÃO;;;SENHOR DO BONFIM;3.0;;;;;;;;;;;;;;;;;;;
UTEP;B-1162951;ER-CIND-POV-ANGICO I 174-RURAL;NORDESTINA;10/12/2025;16/12/2025;;1,0;;LUCAS GABRIEL;;;Conciliado;;;;Movimentado;;;;R$ 1.304,32;R$1.304,32;R$ 5.435,95;;SIPEL;GABRIEL / MARCELO;;13/01/2026;REJEITADA ;JANEIRO;2026.0;;NÃO;;;SENHOR DO BONFIM;6.0;;;;;OBRA SIMPL - APROVADO ;ENVIADO;;;;;;;;;;;;;
UTEP;B-1179876;UB-CIND-RUA-NICANOR AMABAHY-CENTRO;NORDESTINA;21/11/2025;16/12/2025;;1,0;;LUCAS GABRIEL;;;Conciliado;;;;Movimentado;;;;R$ 1.304,32;R$1.304,32;R$ 7.858,69;;COELBA;GABRIEL / MARCELO;;13/01/2026;VALIDADO;JANEIRO;2026.0;;NÃO;;;SENHOR DO BONFIM;25.0;;;;;;;;;;;;;;;;;;;
UTEP;B-1180616;ER-CIND-FAZ- PILOES-RURAL;CAMPO FORMOSO;17/11/2025;12/12/2025;;1,0;;LUCAS GABRIEL;;;CONCILIADO;;;;;;;;R$ 1.304,32;R$1.304,32;R$ 4.772,12;Em fechamento;SIPEL;EDVALDO / JOÃO;;15/01/2026;POSTADO;JANEIRO;2026.0;;NÃO;;;SENHOR DO BONFIM;25.0;;;;aguardando Conciliação;;;;;;;;;;;;;;;
LPT;B-1209595;ER-CIND-RUA-DO CAMPO-CENTRO;CAMPO FORMOSO;18/11/2025;05/12/2025;;3,0;;GUILHERME BONF;;;CONCILIADO;;;;Vazio;;;;R$ 3.912,96;R$3.912,96;R$ 13.794,15;;SIPEL;ISRAEL / JOÃO;;15/01/2026;POSTADO;JANEIRO;2026.0;;NÃO;;;SENHOR DO BONFIM;17.0;;;;POSTADA;;;;;;;;;;;;;;;
UTEP;B-1217384;ER-CIND-FAZ-ANJO-RURAL;SENHOR DO BONFIM;22/11/2025;09/12/2025;;0,0;;LUCAS GABRIEL;;;CONCILIADO;;;;Almoxarifado;;;;R$ 0,00;R$0,00;R$ 22.518,58;Em fechamento;SIPEL;REGINALDO / JOÃO;;15/01/2026;POSTADO;JANEIRO;2026.0;;NÃO;;;SENHOR DO BONFIM;17.0;;;;Falta cadastrar gse / Movimentação;;;;;;;;;;;;;;;
