ID;PROJETO;TITULO;MUNICIPIO;ENERGIZAÇÃO;ENTRADA;DIAS P/ ENTREGA;POSTES;CLIENTES;TECNICO;FECHAMENTO;AS BUILT;GSE;DT. SOL;ATESTO;DT. SOL.1;RESERVAS;DT. SOL.2;VALOR MAO DE OBRA LV;VALOR Á FATURAR DISTRI. DE POSTES;VALOR Á FATURAR LM;VALOR PENDENTE FATURAR;VALOR PROJETO;TIPO PENDENCIA;PENDENCIA;SUPERVISOR;TURMA;DT POSTAGEM;GEOEX;CICLO DE POSTAGEM;ANO;DATA ANALISE;UNITIZADO;TEMPO PARA ACEITE;DA ENTREGA A POSTAGEM;COORD;DIAS;DT. SOLIC;DT. SOLIC.1;DT. SOLIC.2;OBS;EVIDENCIAS;REALIZADO;DT. REALIZADO;ESTAGIÁRIO;DIAS ENTR. FECHA.;DESCRIÇÃO PENDÊNCIA;"VL FATURADO ""MED. PARCIAL""";UTEP;ULTIMA POSTAGEM;OBRAS SIMPLIFICADAS;EVIDENCIAS BOOK;PENDENCIAS;Column 38;DIAS EM FECHAM.;DIAS P/ ENTR. AS BUILT
UTEP;B-1126041;IT CIND FAZ CURAÇA PEQUENO RURAL;JUAZEIRO;30/06/2025;30/06/2025;;121,0;;CLEITISVAL;;SIM;Conciliado;;Postado;;Movimentado;; R$  42.386,03 ; R$  22.361,16 ;R$ 360.645,78;;R$ 1.657.825,06;Sem pendencia;Coelba;SANTIAGO;FERNANDO / FABIO;11/08/2025;Aceita;Setembro;;20/08/2025;Nao;;;JUAZEIRO;199;;;;;;;;CLEITISVAL;0.0;; R$  -   ;JUAZEIRO;16/08/2025;NÃO;ETIQUETA NÃO SIMPLIFICADA;;;;
UTEP;B-1146721;ER-CIND-POV-J VERMELHA-JUREMA VERMELHA;JUAZEIRO;29/12/2024;10/01/2025;;1,0;;KEVIN;;SIM;Conciliado;Rejeitado;;;Movimentado;; R$  -   ; R$  184,80 ;R$ 2.029,00;;R$ 9.911,09;Sem pendencia;Coelba;EDIE JONNES;AUSSOEIRO;18/01/2024;Aceita;Março;;;Sim;;;JUAZEIRO;382;;;;;;;;CAIO;12.0;; R$  -   ;JUAZEIRO;26/02/2025;SIM;APROVADA;OK;;;
UTEP;B-1152663;ER-CIND-POV-LOGRADOURO-RURAL-CURACA;CURAÇÁ;30/12/2024;02/01/2025;;10,0;;KEVIN;;SIM;Conciliado;;;;Movimentado;; R$  -   ; R$  1.848,03 ;R$ 18.900,29;;R$ 74.396,92;Sem pendencia;Coelba;EDIE JONNES;MAURICIO;18/01/2024;Aceita;Março;;;Sim;;;JUAZEIRO;381;;;;;;;;X;3.0;; R$  -   ;JUAZEIRO;08/03/2025;NÃO;ETIQUETA NÃO SIMPLIFICADA;;;;
UTEP;B-1122891;ER-CIND-POV-PORTO DE PEDRA-RURAL;JUAZEIRO;20/12/2024;26/12/2024;;12,0;;KEVIN;;SIM;Conciliado;;Postado;;Movimentado;; R$  -   ; R$  2.217,64 ;R$ 22.676,92;;R$ 81.924,92;Sem pendencia;Coelba;SANTIAGO;PAULO;18/01/2024;Aceita;Março;;;Sim;;;JUAZEIRO;391;;;;;;;;X;6.0;; R$  -   ;JUAZEIRO;20/03/2025;NÃO;ETIQUETA NÃO SIMPLIFICADA;;;;
UTEP;B-1136639;IT-CIND-AUTO POSTO DE COMBUSTIVEL;SENTO SÉ;26/09/2024;04/10/2024;;7,0;;KEVIN;;SIM;Conciliado;;Postado;;Movimentado;45629; R$  -   ; R$  1.293,62 ;R$ 24.472,14;;R$ 52.541,69;Sem pendencia;Coelba;SANTIAGO;JUAREZ;12/12/2024;Aceita;Março;;;Sim;;;JUAZEIRO;476;;;;;;;;AGEU;8.0;; R$  -   ;JUAZEIRO;12/02/2025;NÃO;ETIQUETA NÃO SIMPLIFICADA;;;;
UTEP;B-0916759;RR-CIND-POV MARCOS 981-RURAL REMANSO-REM;REMANSO;05/11/2019;09/02/2022;;0,0;;VITOR;;SIM;Conciliado;;;;Movimentado;; R$  -   ; R$  -   ;R$ 809,14;;R$ 13.427,26;Sem pendencia;Coelba;AIC;AIC;12/12/2024;Aceita;Janeiro;;;Sim;;;JUAZEIRO;1864;;;;;;;;VITOR;827.0;; R$  -   ;REMANSO;12/12/2024;NÃO;NÃO POSTADO;OK;;;
UTEP;B-1124092;LD CIND POV CARAIBAS RURAL;CURAÇÁ;22/11/2024;25/11/2024;;1,0;;KEVIN;;SIM;Conciliado;;Postado;45628;Movimentado;45629; R$  -   ; R$  184,80 ;R$ 2.342,97;;R$ 24.849,33;Sem pendencia;Coelba;RODRIGUES;MAURICIO;12/12/2024;Aceita;Fevereiro;;;Sim;;;JUAZEIRO;20;;;;;;;;AGEU;3.0;; R$  -   ;JUAZEIRO;15/02/2025;SIM;EVIDENCIA INSU. - GPM;FOTOS EMBAÇADAS - SEM QUALIDADE;;;
UTEP;B-0979324;RR-CIND-FZ PALMEIRAS-RURAL;SENTO SÉ;28/11/2024;03/12/2024;;13,0;;AGEU;;SIM;Conciliado;;Postado;;Movimentado;; R$  -   ; R$  2.402,44 ;R$ 23.276,18;;R$ 69.345,17;Sem pendencia;Coelba;SANTIAGO;CARLOS DA CRUZ;13/12/2024;Aceita;Janeiro;;;Sim;;;JUAZEIRO;413;;;;;;;;x;5.0;; R$  -   ;JUAZEIRO;;NÃO;EVIDENCIA INSU. - GPM;OK;;;
UTEP;B-1163905;RC-CIND-RUA-S O JOSE-PINHOES;JUAZEIRO;26/11/2024;26/11/2024;;3,0;;KEVIN;;SIM;Conciliado;;Postado;;Movimentado;; R$  -   ; R$  554,41 ;R$ 6.693,66;;R$ 26.071,93;Sem pendencia;Coelba;RODRIGUES;MAURICIO;13/12/2024;Aceita;Fevereiro;;;Sim;;;JUAZEIRO;415;;;;;;;;AGEU;0.0;; R$  -   ;JUAZEIRO;;SIM;ETIQUETA NÃO SIMPLIFICADA;OK;;;
UTEP;B-1146411;RR-CIND-POV-PORTO JUACEMA-RURAL;SOBRADINHO ;24/10/2024;05/11/2024;;7,0;;KEVIN;;SIM;Conciliado;;Postado;45624;Movimentado;; R$  -   ; R$  1.293,62 ;R$ 17.600,66;;R$ 87.047,11;Sem pendencia;Coelba;SANTIAGO;DOMINGOS;13/12/2024;Aceita;Fevereiro;;;Sim;;;JUAZEIRO;448;;;;;;;;AGEU;12.0;; R$  -   ;JUAZEIRO;09/01/2025;NÃO;ETIQUETA NÃO SIMPLIFICADA;;;;
UTEP;B-1102316;LD CIND POÇO DOS CAVALOS RURAL;UAUÁ;10/12/2024;11/12/2024;;22,0;;EMERSON;;SIM;Conciliado;;;;Movimentado;; R$  -   ; R$  4.065,67 ;R$ 67.984,85;;R$ 298.403,91;Sem pendencia;Coelba;EMERSON;EMERSON;17/12/2024;Aceita;Janeiro;;;Sim;;;JUAZEIRO;401;;;;;;;;EMERSON;1.0;; R$  -   ;JUAZEIRO;20/12/2024;NÃO;EVIDENCIA INSU. - GPM;OK;;;
UTEP;B-1015013;IT-CIND-FAZ-MANICOBA-SISTEMA MANICOBA;JUAZEIRO;12/11/2021;16/12/2021;;1,0;;VITOR;;SIM;Conciliado;;Postado;;Movimentado;; R$  25,00 ; R$  184,80 ;R$ 1.043,96;;R$ 4.673,83;Sem pendencia;Coelba;AIC;AIC;20/12/2024;Aceita;Janeiro;;;Sim;;;JUAZEIRO;1525;;;;;;;;VITOR;34.0;; R$  -   ;JUAZEIRO;20/12/2024;NÃO;NÃO POSTADO;OK;;;
UTEP;B-1162940;UB CIND RUA ANTONIO BALBINO QUIDE;JUAZEIRO;11/12/2024;12/12/2024;;4,0;;MATEUS;;SIM;Conciliado;;;;Movimentado;45645; R$  -   ; R$  739,21 ;R$ 6.393,98;;R$ 24.245,20;Sem pendencia;Coelba;EDIE JONNES;AUSSOEIRO;20/12/2024;Aceita;Janeiro;;;Sim;;;JUAZEIRO;400;;;;;;;;X;1.0;; R$  -   ;JUAZEIRO;20/12/2024;SIM;EVIDENCIA INSU. - GPM;OK;;;
UTEP;B-1051145;ER-CIND-POV-TAPERA-GENIPAPO DE BAIXO;MONTE SANTO;30/11/2022;17/12/2022;;4,0;;VITOR;;SIM;Conciliado;;;;Movimentado;; R$  -   ; R$  739,21 ;R$ 4.253,14;;R$ 12.964,92;Sem pendencia;Coelba;AIC;AIC;20/12/2024;Aceita;Janeiro;;;Sim;;;JUAZEIRO;1142;;;;;;;;VITOR;17.0;; R$  -   ;SENHOR DO BONFIM;20/12/2024;NÃO;NÃO POSTADO;OK;;;
UTEP;B-1100950;FVU-RELIGADOR-CSN-01C1-J05813;REMANSO;11/05/2023;14/06/2023;;0,0;;VITOR;;SIM;Conciliado;;Postado;;Movimentado;; R$  -   ; R$  -   ;R$ 389,13;;R$ 71.646,43;Sem pendencia;Coelba;AIC;AIC;20/12/2024;Aceita;Fevereiro;;;Sim;;;JUAZEIRO;980;;;;;;;;VITOR;34.0;; R$  -   ;REMANSO;;NÃO;S/EVIDENCIA- GPM;OK;;;
UTEP;B-1058497;IT-CIND-POV-PAU A PIQUE-PAU A PIQUE;REMANSO;08/11/2022;20/12/2022;;1,0;;VITOR;;SIM;Conciliado;;Postado;;Movimentado;; R$  -   ; R$  184,80 ;R$ 865,68;;R$ 7.094,53;Sem pendencia;Coelba;AIC;AIC;20/12/2024;Aceita;Fevereiro;;;Sim;;;JUAZEIRO;1164;;;;;;;;VITOR;42.0;; R$  -   ;REMANSO;07/02/2025;NÃO;ETIQUETA NÃO SIMPLIFICADA;;;;
UTEP;B-1108263;UB-CIND-ET-SERRA DA BATATEIRA-JOAO PAULO;JUAZEIRO;26/12/2024;02/01/2025;;1,0;;KEVIN;;SIM;Conciliado;;Postado;;Movimentado;; R$  -   ; R$  184,80 ;R$ 2.444,96;;R$ 22.192,62;Sem pendencia;Coelba;EDIE JONNES;GISMARIO;14/01/2025;Aceita;Janeiro;;;Sim;;;JUAZEIRO;385;;;;;;;;X;7.0;; R$  -   ;JUAZEIRO;14/01/2025;SIM;APROVADA;OK;;;
UTEP;B-1135613;ER CIND POV LAGOA DA PEDRA RURAL;JUAZEIRO;13/12/2024;19/12/2024;;0,0;;AGEU;;SIM;Conciliado;;;;Movimentado;; R$  -   ; R$  -   ;R$ 970,00;;R$ 6.845,84;Sem pendencia;Coelba;EDIE JONNES;GERALDO;16/01/2025;Aceita;Janeiro;;;Sim;;;JUAZEIRO;398;;;;;;;;X;6.0;; R$  -   ;JUAZEIRO;;SIM;APROVADA;OK;;;
UTEP;B-1165236;ER-CIND-SI-CRUZEIRO 16-RURAL;CASA NOVA;18/12/2024;26/12/2024;;0,0;;AGEU;;SIM;Conciliado;;;;Movimentado;; R$  -   ; R$  -   ;R$ 1.791,00;;R$ 6.702,74;Sem pendencia;Coelba;PAULO JUNIOR;AILTON;16/01/2025;Aceita;Janeiro;;;Sim;;;JUAZEIRO;393;;;;;;;;X;8.0;; R$  -   ;REMANSO;;SIM;APROVADA;OK;;;
UTEP;B-1152474;ER-CIND-POV-SALININHAS-RURAL;CASA NOVA;28/12/2024;28/12/2024;;13,0;;AGEU;;SIM;Conciliado;;Postado;;Movimentado;; R$  -   ; R$  2.402,44 ;R$ 23.989,00;;R$ 91.456,21;Sem pendencia;Coelba;RODRIGUES;DANIEL;16/01/2025;Aceita;Fevereiro;;;Sim;;;JUAZEIRO;383;;;;;;;;X;0.0;; R$  -   ;REMANSO;;NÃO;NÃO POSTADO;OK;;;
UTEP;B-1165870;ER-CIND RUA NOSSA SENHORA-RURAL;JUAZEIRO;27/12/2024;02/01/2025;;0,0;;AGEU;;SIM;Conciliado;;;;Movimentado;; R$  -   ; R$  -   ;R$ 1.072,00;;R$ 21.496,73;Sem pendencia;Coelba;EDIE JONNES;EDIE JONNES;16/01/2025;Aceita;Fevereiro;;;Sim;;;JUAZEIRO;384;;;;;;;;X;6.0;; R$  -   ;JUAZEIRO;14/02/2025;SIM;POSTADA;PLACA INDICATIVA DO TRAFO;;;
LPT;B-1174647;UB-CIND-RUA-DO BISPO-CARNAIBA DO SERTAO;JUAZEIRO;18/11/2024;25/11/2024;;1,0;;KEVIN;;SIM;Conciliado;;;;Movimentado;45629; R$  -   ; R$  184,80 ;R$ 2.068,00;;R$ 2.999,19;Sem pendencia;Coelba;RODRIGUES;PAULO;17/01/2025;Aceita;Março;;;Sim;;;JUAZEIRO;423;;;;;;;;AGEU;7.0;; R$  -   ;JUAZEIRO;21/02/2025;SIM;ETIQUETA NÃO SIMPLIFICADA;SIM;;;
UTEP;B-1109080;ER-CIND-SI-VENEZA-RURAL-REMANSO;REMANSO;17/12/2024;19/12/2024;;2,0;;AGEU;;SIM;Conciliado;;;;Movimentado;; R$  -   ; R$  369,61 ;R$ 6.842,00;;R$ 59.982,88;Sem pendencia;Coelba;ANDERSON;MANUTENÇÃO;17/01/2025;Aceita;Março;;;Sim;;;JUAZEIRO;394;;;;;;;;X;2.0;; R$  -   ;REMANSO;27/02/2025;SIM;ETIQUETA NÃO SIMPLIFICADA;OK;;;
UTEP;B-1161551;ER-CIND-POV-PONTAL 7-ITAMOTINGA;JUAZEIRO;18/12/2024;26/12/2024;;2,0;;AGEU;;SIM;Conciliado;;;;Movimentado;; R$  -   ; R$  369,61 ;R$ 3.344,00;;R$ 10.662,17;Sem pendencia;Coelba;EDIE JONNES;GERALDO;17/01/2025;Aceita;Janeiro;;;Sim;;;JUAZEIRO;393;;;;;;;;X;8.0;; R$  -   ;JUAZEIRO;;SIM;APROVADA;OK;;;
UTEP;B-1162931;AC-CIND-POV-CANAL DA BATATEIRA-RURAL;SOBRADINHO;13/12/2024;19/12/2024;;0,0;;AGEU;;SIM;Conciliado;;;;Movimentado;; R$  -   ; R$  -   ;R$ 702,00;;R$ 19.758,11;Sem pendencia;Coelba;SANTIAGO;JUAREZ;17/01/2025;Aceita;Janeiro;;;Sim;;;JUAZEIRO;398;;;;;;;;X;6.0;; R$  -   ;JUAZEIRO;;SIM;APROVADA;OK;;;
UTEP;B-1161495;ER-CIND-RUA-3 NUCLEO 2-CURACA II;JUAZEIRO;22/12/2024;26/12/2024;;1,0;;AGEU;;SIM;Conciliado;;;;Movimentado;; R$  -   ; R$  184,80 ;R$ 1.796,00;;R$ 7.611,16;Sem pendencia;Coelba;EDIE JONNES;AUSOEIRO;17/01/2025;Aceita;Janeiro;;;Sim;;;JUAZEIRO;389;;;;;;;;X;4.0;; R$  -   ;JUAZEIRO;;SIM;APROVADA;OK;;;
UTEP;B-1164988;ER-CIND-POV-MASSAROCA-MASSAROCA;JUAZEIRO;04/12/2024;19/12/2024;;0,0;;AGEU;;SIM;Conciliado;;;;Movimentado;; R$  -   ; R$  -   ;R$ 785,00;;R$ 2.164,96;Sem pendencia;Coelba;EDIE JONNES;GERALDO;17/01/2025;Aceita;Janeiro;;;Sim;;;JUAZEIRO;407;;;;;;;;X;15.0;; R$  -   ;JUAZEIRO;;SIM;APROVADA;OK;;;
UTEP;B-1164819;UB-CIND-RUA-SAO LUIZ-ANTONIO CONSELHEIRO;JUAZEIRO;17/12/2024;19/12/2024;;2,0;;KEVIN;;SIM;Conciliado;;;;Movimentado;; R$  -   ; R$  369,61 ;R$ 1.748,91;;R$ 6.585,74;Sem pendencia;Coelba;EDIE JONNES;AUSSOEIRO;17/01/2025;Aceita;Janeiro;;;Sim;;;JUAZEIRO;394;;;;;;;;X;2.0;; R$  -   ;JUAZEIRO;21/01/2025;SIM;APROVADA;OK;;;
UTEP;B-1137737;ER-CIND-POV-HORTO DO SALITRE-RR DE CIMA;JUAZEIRO;26/12/2024;26/12/2024;;5,0;;KEVIN;;SIM;Conciliado;;;;Movimentado;; R$  -   ; R$  924,02 ;R$ 8.990,00;;R$ 17.377,99;Sem pendencia;Coelba;SANTIAGO;FABIO;17/01/2025;Aceita;Fevereiro;;;Sim;;;JUAZEIRO;385;;;;;;;;X;0.0;; R$  -   ;JUAZEIRO;;SIM;APROVADA;OK;;;
UTEP;B-1145067;ER-CIND-ET-TRATAMENTO AGUA-RURAL;SENTO SÉ;20/12/2024;26/12/2024;;2,0;;AGEU;;SIM;Conciliado;;;;Movimentado;; R$  -   ; R$  369,61 ;R$ 4.036,00;;R$ 24.552,02;Sem pendencia;Coelba;SANTIAGO;CARLOS DA CRUZ;17/01/2025;Aceita;Fevereiro;;;Sim;;;JUAZEIRO;391;;;;;;;;X;6.0;; R$  -   ;JUAZEIRO;08/02/2025;SIM;APROVADA;OK;;;
UTEP;B-1170876;UB-CIND-RUA-07 QDA S 09 7-VILA S JOAQUIM;SOBRADINHO;27/12/2024;02/12/2025;;2,0;;AGEU;;SIM;Conciliado;;Postado;;Movimentado;; R$  -   ; R$  369,61 ;R$ 5.159,00;;R$ 14.161,76;Sem pendencia;Coelba;SANTIAGO;JUAREZ;17/01/2025;Aceita;Fevereiro;;;Sim;;;JUAZEIRO;384;;;;;;;;X;340.0;; R$  -   ;JUAZEIRO;08/02/2025;SIM;APROVADA;;;;
UTEP;B-1157782;AC-CIND-POV-SANTA HELENA-SANTA HELENA;JUAZEIRO;13/12/2024;19/12/2024;;1,0;;AGEU;;SIM;Conciliado;;Postado;;Movimentado;; R$  -   ; R$  184,80 ;R$ 4.734,00;;R$ 28.178,29;Sem pendencia;Coelba;SANTIAGO;PAULO;17/01/2025;Aceita;Fevereiro;;;Sim;;;JUAZEIRO;398;;;;;;;;X;6.0;; R$  -   ;JUAZEIRO;14/02/2025;SIM;APROVADA;OK;;;
UTEP;B-0980833;MP-CIND-FAZ FERNANDES-FOICE;CURAÇÁ;21/12/2024;21/12/2024;;124,0;;JORGE;;SIM;Conciliado;Solicitado;Postado;;Movimentado;; R$  -   ; R$  22.915,57 ;R$ 286.038,91;;R$ 2.041.053,73;Sem pendencia;Coelba;JORGE;JORGE;17/01/2025;Aceita;Fevereiro;;;Sim;;;JUAZEIRO;390;;;;;;;;JORGE ;0.0;; R$  -   ;JUAZEIRO;17/02/2025;NÃO;ETIQUETA NÃO SIMPLIFICADA;;;;
UTEP;B-1130728;ER-CIND-FAZ-NOVA TABUA-NEGROS;REMANSO;12/12/2024;26/12/2024;;5,0;;AGEU;;SIM;Conciliado;;;;Movimentado;; R$  -   ; R$  924,02 ;R$ 8.680,00;;R$ 33.109,52;Sem pendencia;Coelba;ANDERSON;MANUTENÇÃO;17/01/2025;Aceita;Fevereiro;;;Sim;;;JUAZEIRO;399;;;;;;;;X;14.0;; R$  -   ;REMANSO;17/02/2025;SIM;POSTADA;ALTURA E ESFORÇO DO POSTE;;;
UTEP;B-1150034;ER-CIND-POV-CHAPADINHA-RURAL;SOBRADINHO;31/12/2024;10/01/2025;;2,0;;KEVIN;;SIM;Conciliado;;;;Movimentado;; R$  -   ; R$  369,61 ;R$ 3.882,00;;R$ 21.600,79;Sem pendencia;Coelba;SANTIAGO;DOMINGOS;18/01/2025;Aceita;Março;;26/02/2025;Sim;;;JUAZEIRO;380;;;;;;;;MICHEL;10.0;; R$  -   ;JUAZEIRO;26/02/2025;SIM;APROVADA;;;;
LPT;B-1143715;ER-CIND-POV-SALGADINHA-RURAL;CASA NOVA;30/11/2024;19/12/2024;;19,0;;KEVIN;;SIM;Conciliado;;Postado;;Movimentado;; R$  -   ; R$  3.511,26 ;R$ 33.952,14;;R$ 116.863,43;Sem pendencia;Coelba;PAULO JUNIOR;DANIEL / FERNANDO;18/01/2025;Aceita;Março;;;Sim;;;JUAZEIRO;411;;;;;;;;X;19.0;; R$  -   ;REMANSO;19/02/2025;NÃO;ETIQUETA NÃO SIMPLIFICADA;;;;
LPT;B-1129378;MP CIND POV-MULUNGU RURAL;CASA NOVA;31/12/2024;31/12/2024;;12,0;;JORGE;;SIM;Conciliado;;Postado;;Movimentado;; R$  -   ; R$  2.217,64 ;R$ 37.377,34;;R$ 94.473,66;Sem pendencia;Coelba;JORGE;JORGE;18/01/2025;Aceita;Março;;;Sim;;;JUAZEIRO;380;;;;;;;;JORGE;0.0;; R$  -   ;REMANSO;18/02/2025;NÃO;ETIQUETA NÃO SIMPLIFICADA;;;;
UTEP;B-1157003;MP-CIND-POV TANQUE NOVO-RURAL;CASA NOVA;19/12/2024;19/12/2024;;36,0;;AGEU;;SIM;Conciliado;;;;Movimentado;; R$  -   ; R$  6.652,91 ;R$ 62.083,00;;R$ 262.583,41;Sem pendencia;Coelba;PAULO JUNIOR;DANIEL;18/01/2025;Aceita;Março;;;Sim;;;JUAZEIRO;392;;;;;;;;X;0.0;; R$  -   ;REMANSO;26/02/2025;NÃO;ETIQUETA NÃO SIMPLIFICADA;;;;
UTEP;B-1151722;UB-RUA JO O JOAQUIM CARDOSO;UAUÁ;17/12/2024;10/01/2025;;2,0;;AGEU;;SIM;Conciliado;;Postado;;Movimentado;; R$  4.711,03 ; R$  369,61 ;R$ 6.570,00;;R$ 47.989,90;Sem pendencia;Coelba;PAULO JUNIOR;AILTON;18/01/2025;Aceita;Março;;;Sim;;;JUAZEIRO;394;;;;;;;;CAIO;24.0;; R$  -   ;JUAZEIRO;08/02/2025;SIM;APROVADA;Poste – Nº Barramento/PG, Esforço/Altura, Engastamento e Recuperação de calçada.;;;
LPT;B-1141912;ER-CIND-POV-CURACA-RR JUAZEIRO;JUAZEIRO;28/11/2024;29/11/2024;;4,0;;MATEUS;;SIM;Conciliado;;;;Movimentado;45636; R$  3.409,25 ; R$  739,21 ;R$ 10.732,33;;R$ 34.723,54;Sem pendencia;Coelba;RODRIGUES;IVONALDO;18/01/2025;Aceita;Maio;;;Sim;;;JUAZEIRO;413;;;;;;;;KEVIN;1.0;; R$  -   ;JUAZEIRO;09/05/2025;SIM;EVIDENCIA INSU. - GPM;TRAFO N: CIA E PLACA, OS ESFOÇOS DOS POSTES BT;;;
UTEP;B-1133030;UB-CIND-AV-VITORIA 12-CENTRO-ITAMOTINGA;JUAZEIRO;29/12/2024;02/01/2025;;15,0;;MATEUS;;SIM;Conciliado;;Postado;;Movimentado;; R$  1.709,32 ; R$  2.772,05 ;R$ 31.115,92;;R$ 119.808,38;Sem pendencia;Coelba;EDIE JONNES;GERALDO;18/01/2025;Aceita;Maio;;;Sim;;;JUAZEIRO;382;;;;;;;;KEVIN;4.0;; R$  -   ;JUAZEIRO;13/05/2025;NÃO;ETIQUETA NÃO SIMPLIFICADA;;;;
LPT;B-1087891;RR-CIND-POV-CAMPOS-CAMPOS;JUAZEIRO;16/12/2024;19/12/2024;;10,0;;MATEUS;;SIM;Conciliado;;Postado;;Movimentado;; R$  1.106,18 ; R$  1.848,03 ;R$ 18.810,77;;R$ 74.801,72;Sem pendencia;Coelba;EDIE JONNES;GERALDO;18/01/2025;Aceita;Maio;;;Sim;;;JUAZEIRO;395;;;;;;;;KEVIN;3.0;"PENDENTE CONCILIAR PROJETO APÓS CORREÇÃO; MOV RESERVAS PARA REGULARIZAR OBRA"; R$  -   ;JUAZEIRO;15/05/2025;NÃO;ETIQUETA NÃO SIMPLIFICADA;;;;
UTEP;B-1157114;UB-CIND-RUA-JOAO DOMINGOS-URBANO;JUAZEIRO;07/12/2024;09/12/2024;;2,0;;AGEU;;SIM;Conciliado;;;;Movimentado;; R$  -   ; R$  369,61 ;R$ 3.296,00;;R$ 7.907,07;Sem pendencia;Coelba;EDIE JONNES;AUSSOEIRO;18/01/2025;Aceita;Janeiro;;;Sim;;;JUAZEIRO;404;;;;;;;;X;2.0;; R$  -   ;JUAZEIRO;;SIM;APROVADA;OK;;;
UTEP;B-1153225;RR-CIND-SI-SALAOZINHO-SALAOZINHO;CASA NOVA;14/12/2024;19/12/2024;;7,0;;AGEU;;SIM;Conciliado;;;;Movimentado;; R$  -   ; R$  1.293,62 ;R$ 12.157,00;;R$ 38.814,37;Sem pendencia;Coelba;PAULO JUNIOR;AILTON;18/01/2025;Aceita;Janeiro;;;Sim;;;JUAZEIRO;397;;;;;;;;X;5.0;; R$  -   ;REMANSO;;NÃO;S/EVIDENCIA- GPM;OK;;;
UTEP;B-0960398;AC-REG-FV-CCOL-POV CURRAL DE RAMOS-RURA;REMANSO;31/12/2024;31/12/2024;;1,0;;JORGE;;SIM;Conciliado;;;;Movimentado;; R$  -   ; R$  184,80 ;R$ 1.239,27;;R$ 13.769,72;Sem pendencia;Coelba;JORGE;JORGE;18/01/2025;Aceita;Janeiro;;;Sim;;;JUAZEIRO;380;;;;;;;;JORGE;0.0;; R$  -   ;REMANSO;;SIM;S/EVIDENCIA- GPM;OK;;;
UTEP;B-1053086;ER-CIND-POV-JATOBA-JATOBA;JUAZEIRO;31/12/2024;10/01/2025;;1,0;;KEVIN;;SIM;Conciliado;;;;Movimentado;; R$  -   ; R$  184,80 ;R$ 2.521,30;;R$ 14.465,68;Sem pendencia;Coelba;SANTIAGO;PAULO;18/01/2025;Aceita;Janeiro;;;Sim;;;JUAZEIRO;380;;;;;;;;VITOR;10.0;; R$  -   ;JUAZEIRO;;SIM;APROVADA;OK;;;
UTEP;B-1156643;UB-CIND-RUA-QD C-VILA AZUL;CASA NOVA;07/12/2024;19/12/2024;;0,0;;KEVIN;;SIM;Conciliado;;;;Movimentado;; R$  -   ; R$  -   ;R$ 499,34;;R$ 1.891,26;Sem pendencia;Coelba;PAULO JUNIOR;AINTON DE JESUS;18/01/2025;Aceita;Janeiro;;;Sim;;;JUAZEIRO;404;;;;;;;;X;12.0;; R$  -   ;REMANSO;;SIM;S/EVIDENCIA- GPM;OK;;;
UTEP;B-1164992;UB-CIND-RUA-10-VILA S O JOAQUIM;SOBRADINHO;27/12/2024;02/12/2024;;2,0;;KEVIN;;SIM;Conciliado;;;;Movimentado;; R$  -   ; R$  369,61 ;R$ 3.074,00;;R$ 7.528,93;Sem pendencia;Coelba;SANTIAGO;JUAREZ;18/01/2025;Aceita;Janeiro;;;Sim;;;JUAZEIRO;384;;;;;;;;X;-25.0;; R$  -   ;JUAZEIRO;22/01/2025;SIM;APROVADA;OK;;;
UTEP;B-0954529;AC-CIND-POV-SANTA HELENA-SANTA HELENA;CASA NOVA;14/12/2024;19/12/2024;;1,0;;KEVIN;;SIM;Conciliado;;;;Movimentado;; R$  -   ; R$  184,80 ;R$ 1.993,00;;R$ 14.117,65;Sem pendencia;Coelba;PAULO JUNIOR;AILTON;18/01/2025;Aceita;Janeiro;;;Sim;;;JUAZEIRO;397;;;;;;;;X;5.0;; R$  -   ;REMANSO;;SIM;S/EVIDENCIA- GPM;OK;;;
UTEP;B-1164080;ER-CIND-RUA-DA MANGUEIRA-CENTRO-T CIMA;SENTO SÉ;20/12/2024;02/01/2025;;0,0;;KEVIN;;SIM;Conciliado;;;;Movimentado;; R$  -   ; R$  -   ;R$ 707,85;;R$ 13.920,35;Sem pendencia;Coelba;SANTIAGO;CARLOS DA CRUZ;18/01/2025;Aceita;Janeiro;;;Sim;;;JUAZEIRO;391;;;;;;;;X;13.0;; R$  -   ;JUAZEIRO;;SIM;APROVADA;OK;;;
UTEP;B-1119574;ER-CCOL-FAZ-SANTA MARIA-RIACHO DOS PAES;SENTO SÉ;12/12/2024;26/12/2024;;4,0;;AGEU;;SIM;Conciliado;;;;Movimentado;; R$  -   ; R$  739,21 ;R$ 6.468,00;;R$ 13.917,22;Sem pendencia;Coelba;SANTIAGO;CARLOS DA CRUZ;18/01/2025;Aceita;Fevereiro;;;Sim;;;JUAZEIRO;399;;;;;;;;X;14.0;; R$  -   ;JUAZEIRO;;SIM;APROVADA;OK;;;
UTEP;B-1153822;ER-CIND-FAZ-CAPIVARA-POCO DE FORA;CURAÇÁ;14/12/2024;19/12/2024;;9,0;;AGEU;;SIM;Conciliado;;;;Movimentado;; R$  -   ; R$  1.663,23 ;R$ 16.350,00;;R$ 58.922,11;Sem pendencia;Coelba;EDIE JONNES;MAURICIO;18/01/2025;Aceita;Fevereiro;;;Sim;;;JUAZEIRO;397;;;;;;;;X;5.0;; R$  -   ;JUAZEIRO;;NÃO;NÃO POSTADO;OK;;;
UTEP;B-1164285;ER CIND FZ ROMPEDOR RURAL;CURAÇÁ;18/12/2024;26/12/2024;;1,0;;KEVIN;;SIM;Conciliado;;;;Movimentado;; R$  -   ; R$  184,80 ;R$ 2.971,00;;R$ 25.716,72;Sem pendencia;Coelba;EDIE JONNES;MAURICIO;18/01/2025;Aceita;Fevereiro;;;Sim;;;JUAZEIRO;393;;;;;;;;X;8.0;; R$  -   ;JUAZEIRO;;SIM;APROVADA;OK;;;
UTEP;B-1168427;ER-CIND-RUA- DA CONCEICAO -PIRI;SENTO SÉ;14/12/2024;14/12/2024;;3,0;;AGEU;;SIM;Conciliado;;;;Movimentado;; R$  -   ; R$  554,41 ;R$ 4.843,00;;R$ 13.463,95;Sem pendencia;Coelba;SANTIAGO;CARLOS DA CRUZ;18/01/2025;Aceita;Fevereiro;;;Sim;;;JUAZEIRO;397;;;;;;;;X;0.0;; R$  -   ;JUAZEIRO;05/02/2025;SIM;APROVADA;OK;;;
UTEP;B-1150144;RR-CIND-POV-ITAMOTINGA-RURAL;JUAZEIRO;28/12/2024;28/12/2024;;10,0;;AGEU;;SIM;Conciliado;;;;Movimentado;; R$  -   ; R$  1.848,03 ;R$ 20.762,18;;R$ 91.200,20;Sem pendencia;Coelba;EDIE JONNES;GERALDO;18/01/2025;Aceita;Fevereiro;;;Sim;;;JUAZEIRO;383;;;;;;;;X;0.0;; R$  -   ;JUAZEIRO;06/02/2025;NÃO;ETIQUETA NÃO SIMPLIFICADA;OK;;;
UTEP;B-1098599;LD-CIND-EST MASSAGANO-RURAL;CASA NOVA;19/12/2024;26/12/2024;;8,0;;AGEU;;SIM;Conciliado;;;;Movimentado;; R$  -   ; R$  1.478,42 ;R$ 13.627,00;;R$ 75.386,16;Sem pendencia;Coelba;PAULO JUNIOR;FERNANDO;18/01/2025;Aceita;Fevereiro;;;Sim;;;JUAZEIRO;392;;;;;;;;X;7.0;; R$  -   ;REMANSO;10/02/2025;NÃO;ETIQUETA NÃO SIMPLIFICADA;;;;
UTEP;B-1148088;ER-CIND-FAZ-SALITRE-RURAL;JUAZEIRO;27/12/2024;10/01/2025;;2,0;;AGEU;;SIM;Conciliado;;;;Movimentado;; R$  -   ; R$  369,61 ;R$ 3.872,00;;R$ 29.078,70;Sem pendencia;Coelba;SANTIAGO;FABIO;18/01/2025;Aceita;Fevereiro;;;Sim;;;JUAZEIRO;384;;;;;;;;CAIO;14.0;; R$  -   ;JUAZEIRO;10/02/2025;SIM;APROVADA;OK;;;
UTEP;B-1122224;ER-CIND-POV-R DO SOB-RIACHO DO SOBRADO;CASA NOVA;04/12/2024;19/12/2024;;16,0;;AGEU;;SIM;Conciliado;;Postado;;Movimentado;; R$  -   ; R$  2.956,85 ;R$ 39.724,00;;R$ 141.040,63;Sem pendencia;Coelba;PAULO JUNIOR;FERNANDO / AILTON / DANIEL;18/01/2025;Aceita;Fevereiro;;;Sim;;;JUAZEIRO;407;;;;;;;;X;15.0;; R$  -   ;REMANSO;10/02/2025;NÃO;ETIQUETA NÃO SIMPLIFICADA;;;;
UTEP;B-1149506;ER-CIND-RUA-DO BISPO-CARNAIBA DO SERTAO;JUAZEIRO;10/12/2024;09/12/2024;;11,0;;AGEU;;SIM;Conciliado;;;;Movimentado;; R$  -   ; R$  2.032,83 ;R$ 18.106,19;;R$ 61.578,46;Sem pendencia;Coelba;EDIE JONNES;PAULO;18/01/2025;Aceita;Fevereiro;;;Sim;;;JUAZEIRO;401;;;;;;;;X;-1.0;; R$  -   ;JUAZEIRO;17/02/2025;NÃO;ETIQUETA NÃO SIMPLIFICADA;;;;
UTEP;B-1151290;ER-CIND-POV-BAIXA DO UMBUZEIRO-RURAL;JUAZEIRO;31/12/2024;10/01/2025;;1,0;;MATEUS;;SIM;Conciliado;;;;Movimentado;; R$  3.136,69 ; R$  184,80 ;R$ 5.063,68;;R$ 14.928,52;Sem pendencia;Coelba;SANTIAGO;FABIO;18/01/2025;Aceita;Agosto;;22/07/2025;Nao;;;JUAZEIRO;380;;;;;;;;KEVIN;10.0;PENDENTE CORRIGIR OBRA EM CAMPO SEGUNDO A.R.; R$  -   ;JUAZEIRO;17/07/2025;SIM;APROVADA;OK;;;
UTEP;B-1153232;AC-CIND-ROD-LOMANTO JUNIOR-DISTRITO INDU;JUAZEIRO;12/12/2024;19/12/2024;;1,0;;KEVIN;;SIM;Conciliado;;Postado;;Movimentado;; R$  3.327,05 ; R$  184,80 ;R$ 2.786,11;;R$ 35.895,23;Sem pendencia;Coelba;EDIE JONNES;AUSSOEIRO;18/01/2025;Aceita;Abril;;;Sim;;;JUAZEIRO;399;;;;;;;;X;7.0;; R$  -   ;JUAZEIRO;08/04/2025;SIM;APROVADA;OK;;;
UTEP;B-1151429;ER-CIND-POV-CANAA 1752-CALDEIRAOZINHO;SOBRADINHO;30/12/2024;10/01/2025;;2,0;;KEVIN;;SIM;Conciliado;;;;Movimentado;; R$  -   ; R$  369,61 ;R$ 3.882,00;;R$ 23.110,36;Sem pendencia;Coelba;SANTIAGO;PAULO;21/01/2025;Aceita;Março;;06/03/2025;Sim;;;JUAZEIRO;381;;;;;;;;MICHEL;11.0;; R$  -   ;JUAZEIRO;24/02/2025;SIM;EVIDENCIA INSU. - GPM;EVIDENCIA INCOMPLETA - OBRA COM DOIS POSTES;;;
UTEP;B-1152824;UB-CIND-TRV-DA AGROTECNICA-URBANO;JUAZEIRO;15/12/2024;19/12/2024;;3,0;;KEVIN;;SIM;Conciliado;;Postado;;Movimentado;; R$  -   ; R$  554,41 ;R$ 4.679,00;;R$ 11.117,50;Sem pendencia;Coelba;EDIE JONNES;AUSSOEIRO;21/01/2025;Aceita;Fevereiro;;24/02/2025;Sim;;;JUAZEIRO;396;;;;;;;;X;4.0;; R$  -   ;JUAZEIRO;13/02/2025;SIM;APROVADA;OK;;;
UTEP;B-1153262;ER-CIND-POV-PICARR O-RURAL;SOBRADINHO;18/12/2024;26/12/2024;;3,0;;KEVIN;;SIM;Conciliado;;Postado;;Movimentado;; R$  -   ; R$  554,41 ;R$ 4.948,83;;R$ 9.870,90;Sem pendencia;Coelba;SANTIAGO;CARLOS DA CRUZ;22/01/2025;Aceita;Fevereiro;;;Sim;;;JUAZEIRO;393;;;;;;;;X;8.0;; R$  -   ;JUAZEIRO;;SIM;APROVADA;OK;;;
UTEP;B-1135544;AC CIND POV MULUNGU RURAL;CASA NOVA;31/12/2024;31/12/2024;;7,0;;JORGE;;SIM;Conciliado;;Postado;;Movimentado;; R$  -   ; R$  1.293,62 ;R$ 16.640,92;;R$ 41.783,28;Sem pendencia;Coelba;JORGE;JORGE;22/01/2025;Aceita;Fevereiro;;;Sim;;;JUAZEIRO;380;;;;;;;;JORGE;0.0;; R$  -   ;REMANSO;30/01/2025;NÃO;S/EVIDENCIA- GPM;OK;;;
UTEP;B-0996310;MP-CCOL-COMPL- POV. POÇO VERDE 1800 RURA;CURAÇÁ;30/12/2024;30/12/2024;;404,0;;EMERSON;;SIM;Conciliado;;;;Movimentado;; R$  -   ; R$  74.660,41 ;R$ 1.029.755,92;;R$ 3.181.356,29;Sem pendencia;Coelba;EMERSON;EMERSON;27/01/2025;Aceita;Fevereiro;;;Sim;;;JUAZEIRO;381;;;;;;;;EMERSON;0.0;; R$  -   ;JUAZEIRO;10/02/2025;NÃO;ETIQUETA NÃO SIMPLIFICADA;;;;
UTEP;B-1013317;UB-CIND-RUA-DA USINA-CENTRO;SENTO SÉ;19/12/2024;26/12/2024;;2,0;;KEVIN;;SIM;Conciliado;;;;Movimentado;; R$  -   ; R$  369,61 ;R$ 3.100,00;;R$ 5.117,97;Sem pendencia;Coelba;SANTIAGO;CARLOS DA CRUZ;29/01/2025;Aceita;Fevereiro;;;Sim;;;JUAZEIRO;392;;;;;;;;X;7.0;; R$  -   ;JUAZEIRO;;SIM;APROVADA;OK;;;
UTEP;B-1148550;IT-CIND-POV-CAMPOS-CAMPOS;JUAZEIRO;14/12/2024;19/12/2024;;1,0;;AGEU;;SIM;Conciliado;;;;Movimentado;; R$  -   ; R$  184,80 ;R$ 1.859,00;;R$ 12.099,66;Sem pendencia;Coelba;EDIE JONNES;GERALDO;03/02/2025;Aceita;Fevereiro;;;Sim;;;JUAZEIRO;397;;;;;;;;X;5.0;; R$  -   ;JUAZEIRO;10/02/2025;SIM;EVIDENCIA INSU. - GPM;PLACA / ESFOÇO DO POSTE E PG,;;;
UTEP;B-1090843;ER-CIND-POV-BAIXA DO UMBUZEIRO-CEN. RURA;JUAZEIRO;31/12/2024;15/01/2025;;1,0;;AGEU;;SIM;Conciliado;;Postado;;Movimentado;; R$  -   ; R$  184,80 ;R$ 2.251,30;;R$ 10.114,39;Sem pendencia;Coelba;SANTIAGO;JUAREZ;03/02/2025;Aceita;Fevereiro;;;Sim;;;JUAZEIRO;380;;;;;;;;X;15.0;; R$  -   ;JUAZEIRO;10/02/2025;SIM;EVIDENCIA INSU. - GPM;BARRAMENTO / ESFORÇO / ESTRUTURA;;;
UTEP;B-1008421;IT-CIND-FAZ-COQUEIRO I-RURAL R DE CIMA;JUAZEIRO;26/04/2023;26/04/2023;;0,0;;VITOR;;SIM;Conciliado;;Postado;;Movimentado;; R$  -   ; R$  -   ;R$ 92,89;;R$ 5.244,43;Sem pendencia;Coelba;AIC;AIC;07/02/2025;Aceita;Fevereiro;;;Sim;;;JUAZEIRO;995;;;;;;;;X;0.0;; R$  -   ;JUAZEIRO;18/02/2025;NÃO;ETIQUETA NÃO SIMPLIFICADA;;;;
UTEP;B-1142928;RR-CIND-FAZ-LAGOS-RURAL;CURAÇÁ;24/01/2025;24/01/2025;;1,0;;EMERSON;;SIM;Conciliado;;Postado;;Movimentado;; R$  -   ; R$  184,80 ;R$ 3.822,18;;R$ 27.746,97;Sem pendencia;Coelba;EMERSON;EMERSON;10/02/2025;Aceita;Março;;;Sim;;;JUAZEIRO;356;;;;;;;;EMERSON;0.0;; R$  -   ;JUAZEIRO;20/02/2025;SIM;APROVADA;;;;
UTEP;B-1160450;RR-CIND-FAZ-DUNAS-RURAL;CURAÇÁ;23/01/2025;24/01/2025;;1,0;;EMERSON;;SIM;Conciliado;;Postado;;Movimentado;; R$  -   ; R$  184,80 ;R$ 3.582,18;;R$ 14.634,85;Sem pendencia;Coelba;EMERSON;EMERSON;10/02/2025;Aceita;Fevereiro;;;Sim;;;JUAZEIRO;357;;;;;;;;EMERSON;1.0;; R$  -   ;JUAZEIRO;;SIM;APROVADA;;;;
UTEP;B-1147028;ER-CIND-POV-LAGOA DO PEDRO-RURAL;CAMPO ALEGRE DE LOURDES;30/12/2024;13/01/2025;;8,0;;MATEUS;;SIM;Conciliado;45319;;;Movimentado;45678; R$  -   ; R$  1.478,42 ;R$ 10.276,15;;R$ 36.318,08;Sem pendencia;Coelba;RODRIGUES;CARLOS DA CRUZ;10/02/2025;Aceita;Fevereiro;;;Sim;;;JUAZEIRO;381;;;;;;;;X;14.0;; R$  -   ;REMANSO;11/02/2025;NÃO;ETIQUETA NÃO SIMPLIFICADA;;;;
UTEP;B-1104661;IT-CIND-FAZ-SOSSEGO-RURAL CURACA;CURAÇÁ;28/07/2023;28/07/2023;;0,0;;VITOR;;SIM;Conciliado;;;;Movimentado;; R$  -   ; R$  -   ;R$ 1.395,00;;R$ 8.994,58;Sem pendencia;Coelba;AIC;AIC;12/02/2025;Aceita;Março;;;Sim;;;JUAZEIRO;902;;;;;;;;X;0.0;; R$  -   ;JUAZEIRO;18/02/2025;SIM;ETIQUETA NÃO SIMPLIFICADA;;;;
UTEP;B-1149600;ER-CIND-POV-QUEIMADA DOS SANTOS-RURAL;UAUÁ;31/12/2024;10/01/2025;;1,0;;AGEU;;SIM;Conciliado;;Postado;;Movimentado;; R$  -   ; R$  184,80 ;R$ 2.196,00;;R$ 10.401,69;Sem pendencia;Coelba;SANTIAGO;PAULO;12/02/2025;Aceita;Março;;;Sim;;;JUAZEIRO;380;;;;;;;;MICHEL;10.0;; R$  -   ;JUAZEIRO;24/02/2025;SIM;EVIDENCIA INSU. - GPM;PGS /TRAFO /CIA;;;
UTEP;B-1098215;IT-CIND-RUA-DR ARIUELTO 1000-CENTRO;CAMPO FORMOSO;20/11/2023;20/11/2023;;0,0;;VITOR;;SIM;Conciliado;;;;Movimentado;; R$  -   ; R$  -   ;R$ 1.271,00;;R$ 10.772,14;Sem pendencia;Coelba;AIC;AIC;12/02/2025;Aceita;Março;;;Sim;;;JUAZEIRO;787;;;;;;;;X;0.0;; R$  -   ;SENHOR DO BONFIM;20/02/2025;SIM;ETIQUETA NÃO SIMPLIFICADA;;;;
UTEP;B-1042904;IT-GRUA-AV-CHEFFY KHOURY-ANT. GUILERMINO;JUAZEIRO;03/05/2022;03/05/2022;;0,0;;VITOR;;SIM;Conciliado;;;;Movimentado;; R$  -   ; R$  -   ;R$ 1.165,00;;R$ 9.734,57;Sem pendencia;Coelba;AIC;AIC;12/02/2025;Aceita;Março;;;Sim;;;JUAZEIRO;1353;;;;;;;;X;0.0;; R$  -   ;JUAZEIRO;26/02/2025;SIM;ETIQUETA NÃO SIMPLIFICADA;;;;
UTEP;B-1133725;UB-CIND-RUA-ARLINDO LINS-CENTRO;PILÃO ARCADO;31/12/2024;29/01/2025;;2,0;;AGEU;;SIM;Conciliado;;Postado;;Movimentado;; R$  -   ; R$  369,61 ;R$ 5.168,33;;R$ 71.613,30;Sem pendencia;Coelba;RODRIGUES;MANUTENÇÃO;12/02/2025;Aceita;Março;;;Sim;;;JUAZEIRO;380;;;;;;;;X;29.0;; R$  -   ;REMANSO;04/03/2025;SIM;ETIQUETA NÃO SIMPLIFICADA;OK;;;
UTEP;B-1075976;RR-CIND-AV-DECIO CASTELO BRANCO-CENTRO;REMANSO;03/09/2022;03/09/2022;;1,0;;VITOR;;SIM;Conciliado;;;;Movimentado;; R$  -   ; R$  184,80 ;R$ 4.182,00;;R$ 21.419,78;Sem pendencia;Coelba;AIC;AIC;12/02/2025;Aceita;Março;;;Sim;;;JUAZEIRO;1230;;;;;;;;X;0.0;; R$  -   ;REMANSO;28/02/2025;SIM;ETIQUETA NÃO SIMPLIFICADA;;;;
UTEP;B-1004974;RR-CIND-POV-POCO DE FORA 99999-RURAL;CURAÇÁ;21/03/2022;21/03/2022;;0,0;;MATEUS;;SIM;Conciliado;;;;Movimentado;; R$  -   ; R$  -   ;R$ 1.753,00;;R$ 6.683,61;Sem pendencia;Coelba;AIC;AIC;12/02/2025;Aceita;Maio;;;Sim;;;JUAZEIRO;1396;;;;;;;;VITOR;0.0;; R$  -   ;JUAZEIRO;14/05/2025;SIM;ETIQUETA NÃO SIMPLIFICADA;;;;
AIC;B-1109357;IT-GRUA-FAZ-SABIA-RURAL;JUAZEIRO;13/11/2023;13/11/2023;;2,0;;ERICA;;SIM;Conciliado;;;;Movimentado;; R$  1.101,33 ; R$  369,61 ;R$ 2.174,00;;R$ 28.105,23;Sem pendencia;Coelba;AIC;JUAZEIRO;12/02/2025;Aceita;Julho;;07/07/2025;Nao;;;JUAZEIRO;794;;;;;;;;VITOR;0.0;; R$  -   ;JUAZEIRO;02/07/2025;SIM;ETIQUETA NÃO SIMPLIFICADA;;;;
UTEP;B-1092119;ER-CIND-POV-TAPERA 5003-TAPERA;MONTE SANTO;29/06/2023;29/06/2023;;0,0;;VITOR;;SIM;Conciliado;;;;Movimentado;; R$  -   ; R$  -   ;R$ 2.189,00;;R$ 9.239,60;Sem pendencia;Coelba;AIC;AIC;12/02/2025;Aceita;Fevereiro;;14/02/2025;Sim;;;JUAZEIRO;931;;;;;;;;X;0.0;; R$  -   ;SENHOR DO BONFIM;;SIM;ETIQUETA NÃO SIMPLIFICADA;;;;
UTEP;B-1150110;AC-CIND-FAZ-ROCADO-RURAL;CURAÇÁ;18/12/2024;26/12/2024;;1,0;;AGEU;;SIM;Conciliado;;Postado;;Movimentado;; R$  -   ; R$  184,80 ;R$ 3.331,65;;R$ 26.056,11;Sem pendencia;Coelba;EDIE JONES / MAURICIO ;EDIE JONES / MAURICIO ;12/02/2025;Aceita;Fevereiro;;;Sim;;;JUAZEIRO;393;;;;;;;;X;8.0;; R$  -   ;JUAZEIRO;;SIM;EVIDENCIA INSU. - GPM;;;;
LPT;B-1157330;ER-CIND-SI-SOCORRO-CHACARAS UNIDAS;JUAZEIRO;14/01/2025;16/01/2025;;6,0;;AGEU;;SIM;Conciliado;;Postado;;Movimentado;; R$  -   ; R$  1.108,82 ;R$ 9.944,39;;R$ 20.325,05;Sem pendencia;Coelba;EDIE JONNES / GISMARIO;EDIE JONNES / GISMARIO;12/02/2025;Aceita;Fevereiro;;;Sim;;;JUAZEIRO;366;;;;;;;;X;2.0;; R$  -   ;JUAZEIRO;;NÃO;NÃO POSTADO;;;;
UTEP;B-1157111;UB-CIND-RUA-ANDRE LUIZ-ALTO DA MARAVILHA;JUAZEIRO;13/12/2024;19/12/2024;;0,0;;KEVIN;;SIM;Conciliado;45686;;;Movimentado;45686; R$  -   ; R$  -   ;R$ 1.490,39;;R$ 26.254,17;Sem pendencia;Coelba;EDIE JONNES;AUSSOEIRO;13/02/2025;Aceita;Março;;;Sim;;;JUAZEIRO;398;;;;;;;;X;6.0;; R$  -   ;JUAZEIRO;20/02/2025;SIM;EVIDENCIA INSU. - GPM;PGS,ALTURA, ESFORÇO E ESTRUTURAS;;;
UTEP;B-1162964;ER-CIND-SI-CAJUEIRO-RURAL-PILAO ARCADO;PILÃO ARCADO;27/12/2024;29/01/2025;;0,0;;MATEUS;;SIM;Conciliado;45694;;;Movimentado;45693; R$  -   ; R$  -   ;R$ 1.642,26;;R$ 26.199,18;Sem pendencia;Coelba;ANDERSON;MANUTENÇÃO;13/02/2025;Aceita;Março;;;Sim;;;JUAZEIRO;384;;;;;;;;X;33.0;; R$  -   ;REMANSO;19/02/2025;SIM;EVIDENCIA INSU. - GPM;OK;;;
UTEP;B-1075626;LD CIND POV BEM BOM CENTRO;REMANSO;28/12/2024;13/01/2025;;2,0;;MATEUS;;SIM;Conciliado;45319;Postado;;Movimentado;45678; R$  -   ; R$  369,61 ;R$ 4.032,91;;R$ 37.466,66;Sem pendencia;Coelba;RODRIGUES;DANIEL;13/02/2025;Aceita;Março;;;Sim;;;JUAZEIRO;383;;;;;;;;X;16.0;; R$  -   ;REMANSO;21/02/2025;SIM;APROVADA;OK;;;
UTEP;B-1150141;ER-CIND-SI-ZARDULINO-RURAL;CAMPO ALEGRE DE LOURDES;29/12/2024;13/01/2025;;1,0;;MATEUS;;SIM;Conciliado;45319;Postado;;Movimentado;46013; R$  -   ; R$  184,80 ;R$ 1.821,53;;R$ 5.221,42;Sem pendencia;Coelba;RODRIGUES;CARLOS DA CRUZ;13/02/2025;Aceita;Fevereiro;;;Sim;;;JUAZEIRO;382;;;;;;;;X;15.0;; R$  -   ;REMANSO;;SIM;EVIDENCIA INSU. - GPM;PGS,ALTURA, ESFORÇO E ESTRUTURAS;;;
UTEP;B-1148212;ER-CIND-POV-BARREIRO-RURAL;CAMPO ALEGRE DE LOURDES;29/12/2024;13/01/2025;;1,0;;MATEUS;;SIM;Conciliado;45679;Postado;45679;Movimentado;45679; R$  -   ; R$  184,80 ;R$ 2.732,14;;R$ 6.763,00;Sem pendencia;Coelba;RODRIGUES;CARLOS DA CRUZ;13/02/2025;Aceita;Fevereiro;;;Sim;;;JUAZEIRO;382;;;;;;;;X;15.0;; R$  -   ;REMANSO;;SIM;EVIDENCIA INSU. - GPM;BARRAMENTO / ESFORÇO / ESTRUTURA;;;
UTEP;B-1157017;ER-CIND-POV-MARRUA-RURAL;JUAZEIRO;21/01/2025;16/01/2025;;0,0;;MATEUS;;SIM;Conciliado;;;;Movimentado;; R$  -   ; R$  -   ;R$ 757,36;;R$ 32.978,80;Sem pendencia;Coelba;EDIE JONNES;GISMARIO;13/02/2025;Aceita;Fevereiro;;;Sim;;;JUAZEIRO;359;;;;;;;;CAIO;-5.0;; R$  -   ;JUAZEIRO;;SIM;APROVADA;;;;
LPT;B-1157071;ER-CIND-POV-JUREMAL-RURAL;JUAZEIRO;09/01/2025;15/01/2025;;2,0;;AGEU;;SIM;Conciliado;;;;Movimentado;; R$  -   ; R$  369,61 ;R$ 3.456,80;;R$ 7.300,62;Sem pendencia;Coelba;EDIE JONNES;GISMARIO;13/02/2025;Aceita;Fevereiro;;;Sim;;;JUAZEIRO;371;;;;;;;;X;6.0;; R$  -   ;JUAZEIRO;18/02/2025;SIM;APROVADA;GPM;;;
UTEP;B-1164422;AC-CIND-POV-JUNCO DO SALITRE-RIO SALITRE;JUAZEIRO;17/12/2024;15/01/2025;;0,0;;MATEUS;;SIM;Conciliado;45685;;;Movimentado;45680; R$  -   ; R$  -   ;R$ 2.482,00;;R$ 27.072,06;Sem pendencia;Coelba;SANTIAGO;FABIO;13/02/2025;Aceita;Fevereiro;;;Sim;;;JUAZEIRO;394;;;;;;;;X;29.0;; R$  -   ;JUAZEIRO;19/02/2025;SIM;APROVADA;;;;
LPT;B-1171984;ER-CIND-SI-BOA ESPERANÇA-RURAL;CURAÇÁ;31/12/2024;02/01/2025;;1,0;;KEVIN;;SIM;Conciliado;;;;Movimentado;; R$  -   ; R$  184,80 ;R$ 2.251,30;;R$ 18.972,45;Sem pendencia;Coelba;EDIE JONNES;MAURICIO;13/02/2025;Aceita;Abril;;;Sim;;;JUAZEIRO;380;;;;;;;;X;2.0;; R$  -   ;JUAZEIRO;20/03/2025;SIM;EVIDENCIA INSU. - GPM;BARRAMENTO / ESFORÇO / ESTRUTURA;;;
UTEP;B-1071853;IT-GRUA-POV-BASTIAO-RURAL;NORDESTINA;31/03/2023;31/03/2023;;0,0;;VITOR;;SIM;Conciliado;;;;Movimentado;; R$  -   ; R$  -   ;R$ 111,66;;R$ 4.934,64;Sem pendencia;Coelba;AIC;AIC;14/02/2025;Aceita;Março;;;Sim;;;JUAZEIRO;1021;;;;;;;;X;0.0;; R$  -   ;SENHOR DO BONFIM;20/02/2025;SIM;ETIQUETA NÃO SIMPLIFICADA;;;;
UTEP;B-1071530;AC-GRUA-RUA-JOSE GONCALVES-CENTRO JUAZEI;JUAZEIRO;16/08/2022;16/08/2022;;1,0;;VITOR;;SIM;Conciliado;;;;Movimentado;; R$  -   ; R$  184,80 ;R$ 1.657,00;;R$ 6.104,23;Sem pendencia;Coelba;AIC;AIC;14/02/2025;Aceita;Março;;;Sim;;;JUAZEIRO;1248;;;;;;;;X;0.0;; R$  -   ;JUAZEIRO;17/03/2025;SIM;ETIQUETA NÃO SIMPLIFICADA;;;;
UTEP;B-1048299;IT-CIND-POV-ITAMOTINGA-RURAL ITAMOTINGA;JUAZEIRO;12/05/2022;12/05/2022;;1,0;;ERICA;;NÃO;Conciliado;;;;Movimentado;; R$  -   ; R$  184,80 ;R$ 1.133,76;;R$ 0,00;Sem pendencia;Coelba;AIC;AIC;14/02/2025;Aceita;Junho;;;Nao;;;JUAZEIRO;1344;;;;;;;;X;0.0;; R$  -   ;JUAZEIRO;27/05/2025;SIM;ETIQUETA NÃO SIMPLIFICADA;;;;
UTEP;B-1122741;IT-CIND-FAZ AROEIRA-RURAL-AROEIRA;FILADELFIA;01/12/2023;01/12/2023;;1,0;;VITOR;;SIM;Conciliado;;;;Movimentado;; R$  -   ; R$  184,80 ;R$ 1.189,00;;R$ 8.943,65;Sem pendencia;Coelba;AIC;AIC;14/02/2025;Aceita;Fevereiro;;;Sim;;;JUAZEIRO;776;;;;;;;;X;0.0;; R$  -   ;SENHOR DO BONFIM;;SIM;ETIQUETA NÃO SIMPLIFICADA;;;;
UTEP;B-1112593;UB-CIND-RUA-NOSSA S DE NAZARE-PALMARES;JUAZEIRO;23/01/2025;29/01/2025;;9,0;;AGEU;;SIM;Conciliado;;;;Movimentado;; R$  -   ; R$  1.663,23 ;R$ 11.407,40;;R$ 32.553,04;Sem pendencia;Coelba;EDIE JONNES / GISMARIO / IVONALDO;EDIE JONNES / GISMARIO / IVONALDO;15/02/2025;Aceita;Março;;;Sim;;;JUAZEIRO;357;;;;;;;;X;6.0;; R$  -   ;JUAZEIRO;25/02/2025;NÃO;ETIQUETA NÃO SIMPLIFICADA;;;;
LPT;B-1077021;ER-CIND-FAZ-MACAMBIRA 52-RURAL;CURAÇÁ;04/02/2025;07/02/2025;;6,0;;EMERSON;;SIM;Conciliado;;Postado;;Movimentado;; R$  -   ; R$  1.108,82 ;R$ 13.917,54;;R$ 27.967,86;Sem pendencia;Coelba;EMERSON;EMERSON;15/02/2025;Aceita;Março;;;Sim;;;JUAZEIRO;345;;;;;;;;EMERSON;3.0;; R$  -   ;JUAZEIRO;24/02/2025;NÃO;ETIQUETA NÃO SIMPLIFICADA;;;;
UTEP;B-1070691;AC-CIND-AV-GIUSEPPE MUCCINI-N ESPERANCA;JUAZEIRO;10/12/2024;19/12/2024;;1,0;;AGEU;;SIM;Conciliado;;Postado;;Movimentado;; R$  -   ; R$  184,80 ;R$ 2.867,95;;R$ 25.241,07;Sem pendencia;Coelba;EDIE JONNES;AUSSOEIRO;15/02/2025;Aceita;Março;;;Sim;;;JUAZEIRO;401;;;;;;;;X;9.0;; R$  -   ;JUAZEIRO;04/03/2025;SIM;EVIDENCIA INSU. - GPM;FOTOS EMBAÇADAS - SEM QUALIDADE;;;
UTEP;B-0716791;RR-INTERL.FAZ.RANCHO NOVO-PASSAGEM SECA;SENHOR DO BONFIM;15/03/2016;15/03/2016;;1,0;;VITOR;;SIM;Conciliado;;;;Movimentado;; R$  -   ; R$  184,80 ;R$ 56,17;;R$ 7.362,11;Sem pendencia;Coelba;AIC;AIC;15/02/2025;Aceita;Março;;;Sim;;;JUAZEIRO;3593;;;;;;;;X;0.0;; R$  -   ;SENHOR DO BONFIM;06/03/2025;SIM;ETIQUETA NÃO SIMPLIFICADA;;;;
UTEP;B-1099462;AC-CIND-POV-BELAS-RURAL CAMPO FORMOSO;SENHOR DO BONFIM;18/07/2023;18/07/2023;;0,0;;VITOR;;SIM;Conciliado;;;;Movimentado;; R$  -   ; R$  -   ;R$ 218,82;;R$ 5.486,07;Sem pendencia;Coelba;AIC;AIC;15/02/2025;Aceita;Fevereiro;;;Sim;;;JUAZEIRO;912;;;;;;;;X;0.0;; R$  -   ;SENHOR DO BONFIM;;SIM;ETIQUETA NÃO SIMPLIFICADA;;;;
UTEP;B-1099892;ER-CIND-POV-MANDASSAIA-RURAL-MANDASSAIA;SENHOR DO BONFIM;08/08/2023;08/08/2023;;1,0;;VITOR;;SIM;Conciliado;;;;Movimentado;; R$  -   ; R$  184,80 ;R$ 4.908,00;;R$ 27.805,18;Sem pendencia;Coelba;AIC;AIC;15/02/2025;Aceita;Fevereiro;;;Sim;;;JUAZEIRO;891;;;;;;;;X;0.0;; R$  -   ;SENHOR DO BONFIM;;SIM;ETIQUETA NÃO SIMPLIFICADA;;;;
UTEP;B-1162971;UB CIND RUA ALAN KARDECK BALBINO;JUAZEIRO;28/12/2024;02/01/2025;;1,0;;AGEU;;SIM;Conciliado;;Postado;;Movimentado;; R$  -   ; R$  184,80 ;R$ 2.745,40;;R$ 42.771,90;Sem pendencia;Coelba;EDIE JONNES;AUSSOEIRO;17/02/2025;Aceita;Março;;;Sim;;;JUAZEIRO;383;;;;;;;;X;5.0;; R$  -   ;JUAZEIRO;04/03/2025;SIM;EVIDENCIA INSU. - GPM;TRANSFORMADOR INSTALADO VISUALIZANDO AS PLACAS E CIA;;;
UTEP;B-1133454;IS-COEL-TRV-AGUAS BELAS-MALHADA DA AREIA;JUAZEIRO;18/10/2024;24/10/2024;;3,0;;KEVIN;;SIM;Conciliado;;Postado;;Movimentado;; R$  -   ; R$  554,41 ;R$ 8.415,00;;R$ 25.932,71;Sem pendencia;Coelba;EDIE JONES;IVONALDO/ GERALDO;21/02/2025;Aceita;Março;;;Sim;;;JUAZEIRO;454;;;;;;;;X;6.0;; R$  -   ;JUAZEIRO;;SIM;EVIDENCIA INSU. - GPM;ESFORÇO E NUMERO DOS PG´S;;;
LPT;B-1136433;ER-CIND-POV-JAZIDA-RURAL;JUAZEIRO;21/01/2025;16/01/2025;;6,0;;MATEUS;;SIM;Conciliado;45706;;;Movimentado;45705; R$  -   ; R$  1.108,82 ;R$ 14.618,33;;R$ 19.450,28;Sem pendencia;Coelba;EDIE JONNES;GERALDO;24/02/2025;Aceita;Março;;;Sim;;;JUAZEIRO;359;;;;;;;;X;-5.0;; R$  -   ;JUAZEIRO;;NÃO;ETIQUETA NÃO SIMPLIFICADA;;;;
LPT;B-1043511;MP-CCOL-POV-SANTA RITA-RURAL;CASA NOVA;04/02/2025;05/02/2025;;26,0;;JORGE;;SIM;Conciliado;;Postado;;Movimentado;; R$  1.159,64 ; R$  4.804,88 ;R$ 95.272,22;;R$ 369.654,25;Sem pendencia;Coelba;PAULO JUNIOR;DANIEL;24/02/2025;Aceita;Março;;;Sim;;;JUAZEIRO;345;;;;;;;;JORGE;1.0;; R$  -   ;REMANSO;14/03/2025;NÃO;ETIQUETA NÃO SIMPLIFICADA;;;;
UTEP;B-1177891;ER-CCOL-POV-CURRAL VELHO-RURAL;CURAÇÁ;08/01/2025;15/01/2025;;10,0;;MATEUS;;SIM;Conciliado;45693;;;Movimentado;45685; R$  -   ; R$  1.848,03 ;R$ 17.191,00;;R$ 67.305,53;Sem pendencia;Coelba;EDIE JONNES;MAURICIO;24/02/2025;Aceita;Março;;;Sim;;;JUAZEIRO;372;;;;;;;;X;7.0;; R$  -   ;JUAZEIRO;17/03/2025;NÃO;ETIQUETA NÃO SIMPLIFICADA;;;;
UTEP;B-1148920;AC-CIND-RUA-CAMACARI-D THOMAS;PILÃO ARCADO;31/12/2024;12/02/2025;;1,0;;AGEU;;SIM;Conciliado;;;;Movimentado;; R$  1.993,98 ; R$  184,80 ;R$ 2.623,68;;R$ 49.862,04;Sem pendencia;Coelba;RODRIGUES;MANUTENÇÃO;24/02/2025;Aceita;Março;;;Sim;;;JUAZEIRO;380;;;;;;;;X;43.0;; R$  -   ;REMANSO;;SIM;EVIDENCIA INSU. - GPM;whatsapp;;;
UTEP;B-1151658;ER-CIND-POV-LAGOA DE DENTRO-BAIXAO SECO;CAMPO ALEGRE DE LOURDES;30/12/2024;13/01/2025;;4,0;;MATEUS;;SIM;Conciliado;45685;Postado;;Movimentado;45678; R$  1.340,98 ; R$  739,21 ;R$ 7.266,91;;R$ 35.569,15;Sem pendencia;Coelba;RODRIGUES;CARLOS DA CRUZ;24/02/2025;Aceita;Abril;;;Sim;;;JUAZEIRO;381;;;;;;;;X;14.0;; R$  -   ;REMANSO;26/03/2025;SIM;ETIQUETA NÃO SIMPLIFICADA;OK;;;
LPT;B-1151932;ER-CIND-POV-SANTA RITA -SANTA;CURAÇÁ;08/01/2025;10/01/2025;;15,0;;MATEUS;;SIM;Conciliado;45719;;;Movimentado;45685; R$  -   ; R$  2.772,05 ;R$ 26.569,42;;R$ 117.786,16;Sem pendencia;Coelba;EDIE JHONES;MAURICIO;24/02/2025;Aceita;Abril;;;Sim;;;JUAZEIRO;372;;;;;;;;X;2.0;; R$  -   ;JUAZEIRO;26/03/2025;NÃO;ETIQUETA NÃO SIMPLIFICADA;;;;
UTEP;B-1145273;AC-CIND-RUA-02 DE JULHO-DOM THOMAS;PILÃO ARCADO;31/12/2024;14/02/2025;;1,0;;MATEUS;;SIM;Conciliado;;;;Movimentado;; R$  3.409,25 ; R$  184,80 ;R$ 2.375,48;;R$ 45.093,24;Sem pendencia;Coelba;RODRIGUES;MANUTENÇÃO;24/02/2025;Aceita;Abril;;;Sim;;;JUAZEIRO;380;;;;;;;;CAIO;45.0;; R$  -   ;REMANSO;31/03/2024;SIM;EVIDENCIA INSU. - GPM;PGS,ALTURA, ESFORÇO E ESTRUTURAS;;;
UTEP;B-1131422;LD - CIND POV LAGEDO - RURAL;SENTO SÉ;23/01/2025;29/01/2025;;0,0;;MATEUS;;SIM;Conciliado;45706;;;Movimentado;45703; R$  -   ; R$  -   ;R$ 844,45;;R$ 33.082,28;Sem pendencia;Coelba;SANTIAGO;FABIO;25/02/2025;Aceita;Março;;;Sim;;;JUAZEIRO;357;;;;;;;;X;6.0;; R$  -   ;JUAZEIRO;;SIM;NÃO POSTADO;;;;
UTEP;B-1003084;IT-CIND-FAZ-JURITI-RURAL;CURAÇÁ ;11/02/2025;12/02/2025;;1,0;;EMERSON;;SIM;Conciliado;;Postado;;Movimentado;; R$  -   ; R$  184,80 ;R$ 4.640,01;;R$ 6.396,29;Sem pendencia;Coelba;EMERSON;EMERSON;26/02/2025;Aceita;Março;;;Sim;;;JUAZEIRO;338;;;;;;;;EMERSON;1.0;; R$  -   ;JUAZEIRO;;SIM;APROVADA;;;;
UTEP;B-1151873;ER-CIND-POV-MANGUEIRAS 176-MANGUEIRAS;CASA NOVA;12/12/2024;19/12/2024;;1,0;;AGEU;;SIM;Conciliado;;;;Movimentado;; R$  -   ; R$  184,80 ;R$ 9.980,00;;R$ 48.140,64;Sem pendencia;Coelba;PAULO JUNIOR; FERNANDO/ DANIEL;26/02/2025;Aceita;Março;;;Sim;;;JUAZEIRO;399;;;;;;;;AGEU;7.0;; R$  -   ;REMANSO;;SIM;ETIQUETA NÃO SIMPLIFICADA;OK;;;
UTEP;B-1177448;UB-CIND-RUA-E 35-URBANO;JUAZEIRO;07/02/2025;12/02/2025;;5,0;;KEVIN;;SIM;Conciliado;;;;Movimentado;; R$  -   ; R$  924,02 ;R$ 7.634,30;;R$ 32.180,80;Sem pendencia;Coelba;EDIE JONNES;GISMARIO;26/02/2025;Aceita;Março;;;Sim;;;JUAZEIRO;342;;;;;;;;X;5.0;; R$  -   ;JUAZEIRO;07/03/2025;SIM;ETIQUETA NÃO SIMPLIFICADA;;;;
LPT;B-1125533;MP CIND FAZ NOVA TABUA RURAL;REMANSO;07/01/2025;29/01/2025;;2,0;;MATEUS;;SIM;Conciliado;45702;;;Movimentado;45693; R$  3.418,70 ; R$  369,61 ;R$ 4.137,88;;R$ 42.443,95;Sem pendencia;Coelba;ANDERSON;MANUTENÇÃO;26/02/2025;Aceita;Abril;;;Sim;;;JUAZEIRO;373;;;;;;;;X;22.0;; R$  -   ;REMANSO;09/04/2025;SIM;EVIDENCIA INSU. - GPM;falta altura/esforço;;;
UTEP;B-1083544;ER-CIND-ROD-BA 210-RURAL;JUAZEIRO;24/11/2023;24/11/2023;;1,0;;VITOR;;SIM;Conciliado;;;;Movimentado;; R$  -   ; R$  184,80 ;R$ 2.590,21;;R$ 40.006,90;Sem pendencia;Coelba;AIC;AIC;28/02/2025;Aceita;Março;;;Sim;;;JUAZEIRO;783;;;;;;;;X;0.0;; R$  -   ;JUAZEIRO;17/03/2025;SIM;ETIQUETA NÃO SIMPLIFICADA;;;;
LPT;B-1135698;MP CIND POV LAGOA CANAFISTA RURAL;PILÃO ARCADO;31/01/2025;05/02/2025;;47,0;;JORGE;;SIM;Conciliado;;Postado;;Movimentado;; R$  1.838,88 ; R$  8.685,74 ;R$ 120.323,33;;R$ 514.349,86;Sem pendencia;Coelba;PAULO JUNIOR;AILTON;28/02/2025;Aceita;Abril;;;Sim;;;JUAZEIRO;349;;;;;;;;JORGE;5.0;; R$  -   ;REMANSO;14/04/2025;NÃO;ETIQUETA NÃO SIMPLIFICADA;;;;
UTEP;B-1139709;ER-CIND-POV-PAU A PIQUE-RURAL-CASA NOVA;CASA NOVA;27/12/2024;12/02/2025;;3,0;;MATEUS;;SIM;Conciliado;;Postado;;Movimentado;; R$  3.136,69 ; R$  554,41 ;R$ 5.120,57;;R$ 24.594,85;Sem pendencia;Coelba;RODRIGUES;DANIEL;03/03/2025;Aceita;Abril;;;Sim;;;JUAZEIRO;384;;;;;;;;AGEU;47.0;; R$  -   ;REMANSO;20/03/2025;SIM;EVIDENCIA INSU. - GPM;ALTURA E ESFORÇO DE POSTES, E DADOS DO TRANSFORMADOR;;;
UTEP;B-1149990;ER-CIND-SI-CRUZEIRO-JUNCO;CASA NOVA;17/12/2024;19/12/2024;;0,0;;KEVIN;;SIM;Conciliado;;;;Movimentado;; R$  -   ; R$  -   ;R$ 4.195,73;;R$ 14.863,86;Sem pendencia;Coelba;PAULO JUNIOR;AILTON;06/03/2025;Aceita;Março;;;Sim;;;JUAZEIRO;394;;;;;;;;X;2.0;; R$  -   ;REMANSO;20/03/2025;SIM;EVIDENCIA INSU. - GPM;Falta a foto do engastamento / PGS,ALTURA, ESFORÇO E ESTRUTURAS;;;
UTEP;B-1082094;IS-CIND-FAZ-ILHA VERDE-RURAL;CASA NOVA;25/10/2024;12/11/2024;;6,0;;MATEUS;;SIM;Conciliado;;Postado;;Movimentado;; R$  4.736,20 ; R$  1.108,82 ;R$ 17.185,62;;R$ 33.006,01;Sem pendencia;Coelba;PAULO JUNIOR;FERNANDO;06/03/2025;Aceita;Maio;;;Sim;;;JUAZEIRO;447;;;;;;;;KEVIN;18.0;; R$  -   ;REMANSO;07/05/2025;NÃO;EVIDENCIA INSU. - GPM;;;;
UTEP;B-1134551;AC-PREF-PR -04-BORGES;CASA NOVA;13/12/2024;19/12/2024;;3,0;;MATEUS;;SIM;Conciliado;;Postado;;Movimentado;; R$  7.289,02 ; R$  554,41 ;R$ 13.788,76;;R$ 46.299,69;Sem pendencia;Coelba;PAULO JUNIOR;AILTON / DANIEL;06/03/2025;Aceita;Maio;;;Sim;;;JUAZEIRO;398;;;;;;;;KEVIN;6.0;PENDENTE ESTORNAR, CRIAR E MOVIMENTAR RESERVAS CONFORME INDICAÇÃO DO A.R.; R$  -   ;REMANSO;13/05/2025;SIM;EVIDENCIA INSU. - GPM;BARRAMENTO / ESFORÇO / ESTRUTURA /;;;
UTEP;B-1167687;RC-CIND-RUA-J SEABRA-CENTRO CAMPO;CAMPO ALEGRE DE LOURDES;08/01/2025;10/02/2025;;2,0;;MATEUS;;SIM;Conciliado;45706;Postado;;Movimentado;45705; R$  2.757,58 ; R$  369,61 ;R$ 7.502,81;;R$ 12.698,37;Sem pendencia;Coelba;RODRIGUES;DOMINGOS;06/03/2025;Aceita;Agosto;;04/08/2025;Nao;;;JUAZEIRO;372;;;;;;;;MATEUS;33.0;; R$  -   ;REMANSO;31/07/2025;SIM;EVIDENCIA INSU. - GPM;GPM;;;
UTEP;B-1123063;ER-CIND-POV-ANGICO DOS DIAS-ANGICO;CAMPO ALEGRE DE LOURDES;29/01/2025;05/02/2025;;4,0;;JORGE;;SIM;Conciliado;;Postado;;Movimentado;; R$  261,08 ; R$  739,21 ;R$ 5.543,84;;R$ 44.126,44;Sem pendencia;Coelba;PAULO JUNIOR;DOMINGOS;06/03/2025;Aceita;Abril;;;Sim;;;JUAZEIRO;351;;;;;;;;JORGE;7.0;; R$  -   ;REMANSO;24/03/2025;SIM;POSTADA;;;;
UTEP;B-1171632;ER-CIND-FAZ-BEIRA RIO-SANTA TEREZINHA;UAUÁ;11/02/2025;12/02/2025;;16,0;;AGEU;;SIM;Conciliado;;;;Movimentado;45712; R$  -   ; R$  2.956,85 ;R$ 27.507,14;;R$ 96.099,88;Sem pendencia;Coelba;EDIE JONNES;MAURICIO;07/03/2025;Aceita;Março;;;Sim;;;JUAZEIRO;338;;;;;;;;MATEUS;1.0;; R$  -   ;JUAZEIRO;;NÃO;ETIQUETA NÃO SIMPLIFICADA;;;;
UTEP;B-1070825;AC-PREF-RUA-LAGOA DE PEDRA -LAGOA DE PED;PILÃO ARCADO;30/01/2025;05/02/2025;;1,0;;JORGE;;SIM;Conciliado;;;;Movimentado;; R$  -   ; R$  184,80 ;R$ 1.912,12;;R$ 8.364,79;Sem pendencia;Coelba;PAULO JUNIOR;DOMINGOS;07/03/2025;Aceita;Março;;;Sim;;;JUAZEIRO;350;;;;;;;;JORGE;6.0;; R$  -   ;REMANSO;13/03/2025;SIM;NÃO POSTADO;;;;
UTEP;B-1097831;ER-CIND-POV-TAPARICA-RURAL;JUAZEIRO;05/02/2025;12/02/2025;;3,0;;MATEUS;;SIM;Conciliado;;;;Movimentado;45716; R$  3.409,25 ; R$  554,41 ;R$ 5.667,18;;R$ 33.577,54;Sem pendencia;Coelba;ANDERSON;MANUTENÇÃO;12/03/2025;Aceita;Março;;;Sim;;;JUAZEIRO;344;;;;;;;;X;7.0;; R$  -   ;JUAZEIRO;;SIM;APROVADA;;;;
LPT;B-1113349;ER-CIND-POV-LAGOA SALITRE-LAGOA;JUAZEIRO;26/01/2025;29/01/2025;;4,0;;MATEUS;;SIM;Conciliado;;;;Movimentado;45705; R$  4.989,07 ; R$  739,21 ;R$ 12.910,65;;R$ 44.210,79;Sem pendencia;Coelba;SANTIAGO;IVONALDO;12/03/2025;Aceita;Maio;;;Sim;;;JUAZEIRO;354;;;;;;;;X;3.0;; R$  -   ;JUAZEIRO;01/05/2025;SIM;NÃO POSTADO;;;;
UTEP;B-1164987;UB-CIND-RUA 628 LOT HUMBERTO PEREIRA CEN;JUAZEIRO;14/02/2025;18/02/2025;;6,0;;MATEUS;;SIM;Conciliado;;Postado;45715;Movimentado;45715; R$  1.565,61 ; R$  1.108,82 ;R$ 13.988,80;;R$ 88.864,72;Sem pendencia;Coelba;EDIE JONNES;GISMARIO;12/03/2025;Aceita;Abril;;;Sim;;;JUAZEIRO;335;;;;;;;;X;4.0;; R$  -   ;JUAZEIRO;07/04/2025;NÃO;ETIQUETA NÃO SIMPLIFICADA;;;;
UTEP;B-1149197;ER-CIND-FAZ-CAMPO LARGO-RURAL-TABULEIRO;REMANSO;12/02/2025;18/02/2025;;4,0;;MATEUS;;SIM;Conciliado;;;;Movimentado;45716; R$  1.307,26 ; R$  739,21 ;R$ 6.570,27;;R$ 20.725,66;Sem pendencia;Coelba;ANDERSON;MANUTENÇÃO;13/03/2025;Aceita;Março;;;Sim;;;JUAZEIRO;337;;;;;;;;X;6.0;; R$  -   ;REMANSO;;SIM;EVIDENCIA INSU. - GPM;;;;
UTEP;B-1161856;ER-CIND-POV-CAMPOS 226-RURAL;JUAZEIRO;10/12/2024;12/12/2024;;2,0;;KEVIN;;SIM;Conciliado;;Postado;;Movimentado;; R$  -   ; R$  369,61 ;R$ 5.885,03;;R$ 16.285,45;Sem pendencia;Coelba;EDIE JONNES;GERALDO;13/03/2025;Aceita;Março;;;Sim;;;JUAZEIRO;401;;;;;;;;X;2.0;; R$  -   ;JUAZEIRO;;SIM;EVIDENCIA INSU. - GPM;FOTOS EMBAÇADAS - SEM QUALIDADE;;;
UTEP;B-1137314;RR-CIND-POV-ITAMOTINGA-RURAL;JUAZEIRO;11/12/2024;19/12/2024;;1,0;;KEVIN;;SIM;Conciliado;;;;Movimentado;; R$  -   ; R$  184,80 ;R$ 1.302,94;;R$ 9.054,32;Sem pendencia;Coelba;ANDERSON;MANUTENÇÃO;13/03/2025;Aceita;Março;;;Sim;;;JUAZEIRO;400;;;;;;;;X;8.0;; R$  -   ;JUAZEIRO;13/03/2025;SIM;EVIDENCIA INSU. - GPM;FOTOS EMBAÇADAS - SEM QUALIDADE;;;
UTEP;B-1152297;RU-PREF-CA-DAS AVES-PARQUE UMBUZEIROS;UAUÁ;14/02/2025;18/02/2025;;7,0;;MATEUS;;SIM;Conciliado;;;;Movimentado;45716; R$  5.471,89 ; R$  1.293,62 ;R$ 17.542,88;;R$ 52.216,95;Sem pendencia;Coelba;EDIE JONNES;MAURICIO;13/03/2025;Aceita;Maio;;;Sim;;;JUAZEIRO;335;;;;;;;;X;4.0;; R$  -   ;JUAZEIRO;25/04/2025;NÃO;ETIQUETA NÃO SIMPLIFICADA;;;;
LPT ;B-1117258;LD-CIND-POV DESENGANO-RURAL;UAUÁ;28/02/2025;01/03/2025;;12,0;;EMERSON;;SIM;Conciliado;;Postado;;Movimentado;; R$  3.668,29 ; R$  2.217,64 ;R$ 29.494,05;;R$ 94.178,01;Sem pendencia;Coelba;EMERSON;EMERSON;13/03/2025;Aceita;Maio;;;Sim;;;JUAZEIRO;321;;;;;;;;EMERSON;1.0;; R$  -   ;JUAZEIRO;06/05/2025;NÃO;ETIQUETA NÃO SIMPLIFICADA;;;;
LPT;B-1125229;ER-CIND-AG 04 29-AGROVILA PEDRA BRANCA 0;CURAÇÁ;23/02/2025;25/02/2025;;2,0;;EMERSON;;SIM;Conciliado;;;;Movimentado;; R$  -   ; R$  369,61 ;R$ 3.295,80;;R$ 8.145,11;Sem pendencia;Coelba;EMERSON;EMERSON;13/03/2025;Aceita;Abril;;;Sim;;;JUAZEIRO;326;;;;;;;;EMERSON;2.0;; R$  -   ;JUAZEIRO;31/03/2025;SIM;EVIDENCIA INSU. - GPM;;;;
REPT;B-1127953;MP-SEIN-FAZ-BOQUEIRAO 1800 --W-RURAL;CURAÇÁ;28/02/2025;01/03/2025;;71,0;;EMERSON;;SIM;Conciliado;;Postado;;Movimentado;; R$  3.685,33 ; R$  13.121,01 ;R$ 96.490,00;;R$ 485.822,59;Sem pendencia;Coelba;EMERSON/EMERSON;EMERSON/EMERSON;14/03/2025;Aceita;Setembro;;18/09/2025;Nao;;;JUAZEIRO;321;;;;;;;;EMERSON;1.0;; R$  -   ;JUAZEIRO;16/09/2025;NÃO;ETIQUETA NÃO SIMPLIFICADA;;;;
UTEP;B-1035173;ER-CIND-POV-MALHADINHA-RURAL;REMANSO;28/01/2025;14/02/2025;;4,0;;MATEUS;;SIM;Conciliado;;;;Movimentado;45717; R$  3.409,25 ; R$  739,21 ;R$ 8.675,14;;R$ 24.707,26;Sem pendencia;Coelba;ANDERSON;MANUTENÇÃO;14/03/2025;Aceita;Março;;;Sim;;;JUAZEIRO;352;;;;;;;;X;17.0;; R$  -   ;REMANSO;;SIM;NÃO POSTADO;;;;
UTEP;B-1182070;IE-BC AUTOMATICO-RMN-01Z1-B781463;REMANSO;08/01/2025;29/01/2025;;0,0;;MATEUS;;SIM;Conciliado;;;;Movimentado;45709; R$  6.368,73 ; R$  -   ;R$ 4.228,20;;R$ 73.310,79;Sem pendencia;Coelba;ANDERSON;MANUTENÇÃO;14/03/2025;Aceita;Abril;;;Sim;;;JUAZEIRO;372;;;;;;;;X;21.0;; R$  -   ;REMANSO;26/03/2025;SIM;ETIQUETA NÃO SIMPLIFICADA;;;;
UTEP;B-1085718;AL - 01V7 - NOVA TOURÃO - CONSTRUÇÃO;JUAZEIRO;27/12/2024;28/12/2024;;18,0;;CLEITISVAL;;SIM;Conciliado;45694;Postado;45727;Movimentado;45693; R$  8.977,71 ; R$  3.326,45 ;R$ 70.681,76;;R$ 338.083,83;Sem pendencia;Coelba;SANTIAGO;IVONALDO;15/03/2025;Aceita;Maio;;;Sim;;;JUAZEIRO;384;;;;;;;;MATEUS;1.0;; R$  -   ;JUAZEIRO;08/05/2025;NÃO;ETIQUETA NÃO SIMPLIFICADA;;;;
UTEP;B-1015820;IT-GOVE-RUA-QUADRA N 24-VILA S O JOAQUIM;SOBRADINHO ;01/02/2025;10/02/2025;;155,0;;MATEUS;;SIM;Conciliado;;Postado;45731;Movimentado;45701; R$  48.036,76 ; R$  28.644,47 ;R$ 527.337,24;;R$ 1.307.124,22;Sem pendencia;Coelba;SANTIAGO;JUAREZ / PAULO;15/03/2025;Aceita;Abril;;;Sim;;;JUAZEIRO;348;;;;;;;;X;9.0;; R$  -   ;JUAZEIRO;25/03/2025;NÃO;ETIQUETA NÃO SIMPLIFICADA;;;;
LPT;B-1103386;ER-CIND-SI-MORADA NOVA-RURAL SISTEMA MAN;JUAZEIRO;21/01/2025;16/01/2025;;7,0;;MATEUS;;SIM;Conciliado;45702;Postado;45709;Movimentado;45695; R$  -   ; R$  1.293,62 ;R$ 14.240,64;;R$ 22.464,98;Sem pendencia;Coelba;EDIE JONNES;GERALDO;15/03/2025;Aceita;Abril;;;Sim;;;JUAZEIRO;359;;;;;;;;X;-5.0;; R$  -   ;JUAZEIRO;09/04/2025;NÃO;ETIQUETA NÃO SIMPLIFICADA;;;;
UTEP;B-1093655;AL - GRUA - FAZ. BAIXA - RURAL;JUAZEIRO;04/03/2025;05/03/2025;;200,0;;MICHEL;;SIM;Conciliado;;Postado;;Movimentado;; R$  5.467,62 ; R$  36.960,60 ;R$ 264.174,54;;R$ 3.555.398,98;Sem pendencia;Coelba;PAULO/JUAREZ;PAULO/JUAREZ;17/03/2025;Aceita;Março;;;Sim;;;JUAZEIRO;317;;;;;;;;MICHEL;1.0;; R$  -   ;JUAZEIRO;;NÃO;ETIQUETA NÃO SIMPLIFICADA;;;;
UTEP;B-1191546;IE-RELIGADOR - JNC-01L4- H84525 ;JUAZEIRO;11/09/2025;03/10/2025;;1,0;;GUILHERME;;SIM;Conciliado;20/10/2025;;;Movimentado;06/10/2025; R$  6.758,60 ; R$  184,80 ;R$ 9.299,76;;R$ 109.730,89;Sem pendencia;Coelba;SANTIAGO;PAULO;21/10/2025;Aceita;Novembro;;31/10/2025;;;;JUAZEIRO;126;;;;;;;;GUILHERME;22.0;PONTOS POSTADOS NO CES; R$  -   ;JUAZEIRO;25/10/2025;SIM;;;;;
LPT;B-1125306;RR-SEIN-RUA-JOSE CARLOS-PEDRA GRANDE;JUAZEIRO;27/02/2025;05/03/2025;;39,0;;MATEUS;;SIM;Conciliado;;;;Movimentado;45724; R$  1.159,64 ; R$  7.207,32 ;R$ 66.586,13;;R$ 192.848,09;Sem pendencia;Coelba;EDIE JONNES;MAURICIO;17/03/2025;Aceita;Maio;;;Sim;;;JUAZEIRO;322;;;;;;;;AGEU;6.0;; R$  -   ;JUAZEIRO;22/04/2025;NÃO;ETIQUETA NÃO SIMPLIFICADA;;;;
UTEP;B-1182052;IE-BC AUTOMATICO-RMN-01Z2-B000000;REMANSO;13/01/2025;29/01/2025;;0,0;;MATEUS;;SIM;Conciliado;;;;Movimentado;; R$  4.198,38 ; R$  -   ;R$ 4.290,00;;R$ 73.310,79;Sem pendencia;Coelba;ANDERSON;LINHA VIVA;19/03/2025;Aceita;Junho;;;Nao;;;JUAZEIRO;367;;;;;;;;AGEU;16.0;; R$  -   ;REMANSO;27/05/2025;SIM;ETIQUETA NÃO SIMPLIFICADA;whatsapp;;;
UTEP;B-1137789;ER-CIND-POV-TANQUE NOVO-TANQUE NOVO;REMANSO;21/02/2025;24/02/2025;;4,0;;JORGE;;SIM;Conciliado;;;;Movimentado;; R$  -   ; R$  739,21 ;R$ 6.231,30;;R$ 41.046,53;Sem pendencia;Coelba;DOMINGOS ;DOMINGOS ;20/03/2025;Aceita;Abril;;;Sim;;;JUAZEIRO;328;;;;;;;;JORGE;3.0;; R$  -   ;REMANSO;;SIM;APROVADA;;;;
LPT;B-1132153;ER-CIND-POV-LAGOA DO PEIXE 10-RURAL;CASA NOVA;15/02/2025;16/02/2025;;14,0;;JORGE;;SIM;Conciliado;;;;Movimentado;; R$  -   ; R$  2.587,24 ;R$ 30.216,74;;R$ 44.761,47;Sem pendencia;Coelba;PAULO JUNIOR;DOMINGOS;20/03/2025;Aceita;Abril;;;Sim;;;JUAZEIRO;334;;;;;;;;JORGE;1.0;; R$  -   ;REMANSO;08/04/2025;NÃO;ETIQUETA NÃO SIMPLIFICADA;;;;
LPT;B-1132752;ER-CIND-POV-OURICURI-RURAL;CASA NOVA;17/02/2025;18/02/2025;;11,0;;JORGE;;SIM;Conciliado;;;;Movimentado;; R$  1.886,11 ; R$  2.032,83 ;R$ 29.983,41;;R$ 89.659,07;Sem pendencia;Coelba;PAULO JUNIOR;DANIEL;20/03/2025;Aceita;Abril;;;Sim;;;JUAZEIRO;332;;;;;;;;JORGE;1.0;; R$  -   ;REMANSO;08/04/2025;NÃO;ETIQUETA NÃO SIMPLIFICADA;;;;
UTEP;B-1115227;ER-CIND-POV-SITIO FORMOSO-SITIO FORMOSO;CAMPO ALEGRE DE LOURDES;29/01/2025;05/02/2025;;12,0;;BEATRIZ;;SIM;Conciliado;;Postado;;Movimentado;; R$  3.418,70 ; R$  2.217,64 ;R$ 28.248,77;;R$ 199.757,49;Sem pendencia;Coelba;PAULO JUNIOR;DOMINGOS;21/03/2025;Aceita;Maio;;;Sim;;;JUAZEIRO;351;;;;;;;;JORGE;7.0;; R$  -   ;REMANSO;07/05/2025;NÃO;ETIQUETA NÃO SIMPLIFICADA;;;;
UTEP;B-1132575;RC-PREF-RUA-RAUL ALVES DE SOUZA-CENTRO;SENTO SÉ;27/02/2025;05/03/2025;;2,0;;ERICA;;SIM;Conciliado;;Postado;;Movimentado;; R$  -   ; R$  369,61 ;R$ 4.707,86;;R$ 7.489,61;Sem pendencia;Coelba;SANTIAGO / FABIO;SANTIAGO / FABIO;21/03/2025;Aceita;Julho;;26/06/2025;Nao;;;JUAZEIRO;322;;;;;;;;AGEU;6.0;; R$  -   ;JUAZEIRO;02/06/2025;SIM;ETIQUETA NÃO SIMPLIFICADA;;;;
UTEP;B-1036440;ER-CIND-FAZ-MISSAO VELHA 100-RURAL;CURAÇÁ;11/04/2022;11/04/2022;;0,0;;ERICA;;SIM;Conciliado;;;;Movimentado;; R$  -   ; R$  -   ;R$ 0,00;;R$ 4.314,29;Sem pendencia;Coelba;AIC ;AIC ;21/03/2025;Aceita;Julho;;17/07/2025;Nao;;;JUAZEIRO;1375;;;;;;;;VITOR;0.0;; R$  -   ;JUAZEIRO;14/07/2025;NÃO;ETIQUETA NÃO SIMPLIFICADA;;;;
UTEP;B-1157570;ER-CCOL-RUA-DO ASFALTO -PIRI - RURAL;SENTO SÉ;17/02/2025;19/02/2025;;7,0;;MATEUS;;SIM;Conciliado;;Postado;45722;Movimentado;45719; R$  3.136,69 ; R$  1.293,62 ;R$ 19.630,48;;R$ 49.679,33;Sem pendencia;Coelba;SANTIAGO;FABIO;27/03/2025;Aceita;Maio;;;Sim;;;JUAZEIRO;332;;;;;;;;AGEU;2.0;; R$  -   ;JUAZEIRO;30/04/2025;NÃO;ETIQUETA NÃO SIMPLIFICADA;;;;
UTEP;B-1171596;ER-CIND-POV-BARRA GRANDE-RURAL;CURAÇÁ;11/09/2025;12/09/2025;;12,0;;BRUNO;;SIM;Conciliado;;Postado;;Movimentado;;R$ 0,00;R$ 2.217,64;R$ 36.473,08;;R$ 127.556,34;Sem pendencia;Coelba;EDIE JONNES;FABIO;11/10/2025;Aceita;Outubro;;20/10/2025;;;;JUAZEIRO;126;;;;;;;;BRUNO;1.0;;R$ 0,00;JUAZEIRO;;NÃO;;;;;
PLANO ANEEL;B-1143605;ER-CIND-POV-CALDEIRAO DA ONCA-CAMPO GRAN;PILÃO ARCADO;26/02/2025;27/02/2025;;1,0;;JORGE;;SIM;Conciliado;;;;Movimentado;; R$  3.086,77 ; R$  184,80 ;R$ 6.359,06;;R$ 16.361,47;Sem pendencia;Coelba;DOMINGOS ;DOMINGOS;28/03/2025;Aceita;Abril;;;Sim;;;JUAZEIRO;323;;;;;;;;JORGE;1.0;; R$  -   ;REMANSO;;SIM;APROVADA;;;;
UTEP;B-1143104;IT-CIND-CEMCO-REMANSO;REMANSO;28/01/2025;14/02/2025;;1,0;;MATEUS;;SIM;Conciliado;;;;Movimentado;; R$  3.418,70 ; R$  184,80 ;R$ 4.779,32;;R$ 8.568,11;Sem pendencia;Coelba;ANDERSON;MANUTENÇÃO;31/03/2025;Aceita;Maio;;;Sim;;;JUAZEIRO;352;;;;;;;;AGEU;17.0;; R$  -   ;REMANSO;01/05/2025;SIM;EVIDENCIA INSU. - GPM;;;;
UTEP;B-1165337;RC-CIND-AV-DA POUSADA-NOBRE;UAUÁ;22/01/2025;29/01/2025;;2,0;;MATEUS;;SIM;Conciliado;;;;Movimentado;; R$  -   ; R$  369,61 ;R$ 5.160,07;;R$ 11.719,28;Sem pendencia;Coelba;EDIE JONNES;MAURICIO;31/03/2025;Aceita;Maio;;;Sim;;;JUAZEIRO;358;;;;;;;;KEVIN;7.0;; R$  -   ;JUAZEIRO;13/05/2025;SIM;EVIDENCIA INSU. - GPM;;;;
LPT;B-1117684;LD - CIND - SIT BOM CONSELHO - RURAL;JUAZEIRO;07/01/2025;10/01/2025;;13,0;;BEATRIZ;;SIM;Conciliado;45701;;;Movimentado;45680; R$  1.921,77 ; R$  2.402,44 ;R$ 24.797,15;;R$ 122.477,36;Sem pendencia;Coelba;SANTIAGO;FABIO;31/03/2025;Aceita;Junho;;;Nao;;;JUAZEIRO;373;;;;;;;;X;3.0;; R$  -   ;JUAZEIRO;23/05/2025;NÃO;ETIQUETA NÃO SIMPLIFICADA;;;;
UTEP;B-1173457;IT-CIND-SI-ANGICAL-RURAL;CASA NOVA;18/12/2024;26/12/2024;;1,0;;KEVIN;;SIM;Conciliado;;;;Movimentado;; R$  3.261,10 ; R$  184,80 ;R$ 5.037,80;;R$ 9.264,18;Sem pendencia;Coelba;PAULO JUNIOR;AILTON;31/03/2025;Aceita;Abril;;;Sim;;;JUAZEIRO;393;;;;;;;;X;8.0;; R$  -   ;REMANSO;;SIM;EVIDENCIA INSU. - GPM;BARRAMENTO / ESFORÇO / ESTRUTURA;;;
UTEP;B-1171279;RR-CIND-POV-RODEADOURO 300-RURAL;JUAZEIRO;22/02/2025;05/03/2025;;1,0;;KEVIN;;SIM;Conciliado;;;;Movimentado;; R$  4.201,93 ; R$  184,80 ;R$ 6.158,17;;R$ 9.191,60;Sem pendencia;Coelba;ANDERSON;MANUTENÇÃO;31/03/2025;Aceita;Abril;;;Sim;;;JUAZEIRO;327;;;;;;;;AGEU;11.0;; R$  -   ;JUAZEIRO;;SIM;APROVADA;;;;
UTEP;B-1082680;LD CIND PO JUREMA VERMELHA;JUAZEIRO;27/02/2025;05/03/2025;;3,0;;MATEUS;;SIM;Conciliado;;Postado;45744;Movimentado;45726; R$  4.691,66 ; R$  554,41 ;R$ 10.280,32;;R$ 49.436,01;Sem pendencia;Coelba;ANDERSON;MANUTENÇÃO;31/03/2025;Aceita;Abril;;;Sim;;;JUAZEIRO;322;;;;;;;;X;6.0;; R$  -   ;JUAZEIRO;12/04/2025;SIM;EVIDENCIA INSU. - GPM;;;;
UTEP;B-1171691;AC-PREF RUA ANTONIO GUILHERMINO 3-URBANO;JUAZEIRO;21/02/2025;05/03/2025;;1,0;;MATEUS;;SIM;Conciliado;;Postado;45727;Movimentado;45726; R$  4.328,20 ; R$  184,80 ;R$ 8.143,98;;R$ 41.913,92;Sem pendencia;Coelba;EDIE JONNES;GISMARIO;01/04/2025;Aceita;Maio;;;Sim;;;JUAZEIRO;328;;;;;;;;AGEU;12.0;; R$  -   ;JUAZEIRO;14/05/2025;SIM;APROVADA;;;;
LPT;B-0945802;RR-CIND-FAZ JUREMAL-ITAPERA;SENTO SÉ;10/03/2025;13/03/2025;;7,0;;BEATRIZ;;SIM;Conciliado;45744;;;Movimentado;45741; R$  3.409,25 ; R$  1.293,62 ;R$ 15.539,34;;R$ 29.017,36;Sem pendencia;Coelba;SANTIAGO;FABIO;01/04/2025;Aceita;Junho;;06/06/2025;Nao;;;JUAZEIRO;311;;;;;;;;X;3.0;; R$  -   ;JUAZEIRO;28/05/2025;NÃO;ETIQUETA NÃO SIMPLIFICADA;;;;
LPT;B-1106668;ER-PREF-POV-CANAL DA BATATEIRA-RURAL;SOBRADINHO ;22/02/2025;05/03/2025;;1,0;;MATEUS;;SIM;Conciliado;;Postado;45726;Movimentado;45726; R$  3.409,25 ; R$  184,80 ;R$ 6.418,94;;R$ 22.297,35;Sem pendencia;Coelba;SANTIAGO;FERNANDO;01/04/2025;Aceita;Abril;;;Sim;;;JUAZEIRO;327;;;;;;;;X;11.0;; R$  -   ;JUAZEIRO;;SIM;APROVADA;;;;
LPT;B-1153137;ER-CCOL-SI-FELICIANO-FELICIANO;UAUÁ;31/01/2025;07/02/2025;;31,0;;MATEUS;;SIM;Conciliado;;Postado;;Movimentado;; R$  1.340,99 ; R$  5.728,89 ;R$ 75.149,29;;R$ 200.723,47;Sem pendencia;Coelba;EDIE JONNES;MAURICIO;02/04/2025;Aceita;Maio;;;Sim;;;JUAZEIRO;349;;;;;;;;KEVIN;7.0;; R$  -   ;JUAZEIRO;08/05/2025;NÃO;ETIQUETA NÃO SIMPLIFICADA;;;;
UTEP;B-1130857;RC-CIND-RUA-JOAQUIM CARDOSO 571-CENTRO;UAUÁ;23/01/2025;29/01/2025;;2,0;;MATEUS;;SIM;Conciliado;;Postado;;Movimentado;; R$  -   ; R$  369,61 ;R$ 3.995,11;;R$ 8.009,99;Sem pendencia;Coelba;EDIE JONNES;MAURICIO;02/04/2025;Aceita;Maio;;;Sim;;;JUAZEIRO;357;;;;;;;;KEVIN;6.0;; R$  -   ;JUAZEIRO;13/05/2025;SIM;EVIDENCIA INSU. - GPM;FOTO DO POSTE BT, ESFORÇOS DOS POSTES, PLACA DO TRAFO E CIA, NUMERODO PG;;;
UTEP;B-1122163;ER-CIND-POV-TOME 11-RURAL;JUAZEIRO;04/02/2025;07/02/2025;;6,0;;MATEUS;;SIM;Conciliado;;;;Movimentado;; R$  700,17 ; R$  1.108,82 ;R$ 14.601,09;;R$ 74.332,27;Sem pendencia;Coelba;EDIE JONNES;GISMARIO;07/04/2025;Aceita;Maio;;;Sim;;;JUAZEIRO;345;;;;;;;;KEVIN;3.0;; R$  -   ;JUAZEIRO;30/04/2025;NÃO;ETIQUETA NÃO SIMPLIFICADA;;;;
LPT;B-1090033;MP-CIND-RUA DANTA CATARINA BAZUCA-RURAL;SENTO SÉ;25/02/2025;05/03/2025;;21,0;;ERICA;;SIM;Conciliado;;Postado;;Movimentado;; R$  2.020,22 ; R$  3.880,86 ;R$ 64.355,78;;R$ 211.069,41;Sem pendencia;Coelba;SANTIAGO;FABIO;07/04/2025;Aceita;Junho;;05/06/2025;Nao;;;JUAZEIRO;324;;;;;;;;KEVIN;8.0;; R$  -   ;JUAZEIRO;29/05/2025;NÃO;ETIQUETA NÃO SIMPLIFICADA;;;;
UTEP;B-1165511;UB-CIND-RUA-VILA AZUL 446-VILA AZUL;CASA NOVA ;11/03/2025;12/03/2025;;4,0;;JORGE;;SIM;Conciliado;;Postado;;Movimentado;; R$  -   ; R$  739,21 ;R$ 9.124,69;;R$ 28.146,21;Sem pendencia;Coelba;HELIO FONSECA;HELIO FONSECA;08/04/2025;Aceita;Abril;;;Sim;;;JUAZEIRO;310;;;;;;;;JORGE;1.0;; R$  -   ;REMANSO;15/04/2025;SIM;APROVADA;;;;
UTEP;B-1158075;ER-CIND-AV-UAUA-CENTRO;UAUÁ;07/03/2025;13/03/2025;;4,0;;MATEUS;;SIM;Conciliado;;;;Movimentado;45741; R$  -   ; R$  739,21 ;R$ 7.413,71;;R$ 14.010,82;Sem pendencia;Coelba;EDIE JONNES;MAURICIO;10/04/2025;Aceita;Maio;;;Sim;;;JUAZEIRO;314;;;;;;;;X;6.0;; R$  -   ;JUAZEIRO;16/04/2025;SIM;NÃO POSTADO;;;;
UTEP;B-1115402;AC-GRUA-AV-DES OUVALDO-CENTRO;SENTO SÉ;10/01/2025;07/02/2025;;1,0;;BEATRIZ;;SIM;Conciliado;;Postado;;Movimentado;; R$  1.965,28 ; R$  184,80 ;R$ 5.192,15;;R$ 12.576,55;Sem pendencia;Coelba;SANTIAGO;FABIO;10/04/2025;Aceita;Junho;;03/06/2025;Nao;;;JUAZEIRO;370;;;;;;;;KEVIN;28.0;; R$  -   ;JUAZEIRO;26/05/2025;SIM;APROVADA;GPM;;;
UTEP;B-1103577;MP CIND FAZ SOSSEGO CACIMBA DOS PANDUS;JUAZEIRO;08/01/2025;15/01/2025;;14,0;;BEATRIZ;;SIM;Conciliado;45335;Postado;45730;Movimentado;45730; R$  1.707,73 ; R$  2.587,24 ;R$ 36.324,07;;R$ 270.528,29;Sem pendencia;Coelba;SANTIAGO;PAULO;10/04/2025;Aceita;Junho;;03/06/2025;Nao;;;JUAZEIRO;372;;;;;;;;MATEUS;7.0;; R$  -   ;JUAZEIRO;19/05/2025;NÃO;ETIQUETA NÃO SIMPLIFICADA;;;;
LPT;B-1108281;ER-CIND-POV-PAUDARCO-MUQUEM;JUAZEIRO;11/02/2025;12/02/2025;;8,0;;MATEUS;;SIM;Conciliado;;Postado;45735;Movimentado;45713; R$  -   ; R$  1.478,42 ;R$ 18.443,14;;R$ 24.317,68;Sem pendencia;Coelba;EDIE JONNES;GISMARIO / MANUTENÇÃO;12/04/2025;Aceita;Maio;;;Sim;;;JUAZEIRO;338;;;;;;;;AGEU;1.0;; R$  -   ;JUAZEIRO;;NÃO;ETIQUETA NÃO SIMPLIFICADA;;;;
UTEP;B-1084183;RR-CCOL-RCL-POV-DE LAJES-LAJES;JUAZEIRO;02/04/2025;04/04/2025;;60,0;;MICHEL;;SIM;Conciliado;;;;Movimentado;; R$  11.851,02 ; R$  11.088,18 ;R$ 127.265,50;;R$ 274.737,62;Sem pendencia;Coelba;SANTIAGO;PAULO;12/04/2025;Aceita;Maio;;;Sim;;;JUAZEIRO;288;;;;;;;;RUBEM;2.0;; R$  -   ;JUAZEIRO;29/04/2025;NÃO;ETIQUETA NÃO SIMPLIFICADA;;;;
UTEP;B-1182027;IE-BC AUTOMATICO-RMN-01Z2-B781464;REMANSO;15/01/2025;29/01/2025;;1,0;;MATEUS;;SIM;Conciliado;;;;Movimentado;; R$  5.778,20 ; R$  184,80 ;R$ 7.231,99;;R$ 78.117,80;Sem pendencia;Coelba;ANDERSON;LINHA VIVA;12/04/2025;Aceita;Maio;;;Sim;;;JUAZEIRO;365;;;;;;;;KEVIN;14.0;; R$  -   ;REMANSO;30/04/2025;SIM;ETIQUETA NÃO SIMPLIFICADA;whatsapp;;;
UTEP;B-1140190;AC-CIND-POV-LAGOINHA-RURAL;JUAZEIRO;26/02/2025;07/03/2025;;1,0;;MATEUS;;SIM;Conciliado;45757;Postado;45735;Movimentado;45376; R$  1.379,77 ; R$  184,80 ;R$ 8.359,91;;R$ 36.390,95;Sem pendencia;Coelba;EDIE JHONNES;GISMARIO;12/04/2025;Aceita;Agosto;;14/08/2025;Nao;;;JUAZEIRO;323;;;;;;;;MATEUS;9.0;; R$  -   ;JUAZEIRO;11/08/2025;NÃO;ETIQUETA NÃO SIMPLIFICADA;;;;
UTEP;B-1111815;LD - CIND - FAZ VERMELHO - RURAL;JUAZEIRO;27/01/2025;29/01/2025;;16,0;;MATEUS;;SIM;Conciliado;;Postado;45727;Movimentado;45709; R$  1.340,98 ; R$  2.956,85 ;R$ 32.869,65;;R$ 197.295,38;Sem pendencia;Coelba;EDIE JONNES;GERALDO;12/04/2025;Aceita;Abril;;;Sim;;;JUAZEIRO;353;;;;;;;;X;2.0;; R$  -   ;JUAZEIRO;;NÃO;ETIQUETA NÃO SIMPLIFICADA;;;;
LPT;B-1146821;ER-CIND-POV-CURRAL VELHO-RURAL;CURAÇÁ;07/01/2025;10/01/2025;;2,0;;MATEUS;;SIM;Conciliado;;;;Movimentado;; R$  -   ; R$  369,61 ;R$ 3.602,44;;R$ 30.904,63;Sem pendencia;Coelba;EDIE JONNES;MAURICIO;14/04/2025;Aceita;Maio;;;Sim;;;JUAZEIRO;373;;;;;;;;KEVIN;3.0;; R$  -   ;JUAZEIRO;23/04/2025;SIM;EVIDENCIA INSU. - GPM;FOTO DO POSTE BT, ESFORÇOS DOS POSTES, PLACA DO TRAFO E CIA, NUMERODO PG;;;
UTEP;B-1171528;ER-CIND-SI-FERNANDO BENEVIDES 8-RURAL;CASA NOVA;12/03/2025;13/03/2025;;2,0;;BEATRIZ;;SIM;Conciliado;;;;Movimentado;; R$  -   ; R$  369,61 ;R$ 5.292,30;;R$ 14.698,40;Sem pendencia;Coelba;AILTON;AILTON;14/04/2025;Aceita;Maio;;;Sim;;;JUAZEIRO;309;;;;;;;;JORGE;1.0;; R$  -   ;REMANSO;07/05/2025;SIM;APROVADA;;;;
LPT;B-0237059;MP-CCOL-POV DESTERRO-CAIÇARA-RURAL;CASA NOVA;31/03/2025;31/03/2025;;807,0;;JORGE;;SIM;Conciliado;;;;Movimentado;; R$  1.159,64 ; R$  149.136,02 ;R$ 719.823,55;;R$ 4.373.226,44;Sem pendencia;Coelba;JORGE;JORGE;17/04/2025;Aceita;Maio;;;Sim;;;JUAZEIRO;290;;;;;;;;JORGE;0.0;; R$  -   ;REMANSO;24/04/2025;NÃO;ETIQUETA NÃO SIMPLIFICADA;;;;
LPT;B-1185447;MD-CCOL-POV DESTERRO-CAIÇARA-RURAL;CASA NOVA;31/03/2025;31/03/2025;;0,0;;JORGE;;SIM;Conciliado;;;;Movimentado;; R$  -   ; R$  -   ;R$ 6.488,01;;R$ 71.114,58;Sem pendencia;Coelba;JORGE;JORGE;22/04/2025;Aceita;Maio;;;Sim;;;JUAZEIRO;290;;;;;;;;JORGE;0.0;; R$  -   ;REMANSO;;NÃO;ETIQUETA NÃO SIMPLIFICADA;;;;
LPT;B-1185460;KT-MP-CCOL-POV DESTERRO-CAIÇARA-RURAL;CASA NOVA;31/03/2025;31/03/2025;;0,0;;JORGE;;SIM;Conciliado;;;;Movimentado;; R$  -   ; R$  -   ;R$ 13.698,37;;R$ 171.686,12;Sem pendencia;Coelba;JORGE;JORGE;22/04/2025;Aceita;Maio;;;Sim;;;JUAZEIRO;290;;;;;;;;JORGE;0.0;; R$  -   ;REMANSO;;SIM;ETIQUETA NÃO SIMPLIFICADA;;;;
LPT - MED;B-1185449;MD-SEIN-RUA-JOSE CARLOS-PEDRA GRANDE;JUAZEIRO;27/02/2025;05/03/2025;;0,0;;MATEUS;;SIM;Conciliado;;;;Movimentado;; R$  -   ; R$  -   ;R$ 174,03;;R$ 1.077,49;Sem pendencia;Coelba;MICHEL;LIGAÇÃO;22/04/2025;Aceita;Maio;;;Sim;;;JUAZEIRO;322;;;;;;;;X;6.0;; R$  -   ;JUAZEIRO;;SIM;;;;;
LPT - KIT;B-1185442;KT-SEIN-RUA-JOSE CARLOS-PEDRA GRANDE;JUAZEIRO;27/02/2025;05/03/2025;;0,0;;MATEUS;;SIM;Conciliado;;;;Movimentado;; R$  -   ; R$  -   ;R$ 331,35;;R$ 2.601,30;Sem pendencia;Coelba;MICHEL;LIGAÇÃO;22/04/2025;Aceita;Maio;;;Sim;;;JUAZEIRO;322;;;;;;;;X;6.0;; R$  -   ;JUAZEIRO;;SIM;;;;;
UTEP;B-1185092;AC-CIND-RUA-NAPOLEAO LAUREANO-SANTO ANTO;JUAZEIRO;21/07/2025;21/07/2025;;0,0;;BRUNO;;SIM;Conciliado;;Postado;21/07/2025;Movimentado;;; R$  -   ;R$ 877,29;;R$ 31.594,83;Sem pendencia;Coelba;EDIE JONNES;PEDRO LINO;01/08/2025;Aceita;Dezembro;;01/12/2025;Nao;;;JUAZEIRO;178;;;;;;;;BRUNO;0.0;; R$  -   ;JUAZEIRO;24/11/2025;SIM;APROVADA;;;;
LPT - MED;B-1184963;MD-CIND-POV-LAGOA SALITRE-LAGOA;JUAZEIRO;26/01/2025;29/01/2025;;0,0;;MATEUS;;SIM;Conciliado;;;;Movimentado;; R$  -   ; R$  -   ;R$ 696,15;;R$ 8.619,95;Sem pendencia;Coelba;MICHEL;LIGAÇÃO;22/04/2025;Aceita;Maio;;;Sim;;;JUAZEIRO;354;;;;;;;;X;3.0;; R$  -   ;JUAZEIRO;01/05/2025;SIM;;;;;
LPT - KIT;B-1184946;KT-CIND-POV-LAGOA SALITRE-LAGOA;JUAZEIRO;26/01/2025;29/01/2025;;0,0;;MATEUS;;SIM;Conciliado;;;;Movimentado;; R$  -   ; R$  -   ;R$ 484,91;;R$ 20.810,44;Sem pendencia;Coelba;MICHEL;LIGAÇÃO;22/04/2025;Aceita;Maio;;;Sim;;;JUAZEIRO;354;;;;;;;;X;3.0;; R$  -   ;JUAZEIRO;01/05/2025;SIM;;;;;
LPT - MED;B-1188395;MD-CIND-FAZ JUREMAL-ITAPERA;SENTO SÉ;10/03/2025;13/03/2025;;0,0;;MATEUS;;SIM;Conciliado;;;;Movimentado;; R$  -   ; R$  -   ;R$ 174,03;;R$ 1.087,21;Sem pendencia;Coelba;MICHEL;LIGAÇÃO;22/04/2025;Aceita;Junho;;;Nao;;;JUAZEIRO;311;;;;;;;;X;3.0;; R$  -   ;JUAZEIRO;28/05/2025;SIM;ETIQUETA NÃO SIMPLIFICADA;;;;
UTEP;B-1205723;AC-CIND-POV-PINHOES-PINHOES ;JUAZEIRO;09/09/2025;12/09/2025;;0,0;;BRUNO;;SIM;Conciliado;;;08/11/2025;Movimentado;; R$  -   ; R$  -   ;R$ 6.873,57;;R$ 33.959,26;Sem pendencia;Coelba;ANDERSON;PEDRO BATISTA / IVONALDO;25/11/2025;Aceita;Dezembro;;04/12/2025;;;;JUAZEIRO;128;;;;;;;;BRUNO;3.0;ERRO DE BITOLA GSE; R$  -   ;JUAZEIRO;02/12/2025;SIM;;;;;
UTEP;B-1141818;ER-CIND-SI-PASCACIO-RURAL;CASA NOVA;26/09/2025;03/10/2025;;0,0;;BRUNO;;SIM;Conciliado;14/11/2025;;10/11/2025;Almoxarifado;; R$  -   ; R$  -   ;R$ 6.867,86;;R$ 26.704,72;Sem pendencia;Coelba;SANTIAGO;IVONALDO / FERNANDO;14/11/2025;Aceita;Dezembro;;04/12/2025;;;;JUAZEIRO;111;;;;;;;;BRUNO;7.0;; R$  -   ;REMANSO;01/12/2025;SIM;ETIQUETA NÃO SIMPLIFICADA;;;;
LPT - KIT;B-1189091;KT-CIND-FAZ JUREMAL-ITAPERA;SENTO SÉ;10/03/2025;13/03/2025;;0,0;;MATEUS;;SIM;Conciliado;;;;Movimentado;; R$  -   ; R$  -   ;R$ 331,35;;R$ 1.087,21;Sem pendencia;Coelba;MICHEL;LIGAÇÃO;22/04/2025;Aceita;Junho;;;Nao;;;JUAZEIRO;311;;;;;;;;X;3.0;; R$  -   ;JUAZEIRO;28/05/2025;SIM;ETIQUETA NÃO SIMPLIFICADA;;;;
LPT - KIT;B-1185446;KT-CIND-POV-CURRAL VELHO-RURAL;CURAÇÁ;07/01/2025;10/01/2025;;0,0;;MATEUS;;SIM;Conciliado;;;;Movimentado;; R$  -   ; R$  -   ;R$ 331,35;;R$ 2.670,07;Sem pendencia;Coelba;MICHEL;LIGAÇÃO;23/04/2025;Aceita;Maio;;;Sim;;;JUAZEIRO;373;;;;;;;;KEVIN;3.0;; R$  -   ;JUAZEIRO;;SIM;;;;;
LPT - MED;B-1185455;MD-CIND-POV-CURRAL VELHO-RURAL;CURAÇÁ;07/01/2025;10/01/2025;;0,0;;MATEUS;;SIM;Conciliado;;;;Movimentado;; R$  -   ; R$  -   ;R$ 174,03;;R$ 1.077,49;Sem pendencia;Coelba;MICHEL;LIGAÇÃO;23/04/2025;Aceita;Maio;;;Sim;;;JUAZEIRO;373;;;;;;;;KEVIN;3.0;; R$  -   ;JUAZEIRO;;SIM;;;;;
REPT;B-1121713;ER-CIND-POV-ALTAO 600-PAPAGAIO;UAUÁ;28/02/2025;05/03/2025;;25,0;;MATEUS;;SIM;Conciliado;;Postado;45735;Movimentado;45742; R$  1.417,39 ; R$  4.620,08 ;R$ 47.379,22;;R$ 143.990,76;Sem pendencia;Coelba;EDIE JONNES;MAURICIO;24/04/2025;Aceita;Maio;;;Sim;;;JUAZEIRO;321;;;;;;;;AGEU;5.0;; R$  -   ;JUAZEIRO;05/05/2025;NÃO;ETIQUETA NÃO SIMPLIFICADA;;LV - SIPEL;;
UTEP;B-1137653;AC-CIND-FAZ-PROJETO CURACA-RURAL;JUAZEIRO;25/01/2025;29/01/2025;;3,0;;MATEUS;;SIM;Conciliado;;;;Movimentado;45763; R$  3.418,70 ; R$  554,41 ;R$ 9.812,98;;R$ 39.100,45;Sem pendencia;Coelba;EDIE JONNES;GERALDO;24/04/2025;Aceita;Junho;;;Nao;;;JUAZEIRO;355;;;;;;;;KEVIN;4.0;; R$  -   ;JUAZEIRO;29/05/2025;SIM;NÃO POSTADO;;LV - SIPEL;;
UTEP;B-1151682;UB-CIND-RUA-B-CENTRO;JUAZEIRO;27/01/2025;29/01/2025;;7,0;;MATEUS;;SIM;Conciliado;;;;Movimentado;45763; R$  2.264,29 ; R$  1.293,62 ;R$ 17.324,87;;R$ 72.090,21;Sem pendencia;Coelba;EDIE JONNES; GISMARIO ;25/04/2025;Aceita;Maio;;;Sim;;;JUAZEIRO;353;;;;;;;;KEVIN;2.0;; R$  -   ;JUAZEIRO;01/05/2025;NÃO;ETIQUETA NÃO SIMPLIFICADA;;LV - SIPEL;;
UTEP;B-1085090;AL-01V2-NOVA TOURÃO-CONSTRUÇÃO (ITEM 2);JUAZEIRO;03/04/2025;03/04/2025;;41,0;;CLEITISVAL;;SIM;Conciliado;;;;Movimentado;; R$  10.299,88 ; R$  7.576,92 ;R$ 160.098,08;;R$ 662.264,85;Sem pendencia;Coelba;SANTIAGO/ RODRIGUES / IVONALDO;SANTIAGO/ RODRIGUES / IVONALDO;25/04/2025;Aceita;Maio;;;Sim;;;JUAZEIRO;287;;;;;;;;CLEITISVAL;0.0;; R$  -   ;JUAZEIRO;07/05/2025;NÃO;ETIQUETA NÃO SIMPLIFICADA;;;;
LPT;B-1157410;ER-CIND-POV-JUNCO 7 SN-JUNCO;SENTO SÉ;18/02/2025;19/02/2025;;1,0;;ERICA;;SIM;Conciliado;;;;Movimentado;45763; R$  3.409,25 ; R$  184,80 ;R$ 5.365,49;;R$ 19.704,12;Sem pendencia;Coelba;SANTIAGO;FABIO;25/04/2025;Aceita;Maio;;;Sim;;;JUAZEIRO;331;;;;;;;;KEVIN;1.0;; R$  -   ;JUAZEIRO;15/05/2025;SIM;EVIDENCIA INSU. - GPM;;LV - SIPEL;;
LPT - MED;B-1190558;MD-CIND-POV-JUNCO 7 SN-JUNCO;SENTO SÉ;18/02/2025;19/02/2025;;0,0;;ERICA;;SIM;Conciliado;;;;Movimentado;45763; R$  -   ; R$  -   ;R$ 182,78;;R$ 1.087,33;Sem pendencia;Coelba;MICHEL;LIGAÇÃO;25/04/2025;Aceita;Maio;;;Sim;;;JUAZEIRO;331;;;;;;;;X;1.0;; R$  -   ;JUAZEIRO;15/05/2025;SIM;;;;;
LPT - KIT;B-1190490;KT-CIND-POV-JUNCO 7 SN-JUNCO;SENTO SÉ;18/02/2025;19/02/2025;;0,0;;ERICA;;SIM;Conciliado;;;;Movimentado;45763; R$  -   ; R$  -   ;R$ 331,35;;R$ 2.671,24;Sem pendencia;Coelba;MICHEL;LIGAÇÃO;25/04/2025;Aceita;Maio;;;Sim;;;JUAZEIRO;331;;;;;;;;X;1.0;; R$  -   ;JUAZEIRO;15/05/2025;SIM;;;;;
UTEP;B-1106990;UB-COEL-RCL-AV-JORGE KHOURY-QUIDE;JUAZEIRO;05/03/2025;07/03/2025;;13,0;;MATEUS;;SIM;Conciliado;;;;Movimentado;45730; R$  2.736,27 ; R$  2.402,44 ;R$ 29.493,82;;R$ 94.233,05;Sem pendencia;Coelba;EDIE JONNES;GISMARIO;25/04/2025;Aceita;Maio;;;Sim;;;JUAZEIRO;316;;;;;;;;X;2.0;; R$  -   ;JUAZEIRO;16/05/2025;NÃO;ETIQUETA NÃO SIMPLIFICADA;;;;
LPT - MED;B-1176000;MD-CIND-POV-SALINA DA BRICA 3437 --H-URB;CASA NOVA;18/01/2025;12/02/2025;;0,0;;MATEUS;;SIM;Conciliado;;;;Movimentado;; R$  -   ; R$  -   ;R$ 174,03;;R$ 1.097,31;Sem pendencia;Coelba;MICHEL;LIGAÇÃO;29/04/2025;Aceita;Julho;;15/07/2025;Nao;;;JUAZEIRO;362;;;;;;;;X;25.0;; R$  -   ;REMANSO;11/06/2025;SIM;ETIQUETA NÃO SIMPLIFICADA;;;;
LPT;B-1149164;RR-CIND-POV-SALINA DA BRICA 3437 --H-URB;CASA NOVA;18/01/2025;12/02/2025;;11,0;;MATEUS;;SIM;Conciliado;;Postado;;Movimentado;45763; R$  2.877,20 ; R$  2.032,83 ;R$ 25.960,84;;R$ 81.040,62;Sem pendencia;Coelba;RODRIGUES;DANIEL;29/04/2025;Aceita;Julho;;15/07/2025;Nao;;;JUAZEIRO;362;;;;;;;;KEVIN;25.0;; R$  -   ;REMANSO;11/06/2025;NÃO;ETIQUETA NÃO SIMPLIFICADA;;LV - SIPEL;;
LPT - KIT;B-1175999;KT-CIND-POV-SALINA DA BRICA 3437 --H-URB;CASA NOVA;18/01/2025;12/02/2025;;0,0;;MATEUS;;SIM;Conciliado;;;;Movimentado;; R$  -   ; R$  -   ;R$ 121,23;;R$ 2.693,52;Sem pendencia;Coelba;MICHEL;LIGAÇÃO;29/04/2025;Aceita;Julho;;15/07/2025;Nao;;;JUAZEIRO;362;;;;;;;;X;25.0;; R$  -   ;REMANSO;11/06/2025;SIM;ETIQUETA NÃO SIMPLIFICADA;;;;
LPT - MED;B-1185453;MD-CCOL-SI-FELICIANO-FELICIANO;UAUÁ;31/01/2025;07/02/2025;;0,0;;ERICA;;SIM;Conciliado;;;;Movimentado;; R$  -   ; R$  -   ;R$ 731,12;;R$ 6.464,96;Sem pendencia;Coelba;MICHEL;LIGAÇÃO;30/04/2025;Aceita;Maio;;;Sim;;;JUAZEIRO;349;;;;;;;;X;7.0;; R$  -   ;JUAZEIRO;08/05/2025;SIM;;;;;
LPT - KIT;B-1185444;KT-CCOL-SI-FELICIANO-FELICIANO;UAUÁ;31/01/2025;07/02/2025;;0,0;;ERICA;;SIM;Conciliado;;;;Movimentado;; R$  -   ; R$  -   ;R$ 1.115,26;;R$ 15.607,84;Sem pendencia;Coelba;MICHEL;LIGAÇÃO;30/04/2025;Aceita;Maio;;;Sim;;;JUAZEIRO;349;;;;;;;;X;7.0;; R$  -   ;JUAZEIRO;08/05/2025;SIM;;;;;
LPT - KIT;B-1176406;KT-CIND-POV-CAMPOS-CAMPOS;JUAZEIRO;16/12/2024;19/12/2024;;0,0;;MATEUS;;SIM;Conciliado;;;;Movimentado;; R$  -   ; R$  -   ;R$ 331,35;;R$ 2.695,00;Sem pendencia;Coelba;MICHEL;LIGAÇÃO;30/04/2025;Aceita;Maio;;;Sim;;;JUAZEIRO;395;;;;;;;;X;3.0;; R$  -   ;JUAZEIRO;15/05/2025;SIM;ETIQUETA NÃO SIMPLIFICADA;;;;
LPT - MED;B-1176407;MD-CIND-POV-CAMPOS-CAMPOS;JUAZEIRO;16/12/2024;19/12/2024;;0,0;;MATEUS;;SIM;Conciliado;;;;Movimentado;; R$  -   ; R$  -   ;R$ 182,78;;R$ 1.093,23;Sem pendencia;Coelba;MICHEL;LIGAÇÃO;30/04/2025;Aceita;Maio;;;Sim;;;JUAZEIRO;395;;;;;;;;X;3.0;; R$  -   ;JUAZEIRO;15/05/2025;SIM;ETIQUETA NÃO SIMPLIFICADA;;;;
UTEP;B-1164126;ER-CIND-POV-ALTO MULUNGU-RURAL;SENTO SÉ;05/02/2025;19/02/2025;;7,0;;ERICA;;SIM;Conciliado;;;;Movimentado;45763; R$  1.307,26 ; R$  1.293,62 ;R$ 12.994,89;;R$ 39.878,44;Sem pendencia;Coelba;SANTIAGO;FABIO;02/05/2025;Aceita;Junho;;;Nao;;;JUAZEIRO;344;;;;;;;;KEVIN;14.0;; R$  -   ;JUAZEIRO;20/05/2025;NÃO;ETIQUETA NÃO SIMPLIFICADA;;LV - SIPEL;;
UTEP;B-1180209;ER-CIND-POV-CURRAL VELHO-RURAL;CURAÇÁ;28/03/2025;02/04/2025;;2,0;;MICHEL;;SIM;Conciliado;;;;Movimentado;; R$  -   ; R$  369,61 ;R$ 6.148,19;;R$ 14.843,77;Sem pendencia;Coelba;EDIE JONNES;MAURICIO;06/05/2025;Aceita;Maio;;;Sim;;;JUAZEIRO;293;;;;;;;;BEATRIZ;5.0;; R$  -   ;JUAZEIRO;;NÃO;ETIQUETA NÃO SIMPLIFICADA;;;;
UTEP;B-1078188;ER-CIND-SI-MONTE ALEGRE-BARAUNA RURAL;JUAZEIRO;31/03/2025;07/04/2025;;14,0;;MICHEL;;SIM;Conciliado;;;;Movimentado;; R$  -   ; R$  2.587,24 ;R$ 30.027,05;;R$ 84.598,67;Sem pendencia;Coelba;EDIE JONNES; JUAREZ;06/05/2025;Aceita;Maio;;;Sim;;;JUAZEIRO;290;;;;;;;;BEATRIZ;7.0;; R$  -   ;JUAZEIRO;;NÃO;ETIQUETA NÃO SIMPLIFICADA;;;;
UTEP;B-1171680;UB - CIND RUA MARIA AURORA 58 - URBANO;JUAZEIRO;28/03/2025;02/04/2025;;1,0;;BEATRIZ;;SIM;Conciliado;;;;Movimentado;45778; R$  -   ; R$  184,80 ;R$ 1.899,87;;R$ 7.133,75;Sem pendencia;Coelba;ANDERSON;PEDRO BATISTA;06/05/2025;Aceita;Maio;;12/05/2025;Sim;;;JUAZEIRO;293;;;;;;;;MATEUS;5.0;; R$  -   ;JUAZEIRO;;SIM;APROVADA;;;;
UTEP;B-1161606;ER-CIND-FAZ-POCINHO 70-RURAL;JUAZEIRO;29/03/2025;02/04/2025;;8,0;;MICHEL;;SIM;Conciliado;;;;Movimentado;; R$  3.136,69 ; R$  1.478,42 ;R$ 27.035,53;;R$ 49.405,65;Sem pendencia;Coelba;EDIE JONNES;MAURICIO;07/05/2025;Aceita;Maio;;;Sim;;;JUAZEIRO;292;;;;;;;;BEATRIZ;4.0;; R$  -   ;JUAZEIRO;;NÃO;ETIQUETA NÃO SIMPLIFICADA;LV - SIPEL;;;
UTEP;B-1172617;UB-CIND-AV-POUSADA-CENTRO;UAUÁ;10/04/2025;23/04/2025;;1,0;;GUILHERME;;SIM;Conciliado;45780;Postado;;Movimentado;; R$  -   ; R$  184,80 ;R$ 3.057,60;;R$ 5.110,28;Sem pendencia;Coelba;EDIE JONNES;MAURICIO;07/05/2025;Aceita;Maio;;;Sim;;;JUAZEIRO;280;;;;;;;;BEATRIZ;13.0;; R$  -   ;JUAZEIRO;;SIM;APROVADA;;;;
UTEP;B-1153621;ER-CIND-POV-LAGOA GRANDE-RURAL;JUAZEIRO;25/03/2025;02/04/2025;;6,0;;MICHEL;;SIM;Conciliado;;;;Movimentado;; R$  -   ; R$  1.108,82 ;R$ 10.200,00;;R$ 60.071,04;Sem pendencia;Coelba;EDIE JONNES;GISMARIO;07/05/2025;Aceita;Maio;;;Sim;;;JUAZEIRO;296;;;;;;;;BEATRIZ;8.0;; R$  -   ;JUAZEIRO;15/05/2025;NÃO;ETIQUETA NÃO SIMPLIFICADA;LV - SIPEL;;;
UTEP;B-1179825;FVU-RELIGADOR-CSN-01C1-G49127;REMANSO;21/03/2025;09/04/2025;;0,0;;MATEUS;;SIM;Conciliado;;;;Movimentado;45761; R$  -   ; R$  -   ;R$ 305,57;;R$ 98.022,63;Sem pendencia;Coelba;ANDERSON;MANUTENÇÃO;07/05/2025;Aceita;Maio;;;Sim;;;JUAZEIRO;300;;;;;;;;BEATRIZ;19.0;; R$  -   ;REMANSO;;SIM;ETIQUETA NÃO SIMPLIFICADA;LM;;;
UTEP;B-1133629;RR-CIND-FAZ-FLORESTA ALGODAO VELHO-RR;SOBRADINHO ;26/03/2025;07/04/2025;;4,0;;MICHEL;;SIM;Conciliado;;;;Movimentado;; R$  4.201,93 ; R$  739,21 ;R$ 14.302,49;;R$ 44.411,86;Sem pendencia;Coelba;SANTIAGO;FERNANDO;07/05/2025;Aceita;Junho;;;Nao;;;JUAZEIRO;295;;;;;;;;BEATRIZ;12.0;; R$  -   ;JUAZEIRO;23/05/2025;SIM;EVIDENCIA INSU. - GPM;;;;
UTEP;B-1101459;ER-CIND-POV-PROJ MANICOBA-RURAL;JUAZEIRO;25/03/2025;02/04/2025;;10,0;;MICHEL;;SIM;Conciliado;;;;Movimentado;; R$  -   ; R$  1.848,03 ;R$ 17.421,09;;R$ 66.363,08;Sem pendencia;Coelba;EDIE JONNES;GISMARIO;07/05/2025;Aceita;Junho;;;Nao;;;JUAZEIRO;296;;;;;;;;BEATRIZ;8.0;; R$  -   ;JUAZEIRO;27/05/2025;NÃO;ETIQUETA NÃO SIMPLIFICADA;LV - SIPEL;;;
LPT;B-1032702;MP CIND POV TOME RURAL;JUAZEIRO;16/04/2025;23/04/2025;;32,0;;MICHEL;;SIM;Conciliado;;;;Movimentado;; R$  1.649,37 ; R$  5.913,70 ;R$ 77.783,95;;R$ 440.383,01;Sem pendencia;Coelba;EDIE JONNES;GISMARIO;08/05/2025;Aceita;Junho;;;Nao;;;JUAZEIRO;274;;;;;;;;BEATRIZ;7.0;; R$  -   ;JUAZEIRO;22/05/2025;NÃO;ETIQUETA NÃO SIMPLIFICADA;;;;
UTEP;B-1185355;FVU-RELIGADOR-MND-01N5-D05173;REMANSO;21/03/2025;09/04/2025;;0,0;;MATEUS;;SIM;Conciliado;;;;Movimentado;45761; R$  -   ; R$  -   ;R$ 305,57;;R$ 96.925,43;Sem pendencia;Coelba;ANDERSON;MANUTENÇÃO;09/05/2025;Aceita;Maio;;;Sim;;;JUAZEIRO;300;;;;;;;;BEATRIZ;19.0;; R$  -   ;REMANSO;;SIM;ETIQUETA NÃO SIMPLIFICADA;LM;;;
UTEP;B-1135743;ER-CIND-FAZ-QUEIMADAS DOS LOIOLAS-RURAL;UAUÁ;22/03/2025;02/04/2025;;10,0;;MATEUS;;SIM;Conciliado;;Postado;;Movimentado;45751; R$  3.418,70 ; R$  1.848,03 ;R$ 28.928,40;;R$ 65.779,41;Sem pendencia;Coelba;EDIE JONNES;MAURICIO;09/05/2025;Aceita;Maio;;;Sim;;;JUAZEIRO;299;;;;;;;;BEATRIZ;11.0;; R$  -   ;JUAZEIRO;;NÃO;ETIQUETA NÃO SIMPLIFICADA;LV - SIPEL;;;
UTEP;B-1088197;AL - 01V5 - NOVA TOUR O - CONSTRU O;JUAZEIRO;03/04/2025;03/04/2025;;27,0;;CLEITISVAL;;SIM;Conciliado;;;;Movimentado;; R$  5.461,72 ; R$  4.989,68 ;R$ 81.626,75;;R$ 384.280,60;Sem pendencia;Coelba;SANTIAGO/ RODRIGUES / IVONALDO;SANTIAGO/ RODRIGUES / IVONALDO;09/05/2025;Aceita;Maio;;;Sim;;;JUAZEIRO;287;;;;;;;;CLEITISVAL;0.0;; R$  -   ;JUAZEIRO;;NÃO;ETIQUETA NÃO SIMPLIFICADA;;;;
LPT - KIT;B-1177718;KT-CIND-POV-CURACA-RR JUAZEIRO;JUAZEIRO;28/11/2024;29/11/2024;;0,0;;MATEUS;;SIM;Conciliado;;;;Movimentado;; R$  -   ; R$  -   ;R$ 331,35;;R$ 2.972,61;Sem pendencia;Coelba;MICHEL;LIGAÇÃO;09/05/2025;Aceita;Maio;;;Sim;;;JUAZEIRO;413;;;;;;;;X;1.0;; R$  -   ;JUAZEIRO;;SIM;;;;;
LPT - MED;B-1177719;MD-CIND-POV-CURACA-RR JUAZEIRO;JUAZEIRO;28/11/2024;29/11/2024;;0,0;;MATEUS;;SIM;Conciliado;;;;Movimentado;; R$  -   ; R$  -   ;R$ 182,78;;R$ 1.093,23;Sem pendencia;Coelba;MICHEL;LIGAÇÃO;09/05/2025;Aceita;Maio;;;Sim;;;JUAZEIRO;413;;;;;;;;X;1.0;; R$  -   ;JUAZEIRO;;SIM;;;;;
UTEP;B-1189982;UB-CIND-ROD-235 KM-CENTRO-REMANSO;REMANSO;01/04/2025;23/04/2025;;1,0;;BEATRIZ;;SIM;Conciliado;45780;;;Movimentado;45784; R$  -   ; R$  184,80 ;R$ 1.858,28;;R$ 9.587,30;Sem pendencia;Coelba;ANDERSON;MANUTENÇÃO;09/05/2025;Aceita;Maio;;21/05/2025;Sim;;;JUAZEIRO;289;;;;;;;;MATEUS;22.0;; R$  -   ;REMANSO;;NÃO;ETIQUETA NÃO SIMPLIFICADA;;;;
UTEP;B-1166776;ER-CIND-POV-NOVO MARCOS-MARCOS;REMANSO;28/02/2025;01/03/2025;;3,0;;BEATRIZ;;SIM;Conciliado;;Postado;;Movimentado;45860; R$  1.791,93 ; R$  554,41 ;R$ 13.537,19;;R$ 89.583,34;Sem pendencia;Coelba;PAULO JUNIOR;DOMINGOS;09/05/2025;Aceita;Agosto;;15/08/2025;Nao;;;JUAZEIRO;321;;;;;;;;JORGE;1.0;; R$  -   ;REMANSO;13/08/2025;SIM;ETIQUETA NÃO SIMPLIFICADA;LV - SIPEL;;;
UTEP;B-1179431;UB-CIND-RUA-CAVA CH O-ALTO DO MALAQUIAS;UAUÁ;11/04/2025;23/04/2025;;3,0;;GUILHERME;;SIM;Conciliado;45782;;;Movimentado;45782; R$  -   ; R$  554,41 ;R$ 5.524,09;;R$ 18.857,60;Sem pendencia;Coelba;EDIE JONNES;MAURICIO;10/05/2025;Aceita;Maio;;;Sim;;;JUAZEIRO;279;;;;;;;;GUILHERME;12.0;; R$  -   ;JUAZEIRO;;SIM;;;;;
UTEP;B-1156043;ER-CIND-POV- LOGO VEM 1226-LOGO VEM;CASA NOVA;13/03/2025;14/03/2025;;1,0;;BEATRIZ;;SIM;Conciliado;;Postado;;Movimentado;; R$  3.136,69 ; R$  184,80 ;R$ 5.943,81;;R$ 17.496,10;Sem pendencia;Coelba;AILTON;AILTON;10/05/2025;Aceita;Maio;;13/05/2025;Sim;;;JUAZEIRO;308;;;;;;;;JORGE;1.0;; R$  -   ;REMANSO;;SIM;APROVADA;;;;
UTEP;B-1168734;ER-CIND-ROD-CASA NOVA 7888-RURAL;CASA NOVA ;12/03/2025;18/03/2025;;1,0;;BEATRIZ;;SIM;Conciliado;;Postado;;Movimentado;; R$  3.409,25 ; R$  184,80 ;R$ 6.123,88;;R$ 32.275,00;Sem pendencia;Coelba;AILTON;AILTON;10/05/2025;Aceita;Maio;;21/05/2025;Sim;;;JUAZEIRO;309;;;;;;;;JORGE;6.0;; R$  -   ;REMANSO;17/05/2025;SIM;APROVADA;;;;
UTEP;B-1182582;ER-CIND-SI ASSENT SAO JOSE-RURAL;CASA NOVA;13/03/2025;14/03/2025;;1,0;;BEATRIZ;;SIM;Conciliado;;;;Movimentado;; R$  -   ; R$  184,80 ;R$ 1.674,15;;R$ 4.265,79;Sem pendencia;Coelba;AILTON;AILTON;10/05/2025;Aceita;Junho;;13/05/2025;Nao;;;JUAZEIRO;308;;;;;;;;JORGE;1.0;; R$  -   ;REMANSO;;NÃO;APROVADA;;;;
UTEP;B-1090457;MP-CIND-POV-TRAIRAS-RURAL;SENTO SÉ;31/01/2025;18/02/2025;;14,0;;ERICA;;SIM;Conciliado;;;;Movimentado;45763; R$  1.838,88 ; R$  2.587,24 ;R$ 25.983,97;;R$ 136.540,41;Sem pendencia;Coelba;SANTIAGO;FABIO;10/05/2025;Aceita;Junho;;05/06/2025;Nao;;;JUAZEIRO;349;;;;;;;;KEVIN;18.0;; R$  -   ;JUAZEIRO;23/05/2025;NÃO;ETIQUETA NÃO SIMPLIFICADA;;;;
UTEP;B-1158653;UB-CIND-RUA-QD M 3-A-S O FRANCISCO;CASA NOVA ;08/03/2025;10/03/2025;;1,0;;BEATRIZ;;SIM;Conciliado;;Postado;;Movimentado;; R$  3.233,94 ; R$  184,80 ;R$ 6.751,94;;R$ 28.673,93;Sem pendencia;Coelba;PAULO JUNIOR;PAULO JUNIOR;10/05/2025;Aceita;Julho;;17/06/2025;Nao;;;JUAZEIRO;313;;;;;;;;JORGE;2.0;; R$  -   ;REMANSO;12/06/2025;SIM;APROVADA;;;;
UTEP;B-1045844;AC-CCOL-POV.ENTRONCAMENTO-REG.FV-RURAL;CASA NOVA;25/02/2025;27/02/2025;;30,0;;BEATRIZ;;SIM;Conciliado;;;;Movimentado;45860; R$  5.597,20 ; R$  5.544,09 ;R$ 74.393,78;;R$ 485.086,60;Sem pendencia;Coelba;DANIEL VITERBO;DANIEL VITERBO;10/05/2025;Aceita;Agosto;;14/08/2025;Nao;;;JUAZEIRO;324;;;;;;;;JORGE;2.0;; R$  -   ;REMANSO;11/08/2025;NÃO;ETIQUETA NÃO SIMPLIFICADA;LV - SIPEL;;;
UTEP;B-1165218;ER-CIND-RUA-S O FRANCISCO-CENTRO;REMANSO;21/02/2025;24/02/2025;;1,0;;BEATRIZ;;SIM;Conciliado;;;;Movimentado;45863; R$  -   ; R$  184,80 ;R$ 2.314,75;;R$ 31.777,61;Sem pendencia;Coelba;DOMINGOS ;DOMINGOS ;10/05/2025;Aceita;Agosto;;18/08/2025;Nao;;;JUAZEIRO;328;;;;;;;;JORGE;3.0;; R$  -   ;REMANSO;12/08/2025;SIM;APROVADA;;;;
UTEP;B-1157169;AC-CIND-RUA-BLOCO E-VILA SANTANA;SOBRADINHO ;14/03/2025;23/04/2025;;0,0;;BEATRIZ;;SIM;Conciliado;45777;;;Movimentado;45790; R$  -   ; R$  -   ;R$ 1.178,96;;R$ 48.070,15;Sem pendencia;Coelba;SANTIAGO;CARLOS;13/05/2025;Aceita;Maio;;15/05/2025;Sim;;;JUAZEIRO;307;;;;;;;;BEATRIZ;40.0;; R$  -   ;JUAZEIRO;;SIM;APROVADA;LM;;;
UTEP;B-1173382;UB-PREF-RUA WILSON C BRANCO-QUADRA 16;REMANSO;19/02/2025;20/02/2025;;1,0;;BEATRIZ;;SIM;Conciliado;;Postado;;Movimentado;; R$  1.791,93 ; R$  184,80 ;R$ 6.285,18;;R$ 37.914,41;Sem pendencia;Coelba;DOMINGOS ;DOMINGOS ;13/05/2025;Aceita;Julho;;17/06/2025;Nao;;;JUAZEIRO;330;;;;;;;;JORGE;1.0;; R$  -   ;REMANSO;12/06/2025;SIM;APROVADA;LV - SIPEL;;;
UTEP;B-1176079;UB-CIND-ET-SERRA DA BATATEIRA-J PAULO II;JUAZEIRO;04/04/2025;23/04/2025;;0,0;;BEATRIZ;;SIM;Conciliado;45776;;;Movimentado;45786; R$  -   ; R$  -   ;R$ 366,67;;R$ 1.374,26;Sem pendencia;Coelba;CARLOS / SANTIAGO;CARLOS / SANTIAGO;14/05/2025;Aceita;Maio;;21/05/2025;Sim;;;JUAZEIRO;286;;;;;;;;BEATRIZ;19.0;; R$  -   ;JUAZEIRO;;SIM;S/EVIDENCIA- GPM;;;;
UTEP;B-1157379;RS-COEL-SAIDA AL NOVA TOURAO;JUAZEIRO;30/04/2025;30/04/2025;;0,0;;CLEITISVAL;;SIM;Conciliado;;;;Movimentado;; R$  -   ; R$  -   ;R$ 125.420,86;;R$ 1.374.462,12;Sem pendencia;Coelba;SANTIAGO ;IVONALDO;14/05/2025;Aceita;Junho;;;Nao;;;JUAZEIRO;260;;;;;;;;CLEITISVAL;0.0;; R$  -   ;JUAZEIRO;23/05/2025;NÃO;ETIQUETA NÃO SIMPLIFICADA;;;;
LPT - MED;B-1090036;MD-CIND-RUA DANTA CATARINA BAZUCA-RURAL;SENTO SÉ;25/02/2025;05/03/2025;;0,0;;MATEUS;;SIM;Conciliado;;;;Movimentado;; R$  -   ; R$  -   ;R$ 174,03;;R$ 225,51;Sem pendencia;Coelba;MICHEL;LIGAÇÃO;14/05/2025;Aceita;Junho;;;Nao;;;JUAZEIRO;324;;;;;;;;X;8.0;; R$  -   ;JUAZEIRO;;SIM;ETIQUETA NÃO SIMPLIFICADA;;;;
LPT - KIT;B-1090035;KT-CIND-RUA DANTA CATARINA BAZUCA-RURAL;SENTO SÉ;25/02/2025;05/03/2025;;0,0;;MATEUS;;SIM;Conciliado;;;;Movimentado;; R$  -   ; R$  -   ;R$ 331,35;;R$ 2.892,80;Sem pendencia;Coelba;MICHEL;LIGAÇÃO;14/05/2025;Aceita;Junho;;;Nao;;;JUAZEIRO;324;;;;;;;;X;8.0;; R$  -   ;JUAZEIRO;;SIM;ETIQUETA NÃO SIMPLIFICADA;;;;
LPT - KIT;B-1201133;KT-CIND-FAZ CAPIM RURAL;UAUÁ;22/03/2025;02/04/2025;;0,0;;MATEUS;;SIM;Conciliado;;;;Movimentado;45752; R$  -   ; R$  -   ;R$ 121,23;;R$ 4.348,26;Sem pendencia;Coelba;MICHEL;LIGAÇÃO;14/05/2025;Aceita;Julho;;17/06/2025;Nao;;;JUAZEIRO;299;;;;;;;;X;11.0;; R$  -   ;JUAZEIRO;;NÃO;ETIQUETA NÃO SIMPLIFICADA;;;;
LPT - MED;B-1201134;MD-CIND-FAZ CAPIM RURAL;UAUÁ;22/03/2025;02/04/2025;;0,0;;MATEUS;;SIM;Conciliado;;;;Movimentado;45752; R$  -   ; R$  -   ;R$ 174,03;;R$ 2.173,48;Sem pendencia;Coelba;MICHEL;LIGAÇÃO;14/05/2025;Aceita;Julho;;17/06/2025;Nao;;;JUAZEIRO;299;;;;;;;;X;11.0;; R$  -   ;JUAZEIRO;;NÃO;ETIQUETA NÃO SIMPLIFICADA;;;;
LPT;B-0587070;MP-CIND-FAZ CAPIM RURAL;UAUÁ;22/03/2025;02/04/2025;;11,0;;MATEUS;;SIM;Conciliado;;;;Movimentado;45752; R$  3.243,39 ; R$  2.032,83 ;R$ 23.355,07;;R$ 105.002,47;Sem pendencia;Coelba;EDIE JONNES;MAURICIO;14/05/2025;Aceita;Julho;;17/06/2025;Nao;;;JUAZEIRO;299;;;;;;;;BEATRIZ;11.0;; R$  -   ;JUAZEIRO;;NÃO;ETIQUETA NÃO SIMPLIFICADA;LV - SIPEL;;;
LPT - KIT;B-1184937;KT-SEIN-RUA-DO CEMITERIO-RETIRO DE CIMA;SENTO SÉ;30/01/2025;24/02/2025;;0,0;;ERICA;;SIM;Conciliado;;;;Movimentado;; R$  -   ; R$  -   ;R$ 0,00;;R$ 46.823,49;Sem pendencia;Coelba;MICHEL;LIGAÇÃO;15/05/2025;Aceita;Junho;;02/06/2025;Nao;;;JUAZEIRO;350;;;;;;;;CAIO;25.0;; R$  -   ;JUAZEIRO;27/05/2025;SIM;ETIQUETA NÃO SIMPLIFICADA;;;;
LPT - MED;B-1184954;MD-SEIN-RUA-DO CEMITERIO-RETIRO DE CIMA;SENTO SÉ;30/01/2025;24/02/2025;;0,0;;ERICA;;SIM;Conciliado;;;;Movimentado;; R$  -   ; R$  -   ;R$ 0,00;;R$ 19.394,88;Sem pendencia;Coelba;MICHEL;LIGAÇÃO;15/05/2025;Aceita;Junho;;02/06/2025;Nao;;;JUAZEIRO;350;;;;;;;;CAIO;25.0;; R$  -   ;JUAZEIRO;27/05/2025;SIM;ETIQUETA NÃO SIMPLIFICADA;;;;
LPT - KIT;B-1083870;KT- MP CIND-FAZ RODEADOURO-RURAL;UAUÁ;29/04/2025;01/05/2025;;0,0;;ERICA;;SIM;Conciliado;;;;Movimentado;; R$  -   ; R$  -   ;R$ 0,00;;R$ 17.746,52;Sem pendencia;Coelba;MICHEL;LIGAÇÃO;15/05/2025;Aceita;Junho;;;Nao;;;JUAZEIRO;261;;;;;;;;CAIO;2.0;; R$  -   ;JUAZEIRO;;SIM;ETIQUETA NÃO SIMPLIFICADA;;;;
LPT - MED;B-1083871;MED MP-CIND-FAZ. RODEADOURO-RURAL;UAUÁ;29/04/2025;01/05/2025;;;;ERICA;;SIM;Conciliado;;;;Movimentado;; R$  -   ; R$  -   ;R$ 0,00;;R$ 1.134,35;Sem pendencia;Coelba;MICHEL;LIGAÇÃO;15/05/2025;Aceita;Junho;;;Nao;;;JUAZEIRO;261;;;;;;;;CAIO;2.0;; R$  -   ;JUAZEIRO;;SIM;ETIQUETA NÃO SIMPLIFICADA;;;;
LPT;B-1083865;MP-CIND-FAZ. RODEADOURO-RURAL;UAUÁ;29/04/2025;01/05/2025;;15,0;;GUILHERME;;SIM;Conciliado;45786;Postado;45792;Movimentado;45786; R$  -   ; R$  2.772,05 ;R$ 43.191,67;;R$ 147.918,91;Sem pendencia;Coelba;EDIE JONNES;MAURICIO;15/05/2025;Aceita;Junho;;;Nao;;;JUAZEIRO;261;;;;;;;;GUILHERME;2.0;; R$  -   ;JUAZEIRO;;NÃO;ETIQUETA NÃO SIMPLIFICADA;;;;
LPT - MED;B-1040618;MD-CCOL-POV DESENGANO-RURAL;SENTO SÉ;16/04/2025;16/04/2025;;0,0;;CAIO;;SIM;Conciliado;;;;Movimentado;; R$  -   ; R$  -   ;R$ 2.662,49;;R$ 7.807,41;Sem pendencia;Coelba;MICHEL;LIGAÇÃO;15/05/2025;Aceita;Agosto;;29/07/2025;Nao;;;JUAZEIRO;274;;;;;;;;CAIO;0.0;; R$  -   ;JUAZEIRO;19/07/2025;NÃO;ETIQUETA NÃO SIMPLIFICADA;;;;
LPT;B-1040604;MP-CCOL-POV DESENGANO-RURAL;SENTO SÉ;16/04/2025;16/04/2025;;282,0;;EMERSON;;SIM;Conciliado;;Postado;;Movimentado;; R$  724,06 ; R$  52.114,45 ;R$ 321.898,68;;R$ 2.352.041,01;Sem pendencia;Coelba;EMERSON;EMERSON;15/05/2025;Aceita;Agosto;;29/07/2025;Nao;;;JUAZEIRO;274;;;;;;;;EMERSON;0.0;; R$  -   ;JUAZEIRO;19/07/2025;NÃO;ETIQUETA NÃO SIMPLIFICADA;;;;
LPT - KIT;B-1040608;KT-CCOL-POV DESENGANO-RURAL;SENTO SÉ;16/04/2025;16/04/2025;;0,0;;CAIO;;SIM;Conciliado;;;;Movimentado;; R$  -   ; R$  -   ;R$ 3.887,25;;R$ 91.603,79;Sem pendencia;Coelba;MICHEL;LIGAÇÃO;15/05/2025;Aceita;Agosto;;29/07/2025;Nao;;;JUAZEIRO;274;;;;;;;;CAIO;0.0;; R$  -   ;JUAZEIRO;19/07/2025;NÃO;ETIQUETA NÃO SIMPLIFICADA;;;;
UTEP;B-1173393;ER-CIND-POV-S O DOMINGOS-RURAL;CURAÇÁ;28/03/2025;07/04/2025;;5,0;;MICHEL;;SIM;Conciliado;;;;Movimentado;; R$  -   ; R$  924,02 ;R$ 15.132,84;;R$ 22.376,37;Sem pendencia;Coelba;EDIE JONNES;MAURICIO;16/05/2025;Aceita;Junho;;;Nao;;;JUAZEIRO;293;;;;;;;;BEATRIZ;10.0;; R$  -   ;JUAZEIRO;;SIM;APROVADA;;;;
LPT - KIT;B-1054418;KT-CIND-POV. SANTANA-RURAL;UAUÁ;10/04/2025;17/04/2025;;0,0;;CAIO;;SIM;Conciliado;;;;Movimentado;; R$  -   ; R$  -   ;R$ 0,00;;R$ 2.688,87;Sem pendencia;Coelba;MICHEL;LIGAÇÃO;16/05/2025;Aceita;Junho;;;Nao;;;JUAZEIRO;280;;;;;;;;CAIO;7.0;; R$  -   ;JUAZEIRO;;NÃO;ETIQUETA NÃO SIMPLIFICADA;;;;
LPT - MED;B-1054420;MD-CIND-POV. SANTANA-RURAL;UAUÁ;10/04/2025;17/04/2025;;0,0;;CAIO;;SIM;Conciliado;;;;Movimentado;; R$  -   ; R$  -   ;R$ 0,00;;R$ 215,95;Sem pendencia;Coelba;MICHEL;LIGAÇÃO;16/05/2025;Aceita;Junho;;;Nao;;;JUAZEIRO;280;;;;;;;;CAIO;7.0;; R$  -   ;JUAZEIRO;;NÃO;ETIQUETA NÃO SIMPLIFICADA;;;;
LPT - KIT;B-1117685;KIT LD - CIND - SIT BOM CONSELHO - RURAL;JUAZEIRO;07/01/2025;10/01/2025;;0,0;;MATEUS;;SIM;Conciliado;;;;Movimentado;; R$  -   ; R$  -   ;R$ 242,46;;R$ 15.583,24;Sem pendencia;Coelba;MICHEL;LIGAÇÃO;16/05/2025;Aceita;Junho;;;Nao;;;JUAZEIRO;373;;;;;;;;X;3.0;; R$  -   ;JUAZEIRO;;SIM;ETIQUETA NÃO SIMPLIFICADA;;;;
LPT - MED;B-1117686;MED KIT LD-CIND-SIT BOM CONSELHO-RURAL;JUAZEIRO;07/01/2025;10/01/2025;;0,0;;MATEUS;;SIM;Conciliado;;;;Movimentado;; R$  -   ; R$  -   ;R$ 348,08;;R$ 1.167,71;Sem pendencia;Coelba;MICHEL;LIGAÇÃO;16/05/2025;Aceita;Junho;;;Nao;;;JUAZEIRO;373;;;;;;;;X;3.0;; R$  -   ;JUAZEIRO;;SIM;ETIQUETA NÃO SIMPLIFICADA;;;;
LPT;B-1024582;ER CIND POV MALHADA DA AREIA RURAL;JUAZEIRO;24/03/2025;02/04/2025;;35,0;;CAIO;;SIM;Conciliado;;;;Movimentado;; R$  3.668,29 ; R$  6.468,11 ;R$ 76.604,12;;R$ 276.441,01;Sem pendencia;Coelba;EDIE JONNES;JUAREZ;16/05/2025;Aceita;Junho;;;Nao;;;JUAZEIRO;297;;;;;;;;BEATRIZ;9.0;; R$  -   ;JUAZEIRO;27/05/2025;NÃO;ETIQUETA NÃO SIMPLIFICADA;LV - SIPEL;;;
UTEP;B-0960856;AC-REG-FV-CIND-POV BARRO VERMELHO-BARRO-;CURAÇÁ;31/08/2025;05/09/2025;;29,0;;GUILHERME;;SIM;Conciliado;22/10/2025;;02/10/2025;Movimentado;02/10/2025; R$  -   ; R$  5.359,29 ;R$ 65.342,99;;R$ 102.908,49;Sem pendencia;Coelba;EDIE JONNES;GISMARIO;29/10/2025;Aceita;Novembro;;04/11/2025;;;;JUAZEIRO;137;;;;;;;;GUILHERME;5.0; CRIAÇÃO DE RESERVAS PARA AJUSTES  ; R$  -   ;JUAZEIRO;;NÃO;ETIQUETA NÃO SIMPLIFICADA;;;;
UTEP;B-1173577;ER-CIND-POV-LAGOA SALITRE-RURAL;JUAZEIRO;08/10/2025;14/10/2025;;3,0;;GUILHERME;;SIM;Conciliado;21/10/2025;;;Movimentado;21/10/2025; R$  -   ; R$  554,41 ;R$ 6.715,35;;R$ 17.379,60;Sem pendencia;Coelba;EDIE JONNES;JUAREZ;30/10/2025;Aceita;Novembro;;03/11/2025;;;;JUAZEIRO;99;;;;;;;;GUILHERME;6.0; AGUARDANDO INSERIR RESPONSÁVEL ; R$  -   ;JUAZEIRO;;SIM;;;;;
LPT - KIT;B-1079127;KIT ER CIND POV MALHADA DA AREIA RURAL;JUAZEIRO;24/03/2025;02/04/2025;;0,0;;CAIO;;SIM;Conciliado;;;;Movimentado;; R$  -   ; R$  -   ;R$ 0,00;;R$ 8.028,04;Sem pendencia;Coelba;MICHEL;LIGAÇÃO;16/05/2025;Aceita;Junho;;;Nao;;;JUAZEIRO;297;;;;;;;;CAIO;9.0;; R$  -   ;JUAZEIRO;;SIM;ETIQUETA NÃO SIMPLIFICADA;;;;
LPT - MED;B-1079128;MED ER CIND POV MALHADA DA AREIA RURAL;JUAZEIRO;24/03/2025;02/04/2025;;0,0;;CAIO;;SIM;Conciliado;;;;Movimentado;; R$  -   ; R$  -   ;R$ 0,00;;R$ 227,04;Sem pendencia;Coelba;MICHEL;LIGAÇÃO;16/05/2025;Aceita;Junho;;;Nao;;;JUAZEIRO;297;;;;;;;;CAIO;9.0;; R$  -   ;JUAZEIRO;;SIM;ETIQUETA NÃO SIMPLIFICADA;;;;
UTEP;B-1064697;ER-CIND-POV-PINHOES-RURAL;JUAZEIRO;07/05/2025;07/05/2025;;3,0;;GUILHERME;;SIM;Conciliado;45789;;;Movimentado;45789; R$  -   ; R$  554,41 ;R$ 4.985,17;;R$ 14.950,87;Sem pendencia;Coelba;EDIE JONNES;IVONALDO;17/05/2025;Aceita;Maio;;;Sim;;;JUAZEIRO;253;;;;;;;;GUILHERME;0.0;; R$  -   ;JUAZEIRO;;SIM;APROVADA;;;;
LPT;B-1054419;MP-CIND-POV. SANTANA-RURAL;UAUÁ;10/04/2025;17/04/2025;;13,0;;MICHEL;;SIM;Conciliado;;;;Movimentado;; R$  -   ; R$  2.402,44 ;R$ 37.962,06;;R$ 167.451,27;Sem pendencia;Coelba;EDIE JONNES;MAURICIO;17/05/2025;Aceita;Junho;;;Nao;;;JUAZEIRO;280;;;;;;;;BEATRIZ;7.0;; R$  -   ;JUAZEIRO;;NÃO;ETIQUETA NÃO SIMPLIFICADA;;;;
LPT;B-1149341;RR-SEIN-RUA-DO CEMITERIO-RETIRO DE CIMA;SENTO SÉ;30/01/2025;18/02/2025;;24,0;;BEATRIZ;;SIM;Conciliado;;;;Movimentado;45763; R$  3.940,85 ; R$  4.435,27 ;R$ 42.622,77;;R$ 135.640,41;Sem pendencia;Coelba;SANTIAGO;FABIO;17/05/2025;Aceita;Junho;;02/06/2025;Nao;;;JUAZEIRO;350;;;;;;;;KEVIN;19.0;; R$  -   ;JUAZEIRO;;NÃO;ETIQUETA NÃO SIMPLIFICADA;LV - SIPEL;;;
UTEP;B-1172741;UB-CIND-AV-GIUSEPPE MUCCINI-PIRANGA;JUAZEIRO;15/04/2025;23/04/2025;;3,0;;GUILHERME;;SIM;Conciliado;06/052025;;;Movimentado;45783; R$  -   ; R$  554,41 ;R$ 5.003,13;;R$ 18.646,18;Sem pendencia;Coelba;SANTIAGO;IVONALDO;19/05/2025;Aceita;Junho;;;Nao;;;JUAZEIRO;275;;;;;;;;GUILHERME;8.0;; R$  -   ;JUAZEIRO;;SIM;APROVADA;;;;
UTEP;B-1177220;ER-CCOL-POV-BREJO FORA-BREJO FORA;JUAZEIRO;03/04/2025;07/04/2025;;1,0;;GUILHERME;;SIM;Conciliado;;;;Movimentado;45773; R$  -   ; R$  184,80 ;R$ 1.854,14;;R$ 6.810,47;Sem pendencia;Coelba;EDIE JONNES;GISMARIO;19/05/2025;Aceita;Junho;;;Nao;;;JUAZEIRO;287;;;;;;;;MATEUS;4.0;; R$  -   ;JUAZEIRO;07/06/2025;SIM;ETIQUETA NÃO SIMPLIFICADA;;;;
UTEP;B-1173888;UB-CIND-CJN-JUAZEIRO-JO O PAULO II;JUAZEIRO;03/04/2025;07/04/2025;;2,0;;GUILHERME;;SIM;Conciliado;;;;Movimentado;45778; R$  -   ; R$  369,61 ;R$ 3.397,45;;R$ 12.095,63;Sem pendencia;Coelba;EDIE JONNES/GISMARIO;EDIE JONNES/GISMARIO;20/05/2025;Aceita;Junho;;;Nao;;;JUAZEIRO;287;;;;;;;;GUILHERME;4.0;; R$  -   ;JUAZEIRO;;SIM;ETIQUETA NÃO SIMPLIFICADA;;;;
UTEP;B-1173101;AC-CIND-FAZ-TESTA BRANCA-CALDEIRAO DO AL;UAUÁ;17/04/2025;23/04/2025;;2,0;;GUILHERME;;SIM;Conciliado;45782;Postado;45782;Movimentado;45782; R$  -   ; R$  369,61 ;R$ 6.245,30;;R$ 7.943,54;Sem pendencia;Coelba;EDIE JONNES;MAURICIO;20/05/2025;Aceita;Junho;;;Nao;;;JUAZEIRO;273;;;;;;;;GUILHERME;6.0;; R$  -   ;JUAZEIRO;29/05/2025;SIM;POSTADA;;;;
LPT - KIT;B-1199812;KT-CCOL-POV-BREJO FORA-BREJO FORA;JUAZEIRO;03/04/2025;07/04/2025;;0,0;;ERICA;;SIM;Conciliado;;;;Movimentado;; R$  -   ; R$  -   ;R$ 331,35;;R$ 8.696,52;Sem pendencia;Coelba;EDIE JONNES;GISMARIO;20/05/2025;Aceita;Junho;;;Nao;;;JUAZEIRO;287;;;;;;;;CAIO;4.0;; R$  -   ;JUAZEIRO;07/06/2025;SIM;ETIQUETA NÃO SIMPLIFICADA;;;;
LPT - MED;B-1199852;MD-CCOL-POV-BREJO FORA-BREJO FORA;JUAZEIRO;03/04/2025;07/04/2025;;0,0;;ERICA;;SIM;Conciliado;;;;Movimentado;; R$  -   ; R$  -   ;R$ 182,78;;R$ 4.346,96;Sem pendencia;Coelba;EDIE JONNES;GISMARIO;20/05/2025;Aceita;Junho;;;Nao;;;JUAZEIRO;287;;;;;;;;CAIO;4.0;; R$  -   ;JUAZEIRO;07/06/2025;SIM;ETIQUETA NÃO SIMPLIFICADA;;;;
UTEP;B-1170155;ER-CIND-POV-LADEIRA GRANDE-RURAL;CASA NOVA;14/03/2025;14/03/2025;;0,0;;BEATRIZ;;SIM;Conciliado;;Postado;;Movimentado;; R$  1.829,43 ; R$  -   ;R$ 2.607,68;;R$ 14.887,10;Sem pendencia;Coelba;AILTON;AILTON;22/05/2025;Aceita;Junho;;28/05/2025;Nao;;;JUAZEIRO;307;;;;;;;;JORGE;0.0;; R$  -   ;REMANSO;;SIM;APROVADA;LV - SIPEL;;;
UTEP;B-1172124;RR-CIND-FAZ-MELANCIA-RURAL;CURAÇÁ;26/10/2025;26/10/2025;;29,0;;GUILHERME;;SIM;Conciliado;45969;Postado;45945;Movimentado;45951; R$  2.076,47 ; R$  5.359,29 ;R$ 74.292,35;;R$ 174.156,54;Sem pendencia;Coelba;EDIE JONNES;FABIO;11/11/2025;Aceita;Dezembro;;17/11/2025;;;;JUAZEIRO;81;;;;;;;;GUILHERME;0.0;; R$  -   ;JUAZEIRO;;NÃO;;;;;
LPT;B-1218034;MD-CIND-POV-ALMAS-ALEGRE;SENTO SÉ;27/10/2025;27/10/2025;;0,0;;GUILHERME;;SIM;Conciliado;;;;Movimentado;;; R$  -   ;R$ 254,43;;R$ 1.403,49;Sem pendencia;Coelba;MICHEL;LIGAÇÃO;11/11/2025;Aceita;Dezembro;;18/11/2025;;;;JUAZEIRO;80;;;;;;;;GUILHERME;0.0;; R$  -   ;JUAZEIRO;;SIM;;;;;
LPT;B-1217976;KT-CIND-POV-ALMAS-ALEGRE;SENTO SÉ;28/10/2025;28/10/2025;;0,0;;GUILHERME;;SIM;Conciliado;;;;Movimentado;;; R$  -   ;R$ 569,68;;R$ 3.948,03;Sem pendencia;Coelba;MICHEL;LIGAÇÃO;11/11/2025;Aceita;Dezembro;;18/11/2025;;;;JUAZEIRO;79;;;;;;;;GUILHERME;0.0;; R$  -   ;JUAZEIRO;;SIM;;;;;
LPT;B-0997469;ER-CIND-POV-ALMAS-ALEGRE;SENTO SÉ;29/10/2025;29/10/2025;;43,0;;GUILHERME;;SIM;Conciliado;45971;Postado;45958;Movimentado;45960; R$  3.461,54 ; R$  7.946,53 ;R$ 128.653,18;;R$ 431.864,85;Sem pendencia;Coelba;SANTIAGO;JACKSON;11/11/2025;Aceita;Dezembro;;18/11/2025;;;;JUAZEIRO;78;;;;;;;;GUILHERME;0.0;; R$  -   ;JUAZEIRO;;NÃO;;;;;
UTEP;B-1198741;UB-CIND-RCL-RUA-RUA DILSON VIEIRA-VILA;REMANSO;30/10/2025;30/10/2025;;10,0;;GUILHERME;;SIM;Conciliado;45971;;;Movimentado;45965; R$  -   ; R$  1.848,03 ;R$ 17.503,58;;R$ 59.217,22;Sem pendencia;Coelba;ANDERSON;MANUTENÇÃO;12/11/2025;Aceita;Dezembro;;18/11/2025;;;;JUAZEIRO;77;;;;;;;;LUCAS ;0.0;; R$  -   ;REMANSO;14/11/2025;NÃO;;;;;
UTEP;B-1165825;ER-CIND-POV-CURUNDUNDUN-RURAL;UAUÁ;30/04/2025;05/05/2025;;7,0;;GUILHERME;;SIM;Conciliado;45791;Postado;45791;Movimentado;45790; R$  1.838,88 ; R$  1.293,62 ;R$ 19.593,37;;R$ 55.021,09;Sem pendencia;Coelba;EDIE JONNES;MAURICIO;22/05/2025;Aceita;Junho;;;Nao;;;JUAZEIRO;260;;;;;;;;GUILHERME;5.0;; R$  -   ;JUAZEIRO;;NÃO;ETIQUETA NÃO SIMPLIFICADA;;;;
UTEP;B-1181926;UB-CIND-RUA-ALTO LINDO-CENTRO;JUAZEIRO;12/05/2025;12/05/2025;;1,0;;GUILHERME;;SIM;Conciliado;45796;;45796;Movimentado;; R$  -   ; R$  184,80 ;R$ 1.899,88;;R$ 6.132,08;Sem pendencia;Coelba;EDIE JONNES;GISMARIO;22/05/2025;Aceita;Junho;;;Nao;;;JUAZEIRO;248;;;;;;;;GUILHERME;0.0;; R$  -   ;JUAZEIRO;;SIM;APROVADA;;;;
LPT - KIT;B-1152926;KT-CCOL-RUA BOA SORTE-RURAL;REMANSO;26/04/2025;01/05/2025;;0,0;;BEATRIZ;;SIM;Conciliado;;;;Movimentado;45800; R$  -   ; R$  -   ;R$ 997,18;;R$ 36.940,17;Sem pendencia;Coelba;MICHEL;LIGAÇÃO;23/05/2025;Aceita;Setembro;;22/08/2025;Nao;;;JUAZEIRO;264;;;;;;;;BEATRIZ;5.0;; R$  -   ;REMANSO;16/08/2025;NÃO;ETIQUETA NÃO SIMPLIFICADA;;;;
LPT - MED;B-1152928;MED LD - CIND RUA BOA SORTE - RURAL;REMANSO;26/04/2025;01/05/2025;;0,0;;BEATRIZ;;SIM;Conciliado;;;;Movimentado;45800; R$  -   ; R$  -   ;R$ 508,86;;R$ 2.093,82;Sem pendencia;Coelba;MICHEL;LIGAÇÃO;23/05/2025;Aceita;Setembro;;22/08/2025;Nao;;;JUAZEIRO;264;;;;;;;;BEATRIZ;5.0;; R$  -   ;REMANSO;16/08/2025;NÃO;ETIQUETA NÃO SIMPLIFICADA;;;;
LPT;B-1146501;LD - CIND RUA BOA SORTE - RURAL;REMANSO;26/04/2025;01/05/2025;;30,0;;BEATRIZ;;SIM;Conciliado;;Postado;;Movimentado;45800; R$  -   ; R$  5.544,09 ;R$ 60.242,73;;R$ 196.015,59;Sem pendencia;Coelba;PAULO JUNIOR;DOMINGOS / AILTON;23/05/2025;Aceita;Setembro;;22/08/2025;Nao;;;JUAZEIRO;264;;;;;;;;BEATRIZ;5.0;; R$  -   ;REMANSO;16/08/2025;NÃO;ETIQUETA NÃO SIMPLIFICADA;;;;
UTEP;B-1096776;LD-CIND-FAZ.CURRALINHO-RURAL;CURAÇÁ;13/05/2025;;;1,0;;GUILHERME;;NÃO;Conciliado;45796;;45796;Movimentado;; R$  3.409,25 ; R$  184,80 ;R$ 5.498,48;;R$ 0,00;Sem pendencia;Coelba;EDIE JONNES;JUAREZ;23/05/2025;Aceita;Junho;;;;;;JUAZEIRO;247;;;;;;;;GUILHERME;-45790.0;; R$  -   ;JUAZEIRO;;SIM;APROVADA;;;;
UTEP;B-1062389;LD - CIND POV. LAGES VELHA - RURAL;REMANSO;18/02/2025;20/02/2025;;14,0;;BEATRIZ;;SIM;Conciliado;;Postado;;Movimentado;; R$  3.230,03 ; R$  2.587,24 ;R$ 29.163,12;;R$ 90.568,07;Sem pendencia;Coelba;PAULO JUNIOR;DOMINGOS;23/05/2025;Aceita;Agosto;;25/07/2025;Nao;;;JUAZEIRO;331;;;;;;;;JORGE / BIA;2.0;; R$  -   ;REMANSO;21/07/2025;NÃO;ETIQUETA NÃO SIMPLIFICADA;LV - SIPEL;;;
UTEP;B-1164561;UB-CIND-RUA-5 987-CENTRO;SENTO SÉ;08/05/2025;08/05/2025;;1,0;;EMERSON;;SIM;Conciliado;;Postado;;Movimentado;; R$  -   ; R$  184,80 ;R$ 1.782,71;;R$ 8.115,27;Sem pendencia;Coelba;EMERSON;EMERSON;26/05/2025;Aceita;Junho;;;Nao;;;JUAZEIRO;252;;;;;;;;EMERSON;0.0;; R$  -   ;JUAZEIRO;09/06/2025;SIM;NÃO POSTADO;;;;
LPT;B-0875302;MP-CCOL-POV.LAGOA DOS BOIS-RURAL;JUAZEIRO;06/05/2025;09/05/2025;;38,0;;BEATRIZ;;SIM;Conciliado;;Postado;;Movimentado;; R$  1.704,77 ; R$  7.022,51 ;R$ 94.473,21;;R$ 394.092,32;Sem pendencia;Coelba;EDIE JONNES;JUAREZ;26/05/2025;Aceita;Julho;;07/07/2025;Nao;;;JUAZEIRO;254;;;;;;;;BEATRIZ;3.0;; R$  -   ;JUAZEIRO;26/06/2025;NÃO;ETIQUETA NÃO SIMPLIFICADA;;;;
LPT - KIT;B-0926347;KIT MP CIND POV LAGOA DOS BOIS RURAL;JUAZEIRO;06/05/2025;09/05/2025;;0,0;;BEATRIZ;;SIM;Conciliado;;Postado;;Movimentado;; R$  -   ; R$  -   ;R$ 569,68;;R$ 6.189,29;Sem pendencia;Coelba;MICHEL;LIGAÇÃO;26/05/2025;Aceita;Julho;;07/07/2025;Nao;;;JUAZEIRO;254;;;;;;;;BEATRIZ;3.0;; R$  -   ;JUAZEIRO;26/06/2025;SIM;ETIQUETA NÃO SIMPLIFICADA;;;;
LPT - MED;B-0926358;MED MP CIND POV LAGOA DOS BOIS RURAL;JUAZEIRO;06/05/2025;09/05/2025;;0,0;;BEATRIZ;;SIM;Conciliado;;Postado;;Movimentado;; R$  -   ; R$  -   ;R$ 254,43;;R$ 467,08;Sem pendencia;Coelba;MICHEL;LIGAÇÃO;26/05/2025;Aceita;Julho;;07/07/2025;Nao;;;JUAZEIRO;254;;;;;;;;BEATRIZ;3.0;; R$  -   ;JUAZEIRO;26/06/2025;SIM;ETIQUETA NÃO SIMPLIFICADA;;;;
UTEP;B-1085227;AL - 01V4 - NOVA TOURÃO - CONSTRUÇÃO;JUAZEIRO;01/04/2025;03/04/2025;;4,0;;CLEITISVAL;;SIM;Conciliado;;;;Movimentado;; R$  2.556,14 ; R$  739,21 ;R$ 64.351,29;;R$ 432.656,68;Sem pendencia;Coelba;SANTIAGO;SANTIAGO/ RODRIGUES / IVONALDO;27/05/2025;Aceita;Junho;;;Nao;;;JUAZEIRO;289;;;;;;;;CLEITISVAL;2.0;; R$  -   ;JUAZEIRO;;NÃO;ETIQUETA NÃO SIMPLIFICADA;;;;
UTEP;B-1126389;LD-CCOL-FAZ.RIACHO-RURAL;SENTO SÉ;31/10/2025;31/10/2025;;21,0;;GUILHERME;;SIM;Conciliado;08/11/2025;;;Movimentado;07/11/2025; R$  1.557,88 ; R$  3.880,86 ;R$ 46.749,00;;R$ 276.630,49;Sem pendencia;Coelba;SANTIAGO;JACKSON/FÁBIO;17/11/2025;Aceita;Dezembro;;26/11/2025;;;;JUAZEIRO;76;;;;;;;;GUILHERME;0.0;; R$  -   ;JUAZEIRO;20/11/2025;NÃO;;;;;
UTEP;B-1170033;ER-CIND-RUA-S O PAULO-CENTRO-LA DO PIRES;UAUÁ;26/09/2025;03/10/2025;;9,0;;GUILHERME;;SIM;Conciliado;04/11/2025;Postado;29/10/2025;Movimentado;29/10/2025; R$  19.001,61 ; R$  1.663,23 ;R$ 53.752,66;;R$ 138.568,72;Sem pendencia;Coelba;EDIE JONNES;JUAREZ;21/11/2025;Aceita;Dezembro;;27/11/2025;;;;JUAZEIRO;111;;;;;;;;GUILHERME;7.0; PONTOS POSTADOS NO CES ; R$  -   ;JUAZEIRO;;NÃO;;;;;
LPT;B-1204647;KT-CIND-FAZ RIACHO DO SALGADO-RURAL;UAUÁ;31/10/2025;04/11/2025;;0,0;;GUILHERME;;SIM;Conciliado;;;;Movimentado;;; R$  -   ;R$ 0,00;;;Sem pendencia;Coelba;MICHEL ;LIGAÇÃO ;26/11/2025;Aceita;Dezembro;;01/12/2025;;;;JUAZEIRO;76;;;;;;;;GUILHERME;4.0;;;JUAZEIRO;;;;;;;
LPT;B-1141962;MED MP CIND FAZ RIACHO DO SALGADO RURAL;UAUÁ;31/10/2025;04/11/2025;;0,0;;GUILHERME;;SIM;Conciliado;;;;Movimentado;;; R$  -   ;R$ 0,00;;;Sem pendencia;Coelba;MICHEL ;LIGAÇÃO ;26/11/2025;Aceita;Dezembro;;01/12/2025;;;;JUAZEIRO;76;;;;;;;;GUILHERME;4.0;;;JUAZEIRO;;;;;;;
UTEP;B-1202786;ER-CIND-POV-MULUNGU-RURAL;JUAZEIRO;03/11/2025;06/11/2025;;13,0;;GUILHERME;;SIM;Conciliado;24/11/2025;Postado;;Movimentado;19/11/2025; R$  1.576,71 ; R$  2.402,44 ;R$ 39.405,61;;R$ 97.744,85;Sem pendencia;Coelba;RODRIGUES;PAULO/CARLOS EDUARDO;26/11/2025;Aceita;Dezembro;;03/12/2025;;;;JUAZEIRO;73;;;;;;;;GUILHERME;3.0; CAVA EM ROCHA COM PERFURATRIZ - KLC  ; R$  -   ;JUAZEIRO;01/12/2025;NÃO;;;;;
LPT;B-1141961;MP-CIND-FAZ RIACHO DO SALGADO-RURAL;UAUÁ;31/10/2025;04/11/2025;;14,0;;GUILHERME;;SIM;Conciliado;14/11/2025;Postado;26/11/2025;Movimentado;12/11/2025; R$  1.341,00 ; R$  2.587,24 ;R$ 52.561,54;;R$ 161.302,77;Sem pendencia;Coelba;RODRIGUES;DOMINGOS;26/11/2025;Aceita;Dezembro;;01/12/2025;;;;JUAZEIRO;76;;;;;;;;GUILHERME;4.0;; R$  -   ;JUAZEIRO;;NÃO;;;;;
UTEP;B-1184513;ER-CIND-POV-MANGUEIRA II-MANGUEIRAS;CASA NOVA ;14/03/2025;15/03/2025;;0,0;;BEATRIZ;;SIM;Conciliado;;Postado;;Movimentado;; R$  1.829,43 ; R$  -   ;R$ 2.550,51;;R$ 11.503,88;Sem pendencia;Coelba;PAULO JUNIOR;AILTON;27/05/2025;Aceita;Junho;;03/06/2025;Nao;;;JUAZEIRO;307;;;;;;;;JORGE;1.0;; R$  -   ;REMANSO;;NÃO;APROVADA;LV - SIPEL;;;
UTEP;B-1139824;RR-CIND-POV- TIGRE -RURAL;CASA NOVA;13/03/2025;14/03/2025;;3,0;;BEATRIZ;;SIM;Conciliado;;Postado;;Movimentado;; R$  3.409,25 ; R$  554,41 ;R$ 11.209,69;;R$ 36.755,22;Sem pendencia;Coelba;AILTON;AILTON;28/05/2025;Aceita;Junho;;30/05/2025;Nao;;;JUAZEIRO;308;;;;;;;;JORGE;1.0;; R$  -   ;REMANSO;;SIM;APROVADA;LV - SIPEL;;;
LPT - MED;B-1169838;MD-CIND-POV-SERRA D BOA VISTA-MASSAROCA;JUAZEIRO;30/11/2024;30/11/2024;;0,0;;CAIO;;SIM;Conciliado;;Postado;;Movimentado;; R$  -   ; R$  -   ;R$ 182,78;;R$ 1.096,74;Sem pendencia;Coelba;MICHEL;LIGAÇÃO;29/05/2025;Aceita;Junho;;02/06/2025;Nao;;;JUAZEIRO;411;;;;;;;;CAIO;0.0;; R$  -   ;JUAZEIRO;;NÃO;ETIQUETA NÃO SIMPLIFICADA;;;;
UTEP;B-1177596;"UB-CIND RO BR 235 105 - CASA NOVA";CASA NOVA;28/08/2025;02/09/2025;;0,0;;GUILHERME;;SIM;Conciliado;24/11/2025;;;Movimentado;14/11/2025; R$  -   ; R$  -   ;R$ 3.548,48;;R$ 46.530,49;Sem pendencia;Coelba;SANTIAGO;FERNANDO;26/11/2025;Aceita;Dezembro;;02/12/2025;;;;JUAZEIRO;140;;;;;;;;GUILHERME;5.0;; R$  -   ;REMANSO;;SIM;;;;;
UTEP;B-1204722;ER-CIND-POV-CAPIM GROSSO-RURAL;SENTO SÉ;25/11/2025;27/11/2025;;8,0;;GUILHERME;;SIM;Conciliado;4/12/2025;Postado;02/12/2025;Movimentado;02/12/2025; R$  3.749,19 ; R$  1.478,42 ;R$ 21.677,65;;R$ 68.346,24;Sem pendencia;Coelba;SANTIAGO;FÁBIO;04/12/2025;Aceita;Dezembro;;09/12/2025;;;;JUAZEIRO;51;;;;;;;;GUILHERME;2.0;;;JUAZEIRO;;NÃO;;;;;
UTEP;B-1085504;AL - 01V1 - NOVA TOURÃO - CONSTRUÇÃO;JUAZEIRO;31/03/2025;03/04/2025;;10,0;;CLEITISVAL;;SIM;Conciliado;;;;Movimentado;; R$  2.562,88 ; R$  1.848,03 ;R$ 54.701,20;;R$ 623.161,78;Sem pendencia;Coelba;SANTIAGO;RODRIGUES / IVONALDO;31/05/2025;Aceita;Junho;;;Nao;;;JUAZEIRO;290;;;;;;;;CLEITISVAL;3.0;; R$  -   ;JUAZEIRO;;NÃO;ETIQUETA NÃO SIMPLIFICADA;;;;
UTEP;B-1190119;UB-CIND-CA-J 357-PARQUE RESIDENCIAL;JUAZEIRO;30/04/2025;07/05/2025;;0,0;;GUILHERME;;SIM;Conciliado;45793;;45787;Movimentado;; R$  -   ; R$  -   ;R$ 1.745,42;;R$ 32.419,62;Sem pendencia;Coelba;ANDERSON;PEDRO BATISTA;31/05/2025;Aceita;Junho;;;Nao;;;JUAZEIRO;260;;;;;;;;GUILHERME;7.0;; R$  -   ;JUAZEIRO;;SIM;ETIQUETA NÃO SIMPLIFICADA;;;;
UTEP;B-1204112;ER-CIND-POV-DE CAPEADO-CAPEADO;SENTO SÉ;13/11/2025;14/11/2025;;6,0;;GUILHERME;;SIM;Conciliado;26/11/2025;Postado;;Movimentado;19/11/2025; R$  1.518,70 ; R$  1.108,82 ;R$ 16.173,82;;R$ 35.479,06;Sem pendencia;Coelba;SANTIAGO;JACSON;01/12/2025;Aceita;Dezembro;;05/12/2025;;;;JUAZEIRO;63;;;;;;;;GUILHERME;1.0;; R$  -   ;JUAZEIRO;;NÃO;;;;;
UTEP;B-1165609;LD-CIND-POV-DESENGANO-RURAL;SENTO SÉ;24/05/2025;24/05/2025;;11,0;;EMERSON;;SIM;Conciliado;;Postado;;Movimentado;; R$  -   ; R$  2.032,83 ;R$ 18.982,50;;R$ 58.958,21;Sem pendencia;Coelba;EMERSON;EMERSON;02/06/2025;Aceita;Julho;;27/06/2025;Nao;;;JUAZEIRO;236;;;;;;;;EMERSON;0.0;; R$  -   ;JUAZEIRO;16/06/2025;NÃO;ETIQUETA NÃO SIMPLIFICADA;;;;
UTEP;B-1142581;RC-CIND-AV-08 150-QUIDE;JUAZEIRO;10/09/2025;12/09/2025;;7,0;;GUILHERME;;SIM;Conciliado;26/11/2025;;;Movimentado;14/10/2025; R$  -   ; R$  1.293,62 ;R$ 13.993,84;;R$ 20.129,67;Sem pendencia;Coelba;ANDERSON;PEDRO BATISTA;01/12/2025;Aceita;Dezembro;;04/12/2025;;;;JUAZEIRO;127;;;;;;;;GUILHERME;2.0;; R$  -   ;JUAZEIRO;03/12/2025;NÃO;;;;;
UTEP;B-1209983;AC-CIND-RUA-05 QDA N 22-VILA SAO JOAQUIM;SOBRADINHO;18/09/2025;19/09/2025;;2,0;;GUILHERME;;SIM;Conciliado;11/11/2025;;;Movimentado;05/11/2025; R$  4.148,17 ; R$  369,61 ;R$ 10.921,78;;R$ 59.494,36;Sem pendencia;Coelba;ANDERSON;PEDRO BATISTA;04/12/2025;Aceita;Dezembro;;09/12/2025;;;;JUAZEIRO;119;;;;;;;;GUILHERME;1.0;; R$  -   ;JUAZEIRO;05/12/2025;SIM;;;;;
UTEP;B-1195826;ER-CIND-RUA-03-CICERO BORGES;SENTO SÉ;14/11/2025;20/11/2025;;4,0;;GUILHERME;;SIM;Conciliado;04/12/2025;;;Movimentado;27/11/2025; R$  3.644,03 ; R$  739,21 ;R$ 12.003,36;;R$ 33.133,35;Sem pendencia;Coelba;SANTIAGO;JACSON;05/12/2025;Aceita;Dezembro;;10/12/2025;;;;JUAZEIRO;62;;;;;;;;BEATRIZ;6.0;; R$  -   ;JUAZEIRO;;SIM;;;;;
UTEP;B-1207626;ER-CIND-POV-BRJEO SECO 440-PATAMUTE;CURAÇÁ;13/11/2025;17/11/2025;;1,0;;GUILHERME;;SIM;Conciliado;04/12/2025;Postado;;Movimentado;29/11/2025; R$  -   ; R$  184,80 ;R$ 6.237,91;;R$ 19.358,59;Sem pendencia;Coelba;RODRIGUES;DOMINGOS;05/12/2025;Aceita;Dezembro;;10/12/2025;;;;JUAZEIRO;63;;;;;;;;GUILHERME;4.0;; R$  -   ;JUAZEIRO;;SIM;;;;;
UTEP;B-1156234;ER-CIND-POV-TATAUI 3-RURAL;SOBRADINHO ;25/03/2025;07/04/2025;;2,0;;MATEUS;;SIM;Conciliado;45770;;;Movimentado;45778; R$  3.136,69 ; R$  369,61 ;R$ 7.093,81;;R$ 18.305,76;Sem pendencia;Coelba;SANTIAGO;CARLOS;03/06/2025;Aceita;Julho;;21/07/2025;Nao;;;JUAZEIRO;296;;;;;;;;BEATRIZ;13.0;; R$  -   ;JUAZEIRO;16/07/2025;SIM;EVIDENCIA INSU. - GPM;;;;
LPT;B-1161975;ER CIND SITIO NOVO RURAL;SOBRADINHO ;25/03/2025;02/04/2025;;2,0;;MATEUS;;SIM;Conciliado;45770;Postado;;Movimentado;45776; R$  3.409,25 ; R$  369,61 ;R$ 8.602,57;;R$ 32.184,30;Sem pendencia;Coelba;EDIE JONNES;MAURICIO;04/06/2025;Aceita;Junho;;;Nao;;;JUAZEIRO;296;;;;;;;;BEATRIZ;8.0;; R$  -   ;JUAZEIRO;;SIM;APROVADA;;;;
LPT - MED;B-1194320;MD-CIND SITIO NOVO RURAL;SOBRADINHO ;25/03/2025;02/04/2025;;0,0;;MATEUS;;SIM;Conciliado;;;;Movimentado;; R$  -   ; R$  -   ;R$ 182,78;;R$ 1.086,74;Sem pendencia;Coelba;MICHEL;LIGAÇÃO;04/06/2025;Aceita;Junho;;;Nao;;;JUAZEIRO;296;;;;;;;;X;8.0;; R$  -   ;JUAZEIRO;;SIM;ETIQUETA NÃO SIMPLIFICADA;;;;
LPT - KIT;B-1194285;KT-CIND SITIO NOVO RURAL;SOBRADINHO ;25/03/2025;02/04/2025;;0,0;;MATEUS;;SIM;Conciliado;;;;Movimentado;; R$  -   ; R$  -   ;R$ 331,35;;R$ 2.174,12;Sem pendencia;Coelba;MICHEL;LIGAÇÃO;04/06/2025;Aceita;Junho;;;Nao;;;JUAZEIRO;296;;;;;;;;X;8.0;; R$  -   ;JUAZEIRO;;SIM;ETIQUETA NÃO SIMPLIFICADA;;;;
UTEP;B-1163359;AC-CIND-POV- JAQUINICO-RURAL;UAUÁ;29/04/2025;07/05/2025;;0,0;;GUILHERME;;SIM;Conciliado;45799;;;Movimentado;; R$  1.829,43 ; R$  -   ;R$ 2.820,12;;R$ 35.251,59;Sem pendencia;Coelba;ANDERSON;PEDRO BATISTA;05/06/2025;Aceita;Junho;;;Nao;;;JUAZEIRO;261;;;;;;;;GUILHERME;8.0;; R$  -   ;JUAZEIRO;;SIM;ETIQUETA NÃO SIMPLIFICADA;;;;
UTEP;B-1164275;IS-CIND-RUA-AGUAS BELAS-MALHADA DA AREIA;JUAZEIRO;12/07/2025;29/07/2025;;5,0;;GUILHERME;;SIM;Conciliado;11/09/2025;;;Movimentado;04/09/2025; R$  -   ; R$  924,02 ;R$ 9.424,02;;R$ 9.556,13;Sem pendencia;Coelba;EDIE JONNES ;PEDRO BATISTA;26/09/2025;Aceita;Outubro;;30/09/2025;;;;JUAZEIRO;187;;;;;;;;GUILHERME;;MOVIMENTAÇÃO DE RESERVAS; R$  -   ;JUAZEIRO;;NÃO;APROVADA;;;;
LPT;B-1021872;ER-CIND-POV-CALDEIRAO GRANDE-CURRAL NOVO;JUAZEIRO;25/04/2025;28/04/2025;;9,0;;BEATRIZ;;SIM;Conciliado;45778;Postado;;Movimentado;45779; R$  -   ; R$  1.663,23 ;R$ 19.595,54;;R$ 34.445,62;Sem pendencia;Coelba;EDIE JONNES;GISMARIO ;05/06/2025;Aceita;Julho;;18/06/2025;Nao;;;JUAZEIRO;265;;;;;;;;RUBEM;3.0;; R$  -   ;JUAZEIRO;09/06/2025;NÃO;ETIQUETA NÃO SIMPLIFICADA;;;;
UTD;B-1194245;FVU-RELIGADOR-NCU-01Z1-N85680;JUAZEIRO;09/05/2025;24/05/2025;;0,0;;BEATRIZ;;SIM;Conciliado;45803;;-;Movimentado;; R$  -   ; R$  -   ;R$ 248,40;;R$ 100.316,16;Sem pendencia;Coelba;ANDERSON;PEDRO BATISTA;06/06/2025;Aceita;Junho;;13/06/2025;Nao;;;JUAZEIRO;251;;;;;;;;BEATRIZ;15.0;; R$  -   ;JUAZEIRO;;SIM;ETIQUETA NÃO SIMPLIFICADA;;;;
UTEP;B-1225908;ER-CIND-ET-BATATEIRA-RURAL;JUAZEIRO;10/11/2025;27/11/2025;;0,0;;GUILHERME;;SIM;Conciliado;06/12/2025;;;Movimentado;04/12/2025;R$ 707,77;R$ 0,00;R$ 5.905,26;;R$ 34.069,38;Sem pendencia;Coelba;IVONALDO;JUAREZ;11/12/2025;Aceita;Dezembro;;17/12/2025;;;;JUAZEIRO;66;;;;;;;;GUILHERME;17.0;;R$ 0,00;JUAZEIRO;;SIM;;;;;
UTEP;B-1144563;RC-CIND-RUA-ALTO DO CONSELHEIRO-CENTRO;UAUÁ;20/03/2025;02/04/2025;;1,0;;MATEUS;;SIM;Conciliado;45770;Postado;45779;Movimentado;45773; R$  -   ; R$  184,80 ;R$ 2.618,40;;R$ 4.004,37;Sem pendencia;Coelba;EDIE JONNES;MAURICIO;06/06/2025;Aceita;Julho;;;Nao;;;JUAZEIRO;301;;;;;;;;BEATRIZ;13.0;; R$  -   ;JUAZEIRO;;SIM;APROVADA;LM;;;
LPT - MED;B-1075262;MED-CIND-POV-CALDEIRAO GRANDE-CURRAL NOV;JUAZEIRO;25/04/2025;28/04/2025;;0,0;;BEATRIZ;;SIM;Conciliado;;;;Movimentado;; R$  -   ; R$  -   ;R$ 174,03;;R$ 0,00;Sem pendencia;Coelba;MICHEL;LIGAÇÃO;06/06/2025;Aceita;Julho;;18/06/2025;Nao;;;JUAZEIRO;265;;;;;;;;BEATRIZ;3.0;; R$  -   ;JUAZEIRO;09/06/2025;NÃO;ETIQUETA NÃO SIMPLIFICADA;;;;
LPT - KIT;B-1075259;KIT-CIND-POV-CALDEIRAO GRANDE-CURRAL NOV;JUAZEIRO;25/04/2025;28/04/2025;;0,0;;BEATRIZ;;SIM;Conciliado;;;;Movimentado;; R$  -   ; R$  -   ;R$ 121,23;;R$ 0,00;Sem pendencia;Coelba;MICHEL;LIGAÇÃO;06/06/2025;Aceita;Julho;;18/06/2025;Nao;;;JUAZEIRO;265;;;;;;;;BEATRIZ;3.0;; R$  -   ;JUAZEIRO;09/06/2025;NÃO;ETIQUETA NÃO SIMPLIFICADA;;;;
UTEP;B-1122206;AL GRUA ROD BR 324 RURAL;REMANSO;20/03/2025;22/03/2025;;6,0;;BEATRIZ;;SIM;Conciliado;;;;Movimentado;; R$  9.096,20 ; R$  1.108,82 ;R$ 30.851,93;;R$ 503.024,54;Sem pendencia;Coelba;PAULO JUNIOR;DOMINGOS;07/06/2025;Aceita;Junho;;14/06/2025;Nao;;;JUAZEIRO;301;;;;;;;;BEATRIZ;2.0;; R$  -   ;REMANSO;;NÃO;ETIQUETA NÃO SIMPLIFICADA;;;;
UTEP;B-1127996;ER-CIND-POV-RIACHO JUAZEIRO 630 -A-RURAL;UAUÁ;14/05/2025;25/05/2025;;5,0;;GUILHERME;;SIM;Conciliado;45806;Postado;45815;Movimentado;; R$  -   ; R$  924,02 ;R$ 9.962,60;;R$ 17.403,64;Sem pendencia;Coelba;EDIE JONNES ;MAURICIO;07/06/2025;Aceita;Junho;;;Nao;;;JUAZEIRO;246;;;;;;;;GUILHERME;11.0;; R$  -   ;JUAZEIRO;;SIM;APROVADA;;;;
UTEP;B-1059076;MP-CCOL-POV-SERROTIM-RURAL;CURAÇÁ;20/05/2025;25/05/2025;;6,0;;GUILHERME;;SIM;Conciliado;45806;;;Movimentado;; R$  3.249,20 ; R$  1.108,82 ;R$ 14.773,57;;R$ 73.613,28;Sem pendencia;Coelba;EDIE JONNES;GISMARIO;07/06/2025;Aceita;Junho;;;Nao;;;JUAZEIRO;240;;;;;;;;GUILHERME;5.0;; R$  -   ;JUAZEIRO;;NÃO;ETIQUETA NÃO SIMPLIFICADA;;;;
LPT;B-1077391;LD-CIND-POV LAGOA DOS BOIS-LAGOA DOS BO;JUAZEIRO;16/04/2025;22/04/2025;;5,0;;MATEUS;;SIM;Conciliado;45811;Postado;45811;Movimentado;45811; R$  3.409,25 ; R$  924,02 ;R$ 13.628,01;;R$ 50.561,40;Sem pendencia;Coelba;EDIE JONNES;JUAREZ;07/06/2025;Aceita;Junho;;;Nao;;;JUAZEIRO;274;;;;;;;;BEATRIZ;6.0;; R$  -   ;JUAZEIRO;10/06/2025;SIM;APROVADA;;;;
LPT - MED;B-1092818;MED LD-CIND-POV. LAGOA DOS BOIS-RURAL;JUAZEIRO;16/04/2025;22/04/2025;;0,0;;MATEUS;;SIM;Conciliado;;;;Movimentado;; R$  -   ; R$  -   ;R$ 254,43;;R$ 451,01;Sem pendencia;Coelba;MICHEL;LIGAÇÃO;07/06/2025;Aceita;Junho;;;Nao;;;JUAZEIRO;274;;;;;;;;X;6.0;; R$  -   ;JUAZEIRO;;NÃO;ETIQUETA NÃO SIMPLIFICADA;;;;
LPT - KIT;B-1092814;KIT LD-CIND-POV LAGOA DOS BOIS-RURAL;JUAZEIRO;16/04/2025;22/04/2025;;0,0;;MATEUS;;SIM;Conciliado;;;;Movimentado;; R$  -   ; R$  -   ;R$ 284,84;;R$ 6.025,32;Sem pendencia;Coelba;MICHEL;LIGAÇÃO;07/06/2025;Aceita;Junho;;;Nao;;;JUAZEIRO;274;;;;;;;;X;6.0;; R$  -   ;JUAZEIRO;;NÃO;ETIQUETA NÃO SIMPLIFICADA;;;;
LPT - MED;B-1207551;MD-CIND-POV-RIACHO JUAZEIRO 630 -A-RURAL;CASA NOVA;14/05/2025;30/05/2025;;0,0;;GUILHERME;;SIM;Conciliado;;Postado;;Movimentado;; R$  -   ; R$  -   ;R$ 182,78;;R$ 0,00;Sem pendencia;Coelba;MICHEL;LIGAÇÃO;07/06/2025;Aceita;Junho;;13/06/2025;Nao;;;JUAZEIRO;246;;;;;;;;GUILHERME;16.0;; R$  -   ;REMANSO;;NÃO;ETIQUETA NÃO SIMPLIFICADA;;;;
LPT - KIT;B-1207536;KT-CIND-POV-RIACHO JUAZEIRO 630 -A-RURAL;CASA NOVA;14/05/2025;30/05/2025;;0,0;;GUILHERME;;SIM;Conciliado;;Postado;;Movimentado;; R$  -   ; R$  -   ;R$ 331,35;;R$ 2.174,12;Sem pendencia;Coelba;MICHEL;LIGAÇÃO;07/06/2025;Aceita;Junho;;13/06/2025;Nao;;;JUAZEIRO;246;;;;;;;;GUILHERME;16.0;; R$  -   ;REMANSO;;NÃO;ETIQUETA NÃO SIMPLIFICADA;;;;
UTEP;B-1007462;ER-CIND-POV-MASSAPE-BOQUEIRAO;JUAZEIRO;20/03/2025;02/04/2025;;26,0;;MATEUS;;SIM;Conciliado;;Postado;;Movimentado;45750; R$  -   ; R$  4.804,88 ;R$ 57.425,81;;R$ 92.870,13;Sem pendencia;Coelba;EDIE JONNES;GISMARIO;07/06/2025;Aceita;Julho;;02/07/2025;Nao;;;JUAZEIRO;301;;;;;;;;BEATRIZ;13.0;; R$  -   ;JUAZEIRO;13/06/2025;NÃO;ETIQUETA NÃO SIMPLIFICADA;LM;;;
UTEP;B-1178440;AC-CIND-REG FV-POV-TANQUE NOVO-RURAL ;JUAZEIRO;13/09/2025;22/09/2025;;26,0;;GUILHERME;;SIM;Conciliado;10/10/2025;Postado;03/10/2025;Movimentado;03/10/2025; R$  -   ; R$  4.804,88 ;R$ 73.706,72;;R$ 183.573,41;Sem pendencia;Coelba;EDIE JONNES;GISMARIO;11/10/2025;Aceita;Outubro;;17/10/2025;;;;JUAZEIRO;124;;;;;;;;GUILHERME;9.0;; R$  -   ;JUAZEIRO;16/10/2025;NÃO;;;;;
UTEP;B-1176266;RR-CIND-POV RIACHO DO SOBRADO-RURAL;CASA NOVA;14/05/2025;30/05/2025;;20,0;;GUILHERME;;SIM;Conciliado;45812;Postado;;Movimentado;; R$  1.340,99 ; R$  3.696,06 ;R$ 53.153,65;;R$ 136.471,64;Sem pendencia;Coelba;PAULO JUNIOR;DANIEL/AILTON;07/06/2025;Aceita;Julho;;01/07/2025;Nao;;;JUAZEIRO;246;;;;;;;;GUILHERME;16.0;; R$  -   ;REMANSO;25/06/2025;NÃO;ETIQUETA NÃO SIMPLIFICADA;;;;
LPT;B-1028355;ER-CIND-POV-SANTA BARBARA-RURAL;SOBRADINHO;01/04/2025;07/04/2025;;4,0;;ERICA;;SIM;Conciliado;;;;Movimentado;; R$  2.614,51 ; R$  739,21 ;R$ 13.315,95;;R$ 25.946,33;Sem pendencia;Coelba;SANTIAGO;CARLOS;07/06/2025;Aceita;Agosto;;01/08/2025;Nao;;;JUAZEIRO;289;;;;;;;;BEATRIZ;6.0;; R$  -   ;JUAZEIRO;29/07/2025;SIM;NÃO POSTADO;LV - SIPEL;;;
UTEP;B-1015836;ER-CCOL-SI-JUAZEIRO-PINHOES;JUAZEIRO;15/04/2025;17/04/2025;;25,0;;BEATRIZ;;SIM;Conciliado;45818;Postado;45855;Movimentado;; R$  9.042,54 ; R$  4.620,08 ;R$ 70.145,69;;R$ 220.850,04;Sem pendencia;Coelba;EDIE JONNES;JUAREZ;07/06/2025;Aceita;Agosto;;19/08/2025;Nao;;;JUAZEIRO;275;;;;;;;;BEATRIZ;2.0;; R$  -   ;JUAZEIRO;14/08/2025;NÃO;ETIQUETA NÃO SIMPLIFICADA;;;;
LPT MED;B-1181233;MD-SEIN-FAZ-BOQUEIRAO 1800 --W-RURAL;CURAÇÁ;28/02/2025;28/02/2025;;0,0;;CLEITISVAL;;SIM;Conciliado;;Postado;;Movimentado;; R$  -   ; R$  -   ;R$ 675,14;;R$ 4.982,29;Sem pendencia;Coelba;MICHEL;LIGAÇÃO;09/06/2025;Aceita;Setembro;;18/09/2025;Nao;;;JUAZEIRO;321;;;;;;;;CAIO;0.0;; R$  -   ;JUAZEIRO;16/09/2025;NÃO;ETIQUETA NÃO SIMPLIFICADA;;;;
LPT KIT;B-1181018;KT-SEIN-FAZ-BOQUEIRAO 1800 --W-RURAL;CURAÇÁ;28/02/2025;28/02/2025;;0,0;;CLEITISVAL;;SIM;Conciliado;;Postado;;Movimentado;; R$  -   ; R$  -   ;R$ 1.970,03;;R$ 9.167,51;Sem pendencia;Coelba;MICHEL;LIGAÇÃO;09/06/2025;Aceita;Setembro;;18/09/2025;Nao;;;JUAZEIRO;321;;;;;;;;CAIO;0.0;; R$  -   ;JUAZEIRO;16/09/2025;NÃO;ETIQUETA NÃO SIMPLIFICADA;;;;
UTEP;B-1170266;IE-RELIGADOR-CSN-01C3-G58377;CASA NOVA;21/06/2025;08/07/2025;;0,0;;GUILHERME;;SIM;Conciliado;10/07/2025;;;Movimentado;08/07/2025; R$  -   ; R$  -   ;R$ 792,43;;R$ 101.523,76;Sem pendencia;Coelba;ANDERSON;COELBA;07/10/2025;Aceita;Outubro;;20/10/2025;;;;JUAZEIRO;208;;;;;;;;GUILHERME;17.0;Aguardando sumir crítica 008 ; R$  -   ;REMANSO;16/10/2025;SIM;NÃO POSTADO;;;;
UTEP;B-1182461;UB-CIND-ROD-235 KM 01 23-CENTRO;REMANSO;01/04/2025;23/04/2025;;1,0;;GUILHERME;;SIM;Conciliado;45813;;;Movimentado;45817; R$  3.409,25 ; R$  184,80 ;R$ 5.688,60;;R$ 33.926,10;Sem pendencia;Coelba;PAULO JUNIOR;DOMINGOS;09/06/2025;Aceita;Junho;;;Nao;;;JUAZEIRO;289;;;;;;;;GUILHERME;22.0;; R$  -   ;REMANSO;;SIM;ETIQUETA NÃO SIMPLIFICADA;;;;
LPT;B-0921232;ER-CIND-POV BARRO VERMELHO-BARRO-CRC;CURAÇÁ;30/08/2025;05/09/2025;;72,0;;GUILHERME;;SIM;Conciliado;10/10/2025;Postado;14/09/2025;Movimentado;01/10/2025; R$  4.860,00 ; R$  13.305,82 ;R$ 223.282,78;;R$ 436.606,19;Sem pendencia;Coelba;EDIE JONNES;GISMARIO;17/10/2025;Aceita;Outubro;;22/10/2025;;;;JUAZEIRO;138;;;;;;;;GUILHERME;6.0;; R$  95.891,92 ;JUAZEIRO;;NÃO;ETIQUETA NÃO SIMPLIFICADA;;;;
LPT;B-1228986;MD-CIND-POV BARRO VERMELHO-BARRO-CRC;CURAÇÁ;30/08/2025;05/09/2025;;0,0;;GUILHERME;;SIM;Conciliado;10/10/2025;Postado;;Movimentado;; R$  -   ; R$  -   ;R$ 254,43;;R$ 2.504,43;Sem pendencia;Coelba;MICHEL;LIGAÇÃO;17/10/2025;Aceita;Outubro;;22/10/2025;;;;JUAZEIRO;138;;;;;;;;GUILHERME;6.0;; R$  -   ;JUAZEIRO;;SIM;ETIQUETA NÃO SIMPLIFICADA;;;;
LPT;B-1228985;KT-CIND-POV BARRO VERMELHO-BARRO-CRC;CURAÇÁ;30/08/2025;05/09/2025;;0,0;;GUILHERME;;SIM;Conciliado;10/10/2025;Postado;;Movimentado;; R$  -   ; R$  -   ;R$ 569,68;;R$ 25.865,42;Sem pendencia;Coelba;MICHEL;LIGAÇÃO;17/10/2025;Aceita;Outubro;;22/10/2025;;;;JUAZEIRO;138;;;;;;;;GUILHERME;6.0;; R$  -   ;JUAZEIRO;;SIM;ETIQUETA NÃO SIMPLIFICADA;;;;
UTEP;B-1088191;AL - 01V8 - NOVA TOUR O - CONSTRU O;JUAZEIRO;06/05/2025;06/05/2025;;4,0;;CLEITISVAL;;SIM;Conciliado;;Postado;;Movimentado;; R$  5.993,34 ; R$  739,21 ;R$ 40.751,16;;R$ 217.097,16;Sem pendencia;Coelba;SANTIAGO;IVONALDO;10/06/2025;Aceita;Junho;;;Nao;;;JUAZEIRO;254;;;;;;;;CLEITISVAL;0.0;; R$  -   ;JUAZEIRO;;SIM;ETIQUETA NÃO SIMPLIFICADA;;;;
UTEP;B-1190327;RC-CIND-FAZ-CASA NOVA-RURAL;CASA NOVA;22/08/2025;09/09/2025;;0,0;;GUILHERME;;SIM;Conciliado;11/10/2025;;;Movimentado;19/09/2025;; R$  -   ;R$ 2.341,20;;R$ 10.062,33;Sem pendencia;Coelba;ANDERSON;MANUTENÇÃO;20/10/2025;Aceita;Outubro;;23/10/2025;;;;JUAZEIRO;146;;;;;;;;GUILHERME;18.0;; R$  -   ;REMANSO;;SIM;NÃO POSTADO;;;;
UTEP;B-1054973;MP-CIND-POV SANTA BARBARA-RURAL;SOBRADINHO;30/05/2025;02/06/2025;;20,0;;CLEITISVAL;;SIM;Conciliado;;;;Movimentado;; R$  -   ; R$  3.696,06 ;R$ 91.109,89;;R$ 198.290,97;Sem pendencia;Coelba;SANTIAGO ;JUAREZ;11/06/2025;Aceita;Julho;;05/07/2025;Nao;;;JUAZEIRO;230;;;;;;;;CLEITISVAL;3.0;; R$  -   ;JUAZEIRO;20/06/2025;NÃO;ETIQUETA NÃO SIMPLIFICADA;;;;
UTEP;B-1193204;ER-CCOL-FAZ-ALEGRIA-DUNAS;CURAÇÁ;15/05/2025;16/05/2025;;2,0;;GUILHERME;;SIM;Conciliado;;;;Movimentado;; R$  -   ; R$  369,61 ;R$ 3.555,57;;R$ 9.710,21;Sem pendencia;Coelba;EDIE JONNES;GISMARIO;12/06/2025;Aceita;Julho;;14/06/2025;Nao;;;JUAZEIRO;245;;;;;;;;GUILHERME;1.0;; R$  -   ;JUAZEIRO;;NÃO;ETIQUETA NÃO SIMPLIFICADA;;;;
LPT;B-1183422;ER-CIND-POV-NEGROS-NEGROS;REMANSO;30/05/2025;30/05/2025;;20,0;;JORGE;;SIM;Conciliado;;;;Movimentado;; R$  10.246,64 ; R$  3.696,06 ;R$ 56.175,21;;R$ 0,00;Sem pendencia;Coelba;JORGE;JORGE;12/06/2025;Aceita;Julho;;02/07/2025;Nao;;;JUAZEIRO;230;;;;;;;;JORGE;0.0;; R$  -   ;REMANSO;27/06/2025;NÃO;ETIQUETA NÃO SIMPLIFICADA;;;;
LPT - MED;B-1209527;MD-CIND-POV-NEGROS-NEGROS;REMANSO;30/05/2025;30/05/2025;;0,0;;CAIO;;SIM;Conciliado;;;;Movimentado;; R$  -   ; R$  -   ;R$ 0,00;;R$ 4.346,96;Sem pendencia;Coelba;MICHEL;LIGAÇÃO;12/06/2025;Aceita;Julho;;01/07/2025;Nao;;;JUAZEIRO;230;;;;;;;;CAIO;0.0;; R$  -   ;REMANSO;27/06/2025;SIM;ETIQUETA NÃO SIMPLIFICADA;;;;
LPT - KIT;B-1209512;KT-CIND-POV-NEGROS-NEGROS;REMANSO;30/05/2025;30/05/2025;;0,0;;CAIO;;SIM;Conciliado;;;;Movimentado;; R$  -   ; R$  -   ;R$ 0,00;;R$ 8.696,52;Sem pendencia;Coelba;MICHEL;LIGAÇÃO;12/06/2025;Aceita;Julho;;01/07/2025;Nao;;;JUAZEIRO;230;;;;;;;;CAIO;0.0;; R$  -   ;REMANSO;27/06/2025;SIM;ETIQUETA NÃO SIMPLIFICADA;;;;
UTEP;B-1201535;AC-REGFV-CCOL-POV DESTERRO-CAI ARA-III;CASA NOVA;27/05/2025;27/05/2025;;94,0;;JORGE;;SIM;Conciliado;;;;Movimentado;; R$  -   ; R$  17.371,48 ;R$ 253.128,38;;R$ 769.784,85;Sem pendencia;Coelba;JORGE;HELIO / BRUNO;12/06/2025;Aceita;Julho;;08/07/2025;Nao;;;JUAZEIRO;233;;;;;;;;JORGE;0.0;; R$  -   ;REMANSO;04/07/2025;NÃO;ETIQUETA NÃO SIMPLIFICADA;;;;
LPT;B-1161990;LD-CCOL-FAZ.SÃO BENTO-RURAL;UAUÁ;16/04/2025;17/04/2025;;13,0;;BEATRIZ;;SIM;Conciliado;45789;;;Movimentado;; R$  -   ; R$  2.402,44 ;R$ 31.737,27;;R$ 101.480,32;Sem pendencia;Coelba;EDIE JONNES;MAURICIO;13/06/2025;Aceita;Junho;;03/07/2025;Nao;;;JUAZEIRO;274;;;;;;;;BEATRIZ;1.0;; R$  -   ;JUAZEIRO;27/06/2025;NÃO;ETIQUETA NÃO SIMPLIFICADA;;;;
UTEP;B-1183735;ER-CIND-POV-JUREMAL 1026-RURAL;JUAZEIRO;03/06/2025;05/06/2025;;1,0;;GUILHERME;;SIM;Conciliado;45819;;;Movimentado;; R$  -   ; R$  184,80 ;R$ 1.637,54;;R$ 6.723,11;Sem pendencia;Coelba;ANDERSON ;PEDRO BATISTA;13/06/2025;Aceita;Julho;;27/06/2025;Nao;;;JUAZEIRO;226;;;;;;;;GUILHERME;2.0;; R$  -   ;JUAZEIRO;;SIM;ETIQUETA NÃO SIMPLIFICADA;;;;
LPT - MED;B-1199012;MD-CCOL-FAZ.SÃO BENTO-RURAL;UAUÁ;16/04/2025;17/04/2025;;0,0;;BEATRIZ;;SIM;Conciliado;;;;Movimentado;; R$  -   ; R$  -   ;R$ 182,78;;R$ 0,00;Sem pendencia;Coelba;MICHEL;LIGAÇÃO;13/06/2025;Aceita;Julho;;03/07/2025;Nao;;;JUAZEIRO;274;;;;;;;;BEATRIZ;1.0;; R$  -   ;JUAZEIRO;27/06/2025;NÃO;ETIQUETA NÃO SIMPLIFICADA;;;;
LPT - KIT;B-1198832;KT-CCOL-FAZ.SÃO BENTO-RURAL;UAUÁ;16/04/2025;17/04/2025;;0,0;;BEATRIZ;;SIM;Conciliado;;;;Movimentado;; R$  -   ; R$  -   ;R$ 331,35;;R$ 0,00;Sem pendencia;Coelba;MICHEL;LIGAÇÃO;13/06/2025;Aceita;Julho;;03/07/2025;Nao;;;JUAZEIRO;274;;;;;;;;BEATRIZ;1.0;; R$  -   ;JUAZEIRO;27/06/2025;NÃO;ETIQUETA NÃO SIMPLIFICADA;;;;
LPT;B-1053585;MP-CIND-POV-TRAIRAS-RURAL;SOBRADINHO;28/05/2025;03/06/2025;;14,0;;BEATRIZ;;SIM;Conciliado;45818;;;Movimentado;; R$  -   ; R$  2.587,24 ;R$ 42.126,52;;R$ 171.737,84;Sem pendencia;Coelba;SANTIAGO ;JUAREZ;13/06/2025;Aceita;Julho;;16/07/2025;Nao;;;JUAZEIRO;232;;;;;;;;BEATRIZ;6.0;; R$  -   ;JUAZEIRO;08/07/2025;NÃO;ETIQUETA NÃO SIMPLIFICADA;;;;
LPT - MED;B-1054931;MD-CIND-POV-TRAIRAS-RURAL;SOBRADINHO;28/05/2025;03/06/2025;;0,0;;BEATRIZ;;SIM;Conciliado;;;;Movimentado;; R$  -   ; R$  -   ;R$ 182,78;;R$ 215,95;Sem pendencia;Coelba;MICHEL;LIGAÇÃO;13/06/2025;Aceita;Julho;;16/07/2025;Nao;;;JUAZEIRO;232;;;;;;;;BEATRIZ;6.0;; R$  -   ;JUAZEIRO;08/07/2025;NÃO;ETIQUETA NÃO SIMPLIFICADA;;;;
LPT - KIT;B-1053587;KT-CIND-POV-TRAIRAS-RURAL;SOBRADINHO;28/05/2025;03/06/2025;;0,0;;BEATRIZ;;SIM;Conciliado;;;;Movimentado;; R$  -   ; R$  -   ;R$ 331,35;;R$ 2.685,77;Sem pendencia;Coelba;MICHEL;LIGAÇÃO;13/06/2025;Aceita;Julho;;16/07/2025;Nao;;;JUAZEIRO;232;;;;;;;;BEATRIZ;6.0;; R$  -   ;JUAZEIRO;08/07/2025;NÃO;ETIQUETA NÃO SIMPLIFICADA;;;;
UTEP;B-1201323;RR-CIND-POV-TOME-RURAL;JUAZEIRO;20/05/2025;20/05/2025;;23,0;;MATEUS;;SIM;Conciliado;;;;Movimentado;45815; R$  -   ; R$  4.250,47 ;R$ 44.709,88;;R$ 233.043,39;Sem pendencia;Coelba;SANTIAGO;JACKSON;13/06/2025;Aceita;Agosto;;19/08/2025;Nao;;;JUAZEIRO;240;;;;;;;;RUBEM;0.0;; R$  -   ;JUAZEIRO;12/08/2025;NÃO;ETIQUETA NÃO SIMPLIFICADA;;;;
UTEP;B-1192300;AC-CIND-AV-MARAVILHA 1002-CENTRO-L PIRES;UAUÁ;02/04/2025;07/04/2025;;0,0;;MATEUS;;SIM;Conciliado;;;;Movimentado;45779; R$  -   ; R$  -   ;R$ 2.120,95;;R$ 25.729,88;Sem pendencia;Coelba;EDIE JONNES / MAURICIO;EDIE JONNES / MAURICIO;14/06/2025;Aceita;Julho;;17/06/2025;Nao;;;JUAZEIRO;288;;;;;;;;BEATRIZ;5.0;; R$  -   ;JUAZEIRO;;NÃO;ETIQUETA NÃO SIMPLIFICADA;;;;
UTEP;B-1116730;ER-CIND-SI-BARREIRINHO-RURAL;CASA NOVA;17/05/2025;19/05/2025;;13,0;;BEATRIZ;;SIM;Conciliado;45821;Postado;;Movimentado;; R$  4.201,93 ; R$  2.402,44 ;R$ 36.030,45;;R$ 81.171,15;Sem pendencia;Coelba;PAULO JUNIOR;DANIEL;14/06/2025;Aceita;Julho;;25/06/2025;Nao;;;JUAZEIRO;243;;;;;;;;BEATRIZ;2.0;; R$  -   ;REMANSO;;NÃO;ETIQUETA NÃO SIMPLIFICADA;;;;
LPT;B-1058016;MP-CIND POV-MARAVILHA-RURAL;REMANSO;31/03/2025;23/04/2025;;11,0;;BEATRIZ;;SIM;Conciliado;45818;;;Movimentado;; R$  -   ; R$  2.032,83 ;R$ 33.320,71;;R$ 94.874,50;Sem pendencia;Coelba;PAULO JUNIOR;FERNANDO;14/06/2025;Aceita;Agosto;;29/07/2025;Nao;;;JUAZEIRO;290;;;;;;;;BEATRIZ;23.0;; R$  -   ;REMANSO;22/07/2025;NÃO;ETIQUETA NÃO SIMPLIFICADA;;;;
LPT - KIT;B-1058012;KT MP-CIND POV-MARAVILHA-RURAL;REMANSO;31/03/2025;23/04/2025;;0,0;;BEATRIZ;;SIM;Conciliado;;;;Movimentado;; R$  -   ; R$  -   ;R$ 293,45;;R$ 0,00;Sem pendencia;Coelba;MICHEL;LIGAÇÃO;14/06/2025;Aceita;Agosto;;29/07/2025;Nao;;;JUAZEIRO;290;;;;;;;;BEATRIZ;23.0;; R$  -   ;REMANSO;22/07/2025;NÃO;ETIQUETA NÃO SIMPLIFICADA;;;;
LPT - MED;B-1058018;MD MP-CIND-POV. MARAVILHOSA 1200-RURAL;REMANSO;31/03/2025;23/04/2025;;0,0;;BEATRIZ;;SIM;Conciliado;;;;Movimentado;; R$  -   ; R$  -   ;R$ 174,03;;R$ 0,00;Sem pendencia;Coelba;MICHEL;LIGAÇÃO;14/06/2025;Aceita;Agosto;;29/07/2025;Nao;;;JUAZEIRO;290;;;;;;;;BEATRIZ;23.0;; R$  -   ;REMANSO;22/07/2025;NÃO;ETIQUETA NÃO SIMPLIFICADA;;;;
UTD;B-1171545;FVU-RELIGADOR-DIJ-01J4-N56888;JUAZEIRO;18/12/2024;;;0,0;;BEATRIZ;;SIM;Conciliado;45818;;;Movimentado;; R$  -   ; R$  -   ;R$ 236,97;;R$ 90.862,30;Sem pendencia;Coelba;ANDERSON;RICARDO;16/06/2025;Aceita;Julho;;02/07/2025;Nao;;;JUAZEIRO;393;;;;;;;;BEATRIZ;-45644.0;; R$  -   ;JUAZEIRO;;SIM;ETIQUETA NÃO SIMPLIFICADA;;;;
UTEP;B-1185126;AC-CIND-SI-BARREIRINHO-RURAL-CASA NOVA;CASA NOVA;04/04/2025;23/04/2025;;0,0;;MATEUS;;SIM;Conciliado;;;;Movimentado;45818; R$  -   ; R$  -   ;R$ 909,58;;R$ 23.282,58;Sem pendencia;Coelba;PAULO JUNIOR ;DOMINGOS;19/06/2025;Aceita;Julho;;27/06/2025;Nao;;;JUAZEIRO;286;;;;;;;;BEATRIZ;19.0;; R$  -   ;REMANSO;;NÃO;ETIQUETA NÃO SIMPLIFICADA;;;;
UTEP;B-1165100;ER-CIND-POV-BAIXAO 2852-RURAL-CASA NOVA;CASA NOVA;21/05/2025;22/05/2025;;2,0;;MATEUS;;SIM;Conciliado;;;;Movimentado;45820; R$  2.614,51 ; R$  369,61 ;R$ 6.071,89;;R$ 14.285,89;Sem pendencia;Coelba;PAULO JUNIOR;DANIEL;19/06/2025;Aceita;Julho;;27/06/2025;Nao;;;JUAZEIRO;239;;;;;;;;BEATRIZ;1.0;; R$  -   ;REMANSO;;SIM;APROVADA;;;;
UTEP;B-1183031;UB-CIND-RUA-03 2154-CICERO BORGES;SENTO SÉ;13/03/2025;23/04/2025;;6,0;;MATEUS;;SIM;Conciliado;atendida;;;Movimentado;45824; R$  -   ; R$  1.108,82 ;R$ 10.495,00;;R$ 35.386,04;Sem pendencia;Coelba;SANTIAGO;CARLOS;19/06/2025;Aceita;Julho;;27/06/2025;Nao;;;JUAZEIRO;308;;;;;;;;BEATRIZ;41.0;; R$  -   ;JUAZEIRO;;NÃO;ETIQUETA NÃO SIMPLIFICADA;LM;;;
UTEP;B-1170229;UB-CIND-RUA-DO CEMITERIO -URBANA;SENTO SÉ;20/05/2025;03/06/2025;;5,0;;GUILHERME;;SIM;Conciliado;;;;Movimentado;; R$  -   ; R$  924,02 ;R$ 8.228,34;;R$ 0,00;Sem pendencia;Coelba;SANTIAGO;JACKSON;19/06/2025;Aceita;Julho;;02/07/2025;Nao;;;JUAZEIRO;240;;;;;;;;GUILHERME;14.0;; R$  -   ;JUAZEIRO;;SIM;APROVADA;;;;
UTEP;B-1086962;LD CIND POV QUIXABÁ RURAL;SENTO SÉ;16/05/2025;06/06/2025;;1,0;;GUILHERME;;SIM;Conciliado;45818;;;Movimentado;; R$  3.769,32 ; R$  184,80 ;R$ 6.322,97;;R$ 39.454,90;Sem pendencia;Coelba;SANTIAGO;JACKSON;19/06/2025;Aceita;Julho;;04/07/2025;Nao;;;JUAZEIRO;244;;;;;;;;GUILHERME;21.0;; R$  -   ;JUAZEIRO;;SIM;APROVADA;;;;
UTEP;B-1159829;ER-CIND-FAZ-PE DE MORRO-RURAL;JUAZEIRO;28/05/2025;30/05/2025;;0,0;;BEATRIZ;;SIM;Conciliado;;;;Movimentado;45818; R$  -   ; R$  -   ;R$ 914,44;;R$ 29.249,57;Sem pendencia;Coelba;EDIE JONNES ;IVONALDO;19/06/2025;Aceita;Julho;;16/07/2025;Nao;;;JUAZEIRO;232;;;;;;;;BEATRIZ;2.0;; R$  -   ;JUAZEIRO;12/07/2025;SIM;APROVADA;;;;
UTEP;B-1182129;ER-CCOL-POV-RIACHO D SOBRADO-RURAL;CASA NOVA;14/04/2025;23/04/2025;;3,0;;MATEUS;;SIM;Conciliado;;;;Movimentado;45815; R$  -   ; R$  554,41 ;R$ 5.124,52;;R$ 16.429,42;Sem pendencia;Coelba;PAULO JUNIOR;AILTON;19/06/2025;Aceita;Agosto;;22/07/2025;Nao;;;JUAZEIRO;276;;;;;;;;BEATRIZ;9.0;; R$  -   ;JUAZEIRO;16/07/2025;NÃO;ETIQUETA NÃO SIMPLIFICADA;;;;
UTEP;B-1168465;ER-CIND-POV-RURAL-LAGOA DOS CAVALOS;JUAZEIRO;10/06/2025;10/06/2025;;1,0;;MATEUS;;SIM;Conciliado;;;;Movimentado;45825; R$  3.409,25 ; R$  184,80 ;R$ 5.393,41;;R$ 21.798,86;Sem pendencia;Coelba;ANDERSON ;PEDRO BATISTA;19/06/2025;Aceita;Agosto;;23/07/2025;Nao;;;JUAZEIRO;219;;;;;;;;BEATRIZ;0.0;; R$  -   ;JUAZEIRO;16/07/2025;SIM;POSTADA;;;;
UTEP;B-1157325;RR-CIND-POV-SANTANA SOBRADO-RR-CASA NOVA;CASA NOVA;25/04/2025;09/05/2025;;5,0;;MATEUS;;SIM;Conciliado;;;;Movimentado;45822; R$  -   ; R$  924,02 ;R$ 12.697,95;;R$ 39.143,31;Sem pendencia;Coelba;PAULO JUNIOR;AILTON;19/06/2025;Aceita;Agosto;;25/07/2025;Nao;;;JUAZEIRO;265;;;;;;;;BEATRIZ;14.0;; R$  -   ;REMANSO;18/07/2025;SIM;NÃO POSTADO;;;;
UTEP;B-1175135;ER-CIND-POV-LAGOA DOS TINOS-RURAL;CASA NOVA;22/04/2025;22/04/2025;;1,0;;MATEUS;;SIM;Conciliado;;;;Movimentado;45820; R$  261,08 ; R$  184,80 ;R$ 4.873,26;;R$ 27.682,00;Sem pendencia;Coelba;PAULO JUNIOR ;AILTON;20/06/2025;Aceita;Agosto;;22/07/2025;Nao;;;JUAZEIRO;268;;;;;;;;BEATRIZ;0.0;; R$  -   ;REMANSO;16/07/2025;SIM;APROVADA;;;;
UTEP;B-1160390;UB-CIND-AV.JORGE KHOURY VILA SANTANA;JUAZEIRO;13/06/2025;16/06/2025;;1,0;;MATEUS;;SIM;Conciliado;ATENDIDA;;;Movimentado;45826; R$  -   ; R$  184,80 ;R$ 2.612,71;;R$ 11.532,89;Sem pendencia;Coelba;ANDERSON ;MANUTENÇÃO;25/06/2025;Aceita;Julho;;30/06/2025;Nao;;;JUAZEIRO;216;;;;;;;;BEATRIZ;3.0;; R$  -   ;JUAZEIRO;;SIM;NÃO POSTADO;;;;
UTEP;B-1157069;ER-CIND-POV-BARRO VERMELHO-RURAL;CURAÇÁ;08/05/2025;30/05/2025;;40,0;;CLEITISVAL;;SIM;Conciliado;;Postado;;Movimentado;; R$  3.123,16 ; R$  7.392,12 ;R$ 118.585,61;;R$ 324.047,98;Sem pendencia;Coelba;SANTIAGO;FABIO;25/06/2025;Aceita;Julho;;30/06/2025;Nao;;;JUAZEIRO;252;;;;;;;;BEATRIZ;22.0;; R$  -   ;JUAZEIRO;;NÃO;ETIQUETA NÃO SIMPLIFICADA;;;;
UTD;B-1179815;FVU-RELIGADOR-BRV-01Y1-G10137;JUAZEIRO;08/05/2025;;;0,0;;BEATRIZ;;SIM;Conciliado;;;;Movimentado;45826; R$  -   ; R$  -   ;R$ 305,57;;R$ 98.022,63;Sem pendencia;Coelba;ANDERSON;MANUTENÇÃO;25/06/2025;Aceita;Julho;;14/07/2025;Nao;;;JUAZEIRO;252;;;;;;;;BEATRIZ;-45785.0;; R$  -   ;JUAZEIRO;09/07/2025;NÃO;ETIQUETA NÃO SIMPLIFICADA;;;;
UTEP;B-1151587;ER-CIND-POV-MANICOBA 29-RURAL;JUAZEIRO;13/06/2025;16/06/2025;;0,0;;MATEUS;;SIM;Conciliado;ATENDIDA;;;Movimentado;45825; R$  -   ; R$  -   ;R$ 1.520,28;;R$ 5.026,97;Sem pendencia;Coelba;ANDERSON;MANUTENÇÃO;25/06/2025;Aceita;Julho;;14/07/2025;Nao;;;JUAZEIRO;216;;;;;;;;BEATRIZ;3.0;; R$  -   ;JUAZEIRO;09/07/2025;SIM;NÃO POSTADO;;;;
UTEP;B-1194822;ER-SEIN-POV-DE RIO DE RANCHO-RURAL;UAUÁ;12/05/2025;15/05/2025;;12,0;;BEATRIZ;;SIM;Conciliado;;;;Movimentado;45828; R$  2.082,19 ; R$  2.217,64 ;R$ 27.740,22;;R$ 92.829,69;Sem pendencia;Coelba;EDIE JONNES ;MAURICIO;25/06/2025;Aceita;Julho;;16/07/2025;Nao;;;JUAZEIRO;248;;;;;;;;BEATRIZ;3.0;; R$  -   ;JUAZEIRO;11/07/2025;NÃO;ETIQUETA NÃO SIMPLIFICADA;;;;
UTEP;B-1169987;ER-CIND-SI-CRUZEIRO-RURAL;CASA NOVA;17/05/2025;19/05/2025;;8,0;;BEATRIZ;;SIM;Conciliado;;;;Movimentado;45828; R$  3.981,60 ; R$  1.478,42 ;R$ 19.107,57;;R$ 87.162,13;Sem pendencia;Coelba;PAULO JUNIOR;AILTON;25/06/2025;Aceita;Julho;;17/07/2025;Nao;;;JUAZEIRO;243;;;;;;;;BEATRIZ;2.0;; R$  -   ;REMANSO;15/07/2025;NÃO;ETIQUETA NÃO SIMPLIFICADA;;;;
UTEP;B-1159873;LD - CIND - POV - BARRA GRANDE - RURAL;JUAZEIRO;11/06/2025;;;1,0;;MATEUS;;SIM;Conciliado;ATENDIDA;;;Movimentado;45825; R$  3.136,69 ; R$  184,80 ;R$ 5.120,85;;R$ 39.143,31;Sem pendencia;Coelba;ANDERSON ;PEDRO BATISTA;25/06/2025;Aceita;Agosto;;04/08/2025;Nao;;;JUAZEIRO;218;;;;;;;;BEATRIZ;-45819.0;; R$  -   ;JUAZEIRO;31/07/2025;SIM;POSTADA;;;;
UTEP;B-1157044;MP-CIND -POV-SERRA DA B VISTA -RURAL;JUAZEIRO;28/03/2025;02/04/2025;;11,0;;ERICA;;SIM;Conciliado;;Postado;;Movimentado;; R$  -   ; R$  2.032,83 ;R$ 28.015,14;;R$ 122.571,24;Sem pendencia;Coelba;EDIE JONNES;PAULO;26/06/2025;Aceita;Julho;;18/07/2025;Nao;;;JUAZEIRO;293;;;;;;;;BEATRIZ;5.0;; R$  -   ;JUAZEIRO;10/07/2025;NÃO;ETIQUETA NÃO SIMPLIFICADA;;;;
UTEP;B-1195911;UB-CIND-RUA-DAS MARGARIDAS 20-V MALVAO;CASA NOVA;22/05/2025;22/05/2025;;0,0;;GUILHERME;;SIM;Conciliado;;;;Movimentado;; R$  -   ; R$  -   ;R$ 1.720,08;;R$ 4.638,24;Sem pendencia;Coelba;PAULO JUNIOR;DANIEL;26/06/2025;Aceita;Agosto;;28/07/2025;Nao;;;JUAZEIRO;238;;;;;;;;GUILHERME;0.0;; R$  -   ;REMANSO;21/07/2025;NÃO;ETIQUETA NÃO SIMPLIFICADA;;;;
UTEP;B-0983487;MP CIND POV JUAZEIRO TOME RURAL;JUAZEIRO;08/05/2025;20/05/2025;;3,0;;GUILHERME;;SIM;Conciliado;45828;;;Movimentado;; R$  1.121,06 ; R$  554,41 ;R$ 6.870,66;;R$ 2.395,17;Sem pendencia;Coelba;ANDERSON;PEDRO BATISTA;26/06/2025;Aceita;Agosto;;31/07/2025;Nao;;;JUAZEIRO;252;;;;;;;;GUILHERME;12.0;; R$  -   ;JUAZEIRO;25/07/2025;NÃO;ETIQUETA NÃO SIMPLIFICADA;;;;
UTEP;B-1168621;ER-CIND-POV-SAO ROMAO-RURAL;CASA NOVA;07/05/2025;07/05/2025;;3,0;;BEATRIZ;;SIM;Conciliado;;;;Movimentado;45820; R$  3.136,69 ; R$  554,41 ;R$ 5.427,81;;R$ 32.526,25;Sem pendencia;Coelba;PAULO JUNIOR;AILTON;30/06/2025;Aceita;Julho;;09/07/2025;Nao;;;JUAZEIRO;253;;;;;;;;MATEUS;0.0;; R$  -   ;REMANSO;03/07/2025;SIM;POSTADA;;;;
LPT;B-1158033;MP-CIND-POV.GERGELIM 999-RURAL;CAMPO ALEGRE DE LOURDES;28/05/2025;28/05/2025;;34,0;;CLEITISVAL;;SIM;Conciliado;;Postado;;Movimentado;; R$  1.159,64 ; R$  6.283,30 ;R$ 70.377,87;;R$ 751.976,15;Sem pendencia;Coelba;PAULO JUNIOR ;DANIEL / AILTON;30/06/2025;Aceita;Julho;;10/07/2025;Nao;;;JUAZEIRO;232;;;;;;;;CLEITISVAL;0.0;; R$  -   ;REMANSO;07/07/2025;NÃO;ETIQUETA NÃO SIMPLIFICADA;;;;
LPT - MED;B-1207553;MD-CIND-POV.GERGELIM 999-RURAL;CAMPO ALEGRE DE LOURDES;28/05/2025;28/05/2025;;0,0;;CLEITISVAL;;SIM;Conciliado;;Postado;;Movimentado;; R$  -   ; R$  -   ;R$ 182,78;;R$ 3.260,22;Sem pendencia;Coelba;MICHEL;LIGAÇÃO;30/06/2025;Aceita;Julho;;10/07/2025;Nao;;;JUAZEIRO;232;;;;;;;;CAIO;0.0;; R$  -   ;REMANSO;07/07/2025;NÃO;ETIQUETA NÃO SIMPLIFICADA;;;;
LPT - KIT;B-1207538;KT-CIND-POV.GERGELIM 999-RURAL;CAMPO ALEGRE DE LOURDES;28/05/2025;28/05/2025;;0,0;;CLEITISVAL;;SIM;Conciliado;;Postado;;Movimentado;; R$  -   ; R$  -   ;R$ 121,23;;R$ 6.522,39;Sem pendencia;Coelba;MICHEL;LIGAÇÃO;30/06/2025;Aceita;Julho;;10/07/2025;Nao;;;JUAZEIRO;232;;;;;;;;CAIO;0.0;; R$  -   ;REMANSO;07/07/2025;NÃO;ETIQUETA NÃO SIMPLIFICADA;;;;
UTEP;B-1157956;ER-CIND-POV-MORCEGO-AGROVALE;JUAZEIRO;12/06/2025;16/06/2025;;1,0;;GUILHERME;;SIM;Conciliado;45797;Postado;45834;Movimentado;45825; R$  3.409,25 ; R$  184,80 ;R$ 6.152,18;;R$ 22.412,74;Sem pendencia;Coelba;ANDERSON;PEDRO LINO;30/06/2025;Aceita;Julho;;14/07/2025;Nao;;;JUAZEIRO;217;;;;;;;;MATEUS;4.0;; R$  -   ;JUAZEIRO;01/07/2025;SIM;APROVADA;;;;
LPT;B-1170180;RR-CIND-POV-PAREDAO-RURAL;UAUÁ;30/05/2025;03/06/2025;;5,0;;GUILHERME;;SIM;Conciliado;45820;Postado;45805;Movimentado;45834; R$  -   ; R$  924,02 ;R$ 13.723,75;;R$ 31.517,78;Sem pendencia;Coelba;EDIE JONNES ;DOMINGOS;30/06/2025;Aceita;Julho;;17/07/2025;Nao;;;JUAZEIRO;230;;;;;;;;GUILHERME;4.0;; R$  -   ;JUAZEIRO;12/07/2025;SIM;APROVADA;;;;
LPT;B-1207559;MD-CIND-POV-PAREDAO-RURAL;UAUÁ;30/05/2025;03/06/2025;;5,0;;GUILHERME;;SIM;Conciliado;45820;Postado;45805;Movimentado;45834; R$  -   ; R$  924,02 ;R$ 1.098,05;;R$ 1.086,74;Sem pendencia;Coelba;MICHEL;LIGAÇÃO;30/06/2025;Aceita;Julho;;17/07/2025;Nao;;;JUAZEIRO;230;;;;;;;;GUILHERME;4.0;; R$  -   ;JUAZEIRO;12/07/2025;NÃO;APROVADA;;;;
LPT;B-1207543;KIT-CIND-POV-PAREDAO-RURAL;UAUÁ;30/05/2025;03/06/2025;;5,0;;GUILHERME;;SIM;Conciliado;45820;Postado;45805;Movimentado;45834; R$  -   ; R$  924,02 ;R$ 1.255,37;;R$ 2.174,12;Sem pendencia;Coelba;MICHEL;LIGAÇÃO;30/06/2025;Aceita;Julho;;17/07/2025;Nao;;;JUAZEIRO;230;;;;;;;;GUILHERME;4.0;; R$  -   ;JUAZEIRO;12/07/2025;NÃO;APROVADA;;;;
UTEP;B-1164542;ER-SEIN-RUA-DR TANCREDO NEVES-RURAL;SENTO SÉ;30/05/2025;30/05/2025;;50,0;;EMERSON;;SIM;Conciliado;;Postado;;Movimentado;; R$  -   ; R$  9.240,15 ;R$ 89.613,81;;R$ 411.392,31;Sem pendencia;Coelba;EMERSON;EMERSON;30/06/2025;Aceita;Julho;;17/07/2025;Nao;;;JUAZEIRO;230;;;;;;;;EMERSON;0.0;; R$  -   ;JUAZEIRO;09/07/2025;NÃO;ETIQUETA NÃO SIMPLIFICADA;;;;
UTEP;B-1087721;RU-CIND-LOT-ANTONIO GUILHERMINO;JUAZEIRO;27/05/2025;28/05/2025;;5,0;;BEATRIZ;;SIM;Conciliado;ATENDIDA;Postado;45824;Movimentado;45822; R$  6.503,42 ; R$  924,02 ;R$ 20.364,14;;R$ 61.877,25;Sem pendencia;Coelba;EDIE JONNES ;IVONALDO;30/06/2025;Aceita;Agosto;;25/07/2025;Nao;;;JUAZEIRO;233;;;;;;;;MATEUS;1.0;; R$  -   ;JUAZEIRO;18/07/2025;SIM;APROVADA;;;;
UTEP;B-1191968;ER-CIND-POV-LAGOA DOS CAVALOS-RURAL;JUAZEIRO;22/04/2025;23/04/2025;;1,0;;BEATRIZ;;SIM;Conciliado;45839;Postado;45848;Movimentado;45826; R$  3.409,25 ; R$  184,80 ;R$ 6.113,62;;R$ 20.158,01;Sem pendencia;Coelba;ANDERSON;MANUTENÇÃO;01/07/2025;Aceita;Julho;;14/07/2025;Nao;;;JUAZEIRO;268;;;;;;;;BEATRIZ;1.0;; R$  -   ;JUAZEIRO;09/07/2025;NÃO;ETIQUETA NÃO SIMPLIFICADA;;;;
LPT;B-1148449;MP-CIND-FAZ.DOS LOIOLAS SITIO-RURAL;UAUÁ;31/05/2025;06/06/2025;;38,0;;CLEITISVAL;;SIM;Conciliado;;;;Movimentado;; R$  -   ; R$  7.022,51 ;R$ 109.952,48;;R$ 346.323,85;Sem pendencia;Coelba;EDIE JONNES ;MAURICIO ;02/07/2025;Aceita;Julho;;16/07/2025;Nao;;;JUAZEIRO;229;;;;;;;;CLEITISVAL;6.0;; R$  -   ;JUAZEIRO;09/07/2025;NÃO;ETIQUETA NÃO SIMPLIFICADA;;;;
LPT - MED;B-1148441;MED MP CIND FAZ DOS LOIOLAS SITIO RURAL;UAUÁ;31/05/2025;06/06/2025;;0,0;;CLEITISVAL;;SIM;Conciliado;;;;Movimentado;; R$  -   ; R$  -   ;R$ 182,78;;R$ 232,65;Sem pendencia;Coelba;MICHEL;LIGAÇÃO;02/07/2025;Aceita;Julho;;16/07/2025;Nao;;;JUAZEIRO;229;;;;;;;;CAIO;6.0;; R$  -   ;JUAZEIRO;09/07/2025;NÃO;ETIQUETA NÃO SIMPLIFICADA;;;;
LPT - KIT;B-1211392;KT-CIND-FAZ.DOS LOIOLAS SITIO-RURAL;UAUÁ;31/05/2025;06/06/2025;;0,0;;CLEITISVAL;;SIM;Conciliado;;;;Movimentado;; R$  -   ; R$  -   ;R$ 331,35;;R$ 2.125,38;Sem pendencia;Coelba;MICHEL;LIGAÇÃO;02/07/2025;Aceita;Julho;;16/07/2025;Nao;;;JUAZEIRO;229;;;;;;;;CAIO;6.0;; R$  -   ;JUAZEIRO;09/07/2025;NÃO;ETIQUETA NÃO SIMPLIFICADA;;;;
LPT;B-1161408;ER-CIND-FAZ-BARRINHA-RURAL;SOBRADINHO;15/05/2025;26/06/2025;;13,0;;BEATRIZ;;SIM;Conciliado;;;;Movimentado;45826; R$  -   ; R$  2.402,44 ;R$ 29.193,31;;R$ 69.589,61;Sem pendencia;Coelba;SANTIAGO;JUAREZ;02/07/2025;Aceita;Agosto;;24/07/2025;Nao;;;JUAZEIRO;245;;;;;;;;MATEUS;42.0;; R$  -   ;JUAZEIRO;21/07/2025;NÃO;ETIQUETA NÃO SIMPLIFICADA;;;;
LPT - KIT;B-1191345;KT-CIND-FAZ-BARRINHA-RURAL;SOBRADINHO;15/05/2025;26/06/2025;;13,0;;BEATRIZ;;SIM;Conciliado;;;;Movimentado;45826; R$  -   ; R$  2.402,44 ;R$ 0,00;;R$ 21.369,91;Sem pendencia;Coelba;MICHEL;LIGAÇÃO;02/07/2025;Aceita;Agosto;;24/07/2025;Nao;;;JUAZEIRO;245;;;;;;;;MATEUS;42.0;; R$  -   ;JUAZEIRO;21/07/2025;NÃO;ETIQUETA NÃO SIMPLIFICADA;;;;
LPT - MED;B-1191768;MD-CIND-FAZ-BARRINHA-RURAL;SOBRADINHO;15/05/2025;26/06/2025;;13,0;;BEATRIZ;;SIM;Conciliado;;;;Movimentado;45826; R$  -   ; R$  2.402,44 ;R$ 0,00;;R$ 8.698,63;Sem pendencia;Coelba;MICHEL;LIGAÇÃO;02/07/2025;Aceita;Agosto;;24/07/2025;Nao;;;JUAZEIRO;245;;;;;;;;MATEUS;42.0;; R$  -   ;JUAZEIRO;21/07/2025;NÃO;ETIQUETA NÃO SIMPLIFICADA;;;;
LPT;B-1132936;MP CIND POV RIACHO SECO RURAL;CURAÇÁ;30/05/2025;09/06/2025;;16,0;;GUILHERME;;SIM;Conciliado;45828;Postado;45838;Movimentado;45827; R$  3.320,00 ; R$  2.956,85 ;R$ 37.520,24;;R$ 171.281,73;Sem pendencia;Coelba;EDIE JONNES;GISMARIO;02/07/2025;Aceita;Agosto;;18/08/2025;Nao;;;JUAZEIRO;230;;;;;;;;GUILHERME;10.0;; R$  -   ;JUAZEIRO;12/08/2025;NÃO;ETIQUETA NÃO SIMPLIFICADA;;;;
LPT - KIT;B-1137030;KIT CIND POV RIACHO SECO RURAL;CURAÇÁ;30/05/2025;09/06/2025;;0,0;;GUILHERME;;SIM;Conciliado;;Postado;;Movimentado;; R$  -   ; R$  -   ;R$ 755,83;;R$ 6.193,97;Sem pendencia;Coelba;MICHEL;LIGAÇÃO;02/07/2025;Aceita;Agosto;;18/08/2025;Nao;;;JUAZEIRO;230;;;;;;;;GUILHERME;10.0;; R$  -   ;JUAZEIRO;12/08/2025;NÃO;ETIQUETA NÃO SIMPLIFICADA;;;;
LPT - MED;B-1137031;MED CIND POV RIACHO SECO RURAL;CURAÇÁ;30/05/2025;09/06/2025;;0,0;;GUILHERME;;SIM;Conciliado;;Postado;;Movimentado;; R$  -   ; R$  -   ;R$ 337,57;;R$ 467,08;Sem pendencia;Coelba;MICHEL;LIGAÇÃO;02/07/2025;Aceita;Agosto;;18/08/2025;Nao;;;JUAZEIRO;230;;;;;;;;GUILHERME;10.0;; R$  -   ;JUAZEIRO;12/08/2025;NÃO;ETIQUETA NÃO SIMPLIFICADA;;;;
UTEP;B-1199748;UB-CIND-POV-NUCLEO-CENTRO-CURACA;JUAZEIRO;16/06/2025;16/06/2025;;2,0;;BRUNO;;SIM;Conciliado;;;;Movimentado;45827; R$  -   ; R$  369,61 ;R$ 3.455,67;;R$ 12.704,05;Sem pendencia;Coelba;ANDERSON;MANUTENÇÃO;03/07/2025;Aceita;Julho;;09/07/2025;Nao;;;JUAZEIRO;213;;;;;;;;BRUNO;0.0;; R$  -   ;JUAZEIRO;;NÃO;ETIQUETA NÃO SIMPLIFICADA;;;;
LPT;B-1145056;RR-SEIN-POV-CALDEIRAOZINHO-RURAL;UAUÁ;11/06/2025;11/06/2025;;148,0;;RUBEM;;SIM;Conciliado;;;;Movimentado;; R$  -   ; R$  27.350,84 ;R$ 305.542,05;;R$ 1.182.892,07;Sem pendencia;Coelba;RUBEM;LUIZ CARLOS;04/07/2025;Aceita;Julho;;18/07/2025;Nao;;;JUAZEIRO;218;;;;;;;;RUBEM;0.0;; R$  -   ;JUAZEIRO;16/07/2025;NÃO;ETIQUETA NÃO SIMPLIFICADA;;;;
LPT - MED;B-1198972;MD-SEIN-POV-CALDEIRAOZINHO-RURAL;UAUÁ;11/06/2025;11/06/2025;;0,0;;RUBEM;;SIM;Conciliado;;;;Movimentado;; R$  -   ; R$  -   ;R$ 1.740,38;;R$ 11.954,15;Sem pendencia;Coelba;MICHEL;LIGAÇÃO;04/07/2025;Aceita;Julho;;18/07/2025;Nao;;;JUAZEIRO;218;;;;;;;;CAIO;0.0;; R$  -   ;JUAZEIRO;16/07/2025;NÃO;ETIQUETA NÃO SIMPLIFICADA;;;;
LPT - KIT;B-1198792;KT-SEIN-POV-CALDEIRAOZINHO-RURAL;UAUÁ;11/06/2025;11/06/2025;;0,0;;RUBEM;;SIM;Conciliado;;;;Movimentado;; R$  -   ; R$  -   ;R$ 3.313,45;;R$ 23.915,41;Sem pendencia;Coelba;MICHEL;LIGAÇÃO;04/07/2025;Aceita;Julho;;18/07/2025;Nao;;;JUAZEIRO;218;;;;;;;;CAIO;0.0;; R$  -   ;JUAZEIRO;16/07/2025;NÃO;ETIQUETA NÃO SIMPLIFICADA;;;;
LPT - KIT;B-0969741;KIT-MP-CCOL-POV SALGADINHA-RURAL;CASA NOVA;09/05/2025;09/05/2025;;0,0;;CLEITISVAL;;SIM;Conciliado;;;;Movimentado;; R$  -   ; R$  -   ;R$ 662,69;;R$ 958,16;Sem pendencia;Coelba;MICHEL;LIGAÇÃO;04/07/2025;Aceita;Agosto;;28/07/2025;Nao;;;JUAZEIRO;251;;;;;;;;CAIO;0.0;; R$  -   ;REMANSO;18/07/2025;NÃO;ETIQUETA NÃO SIMPLIFICADA;;;;
LPT;B-0884168;MP-CCOL-POV SALGADINHA-RURAL;CASA NOVA;09/05/2025;09/05/2025;;9,0;;CLEITISVAL;;SIM;Conciliado;;;;Movimentado;; R$  1.583,51 ; R$  1.663,23 ;R$ 30.309,86;;R$ 48.586,56;Sem pendencia;Coelba;PAULO JUNIOR;AILTON;04/07/2025;Aceita;Agosto;;28/07/2025;Nao;;;JUAZEIRO;251;;;;;;;;CLEITISVAL;0.0;; R$  -   ;REMANSO;18/07/2025;NÃO;ETIQUETA NÃO SIMPLIFICADA;;;;
LPT - MED;B-0969743;MED-MP-CCOL-POV SALGADINHA-RURAL;CASA NOVA;09/05/2025;09/05/2025;;0,0;;CLEITISVAL;;SIM;Conciliado;;;;Movimentado;; R$  -   ; R$  -   ;R$ 348,08;;R$ 124,96;Sem pendencia;Coelba;MICHEL;LIGAÇÃO;04/07/2025;Aceita;Agosto;;28/07/2025;Nao;;;JUAZEIRO;251;;;;;;;;CAIO;0.0;; R$  -   ;REMANSO;18/07/2025;NÃO;ETIQUETA NÃO SIMPLIFICADA;;;;
LPT;B-1158859;ER-CIND-POV-RURAL-ESFOMEADO;CURAÇÁ;26/03/2025;02/04/2025;;5,0;;ERICA;;SIM;Conciliado;;;;Movimentado;; R$  2.974,57 ; R$  924,02 ;R$ 11.341,87;;R$ 32.887,64;Sem pendencia;Coelba;EDIE JONNES;MAURICIO;05/07/2025;Aceita;Julho;;18/07/2025;Nao;;;JUAZEIRO;295;;;;;;;;BEATRIZ;7.0;; R$  -   ;JUAZEIRO;16/07/2025;SIM;APROVADA;LV - SIPEL;;;
UTEP;B-1199938;ER-CIND-FAZ-RIACHINHO-MASSANGANO;CASA NOVA;29/11/2025;02/12/2025;;2,0;;GUILHERME;;SIM;Conciliado;09/12/2025;;;Movimentado;16/12/2025; R$  4.378,98 ; R$  428,96 ;R$ 9.353,55;;R$ 41.842,94;Sem pendencia;Coelba;SANTIAGO;FÁBIO;20/12/2025;Aceita;Janeiro;2026.0;13/01/2026;;;;JUAZEIRO;47;;;;;;;;BEATRIZ;3.0;; R$  -   ;REMANSO;07/01/2026;SIM;;;;;
LPT - MED;B-1196841;MD-CIND-POV-RURAL-ESFOMEADO;CURAÇÁ;26/03/2025;02/04/2025;;0,0;;ERICA;;SIM;Conciliado;;;;Movimentado;; R$  -   ; R$  -   ;R$ 337,57;;R$ 1.086,74;Sem pendencia;Coelba;MICHEL;LIGAÇÃO;05/07/2025;Aceita;Julho;;18/07/2025;Nao;;;JUAZEIRO;295;;;;;;;;CAIO;7.0;; R$  -   ;JUAZEIRO;16/07/2025;NÃO;ETIQUETA NÃO SIMPLIFICADA;;;;
LPT - KIT;B-1196813;KT-CIND-POV-RURAL-ESFOMEADO;CURAÇÁ;26/03/2025;02/04/2025;;0,0;;ERICA;;SIM;Conciliado;;;;Movimentado;; R$  -   ; R$  -   ;R$ 378,57;;R$ 2.174,12;Sem pendencia;Coelba;MICHEL;LIGAÇÃO;05/07/2025;Aceita;Julho;;18/07/2025;Nao;;;JUAZEIRO;295;;;;;;;;CAIO;7.0;; R$  -   ;JUAZEIRO;16/07/2025;NÃO;ETIQUETA NÃO SIMPLIFICADA;;;;
UTEP;B-1163633;ME CIND RUA CAIXA DAGUA1 CENTRO;CASA NOVA;17/04/2025;22/04/2025;;4,0;;BEATRIZ;;SIM;Conciliado;;;;Movimentado;45821; R$  -   ; R$  739,21 ;R$ 22.602,98;;R$ 113.399,53;Sem pendencia;Coelba;PAULO JUNIOR ;AILTON;07/07/2025;Aceita;Setembro;;26/08/2025;Nao;;;JUAZEIRO;273;;;;;;;;BEATRIZ;5.0;PENDENTE COBRANÇA DE RAMAL; R$  -   ;REMANSO;20/08/2025;SIM;APROVADA;;;;
UTEP;B-1164443;ER-CCOL-RUA-GUTEMBERG FERRAZ-RURA;SOBRADINHO;31/03/2025;07/04/2025;;3,0;;ERICA;;SIM;Conciliado;;;;Movimentado;; R$  3.409,25 ; R$  554,41 ;R$ 13.307,89;;R$ 38.322,04;Sem pendencia;Coelba;SANTIAGO;FERNANDO;07/07/2025;Aceita;Agosto;;23/07/2025;Nao;;;JUAZEIRO;290;;;;;;;;BEATRIZ;7.0;; R$  -   ;JUAZEIRO;14/07/2025;SIM;APROVADA;LV - SIPEL;;;
UTEP;B-1198422;IT-CIND-FAZ-PROJ NILO COELHO-CASA NOVA;CASA NOVA;16/05/2025;15/05/2025;;0,0;;MATEUS;;SIM;Conciliado;;;;Movimentado;45819; R$  2.760,05 ; R$  -   ;R$ 2.817,22;;R$ 4.802,63;Sem pendencia;Coelba;PAULO JUNIOR;CARLOS LINHA VIVA;09/07/2025;Aceita;Agosto;;08/08/2025;Nao;;;JUAZEIRO;244;;;;;;;;BEATRIZ;-1.0;; R$  -   ;REMANSO;01/08/2025;SIM;ETIQUETA NÃO SIMPLIFICADA;;;;
UTEP;B-1117371;ER-CIND-POV LOGRADOURO DE BAIXO-RURAL;UAUÁ;16/05/2025;25/05/2025;;4,0;;GUILHERME;;SIM;Conciliado;45818;;45838;Movimentado;45817; R$  2.614,51 ; R$  739,21 ;R$ 13.599,97;;R$ 35.128,04;Sem pendencia;Coelba;EDIE JONNES;MAURICIO;11/07/2025;Aceita;Julho;;14/07/2025;Nao;;;JUAZEIRO;244;;;;;;;;GUILHERME;9.0;; R$  -   ;JUAZEIRO;;SIM;APROVADA;;;;
LPT;B-1074313;ER-CIND-POV-L DO BARRO -BARRO DOS BAIOS;REMANSO;21/03/2025;24/03/2025;;7,0;;BEATRIZ;;SIM;Conciliado;;;;Movimentado;45824; R$  1.020,99 ; R$  1.293,62 ;R$ 13.735,71;;R$ 50.505,91;Sem pendencia;Coelba;PAULO JUNIOR;DOMINGOS;11/07/2025;Aceita;Agosto;;13/08/2025;Nao;;;JUAZEIRO;300;;;;;;;;BEATRIZ;3.0;; R$  -   ;REMANSO;08/08/2025;NÃO;ETIQUETA NÃO SIMPLIFICADA;;;;
UTEP;B-1161420;ER-CIND-FAZ-BRANDAO-RURAL;CURAÇÁ;12/06/2025;13/06/2025;;12,0;;GUILHERME;;SIM;Conciliado;45835;;45838;Movimentado;45839; R$  2.412,00 ; R$  2.217,64 ;R$ 30.276,09;;R$ 0,00;Sem pendencia;Coelba;EDIE JONNES ;JOÃO BATISTA;12/07/2025;Aceita;Julho;;21/07/2025;Nao;;;JUAZEIRO;217;;;;;;;;GUILHERME;1.0;; R$  -   ;JUAZEIRO;15/07/2025;NÃO;ETIQUETA NÃO SIMPLIFICADA;;;;
LPT - KIT;B-1125682;KT-CIND-POV-L DO BARRO -BARRO DOS BAIOS;REMANSO;21/03/2025;24/03/2025;;;;BEATRIZ;;SIM;Conciliado;;;;Movimentado;45824; R$  -   ; R$  -   ;R$ 254,43;;R$ 1.198,46;Sem pendencia;Coelba;MICHEL;LIGAÇÃO;12/07/2025;Aceita;Agosto;;13/08/2025;Nao;;;JUAZEIRO;300;;;;;;;;BEATRIZ;3.0;; R$  -   ;REMANSO;09/08/2025;SIM;ETIQUETA NÃO SIMPLIFICADA;;;;
LPT - MED;B-1125683;MD-CIND-POV-L DO BARRO -BARRO DOS BAIOS;REMANSO;21/03/2025;24/03/2025;;;;BEATRIZ;;SIM;Conciliado;;;;Movimentado;45824; R$  -   ; R$  -   ;R$ 427,50;;R$ 131,73;Sem pendencia;Coelba;MICHEL;LIGAÇÃO;12/07/2025;Aceita;Agosto;;13/08/2025;Nao;;;JUAZEIRO;300;;;;;;;;BEATRIZ;3.0;; R$  -   ;REMANSO;09/08/2025;SIM;ETIQUETA NÃO SIMPLIFICADA;;;;
UTEP;B-1177513;;JUAZEIRO;18/06/2025;19/06/2025;;2,0;;BRUNO;;SIM;Conciliado;;;;Movimentado;45473; R$  1.939,88 ; R$  369,61 ;R$ 5.816,75;;R$ 13.035,11;Sem pendencia;Coelba;ANDERSON ;PEDRO LINO;14/07/2025;Aceita;Julho;;16/07/2025;Nao;;;JUAZEIRO;211;;;;;;;;BRUNO;1.0;; R$  -   ;JUAZEIRO;;NÃO;ETIQUETA NÃO SIMPLIFICADA;;;;
UTEP;B-1180504;UB-CIND-LOT-QD QUIL 100-URBANA;JUAZEIRO;07/05/2025;01/07/2025;;1,0;;BRUNO;;SIM;Conciliado;;;;Movimentado;; R$  -   ; R$  184,80 ;R$ 1.913,53;;R$ 6.287,31;Sem pendencia;Coelba;EDIE JONNES ;IVONALDO;14/07/2025;Aceita;Julho;;17/07/2025;Nao;;;JUAZEIRO;253;;;;;;;;BRUNO;55.0;; R$  -   ;JUAZEIRO;;NÃO;ETIQUETA NÃO SIMPLIFICADA;;;;
UTEP;B-1183616;UB-CIND-RUA- PROJETADA 21-M DA AREIA;JUAZEIRO;14/06/2025;16/06/2025;;3,0;;BRUNO;;SIM;Conciliado;;;;Movimentado;45827; R$  -   ; R$  554,41 ;R$ 5.183,11;;R$ 0,00;Sem pendencia;Coelba;ANDERSON ;MANUTENÇÃO;14/07/2025;Aceita;Julho;;19/07/2025;Nao;;;JUAZEIRO;215;;;;;;;;BRUNO;2.0;; R$  -   ;JUAZEIRO;;NÃO;ETIQUETA NÃO SIMPLIFICADA;;;;
UTEP;B-1166997;UB-CIND-SI BELO JARDIM-ITAMOTINGA;JUAZEIRO;24/04/2025;26/04/2025;;4,0;;BEATRIZ;;SIM;Conciliado;45849;;;Movimentado;45824; R$  3.409,25 ; R$  739,21 ;R$ 10.482,18;;R$ 26.297,22;Sem pendencia;Coelba;SANTIAGO;PAULO;14/07/2025;Aceita;Agosto;;24/07/2025;Nao;;;JUAZEIRO;266;;;;;;;;BEATRIZ;2.0;; R$  -   ;JUAZEIRO;;SIM;APROVADA;;;;
UTEP;B-1157357;RR-CIND-POV-POCO DE PEDRA-RURAL-CASA NOV;CASA NOVA;19/03/2025;20/03/2025;;11,0;;BEATRIZ;;SIM;Conciliado;;;;Movimentado;45847; R$  3.280,05 ; R$  2.032,83 ;R$ 27.863,72;;R$ 89.399,76;Sem pendencia;Coelba;PAULO JUNIOR;AILTON;14/07/2025;Aceita;Agosto;;24/07/2025;Nao;;;JUAZEIRO;302;;;;;;;;BEATRIZ;1.0;; R$  -   ;REMANSO;16/07/2025;NÃO;ETIQUETA NÃO SIMPLIFICADA;LV - SIPEL;;;
LPT;B-1093845;LD-CIND-POV LIMOEIRO-RURAL;SENTO SÉ;31/05/2025;26/06/2025;;12,0;;MATEUS;;SIM;Conciliado;;Postado;;Movimentado;45838; R$  1.735,30 ; R$  2.217,64 ;R$ 31.478,45;;R$ 192.345,80;Sem pendencia;Coelba;SANDRO;JACSON;14/07/2025;Aceita;Agosto;;25/07/2025;Nao;;;JUAZEIRO;229;;;;;;;;BEATRIZ;26.0;; R$  -   ;JUAZEIRO;16/07/2025;NÃO;ETIQUETA NÃO SIMPLIFICADA;;;;
LPT - MED;B-1093864;MD-CIND-POV LIMOEIRO-RURAL;SENTO SÉ;31/05/2025;26/06/2025;;0,0;;MATEUS;;SIM;Conciliado;;Postado;;Movimentado;45838; R$  -   ; R$  -   ;R$ 174,03;;R$ 236,59;Sem pendencia;Coelba;MICHEL;LIGAÇÃO;14/07/2025;Aceita;Agosto;;25/07/2025;Nao;;;JUAZEIRO;229;;;;;;;;MATEUS;26.0;; R$  -   ;JUAZEIRO;16/07/2025;NÃO;ETIQUETA NÃO SIMPLIFICADA;;;;
LPT - KIT;B-1093863;KT-CIND-POV LIMOEIRO-RURAL;SENTO SÉ;31/05/2025;26/06/2025;;0,0;;MATEUS;;SIM;Conciliado;;Postado;;Movimentado;45838; R$  -   ; R$  -   ;R$ 331,35;;R$ 3.007,20;Sem pendencia;Coelba;MICHEL;LIGAÇÃO;14/07/2025;Aceita;Agosto;;25/07/2025;Nao;;;JUAZEIRO;229;;;;;;;;MATEUS;26.0;; R$  -   ;JUAZEIRO;16/07/2025;NÃO;ETIQUETA NÃO SIMPLIFICADA;;;;
UTEP;B-1135898;ER-CIND-POV-CARNAIBA DO SERTAO-RURAL;JUAZEIRO;01/07/2025;04/07/2025;;6,0;;MATEUS;;SIM;Conciliado;45848;Postado;45845;Movimentado;45845; R$  -   ; R$  1.108,82 ;R$ 18.682,83;;R$ 13.874,74;Sem pendencia;Coelba;ANDERSON ;PEDRO BATISTA ;14/07/2025;Aceita;Agosto;;05/08/2025;Nao;;;JUAZEIRO;198;;;;;;;;MATEUS;3.0;; R$  -   ;JUAZEIRO;01/08/2025;NÃO;ETIQUETA NÃO SIMPLIFICADA;;;;
UTEP;B-1041575;MP-CCOL-POV-SERROTIM-RURAL;CURAÇÁ;30/05/2025;20/06/2025;;15,0;;GUILHERME;;SIM;Conciliado;45878;Postado;45848;Movimentado;45868; R$  3.269,68 ; R$  2.772,05 ;R$ 44.735,23;;R$ 0,00;Sem pendencia;Coelba;EDIE JONNES;GISMARIO;14/07/2025;Aceita;Agosto;;14/08/2025;Nao;;;JUAZEIRO;230;;;;;;;;BEATRIZ;21.0;; R$  -   ;JUAZEIRO;09/08/2025;NÃO;ETIQUETA NÃO SIMPLIFICADA;;;;
UTEP;B-1130105;IT-GRUA-ET-DISTRITO DE IRRIG-RURAL;JUAZEIRO;23/05/2025;01/07/2025;;0,0;;GUILHERME;;SIM;Conciliado;45841;;;Movimentado;45779; R$  960,29 ; R$  -   ;R$ 1.208,18;;R$ 0,00;Sem pendencia;Coelba;EDIE JONNES;CARLOS LINHA VIVA;14/07/2025;Aceita;Agosto;;18/08/2025;Nao;;;JUAZEIRO;237;;;;;;;;GUILHERME;39.0;; R$  -   ;JUAZEIRO;14/08/2025;SIM;POSTADA;;;;
UTEP;B-1189757;ME-COEL-RUA-AGUAS BELAS-MALHADA DA AREIA;JUAZEIRO;14/05/2025;18/06/2025;;4,0;;MATEUS;;SIM;Conciliado;;;;Movimentado;45834; R$  3.769,32 ; R$  739,21 ;R$ 21.607,41;;R$ 147.367,64;Sem pendencia;Coelba;ANDERSON;MANUTENÇÃO;15/07/2025;Aceita;Setembro;;;Nao;;;JUAZEIRO;246;;;;;;;;BEATRIZ;35.0;; R$  -   ;JUAZEIRO;25/08/2025;NÃO;ETIQUETA NÃO SIMPLIFICADA;;;;
UTEP;B-1195385;UB-CIND-RUA-COMISSAO DO VALE-PIRANGA;JUAZEIRO;15/05/2025;20/05/2025;;0,0;;BEATRIZ;;SIM;Conciliado;;;;Movimentado;45825; R$  2.143,60 ; R$  -   ;R$ 4.941,50;;R$ 37.912,16;Sem pendencia;Coelba;EDIE JONNES;IVONALDO;15/07/2025;Aceita;Setembro;;29/08/2025;Nao;;;JUAZEIRO;245;;;;;;;;BEATRIZ;5.0;; R$  -   ;JUAZEIRO;26/08/2025;NÃO;ETIQUETA NÃO SIMPLIFICADA;;;;
UTEP;B-1139392;MP CIND FAZ SURUBIM RURAL;CURAÇÁ;19/06/2025;20/06/2025;;25,0;;MATEUS;;SIM;Conciliado;45849;Postado;;Movimentado;45840; R$  7.212,99 ; R$  4.620,08 ;R$ 81.089,06;;R$ 397.670,97;Sem pendencia;Coelba;EDIE JONNES ;GISMARIO;15/07/2025;Aceita;Setembro;;;Nao;;;JUAZEIRO;210;;;;;;;;BEATRIZ;1.0;; R$  -   ;JUAZEIRO;25/08/2025;NÃO;ETIQUETA NÃO SIMPLIFICADA;;;;
UTEP;B-1182418;UB-CIND-CJN-QD A 1-VILA ISABEL;CASA NOVA;31/03/2025;23/04/2025;;11,0;;BEATRIZ;;SIM;Conciliado;45848;;;Movimentado;45847; R$  -   ; R$  2.032,83 ;R$ 5.671,36;;R$ 16.369,50;Sem pendencia;Coelba;PAULO JUNIOR;AILTON;15/07/2025;Aceita;Agosto;;23/07/2025;Nao;;;JUAZEIRO;290;;;;;;;;BEATRIZ;23.0;; R$  -   ;REMANSO;21/07/2025;NÃO;ETIQUETA NÃO SIMPLIFICADA;;;;
LPT;B-1130721;ER-CIND-RUA-SANTO ANTONIO-QUIXABA;SENTO SÉ;28/05/2025;03/06/2025;;8,0;;GUILHERME;;SIM;Conciliado;45836;;;Movimentado;45850; R$  4.026,89 ; R$  1.478,42 ;R$ 18.317,70;;R$ 52.543,93;Sem pendencia;Coelba;SANTIAGO ;JACSON;15/07/2025;Aceita;Agosto;;25/07/2025;Nao;;;JUAZEIRO;232;;;;;;;;GUILHERME;6.0;; R$  -   ;JUAZEIRO;21/07/2025;NÃO;NÃO POSTADO;;;;
LPT - MED;B-1215478;MED-CIND-RUA-SANTO ANTONIO-QUIXABA;SENTO SÉ;29/05/2025;04/06/2025;;0,0;;GUILHERME;;SIM;Conciliado;;;;Movimentado;45851; R$  -   ; R$  -   ;R$ 174,03;;R$ 1.164,11;Sem pendencia;Coelba;SANTIAGO ;JACSON;15/07/2025;Aceita;Agosto;;25/07/2025;Nao;;;JUAZEIRO;231;;;;;;;;GUILHERME;6.0;; R$  -   ;JUAZEIRO;21/07/2025;SIM;ETIQUETA NÃO SIMPLIFICADA;;;;
LPT - KIT;B-1215458;KIT-CIND-RUA-SANTO ANTONIO-QUIXABA;SENTO SÉ;30/05/2025;05/06/2025;;0,0;;GUILHERME;;SIM;Conciliado;;;;Movimentado;45852; R$  -   ; R$  -   ;R$ 331,35;;R$ 0,00;Sem pendencia;Coelba;SANTIAGO ;JACSON;15/07/2025;Aceita;Agosto;;25/07/2025;Nao;;;JUAZEIRO;230;;;;;;;;GUILHERME;6.0;; R$  -   ;JUAZEIRO;21/07/2025;SIM;ETIQUETA NÃO SIMPLIFICADA;;;;
LPT;B-1181568;ER-CIND-POV-ILHA ANDORINHA-I ANDORINHA;SENTO SÉ;09/06/2025;26/06/2025;;19,0;;MATEUS;;SIM;Conciliado;;;;Movimentado;45835; R$  3.200,07 ; R$  3.511,26 ;R$ 37.650,25;;R$ 138.983,58;Sem pendencia;Coelba;SANTIAGO ;JACSON;15/07/2025;Aceita;Agosto;;31/07/2025;Nao;;;JUAZEIRO;220;;;;;;;;BEATRIZ;17.0;; R$  -   ;JUAZEIRO;25/07/2025;NÃO;ETIQUETA NÃO SIMPLIFICADA;;;;
LPT - MED;B-1212324;MD-CIND-POV-ILHA ANDORINHA-I ANDORINHA;SENTO SÉ;09/06/2025;26/06/2025;;0,0;;MATEUS;;SIM;Conciliado;;;;Movimentado;45835; R$  -   ; R$  -   ;R$ 174,03;;R$ 3.492,32;Sem pendencia;Coelba;MICHEL;LIGAÇÃO;15/07/2025;Aceita;Agosto;;31/07/2025;Nao;;;JUAZEIRO;220;;;;;;;;MATEUS;17.0;; R$  -   ;JUAZEIRO;25/07/2025;NÃO;ETIQUETA NÃO SIMPLIFICADA;;;;
LPT - KIT;B-1212322;KT-CIND-POV-ILHA ANDORINHA-I ANDORINHA;SENTO SÉ;09/06/2025;26/06/2025;;0,0;;MATEUS;;SIM;Conciliado;;;;Movimentado;45835; R$  -   ; R$  -   ;R$ 121,23;;R$ 6.376,16;Sem pendencia;Coelba;MICHEL;LIGAÇÃO;15/07/2025;Aceita;Agosto;;31/07/2025;Nao;;;JUAZEIRO;220;;;;;;;;MATEUS;17.0;; R$  -   ;JUAZEIRO;25/07/2025;NÃO;ETIQUETA NÃO SIMPLIFICADA;;;;
UTEP;B-1137500;ER-CIND-POV-CURRAL-CURRAL VELHO;CURAÇÁ;18/06/2025;20/06/2025;;1,0;;BEATRIZ;;SIM;Conciliado;;;;Movimentado;45833; R$  718,90 ; R$  184,80 ;R$ 10.752,99;;R$ 64.128,59;Sem pendencia;Coelba;EDIE JONNES ;GISMARIO;15/07/2025;Aceita;Agosto;;21/08/2025;Nao;;;JUAZEIRO;211;;;;;;;;BEATRIZ;2.0;; R$  -   ;JUAZEIRO;20/08/2025;NÃO;ETIQUETA NÃO SIMPLIFICADA;;;;
LPT;B-1057733;MP-CIND-POV-CRUZ II-RIO RURAL;JUAZEIRO;26/06/2025;04/07/2025;;10,0;;GUILHERME;;SIM;Conciliado;45847;Postado;45846;Movimentado;; R$  4.759,79 ; R$  1.848,03 ;R$ 31.723,01;;R$ 212.851,82;Sem pendencia;Coelba;ANDERSON ;PEDRO LINO;16/07/2025;Aceita;Setembro;;26/08/2025;Nao;;;JUAZEIRO;203;;;;;;;;GUILHERME;8.0;; R$  -   ;JUAZEIRO;25/08/2025;NÃO;ETIQUETA NÃO SIMPLIFICADA;;;;
LPT - MED;B-1057735;MED-CIND-POV-CRUZ II-RIO RURAL;JUAZEIRO;27/06/2025;05/07/2025;;0,0;;GUILHERME;;SIM;Conciliado;45847;Postado;45846;Movimentado;; R$  -   ; R$  -   ;R$ 254,43;;R$ 215,95;Sem pendencia;Coelba;MICHEL;LIGAÇÃO;16/07/2025;Aceita;Setembro;;26/08/2025;Nao;;;JUAZEIRO;202;;;;;;;;GUILHERME;8.0;; R$  -   ;JUAZEIRO;19/08/2025;NÃO;ETIQUETA NÃO SIMPLIFICADA;;;;
LPT - KIT;B-1057734;KIT-CIND-POV-CRUZ II-RIO RURAL;JUAZEIRO;28/06/2025;06/07/2025;;0,0;;GUILHERME;;SIM;Conciliado;45847;Postado;45846;Movimentado;; R$  -   ; R$  -   ;R$ 142,67;;R$ 2.685,77;Sem pendencia;Coelba;MICHEL;LIGAÇÃO;16/07/2025;Aceita;Setembro;;26/08/2025;Nao;;;JUAZEIRO;201;;;;;;;;GUILHERME;8.0;; R$  -   ;JUAZEIRO;19/08/2025;NÃO;ETIQUETA NÃO SIMPLIFICADA;;;;
UTEP;B-1151835;AC-CIND-POV-ITAPICURU-RURAL;SENTO SÉ;21/05/2025;30/05/2025;;3,0;;GUILHERME;;SIM;Conciliado;45880;;;Movimentado;45878; R$  -   ; R$  554,41 ;R$ 24.414,37;;R$ 112.962,82;Sem pendencia;Coelba;SANTIAGO;JACSON;16/07/2025;Aceita;Agosto;;18/08/2025;Nao;;;JUAZEIRO;239;;;;;;;;BEATRIZ;9.0;; R$  -   ;JUAZEIRO;12/08/2025;NÃO;ETIQUETA NÃO SIMPLIFICADA;;;;
LPT;B-0556240;RR-CCOL-POV.SÃO FRANCISCO-RURAL;JUAZEIRO;21/06/2025;23/06/2025;;77,0;;MATEUS;;SIM;Conciliado;45853;Postado;45843;Movimentado;45867; R$  5.043,81 ; R$  14.229,83 ;R$ 183.220,93;;R$ 416.825,23;Sem pendencia;Coelba;PAULO JUNIOR;AILTON;17/07/2025;Aceita;Agosto;;12/08/2025;Nao;;;JUAZEIRO;208;;;;;;;;BEATRIZ;2.0;; R$  -   ;JUAZEIRO;06/08/2025;NÃO;ETIQUETA NÃO SIMPLIFICADA;;;;
LPT;B-1041388;MP CIND POV. BARRA POÇO DA PEDRA RURAL;CASA NOVA ;22/03/2025;19/04/2025;;13,0;;BEATRIZ;;SIM;Conciliado;;;;Movimentado;45833; R$  3.209,96 ; R$  2.402,44 ;R$ 51.570,74;;R$ 133.578,06;Sem pendencia;Coelba;PAULO JUNIOR;AILTON/DANIEL;18/07/2025;Aceita;Agosto;;11/08/2025;Nao;;;JUAZEIRO;299;;;;;;;;BEATRIZ;28.0;; R$  -   ;REMANSO;07/08/2025;NÃO;ETIQUETA NÃO SIMPLIFICADA;;;;
LPT - KIT;B-1041383;KT MP CIND POV BARRA POÇO DA PEDRA;CASA NOVA ;22/03/2025;19/04/2025;;0,0;;BEATRIZ;;SIM;Conciliado;;;;Movimentado;45833; R$  -   ; R$  -   ;R$ 331,35;;R$ 2.687,69;Sem pendencia;Coelba;MICHEL;LIGAÇÃO;18/07/2025;Aceita;Agosto;;11/08/2025;Nao;;;JUAZEIRO;299;;;;;;;;BEATRIZ;28.0;; R$  -   ;REMANSO;07/08/2025;NÃO;ETIQUETA NÃO SIMPLIFICADA;;;;
LPT - MED;B-1041384;MD MP CIND POV BARRA POÇO DA PEDRA;CASA NOVA ;22/03/2025;19/04/2025;;0,0;;BEATRIZ;;SIM;Conciliado;;;;Movimentado;45833; R$  -   ; R$  -   ;R$ 174,03;;;Sem pendencia;Coelba;MICHEL;LIGAÇÃO;18/07/2025;Aceita;Agosto;;11/08/2025;Nao;;;JUAZEIRO;299;;;;;;;;BEATRIZ;28.0;; R$  -   ;REMANSO;07/08/2025;NÃO;ETIQUETA NÃO SIMPLIFICADA;;;;
UTEP;B-1166752;ER-CIND-POV-LAGOA DO TOURO-SERTAOZINHO;JUAZEIRO;18/06/2025;02/07/2025;;20,0;;GUILHERME;;SIM;Conciliado;45843;Postado;45854;Movimentado;45842; R$  3.942,13 ; R$  3.696,06 ;R$ 53.214,53;;R$ 0,00;Sem pendencia;Coelba;SANTIAGO ;JACSON;18/07/2025;Aceita;Agosto;;12/08/2025;Nao;;;JUAZEIRO;211;;;;;;;;BEATRIZ;14.0;; R$  -   ;JUAZEIRO;05/08/2025;NÃO;ETIQUETA NÃO SIMPLIFICADA;;;;
LPT - MED;B-1215476;MD-CCOL-POV.SÃO FRANCISCO-RURAL;JUAZEIRO;21/06/2025;23/06/2025;;0,0;;MATEUS;;SIM;Conciliado;;Postado;;Movimentado;; R$  -   ; R$  -   ;R$ 2.088,45;;R$ 17.461,58;Sem pendencia;Coelba;MICHEL;LIGAÇÃO;18/07/2025;Aceita;Agosto;;12/08/2025;Nao;;;JUAZEIRO;208;;;;;;;;MATEUS;2.0;; R$  -   ;JUAZEIRO;31/07/2025;NÃO;ETIQUETA NÃO SIMPLIFICADA;;;;
LPT - KIT;B-1215455;KT-CCOL-POV.SÃO FRANCISCO-RURAL;JUAZEIRO;21/06/2025;23/06/2025;;0,0;;MATEUS;;SIM;Conciliado;;Postado;;Movimentado;; R$  -   ; R$  -   ;R$ 1.874,97;;R$ 31.880,82;Sem pendencia;Coelba;MICHEL;LIGAÇÃO;18/07/2025;Aceita;Agosto;;12/08/2025;Nao;;;JUAZEIRO;208;;;;;;;;MATEUS;2.0;; R$  -   ;JUAZEIRO;31/07/2025;NÃO;ETIQUETA NÃO SIMPLIFICADA;;;;
UTEP;B-1170871;IE-RELIGADOR-CSN-01N3/01N5-J07374;CASA NOVA;30/06/2025;10/07/2025;;1,0;;MATEUS;;SIM;Conciliado;;;;Movimentado;45849; R$  6.164,16 ; R$  184,80 ;R$ 8.399,52;;R$ 102.337,61;Sem pendencia;Coelba;PAULO JUNIOR ;ITALO LINHA VIVA;18/07/2025;Aceita;Agosto;;20/08/2025;Nao;;;JUAZEIRO;199;;;;;;;;MATEUS;10.0;; R$  -   ;REMANSO;14/08/2025;SIM;APROVADA;;;;
LPT;B-1138495;ER-CIND-RUA-DA BARRAGEM-PEDRA GRANDE;UAUÁ;02/07/2025;03/07/2025;;41,0;;GUILHERME;;SIM;Conciliado;45855;Postado;45855;Movimentado;45850; R$  -   ; R$  7.576,92 ;R$ 94.514,27;;R$ 189.614,04;Sem pendencia;Coelba;EDIE JONNES;JOÃO BATISTA ;25/07/2025;Aceita;Agosto;;11/08/2025;Nao;;;JUAZEIRO;197;;;;;;;;BEATRIZ;1.0;; R$  -   ;JUAZEIRO;04/08/2025;NÃO;ETIQUETA NÃO SIMPLIFICADA;;;;
LPT - KIT;B-1215479;MD-CIND-RUA-DA BARRAGEM-PEDRA GRANDE;UAUÁ;02/07/2025;03/07/2025;;0,0;;GUILHERME;;SIM;Conciliado;;Postado;;Movimentado;; R$  -   ; R$  -   ;R$ 174,03;;R$ 1.164,11;Sem pendencia;Coelba;MICHEL;LIGAÇÃO;25/07/2025;Aceita;Agosto;;11/08/2025;Nao;;;JUAZEIRO;197;;;;;;;;CAIO;1.0;; R$  -   ;JUAZEIRO;04/08/2025;NÃO;ETIQUETA NÃO SIMPLIFICADA;;;;
LPT - MED;B-1215459;KT-CIND-RUA-DA BARRAGEM-PEDRA GRANDE;UAUÁ;02/07/2025;03/07/2025;;0,0;;GUILHERME;;SIM;Conciliado;;Postado;;Movimentado;; R$  -   ; R$  -   ;R$ 331,35;;R$ 2.125,38;Sem pendencia;Coelba;MICHEL;LIGAÇÃO;25/07/2025;Aceita;Agosto;;11/08/2025;Nao;;;JUAZEIRO;197;;;;;;;;CAIO;1.0;; R$  -   ;JUAZEIRO;04/08/2025;NÃO;ETIQUETA NÃO SIMPLIFICADA;;;;
UTEP;B-1165820;ER-CIND-POV-TIGRE 595-RURAL;CASA NOVA;12/05/2025;10/07/2025;;1,0;;BRUNO;;SIM;Conciliado;45855;;;Movimentado;45860; R$  3.136,69 ; R$  184,80 ;R$ 5.157,09;;R$ 18.841,24;Sem pendencia;Coelba;PAULO JUNIOR;AILTON;28/07/2025;Aceita;Agosto;;01/08/2025;Nao;;;JUAZEIRO;248;;;;;;;;BRUNO;59.0;; R$  -   ;REMANSO;31/07/2025;SIM;APROVADA;;;;
UTEP;B-1187055;UB-CIND-AV-COMISSAO DO VALE-PIRANGA;JUAZEIRO;21/07/2025;21/07/2025;;1,0;;BEATRIZ;;SIM;Conciliado;45863;;;Movimentado;45866; R$  -   ; R$  184,80 ;R$ 2.079,90;;R$ 27.909,01;Sem pendencia;Coelba;EDIE JONNES;PEDRO LINO;31/07/2025;Aceita;Agosto;;05/08/2025;Nao;;;JUAZEIRO;178;;;;;;;;BEATRIZ;0.0;; R$  -   ;JUAZEIRO;;SIM;POSTADA;;;;
LPT;B-1190937;ER-CCOL-POV-PATAMUTE-RURAL;CURAÇÁ;09/05/2025;10/05/2025;;30,0;;BEATRIZ;;SIM;Conciliado;;Postado;21/07/2025;Movimentado;23/07/2025; R$  1.551,60 ; R$  5.544,09 ;R$ 71.530,57;;R$ 264.976,91;Sem pendencia;Coelba;SANTIAGO;FERNANDO;01/08/2025;Aceita;Setembro;;12/09/2025;Nao;;;JUAZEIRO;251;;;;;;;;BEATRIZ;1.0;; R$  -   ;JUAZEIRO;05/09/2025;NÃO;ETIQUETA NÃO SIMPLIFICADA;;;;
LPT - MED;B-1199868;MD-CCOL-POV-PATAMUTE-RURAL;CURAÇÁ;09/05/2025;10/05/2025;;0,0;;BEATRIZ;;SIM;Conciliado;;;;Movimentado;; R$  -   ; R$  -   ;R$ 174,03;;R$ 1.086,74;Sem pendencia;Coelba;MICHEL;LIGAÇÃO;01/08/2025;Aceita;Setembro;;12/09/2025;Nao;;;JUAZEIRO;251;;;;;;;;CAIO;1.0;; R$  -   ;JUAZEIRO;05/09/2025;NÃO;ETIQUETA NÃO SIMPLIFICADA;;;;
LPT - KIT;B-1199825;KT-CCOL-POV-PATAMUTE-RURAL;CURAÇÁ;09/05/2025;10/05/2025;;0,0;;BEATRIZ;;SIM;Conciliado;;;;Movimentado;; R$  -   ; R$  -   ;R$ 331,35;;R$ 2.174,12;Sem pendencia;Coelba;MICHEL;LIGAÇÃO;01/08/2025;Aceita;Setembro;;12/09/2025;Nao;;;JUAZEIRO;251;;;;;;;;CAIO;1.0;; R$  -   ;JUAZEIRO;05/09/2025;NÃO;ETIQUETA NÃO SIMPLIFICADA;;;;
UTEP;B-1168500;AC-CIND-CA-ELLIS MARIA-RURAL DE CIMA;JUAZEIRO;07/05/2025;01/07/2025;;1,0;;MATEUS;;SIM;Conciliado;45848;;;Movimentado;45840; R$  2.843,28 ; R$  184,80 ;R$ 4.902,24;;R$ 27.211,65;Sem pendencia;Coelba;SANTIAGO ;DOMINGOS;01/08/2025;Aceita;Agosto;;18/08/2025;Nao;;;JUAZEIRO;253;;;;;;;;MATEUS;55.0;; R$  -   ;JUAZEIRO;12/08/2025;SIM;APROVADA;;;;
UTEP;B-1171264;IE-RELIGADOR-CSN-01C5-J05899;REMANSO;20/06/2025;10/07/2025;;0,0;;MATEUS;;SIM;Conciliado;;;;Movimentado;45850; R$  3.404,45 ; R$  -   ;R$ 4.273,98;;R$ 97.309,03;Sem pendencia;Coelba;PAULO JUNIOR ;IVONALDO;01/08/2025;Aceita;Agosto;;19/08/2025;Nao;;;JUAZEIRO;209;;;;;;;;MATEUS;20.0;; R$  -   ;REMANSO;12/08/2025;SIM;NÃO POSTADO;;;;
UTEP;B-1113335;MP-CIND-FAZ-BANGUE 1250-RURAL;CURAÇÁ;24/04/2025;21/07/2025;;8,0;;GUILHERME;;SIM;Conciliado;45861;Postado;45860;Movimentado;45860; R$  -   ; R$  1.478,42 ;R$ 28.636,09;;R$ 73.531,27;Sem pendencia;Coelba;SANTIAGO;FERNANDO;04/08/2025;Aceita;Setembro;;03/09/2025;Nao;;;JUAZEIRO;266;;;;;;;;GUILHERME;88.0;; R$  -   ;JUAZEIRO;02/09/2025;NÃO;ETIQUETA NÃO SIMPLIFICADA;Pendente solução de carlos eduardo sobre cavas ;;;
UTEP;B-1165884;ER-CIND-FAZ-IPUEIRA-BARRO VERMELHO;CURAÇÁ;21/06/2025;25/06/2025;;18,0;;BRUNO;;SIM;Conciliado;16/07/2025;Postado;;Movimentado;03/07/2025; R$  4.194,52 ; R$  3.326,45 ;R$ 32.296,03;;R$ 0,00;Sem pendencia;Coelba;EDIE JONNES ;GISMARIO;04/08/2025;Aceita;Setembro;;23/09/2025;Nao;;;JUAZEIRO;208;;;;;;;;BRUNO;4.0;; R$  -   ;JUAZEIRO;19/09/2025;NÃO;ETIQUETA NÃO SIMPLIFICADA;;;;
UTEP;B-1180643;ER-CIND-POV-ACUDE PEDRA-CASA NOVA;CASA NOVA ;17/03/2025;12/07/2025;;7,0;;BEATRIZ;;SIM;Conciliado;45866;;;Movimentado;45866; R$  -   ; R$  1.293,62 ;R$ 15.440,32;;R$ 28.904,00;Sem pendencia;Coelba;PAULO JUNIOR;AILTON;04/08/2025;Aceita;Agosto;;11/08/2025;Nao;;;JUAZEIRO;304;;;;;;;;BEATRIZ;117.0;; R$  -   ;REMANSO;08/08/2025;NÃO;POSTADA;;;;
UTEP;B-1180015;ER-CIND-AV-DR JORGE KHOURY-MATA BURRO;JUAZEIRO;28/06/2025;30/06/2025;;0,0;;BRUNO;;SIM;Conciliado;;;;Movimentado;45866; R$  1.829,43 ; R$  -   ;R$ 3.284,63;;R$ 36.612,48;Sem pendencia;Coelba;ANDERSON;MANUTENÇÃO;06/08/2025;Aceita;Setembro;;27/08/2025;Nao;;;JUAZEIRO;201;;;;;;;;BRUNO;2.0;; R$  -   ;JUAZEIRO;25/08/2025;NÃO;ETIQUETA NÃO SIMPLIFICADA;;;;
UTEP;B-1164868;ER-CIND-POV-GOIABEIRA II-GOIABEIRA II;JUAZEIRO;04/06/2025;15/08/2025;;5,0;;MATEUS;;SIM;Conciliado;;Postado;;Movimentado;45861; R$  3.409,25 ; R$  924,02 ;R$ 9.314,71;;R$ 62.327,12;Sem pendencia;Coelba;ANDERSON;MANUTENÇÃO;06/08/2025;Aceita;Setembro;;;Nao;;;JUAZEIRO;225;;;;;;;;BRUNO;72.0;AS BUILT DEVOLVIDO em 18/08/25 - DIVERGÊNCIAS DE CAMPO; R$  -   ;JUAZEIRO;04/09/2025;SIM;APROVADA;;;;
UTEP;B-1085103;AL - 01V2 - SE NOVA TOURÃO - EQUIP. Q008;JUAZEIRO;29/05/2025;29/05/2025;;2,0;;CLEITISVAL;;SIM;Conciliado;;;;Movimentado;; R$  -   ; R$  369,61 ;R$ 12.749,58;;R$ 75.636,00;Sem pendencia;Coelba;SANTIAGO ;SANTIAGO ;06/08/2025;Aceita;Setembro;;18/09/2025;Nao;;;JUAZEIRO;231;;;;;;;;CLEITISVAL;0.0;; R$  -   ;JUAZEIRO;16/09/2025;NÃO;ETIQUETA NÃO SIMPLIFICADA;;;;
UTEP;B-1085374;AL-01V3-NOVA TOURÃO-CONSTRUÇÃO ITEM 1, 2;JUAZEIRO;01/04/2025;03/04/2025;;10,0;;CLEITISVAL;;SIM;Conciliado;;;;Movimentado;; R$  27.636,20 ; R$  1.848,03 ;R$ 151.145,71;;R$ 1.751.957,73;Sem pendencia;Coelba;SANTIAGO;RODRIGUES / IVONALDO;06/08/2025;Aceita;Agosto;;08/08/2025;Nao;;;JUAZEIRO;289;;;;;;;;CLEITISVAL;2.0;; R$  -   ;JUAZEIRO;;NÃO;ETIQUETA NÃO SIMPLIFICADA;;;;
UTEP;B-1151010;AC-REG.FV-CIND-POV PEDRA GRANDE 160-RURA;CASA NOVA;27/06/2025;15/07/2025;;0,0;;BEATRIZ;;SIM;Conciliado;45863;;;Movimentado;45861; R$  -   ; R$  -   ;R$ 1.938,92;;R$ 48.331,81;Sem pendencia;Coelba;PAULO JUNIOR ;AILTON;06/08/2025;Aceita;Agosto;;13/08/2025;Nao;;;JUAZEIRO;202;;;;;;;;MATEUS;18.0;; R$  -   ;REMANSO;12/08/2025;SIM;POSTADA;;;;
UTEP;B-1196129;ER-CIND-POV-POCO DANTAS-PEDRA BRANCA;PILÃO ARCADO;12/07/2025;17/07/2025;;36,0;;MATEUS;;SIM;Conciliado;45867;Postado;45861;Movimentado;45861; R$  -   ; R$  6.652,91 ;R$ 64.489,95;;R$ 275.984,33;Sem pendencia;Coelba;PAULO JUNIOR ;AILTON;06/08/2025;Aceita;Agosto;;14/08/2025;Nao;;;JUAZEIRO;187;;;;;;;;BEATRIZ;5.0;; R$  -   ;REMANSO;12/08/2025;NÃO;ETIQUETA NÃO SIMPLIFICADA;;;;
LPT;B-1206107;ER-CIND-FAZ-ROCA BICO-CARNAIBA DO SERTAO;JUAZEIRO;22/07/2025;22/07/2025;;1,0;;GUILHERME;;SIM;Conciliado;45866;;;Movimentado;; R$  3.136,69 ; R$  184,80 ;R$ 5.906,71;;R$ 19.696,93;Sem pendencia;Coelba;EDIE JONNES;PEDRO LINO;06/08/2025;Aceita;Agosto;;20/08/2025;Nao;;;JUAZEIRO;177;;;;;;;;BEATRIZ;0.0;; R$  -   ;JUAZEIRO;14/08/2025;NÃO;ETIQUETA NÃO SIMPLIFICADA;;;;
LPT - MED;B-1216842;MD-CIND-FAZ-ROCA BICO-CARNAIBA DO SERTAO;JUAZEIRO;22/07/2025;22/07/2025;;0,0;;GUILHERME;;SIM;Conciliado;45846;;;Movimentado; ;; R$  -   ;R$ 174,03;;R$ 2.328,21;Sem pendencia;Coelba;MICHEL;LIGAÇÃO;06/08/2025;Aceita;Agosto;;20/08/2025;Nao;;;JUAZEIRO;177;;;;;;;;BEATRIZ;0.0;; R$  -   ;JUAZEIRO;14/08/2025;NÃO;ETIQUETA NÃO SIMPLIFICADA;;;;
LPT - MED;B-1121698;MED LD - CIND - FAZ VERMELHO - RURAL;JUAZEIRO;27/01/2025;27/01/2025;;0,0;;CAIO;;SIM;Conciliado;;;;Movimentado;;; R$  -   ;R$ 174,03;;R$ 467,08;Sem pendencia;Coelba;MICHEL;LIGAÇÃO;07/08/2025;Aceita;Agosto;;08/08/2025;Nao;;;JUAZEIRO;353;;;;;;;;CAIO;0.0;; R$  -   ;JUAZEIRO;;NÃO;ETIQUETA NÃO SIMPLIFICADA;;;;
UTEP;B-1170253;IE-RELIGADOR-CSN-01C6-J54312;CASA NOVA;02/06/2025;10/07/2025;;1,0;;GUILHERME;;SIM;Conciliado;45863;;;Movimentado;45874; R$  6.361,65 ; R$  184,80 ;R$ 8.597,01;;R$ 93.430,26;Sem pendencia;Coelba;PAULO JUNIOR ;ITALO LINHA VIVA;11/08/2025;Aceita;Agosto;;18/08/2025;Nao;;;JUAZEIRO;227;;;;;;;;GUILHERME;38.0;  ; R$  -   ;REMANSO;;SIM;NÃO POSTADO;;;;
UTEP;B-1161619;ER-CIND-FAZ-MASSAYO-RURAL;JUAZEIRO;12/06/2025;08/07/2025;;1,0;;GUILHERME;;SIM;Conciliado;45848;;;Movimentado;45847;; R$  184,80 ;R$ 7.438,16;;R$ 94.709,25;Sem pendencia;Coelba;ANDERSON ;MANUTENÇÃO;12/08/2025;Aceita;Setembro;;21/08/2025;Nao;;;JUAZEIRO;217;;;;;;;;GUILHERME;26.0;; R$  -   ;JUAZEIRO;;SIM;APROVADA;;;;
LPT;B-1058096;MP-CIND-POV PONTA DA SERRA - RURAL;REMANSO;31/07/2025;31/07/2025;;75,0;;RUBEM;;SIM;Conciliado;;;;Movimentado;; R$  1.340,98 ; R$  13.860,23 ;R$ 120.056,31;;R$ 786.403,53;Sem pendencia;Coelba;RUBEM ;LUIZ CARLOS / GIMAILTON;12/08/2025;Aceita;Setembro;;28/08/2025;Nao;;;JUAZEIRO;168;;;;;;;;RUBEM;0.0;; R$  -   ;REMANSO;25/08/2025;NÃO;ETIQUETA NÃO SIMPLIFICADA;;;;
LPT - MED;B-1058778;MD-CCOL-POV-PONTA DA SERRA-RURAL;REMANSO;31/07/2025;31/07/2025;;0,0;;RUBEM;;SIM;Conciliado;;;;Movimentado;; R$  -   ; R$  -   ;R$ 1.044,18;;R$ 1.295,72;Sem pendencia;Coelba;MICHEL;LIGAÇÃO;12/08/2025;Aceita;Setembro;;28/08/2025;Nao;;;JUAZEIRO;168;;;;;;;;CAIO;0.0;; R$  -   ;REMANSO;25/08/2025;NÃO;ETIQUETA NÃO SIMPLIFICADA;;;;
LPT - KIT;B-1058098;KT-CCOL-POV-PONTA DA SERRA-RURAL;REMANSO;45869;45869;;0,0;;RUBEM;;SIM;Conciliado;;;;Movimentado;;0;0;R$ 1.610,74;;R$ 15.505,01;Sem pendencia;Coelba;MICHEL;LIGAÇÃO;12/08/2025;Aceita;Setembro;;28/08/2025;Nao;;;JUAZEIRO;16/06/1900;;;;;;;;CAIO;0.0;;0;REMANSO;25/08/2025;NÃO;ETIQUETA NÃO SIMPLIFICADA;;;;
UTEP;B-1157515;MP-CIND-POV.RURAL;CURAÇÁ;11/07/2025;22/07/2025;;31,0;;GUILHERME;;SIM;Conciliado;45875;Postado;45883;Movimentado;45867; R$  1.535,14 ; R$  5.728,89 ;R$ 101.840,14;;R$ 883.917,42;Sem pendencia;Coelba;EDIE JONNES ;GISMARIO;14/08/2025;Aceita;Agosto;;20/08/2025;Nao;;;JUAZEIRO;188;;;;;;;;GUILHERME;11.0;; R$  -   ;JUAZEIRO;;NÃO;ETIQUETA NÃO SIMPLIFICADA;;;;
UTEP;B-1207050;ER-CIND-RUA 6-CURRAL VELHO-RURAL;JUAZEIRO;26/07/2025;29/07/2025;;2,0;;MATEUS;;SIM;Conciliado;45876;;45876;Movimentado;45876; R$  -   ; R$  369,61 ;R$ 4.799,29;;R$ 11.027,65;Sem pendencia;Coelba;EDIE JONNES;PEDRO LINO;15/08/2025;Aceita;Setembro;;20/08/2025;Nao;;;JUAZEIRO;173;;;;;;;;BEATRIZ;3.0;; R$  -   ;JUAZEIRO;;SIM;NÃO POSTADO;;;;
UTEP;B-1166496;ME-COEL-POV-SANTANA SOBRADO-RURAL;CASA NOVA;16/05/2025;17/05/2025;;5,0;;MATEUS;;SIM;Conciliado;45847;;;Movimentado;45846; R$  1.561,57 ; R$  924,02 ;R$ 15.964,69;;R$ 57.713,68;Sem pendencia;Coelba;PAULO JUNIOR;DANIEL;15/08/2025;Aceita;Setembro;;;Nao;;;JUAZEIRO;244;;;;;;;;BEATRIZ;1.0;PROJETO DE RAMAL; R$  -   ;REMANSO;28/08/2025;NÃO;ETIQUETA NÃO SIMPLIFICADA;;;;
UTEP;B-1183167;UB-CIND-CA-7 9995-JO O PAULO II;JUAZEIRO;25/07/2025;28/07/2025;;5,0;;BRUNO;;SIM;Conciliado;06/08/2025;;;Movimentado;05/08/2025; R$  637,81 ; R$  924,02 ;R$ 17.489,42;;R$ 130.448,63;Sem pendencia;Coelba;EDIE JONNES ;PEDRO LINO;15/08/2025;Aceita;Setembro;;;Nao;;;JUAZEIRO;174;;;;;;;;BEATRIZ;3.0;; R$  -   ;JUAZEIRO;21/08/2025;NÃO;ETIQUETA NÃO SIMPLIFICADA;;;;
UTEP;B-1205972;ER-CIND-ROD-DIST IND JUAZEIRO 3-URBANO;JUAZEIRO;26/05/2025;26/08/2025;;0,0;;BRUNO;;SIM;Conciliado;10/09/2025;;09/09/2025;Movimentado;09/09/2025; R$  -   ; R$  -   ;R$ 977,84;;R$ 26.663,98;Sem pendencia;Coelba;EDIE JONNES;PEDRO LINO;15/08/2025;Aceita;Outubro;;26/09/2025;;;;JUAZEIRO;234;;;;;;;;BRUNO;92.0;; R$  -   ;JUAZEIRO;;SIM;NÃO POSTADO;;;;
UTEP;B-1182944;ER-CIND-POV-ALGODAO DE CIMA 1452-AL CIMA;CASA NOVA;22/04/2025;01/07/2025;;5,0;;BRUNO;;SIM;Conciliado;45877;;;Movimentado;45877; R$  -   ; R$  924,02 ;R$ 8.589,12;;R$ 35.896,88;Sem pendencia;Coelba;PAULO JUNIOR ;AILTON;15/08/2025;Aceita;Agosto;;20/08/2025;Nao;;;JUAZEIRO;268;;;;;;;;BRUNO;70.0;; R$  -   ;REMANSO;;NÃO;ETIQUETA NÃO SIMPLIFICADA;;;;
LPT;B-1062682;LD- CIND POV  MARCOS RURAL- REM;REMANSO;29/07/2025;30/07/2025;;76,0;;MATEUS;;SIM;Conciliado;;Postado;;Movimentado;13/08/2025; R$  2.962,42 ; R$  14.045,03 ;R$ 75.843,77;;R$ 617.150,87;Sem pendencia;Coelba;PAULO JUNIOR ;SILVONEY;16/08/2025;Aceita;Setembro;;;Nao;;;JUAZEIRO;170;;;;;;;;BEATRIZ;1.0;; R$  -   ;REMANSO;12/09/2025;NÃO;ETIQUETA NÃO SIMPLIFICADA;;;;
LPT - KIT;B-1072594;KIT- CIND POV  MARCOS RURAL- REM;REMANSO;29/07/2025;30/07/2025;;0,0;;MATEUS;;SIM;Conciliado;;Postado;;Movimentado;13/08/2025; R$  -   ; R$  -   ;R$ 682,88;;R$ 3.205,62;Sem pendencia;Coelba;MICHEL;LIGAÇÃO;18/08/2025;Aceita;Setembro;;;Nao;;;JUAZEIRO;170;;;;;;;;MATEUS;1.0;; R$  -   ;REMANSO;12/09/2025;NÃO;ETIQUETA NÃO SIMPLIFICADA;;;;
LPT - MED;B-1072596;MED- CIND POV  MARCOS RURAL- REM;REMANSO;29/07/2025;30/07/2025;;0,0;;MATEUS;;SIM;Conciliado;;Postado;;Movimentado;13/08/2025; R$  -   ; R$  -   ;R$ 509,81;;R$ 500,89;Sem pendencia;Coelba;MICHEL;LIGAÇÃO;18/08/2025;Aceita;Setembro;;;Nao;;;JUAZEIRO;170;;;;;;;;MATEUS;1.0;; R$  -   ;REMANSO;12/09/2025;NÃO;ETIQUETA NÃO SIMPLIFICADA;;;;
ÁGEIS;B-1211880;UB-CIND-RUA-CODEVASF-PIRANGA;JUAZEIRO;04/08/2025;04/08/2025;;1,0;;CAIO;;SIM;Conciliado;;;;Movimentado;; R$  -   ; R$  184,80 ;R$ 1.884,80;;R$ 6.702,17;Sem pendencia;Coelba;MICHEL;ANTONIO BARBOSA;19/08/2025;Aceita;Setembro;;;Nao;;;JUAZEIRO;164;;;;;;;;CAIO;0.0;; R$  -   ;JUAZEIRO; ;NÃO;ETIQUETA NÃO SIMPLIFICADA;;;;
ÁGEIS;B-1194786;UB-CIND-LOT-TERRAS DO BARAO-QUIDE;JUAZEIRO;31/07/2025;31/07/2025;;2,0;;CAIO;;SIM;Conciliado;;;;Movimentado;; R$  -   ; R$  369,61 ;R$ 3.769,61;;R$ 11.259,32;Sem pendencia;Coelba;MICHEL ;CARLOS LIMA;19/08/2025;Aceita;Setembro;;;Nao;;;JUAZEIRO;168;;;;;;;;CAIO;0.0;; R$  -   ;JUAZEIRO;;NÃO;ETIQUETA NÃO SIMPLIFICADA;;;;
LPT;B-1179957;ER-CIND-POV-BAIX O-RURAL;CASA NOVA;30/06/2025;30/06/2025;;2,0;;JORGE;;SIM;Conciliado;;;;Movimentado;; R$  -   ; R$  369,61 ;R$ 3.769,61;;R$ 34.124,54;Sem pendencia;Coelba;JORGE;JORGE RESSUREIÇÃO;21/08/2025;Aceita;Setembro;;25/08/2025;;;;JUAZEIRO;199;;;;;;;;JORGE;0.0;; R$  -   ;REMANSO;;SIM;POSTADA;;;;
LPT - MED;B-1209522;MD-CIND-POV-RURAL-CASA NOVA;CASA NOVA;29/05/2025;02/07/2025;;0,0;;MATEUS;;SIM;Conciliado;;Postado;12/07/2025;Movimentado;31/07/2025; R$  -   ; R$  -   ;R$ 174,03;;R$ 1.086,74;Sem pendencia;Coelba;MICHEL;LIGAÇÃO;21/08/2025;Aceita;Setembro;;;Nao;;;JUAZEIRO;231;;;;;;;;MATEUS;34.0;; R$  -   ;REMANSO;13/09/2025;NÃO;ETIQUETA NÃO SIMPLIFICADA;;;;
LPT - KIT;B-1209509;KT-CIND-POV-RURAL-CASA NOVA;CASA NOVA;29/05/2025;02/07/2025;;0,0;;MATEUS;;SIM;Conciliado;;Postado;12/07/2025;Movimentado;31/07/2025; R$  -   ; R$  -   ;R$ 121,23;;R$ 2.174,12;Sem pendencia;Coelba;MICHEL;LIGAÇÃO;21/08/2025;Aceita;Setembro;;;Nao;;;JUAZEIRO;231;;;;;;;;MATEUS;34.0;; R$  -   ;REMANSO;13/09/2025;NÃO;ETIQUETA NÃO SIMPLIFICADA;;;;
LPT;B-1145201;ER-CIND-POV-RURAL-CASA NOVA;CASA NOVA;29/05/2025;02/07/2025;;7,0;;MATEUS;;SIM;Conciliado;05/08/2025;Postado;12/07/2025;Movimentado;31/07/2025; R$  -   ; R$  1.293,62 ;R$ 17.187,92;;R$ 28.459,74;Sem pendencia;Coelba;PAULO JUNIOR;DANIEL;21/08/2025;Aceita;Setembro;;;Nao;;;JUAZEIRO;231;;;;;;;;MATEUS;34.0;; R$  -   ;REMANSO;13/09/2025;NÃO;ETIQUETA NÃO SIMPLIFICADA;;;;
LPT;B-1145356;ER-CIND-SI-BARRO RACHADO 145 --A-RURAL;CASA NOVA;01/07/2025;01/07/2025;;2,0;;JORGE;;SIM;Conciliado;;;;Movimentado;; R$  -   ; R$  369,61 ;R$ 3.769,61;;R$ 30.843,87;Sem pendencia;Coelba;PAULO JUNIOR;HÉLIO FONSECA;22/08/2025;Aceita;Outubro;;25/08/2025;Nao;;;JUAZEIRO;198;;;;;;;;JORGE;0.0;; R$  -   ;REMANSO;;SIM;POSTADA;PEDIDO DE LM E LV FATURADOS EM OUTUBRO;;;
LPT - MED;B-1207902;MD-CIND-SI-BARRO RACHADO 145 --A-RURAL;CASA NOVA;01/07/2025;01/07/2025;;0,0;;JORGE;;SIM;Conciliado;;;;Movimentado;; R$  -   ; R$  -   ;R$ 174,03;;R$ 1.086,74;Sem pendencia;Coelba;MICHEL;LIGAÇÃO;22/08/2025;Aceita;Setembro;;25/08/2025;Nao;;;JUAZEIRO;198;;;;;;;;CAIO;0.0;; R$  -   ;REMANSO;;NÃO;ETIQUETA NÃO SIMPLIFICADA;;;;
LPT - KIT;B-1207697;KT-CIND-SI-BARRO RACHADO 145 --A-RURAL;CASA NOVA;01/07/2025;01/07/2025;;0,0;;JORGE;;SIM;Conciliado;;;;Movimentado;; R$  -   ; R$  -   ;R$ 121,23;;R$ 2.174,12;Sem pendencia;Coelba;MICHEL;LIGAÇÃO;22/08/2025;Aceita;Setembro;;25/08/2025;Nao;;;JUAZEIRO;198;;;;;;;;CAIO;0.0;; R$  -   ;REMANSO;;NÃO;ETIQUETA NÃO SIMPLIFICADA;;;;
LPT;B-0806660;MP-CCOL-POV. CHAMUSCADO-RURAL;PILÃO ARCADO;19/07/2025;19/07/2025;;205,0;;EMERSON;;SIM;Conciliado;;;;Movimentado;; R$  -   ; R$  37.884,62 ;R$ 228.884,62;;R$ 0,00;Sem pendencia;Coelba;EMERSON;EMERSON;22/08/2025;Aceita;Setembro;;03/09/2025;Nao;;;JUAZEIRO;180;;;;;;;;EMERSON;0.0;; R$  -   ;REMANSO;;NÃO;ETIQUETA NÃO SIMPLIFICADA;;;;
LPT - MED;B-1204486;MD-CCOL-POV. CHAMUSCADO-RURAL;PILÃO ARCADO;19/07/2025;19/07/2025;;0,0;;EMERSON;;SIM;Conciliado;;;;Movimentado;; R$  -   ; R$  -   ;R$ 2.088,36;;R$ 9.426,90;Sem pendencia;Coelba;MICHEL;LIGAÇÃO;22/08/2025;Aceita;Setembro;;03/09/2025;Nao;;;JUAZEIRO;180;;;;;;;;CAIO;0.0;; R$  -   ;REMANSO;;NÃO;ETIQUETA NÃO SIMPLIFICADA;;;;
LPT - KIT;B-1204350;KT-CCOL-POV. CHAMUSCADO-RURAL;PILÃO ARCADO;19/07/2025;19/07/2025;;0,0;;EMERSON;;SIM;Conciliado;;;;Movimentado;; R$  -   ; R$  -   ;R$ 1.454,76;;R$ 41.308,44;Sem pendencia;Coelba;MICHEL;LIGAÇÃO;22/08/2025;Aceita;Setembro;;03/09/2025;Nao;;;JUAZEIRO;180;;;;;;;;CAIO;0.0;; R$  -   ;REMANSO;;NÃO;ETIQUETA NÃO SIMPLIFICADA;;;;
LPT;B-1152296;ER-CCOL-FAZ-ROCADO-CORRENTEZA;SOBRADINHO;20/06/2025;29/07/2025;;6,0;;MATEUS;;SIM;Conciliado;45888;;;Movimentado;45877; R$  3.159,64 ; R$  1.108,82 ;R$ 14.052,04;;R$ 42.700,54;Sem pendencia;Coelba;SANTIAGO;JUAREZ;25/08/2025;Aceita;Setembro;;;Nao;;;JUAZEIRO;209;;;;;;;;BEATRIZ;39.0;; R$  -   ;JUAZEIRO;;NÃO;ETIQUETA NÃO SIMPLIFICADA;;;;
LPT - MED;B-1215480;MD-CCOL-FAZ-ROCADO-CORRENTEZA;SOBRADINHO;20/06/2025;29/07/2025;;0,0;;MATEUS;;SIM;Conciliado;45888;;;Movimentado;45877; R$  -   ; R$  -   ;R$ 381,65;;R$ 4.656,42;Sem pendencia;Coelba;MICHEL;LIGAÇÃO;25/08/2025;Aceita;Setembro;;;Nao;;;JUAZEIRO;209;;;;;;;;MATEUS;39.0;; R$  -   ;JUAZEIRO;;NÃO;;;;;
LPT - KIT;B-1215460;KT-CCOL-FAZ-ROCADO-CORRENTEZA;SOBRADINHO;20/06/2025;29/07/2025;;0,0;;MATEUS;;SIM;Conciliado;45888;;;Movimentado;45877; R$  -   ; R$  -   ;R$ 854,51;;R$ 8.501,56;Sem pendencia;Coelba;MICHEL;LIGAÇÃO;25/08/2025;Aceita;Setembro;;;Nao;;;JUAZEIRO;209;;;;;;;;MATEUS;39.0;; R$  -   ;JUAZEIRO;;NÃO;;;;;
UTEP;B-1175314;IS-CIND-RUA-AGUAS BELAS-MALHADA DA AREIA;JUAZEIRO;15/05/2025;22/05/2025;;7,0;;MATEUS;;SIM;Conciliado;45888;;;Movimentado;; R$  8.045,67 ; R$  1.293,62 ;R$ 26.801,03;;R$ 70.593,37;Sem pendencia;Coelba;SANTIAGO;IVONALDO/DOMINGOS;25/08/2025;Aceita;Setembro;;;Nao;;;JUAZEIRO;245;;;;;;;;BEATRIZ;7.0;; R$  -   ;JUAZEIRO;;NÃO;ETIQUETA NÃO SIMPLIFICADA;;;;
UTEP - RAMAL;B-1217306;RAM-CIND-RUA-J SEABRA-CENTRO CAMPO;CAMPO ALEGRE DE LOURDES;08/01/2025;10/02/2025;;0,0;;MATEUS;;SIM;Conciliado;;;;Movimentado;; R$  -   ; R$  -   ;R$ 117,13;;R$ 0,00;Sem pendencia;Coelba;RODRIGUES;DOMINGOS;25/08/2025;Aceita;Setembro;;;Nao;;;JUAZEIRO;372;;;;;;;;MATEUS;33.0;; R$  -   ;REMANSO;;NÃO;ETIQUETA NÃO SIMPLIFICADA;;;;
UTEP;B-1198678;AC-CIND-AV-C LT 01-TABULEIRO;JUAZEIRO;23/07/2025;23/07/2025;;0,0;;BRUNO;;SIM;Conciliado;MIGRAR;;;Movimentado;08/08/2025; R$  2.028,14 ; R$  -   ;R$ 4.875,24;;R$ 44.553,04;Sem pendencia;Coelba;EDIE JONNES;PEDRO LINO;25/08/2025;Aceita;Outubro;;26/09/2025;Nao;;;JUAZEIRO;176;;;;;;;;BRUNO;0.0;; R$  -   ;JUAZEIRO;;NÃO;ETIQUETA NÃO SIMPLIFICADA;;;;
UTEP;B-1173188;UB-CIND-ROD-BR 407-TANCREDO NEVES;JUAZEIRO;12/07/2025;29/07/2025;;0,0;;GUILHERME;;SIM;Conciliado;45888;;;Movimentado;45875; R$  1.829,43 ; R$  -   ;R$ 2.507,25;;R$ 24.510,02;Sem pendencia;Coelba;EDIE JONNES ;PEDRO LINO;26/08/2025;Aceita;Setembro;;28/08/2025;Nao;;;JUAZEIRO;187;;;;;;;;GUILHERME;17.0;; R$  -   ;JUAZEIRO;;SIM;POSTADA;;;;
LPT;B-1203210;ER-CIND-FAZ- LAPAO -RURAL;UAUÁ;26/07/2025;21/07/2025;;27,0;;GUILHERME;;SIM;Conciliado;45889;Postado;45889;Movimentado;45889; R$  -   ; R$  4.989,68 ;R$ 70.000,44;;R$ 98.759,62;Sem pendencia;Coelba;EDIE JONNES ;RUBEILTON;27/08/2025;Aceita;Setembro;;29/08/2025;Nao;;;JUAZEIRO;173;;;;;;;;GUILHERME;-5.0;; R$  -   ;JUAZEIRO;29/08/2025;NÃO;ETIQUETA NÃO SIMPLIFICADA;;;;
LPT;B-1219398;MD-CIND-FAZ- LAPAO -RURAL;UAUÁ;26/07/2025;21/07/2025;;0,0;;GUILHERME;;SIM;Conciliado;45889;Postado;45889;Movimentado;45889;; R$  -   ;;;R$ 1.173,19;Sem pendencia;Coelba;MCHEL;LIGAÇÃO;27/08/2025;Aceita;Setembro;;29/08/2025;Nao;;;JUAZEIRO;173;;;;;;;;GUILHERME;-5.0;;;JUAZEIRO;29/08/2025;SIM;ETIQUETA NÃO SIMPLIFICADA;;;;
LPT;B-1219397;KT-CIND-FAZ- LAPAO -RURAL;UAUÁ;26/07/2025;21/07/2025;;0,0;;GUILHERME;;SIM;Conciliado;45889;Postado;45889;Movimentado;45889;; R$  -   ;;;R$ 2.655,94;Sem pendencia;Coelba;MCHEL;LIGAÇÃO;27/08/2025;Aceita;Setembro;;29/08/2025;Nao;;;JUAZEIRO;173;;;;;;;;GUILHERME;-5.0;;;JUAZEIRO;29/08/2025;SIM;ETIQUETA NÃO SIMPLIFICADA;;;;
LPT;B-1119499;RR-CIND-POV-CARNAIBA DE DENTRO-RURAL;JUAZEIRO;11/07/2025;29/07/2025;;10,0;;GUILHERME;;SIM;Conciliado;45895;Postado;45876;Movimentado;45876; R$  -   ; R$  1.848,03 ;R$ 23.631,77;;R$ 87.270,58;Sem pendencia;Coelba;EDIE JONNES ;PEDRO LINO;27/08/2025;Aceita;Setembro;;29/08/2025;Nao;;;JUAZEIRO;188;;;;;;;;GUILHERME;18.0;;;JUAZEIRO;28/08/2025;NÃO;ETIQUETA NÃO SIMPLIFICADA;;;;
LPT;B-1213544;MD-CIND-POV-CARNAIBA DE DENTRO-RURAL;JUAZEIRO;11/07/2025;29/07/2025;;0,0;;GUILHERME;;SIM;Conciliado;45895;;45876;Movimentado;45876;; R$  -   ;R$ 1.164,11;;;Sem pendencia;Coelba;MICHEL;LIGAÇÃO;27/08/2025;Aceita;Setembro;;29/08/2025;Nao;;;JUAZEIRO;188;;;;;;;;GUILHERME;18.0;;;JUAZEIRO;28/08/2025;NÃO;;;;;
LPT;B-1213464;KT-CIND-POV-CARNAIBA DE DENTRO-RURAL;JUAZEIRO;11/07/2025;29/07/2025;;0,0;;GUILHERME;;SIM;Conciliado;45895;;45876;Movimentado;45876;; R$  -   ;R$ 2.125,38;;;Sem pendencia;Coelba;MICHEL;LIGAÇÃO;27/08/2025;Aceita;Setembro;;29/08/2025;Nao;;;JUAZEIRO;188;;;;;;;;GUILHERME;18.0;;;JUAZEIRO;28/08/2025;NÃO;;;;;
UTEP;B-1161662;ME-COEL-RUA-TIRADENTES 1-CENTRO-C ALEGRE;CAMPO ALEGRE DE LOURDES;12/05/2025;22/05/2025;;7,0;;MATEUS;;SIM;Conciliado;45847;;;Movimentado;45875; R$  -   ; R$  1.293,62 ;R$ 14.361,68;;R$ 741.013,50;Sem pendencia;Coelba;ANDERSON;MANUTENÇÃO;27/08/2025;Aceita;Setembro;;;;;;JUAZEIRO;248;;;;;;;;BEATRIZ;10.0;;;REMANSO;;NÃO;ETIQUETA NÃO SIMPLIFICADA;;;;
UTEP;B-1170306;UB-CIND-RUA-ILHA SOLTEIRA-VILA S FRANC;SOBRADINHO;10/05/2025;28/07/2025;;1,0;;BRUNO;;SIM;Conciliado;;;;Movimentado;08/08/2025; R$  -   ; R$  184,80 ;R$ 1.849,98;;R$ 8.321,36;Sem pendencia;Coelba;SANTIAGO;JUAREZ;27/08/2025;Aceita;Setembro;;;Nao;;;JUAZEIRO;250;;;;;;;;BRUNO;79.0;;;JUAZEIRO;;SIM;APROVADA;;;;
UTEP;B-1189508;UB-CIND-RUA-11-VILA SAO JOAQUIM;SOBRADINHO;02/06/2025;28/07/2025;;2,0;;BRUNO;;SIM;Conciliado;45898;;;Movimentado;; R$  -   ; R$  369,61 ;R$ 3.392,17;;R$ 12.961,61;Sem pendencia;Coelba;SANTIAGO ;JUAREZ;29/08/2025;Aceita;Setembro;;29/08/2025;Nao;;;JUAZEIRO;227;;;;;;;;BRUNO;56.0;;;JUAZEIRO;;NÃO;ETIQUETA NÃO SIMPLIFICADA;;;;
UTEP;B-1156209;AC REG FV CIND FAZ CAPUCHU 16 RURAL;CURAÇÁ;31/07/2025;04/08/2025;;41,0;;GUILHERME;;SIM;Conciliado;45896;Postado;45890;Movimentado;45894; R$  -   ; R$  7.576,92 ;R$ 113.557,62;;R$ 374.111,28;Sem pendencia;Coelba;EDIE JONNES ;RUBEILTON;29/08/2025;Aceita;Setembro;;02/09/2025;Nao;;;JUAZEIRO;168;;;;;;;;GUILHERME;4.0;;;JUAZEIRO;;NÃO;ETIQUETA NÃO SIMPLIFICADA;;;;
LPT;B-1112429;MP-CIND-POV-JAZIDA RURAL;JUAZEIRO;01/07/2025;29/07/2025;;35,0;;MATEUS;;SIM;Conciliado;;Postado;;Movimentado;; R$  3.334,34 ; R$  6.468,11 ;R$ 95.410,01;;R$ 353.659,74;Sem pendencia;Coelba;SANTIAGO;JACSON;01/09/2025;Aceita;Setembro;;;Nao;;;JUAZEIRO;198;;;;;;;;MATEUS;28.0;PENDENTE CONTRATAÇÃO DE KIT E MEDIDOR;;JUAZEIRO;;NÃO;ETIQUETA NÃO SIMPLIFICADA;;;;
LPT - MED;B-1220521;MD-CIND-POV-JAZIDA RURAL;JUAZEIRO;01/07/2025;29/07/2025;;0,0;;MATEUS;;SIM;Conciliado;;Postado;;Movimentado;; R$  -   ; R$  -   ;R$ 254,43;;R$ 1.640,81;Sem pendencia;Coelba;MICHEL;LIGAÇÃO;02/09/2025;Aceita;Setembro;;;Nao;;;JUAZEIRO;198;;;;;;;;MATEUS;28.0;;;JUAZEIRO;;NÃO;;;;;
LPT - KIT;B-1220519;KT-CIND-POV-JAZIDA RURAL;JUAZEIRO;01/07/2025;29/07/2025;;0,0;;MATEUS;;SIM;Conciliado;;Postado;;Movimentado;; R$  -   ; R$  -   ;R$ 427,50;;R$ 6.295,02;Sem pendencia;Coelba;MICHEL;LIGAÇÃO;02/09/2025;Aceita;Setembro;;;Nao;;;JUAZEIRO;198;;;;;;;;MATEUS;28.0;;;JUAZEIRO;;NÃO;;;;;
UTEP;B-1219676;ER-CIND-POV-SABIA II-RURAL;JUAZEIRO;26/08/2025;26/08/2025;;2,0;;CAIO;;SIM;Conciliado;;Postado;;Movimentado;; R$  -   ; R$  369,61 ;R$ 5.852,54;;R$ 15.190,27;Sem pendencia;Coelba;MICHEL;CARLOS LIMA;02/09/2025;Aceita;Setembro;;;;;;JUAZEIRO;142;;;;;;;;CAIO;0.0;;;JUAZEIRO;04/09/2025;SIM;;;;;
UTEP;B-0814100;LD-CIND-ET SERRA DA BATATEIRA-RURAL;JUAZEIRO;25/04/2025;18/08/2025;;11,0;;BEATRIZ;;SIM;Conciliado;45888;Postado;45889;Movimentado;; R$  -   ; R$  2.032,83 ;R$ 28.074,79;;R$ 102.926,64;Sem pendencia;Coelba;ANDERSON ;PEDRO BATISTA;03/09/2025;Aceita;Setembro;;05/09/2025;Nao;;;JUAZEIRO;265;;;;;;;;BEATRIZ;115.0;;;JUAZEIRO;;NÃO;ETIQUETA NÃO SIMPLIFICADA;;;;
UTEP;B-1122838;RR-CIND-FAZ-PROJETO NILO COELHO-CASA NOV;CASA NOVA;10/07/2025;28/07/2025;;11,0;;BEATRIZ;;SIM;Conciliado;22/08/2025;;;Movimentado;21/08/2025; R$  5.039,46 ; R$  2.032,83 ;R$ 38.316,86;;R$ 177.517,88;Sem pendencia;Coelba;SANTIAGO;JUAREZ;04/09/2025;Aceita;Setembro;;05/09/2025;Nao;;;JUAZEIRO;189;;;;;;;;BEATRIZ;18.0;;;REMANSO;;NÃO;ETIQUETA NÃO SIMPLIFICADA;;;;
UTEP;B-1198630;AC-CIND-AV-S O FRANCISCO-CENTRO;JUAZEIRO;30/07/2025;01/08/2025;;1,0;;BEATRIZ;;SIM;Conciliado;01/09/2025;;;Movimentado;; R$  2.845,83 ; R$  184,80 ;R$ 5.089,60;;R$ 42.204,03;Sem pendencia;Coelba;EDIE JONNES;MANUTENÇÃO;05/09/2025;Aceita;Setembro;;09/09/2025;Nao;;;JUAZEIRO;169;;;;;;;;BEATRIZ;2.0;;;JUAZEIRO;;SIM;ETIQUETA NÃO SIMPLIFICADA;;;;
LPT;B-1144743;MP CIND POV FIRMEZA ITAMOINGA RURAL;JUAZEIRO;30/06/2025;02/07/2025;;17,0;;MATEUS;;SIM;Conciliado;30/07/2025;Postado;12/07/2025;Movimentado;29/07/2025; R$  3.194,93 ; R$  3.141,65 ;R$ 50.514,26;;R$ 180.037,17;Sem pendencia;Coelba;SANTIAGO;IVONALDO ;05/09/2025;Aceita;Setembro;;;;;;JUAZEIRO;199;;;;;;;;BEATRIZ;2.0;;;JUAZEIRO;;NÃO;ETIQUETA NÃO SIMPLIFICADA;;;;
LPT - MED;B-1215291;MD-CIND POV FIRMEZA ITAMOINGA RURAL;JUAZEIRO;30/06/2025;02/07/2025;;0,0;;MATEUS;;SIM;Conciliado;30/07/2025;Postado;12/07/2025;Movimentado;29/07/2025; R$  -   ; R$  -   ;R$ 127,22;;R$ 1.164,11;Sem pendencia;Coelba;MICHEL;LIGAÇÃO;05/09/2025;Aceita;Setembro;;;;;;JUAZEIRO;199;;;;;;;;MATEUS;2.0;;;JUAZEIRO;;NÃO;;;;;
LPT - KIT;B-1214997;KT-CIND POV FIRMEZA ITAMOINGA RURAL;JUAZEIRO;30/06/2025;02/07/2025;;0,0;;MATEUS;;SIM;Conciliado;30/07/2025;Postado;12/07/2025;Movimentado;29/07/2025; R$  -   ; R$  -   ;R$ 142,67;;R$ 2.125,38;Sem pendencia;Coelba;MICHEL;LIGAÇÃO;05/09/2025;Aceita;Setembro;;;;;;JUAZEIRO;199;;;;;;;;MATEUS;2.0;;;JUAZEIRO;;NÃO;;;;;
UTEP;B-1009250;ER CIND POV BREJO DE FORA RURAL;SENTO SÉ;29/07/2025;14/08/2025;;3,0;;BEATRIZ;;SIM;Conciliado;10/09/2025;;;Movimentado;10/09/2025; R$  -   ; R$  554,41 ;R$ 5.122,73;;R$ 23.591,18;Sem pendencia;Coelba;SANTIAGO ;FABIO;10/09/2025;Aceita;Setembro;;12/09/2025;Nao;;;JUAZEIRO;170;;;;;;;;BEATRIZ;16.0;;;JUAZEIRO;;SIM;APROVADA;;;;
UTEP;B-1188220;AC-CIND-RUA-TITO NUNES DE S-JARDIM FLOR;JUAZEIRO;31/07/2025;31/07/2025;;1,0;;BEATRIZ;;SIM;Conciliado;01/09/2025;Postado;09/09/2025;Movimentado;10/09/2025; R$  3.409,25 ; R$  184,80 ;R$ 6.996,62;;R$ 69.409,41;Sem pendencia;Coelba;EDIE JONNES ;PEDRO LINO;10/09/2025;Aceita;Setembro;;12/09/2025;Nao;;;JUAZEIRO;168;;;;;;;;BEATRIZ;0.0;;;JUAZEIRO;;NÃO;ETIQUETA NÃO SIMPLIFICADA;;;;
UTEP;B-1173180;UB-CIND-SI-DA TININHA-DOM JOSE RODRIGUES;JUAZEIRO;07/08/2025;08/08/2025;;9,0;;GUILHERME;;SIM;Conciliado;04/09/2025;;;Movimentado;07/08/2025; R$  2.845,83 ; R$  1.663,23 ;R$ 4.904,80;;R$ 35.483,45;Sem pendencia;Coelba;EDIE JONNES ;PEDRO LINO;11/09/2025;Aceita;Setembro;;12/09/2025;Nao;;;JUAZEIRO;161;;;;;;;;BRUNO;1.0;;;JUAZEIRO;;NÃO;ETIQUETA NÃO SIMPLIFICADA;;;;
UTEP;B-1203075;UB-CIND-RUA-05 QDA-VILA SAO JOAQUIM;SOBRADINHO;06/08/2025;22/08/2025;;2,0;;GUILHERME;;SIM;Conciliado;09/09/2025;;;Movimentado;01/09/2025;R$ 0,00; R$  369,61 ;R$ 3.769,61;;R$ 13.136,68;Sem pendencia;Coelba;SANTIAGO;JUAREZ;11/09/2025;Aceita;Setembro;;12/09/2025;;;;JUAZEIRO;162;;;;;;;;LUCAS;16.0;;;JUAZEIRO;;NÃO;ETIQUETA NÃO SIMPLIFICADA;;;;
UTEP;B-1127131;AC-GRUA-CJN-PARATY ATACADO-MMGD;JUAZEIRO;12/05/2025;26/08/2025;;0,0;;BEATRIZ;;SIM;Conciliado;10/09/2025;;;Movimentado;10/09/2025; R$  1.075,71 ; R$  -   ;R$ 1.075,71;;R$ 2.943,99;Sem pendencia;Coelba;ANDERSON;ITALO LINHA VIVA;12/09/2025;Aceita;Setembro;;12/09/2025;Nao;;;JUAZEIRO;248;;;;;;;;BEATRIZ;106.0;;;JUAZEIRO;;SIM;APROVADA;;;;
UTEP;B-1202267;ER-CIND-ROD-CASA NOVA-RURAL-CASA NOVA;CASA NOVA;07/08/2025;26/08/2025;;0,0;;MATEUS;;SIM;Conciliado;03/09/2025;;;Movimentado;29/08/2025; R$  -   ; R$  -   ;R$ 3.996,27;;R$ 9.559,76;Sem pendencia;Coelba;ANDERSON ;MANUTENÇÃO;12/09/2025;Aceita;Setembro;;;;;;JUAZEIRO;161;;;;;;;;LUCAS;19.0;;;REMANSO;;NÃO;ETIQUETA NÃO SIMPLIFICADA;;;;
UTEP;B-1183107;EQ-GRUA-CJN-MINERACAO CARAIBA-RURAL;JUAZEIRO;08/08/2025;25/08/2025;;0,0;;MATEUS;;SIM;Conciliado;04/09/2025;;;Movimentado;29/08/2025; R$  -   ; R$  -   ;R$ 3.225,73;;R$ 341.505,46;Sem pendencia;Coelba;EDIE JONNES ;GISMARIO;12/09/2025;Aceita;Setembro;;;;;;JUAZEIRO;160;;;;;;;;LUCAS;17.0;;;JUAZEIRO;;NÃO;ETIQUETA NÃO SIMPLIFICADA;;;;
UTEP;B-0848410;IT CIND-FAZ SERRA DA ESPERANÇA-CASA NOVA;CASA NOVA;22/07/2023;05/09/2025;;0,0;;MATEUS;;SIM;Conciliado;10/09/2025;;;Movimentado;; R$  1.353,26 ; R$  -   ;R$ 1.409,44;;R$ 5.581,57;Sem pendencia;Coelba;SANTIAGO;LINHA VIVA;12/09/2025;Aceita;Outubro;;;;;;JUAZEIRO;908;;;;;;;;MATEUS;776.0;;;REMANSO;18/09/2025;SIM;;;;;
UTEP;B-1170083;ER-CIND-POV-SEROTIM-RURAL;CURAÇÁ;25/08/2025;26/08/2025;;1,0;;GUILHERME;;SIM;Conciliado;09/09/2025;;;Movimentado;03/09/2025; R$  3.409,25 ; R$  184,80 ;R$ 5.393,42;;R$ 18.148,90;Sem pendencia;Coelba;ANDERSON;PEDRO BATISTA;15/09/2025;Aceita;Setembro;;18/09/2025;;;;JUAZEIRO;143;;;;;;;;LUCAS;1.0;;;JUAZEIRO;;SIM;;;;;
UTEP;B-1164340;ER-CIND-POV-TATAUI-RURAL;SOBRADINHO;04/06/2025;27/08/2025;;4,0;;GUILHERME;;SIM;Conciliado;09/09/2025;Postado;01/09/2025;Movimentado;02/09/2025; R$  4.739,47 ; R$  739,21 ;R$ 17.273,94;;R$ 24.026,53;Sem pendencia;Coelba;SANTIAGO;JUAREZ;15/09/2025;Aceita;Setembro;;19/09/2025;;;;JUAZEIRO;225;;;;;;;;LUCAS;84.0;;;JUAZEIRO;;SIM;NÃO POSTADO;;;;
UTEP;B-1175531;ER-CIND-PR -CASTRO ALVES 7-MASSAROCA;JUAZEIRO;26/05/2025;26/08/2025;;5,0;;GUILHERME;;SIM;Conciliado;10/09/2025;;09/09/2025;Movimentado;09/09/2025; R$  -   ; R$  924,02 ;R$ 13.112,61;;R$ 23.995,33;Sem pendencia;Coelba;ANDERSON;MANUTENÇÃO;16/09/2025;Aceita;Outubro;;25/09/2025;;;;JUAZEIRO;234;;;;;;;;LUCAS;92.0;;;JUAZEIRO;23/09/2025;SIM;NÃO POSTADO;;;;
LPT;B-1221711;MD-CIND-RUA-DO ASFALTO-PIRI;SENTO SÉ;26/08/2025;27/08/2025;;0,0;;GUILHERME;;SIM;Conciliado;;;;Movimentado;;; R$  -   ;R$ 0,00;;R$ 1.722,78;Sem pendencia;Coelba;LIGAÇÃO;MICHEL;16/09/2025;Aceita;Outubro;;23/09/2025;;;;JUAZEIRO;142;;;;;;;;GUILHERME;1.0;;;JUAZEIRO;;SIM;;;;;
LPT;B-1221602;KT-CIND-RUA-DO ASFALTO-PIRI;SENTO SÉ;26/08/2025;27/08/2025;;0,0;;GUILHERME;;SIM;Conciliado;;;;Movimentado;;; R$  -   ;R$ 0,00;;R$ 6.865,91;Sem pendencia;Coelba;LIGAÇÃO;MICHEL;16/09/2025;Aceita;Outubro;;23/09/2025;;;;JUAZEIRO;142;;;;;;;;GUILHERME;1.0;;;JUAZEIRO;;SIM;;;;;
LPT;B-1175810;"ER-CIND-RUA-DO ASFALTO-PIRI";SENTO SÉ;26/08/2025;27/08/2025;;30,0;;GUILHERME;;SIM;Conciliado;12/09/2025;Postado;06/09/2025;Movimentado;06/09/2025; R$  -   ; R$  5.544,09 ;R$ 63.345,48;;R$ 265.226,51;Sem pendencia;Coelba;RODRIGUES ;JACSON;16/09/2025;Aceita;Outubro;;23/09/2025;;;;JUAZEIRO;142;;;;;;;;GUILHERME;1.0;;;JUAZEIRO;;NÃO;;;;;
UTEP;B-1192026;UB-CIND-TRV-ALVORADA 10-CENTRO;CAMPO ALEGRE DE LOURDES;08/08/2025;26/08/2025;;1,0;;GUILHERME;;SIM;Conciliado;16/09/2025;;;Movimentado;11/09/2025; R$  -   ; R$  184,80 ;R$ 1.959,27;;R$ 8.612,93;Sem pendencia;Coelba;ANDERSON;MANUTENÇÃO;17/09/2025;Aceita;Setembro;;19/09/2025;;;;JUAZEIRO;160;;;;;;;;LUCAS;18.0;;;REMANSO;;NÃO;ETIQUETA NÃO SIMPLIFICADA;;;;
UTEP;B-1209674 ;UB-CIND-RUA-1-PALMARES;JUAZEIRO;12/09/2025;12/09/2025;;1,0;;CAIO;;SIM;Conciliado;;;;Movimentado;; R$  -   ; R$  184,80 ;R$ 1.840,05;;R$ 8.612,07;Sem pendencia;Coelba;MICHEL;MICHEL;17/09/2025;Aceita;Setembro;;;;;;JUAZEIRO;125;;;;;;;;MICHEL;0.0;;;JUAZEIRO;;SIM;;;;;
UTEP;B-1183798;ER-CIND-POV-LAGOA DE S BENTO-RURAL;REMANSO;05/06/2025;25/06/2025;;18,0;;BEATRIZ;;SIM;Conciliado;09/09/2025;Postado;13/09/2025;Movimentado;09/09/2025; R$  4.850,00 ; R$  3.326,45 ;R$ 55.583,24;;R$ 175.007,79;Sem pendencia;Coelba;PAULO JUNIOR ;AILTON;17/09/2025;Aceita;Outubro;;23/09/2025;Nao;;;JUAZEIRO;224;;;;;;;;BEATRIZ;20.0;;;REMANSO;;NÃO;ETIQUETA NÃO SIMPLIFICADA;;;;
LPT - KIT;B-1212323;KT-CIND-POV-LAGOA DE S BENTO-RURAL;REMANSO;05/06/2025;25/06/2025;;0,0;;BEATRIZ;;SIM;Conciliado;09/09/2025;Postado;13/09/2025;Movimentado;09/09/2025; R$  -   ; R$  -   ;R$ 570,17;;R$ 0,00;Sem pendencia;Coelba;MICHEL;MICHEL;17/09/2025;Aceita;Outubro;;23/09/2025;Nao;;;JUAZEIRO;224;;;;;;;;BEATRIZ;20.0;;;REMANSO;;NÃO;ETIQUETA NÃO SIMPLIFICADA;;;;
LPT - MED;B-1212325;MD-CIND-POV-LAGOA DE S BENTO-RURAL;REMANSO;05/06/2025;25/06/2025;;0,0;;BEATRIZ;;SIM;Conciliado;09/09/2025;Postado;13/09/2025;Movimentado;09/09/2025; R$  -   ; R$  -   ;R$ 381,65;;R$ 0,00;Sem pendencia;Coelba;MICHEL;MICHEL;17/09/2025;Aceita;Outubro;;23/09/2025;Nao;;;JUAZEIRO;224;;;;;;;;BEATRIZ;20.0;;;REMANSO;;NÃO;ETIQUETA NÃO SIMPLIFICADA;;;;
UTEP;B-1198043;UB-CIND-RUA-11 QD-VILA SAO JOAQUIM;SOBRADINHO;15/09/2025;15/09/2025;;2,0;;CAIO;;SIM;Conciliado;;;;Movimentado;; R$  -   ; R$  369,61 ;R$ 1.840,05;;R$ 10.851,89;Sem pendencia;Coelba;MICHEL;CARLOS LINHA VIVA;18/09/2025;Aceita;Setembro;;;;;;JUAZEIRO;122;;;;;;;;MICHEL;0.0;;;JUAZEIRO;;SIM;;;;;
UTEP;B-1193249;UB-CIND-RUA-S O PAULO 999-D-CENTRO;UAUÁ;26/08/2025;26/08/2025;;1,0;;MATEUS;;SIM;Conciliado;03/09/2025;Postado;18/09/2025;Movimentado;29/08/2025; R$  -   ; R$  184,80 ;R$ 2.728,20;;R$ 7.357,54;Sem pendencia;Coelba;ANDERSON;MANUTENÇÃO;18/09/2025;Aceita;Setembro;;;;;;JUAZEIRO;142;;;;;;;;MATEUS;0.0;;;JUAZEIRO;;SIM;;;;;
UTEP;B-1180213;ER-CIND-FAZ SAO JOAO 3-RURAL;JUAZEIRO;09/08/2025;26/08/2025;;2,0;;MATEUS;;SIM;Conciliado;10/09/2025;;;Movimentado;29/08/2025; R$  3.409,25 ; R$  369,61 ;R$ 7.210,91;;R$ 28.223,39;Sem pendencia;Coelba;ANDERSON;PEDRO BATISTA;18/09/2025;Aceita;Setembro;;;;;;JUAZEIRO;159;;;;;;;;LUCAS;17.0;ERRO NO OCNTRATO FINAL 798 - AO TENTER POSTAR UMA MEDIÇÃO DE LV OCORREU UM ERRO IMPEDINDO DE FINALIZAR O LANÇAMENTO DA MEDIÇÃO.;;JUAZEIRO;;SIM;NÃO POSTADO;;;;
UTEP;B-1203217;AC-CIND-ROD-BA 210-VL TIRADENTES;JUAZEIRO;01/08/2025;22/08/2025;;2,0;;BEATRIZ;;SIM;Conciliado;01/09/2025;;;Movimentado;16/09/2025; R$  1.699,85 ; R$  369,61 ;R$ 5.304,15;;R$ 43.486,87;Sem pendencia;Coelba;EDIE JONNES ;IVONALDO;18/09/2025;Aceita;Outubro;;24/09/2025;Nao;;;JUAZEIRO;167;;;;;;;;BEATRIZ;21.0;Regularização de ramal - projeto de ligação B-1219783 (Movimentação de reservas);;JUAZEIRO;;NÃO;ETIQUETA NÃO SIMPLIFICADA;;;;
UTEP;B-1144678;FVU-REGULADOR-MAC-09Z1-V11239;PAULO AFONSO;17/04/2025;08/07/2025;;0,0;;MATEUS;;SIM;Conciliado;03/09/2025;;;Movimentado;28/08/2025; R$  4.214,70 ; R$  -   ;R$ 8.378,14;;R$ 214.889,37;Sem pendencia;Coelba;ANDERSON;PEDRO BATISTA;18/09/2025;Aceita;Outubro;;;Nao;;;JUAZEIRO;273;;;;;;;;MATEUS;82.0;PROJETO EXECUTADO FORA DO TERRITORIO CONTRATUAL - AGUARDANDO SOLUÇÃO - EMAIL ENVIADO A MARCELO.;;JUAZEIRO;;SIM;NÃO POSTADO;;;;
UTEP;B-1157088;FVU-REGULADOR-MAC-09Z1-D693866;JUAZEIRO;13/05/2025;08/07/2025;;0,0;;MATEUS;;SIM;Conciliado;10/09/2025;;;Movimentado;02/09/2025; R$  2.866,71 ; R$  -   ;R$ 6.448,31;;R$ 215.181,76;Sem pendencia;Coelba;ANDERSON;PEDRO BATISTA;18/09/2025;Aceita;Outubro;;;;;;JUAZEIRO;247;;;;;;;;MATEUS;56.0;PROJETO EXECUTADO FORA DO TERRITORIO CONTRATUAL;;JUAZEIRO;;NÃO;ETIQUETA NÃO SIMPLIFICADA;;;;
UTEP;B-1003035;ER-CIND-POV-MARCOS-RURAL;REMANSO;25/06/2021;12/09/2025;;0,0;;BEATRIZ;;SIM;Conciliado;15/09/2025;;;Movimentado;15/09/2025; R$  -   ; R$  -   ;R$ 3.290,99;;R$ 14.721,02;Sem pendencia;Coelba;;;18/09/2025;Aceita;Outubro;;25/09/2025;Nao;;;JUAZEIRO;1665;;;;;;;;BEATRIZ;1540.0;;;REMANSO;23/09/2025;SIM;ETIQUETA NÃO SIMPLIFICADA;;;;
UTEP;B-1153240;PR-CIND-RUA-FESTA DO INTERIOR-BORGES;CASA NOVA;14/08/2024;16/09/2025;;0,0;;MATEUS;;SIM;Conciliado;16/09/2025;;;Movimentado;16/09/2025; R$  -   ; R$  -   ;R$ 966,76;;R$ 20.492,31;Sem pendencia;Coelba;PAULO JUNIOR;;22/09/2025;Aceita;Outubro;;;;;;JUAZEIRO;519;;;;;;;;MATEUS;398.0;;;REMANSO;;SIM;;;;;
UTEP;B-1191690;ME-COEL-ET-AGUAS BELAS-MALHADA DA AREIA;JUAZEIRO;05/05/2025;17/09/2025;;2,0;;BEATRIZ;;SIM;Conciliado;19/09/2025;;;Movimentado;18/09/2025; R$  1.037,28 ; R$  369,61 ;R$ 4.806,89;;R$ 444.810,94;Sem pendencia;Coelba;SANTIAGO;IVONALDO;23/09/2025;Aceita;Outubro;;24/09/2025;Nao;;;JUAZEIRO;255;;;;;;;;BEATRIZ;135.0;;;JUAZEIRO;;NÃO;ETIQUETA NÃO SIMPLIFICADA;;;;
UTEP;B-1191865;ER-CIND-POV-TATAUI-RURAL;SOBRADINHO;07/06/2025;09/09/2025;;9,0;;LUCAS;;SIM;Conciliado;17/09/2025;;;Movimentado;15/09/2025; R$  -   ; R$  1.663,23 ;R$ 16.963,23;;R$ 66.652,13;Sem pendencia;Coelba;SANTIAGO ;JUAREZ;24/09/2025;Aceita;Outubro;;26/09/2025;;;;JUAZEIRO;222;;;;;;;;GUILHERME;94.0;;;JUAZEIRO;;NÃO;ETIQUETA NÃO SIMPLIFICADA;;;;
UTEP;B-1202014;ER-CIND-RUA-EURIDICE G FERREIRA-V GOMES;UAUÁ;18/09/2025;18/09/2025;;1,0;;CAIO;;SIM;Conciliado;;;;Movimentado;; R$  -   ; R$  184,80 ;R$ 1.884,80;;R$ 7.526,93;Sem pendencia;Coelba;MICHEL;ANTONIO BARBOSA;24/09/2025;Aceita;Outubro;;;;;;JUAZEIRO;119;;;;;;;;CAIO;0.0;;;JUAZEIRO;;SIM;;;;;
UTEP;B-1194918;"ER-SEIN-FAZ-ALGODAO-ALGODAO";UAUÁ;27/08/2025;28/08/2025;;32,0;;BEATRIZ;;SIM;Conciliado;13/09/2025;Postado;15/09/2025;Movimentado;13/09/2025; R$  2.872,14 ; R$  5.913,70 ;R$ 74.714,41;;R$ 223.935,04;Sem pendencia;Coelba;EDIE JONNES;JUAREZ;25/09/2025;Aceita;Outubro;;29/09/2025;Nao;;;JUAZEIRO;141;;;;;;;;BEATRIZ;1.0;;;JUAZEIRO;;NÃO;ETIQUETA NÃO SIMPLIFICADA;;;;
UTEP;B-1171233;IE-RELIGADOR-STS-09L1-G08894;SENTO SÉ;29/07/2025;16/09/2025;;0,0;;BEATRIZ;;SIM;Conciliado;;;;Movimentado;18/09/2025; R$  2.866,71 ; R$  -   ;R$ 4.191,25;;R$ 118.022,91;Sem pendencia;Coelba;SANTIAGO ;PAULO;18/09/2025;Aceita;Outubro;;30/09/2025;Nao;;;JUAZEIRO;170;;;;;;;;BEATRIZ;49.0;;;JUAZEIRO;29/09/2025;NÃO;APROVADA;;;;
UTEP - RAMAL;B-1217309;RAM-COEL-RUA-AGUAS BELAS-MALHADA DA AREI;JUAZEIRO;14/05/2025;18/06/2025;;0,0;;MATEUS;;SIM;Conciliado;;;;Movimentado;22/07/2025; R$  -   ; R$  -   ;R$ 117,13;;R$ 0,00;Sem pendencia;Coelba;ANDERSON;MANUTENÇÃO;25/08/2025;Aceita;Outubro;;;Nao;;;JUAZEIRO;246;;;;;;;;MATEUS;35.0;;;JUAZEIRO;;NÃO;ETIQUETA NÃO SIMPLIFICADA;;;;
;B-1088924;MED-CIND-SI-NOVA ESPERANCA-RURAL;CURAÇÁ;28/10/2022;28/10/2022;;;;CAIO;;SIM;;;;;;;; R$  -   ;;;R$ 134,78;Ligaçao de clientes;;;MICHEL;;Aceita;Outubro;;;;;;JUAZEIRO;1175;;;;;;;;CAIO;0.0;;;JUAZEIRO;;;;;;;
UTEP;B-1182387;ER-CIND-FAZ-TOGUEMBURGO-SANTANA RURAL ;SOBRADINHO;11/09/2025;12/09/2025;;2,0;;BRUNO;;SIM;Conciliado;;Postado;;Movimentado;; R$  -   ; R$  369,61 ;R$ 8.766,12;;R$ 33.321,44;Sem pendencia;Coelba;ANDERSON;PEDRO BATISTA;;Aceita;Outubro;;;;;;JUAZEIRO;126;;;;;;;;DIRECIONAR;1.0;LIMPEZA DE VERSÃO;;JUAZEIRO;;SIM;;;;;
UTEP;B-1212274;ER-CIND-POV-LAGOA GRANDE 9999-RURAL ;SOBRADINHO;12/09/2025;12/09/2025;;2,0;;BRUNO;;SIM;Conciliado;;Postado;;Movimentado;; R$  -   ; R$  369,61 ;R$ 6.865,64;;R$ 25.485,13;Sem pendencia;Coelba;ANDERSON;PEDRO BATISTA;26/09/2025;Aceita;Outubro;;;;;;JUAZEIRO;125;;;;;;;;BRUNO;0.0;;;JUAZEIRO;;SIM;;;;;
UTEP;B-1206271;UB-CIND-AV-ACM 425-CURACA 1;CURAÇÁ;12/09/2025;13/09/2025;;4,0;;BRUNO;;SIM;Conciliado;24/09/2025;;;Movimentado;; R$  -   ; R$  739,21 ;R$ 6.858,31;;R$ 24.118,01;Sem pendencia;Coelba;EDIE JONNES;FABIO;;Aceita;Outubro;;29/09/2025;;;;JUAZEIRO;125;;;;;;;;DIRECIONAR;1.0;;;JUAZEIRO;;SIM;;;;;
UTEP;B-1173795;RR CIND SI PASCACIO RURAL;CASA NOVA;30/08/2025;08/09/2025;;3,0;;LUCAS;;SIM;Conciliado;24/09/2025;;;Movimentado;18/09/2025; R$  -   ; R$  554,41 ;R$ 5.654,41;;R$ 52.531,45;Sem pendencia;Coelba;SANTIAGO;FERNANDO;26/09/2025;Aceita;Outubro;;29/09/2025;;;;JUAZEIRO;138;;;;;;;;GUILHERME;9.0;;;REMANSO;;SIM;NÃO POSTADO;;;;
UTEP;B-1199956;ER-CIND-FAZ-MACAMBIRA-RURAL ;CURAÇÁ;13/09/2025;15/09/2025;;6,0;;GUILHERME;;SIM;Conciliado;24/09/2025;Postado;18/19/2025;Movimentado;18/09/2025; R$  -   ; R$  1.108,82 ;R$ 11.308,82;;R$ 37.790,63;Sem pendencia;Coelba;EDIE JONNES;FABIO;26/09/2025;Aceita;Outubro;;30/09/2025;;;;JUAZEIRO;124;;;;;;;;GUILHERME;2.0;;;JUAZEIRO;;NÃO;;;;;
UTEP;B-1207811;ER-CIND-POV SÃO JOSÉ-RURAL;JUAZEIRO;23/09/2025;23/09/2025;;2,0;;CAIO;;SIM;Conciliado;;Postado;;Movimentado;; R$  -   ; R$  369,61 ;R$ 3.769,61;;R$ 15.882,65;Sem pendencia;Coelba;MICHEL;ANTONIO BARBOSA;;Aceita;Outubro;;;;;;JUAZEIRO;114;;;;;;;;CAIO;0.0;;;JUAZEIRO;;SIM;;;;;
UTEP;B-1120277;MP-CCOL-RUA 03-RURAL;SENTO SÉ;03/09/2025;08/09/2025;;31,0;;MATEUS;;SIM;Conciliado;17/09/2025;Postado;12/09/2025;Movimentado;12/09/2025; R$  4.069,69 ; R$  5.728,89 ;R$ 73.188,73;;R$ 215.103,20;Sem pendencia;Coelba;RODRIGUES ;FABIO;09/10/2025;Aceita;Outubro;;;;;;JUAZEIRO;134;;;;;;;;MATEUS;5.0;RESERVAS HOJE A TARDE. ANÁLISE INICIADA PREVISÃO ATÉ O DIA 15;;JUAZEIRO;;NÃO;ETIQUETA NÃO SIMPLIFICADA;;;;
UTEP;B-1129557;IT-GRUA-FAZ-SAO GONCALO-RURAL;JUAZEIRO;22/09/2025;01/10/2025;;1,0;;MATEUS;;SIM;Conciliado;09/10/2025;;;Movimentado;03/10/2025; R$  3.545,97 ; R$  184,80 ;R$ 5.197,48;;R$ 11.934,61;Sem pendencia;Coelba;ANDERSON;ITALO LV;10/10/2025;Aceita;Outubro;;;;;;JUAZEIRO;115;;;;;;;;MATEUS;9.0;CONCILIAÇÃO E CORREÇÃO DE CARTEIRA;;JUAZEIRO;;SIM;;;;;
UTEP;B-1203100;AC-CIND-RUA-ANGELO PEREIRA SILVA-RURAL;UAUÁ;26/09/2025;29/09/2025;;0,0;;MATEUS;;SIM;Conciliado;06/10/2025;;;Movimentado;03/10/2025; R$  -   ; R$  -   ;R$ 921,41;;R$ 17.832,18;Sem pendencia;Coelba;ANDERSON;MANUTENÇÃO;09/10/2025;Aceita;Outubro;;;;;;JUAZEIRO;111;;;;;;;;MATEUS;3.0;;;JUAZEIRO;;SIM;;;;;
LPT;B-1092651;MP-CCOL-RUA DA CONCEIÇÃO-RURAL;SENTO SÉ;04/09/2025;05/09/2025;;16,0;;BEATRIZ;;SIM;Conciliado;16/09/2025;Postado;15/09/2025;Movimentado;13/09/2025; R$  3.464,72 ; R$  2.956,85 ;R$ 48.783,35;;R$ 202.401,98;Sem pendencia;Coelba;RODRIGUES;JACSON;30/09/2025;Aceita;Novembro;;15/10/2025;Nao;;;JUAZEIRO;133;;;;;;;;BEATRIZ;1.0;;;JUAZEIRO;09/10/2025;NÃO;ETIQUETA NÃO SIMPLIFICADA;PEDIDO DE LM CRIADO EM 27/10;;;
LPT - KIT;B-1092655;KIT MP CIND RUA DA CONCEIÇAO RURAL;SENTO SÉ;04/09/2025;05/09/2025;;0,0;;BEATRIZ;;SIM;Conciliado;16/09/2025;Postado;15/09/2025;Movimentado;13/09/2025;; R$  -   ;R$ 569,68;;;Sem pendencia;Coelba;MICHEL;LIGAÇÃO;30/09/2025;Aceita;Outubro;;15/10/2025;Nao;;;JUAZEIRO;133;;;;;;;;BEATRIZ;1.0;;;JUAZEIRO;09/10/2025;SIM;ETIQUETA NÃO SIMPLIFICADA;;;;
LPT - MED;B-1092656;MED MP CIND RUA DA CONCEIÇÃO RURAL;SENTO SÉ;04/09/2025;05/09/2025;;0,0;;BEATRIZ;;SIM;Conciliado;16/09/2025;Postado;15/09/2025;Movimentado;13/09/2025;; R$  -   ;R$ 254,43;;;Sem pendencia;Coelba;MICHEL;LIGAÇÃO;30/09/2025;Aceita;Outubro;;15/10/2025;Nao;;;JUAZEIRO;133;;;;;;;;BEATRIZ;1.0;;;JUAZEIRO;09/10/2025;SIM;ETIQUETA NÃO SIMPLIFICADA;;;;
UTEP;B-1205508;ER-CIND-POV-CURRAL VELHO-CURA A;CURAÇÁ;29/09/2025;29/09/2025;;3,0;;CAIO;;SIM;Conciliado;;Postado;;Movimentado;; R$  -   ; R$  554,41 ;R$ 5.654,41;;R$ 17.332,38;Sem pendencia;Coelba;MICHEL;ANTONIO BARBOSA;08/10/2025;Aceita;Outubro;;15/10/2025;;;;JUAZEIRO;108;;;;;;;;CAIO;0.0;;;JUAZEIRO;;SIM;;;;;
UTEP;B-1187240;ER-CINDQD Z 10-BEM BOM;CASA NOVA;19/09/2025;30/09/2025;;3,0;;MATEUS;;SIM;Conciliado;06/10/2025;;;Movimentado;03/10/2025; R$  3.960,68 ; R$  554,41 ;R$ 8.504,72;;R$ 33.799,59;Sem pendencia;Coelba;ANDERSON;MANUTENÇÃO;09/10/2025;Aceita;Outubro;;;;;;JUAZEIRO;118;;;;;;;;MATEUS;11.0;;;REMANSO;;SIM;;;;;
LPT;B-0224007;MP-CCOL-POV SANTANA DO SOBRADO -RURAL;CASA NOVA;30/08/2025;05/09/2025;;27,0;;MATEUS;;SIM;Conciliado;02/10/2025;Postado;01/10/2025;Movimentado;01/10/2025; R$  8.265,66 ; R$  4.989,68 ;R$ 69.586,45;;R$ 243.310,40;Sem pendencia;Coelba;SANTIAGO;FERNANDO / PAULO;10/10/2025;Aceita;Novembro;;;;;;JUAZEIRO;138;;;;;;;;MATEUS;6.0;;;REMANSO;;NÃO;ETIQUETA NÃO SIMPLIFICADA;PEDIDO DE LM CRIADO EM 27/10;;;
LPT - MED;B-0958992;MED- CCOL-POV SANTANA DO SOBRADO -RURAL;CASA NOVA;30/08/2025;05/09/2025;;0,0;;MATEUS;;SIM;Conciliado;02/10/2025;Postado;01/10/2025;Movimentado;01/10/2025; R$  -   ; R$  -   ;R$ 254,43;;R$ 499,86;Sem pendencia;Coelba;MICHEL;LIGAÇÃO;10/10/2025;Aceita;Outubro;;;;;;JUAZEIRO;138;;;;;;;;MATEUS;6.0;;;REMANSO;;SIM;;;;;
LPT - KIT;B-0224038;KT-CCOL-POV SANTANA DO SOBRADO -RURAL;CASA NOVA;30/08/2025;05/09/2025;;0,0;;MATEUS;;SIM;Conciliado;02/10/2025;Postado;01/10/2025;Movimentado;01/10/2025; R$  -   ; R$  -   ;R$ 427,50;;R$ 3.360,46;Sem pendencia;Coelba;MICHEL;LIGAÇÃO;10/10/2025;Aceita;Outubro;;;;;;JUAZEIRO;138;;;;;;;;MATEUS;6.0;;;REMANSO;;SIM;;;;;
UTEP;B-1189286;AC-CIND-POV-ALGODAO VELHO-ALGODAO VELHO;SOBRADINHO;14/08/2025;21/08/2025;;0,0;;BEATRIZ;;SIM;Conciliado;06/10/2025;;;Movimentado;06/10/2025; R$  -   ; R$  -   ;R$ 2.814,04;;R$ 21.736,21;Sem pendencia;Coelba;ANDERSON;PEDRO BATISTA;09/10/2025;Aceita;Outubro;;15/10/2025;Nao;;;JUAZEIRO;154;;;;;;;;BEATRIZ;7.0;;;JUAZEIRO;;NÃO;ETIQUETA NÃO SIMPLIFICADA;;;;
UTEP;B-1182181;ER-CIND-FAZ-DO CANTO 1-A-RURAL-CURACA ;CURAÇÁ;19/09/2025;22/09/2025;;1,0;;BRUNO;;SIM;Conciliado;;;24/09/2025;Movimentado;; R$  -   ; R$  184,80 ;R$ 5.395,74;;R$ 36.886,56;Sem pendencia;Coelba;EDIE JONNES;FABIO;03/10/2025;Aceita;Outubro;;;;;;JUAZEIRO;118;;;;;;;;BRUNO;3.0;;;JUAZEIRO;10/10/2025;SIM;;;;;
UTEP;B-1191216;IE-RELIGADOR-NCU-01Z5-G08787;JUAZEIRO;01/08/2025;19/08/2025;;1,0;;GUILHERME;;SIM;Conciliado;10/09/2025;;;Movimentado;; R$  1.722,24 ; R$  184,80 ;R$ 2.548,19;;R$ 107.904,17;Sem pendencia;Coelba;EDIE JONNES;PAULO /CARLOS SERAFIM;10/10/2025;Aceita;Outubro;;15/10/2025;;;;JUAZEIRO;167;;;;;;;;GUILHERME;18.0;FECHAR PELO BOOK;;JUAZEIRO;;NÃO;ETIQUETA NÃO SIMPLIFICADA;;;;
LPT;B-1119796;RR-CIND-FAZ-FRADE-CANOA;JUAZEIRO;30/08/2025;02/09/2025;;12,0;;GUILHERME;;SIM;Conciliado;18/09/2029;;17/09/2025;Movimentado;17/09/2025; R$  -   ; R$  2.217,64 ;R$ 22.617,64;;R$ 94.317,88;Sem pendencia;Coelba;EDIE JONNES;PAULO;04/10/2025;Aceita;Outubro;;10/10/2025;;;;JUAZEIRO;138;;;;;;;;LUCAS;3.0;;;JUAZEIRO;;NÃO;;;;;
LPT;B-1215477;MD-CIND-FAZ-FRADE-CANOA;JUAZEIRO;30/08/2025;02/09/2025;;0,0;;GUILHERME;;SIM;Conciliado;18/09/2029;;17/09/2025;Movimentado;17/09/2025;; R$  -   ;R$ 201,98;;R$ 506,67;Sem pendencia;Coelba;MICHEL;LIGAÇÃO;04/10/2025;Aceita;Outubro;;10/10/2025;;;;JUAZEIRO;138;;;;;;;;LUCAS;3.0;;;JUAZEIRO;;SIM;;;;;
LPT;B-1215457;KT-CIND-FAZ-FRADE-CANOA;JUAZEIRO;30/08/2025;02/09/2025;;0,0;;GUILHERME;;SIM;Conciliado;18/09/2029;;17/09/2025;Movimentado;17/09/2025;; R$  -   ;R$ 140,69;;R$ 2.125,38;Sem pendencia;Coelba;MICHEL;LIGAÇÃO;04/10/2025;Aceita;Outubro;;10/10/2025;;;;JUAZEIRO;138;;;;;;;;LUCAS;3.0;;;JUAZEIRO;;SIM;;;;;
UTEP;B-1196674;UB-CIND-RUA-DOS UMBUZEIROS-QUADRA 14;REMANSO;11/07/2025;28/08/2025;;2,0;;MATEUS;;SIM;Conciliado;04/10/2025;;;Movimentado;03/10/2025; R$  4.989,07 ; R$  369,61 ;R$ 8.962,61;;R$ 51.869,62;Sem pendencia;Coelba;ANDERSON;MANUTENÇÃO;10/10/2025;Aceita;Outubro;;;;;;JUAZEIRO;188;;;;;;;;MATEUS;48.0;;;REMANSO;;SIM;NÃO POSTADO;;;;
UTEP;B-1191081;IE-RELIGADOR-RMN-09X1-D611928;PILÃO ARCADO;06/08/2025;24/09/2025;;0,0;;GUILHERME;;SIM;Conciliado;24/09/2025;;;Movimentado;08/10/2025; R$  -   ; R$  -   ;R$ 1.012,73;;R$ 145.417,78;Sem pendencia;Coelba;ANDERSON;EMANUEL;10/10/2025;Aceita;Outubro;;;;;;JUAZEIRO;162;;;;;;;;GUILHERME;49.0;;;REMANSO;;SIM;;;;;
LPT - MED;B-1088645;MED MP CIND FAZ CARIRI RURAL;UAUÁ;19/09/2025;26/09/2025;;0,0;;BEATRIZ;;SIM;Conciliado;04/10/2025;;29/09/2025;Movimentado;30/09/2025;; R$  -   ;R$ 127,22;;R$ 0,00;Sem pendencia;Coelba;MICHEL;LIGAÇÃO;11/10/2025;Aceita;Outubro;;16/10/2025;Nao;;;JUAZEIRO;118;;;;;;;;BEATRIZ;7.0;;;JUAZEIRO;;SIM;ETIQUETA NÃO SIMPLIFICADA;;;;
LPT;B-1088643;MP CIND FAZ CARIRI RURAL;UAUÁ;19/09/2025;26/09/2025;;29,0;;BEATRIZ;;SIM;Conciliado;04/10/2025;;29/09/2025;Movimentado;30/09/2025; R$  3.260,00 ; R$  5.359,29 ;R$ 73.277,39;;R$ 307.839,74;Sem pendencia;Coelba;EDIE JONNES;JUAREZ;11/10/2025;Aceita;Novembro;;16/10/2025;Nao;;;JUAZEIRO;118;;;;;;;;BEATRIZ;7.0;;;JUAZEIRO;;NÃO;ETIQUETA NÃO SIMPLIFICADA;PEDIDO DE LM CRIADO EM 27/10;;;
LPT - KIT;B-1088644;KIT MP CIND FAZ CARIRI RURAL;UAUÁ;19/09/2025;26/09/2025;;0,0;;BEATRIZ;;SIM;Conciliado;04/10/2025;;29/09/2025;Movimentado;30/09/2025;; R$  -   ;R$ 284,84;;R$ 0,00;Sem pendencia;Coelba;MICHEL;LIGAÇÃO;11/10/2025;Aceita;Outubro;;16/10/2025;Nao;;;JUAZEIRO;118;;;;;;;;BEATRIZ;7.0;;;JUAZEIRO;;SIM;ETIQUETA NÃO SIMPLIFICADA;;;;
UTEP;B-1184453;ER-CIND-POV-PINHOES-PINHOES ;JUAZEIRO;16/09/2025;17/09/2025;;4,0;;MATEUS;;SIM;Conciliado;04/10/2025;;;Movimentado;03/10/2025; R$  3.960,68 ; R$  739,21 ;R$ 12.567,62;;R$ 37.618,99;Sem pendencia;Coelba;ANDERSON;PEDRO BATISTA;10/10/2025;Aceita;Novembro;;;;;;JUAZEIRO;121;;;;;;;;MATEUS;1.0;;;JUAZEIRO;;SIM;;PEDIDO DE LM CRIADO EM 27/10;;;
UTEP;B-1209633;ER-CIND-POV-CARRO QUEBRADO-RURAL;UAUÁ;19/09/2025;22/09/2025;;1,0;;BRUNO;;SIM;Conciliado;;;25/09/2025;Movimentado;; R$  -   ; R$  184,80 ;R$ 1.884,80;;R$ 18.205,06;Sem pendencia;Coelba;EDIE JONNES;JUAREZ;10/10/2025;Aceita;Novembro;;;;;;JUAZEIRO;118;;;;;;;;BRUNO;3.0;q;;JUAZEIRO;;SIM;;PEDIDO DE LM CRIADO EM 27/10;;;
LPT;B-1087208;LD CIND ROD BA 210 RURAL;SENTO SÉ;20/08/2025;25/08/2025;;32,0;;MATEUS;;SIM;Conciliado;04/09/2025;Postado;02/09/2025;Movimentado;02/09/2025; R$  4.671,69 ; R$  5.913,70 ;R$ 78.675,75;;R$ 308.099,26;Sem pendencia;Coelba;RODRIGUES ;FABIO;22/09/2025;Aceita;Outubro;;;Nao;;;JUAZEIRO;148;;;;;;;;LUCAS;5.0;PENDENTE DE MOVIMENTAÇÃO - SOLICITADO / PENDENTE SINALIZAÇÃO DE ATR DE CERCA;;JUAZEIRO;11/10/2025;NÃO;ETIQUETA NÃO SIMPLIFICADA;;;;
LPT - MED;B-1087205;MED LD CIND ROD BA 210 RURAL;SENTO SÉ;20/08/2025;25/08/2025;;0,0;;MATEUS;;SIM;Conciliado;04/09/2025;;;Movimentado;02/09/2025; R$  -   ; R$  -   ;R$ 127,22;;R$ 934,16;Sem pendencia;Coelba;MICHEL;LIGAÇÃO;22/09/2025;Aceita;Outubro;;;;;;JUAZEIRO;148;;;;;;;;MATEUS;5.0;;;JUAZEIRO;11/10/2025;SIM;;;;;
LPT - KIT;B-1087210;KIT LD CIND ROD BA 210 RURAL;SENTO SÉ;20/08/2025;25/08/2025;;0,0;;MATEUS;;SIM;Conciliado;04/09/2025;;;Movimentado;02/09/2025; R$  -   ; R$  -   ;R$ 142,67;;R$ 11.080,73;Sem pendencia;Coelba;MICHEL;LIGAÇÃO;22/09/2025;Aceita;Outubro;;;;;;JUAZEIRO;148;;;;;;;;MATEUS;5.0;;;JUAZEIRO;11/10/2025;SIM;;;;;
UTEP;B-1119147;MP - CIND - POV. JATOBÁ - RURAL;REMANSO;30/08/2025;01/09/2025;;73,0;;BEATRIZ;;SIM;Conciliado;25/09/2025;Postado;15/09/2025;Movimentado;25/09/2025; R$  -   ; R$  13.490,62 ;R$ 172.734,06;;R$ 853.289,90;Sem pendencia;Coelba;PAULO JUNIOR;SILVONEY;08/10/2025;Aceita;Outubro;;20/10/2025;Nao;;;JUAZEIRO;138;;;;;;;;BEATRIZ;2.0;Faturado em medição parcial R$ 37.254,58 no contrato 4600074796; R$  37.254,58 ;REMANSO;14/10/2025;NÃO;ETIQUETA NÃO SIMPLIFICADA;;;;
UTEP;B-1125892;ER-CIND-ROD-BR 349 KM 20 20-RURAL;CASA NOVA;24/07/2025;22/08/2025;;0,0;;MATEUS;;SIM;Conciliado;11/10/2025;;;Movimentado;10/09/2025; R$  -   ; R$  -   ;R$ 857,26;;R$ 25.850,19;Sem pendencia;Coelba;SANTIAGO;JUAREZ;15/10/2025;Aceita;Outubro;;;;;;JUAZEIRO;175;;;;;;;;MATEUS;29.0;; R$  -   ;JUAZEIRO;;SIM;NÃO POSTADO;;;;
UTEP;B-1157155;UB-CIND-ROD-LOMANTO-CARNAIBA DO SERTAO;JUAZEIRO;27/08/2025;29/08/2025;;3,0;;MATEUS;;SIM;Conciliado;03/10/2025;Postado;19/09/2025;Movimentado;19/09/2025; R$  1.102,81 ; R$  554,41 ;R$ 9.826,12;;R$ 42.065,35;Sem pendencia;Coelba;ANDERSON;PEDRO BATISTA;10/10/2025;Aceita;Outubro;;;;;;JUAZEIRO;141;;;;;;;;MATEUS;2.0;ERRO NA ALTERAÇÃO DA TI DO PROJEO NO SAP; R$  -   ;JUAZEIRO;17/10/2025;SIM;;;;;
LPT;B-1103537;MP-CIND-FAZ-DOS LOIOLAS-RURAL;UAUÁ;29/08/2025;01/09/2025;;6,0;;BEATRIZ;;SIM;Conciliado;;Postado;15/09/2025;Movimentado;25/09/2025; R$  -   ; R$  1.108,82 ;R$ 22.782,80;;R$ 287.020,10;Sem pendencia;Coelba;EDIE JONNES;JUAREZ;03/10/2025;Aceita;Outubro;;20/10/2025;Nao;;;JUAZEIRO;139;;;;;;;;BEATRIZ;3.0;; R$  -   ;JUAZEIRO;15/10/2025;NÃO;ETIQUETA NÃO SIMPLIFICADA;;;;
LPT - KIT;B-1231384;KT-CIND-FAZ-DOS LOIOLAS-RURAL;UAUÁ;29/08/2025;01/09/2025;;0,0;;BEATRIZ;;SIM;Conciliado;;Postado;15/09/2025;Movimentado;25/09/2025; R$  -   ; R$  -   ;R$ 284,84;;R$ 0,00;Sem pendencia;Coelba;MICHEL;LIGAÇÃO;15/10/2025;Aceita;Outubro;;20/10/2025;Nao;;;JUAZEIRO;139;;;;;;;;BEATRIZ;3.0;; R$  -   ;JUAZEIRO;;SIM;ETIQUETA NÃO SIMPLIFICADA;;;;
LPT - MED;B-1231385;MD-CIND-FAZ-DOS LOIOLAS-RURAL;UAUÁ;29/08/2025;01/09/2025;;0,0;;BEATRIZ;;SIM;Conciliado;;Postado;15/09/2025;Movimentado;25/09/2025; R$  -   ; R$  -   ;R$ 127,22;;R$ 0,00;Sem pendencia;Coelba;MICHEL;LIGAÇÃO;15/10/2025;Aceita;Outubro;;20/10/2025;Nao;;;JUAZEIRO;139;;;;;;;;BEATRIZ;3.0;; R$  -   ;JUAZEIRO;;SIM;ETIQUETA NÃO SIMPLIFICADA;;;;
UTEP;B-1176249;ER-CIND-POV-TATAUI-RURAL-SOBRADINHO ;SOBRADINHO;22/09/2025;23/09/2025;;4,0;;BRUNO;;SIM;Conciliado;;Postado;29/09/2025;Movimentado;; R$  -   ; R$  739,21 ;R$ 13.312,85;;R$ 44.370,35;Sem pendencia;Coelba;ANDERSON;PEDRO BATISTA;06/10/2025;Aceita;Outubro;;;;;;JUAZEIRO;115;;;;;;;;BRUNO;1.0;; R$  -   ;JUAZEIRO;15/10/2025;SIM;;;;;
LPT;B-1129174;MP CIND POV LAGOINHA RURAL;REMANSO;30/08/2025;29/08/2025;;36,0;;MATEUS;;SIM;Conciliado;11/10/2025;;;Movimentado;02/10/2025; R$  3.680,04 ; R$  6.652,91 ;R$ 77.228,42;;R$ 367.542,17;Sem pendencia;Coelba;PAULO JUNIOR;MAURICIO / AILTON;15/10/2025;Aceita;Outubro;;;;;;JUAZEIRO;138;;;;;;;;MATEUS;-1.0;; R$  -   ;REMANSO;17/10/2025;NÃO;;;;;
LPT - MED;B-1129181;MED MP CIND POV LAGOINHA RURAL;REMANSO;30/08/2025;29/08/2025;;0,0;;MATEUS;;SIM;Conciliado;11/10/2025;;;Movimentado;02/10/2025; R$  -   ; R$  -   ;R$ 763,30;;;Sem pendencia;Coelba;MICHEL;LIGAÇÃO;15/10/2025;Aceita;Outubro;;;;;;JUAZEIRO;138;;;;;;;;MATEUS;-1.0;; R$  -   ;REMANSO;17/10/2025;SIM;;;;;
LPT - KIT;B-1129188;KIT MP CIND POV LAGOIMHA RURAL;REMANSO;30/08/2025;29/08/2025;;0,0;;MATEUS;;SIM;Conciliado;11/10/2025;;;Movimentado;02/10/2025; R$  -   ; R$  -   ;R$ 1.709,03;;R$ 15.644,59;Sem pendencia;Coelba;MICHEL;LIGAÇÃO;15/10/2025;Aceita;Outubro;;;;;;JUAZEIRO;138;;;;;;;;MATEUS;-1.0;; R$  -   ;REMANSO;17/10/2025;SIM;;;;;
UTEP;B-1160624;ME-COEL-AG AGUAS BELAS-99999;JUAZEIRO;07/06/2025;09/06/2025;;13,0;;MATEUS;;SIM;Conciliado;15/09/2025;;;Movimentado;04/09/2025; R$  8.860,59 ; R$  2.402,44 ;R$ 41.922,38;;R$ 141.293,17;Sem pendencia;Coelba;EDIE JONNES ;IVONALDO;26/09/2025;Aceita;Outubro;;;;;;JUAZEIRO;222;;;;;;;;BEATRIZ;2.0;; R$  -   ;JUAZEIRO;20/10/2025;NÃO;ETIQUETA NÃO SIMPLIFICADA;;;;
LPT;B-1211795;ER-CIND-POV-DE MARI 17-MARI ;JUAZEIRO;16/09/2025;24/09/2025;;5,0;;MATEUS;;SIM;Conciliado;08/10/2025;Postado;14/10/2025;Movimentado;06/10/2025; R$  -   ; R$  924,02 ;R$ 14.938,45;;R$ 26.426,38;Sem pendencia;Coelba;SANTIAGO;IVONALDO;16/10/2025;Aceita;Outubro;;;;;;JUAZEIRO;121;;;;;;;;MATEUS;8.0;; R$  -   ;JUAZEIRO;21/10/2025;SIM;;;;;
LPT - MED;B-1228802;MD-CIND-POV-DE MARI 17-MARI;JUAZEIRO;16/09/2025;24/09/2025;;0,0;;MATEUS;;SIM;Conciliado;08/10/2025;;;Movimentado;06/10/2025;;;;;R$ 1.201,67;Sem pendencia;Coelba;MICHEL;LIGAÇÃO;16/10/2025;Aceita;Outubro;;;;;;JUAZEIRO;121;;;;;;;;MATEUS;8.0;; R$  -   ;JUAZEIRO;21/10/2025;SIM;;;;;
LPT - KIT;B-1228785;KT-CIND-POV-DE MARI 17-MARI;JUAZEIRO;16/09/2025;24/09/2025;;0,0;;MATEUS;;SIM;Conciliado;08/10/2025;;;Movimentado;06/10/2025;;;;;;Sem pendencia;Coelba;MICHEL;LIGAÇÃO;16/10/2025;Aceita;Outubro;;;;;;JUAZEIRO;121;;;;;;;;MATEUS;8.0;; R$  -   ;JUAZEIRO;21/10/2025;SIM;;;;;
UTEP;B-1180176;ER-CIND-FAZ-OURICURI-UAUA;UAUÁ;30/08/2025;09/09/2025;;1,0;;BEATRIZ;;SIM;Conciliado;13/10/2025;Postado;15/09/2025;Movimentado;13/10/2025; R$  -   ; R$  184,80 ;R$ 3.564,95;;R$ 118.022,91;Sem pendencia;Coelba;ANDERSON;MANUTENÇÃO;20/10/2025;Aceita;Outubro;;22/10/2025;Nao;;;JUAZEIRO;138;;;;;;;;BEATRIZ;10.0;Pontos no APP; R$  -   ;JUAZEIRO;;SIM;NÃO POSTADO;;;;
LPT;B-1120926;MP CIND POV MANTEIGA RURAL MOD;REMANSO;30/09/2025;30/09/2025;;111,0;;RUBEM;;SIM;Conciliado;;Postado;;Movimentado;; R$  1.459,44 ; R$  24.021,47 ;R$ 195.152,35;;R$ 1.228.147,83;Sem pendencia;Coelba;RUBEM;LUIZ CARLOS/GISMAILTON;17/10/2025;Aceita;Outubro;;;;;;JUAZEIRO;107;;;;;;;;RUBEM;0.0;; R$  -   ;REMANSO;;NÃO;;;;;
LPT;B-1118538;ER-CIND-POV-PINHOES-CENTRO;JUAZEIRO;30/09/2025;03/10/2025;;23,0;;MATEUS;;SIM;Conciliado;16/10/2025;Postado;14/10/2025;Movimentado;15/10/2025; R$  3.772,01 ; R$  4.250,47 ;R$ 72.372,68;;R$ 116.374,32;Sem pendencia;Coelba;EDIE JONNES;GISMARIO;20/10/2025;Aceita;Outubro;;;;;;JUAZEIRO;107;;;;;;;;MATEUS;3.0;; R$  -   ;JUAZEIRO;;NÃO;;;;;
LPT - MED;B-1218043;MD-CIND-POV-PINHOES-CENTRO;JUAZEIRO;30/09/2025;03/10/2025;;0,0;;MATEUS;;SIM;Conciliado;16/10/2025;;14/10/2025;Movimentado;15/10/2025; R$  -   ; R$  -   ;R$ 127,22;;R$ 1.169,69;Sem pendencia;Coelba;MICHEL;LIGAÇÃO;20/10/2025;Aceita;Outubro;;;;;;JUAZEIRO;107;;;;;;;;MATEUS;3.0;; R$  -   ;JUAZEIRO;;SIM;;;;;
LPT - KIT;B-1217983;KT-CIND-POV-PINHOES-CENTRO;JUAZEIRO;30/09/2025;03/10/2025;;0,0;;MATEUS;;SIM;Conciliado;16/10/2025;;14/10/2025;Movimentado;15/10/2025; R$  -   ; R$  -   ;R$ 284,84;;R$ 2.125,46;Sem pendencia;Coelba;MICHEL;LIGAÇÃO;20/10/2025;Aceita;Outubro;;;;;;JUAZEIRO;107;;;;;;;;MATEUS;3.0;; R$  -   ;JUAZEIRO;;SIM;;;;;
UTEP;B-1190660;AC-CIND-FAZ-JACARE-RURAL;CURAÇÁ;23/08/2025;26/08/2025;;2,0;;MATEUS;;SIM;Conciliado;03/10/2025;;;Movimentado;18/09/2025; R$  3.960,68 ; R$  369,61 ;R$ 8.424,03;;R$ 40.104,54;Sem pendencia;Coelba;EDIE JONNES ;MANUTENÇÃO;10/10/2025;Aceita;Outubro;;;;;;JUAZEIRO;145;;;;;;;;MATEUS;3.0;; R$  -   ;JUAZEIRO;20/10/2025;NÃO;ETIQUETA NÃO SIMPLIFICADA;;;;
LPT;B-1190765;ER-CIND-SI-MARTINS DO CORDEIRO-V DE CIMA;CAMPO ALEGRE DE LOURDES;14/08/2025;26/08/2025;;2,0;;BEATRIZ;;SIM;Conciliado;11/10/2025;;;Movimentado;09/10/2025; R$  -   ; R$  369,61 ;R$ 4.789,53;;R$ 24.073,78;Sem pendencia;Coelba;ANDERSON;MANUTENÇÃO;20/10/2025;Aceita;Outubro;;24/10/2025;Nao;;;JUAZEIRO;154;;;;;;;;BEATRIZ;12.0;; R$  -   ;REMANSO;;NÃO;ETIQUETA NÃO SIMPLIFICADA;;;;
LPT - MED;B-1209919;MD-CIND-SI-MARTINS DO CORDEIRO-V DE CIMA;CAMPO ALEGRE DE LOURDES;14/08/2025;26/08/2025;;2,0;;BEATRIZ;;SIM;Conciliado;11/10/2025;;;Movimentado;09/10/2025; R$  -   ; R$  -   ;R$ 127,22;;R$ 0,00;Sem pendencia;Coelba;MICHEL;LIGAÇÃO;20/10/2025;Aceita;Outubro;;24/10/2025;Nao;;;JUAZEIRO;154;;;;;;;;BEATRIZ;12.0;; R$  -   ;REMANSO;;NÃO;ETIQUETA NÃO SIMPLIFICADA;;;;
LPT - KIT;B-1209896;KT-CIND-SI-MARTINS DO CORDEIRO-V DE CIMA;CAMPO ALEGRE DE LOURDES;14/08/2025;26/08/2025;;2,0;;BEATRIZ;;SIM;Conciliado;11/10/2025;;;Movimentado;09/10/2025; R$  -   ; R$  -   ;R$ 142,67;;R$ 0,00;Sem pendencia;Coelba;MICHEL;LIGAÇÃO;20/10/2025;Aceita;Outubro;;24/10/2025;Nao;;;JUAZEIRO;154;;;;;;;;BEATRIZ;12.0;; R$  -   ;REMANSO;;NÃO;ETIQUETA NÃO SIMPLIFICADA;;;;
UTEP;B-1201511;AC-CIND-RUA-SOLEVANTE-TABULEIRO;JUAZEIRO;28/07/2025;29/07/2025;;0,0;;MATEUS;;SIM;Conciliado;11/09/2025;;;Movimentado;45910; R$  -   ; R$  -   ;R$ 5.700,00;;R$ 50.509,70;Sem pendencia;Coelba;EDIE JONNES ;PEDRO BATISTA;16/09/2025;Aceita;Outubro;;;;;;JUAZEIRO;171;;;;;;;;BRUNO;1.0;Pendente Movimentação: 15613054 - 221 / 15613055 - 222 / 15613056 - 222 - MATR; R$  -   ;JUAZEIRO;22/10/2025;NÃO;ETIQUETA NÃO SIMPLIFICADA;;;;
LPT;B-0515938;MP-CCOL-FAZ SERRA BRANCA E ARRED.-RURAL;REMANSO;04/10/2025;04/10/2025;;1619,0;;JORGE;;SIM;Conciliado;;Postado;;Movimentado;; R$  -   ; R$  299.196,06 ;R$ 1.798.237,41;;R$ 11.815.100,10;Sem pendencia;Coelba;JORGE;HÉLIO/BRUNO;20/10/2025;Aceita;Outubro;;;;;;JUAZEIRO;103;;;;;;;;JORGE;0.0;; R$  1.253.258,65 ;REMANSO;;NÃO;;;;;
LPT;B-1198963;MD-CCOL-FAZ SERRA BRANCA E ARRED.-RURAL;REMANSO;04/10/2025;04/10/2025;;0,0;;JORGE;;SIM;Conciliado;;;;Movimentado;;;;;;R$ 10.653,91;Sem pendencia;Coelba;JORGE;HÉLIO/BRUNO;20/10/2025;Aceita;Outubro;;;;;;JUAZEIRO;103;;;;;;;;JORGE;0.0;;;REMANSO;;SIM;;;;;
LPT;B-1198778;KT-CCOL-FAZ SERRA BRANCA E ARRED.-RURAL;REMANSO;04/10/2025;04/10/2025;;0,0;;JORGE;;SIM;Conciliado;;;;Movimentado;;;;;;R$ 45.656,70;Sem pendencia;Coelba;JORGE;HÉLIO/BRUNO;20/10/2025;Aceita;Outubro;;;;;;JUAZEIRO;103;;;;;;;;JORGE;0.0;;;REMANSO;;SIM;;;;;
UTEP;B-1202326;ER-CIND-POV MALVAO-RURAL-CASA NOVA;CASA NOVA;30/09/2025;30/09/2025;;2,0;;CAIO;;SIM;Conciliado;;Postado;;Movimentado;; R$  -   ; R$  369,61 ;R$ 3.769,61;;R$ 15.319,53;Em fechamento;Coelba;MICHEL;CARLOS LIMA;;Aceita;Outubro;;;;;;JUAZEIRO;107;;;;;;;;CAIO;0.0;; R$  -   ;REMANSO;;SIM;;;;;
UTEP;B-1182674;ER-CIND-POV-SERRA DOS ESPINHOS-RURAL;JUAZEIRO;30/07/2025;25/08/2025;;5,0;;BEATRIZ;;SIM;Conciliado;;;;Movimentado;20/10/2024; R$  -   ; R$  924,02 ;R$ 9.419,81;;R$ 39.637,63;Sem pendencia;Coelba;EDIE JONNES ;IVONALDO;22/10/2025;Aceita;Novembro;;27/10/2025;Nao;;;JUAZEIRO;169;;;;;;;;BEATRIZ;26.0;; R$  -   ;JUAZEIRO;;NÃO;ETIQUETA NÃO SIMPLIFICADA;;;;
LPT - KIT;B-1219597;KT-CIND-POV-SERRA DOS ESPINHOS-RURAL;JUAZEIRO;30/07/2025;25/08/2025;;0,0;;BEATRIZ;;SIM;Conciliado;;;;Movimentado;20/10/2024; R$  -   ; R$  -   ;R$ 142,67;;R$ 0,00;Sem pendencia;Coelba;MICHEL;LIGAÇÃO;23/10/2025;Aceita;Novembro;;27/10/2025;Nao;;;JUAZEIRO;169;;;;;;;;BEATRIZ;26.0;; R$  -   ;JUAZEIRO;;NÃO;ETIQUETA NÃO SIMPLIFICADA;;;;
LPT - MED;B-1219620;MD-CIND-POV-SERRA DOS ESPINHOS-RURAL;JUAZEIRO;30/07/2025;25/08/2025;;0,0;;BEATRIZ;;SIM;Conciliado;;;;Movimentado;20/10/2024; R$  -   ; R$  -   ;R$ 127,22;;R$ 0,00;Sem pendencia;Coelba;MICHEL;LIGAÇÃO;23/10/2025;Aceita;Novembro;;27/10/2025;Nao;;;JUAZEIRO;169;;;;;;;;BEATRIZ;26.0;; R$  -   ;JUAZEIRO;;NÃO;ETIQUETA NÃO SIMPLIFICADA;;;;
UTEP;B-1172482;IE-RELIGADOR-NCU-01Z4-J00704;JUAZEIRO;30/06/2025;29/08/2025;;1,0;;LUCAS;;SIM;Conciliado;;;;Movimentado;; R$  2.950,92 ; R$  184,80 ;R$ 4.478,81;;R$ 111.391,44;Sem pendencia;Coelba;ANDERSON;CARLOS LINHA VIVA;21/10/2025;Aceita;Novembro;;;;;;JUAZEIRO;199;;;;;;;;LUCAS;60.0;"Boock de Fotos no Grupo ""FECHAMENTO DE OBRA"""; R$  -   ;JUAZEIRO;;SIM;NÃO POSTADO;;;;
UTEP;B-1139386;MP-CIND-POV PINHOES-RURAL;JUAZEIRO;25/09/2025;01/10/2025;;25,0;;MATEUS;;SIM;Conciliado;14/10/2025;Postado;14/10/2025;Movimentado;04/10/2025; R$  1.882,12 ; R$  4.620,08 ;R$ 80.231,54;;R$ 331.078,60;Sem pendencia;Coelba;EDIE JONNES;GISMARIO;23/10/2025;Aceita;Novembro;;;;;;JUAZEIRO;112;;;;;;;;MATEUS;6.0;; R$  -   ;JUAZEIRO;;NÃO;;;;;
UTEP;B-1169864;IE-RELIGADOR-MAN-01W2-J02927;JUAZEIRO;30/05/2025;26/08/2025;;0,0;;LUCAS;;SIM;Conciliado; ;;;Movimentado;; R$  4.062,90 ; R$  -   ;R$ 4.707,48;;R$ 86.767,58;Sem pendencia;Coelba;ANDERSON;MANUTENÇÃO;21/10/2025;Aceita;Novembro;;;;;;JUAZEIRO;230;;;;;;;;BEATRIZ;88.0;; R$  -   ;JUAZEIRO;27/10/2025;SIM;NÃO POSTADO;;;;
UTEP;B-1182615;UB-CIND-ROD-235 KM-CENTRO;REMANSO;27/05/2025;03/10/2025;;1,0;;MATEUS;;SIM;Conciliado;23/10/2025;;;Movimentado;23/10/2025; R$  3.409,25 ; R$  184,80 ;R$ 5.431,98;;R$ 42.657,68;Sem pendencia;Coelba;PAULO JUNIOR ;DANIEL;29/10/2025;Aceita;Novembro;;;;;;JUAZEIRO;233;;;;;;;;MATEUS;129.0;PONTOS POSTADOS NO CES; R$  -   ;REMANSO;;SIM;POSTADA;;;;
UTEP;B-1170528;IE-RELIGADOR-SBC-09S1-N61190;CASA NOVA;04/08/2025;01/09/2025;;0,0;;LUCAS;;SIM;Conciliado;;;;Movimentado;;;;;;R$ 129.548,57;Sem pendencia;Coelba;PAULO JÚNIOR;RICARDO LINHA VIVA;11/10/2025;Aceita;Novembro;;;;;;JUAZEIRO;164;;;;;;;;LUCAS;28.0;; R$  -   ;REMANSO;;SIM;;;;;
UTEP;B-1221127;AC-CIND-FAZ-TATAUI 1-RURAL;SOBRADINHO;14/10/2025;20/10/2025;;1,0;;BRUNO;;SIM;Conciliado;21/10/2025;;21/10/25;Movimentado;; R$  -   ; R$  184,80 ;R$ 5.489,15;;R$ 31.761,54;Sem pendencia;Coelba;EDIE JONNES;JUAREZ;28/10/2025;Aceita;Novembro;;;;;;JUAZEIRO;93;;;;;;;;BRUNO;6.0;; R$  -   ;JUAZEIRO;;SIM;;;;;
LPT;B-1163416;ER CIND POV JUNCO SALITRE RURAL;JUAZEIRO;25/09/2025;26/09/2025;;5,0;;BRUNO;;SIM;Conciliado;;;;Movimentado;; R$  -   ; R$  924,02 ;R$ 12.336,26;;R$ 52.884,17;Sem pendencia;Coelba;ANDERSON;PEDRO LINO;30/10/2025;Aceita;Novembro;;;Nao;;;JUAZEIRO;112;;;;;;;;BRUNO;1.0;; R$  -   ;JUAZEIRO;;SIM;;;;;
LPT-MED;B-1194322;MD-CIND POV JUNCO SALITRE RURAL;JUAZEIRO;25/09/2025;26/09/2025;;0,0;;BRUNO;;SIM;Conciliado;;;;Movimentado;;;;R$ 174,04;;R$ 1.086,74;Sem pendencia;Coelba;MICHEL;LIGAÇÃO;30/10/2025;Aceita;Novembro;;;;;;JUAZEIRO;112;;;;;;;;BRUNO;1.0;;;JUAZEIRO;;;;;;;
LPT-KIT;B-1194287;KT-CIND POV JUNCO SALITRE RURAL;JUAZEIRO;25/09/2025;26/09/2025;;0,0;;BRUNO;;SIM;Conciliado;;;;Movimentado;;;;R$ 331,35;;R$ 2.174,12;Sem pendencia;Coelba;MICHEL;LIGAÇÃO;30/10/2025;Aceita;Novembro;;;;;;JUAZEIRO;112;;;;;;;;BRUNO;1.0;;;JUAZEIRO;;;;;;;
UTEP;B-1210160;ER-CIND-POV-POCO DE PEDRA-RURAL - CASA;CASA NOVA;15/10/2025;16/10/2025;;2,0;;CAIO;;SIM;Conciliado;;;;Movimentado;; R$  -   ; R$  369,61 ;R$ 3.769,61;;R$ 16.346,65;Sem pendencia;Coelba;MICHEL;CARLOS LIMA;31/10/2025;Aceita;Novembro;;;;;;JUAZEIRO;92;;;;;;;;CAIO;1.0;OBRA ÁGIL; R$  -   ;REMANSO;;SIM;;;;;
UTEP;B-1205921;ER-CIND-POV-TELHEIRO-TELHEIRO;REMANSO;15/08/2025;15/08/2025;;1,0;;JORGE;;SIM;Conciliado;;;;Movimentado;; R$  -   ; R$  184,80 ;R$ 1.884,80;;R$ 22.894,49;Sem pendencia;Coelba;JORGE RESSUREIÇÃO;JORGE RESSUREIÇÃO;31/10/2025;Aceita;Novembro;;;;;;JUAZEIRO;153;;;;;;;;JORGE;0.0;; R$  -   ;REMANSO;;SIM;ETIQUETA NÃO SIMPLIFICADA;;;;
UTEP;B-1185166;AC-CIND-FAZ-SÃO JOAQUIM-RURAL;SOBRADINHO;30/09/2025;01/10/2025;;1,0;;MATEUS;;SIM;Conciliado;22/10/2025;;;Movimentado;22/10/2025; R$  -   ; R$  184,80 ;R$ 6.285,35;;R$ 54.933,93;Sem pendencia;Coelba;ANDERSON;PEDRO BATISTA;01/11/2025;Aceita;Novembro;;;;;;JUAZEIRO;107;;;;;;;;LUCAS;1.0;; R$  -   ;JUAZEIRO;;SIM;;;;;
UTEP;B-1206677;RR CIND FZ MACHADO PINHOES;JUAZEIRO;23/09/2025;26/09/2025;;2,0;;LUCAS;;SIM;Conciliado;02/10/2025;;;Movimentado;; R$  3.197,25 ; R$  369,61 ;R$ 7.001,49;;R$ 32.360,91;Sem pendencia;Coelba;EDIE JONNES;GISMARIO;03/11/2025;Aceita;Novembro;;;;;;JUAZEIRO;114;;;;;;;;LUCAS;3.0;; R$  -   ;JUAZEIRO;;SIM;;;;;
UTEP;B-1215350;AC-GOVE-RUA-7 DE SETEMBRO-CENTRO ;UAUÁ;16/09/2025;22/09/2025;;2,0;;BRUNO;;SIM;Conciliado;;;;Movimentado;; R$  -   ; R$  369,61 ;R$ 10.288,36;;R$ 56.213,34;Sem pendencia;Coelba;EDIE JONNES;JUAREZ;05/11/2025;Aceita;Novembro;;;Nao;;;JUAZEIRO;121;;;;;;;;BRUNO;6.0;; R$  -   ;JUAZEIRO;;SIM;;;;;
LPT - MED;B-1144802;MED MP CIND POV LAGOA DOS CAVALOS RURAL;JUAZEIRO;23/09/2025;03/10/2025;;0,0;;BEATRIZ;;SIM;Conciliado;16/10/2025;Postado;;Movimentado;10/10/2025; R$  -   ; R$  -   ; R$  127,22 ;; R$  -   ;Sem pendencia;Coelba;MICHEL;LIGAÇÃO;23/10/2025;Aceita;Novembro;;10/11/2025;Nao;;;JUAZEIRO;114;;;;;;;;BEATRIZ;10.0;PONTOS POSTADOS NO CES; R$  -   ;JUAZEIRO;04/11/2025;NÃO;ETIQUETA NÃO SIMPLIFICADA;;;;
UTEP;B-1144796;MP-CCOL-POV.LAGOA DOS CAVALOS-RURAL;JUAZEIRO;23/09/2025;03/10/2025;;19,0;;BEATRIZ;;SIM;Conciliado;16/10/2025;Postado;;Movimentado;10/10/2025; R$  841,49 ; R$  3.511,26 ; R$  64.210,47 ;; R$  136.998,34 ;Sem pendencia;Coelba;SANTIAGO;IVONALDO;23/10/2025;Aceita;Novembro;;10/11/2025;Nao;;;JUAZEIRO;114;;;;;;;;BEATRIZ;10.0;PONTOS POSTADOS NO CES; R$  -   ;JUAZEIRO;04/11/2025;NÃO;ETIQUETA NÃO SIMPLIFICADA;;;;
LPT - KIT;B-1228786;KT-CCOL-POV.LAGOA DOS CAVALOS-RURAL;JUAZEIRO;23/09/2025;03/10/2025;;0,0;;BEATRIZ;;SIM;Conciliado;16/10/2025;Postado;;Movimentado;10/10/2025; R$  -   ; R$  -   ; R$  284,84 ;; R$  -   ;Sem pendencia;Coelba;MICHEL;LIGAÇÃO;23/10/2025;Aceita;Novembro;;10/11/2025;Nao;;;JUAZEIRO;114;;;;;;;;BEATRIZ;10.0;PONTOS POSTADOS NO CES; R$  -   ;JUAZEIRO;04/11/2025;NÃO;ETIQUETA NÃO SIMPLIFICADA;;;;
UTEP;B-1182613;AC-CIND-FAZ-RIO SALITRE-RURAL;JUAZEIRO;17/06/2025;19/06/2025;;1,0;;BRUNO;;SIM;Conciliado;;;;Movimentado;04/07/2025; R$  -   ; R$  184,80 ;R$ 2.952,13;;R$ 24.931,23;Sem pendencia;Coelba;ANDERSON;PEDRO LINO ;17/07/2025;Aceita;Novembro;;;Nao;;;JUAZEIRO;212;;;;;;;;BRUNO;2.0;; R$  -   ;JUAZEIRO;07/11/2025;NÃO;ETIQUETA NÃO SIMPLIFICADA;;;;
UTEP;B-1221230;ER-CIND-POV-DE ALGODAO NOVO 76-RURAL;SOBRADINHO;13/10/2025;14/10/2025;;1,0;;MATEUS;;SIM;Conciliado;21/10/2025;;;Movimentado;17/10/2025; R$  4.378,98 ; R$  184,80 ;R$ 7.231,58;;R$ 21.350,93;Sem pendencia;Coelba;EDIE JONNES;JUAREZ;05/11/2025;Aceita;Novembro;;;;;;JUAZEIRO;94;;;;;;;;MATEUS;1.0;INSERIR RESPONSAVEL; R$  -   ;JUAZEIRO;;SIM;;;;;
UTEP;B-1167478;ER-CIND-POV-CANAA 3-RURAL;SOBRADINHO;13/08/2025;14/08/2025;;1,0;;BEATRIZ;;SIM;Conciliado;30/10/2025;;;Movimentado;30/10/2025; R$  4.378,98 ; R$  214,48 ;R$ 7.165,23;;R$ 18.515,05;Sem pendencia;Coelba;ANDERSON;PEDRO BATISTA;03/11/2025;Aceita;Novembro;;12/11/2025;Nao;;;JUAZEIRO;155;;;;;;;;BEATRIZ;1.0;; R$  -   ;JUAZEIRO;06/11/2025;SIM;APROVADA;;;;
UTEP;B-1198655;ER-CIND-CJN-PROJETO CURACA 2-CT-CURACA I;JUAZEIRO;14/10/2025;20/10/2025;;0,0;;BEATRIZ;;SIM;Conciliado;31/10/2025;;;Movimentado;; R$  2.125,33 ; R$  -   ;R$ 2.954,05;;R$ 20.298,87;Sem pendencia;Coelba;EDIE JONNES;JUAREZ;06/11/2025;Aceita;Novembro;;12/11/2025;Nao;;;JUAZEIRO;93;;;;;;;;LUCAS;6.0;; R$  -   ;JUAZEIRO;;NÃO;ETIQUETA NÃO SIMPLIFICADA;;;;
UTEP;B-1207641;AC-CIND-ROD-LOMANTO JUNIOR-D INDUST;JUAZEIRO;04/10/2025;06/10/2025;;0,0;;GUILHERME;;SIM;Conciliado;14/10/2025;;;Movimentado;14/10/2025; R$  -   ; R$  -   ;R$ 2.106,03;;R$ 43.494,13;Sem pendencia;Coelba;ANDERSON;PEDRO LINO;05/11/2025;Aceita;Novembro;;;;;;JUAZEIRO;103;;;;;;;;GUILHERME;2.0; PONTOS POSTADOS NO CES ; R$  -   ;JUAZEIRO;11/11/2025;SIM;;;;;
UTEP;B-1179465;ER-CIND-POV-CALCADO 552-RURAL;CURAÇÁ;25/10/2025;27/10/2025;;1,0;;BRUNO;;SIM;Conciliado;;;28/10/2025;Movimentado;; R$  -   ; R$  184,80 ;R$ 5.456,99;;R$ 17.725,14;Sem pendencia;Coelba;EDIE JONNES;JUAREZ;;Aceita;Dezembro;;13/11/2025;;;;JUAZEIRO;82;;;;;;;;BRUNO;2.0;; R$  -   ;JUAZEIRO;10/11/2025;SIM;;;;;
UTEP;B-1144577;UB-CIND-AV-DEP R QUEIROZ-CENTRO;PILÃO ARCADO;26/06/2025;05/09/2025;;2,0;;BEATRIZ;;SIM;Conciliado;45958;;;Movimentado;45958; R$  3.409,25 ; R$  369,61 ;R$ 7.472,30;;R$ 43.544,14;Sem pendencia;Coelba;PAULO JUNIOR;AILTON;04/11/2025;Aceita;Novembro;;17/11/2025;Nao;;;JUAZEIRO;203;;;;;;;;BEATRIZ;71.0;; R$  -   ;REMANSO;10/11/2025;SIM;APROVADA;;;;
UTEP;B-1174527;ER-CIND-FAZ-OITEIRO 5-RURAL;CURAÇÁ;26/08/2025;02/09/2025;;2,0;;BEATRIZ;;SIM;Conciliado;28/10/2025;;;Movimentado;28/10/2025; R$  3.960,68 ; R$  428,95 ;R$ 8.574,53;;R$ 38.328,20;Sem pendencia;Coelba;EDIE JONNES ;PAULO;05/11/2025;Aceita;Novembro;;17/11/2025;Nao;;;JUAZEIRO;142;;;;;;;;BEATRIZ;7.0;"Foto do As Built no Grupo ""FECHAMENTO DE OBRA"""; R$  -   ;JUAZEIRO;13/11/2025;SIM;POSTADA;;;;
UTEP;B-1211868;ER-CIND-POV-SALGADINHA-SALGADINHA;SOBRADINHO;21/10/2025;22/10/2025;;2,0;;BEATRIZ;;SIM;Conciliado;10/11/2025;Postado;05/11/2025;Movimentado;05/11/2025; R$  -   ; R$  369,61 ;R$ 3.769,61;;R$ 28.894,27;Sem pendencia;Coelba;EDIE JONNES;JUAREZ;13/11/2025;Aceita;Dezembro;;18/11/2025;Nao;;;JUAZEIRO;86;;;;;;;;LUCAS;1.0;CAVA EM ROCHA COM PERFURATRIZ - KLC / estorno; R$  -   ;JUAZEIRO;;NÃO;ETIQUETA NÃO SIMPLIFICADA;;;;
UTEP;B-1045158;MP-CCOL-POV-CANAA CALDEIRAOZINHO RURAL;SOBRADINHO;27/06/2025;29/07/2025;;11,0;;MATEUS;;SIM;Conciliado;23/10/2025;Postado;14/10/2025;Movimentado;06/10/2025; R$  1.198,84 ; R$  2.032,83 ;R$ 42.536,15;;R$ 138.866,93;Sem pendencia;Coelba;SANTIAGO;JUAREZ;05/11/2025;Aceita;Dezembro;;18/11/2025;;;;JUAZEIRO;202;;;;;;;;MATEUS;32.0;CIA CADASTRADO NA OBRA DE BIA, FOI PASSADO PRA EXECUÇÃO CONFERIR O CIA; R$  -   ;JUAZEIRO;14/11/2025;NÃO;ETIQUETA NÃO SIMPLIFICADA;;;;
LPT;B-1152831;LD-CIND POV.CARNAIBA DO SERTÃO;JUAZEIRO;27/08/2025;05/09/2025;;25,0;;MATEUS;;SIM;Conciliado;04/10/2025;Postado;03/10/2025;Movimentado;03/10/2025; R$  3.749,03 ; R$  4.620,08 ;R$ 87.731,71;;R$ 225.254,43;Sem pendencia;Coelba;EDIE JONNES;PAULO;06/11/2025;Aceita;Dezembro;;19/11/2025;;;;JUAZEIRO;141;;;;;;;;MATEUS;9.0;; R$  -   ;JUAZEIRO;17/11/2025;NÃO;ETIQUETA NÃO SIMPLIFICADA;;;;
LPT - KIT;B-1214556;KT-CIND POV.CARNAIBA DO SERTÃO;JUAZEIRO;27/08/2025;05/09/2025;;0,0;;MATEUS;;SIM;Conciliado;;;;Movimentado;; R$  -   ; R$  -   ;R$ 284,84;;R$ 2.125,38;Sem pendencia;Coelba;MICHEL;LIGAÇÃO;06/11/2025;Aceita;Dezembro;;19/11/2025;;;;JUAZEIRO;141;;;;;;;;MATEUS;9.0;; R$  -   ;JUAZEIRO;17/11/2025;SIM;;;;;
LPT - MED;B-1152833;MED LD-CIND POV.CARNAIBA DO SERTÃO-RURAL;JUAZEIRO;27/08/2025;05/09/2025;;0,0;;MATEUS;;SIM;Conciliado;;;;Movimentado;; R$  -   ; R$  -   ;R$ 127,22;;R$ 232,65;Sem pendencia;Coelba;MICHEL;LIGAÇÃO;06/11/2025;Aceita;Dezembro;;19/11/2025;;;;JUAZEIRO;141;;;;;;;;MATEUS;9.0;; R$  -   ;JUAZEIRO;17/11/2025;SIM;;;;;
UTEP;B-1188190;ER-CIND-ET-SERRA DA BATATEIRA-JOAO PAUL;JUAZEIRO;22/10/2025;27/10/2025;;6,0;;BEATRIZ;;SIM;Conciliado;03/11/2025;;;Movimentado;03/11/2025; R$  -   ; R$  1.286,88 ;R$ 14.328,32;;R$ 59.271,77;Sem pendencia;Coelba;EDIE JONNES;GISMARIO;08/11/2025;Aceita;Dezembro;;19/11/2025;Nao;;;JUAZEIRO;85;;;;;;;;BEATRIZ;5.0;; R$  -   ;JUAZEIRO;13/11/2025;NÃO;ETIQUETA NÃO SIMPLIFICADA;;;;
;B-1073669;ER-CIND-POV S DA BATATEIRA-J PAULO-RURAL;JUAZEIRO;30/06/2025;29/10/2025;;0,0;;CAIO;;SIM;Conciliado;;;;Movimentado;; R$  -   ; R$  -   ;R$ 2.077,52;;R$ 14.314,13;Sem pendencia;Coelba;MICHEL;;10/11/2025;Aceita;Dezembro;;19/11/2025;;;;JUAZEIRO;199;;;;;;;;CAIO;121.0;; R$  -   ;JUAZEIRO;;SIM;;;;;
UTEP;B-1212241;ER-CIND-POV-CACIMBA DO SILVA-CACIMBA;JUAZEIRO;07/10/2025;08/10/2025;;5,0;;MATEUS;;SIM;Conciliado;04/11/2025;;;Almoxarifado;20/10/2025; R$  5.924,35 ; R$  924,02 ;R$ 16.276,44;;R$ 39.350,19;Movimentaçao;Coelba;EDIE JONNES;GISMARIO/JUAREZ;14/11/2025;Aceita;Dezembro;;19/11/2025;;;;JUAZEIRO;100;;;;;;;;MATEUS;1.0;; R$  -   ;JUAZEIRO;;SIM;;;;;
UTEP;B-1187854;AC-CIND-POV CURRAL RAMOS-CURRAL RAMOS;REMANSO;30/08/2025;05/09/2025;;2,0;;BEATRIZ;;SIM;Conciliado;27/10/2025;;;Movimentado;27/10/2025; R$  -   ; R$  369,61 ;R$ 10.745,25;;R$ 19.303,31;Sem pendencia;Coelba;ANDERSON;MANUTENÇÃO;08/11/2025;Aceita;Dezembro;;24/11/2025;Nao;;;JUAZEIRO;138;;;;;;;;BEATRIZ;6.0;; R$  -   ;REMANSO;17/11/2025;NÃO;ETIQUETA NÃO SIMPLIFICADA;;;;
UTEP;B-1184428;ER-CIND-CJN-PROJETO CURACA-CURACA 1;JUAZEIRO;31/10/2025;06/11/2025;;14,0;;GUILHERME;;SIM;Conciliado;45971;;;Movimentado;7/11/2025; R$  3.892,69 ; R$  2.587,24 ;R$ 31.516,72;;R$ 133.438,90;Sem pendencia;Coelba;RODRIGUES;PAULO;17/11/2025;Aceita;Dezembro;;24/11/2025;;;;JUAZEIRO;76;;;;;;;;GUILHERME;6.0;; R$  -   ;JUAZEIRO;;NÃO;;;;;
UTEP;B-1127877;ER-CIND-POV-CURACA-RURAL;JUAZEIRO;20/10/2025;20/10/2025;;2,0;;BEATRIZ;;SIM;Conciliado;08/11/2025;Postado;12/11/2025;Movimentado;03/11/2025; R$  1.835,35 ; R$  428,96 ;R$ 9.359,64;;R$ 15.584,91;Sem pendencia;Coelba;EDIE JONNES;JUAREZ;12/11/2025;Aceita;Dezembro;;24/11/2025;Nao;;;JUAZEIRO;87;;;;;;;;LUCAS;0.0;CAVA EM ROCHA COM PERFURATRIZ - KLC ; R$  -   ;JUAZEIRO;17/11/2025;SIM;APROVADA;;;;
UTEP;B-1200943;AC-CIND-FAZ-JURITI I-RURAL CURACA;CURAÇÁ;25/09/2025;27/09/2025;;3,0;;MATEUS;;SIM;Conciliado;30/10/2025;;;Almoxarifado;14/11/2025; R$  -   ; R$  554,41 ;R$ 4.809,90;;R$ 36.419,57;Sem pendencia;Coelba;EDIE JONNES;FABIO;14/11/2025;Aceita;Dezembro;;25/11/2025;;;;JUAZEIRO;112;;;;;;;;MATEUS;2.0;FALTANDO INFORMAÇÕES DAS PLACAS DAS CHAVES - NÃO SACADAS 29/09; R$  -   ;JUAZEIRO;18/11/2025;SIM;;;;;
UTEP;B-1165605;AC-CIND-LOT-PEDRO RAIMUND-MALHAD DA AREI;JUAZEIRO;25/04/2025;26/04/2025;;5,0;;BEATRIZ;;SIM;Conciliado;29/10/2025;;;Movimentado;29/10/2025; R$  1.423,21 ; R$  924,02 ;R$ 10.115,45;;R$ 59.206,24;Sem pendencia;Coelba;SANTIAGO ;PAULO;07/06/2025;Aceita;Dezembro;;25/11/2025;Nao;;;JUAZEIRO;265;;;;;;;;BEATRIZ;1.0;; R$  -   ;JUAZEIRO;20/11/2025;SIM;APROVADA;;;;
LPT;B-1146087;MP-CCOL-FAZ.NOVA TAPUA-RURAL;REMANSO;31/10/2025;04/11/2025;;175,0;;JORGE;;SIM;Conciliado;;;;Movimentado;; R$  -   ; R$  32.340,53 ;R$ 198.102,49;;R$ 1.517.707,42;Sem pendencia;Coelba;JORGE;HÉLIO/BRUNO;17/11/2025;Aceita;Dezembro;;25/11/2025;;;;JUAZEIRO;76;;;;;;;;JORGE;4.0;; R$  -   ;REMANSO;24/11/2025;NÃO;;;;;
LPT-MED;B-1146088;MED MP CIND FAZ NOVA TABUA RURAL;REMANSO;31/10/2025;04/11/2025;;;;JORGE;;SIM;Conciliado;;;;Movimentado;;;;R$ 2.827,77;;;Sem pendencia;Coelba;JORGE;;17/11/2025;Aceita;Dezembro;;25/11/2025;;;;JUAZEIRO;76;;;;;;;;JORGE;4.0;;;REMANSO;24/11/2025;SIM;;;;;
LPT-KIT;B-1230643;KT-CCOL-FAZ.NOVA TAPUA-RURAL;REMANSO;31/10/2025;04/11/2025;;;;JORGE;;SIM;Conciliado;;;;Movimentado;;;;R$ 3.920,57;;;Sem pendencia;Coelba;JORGE;;17/11/2025;Aceita;Dezembro;;25/11/2025;;;;JUAZEIRO;76;;;;;;;;JORGE;4.0;;;REMANSO;24/11/2025;SIM;;;;;
UTEP;B-1216207;AC-CIND-FAZ-SURUBIM 33-RURAL;CURAÇÁ;30/09/2025;03/10/2025;;1,0;;BRUNO;;SIM;Conciliado;;;;Movimentado;; R$  -   ; R$  184,80 ;R$ 5.431,98;;R$ 48.703,49;Sem pendencia;Coelba;EDIE JONNES;FABIO;20/11/2025;Aceita;Dezembro;;26/11/2025;;;;JUAZEIRO;107;;;;;;;;BRUNO;3.0;PONTOS POSTADOS NO CES; R$  -   ;JUAZEIRO;;SIM;;;;;
UTEP;B-1212597;ER-CIND-POV-GUANHAES 8-RURAL;JUAZEIRO;31/10/2025;06/11/2025;;12,0;;MATEUS;;SIM;Conciliado;18/11/2025;Postado;14/11/2025;Movimentado;20/11/2025; R$  -   ; R$  2.217,64 ;R$ 43.055,74;;R$ 114.577,97;Sem pendencia;Coelba;RODRIGUES;CARLOS EDUARDO/PAULO;20/11/2025;Aceita;Dezembro;;26/11/2025;;;;JUAZEIRO;76;;;;;;;;MATEUS;6.0;CAVA EM ROCHA COM PERFURATRIZ - KLC ; R$  -   ;JUAZEIRO;;NÃO;;;;;
UTEP;B-1221327;ER-CIND-SI QUIXABEIRA-JUREMAL;JUAZEIRO;08/11/2025;12/11/2025;;5,0;;MATEUS;;SIM;Conciliado;20/11/2025;;;Movimentado;18/11/2025; R$  -   ; R$  924,02 ;R$ 10.034,65;;R$ 23.236,44;Sem pendencia;Coelba;IVONALDO;JUAREZ;20/11/2025;Aceita;Dezembro;;26/11/2025;;;;JUAZEIRO;68;;;;;;;;MATEUS;4.0;; R$  -   ;JUAZEIRO;;SIM;;;;;
UTEP;B-1205301;UB-CIND-RUA-5-PE DA SERRA;SENTO SÉ;15/10/2025;16/10/2025;;3,0;;CAIO;;SIM;Conciliado;;;;Movimentado;; R$  -   ; R$  554,41 ;R$ 5.654,41;;R$ 18.456,91;Sem pendencia;Coelba;MICHEL;ANTONIO BARBOSA;07/11/2025;Aceita;Dezembro;;27/11/2025;;;;JUAZEIRO;92;;;;;;;;CAIO;1.0;OBRA ÁGIL; R$  -   ;JUAZEIRO;24/11/2025;SIM;;;;;
LPT - MED;B-1224117;MD-CIND-POV-ALMAS-ALMAS;SENTO SÉ;27/10/2025;27/10/2025;;0,0;;MATEUS;;SIM;Conciliado;10/11/2025;;;Movimentado;18/11/2025; R$  -   ; R$  -   ;R$ 127,22;;R$ 519,85;Sem pendencia;Coelba;MICHEL;LIGAÇÃO;24/11/2025;Aceita;Dezembro;;27/11/2025;;;;JUAZEIRO;80;;;;;;;;MATEUS;0.0;; R$  -   ;JUAZEIRO;;SIM;;;;;
LPT - KIT;B-1224703;KT-CIND-POV-ALMAS-ALMAS;SENTO SÉ;27/10/2025;27/10/2025;;0,0;;MATEUS;;SIM;Conciliado;10/11/2025;;;Movimentado;18/11/2025; R$  -   ; R$  -   ;R$ 284,84;;R$ 4.310,91;Sem pendencia;Coelba;MICHEL;LIGAÇÃO;24/11/2025;Aceita;Dezembro;;27/11/2025;;;;JUAZEIRO;80;;;;;;;;MATEUS;0.0;; R$  -   ;JUAZEIRO;;SIM;;;;;
LPT;B-1212994;RR-CIND-POV-ALMAS-ALMAS;SENTO SÉ;27/10/2025;27/10/2025;;35,0;;MATEUS;;SIM;Conciliado;10/11/2025;Postado;21/11/2025;Movimentado;18/11/2025; R$  1.398,50 ; R$  6.468,11 ;R$ 116.178,62;;R$ 329.845,54;Sem pendencia;Coelba;SANTIAGO;JACKSON;24/11/2025;Aceita;Dezembro;;27/11/2025;;;;JUAZEIRO;80;;;;;;;;MATEUS;0.0;; R$  -   ;JUAZEIRO;;NÃO;;;;;
UTEP;B-1145935;AC CIND FAZ NOVA TABUA (REGUL. FV) RURAL;REMANSO;03/11/2025;03/11/2025;;47,0;;JORGE;;SIM;Conciliado;;;;Movimentado;; R$  -   ; R$  8.685,74 ;R$ 135.317,07;;R$ 574.984,28;Sem pendencia;Coelba;JORGE;BRUNO/HÉLIO;19/11/2025;Aceita;Dezembro;;28/11/2025;;;;JUAZEIRO;73;;;;;;;;JORGE;0.0;; R$  -   ;REMANSO;28/11/2025;NÃO;;;;;
UTEP;B-1196624;AC-CIND-RUA-MALHADA DA AREIA-MALHADA DA;JUAZEIRO;19/09/2025;30/09/2025;;1,0;;LUCAS;;SIM;Conciliado;;;;Movimentado;; R$  7.042,17 ; R$  184,80 ;R$ 10.152,34;;R$ 36.142,11;Sem pendencia;Coelba;ANDERSON;MANUTENÇÃO;31/10/2025;Aceita;Dezembro;;28/11/2025;;;;JUAZEIRO;118;;;;;;;;LUCAS;11.0;; R$  -   ;JUAZEIRO;24/11/2025;SIM;;;;;
UTEP;B-1136743;EQ-CIND-POV-CURAÇA PEQUENO-RURAL;JUAZEIRO;04/08/2025;08/10/2025;;0,0;;MATEUS;;SIM;Conciliado;10/11/2025;;;Movimentado;20/11/2025; R$  6.300,73 ; R$  -   ;R$ 7.011,66;;R$ 423.821,91;Sem pendencia;Coelba;SANTIAGO;CARLOS SERAFIM;24/11/2025;Aceita;Dezembro;;01/12/2025;;;;JUAZEIRO;164;;;;;;;;MATEUS;65.0;NAO VEIO SINALIZADO NO AS BUILT O NUMERO DO CIA, SERIE DO TP E AS PLACAS DE INDENTIFICAÇÃO; R$  -   ;JUAZEIRO;;SIM;;;;;
UTEP;B-1194738;ER-CIND-POV-CALDEIRAO DO LALAU-CALDEIRAO;UAUÁ;23/09/2025;26/09/2025;;4,0;;BEATRIZ;;SIM;Conciliado;10/11/2025;;;Movimentado;05/11/2025; R$  -   ; R$  739,21 ;R$ 10.214,90;;R$ 51.837,31;Sem pendencia;Coelba;EDIE JONNES;JUAREZ;14/11/2025;Aceita;Dezembro;;01/12/2025;Nao;;;JUAZEIRO;114;;;;;;;;LUCAS;3.0;; R$  -   ;JUAZEIRO;24/11/2025;SIM;;;;;
LPT;B-1128536;MP-CCOL-POV-XIQUE XIQUE-RURAL;CASA NOVA;31/10/2025;03/11/2025;;178,0;;MICHEL;;SIM;Conciliado;;Postado;;Movimentado;11/11/2025; R$  -   ; R$  32.894,93 ;R$ 393.029,60;;R$ 1.425.753,93;Sem pendencia;Coelba;PAULO JÚNIOR;FERNANDO;26/11/2025;Aceita;Dezembro;;02/12/2025;;;;JUAZEIRO;76;;;;;;;;BEATRIZ;3.0;; R$  -   ;JUAZEIRO;;NÃO;;;;;
KIT-LPT;B-1145794;KIT MP CIND POV XIQUE XIQUE RURAL;CASA NOVA;31/10/2025;03/11/2025;;;;MICHEL;;SIM;Conciliado;;;;Movimentado;;;;R$ 2.691,85;;;Sem pendencia;Coelba;PAULO JÚNIOR;FERNANDO;26/11/2025;Aceita;Dezembro;;02/12/2025;;;;JUAZEIRO;76;;;;;;;;CAIO;3.0;;;JUAZEIRO;;SIM;;;;;
UTEP;B-1211884;AC-GRUA-AV-RAUL ALVES-SANTO ANTONIO;JUAZEIRO;24/09/2025;30/09/2024;;1,0;;LUCAS;;SIM;Conciliado;;;;Movimentado;; R$  -   ; R$  184,80 ;R$ 1.884,80;;R$ 14.808,32;Em fechamento;Coelba;ANDERSON;PEDRO LINO;13/11/2025;Aceita;Dezembro;;02/12/2025;;;;JUAZEIRO;113;;;;;;;;LUCAS;-359.0;; R$  -   ;JUAZEIRO;26/11/2025;SIM;;;;;
UTEP;B-1209550;ME-COEL-ET-AGUAS BELAS-MALHADA AREIA;JUAZEIRO;25/10/2025;27/10/2025;;2,0;;MATEUS;;SIM;Conciliado;26/11/2025;;;Movimentado;25/11/2025; R$  -   ; R$  369,61 ;R$ 8.146,44;;R$ 109.176,68;Sem pendencia;Coelba;EDIE JONNES;GISMARIO;27/11/2025;Aceita;Dezembro;;02/12/2025;;;;JUAZEIRO;82;;;;;;;;MATEUS;2.0;; R$  -   ;JUAZEIRO;;SIM;;;;;
UTEP;B-1199744;ER-CIND-POV-PINHOES-PINHOES;JUAZEIRO;11/11/2025;12/11/2025;;0,0;;MATEUS;;SIM;Conciliado;20/11/2025;;;Movimentado;28/11/2025; R$  2.125,33 ; R$  -   ;R$ 2.954,05;;R$ 19.956,44;Sem pendencia;Coelba;IVONALDO;JUAREZ;28/11/2025;Aceita;Dezembro;;02/12/2025;;;;JUAZEIRO;65;;;;;;;;MATEUS;1.0;NAO FOI SINALIZADO A NUMERAÇÃO DA PLACA DO TRAFO; R$  -   ;JUAZEIRO;;SIM;;;;;
MED-LPT;B-1145792;MED MP CIND POV XIQUE XIQUE RURAL;CASA NOVA;31/10/2025;03/11/2025;;;;MICHEL;;SIM;Conciliado;;;;Movimentado;;;;;;;Sem pendencia;Coelba;PAULO JÚNIOR;FERNANDO;26/11/2025;Aceita;Dezembro;;02/12/2025;;;;JUAZEIRO;76;;;;;;;;CAIO;3.0;;;JUAZEIRO;;SIM;;;;;
UTEP;B-1211778;ER-CIND-POV-DO PREDIO-PIRI;SENTO SÉ;28/10/2025;05/11/2025;;40,0;;BEATRIZ;;SIM;Conciliado;07/11/2025;Postado;05/11/2025;Movimentado;06/11/2025; R$  3.805,34 ; R$  8.579,20 ;R$ 129.237,70;;R$ 236.401,61;Sem pendencia;Coelba;SANTIAGO;FABIO;13/11/2025;Aceita;Dezembro;;03/12/2025;Nao;;;JUAZEIRO;79;;;;;;;;BEATRIZ;8.0;; R$  -   ;JUAZEIRO;29/11/2025;NÃO;ETIQUETA NÃO SIMPLIFICADA;;;;
UTEP;B-1175881;ER-CIND-POV PROJETO MANDACARU-RURAL;JUAZEIRO;23/10/2025;28/10/2025;;7,0;;CAIO;;SIM;Conciliado;06/11/2025;;;Movimentado;; R$  -   ; R$  1.293,62 ;R$ 13.193,62;;R$ 31.087,84;Sem pendencia;Coelba;EDIE JONNES;JUAREZ/GISMARIO;28/11/2025;Aceita;Dezembro;;03/12/2025;;;;JUAZEIRO;84;;;;;;;;CAIO;5.0;CAVA EM ROCHA COM PERFURATRIZ - KLC ; R$  -   ;JUAZEIRO;;NÃO;;;;;
UTEP;B-1128925;LD-CIND-POV BAIXAO-RURAL-CSN;CASA NOVA;30/09/2025;03/10/2025;;5,0;;BEATRIZ;;SIM;Conciliado;4/11/2025;;;Movimentado;29/10/2025; R$  2.124,94 ; R$  1.072,40 ; R$  18.714,06 ;; R$  175.752,82 ;Sem pendencia;Coelba;SANTIAGO;IVONALDO / FERNANDO/PAULO;08/11/2025;Aceita;Dezembro;;04/12/2025;Nao;;;JUAZEIRO;107;;;;;;;;BEATRIZ;3.0;PONTOS POSTADOS NO CES; R$  -   ;REMANSO;03/12/2025;NÃO;ETIQUETA NÃO SIMPLIFICADA;;;;
LPT;B-1214805;ER-CIND-FAZ-BARRA BONITA-RURAL;JUAZEIRO;18/10/2025;24/10/2025;;22,0;;MATEUS;;SIM;Conciliado;45971;Postado;45989;Movimentado;45989; R$  1.090,06 ; R$  4.065,67 ;R$ 47.716,39;;R$ 308.392,86;Sem pendencia;Coelba;SANTIAGO;IVONALDO;28/11/2025;Aceita;Dezembro;;04/12/2025;;;;JUAZEIRO;89;;;;;;;;MATEUS;6.0;; R$  -   ;JUAZEIRO;02/12/2025;NÃO;;;;;
LPT - MED;B-1224098;MD-CIND-FAZ-BARRA BONITA-RURAL;JUAZEIRO;18/10/2025;24/10/2025;;0,0;;MATEUS;;SIM;Conciliado;10/11/2025;;;Movimentado;28/11/2025; R$  -   ; R$  -   ;R$ 127,22;;R$ 1.722,78;Sem pendencia;Coelba;MICHEL ;LIGAÇÃO ;28/11/2025;Aceita;Dezembro;;04/12/2025;;;;JUAZEIRO;89;;;;;;;;MATEUS;6.0;; R$  -   ;JUAZEIRO;02/12/2025;SIM;;;;;
LPT - KIT;B-1224683;KT-CIND-FAZ-BARRA BONITA-RURAL;JUAZEIRO;18/10/2025;24/10/2025;;0,0;;MATEUS;;SIM;Conciliado;10/11/2025;;;Movimentado;28/11/2025; R$  -   ; R$  -   ;R$ 284,84;;R$ 12.932,71;Sem pendencia;Coelba;MICHEL ;LIGAÇÃO ;28/11/2025;Aceita;Dezembro;;04/12/2025;;;;JUAZEIRO;89;;;;;;;;MATEUS;6.0;; R$  -   ;JUAZEIRO;02/12/2025;SIM;;;;;
UTEP;B-1209583;ER-CIND-POV-ITAPERA-RURAL SENTO SE;SENTO SÉ;18/11/2025;19/11/2025;;2,0;;MATEUS;;SIM;Conciliado;26/11/2025;;;Movimentado;25/11/2025; R$  3.960,68 ; R$  428,95 ;R$ 8.236,39;;R$ 32.325,11;Sem pendencia;Coelba;SANTIAGO;JACSON;01/12/2025;Aceita;Dezembro;;04/12/2025;;;;JUAZEIRO;58;;;;;;;;MATEUS;1.0;;;JUAZEIRO;;SIM;;;;;
UTEP;B-1169812;IE-RELIGADOR-BMB-01F1-J52477;CASA NOVA;21/08/2025;27/08/2025;;1,0;;BRUNO;;SIM;Conciliado;;;13/10/2025;Movimentado;; R$  -   ; R$  184,80 ;R$ 4.918,46;;R$ 108.683,39;Sem pendencia;Coelba;ANDERSON;MANUTENÇÃO;07/11/2025;Aceita;Dezembro;;04/12/2025;;;;JUAZEIRO;147;;;;;;;;LUCAS;6.0;CONCILIAR/ MOVIMENTAR RESERVAS; R$  -   ;REMANSO;21/11/2025;NÃO;ETIQUETA NÃO SIMPLIFICADA;;;;
LPT;B-1129183;MP-CCOL-POV.MANTEIGA-RURAL;REMANSO;30/09/2025;03/10/2025;;40,0;;RUBEM;;SIM;Conciliado;;;;Movimentado;; R$  -   ; R$  7.392,12 ;R$ 102.000,00;;R$ 580.092,82;Sem pendencia;Coelba;RUBEM;LUIZ CARLOS/GISMAILTON;10/11/2025;Aceita;Dezembro;;04/12/2025;;;;JUAZEIRO;107;;;;;;;;RUBEM;3.0;; R$  -   ;REMANSO;02/12/2025;NÃO;;;;;
KIT-LPT;B-1129243;KIT MP-CIND-POV MANTEIGA-RURAL-REM;REMANSO;30/09/2025;03/10/2025;;0,0;;RUBEM;;SIM;Conciliado;;;;Movimentado;;;;R$ 525,25;;;Sem pendencia;Coelba;RUBEM;LUIZ CARLOS/GISMAILTON;10/11/2025;Aceita;Dezembro;;04/12/2025;;;;JUAZEIRO;107;;;;;;;;RUBEM;3.0;;;REMANSO;02/12/2025;SIM;;;;;
MED-LPT;B-1129245;MED MP-CIND-POV MANTEIGA-RURAL-REM;REMANSO;30/09/2025;03/10/2025;;0,0;;RUBEM;;SIM;Conciliado;;;;Movimentado;;;;R$ 403,97;;;Sem pendencia;Coelba;RUBEM;LUIZ CARLOS/GISMAILTON;10/11/2025;Aceita;Dezembro;;04/12/2025;;;;JUAZEIRO;107;;;;;;;;RUBEM;3.0;;;REMANSO;01/12/2025;SIM;;;;;
UTEP;B-1209467;UB-CCOL-RUA-MERCADO PRODUTOR-T NEVES;JUAZEIRO;29/10/2025;30/10/2025;;2,0;;CAIO;;SIM;Conciliado;;Postado;;Movimentado;; R$  -   ; R$  369,61 ;R$ 3.769,61;;R$ 34.863,84;Sem pendencia;Coelba;EDIE JONNES;JUAREZ;01/12/2025;Aceita;Dezembro;;05/12/2025;;;;JUAZEIRO;78;;;;;;;;CAIO;1.0;; R$  -   ;JUAZEIRO;;SIM;;;;;
UTEP;B-1228505;ER-CIND-POV-S O PAULO-RURAL;UAUÁ;18/11/2025;20/11/2025;;5,0;;BRUNO;;SIM;Conciliado;;Postado;25/11/2025;Movimentado;;;924,015;R$ 14.724,29;;R$ 30.155,53;Sem pendencia;Coelba;RODRIGUES;DOMINGOS;01/12/2025;Aceita;Dezembro;;05/12/2025;;;;JUAZEIRO;58;;;;;;;;BRUNO;2.0;MOVIMENTAR RESERVAS;;JUAZEIRO;;SIM;;;;;
UTEP;B-1195929;ER-CIND-POV-TANQUE NOVO-RURAL;JUAZEIRO;11/11/2025;12/11/2025;;0,0;;CAIO;;SIM;Conciliado;;Postado;;Movimentado;; R$  -   ; R$  -   ;R$ 0,00;;R$ 11.184,78;Sem pendencia;Coelba;IVONALDO;JUAREZ;01/12/2025;Aceita;Janeiro;2026.0;09/12/2025;;;;JUAZEIRO;65;;;;;;;;CAIO;1.0;; R$  -   ;JUAZEIRO;;SIM;;;;;
UTEP;B-1212624;AC-CIND-POV-CAMPOS-CAMPOS;JUAZEIRO;14/10/2025;20/10/2025;;1,0;;BEATRIZ;;SIM;Conciliado;08/11/2025;;;Movimentado;31/10/2025; R$  783,32 ; R$  184,80 ;R$ 3.961,78;;R$ 33.054,61;Sem pendencia;Coelba;EDIE JONNES;GISMARIO;17/11/2025;Aceita;Dezembro;;10/12/2025;Nao;;;JUAZEIRO;93;;;;;;;;BEATRIZ;6.0;; R$  -   ;JUAZEIRO;04/12/2025;NÃO;ETIQUETA NÃO SIMPLIFICADA;;;;
UTEP;B-1209668;UB-CIND-RUA-F ROD BA 210-NOVO JUAZEIRO;JUAZEIRO;08/10/2025;10/10/2025;;3,0;;BEATRIZ;;SIM;Conciliado;08/11/2025;;;Movimentado;30/10/2025; R$  -   ; R$  554,41 ;R$ 5.654,41;;R$ 42.027,30;Sem pendencia;Coelba;EDIE JONNES;GISMARIO;02/12/2025;Aceita;Dezembro;;10/12/2025;Nao;;;JUAZEIRO;99;;;;;;;;BEATRIZ;2.0;; R$  -   ;JUAZEIRO;04/12/2025;NÃO;ETIQUETA NÃO SIMPLIFICADA;;;;
UTEP;B-1159828;ER-CIND-FAZ-ANGICO-ARVORE;CURAÇÁ;28/10/2025;29/10/2025;;3,0;;BEATRIZ;;SIM;Conciliado;14/11/2025;;;Movimentado;05/11/2025; R$  -   ; R$  554,41 ;R$ 7.178,79;;R$ 28.600,08;Sem pendencia;Coelba;EDIE JONNES;JUAREZ;21/11/2025;Aceita;Dezembro;;10/12/2025;Nao;;;JUAZEIRO;79;;;;;;;;BEATRIZ;1.0;; R$  -   ;JUAZEIRO;06/12/2025;SIM;APROVADA;;;;
UTEP;B-1032275;ER-CIND-POV-PONTAL-RURAL;JUAZEIRO;31/10/2025;03/11/2025;;6,0;;CAIO;;SIM;Conciliado;10/11/2025;;;Movimentado;; R$  -   ; R$  1.108,82 ;R$ 11.308,82;;R$ 48.400,27;Sem pendencia;Coelba;EDIE JONNES;GISMARIO/JUAREZ;05/12/2025;Aceita;Dezembro;;10/12/2025;;;;JUAZEIRO;76;;;;;;;;CAIO;3.0;CAVA EM ROCHA COM PERFURATRIZ - KLC ; R$  -   ;JUAZEIRO;;NÃO;;;;;
UTEP;B-1227208;UB-CIND-AV-RAIMUNDO RODRIGUES-URBANO;JUAZEIRO;17/11/2025;28/11/2025;;1,0;;CAIO;;SIM;Conciliado;;;;Movimentado;; R$  -   ; R$  184,80 ;R$ 1.884,80;;R$ 6.283,96;Sem pendencia;Coelba;MICHEL;ANTONIO BARSOSA;03/12/2025;Aceita;Dezembro;;09/12/2025;;;;JUAZEIRO;59;;;;;;;;CAIO;11.0;; R$  -   ;JUAZEIRO;04/12/2025;SIM;;;;;
UTEP;B-1186775;ER-CIND-RUA-DAS FLORES-RETIRO DE BAIXO;SENTO SÉ;26/11/2025;27/11/2025;;2,0;;BRUNO;;SIM;Conciliado;06/12/2025;;;Movimentado;;;369,606;R$ 7.583,10;;R$ 34.505,85;Em fechamento;Coelba;SANTIAGO;JACSON;06/12/2025;Aceita;Dezembro;;10/12/2025;;;;JUAZEIRO;50;;;;;;;;BRUNO;1.0;;;JUAZEIRO;;SIM;;;;;
UTEP;B-1198348;ER-CIND-RUA-03-RURAL;SENTO SÉ;14/11/2025;20/11/2025;;4,0;;BEATRIZ;;SIM;Conciliado;03/12/2025;Postado;24/11/2025;Movimentado;27/11/2025; R$  3.010,73 ; R$  739,21 ;R$ 11.218,50;;R$ 40.030,84;Sem pendencia;Coelba;SANTIAGO;JACSON;05/12/2025;Aceita;Dezembro;;10/12/2025;Nao;;;JUAZEIRO;62;;;;;;;;BEATRIZ;6.0;; R$  -   ;JUAZEIRO;;SIM;ETIQUETA NÃO SIMPLIFICADA;;;;
UTEP;B-1174777;ER-CIND-SI-RENASCER I-LAJES;JUAZEIRO;29/10/2025;03/11/2025;;9,0;;BRUNO;;SIM;Conciliado;;;;Movimentado;; R$  -   ; R$  1.663,23 ;R$ 16.187,51;;R$ 93.433,35;Sem pendencia;Coelba;EDIE JONNES;GISMARIO;03/12/2025;Aceita;Dezembro;;11/12/2025;;;;JUAZEIRO;78;;;;;;;;BRUNO;5.0;Relatorio de podas; R$  -   ;JUAZEIRO;10/12/2025;NÃO;;;;;
UTEP;B-1165158;IE-RUA-DO CONSELHEIRO-RURAL;UAUÁ;30/10/2025;06/11/2025;;2,0;;MATEUS;;SIM;Conciliado;14/11/2025;;;Movimentado;24/11/2025; R$  7.001,08 ; R$  369,61 ;R$ 13.165,72;;R$ 347.546,76;Sem pendencia;Coelba;ANDERSON;RICARDO/ITALO;25/11/2025;Aceita;Dezembro;;11/12/2025;;;;JUAZEIRO;77;;;;;;;;MATEUS;7.0;; R$  -   ;JUAZEIRO;09/12/2025;SIM;;;;;
UTEP;B-1219902;ER-CCOL-POV-PIRI-PIRI;JUAZEIRO;31/10/2025;06/11/2025;;3,0;;BEATRIZ;;SIM;Conciliado;09/12/2025;;;Movimentado;22/11/2025; R$  3.644,03 ; R$  554,41 ;R$ 10.104,53;;R$ 76.271,06;Sem pendencia;Coelba;SANTIAGO;FÁBIO;10/12/2025;Aceita;Dezembro;;15/12/2025;Nao;;;JUAZEIRO;76;;;;;;;;ANA;6.0;; R$  -   ;JUAZEIRO;;SIM;ETIQUETA NÃO SIMPLIFICADA;;;;
UTEP;B-1217896;ER-CIND-POV-CAPIM GROSSO-CAPIM GROSSO;SENTO SÉ;30/10/2025;02/12/2025;;0,0;;BRUNO;;SIM;Conciliado;;;;Movimentado;; R$  -   ; R$  -   ;R$ 946,36;;R$ 29.829,97;Sem pendencia;Coelba;SANTIAGO;JACKSON;10/12/2025;Aceita;Dezembro;;15/12/2025;;;;JUAZEIRO;77;;;;;;;;BRUNO;33.0;; R$  -   ;JUAZEIRO;;SIM;;;;;
UTEP;B-1156700;MP-CCOL-FAZ-SANTO ANTONIO-RURAL;CURAÇÁ;29/11/2025;02/12/2025;;38,0;;MICHEL;;SIM;Conciliado;09/12/2025;Postado;;Movimentado;;;7022,514;R$ 71.622,51;;R$ 422.814,65;Sem pendencia;Coelba;RODRIGUES;PAULO/DOMINGOS;24/12/2025;Aceita;Janeiro;2026.0;13/01/2026;;;;JUAZEIRO;47;;;;;;;;BEATRIZ;3.0;Ana Beatriz - Relatório de Evidências;;JUAZEIRO;29/12/2025;NÃO;;;;;
UTEP;B-1196006;ER-CIND-POV-FERRETE-RURAL;CURAÇÁ;12/11/2025;03/12/2025;;1,0;;GUILHERME;;SIM;Conciliado;09/12/2025;;;Movimentado;04/12/2025; R$  -   ;R$ 184,80;R$ 1.884,80;;R$ 25.326,58;Sem pendencia;Coelba;RODRIGUES;CARLOS EDUARDO;10/12/2025;Aceita;Dezembro;;15/12/2025;;;;JUAZEIRO;64;;;;;;;;GUILHERME;21.0;; R$  -   ;JUAZEIRO;;SIM;;;;;
UTEP;B-1218118;ER-CIND-FAZ-RIACHAO -RURAL;SENTO SÉ;30/10/2025;07/11/2025;;12,0;;MATEUS;;SIM;Conciliado;09/12/2025;;;Movimentado;08/12/2025; R$  3.501,37 ; R$  2.217,64 ;R$ 40.978,69;;R$ 97.638,02;Sem pendencia;Coelba;SANTIAGO;FABIO/JACKSON;11/12/2025;Aceita;Dezembro;;15/12/2025;;;;JUAZEIRO;77;;;;;;;;MATEUS;8.0;CAVA EM ROCHA COM PERFURATRIZ - KLC ; R$  -   ;JUAZEIRO;;NÃO;;;;;
UTEP;B-1189551;UB-CIND-RUA-DO ASFALTO 10-CENTRO;CASA NOVA;25/11/2025;28/11/2025;;2,0;;MATEUS;;SIM;Conciliado;28/11/2025;;;Movimentado;08/12/2025; R$  3.136,69 ; R$  369,61 ;R$ 6.776,67;;R$ 30.744,78;Sem pendencia;Coelba;SANTIAGO;GISMÁRIO;11/12/2025;Aceita;Dezembro;;15/12/2025;;;;JUAZEIRO;51;;;;;;;;BEATRIZ;3.0;; R$  -   ;JUAZEIRO;;SIM;;;;;
UTEP;B-1211209;RR-CIND-POV-BX UMBUZEIRO-RURAL;JUAZEIRO;24/10/2025;31/10/2025;;11,0;;BEATRIZ;;SIM;Conciliado;10/12/2025;Postado;06/11/2025;Movimentado;08/11/2025; R$  1.606,05 ; R$  2.032,83 ;R$ 22.338,88;;R$ 113.131,71;Sem pendencia;Coelba;RODRIGUES;IVONALDO;09/12/2025;Aceita;Dezembro;;16/12/2025;Nao;;;JUAZEIRO;83;;;;;;;;BEATRIZ;7.0;; R$  -   ;JUAZEIRO;11/12/2025;NÃO;ETIQUETA NÃO SIMPLIFICADA;;;;
UTEP;B-1183301;UB-CIND CJ-HABITACIONAL-BORGES;CASA NOVA;26/11/2025;28/11/2025;;1,0;;MATEUS;;SIM;Conciliado;02/12/2025;;;Movimentado;08/12/2025; R$  3.769,32 ; R$  184,80 ;R$ 6.265,80;;R$ 38.844,32;Sem pendencia;Coelba;SANTIAGO;GISMÁRIO;11/12/2025;Aceita;Dezembro;;16/12/2025;;;;JUAZEIRO;50;;;;;;;;MATEUS;2.0;; R$  -   ;JUAZEIRO;;SIM;;;;;
UTEP;B-1225153;RC-PREF-AV-JOAO DURVAL-JOAO XXIII;JUAZEIRO;04/11/2025;10/11/2025;;1,0;;BRUNO;;SIM;Conciliado;12/11/2025;;;;; R$  -   ; R$  184,80 ;R$ 2.079,93;;R$ 5.624,64;Sem pendencia;Coelba;IVONALDO;GISMÁRIO;18/11/2025;Aceita;Dezembro;;16/12/2025;;;;JUAZEIRO;72;;;;;;;;BRUNO;6.0;; R$  -   ;JUAZEIRO;10/12/2025;SIM;;;;;
UTEP;B-1221851;ER-CIND-SI-S O JOSE-RURAL ;JUAZEIRO;13/09/2025;24/09/2025;;9,0;;LUCAS;;SIM;Conciliado;04/10/2025;Postado;;Movimentado;; R$  -   ; R$  1.663,23 ;R$ 16.963,23;;R$ 124.079,02;Sem pendencia;Coelba;SANTIAGO;IVONALDO;04/12/2025;Aceita;Dezembro;;16/12/2025;;;;JUAZEIRO;124;;;;;;;;LUCAS;11.0;; R$  -   ;JUAZEIRO;10/12/2025;NÃO;;;;;
UTEP;B-1181008;RR-CIND-FAZ-S O PEDRO 11-S O PEDRO;JUAZEIRO;31/10/2025;06/11/2025;;21,0;;GUILHERME;;SIM;Conciliado;04/12/2025;Postado;29/11/2025;Movimentado;26/11/2025; R$  1.645,66 ; R$  3.880,86 ;R$ 79.220,02;;R$ 147.180,67;Sem pendencia;Coelba;RODRIGUES;PAULO;11/12/2025;Aceita;Janeiro;2026.0;16/12/2025;;;;JUAZEIRO;76;;;;;;;;GUILHERME;6.0;; R$  -   ;JUAZEIRO;;NÃO;;;;;
LPT;B-1182825;ER-CIND-POV-TATAUI-RURAL- SOBRADINHO;SOBRADINHO;14/11/2025;27/11/2025;;5,0;;MATEUS;;SIM;Conciliado;05/12/2025;Postado;01/12/2025;Movimentado;08/12/2025; R$  -   ; R$  924,02 ;R$ 13.761,45;;R$ 23.580,44;Sem pendencia;Coelba;IVONALDO;MANUTENÇÃO;12/12/2025;Aceita;Dezembro;;16/12/2025;;;;JUAZEIRO;62;;;;;;;;BEATRIZ;13.0;; R$  -   ;JUAZEIRO;;SIM;;;;;
UTEP;B-1172127;UB CIND RUA DO CASCALHO - CENTRO;SENTO SÉ;13/11/2025;02/12/2025;;1,0;;MATEUS;;SIM;Conciliado;12/12/2025;;;Movimentado;16/12/2025; R$  3.409,25 ; R$  184,80 ;R$ 5.431,98;;R$ 37.881,75;Sem pendencia;Coelba;SANTIAGO;FÁBIO;16/12/2025;Aceita;Janeiro;2026.0;18/12/2025;;;;JUAZEIRO;63;;;;;;;;BRUNO;19.0;; R$  -   ;JUAZEIRO;;SIM;;;;;
UTEP;B-1197173;IS-COEL-AV-MARIA DA G  DE JESUS-J  VITOR ;JUAZEIRO;10/09/2025;26/09/2025;;8,0;;BRUNO;;SIM;Conciliado;;;01/11/2025;Movimentado;; R$  -   ; R$  1.478,42 ;R$ 15.078,42;;R$ 106.553,46;Sem pendencia;Coelba;ANDERSON;MANUTENÇÃO;03/12/2025;Aceita;Janeiro;2026.0;18/12/2025;;;;JUAZEIRO;127;;;;;;;;BRUNO;16.0;; R$  -   ;JUAZEIRO;15/12/2025;NÃO;;;;;
UTEP;B-1129437;LD CIND FAZ MANI OBA VELHA RURAL;JUAZEIRO;26/09/2025;06/10/2025;;22,0;;MATEUS;;SIM;Conciliado;14/11/2025;Postado;14/10/2025;Movimentado;08/12/2025; R$  3.105,90 ; R$  4.065,67 ;R$ 62.343,73;;R$ 210.471,66;Sem pendencia;Coelba;SANTIAGO;PAULO;12/12/2025;Aceita;Janeiro;2026.0;19/12/2025;;;;JUAZEIRO;111;;;;;;;;MATEUS;10.0;PLACA INFORMADA NO AS BUILT ESTA CADASTRADA EM UMA OBRA DE LUCAS: B-1221851; R$  -   ;JUAZEIRO;17/12/2025;NÃO;;;;;
;B-1231290;ER-CIND-FAZ-SANTA FE 102-RURAL;UAUÁ;28/11/2025;01/12/2025;;1,0;;CAIO;;SIM;Conciliado;12/12/2025;;;Movimentado;;;184,803;R$ 1.884,80;; R$ 2.097,41 ;Sem pendencia;Coelba;MICHEL;ANTÔNIO BARBOSA;17/12/2025;Aceita;Janeiro;2026.0;19/12/2025;;;;JUAZEIRO;48;;;;;;;;CAIO;3.0;;;JUAZEIRO;;SIM;;;;;
UTEP;B-1172245;RR - CIND - POV LAGOA DO MARY - RURAL;SENTO SÉ;14/11/2025;18/11/2025;;17,0;;MATEUS;;SIM;Conciliado;10/12/2025;Postado;09/12/2025;Movimentado;08/12/2025; R$  1.919,42 ; R$  3.141,65 ;R$ 55.117,45;;R$ 152.237,76;Sem pendencia;Coelba;SANTIAGO;FÁBIO;16/12/2025;Aceita;Janeiro;2026.0;19/12/2025;;;;JUAZEIRO;62;;;;;;;;BEATRIZ;4.0;; R$  -   ;JUAZEIRO;;NÃO;;;;;
UTEP;B-1169873;IE-RELIGADOR-MAN-01W2-N76854;JUAZEIRO;31/10/2025;12/11/2025;;1,0;;MATEUS;;SIM;Conciliado;10/12/2025;;;Movimentado;08/12/2025; R$  6.133,88 ; R$  184,80 ;R$ 8.226,40;;R$ 86.502,80;Sem pendencia;Coelba;ANDERSON;PEDRO LINO/RICARDO LINHA VIVA;11/12/2025;Aceita;Janeiro;2026.0;22/12/2025;;;;JUAZEIRO;76;;;;;;;;MATEUS;12.0;; R$  -   ;JUAZEIRO;17/12/2025;SIM;;;;;
UTEP;B-1194453;ER-CIND-POV-PIRI 2---A-RURAL;SENTO SÉ;28/10/2025;06/11/2025;;8,0;;MATEUS;;SIM;Conciliado;05/12/2025;Postado;16/12/2025;Movimentado;08/12/2025; R$  1.936,66 ; R$  1.478,42 ;R$ 18.475,98;;R$ 73.535,07;Sem pendencia;Coelba;SANTIAGO;FÁBIO;17/12/2025;Aceita;Janeiro;2026.0;22/12/2025;;;;JUAZEIRO;79;;;;;;;;BEATRIZ;9.0;Relatório de Evidências - Ana Angélica; R$  -   ;JUAZEIRO;;NÃO;ETIQUETA NÃO SIMPLIFICADA;;;;
UTEP;B-1171363;ER-CIND-SI-S O GERALDO-RURAL;SENTO SÉ;26/11/2025;27/11/2025;;3,0;;GUILHERME;;SIM;Conciliado;12/12/2025;;;Movimentado;12/12/2025; R$  3.892,69 ; R$  554,41 ;R$ 10.461,30;;R$ 52.216,16;Sem pendencia;Coelba;SANTIAGO;JACSON;22/12/2025;Aceita;Janeiro;2026.0;13/01/2026;;;;JUAZEIRO;50;;;;;;;;BRUNO;1.0;;;JUAZEIRO;08/01/2026;SIM;;;;;
UTEP;B-1116565;MP-CIND-POV-MALVINAS 1000-;JUAZEIRO;29/11/2025;03/12/2025;;23,0;;MICHEL;;SIM;Conciliado;09/12/2025;Postado;;Movimentado;; R$  -   ; R$  4.250,47 ;R$ 60.155,64;;R$ 337.870,70;Sem pendencia;Coelba;SANTIAGO;JACSON/FÁBIO;17/12/2025;Aceita;Janeiro;2026.0;22/12/2025;;;;JUAZEIRO;47;;;;;;;;BEATRIZ;4.0;; R$  -   ;JUAZEIRO;;NÃO;;;;;
UTEP;B-1157820;UB-CIND-RUA-21 DE ABRIL-CAMPO ALEGRE;CAMPO ALEGRE DE LOURDES;27/08/2025;10/09/2025;;2,0;;MATEUS;;SIM;Conciliado;09/12/2025;;;Movimentado;08/12/2025; R$  1.696,74 ; R$  369,61 ;R$ 8.748,40;;R$ 48.467,63;Sem pendencia;Coelba;ANDERSON;EMANUEL;09/12/2025;Aceita;Janeiro;2026.0;23/12/2025;;;;JUAZEIRO;141;;;;;;;;BEATRIZ;14.0;PROJETO SO PODERAR SER CADASTRADO APOS O ATENDIENTO DE UMA OC POIS O CIA DO TRAFO INSTALADO EM MINHA OBRA AINDA CONSTA CADASTRADO NO SISTEMA; R$  -   ;REMANSO;17/12/2025;SIM;NÃO POSTADO;;;;
LPT;B-1198350;ER-CCOL-RUA-04 AGROVILA-PEDRA BRANCA;CURAÇÁ;14/11/2025;24/11/2025;;18,0;;MICHEL;;SIM;Conciliado;;Postado;24/11/2025;Movimentado;; R$  -   ; R$  3.326,45 ;R$ 60.600,42;;R$ 144.734,27;Sem pendencia;Coelba;RODRIGUES;CARLOS EDUARDO;15/12/2025;Aceita;Janeiro;2026.0;29/12/2025;;;;JUAZEIRO;62;;;;;;;;LUCAS;10.0;; R$  -   ;JUAZEIRO;20/12/2025;NÃO;;;;;
LPT;B-1221712;MD-CCOL-RUA-04 AGROVILA-PEDRA BRANCA;CURAÇÁ;14/11/0202;24/11/2025;;;;MICHEL;;SIM;Conciliado;;;;Movimentado;;;;R$ 3.029,75;;;Sem pendencia;Coelba;RODRIGUES;CARLOS EDUARDO;15/12/2025;Aceita;Janeiro;2026.0;29/12/2025;;;;JUAZEIRO;665900;;;;;;;;LUCAS;665848.0;;;JUAZEIRO;20/12/2025;SIM;;;;;
UTEP;B-1203125;ER-CIND-POV-SERRA DA BOA VISTA 3-RURAL;JUAZEIRO;13/10/2025;09/12/2025;;1,0;;MATEUS;;SIM;Conciliado;16/12/2025;;;Movimentado;16/12/2025; R$  -   ; R$  214,48 ;R$ 6.187,16;;R$ 17.655,20;Sem pendencia;Coelba;EDIE JONNES;GISMARIO;19/12/2025;Aceita;Janeiro;2026.0;29/12/2025;;;;JUAZEIRO;94;;;;;;;;BEATRIZ;57.0;; R$  -   ;JUAZEIRO;;SIM;;;;;
UTEP;B-1107206;AC-CIND-CJN-PROJETO-CURACA;JUAZEIRO;04/12/2025;08/12/2025;;0,0;;GUILHERME;;SIM;Conciliado;16/12/2025;;;Movimentado;;; R$  -   ;R$ 1.055,64;;R$ 14.059,54;Sem pendencia;Coelba;ANDERSON;PEDRO LINO;23/12/2025;Aceita;Janeiro;2026.0;29/12/2025;;;;JUAZEIRO;42;;;;;;;;BEATRIZ;4.0;;;JUAZEIRO;;SIM;;;;;
UTEP;B-1182439;AC-CIND-ET-DA ADUT CARAIBA 100-CH;CURAÇÁ;06/10/2025;07/10/2025;;0,0;;GUILHERME;;SIM;Conciliado;10/12/2025;;;Movimentado;29/11/2025; R$  1.126,63 ; R$  -   ;R$ 7.803,54;;R$ 28.942,22;Sem pendencia;Coelba;EDIE JONNES;GISMARIO;18/12/2025;Aceita;Janeiro;2026.0;29/12/2025;;;;JUAZEIRO;101;;;;;;;;BRUNO;1.0;; R$  -   ;JUAZEIRO;;SIM;;;;;
UTEP;B-1171602;LD-CIND ROD.PETROLINA C.NOVA KM-65RURAL;CASA NOVA;29/11/2025;02/12/2025;;5,0;;GUILHERME;;SIM;Conciliado;22/12/2025;Postado;09/12/2025;Movimentado;05/12/2025; R$  4.355,80 ; R$  924,02 ;R$ 18.626,36;;R$ 52.916,29;Sem pendencia;Coelba;SANTIAGO;GISMÁRIO;22/12/2025;Aceita;Janeiro;2026.0;29/12/2025;;;;JUAZEIRO;47;;;;;;;;BEATRIZ;3.0; Ana Beatriz - Relatório de Evidências ; R$  -   ;REMANSO;;SIM;;;;;
UTEP;B-1172120;RR-CCOL-FAZ-SANTO ANTONIO-RURAL;CURAÇÁ;29/11/2025;02/12/2025;;25,0;;MICHEL;;SIM;Conciliado;12/12/2025;Postado;;Movimentado;;;4620,075;R$ 91.138,13;;R$ 268.029,97;Sem pendencia;Coelba;RODRIGUES;PAULO/DOMINGOS;24/12/2025;Aceita;Janeiro;2026.0;30/12/2025;;;;JUAZEIRO;47;;;;;;;;BEATRIZ;3.0;;;JUAZEIRO;;NÃO;;;;;
UTEP;B-1231775;UB-PREF-RUA-DO JAPAO-COREIA;JUAZEIRO;21/11/2025;27/11/2025;;1,0;;GUILHERME;;SIM;Conciliado;05/01/2026;;;Movimentado;16/12/2025; R$  -   ; R$  184,80 ;R$ 2.039,73;;R$ 25.669,17;Sem pendencia;Coelba;IVONALDO;JUAREZ;08/01/2026;Aceita;Janeiro;2026.0;13/01/2026;;;;JUAZEIRO;55;;;;;;;;BRUNO;6.0;; R$  -   ;JUAZEIRO;08/01/2026;SIM;;;;;
UTEP;B-1205827;IT-CIND-ROD-BR 407-DISTRITO INDUSTRIAL;JUAZEIRO;21/11/2025;02/12/2025;;1,0;;GUILHERME;;SIM;Conciliado;18/12/2025;;;Movimentado;18/12/2025; R$  -   ; R$  184,80 ;R$ 1.884,80;;R$ 25.082,19;Sem pendencia;Coelba;IVONALDO;JUAREZ;;Aceita;Janeiro;2026.0;13/01/2026;;;;JUAZEIRO;55;;;;;;;;BEATRIZ;11.0;; R$  -   ;JUAZEIRO;07/01/2026;SIM;;;;;
UTEP;B-1049087;IT-CIND-FAZ-VARGEM CUMPRIDA-FOICE;JUAZEIRO;01/07/2022;01/07/2022;;0,0;;GUILHERME;;SIM;Conciliado;;;;Movimentado;; R$  -   ;;R$ 158,75;;R$ 2.695,52;Sem pendencia;Coelba;AIC;AIC;15/02/2025;Aceita;Janeiro;2026.0;13/01/2026;Nao;;;JUAZEIRO;1294;;;;;;;;GUILHERME;0.0;;;JUAZEIRO;08/01/2026;SIM;ETIQUETA NÃO SIMPLIFICADA;;;;
UTEP;B-1173811;ER-CIND-FAZ-LAPAO-RURAL;UAUÁ;22/10/2025;24/10/2025;;2,0;;BEATRIZ;;SIM;Conciliado;22/12/2025;Postado;22/12/2025;Movimentado;29/10/2025; R$  3.136,69 ; R$  369,61 ;R$ 10.006,18;;R$ 25.939,53;Sem pendencia;Coelba;EDIE JONNES;JUAREZ;23/12/2025;Aceita;Janeiro;2026.0;14/01/2026;Nao;;;JUAZEIRO;85;;;;;;;;BEATRIZ;2.0;no cadastro a direção da rede não condiz com o As Built; R$  -   ;JUAZEIRO;10/01/2026;SIM;APROVADA;;;;
UTEP;B-1222499;AC-CIND-POV-SABIA 10-RURAL;JUAZEIRO;22/11/2025;12/12/2025;;0,0;;GUILHERME;;SIM;Conciliado;18/12/2025;;;Movimentado;;; R$  -   ;R$ 1.055,64;; R$ 34.126,54 ;Sem pendencia;Coelba;IVONALDO;JUAREZ;07/01/2026;Aceita;Janeiro;2026.0;14/01/2026;;;;JUAZEIRO;54;;;;;;;;BEATRIZ;20.0;;;JUAZEIRO;13/01/2026;SIM;;;;;
UTEP;B-1178531;UB-CIND-RUA-DA AREIA-PAU A PIQUE;CASA NOVA;29/08/2025;04/09/2025;;1,0;;LUCAS;;SIM;Conciliado;09/12/2025;;;Movimentado;; R$  -   ; R$  184,80 ;R$ 1.884,80;;R$ 35.607,56;Sem pendencia;Coelba;SANTIAGO;FERNANDO;17/12/2025;Aceita;Janeiro;2026.0;14/01/2026;;;;JUAZEIRO;139;;;;;;;;LUCAS;6.0;; R$  -   ;REMANSO;08/01/2026;SIM;;;;;
UTEP;B-1177525;AC-CIND-RUA- XIQUE XIQUE-CENTRO;PILÃO ARCADO;28/08/2025;28/08/2025;;1,0;;BEATRIZ;;SIM;Conciliado;22/11/2025;;;Movimentado;17/11/2025; R$  -   ; R$  184,80 ;R$ 5.796,89;;R$ 18.370,16;Sem pendencia;Coelba;RUBEM;RUBEM;01/12/2025;Aceita;Janeiro;2026.0;15/01/2026;Nao;;;JUAZEIRO;140;;;;;;;;BEATRIZ;0.0;; R$  -   ;REMANSO;10/01/2026;SIM;ETIQUETA NÃO SIMPLIFICADA;MOVIMENTAR MATERIAL PARA REPOSTAR PASTA;;;
UTEP;B-1185415;AC-CIND-POV-CHAPADINHA-RURAL-SOBRADINHO;SOBRADINHO;03/06/2025;01/09/2025;;1,0;;LUCAS;;SIM;Conciliado;;;;Movimentado;; R$  1.579,82 ; R$  184,80 ; R$  9.254,85 ;; R$  33.004,23 ;Sem pendencia;Coelba;SANTIAGO ;JUAREZ/ ITALO LINHA VIVA;12/11/2025;Rejeitada;Janeiro;2026.0;;;;;JUAZEIRO;226;;;;;;;;LUCAS;90;; R$  -   ;JUAZEIRO;08/01/2026;NÃO;ETIQUETA NÃO SIMPLIFICADA;;;;
UTEP;B-1202706;AC-CIND-RUA-LEOVIGILDO M ALMEIDA-CENTRO;CURAÇÁ;23/08/2025;25/08/2025;;4,0;;LUCAS;;SIM;Conciliado;;Postado;;Movimentado;; R$  -   ; R$  739,21 ; R$  739,21 ;; R$  62.385,22 ;Sem pendencia;Coelba;EDIE JONNES ;PEDRO BATISTA;07/11/2025;Repostado;Janeiro;2026.0;;;;;JUAZEIRO;145;;;;;;;;LUCAS;2;; R$  -   ;JUAZEIRO;13/01/2026;NÃO;ETIQUETA NÃO SIMPLIFICADA;;;;
UTEP;B-1195222;UB-CIND-RUA-02 QSA S 19-VILA S O JOAQUIM;SOBRADINHO;18/09/2025;19/09/2025;;3,0;;BEATRIZ;;SIM;Conciliado;28/10/2025;Postado;;Movimentado;30/10/2025; R$  3.062,08 ; R$  554,41 ; R$  11.257,89 ;; R$  32.872,25 ;Sem pendencia;Coelba;ANDERSON;PEDRO BATISTA;24/11/2025;Repostado;Janeiro;2026.0;;Nao;;;JUAZEIRO;119;;;;Encaminhado o relatório para atesto via e-mail (22/11);;;;BEATRIZ;1;; R$  -   ;JUAZEIRO;14/01/2026;NÃO;ETIQUETA NÃO SIMPLIFICADA;;;;
UTEP;B-1115260;AC-CIND-RUA-PADRE JOAO FRE-CENTRO;PILÃO ARCADO;26/06/2025;15/07/2025;;4,0;;BRUNO;;SIM;Conciliado;;;;Almoxarifado;; R$  -   ; R$  739,21 ; R$  7.539,21 ;; R$  69.502,35 ;Movimentaçao;Sipel;PAULO JUNIOR ;AILTON / ITALO LINHA VIVA;14/11/2025;Rejeitada;Janeiro;2026.0;;;;;JUAZEIRO;203;;;;;;;;BRUNO;19;; R$  -   ;REMANSO;19/12/2025;SIM;NÃO POSTADO;;;;
UTEP;B-1085220;AL - 01V3 - SE NOVA TOURÃO-EQUIP-Q008200 ;JUAZEIRO;04/06/2025;04/06/2025;;0,0;;RUBEM;;SIM;Conciliado; ;;;Movimentado;; R$  -   ; R$  -   ; R$  14.855,08 ;; R$  83.221,08 ;Sem pendencia;Sipel;SANTIAGO;CARLOS LINHA VIVA;06/08/2025;Rejeitada;Janeiro;2026.0;;Nao;;;JUAZEIRO;225;;;;;;;;CLEITISVAL;0;; R$  -   ;JUAZEIRO;11/11/2025;SIM;APROVADA;;;;
UTEP;B-1173776;RR-GRUA-FAZ-VERMELHO-RURAL ;JUAZEIRO;10/09/2025;29/09/2025;;5,0;;BRUNO;;SIM;Solic. p/ Retroagir;;;;Criaçao;; R$  -   ; R$  924,02 ; R$  12.747,04 ;; R$  103.944,38 ;Sem pendencia;Sipel;EDIE JONNES;GISMARIO;26/11/2025;Rejeitada;Janeiro;2026.0;;;;;JUAZEIRO;127;;;;;;;;BRUNO;19;; R$  -   ;JUAZEIRO;;SIM;;;;;
LPT;B-1221603;KT-CCOL-RUA-04 AGROVILA-PEDRA BRANCA;CURAÇÁ;14/11/2025;24/11/2025;;;;MICHEL;;SIM;Conciliado;;;;Movimentado;;;;;;;Sem pendencia;Sipel;RODRIGUES;CARLOS EDUARDO;15/12/2025;Rejeitada;Janeiro;2026.0;;;;;JUAZEIRO;62;;;;;;;;LUCAS;10;;;JUAZEIRO;29/12/2025;SIM;;;;;
UTEP;B-1212150;UB-CIND-ET SERRA DA BATATEIRA-JOAO PAULO;JUAZEIRO;21/10/2025;28/10/2025;;0,0;;CAIO;;SIM;Conciliado;06/11/2025;;;Movimentado;; R$  -   ; R$  -   ; R$  -   ;; R$  32.705,29 ;Sem pendencia;Sipel;EDIE JONNES;GISMARIO;06/12/2025;Rejeitada;Janeiro;2026.0;;;;;JUAZEIRO;86;;;;;;;;CAIO;7;; R$  -   ;JUAZEIRO;;SIM;;;;;
UTEP;B-1044962;AC-CIND-SI-PANTANAL -RURAL;SOBRADINHO;12/09/2022;12/09/2022;;1,0;;BEATRIZ;;SIM;Conciliado;;;;Movimentado;;; R$  -   ; R$  829,00 ;;;Sem pendencia;Sipel;;;15/02/2025;Rejeitada;Janeiro;2026.0;SIM;Nao;;;JUAZEIRO;1221;;;;;;;;VITOR;0;; R$  829,00 ;JUAZEIRO;01/11/2025;NÃO;ETIQUETA NÃO SIMPLIFICADA;;;;
UTEP;B-1145786;AC CIND POV XIQUE XIQUE RURAL;CASA NOVA;31/10/2025;03/11/2025;;29,0;;BEATRIZ;;SIM;Conciliado;20/11/2025;;;Movimentado;11/11/2025; R$  -   ; R$  5.359,29 ; R$  66.290,79 ;; R$  184.383,87 ;Sem pendencia;Sipel;PAULO JÚNIOR;FERNANDO;12/12/2025;Repostado;Janeiro;2026.0;;Nao;;;JUAZEIRO;76;;;;ESTORNO DE 12 POSTES;;;;BEATRIZ;3;; R$  -   ;JUAZEIRO;14/01/2026;NÃO;ETIQUETA NÃO SIMPLIFICADA;;;;
UTEP;B-1205670;UB-CIND-AV-ENG EDGAR-UNIVERSITARIOS;JUAZEIRO;11/11/2025;12/11/2025;;0,0;;CAIO;;SIM;Conciliado;12/12/2025;Postado;;Movimentado;; R$  -   ; R$  -   ; R$  -   ;; R$  24.428,19 ;Sem pendencia;Coelba;IVONALDO;JUAREZ/GISMÁRIO;15/12/2025;Rejeitada;Janeiro;2026.0;;;;;JUAZEIRO;65;;;;;;;;CAIO;1;; R$  -   ;JUAZEIRO;09/01/2026;SIM;;;;;
UTEP;B-1202754;AC-CIND-RUA-CRISTALINA-MALHADA;JUAZEIRO;12/11/2025;12/11/2025;;0,0;;CAIO;;SIM;Conciliado;12/12/2025;;;Movimentado;; R$  -   ; R$  -   ; R$  -   ;; R$  30.326,38 ;Sem pendencia;Sipel;IVONALDO;JUAREZ;20/12/2025;Rejeitada;Janeiro;2026.0;;;;;JUAZEIRO;64;;;;;;;;CAIO;0;; R$  -   ;JUAZEIRO;;SIM;;;;;
UTEP;B-1195623;RR-CIND-POV-ARUEIRA-RURAL;JUAZEIRO;30/10/2025;10/11/2025;;2,0;;MATEUS;;SIM;Conciliado;18/11/2025;Postado;14/11/2025;Movimentado;18/11/2025; R$  -   ; R$  369,61 ; R$  9.326,59 ;; R$  65.143,01 ;Sem pendencia;Coelba;EDIE JONNES;GISMARIO;28/11/2025;Validado;Janeiro;2026.0;;;;;JUAZEIRO;77;;;;CAVA EM ROCHA COM PERFURATRIZ - KLC ;;;;MATEUS;11;; R$  -   ;JUAZEIRO;08/01/2026;SIM;;;;;
LPT;B-1153460;MP-CIND-RUA-DOS VERMELHOS-RURAL;JUAZEIRO;03/11/2025;01/12/2025;;26,0;;MICHEL;;SIM;Conciliado;09/12/2025;;;Movimentado;; R$  -   ; R$  4.804,88 ; R$  49.004,88 ;; R$  252.443,76 ;Sem pendencia;Coelba;RODRIGUES;PAULO/CARLOS EDUARDO;12/01/2026;Repostado;Janeiro;2026.0;;;;;JUAZEIRO;73;;;;CAVA EM ROCHA COM PERFURATRIZ - KLC (Ana Beatriz);;;;BRUNO;28;;R$ 0,00;JUAZEIRO;15/01/2026;NÃO;;;;;
UTEP;B-1193657;RR-GRUA-FAZ-VERMELHO-RURAL;JUAZEIRO;05/06/2025;03/10/2025;;3,0;;BEATRIZ;;SIM;Conciliado;;;;Movimentado;25/11/2025; R$  15.463,30 ; R$  554,41 ; R$  22.146,70 ;; R$  255.026,24 ;Sem pendencia;Sipel;ALAN ;CARLOS LINHA VIVA;06/01/2026;Rejeitada;Janeiro;2026.0;;Nao;;;JUAZEIRO;120;;;;BC - VERIFICAR REJEIÇÃO COM O AR;;;;BEATRIZ;;; R$  -   ;JUAZEIRO;06/01/2026;NÃO;ETIQUETA NÃO SIMPLIFICADA;;;;
UTEP;B-1212958;AC-CIND-POV-PROJETO CURACA-RURAL;JUAZEIRO;27/10/2025;27/10/2025;;2,0;;CAIO;;SIM;Conciliado;12/12/2025;;;Movimentado;; R$  -   ; R$  369,61 ; R$  3.769,61 ;; R$  46.341,03 ;Sem pendencia;Coelba;EDIE JONNES;JUAREZ;20/12/2025;Repostado;Janeiro;2026.0;;;;;JUAZEIRO;80;;;;;;;;LUCAS;0;; R$  -   ;JUAZEIRO;13/01/2026;SIM;;;;;
UTEP;B-1187735;AC-CIND-AV-BARAO DO RIO B-QUADRA 19;REMANSO;10/10/2025;04/12/2025;;1,0;;BRUNO;;SIM;Conciliado;20/12/2025;;;Movimentado;; R$  -   ; R$  184,80 ; R$  6.145,02 ;; R$  55.020,71 ;Sem pendencia;Coelba;PAULO JÚNIOR;SILVONEY;10/01/2026;Rejeitada;Janeiro;2026.0;;;;;JUAZEIRO;97;;;;;;;;BRUNO;55;; R$  -   ;REMANSO;;SIM;;;;;
;B-1236391;MD-CIND-RUA-DOS VERMELHOS-RURAL;JUAZEIRO;03/11/2025;01/12/2025;;;;MICHEL;;SIM;Conciliado;;;;Movimentado;;;;;;;Movimentaçao;Coelba;RODRIGUES;PAULO/CARLOS EDUARDO;12/01/2026;Repostado;Janeiro;2026.0;;;;;JUAZEIRO;73;;;;;;;;BRUNO;28;;;JUAZEIRO;15/01/2026;SIM;;;;;
;B-1236290;KT-CIND-RUA-DOS VERMELHOS-RURAL;JUAZEIRO;03/11/2025;01/12/2025;;;;MICHEL;;SIM;Conciliado;;;;Movimentado;;;;;;;Sem pendencia;Coelba;RODRIGUES;PAULO/CARLOS EDUARDO;12/01/2026;Repostado;Janeiro;2026.0;;;;;JUAZEIRO;73;;;;;;;;BRUNO;28;;;JUAZEIRO;15/01/2026;SIM;;;;;
UTEP;B-1221999;IT-GRUA-POV-ITAPERA 1888-RURAL;JUAZEIRO;29/11/2025;02/12/2025;;3,0;;GUILHERME;;SIM;Conciliado;10/12/2025;;;Movimentado;08/12/2025; R$  5.467,23 ; R$  554,41 ; R$  11.412,66 ;; R$  34.476,16 ;Sem pendencia;Coelba;SANTIAGO;JACSON;13/01/2026;Validado;Janeiro;2026.0;;;;;JUAZEIRO;47;;;;;;;;BEATRIZ;3;;R$ 0,00;JUAZEIRO;;SIM;;;;;
UTEP;B-1227157;UB-CIND-ROD-JUAZEIRO SOBRADIN 11-A-D J R;JUAZEIRO;08/12/2025;11/12/2025;;7,0;;GUILHERME;;NÃO;Conciliado;06/01/2026;;;Movimentado;17/12/2025; R$  2.845,83 ; R$  1.293,62 ; R$  16.911,04 ;; R$  63.353,09 ;Sem pendencia;Coelba;IVONALDO;NELSON;14/01/2026;Validado;Janeiro;2026.0;;;;;JUAZEIRO;38;;;;;;;;BEATRIZ;3;;;JUAZEIRO;;;;;;;
UTEP;B-1146807;NT-RECOND-SBO-01S4-D134830-Q023936;SOBRADINHO;03/11/2025;07/11/2025;;2,0;;GUILHERME;;SIM;Conciliado;;;;Movimentado;16/12/2025; R$  5.815,37 ; R$  369,61 ; R$  12.018,90 ;; R$  232.035,54 ;Sem pendencia;Coelba;ANDERSON;RICARDO MNT;14/01/2025;Validado;Janeiro;2026.0;;;;;JUAZEIRO;73;;;;;;;;BEATRIZ;4;;R$ 0,00;JUAZEIRO;;SIM;;;;;
UTEP;B-1081812;AC-CIND-CO-COLINA DO RIO-PEDRA DO LORD;JUAZEIRO;09/12/2025;11/12/2025;;2,0;;BRUNO;;SIM;Conciliado;16/12/2025;;;Criaçao;17/12/2025; R$  1.939,88 ;369,606; R$  8.958,44 ;; R$  17.051,80 ;Sem pendencia;Coelba;IVONALDO;NELSON;14/01/2026;Postado;Janeiro;2026.0;;;;;JUAZEIRO;37;;;;;;;;BEATRIZ;2;;R$ 0,00;JUAZEIRO;;SIM;;;;;
UTEP;B-1216145;ER-CIND-POV- ITAMOTINGA-JUAZEIRO;JUAZEIRO;11/12/2025;30/12/2025;;1,0;;BRUNO;;SIM;Conciliado;07/01/2026;;;Almoxarifado;;;184,803; R$  4.850,61 ;; R$  40.176,18 ;Sem pendencia;Coelba;IVONALDO;NELSON;;Postado;Janeiro;2026.0;;;;;JUAZEIRO;35;;;;;;;;LUCAS;19;;;JUAZEIRO;;SIM;;;;;
UTEP;B-1214081;UB-CIND-RUA-3-PALMARES;JUAZEIRO;20/12/2025;30/12/2025;;7,0;;BRUNO;;SIM;Conciliado;07/01/2026;;;Movimentado;;;1293,621; R$  6.922,26 ;; R$  25.999,01 ;Sem pendencia;Coelba;IVONALDO;JOSÉ DA SILVA;;Postado;Janeiro;2026.0;;;;;JUAZEIRO;26;;;;;;;;LUCAS;10;;;JUAZEIRO;;NÃO;;;;;
UTEP;B-1218769;ME-COEL-POV-AZULAO-ALTO DA BELA VISTA;JUAZEIRO;29/11/2025;04/12/2025;;6,0;;GUILHERME;;SIM;Conciliado;;Solicitado;10/12/2025;;; R$  -   ; R$  1.108,82 ; R$  11.308,82 ;; R$  828.251,14 ;Em fechamento;Sipel;ANDERSON;MANUTENÇÃO;;Não postado;Não Postado;2026.0;;;;;JUAZEIRO;;;;;RESOLVER FECHAMENTO COM DEBORAH;;;;GUILHERME;;;R$ 0,00;JUAZEIRO;;NÃO;;;;47;5,0
LPT;B-1137111;RR-CCOL-POV-MASSAPE-RURAL-BOQUEIRAO;JUAZEIRO;29/08/2025;16/09/2025;;17,0;;MICHEL;;SIM;Edição As Built;;Edição do Relatório;29/09/2025;;; R$  -   ; R$  3.141,65 ; R$  32.041,65 ;; R$  115.345,67 ;Cadastro, Criação de reservas;Sipel;ANDERSON;PEDRO BATISTA;;Não postado;Não Postado;2026.0;;;;;JUAZEIRO;;;;;;;;;BEATRIZ;;;R$ 0,00;JUAZEIRO;;NÃO;ETIQUETA NÃO SIMPLIFICADA;;;139;18,0
;B-1062523;UB-CIND-ROD-235 KM-CENTRO;CASA NOVA;05/11/2022;;;;;PEND AS BUILT;;NÃO;;;;;;; R$  -   ; R$  -   ; R$  -   ;; R$  15.343,44 ;"""Sem """"as built""""""";Sipel;PAULO JÚNIOR;;;Não postado;Não Postado;2026.0;;;;;JUAZEIRO;;;;;;;;;PEND AS BUILT;;;R$ 0,00;REMANSO;;SIM;;;;1167;-44870,0
UTEP;B-1157282;AL 06-NOVA TOUR O - CONSTRU  O 1 3;JUAZEIRO;03/04/2025;03/04/2025;;1,0;;RUBEM;;SIM;Conciliado;;;;;; R$  -   ; R$  184,80 ; R$  3.386,98 ;; R$  16.010,92 ;Em fechamento;Sipel;SANTIAGO;RODRIGUES / IVONALDO;;Não postado;Não Postado;2026.0;;Nao;;;JUAZEIRO;;;;;;;;;CLEITISVAL;;;R$ 0,00;JUAZEIRO;;NÃO;ETIQUETA NÃO SIMPLIFICADA;;;287;0,0
UTEP;B-1175575;"""AC-CIND-POV-LAGOA GRANDE-RURAL";SOBRADINHO;16/10/2025;24/10/2025;;5,0;;MATEUS;;SIM;Conciliado;10/11/2025;Postado;29/10/2025;Almoxarifado;08/12/2025; R$  -   ; R$  924,02 ; R$  28.862,73 ;; R$  65.538,78 ;Movimentaçao;Sipel;EDIE JONNES;JUAREZ/GISMARIO/IVONALDO;;Não postado;Não Postado;2026.0;;;;;JUAZEIRO;;;;;Reserva Excluída do CES - Pendente no SAP desde 30.10;;;;MATEUS;;;R$ 0,00;JUAZEIRO;;SIM;;;;91;8,0
UTEP;B-1149015;IE-BANCO CAPACITOR-MND-01N3;CASA NOVA;31/10/2025;11/11/2025;;1,0;;BEATRIZ;;SIM;Em Desenho;;Solicitado;17/11/2025;;; R$  -   ; R$  184,80 ; R$  1.884,80 ;; R$  56.377,64 ;Cadastro;Sipel;ANDERSON;PEPEU;;Não postado;Não Postado;2026.0;;;;;JUAZEIRO;;;;;;;;;BEATRIZ;;;R$ 0,00;JUAZEIRO;;SIM;;;;76;11,0
UTEP;B-1101591;IT-GRUA-FAZ-PROJETO NILO COELH-RURAL-MOD;CASA NOVA;07/08/2025;07/08/2025;;168,0;;MATEUS;;SIM;Conciliado;03/10/2025;;;Movimentado;08/12/2025; R$  35.585,14 ; R$  -   ; R$  (269.794,83);; R$  3.149.113,54 ;Dados Coelba;Sipel;SANTIAGO ;FERNANDO / FABIO;;Não postado;Não Postado;2026.0;;;;;JUAZEIRO;;;;;RETORNO COM OS DEMAIS CODIGOS DE SERVIÇO PRA PAGAMENTO DAS SUCATAS ;;;;MATEUS;;;R$ 454.601,90;REMANSO;;NÃO;ETIQUETA NÃO SIMPLIFICADA;;;161;0,0
UTEP;B-1190871;IE-RELIGADOR-PDB-01P3-T18756;CURAÇÁ;20/11/2025;04/12/2025;;1,0;;MATEUS;;SIM;Conciliado;11/12/2025;;;Almoxarifado;16/12/2025; R$  -   ; R$  184,80 ; R$  1.637,20 ;; R$  110.238,83 ;Movimentaçao;Sipel;ANDERSON;PEDRO LINO;;Não postado;Não Postado;2026.0;;;;;JUAZEIRO;;;;;;;;;MATEUS;;;R$ 0,00;JUAZEIRO;;SIM;;;;56;14,0
MLH;B-1175928;IE - CJ DE MEDI  O - D005912;JUAZEIRO;01/03/2025;01/10/2025;;3,0;;MATEUS;;NÃO;Conciliado;02/12/2025;;;Almoxarifado;08/12/2025; R$  -   ; R$  554,41 ; R$  5.654,41 ;; R$  207.307,57 ;Movimentaçao;Sipel;ANDERSON;GISMARIO;;Não postado;Não Postado;2026.0;;Nao;;;JUAZEIRO;;;;;PENDENTE CRIAÇÃO DO CIA DOS CJ DE MEDIÇÕES - COBRADO VIA EMAIL;;;;MATEUS;;;R$ 0,00;JUAZEIRO;;SIM;APROVADA;;LV - SIPEL;320;214,0
UTEP;B-1144762;SE UAU 34 5 13 8KV;UAUÁ;06/11/2025;04/12/2025;;5,0;;GUILHERME;;SIM;;;;;;; R$  -   ; R$  924,02 ; R$  9.424,02 ;; R$  217.284,17 ;Fechamento não iniciado;Sipel;ANDERSON;PEDRO LINO;;Não postado;Não Postado;2026.0;;;;;JUAZEIRO;;;;;;;;;BEATRIZ;;;R$ 0,00;JUAZEIRO;;SIM;;;;70;28,0
UTEP;B-1166448;RU-CIND-AV-1-QDL-N33-DISTRITO INDUSTRIAL;JUAZEIRO;09/09/2025;01/10/2025;;0,0;;GUILHERME;;SIM;Em Desenho;;;;Criaçao;14/01/2025; R$  -   ;; R$  -   ;; R$  10.018,73 ;Cadastro, Movimentaçao;Sipel;ANDERSON;RICARDO LINHA VIVA;;Não postado;Não Postado;2026.0;;;;;JUAZEIRO;;;;;;;;;BEATRIZ;;;R$ 0,00;JUAZEIRO;;SIM;APROVADA;;;128;22,0
UTEP;B-1149130;IE-BANCO CAPACITOR-MND-01N4;CASA NOVA;04/11/2025;11/11/2025;;1,0;;BEATRIZ;;SIM;Em Desenho;;Edição do Relatório;12/11/2025;;; R$  -   ; R$  184,80 ; R$  1.884,80 ;; R$  74.119,47 ;Cadastro;Sipel;ANDERSON;PEDRO LINO;;Não postado;Não Postado;2026.0;;;;;JUAZEIRO;;;;;CAVA EM ROCHA COM PERFURATRIZ - KLC;;;;BEATRIZ;;;R$ 0,00;JUAZEIRO;;SIM;;;;72;7,0
UTEP;B-1204645;AC-CIND-ROD-BA 210-DISTRITO INDUSTRIAL;JUAZEIRO;03/10/2025;06/10/2025;;1,0;;BRUNO;;SIM;Em Processo;14/11/2025;Criação;;Criaçao;; R$  -   ; R$  184,80 ; R$  1.884,80 ;; R$  37.972,13 ;Cadastro, Erro no GSE;Coelba;ANDERSON;PEDRO LINO;;Não postado;Não Postado;2026.0;;;;;JUAZEIRO;;;;;ERRO DO GSE, CURTO CIRCUITO, AGUARDANDO RETORNO SUPORTE GSE;;;;BRUNO;;;R$ 0,00;JUAZEIRO;;SIM;;;;104;3,0
UTEP;B-1058100;AC-CIND-POV-PONTA DA SERRA-RURAL;REMANSO;15/11/2025;25/11/2025;;427,0;;RUBEM;;SIM;Postagem Final;29/12/2025;;;;;;78910,881; R$  307.903,86 ;; R$  4.196.875,71 ;Movimentaçao, Cadastro;Sipel;RUBEM;GISMAILTON, LUIZ CARLOS, DEIVID;;Não postado;Não Postado;2026.0;;;;;JUAZEIRO;;;;;;;;;BEATRIZ;;;R$ 496.907,02;REMANSO;;NÃO;;;;61;10,0
UTEP;B-1188323;UB-CIND-AV-GUISEPP MUCCINI-ARGEMIRO;JUAZEIRO;08/05/2025;01/07/2025;;0,0;;MATEUS;;SIM;Edição As Built;;;;;; R$  -   ; R$  -   ; R$  -   ;; R$  6.354,88 ;Dados Coelba, Informaçoes de campo;Sipel;EDIE JONNES;CARLOS LINHA VIVA;;Não postado;Não Postado;2026.0;;Nao;;;JUAZEIRO;;;;;Projeto composto por três interligações. As duas primeiras etapas encontram-se concluídas. Para viabilizar a execução da terceira, correspondente ao escopo do projeto em questão, é imprescindível a finalização da incorporação da segunda etapa, pendência sob responsabilidade da Coelba - POSTAR ATÉ O DIA 17/09 - OBRA NOTIFICADA;;;;MATEUS;;;R$ 0,00;JUAZEIRO;;NÃO;ETIQUETA NÃO SIMPLIFICADA;;;252;54,0
UTEP;B-1201831;AC-CIND-AV-SEBASTIAO ALMEIDA B-PEDRA D L;JUAZEIRO;26/11/2025;27/11/2025;;3,0;;GUILHERME;;SIM;;;;;;;;554,409; R$  5.654,41 ;; R$  71.602,80 ;Fechamento não iniciado;Sipel;IVONALDO;JUAREZ;;Não postado;Não Postado;2026.0;;;;;JUAZEIRO;;;;;;;;;LUCAS;;;;JUAZEIRO;;SIM;;;;50;1,0
UTEP;B-1195955;ER-CIND-POV-MARIA PRETA 200-MARIA PRETA;UAUÁ;17/10/2025;20/10/2025;;6,0;;GUILHERME;;SIM;Reprovado;08/11/2025;Postado;28/10/2025;Consistindo;06/11/2005; R$  4.860,84 ; R$  1.108,82 ; R$  24.878,31 ;; R$  79.693,50 ;Informaçoes de campo;Sipel;EDIE JONNES;JUAREZ/GISMARIO;;Não postado;Não Postado;2026.0;;;;;JUAZEIRO;;;;; Pendente correção de estrutura em campo  ;;;;GUILHERME;;;R$ 0,00;JUAZEIRO;;NÃO;;;;90;3,0
UTEP;B-1217996;IT-CIND-RUA-CINCO-CENTRO ;JUAZEIRO;13/09/2025;30/09/2025;;6,0;;BRUNO;;SIM;Conciliado;18/12/2025;;;Criaçao;; R$  -   ; R$  1.108,82 ; R$  11.308,82 ;; R$  69.318,59 ;Movimentaçao;Sipel;ANDERSON;PEDRO BATISTA;;Não postado;Não Postado;2026.0;;;;;JUAZEIRO;;;;; MOVIMENTAÇÃO RESERVA.;;;;BRUNO;;;R$ 0,00;JUAZEIRO;;NÃO;;;;124;17,0
UTEP;B-1201007;AC-CIND-RUA-S 1-CENTRO-PILAO ARCADO;PILÃO ARCADO;27/11/2025;04/12/2025;;2,0;;BRUNO;;SIM;Solicitado;09/01/2025;;;;; R$  -   ; R$  369,61 ; R$  3.769,61 ;; R$  90.333,88 ;Cadastro, Em fechamento;Sipel;PAULO JR;AILTON;;Não postado;Não Postado;2026.0;;;;;JUAZEIRO;;;;;;;;;BRUNO;;;R$ 0,00;REMANSO;;SIM;;;;49;7,0
UTEP;B-1204135;UB-CIND-RUA-DOS COQUEIROS-QUADRA 14;REMANSO;19/11/2025;04/12/2025;;2,0;;MATEUS;;SIM;Conciliado;10/12/2025;;;Almoxarifado;08/12/2025; R$  -   ; R$  369,61 ; R$  4.699,93 ;; R$  11.745,13 ;Movimentaçao;Sipel;ANDERSON;MANUTENÇÃO;;Não postado;Não Postado;2026.0;;;;;JUAZEIRO;;;;;;;;;BEATRIZ;;;R$ 0,00;REMANSO;;SIM;;;;57;15,0
UTEP;B-1210327;ER-CIND-POV-CAITITUS-CAITITUS;UAUÁ;19/11/2025;24/11/2025;;20,0;;GUILHERME;;SIM;Conciliado;11/12/2025;Solicitado;08/12/2025;Almoxarifado;08/12/2025; R$  3.588,03 ; R$  3.696,06 ; R$  51.596,75 ;; R$  195.508,99 ;Movimentaçao;Sipel;RODRIGUES;DOMINGOS;;Não postado;Não Postado;2026.0;;;;;JUAZEIRO;;;;;PENDENTE CONFECÇÃO DO RELATORIO DE PODA;;;;BRUNO;;;R$ 0,00;JUAZEIRO;;NÃO;;;;57;5,0
;B-1063322;IT-CIND-ROD-BR 235-TANCREDO NEVES;JUAZEIRO;30/08/2022;05/12/2025;;1,0;;HELOIZA;;SIM;Reprovado;12/12/2025;;;Criaçao;08/12/2025; R$  -   ; R$  184,80 ; R$  1.884,80 ;; R$  9.546,36 ;Conciliação, Informaçoes de campo;Sipel;IVONALDO;;;Não postado;Não Postado;2026.0;;;;;JUAZEIRO;;;;;Instalar Placa em campo e cadastrar no sistema;;;;HELOIZA;;;R$ 0,00;JUAZEIRO;;SIM;;;;1234;1193,0
LPT;B-1173964;RR-CIND-POV-SALINA GRANDE-RURAL;REMANSO;25/11/2025;27/11/2025;;234,0;;JORGE;;SIM;Conciliado;5/1/2026;;;;;;43243,902; R$  441.043,90 ;;;Movimentaçao;Sipel;JORGE;JORGE;;Não postado;Não Postado;2026.0;;;;;JUAZEIRO;;;;;Desconto e Movimentação de Material;;;;JORGE;;;;REMANSO;;NÃO;;;;51;2,0
UTEP;B-1141807;ER-CIND-POV-ENTRONCAMENTO-RECREIO;CASA NOVA;29/09/2025;03/10/2025;;2,0;;BRUNO;;SIM;Conciliado;7/1/2026;;12/01/2025;Criaçao;; R$  -   ; R$  369,61 ; R$  3.769,61 ;; R$  54.390,13 ;Movimentaçao;Sipel;SANTIAGO;IVONALDO/FERNANDO;;Não postado;Não Postado;2026.0;;;;;JUAZEIRO;;;;;PONTOS POSTADOS NO CES;;;;BRUNO;;;R$ 0,00;JUAZEIRO;;SIM;;;;108;4,0
UTEP;B-1063289;AC-CIND-FAZ-S O JOSE-RURAL;CURAÇÁ;15/12/2025;30/12/2025;;3,0;;BRUNO;;SIM;Solicitado;13/01/2025;;;;;;554,409; R$  5.654,41 ;; R$  9.237,91 ;Fechamento não iniciado;Sipel;IVONALDO;NELSON;;Não postado;Não Postado;2026.0;;;;;JUAZEIRO;;;;;;;;;LUCAS;;;;JUAZEIRO;;SIM;;;;31;15,0
UTEP;B-1204826;UB-CCOL-CJN-QD QI-M-TANCREDO NEVES;JUAZEIRO;25/11/2025;27/11/2025;;1,0;;BRUNO;;SIM;Em Processo;02/12/2025;;;;;;184,803; R$  1.884,80 ;; R$  44.244,05 ;Em fechamento;Coelba;IVONALDO;NELSON;;Não postado;Não Postado;2026.0;;;;;JUAZEIRO;;;;;ERRO GSE, CHAMADO IT NOW INC4704465/ AGUARDANDO RETORNO SUPORTE GSE;;;;BRUNO;;;;JUAZEIRO;;SIM;;;;51;2,0
UTEP;B-1033931;RR-CIND-POV-MELANCIA DE CIMA -RURAL;CASA NOVA;03/05/2022;10/11/2025;;5,0;;GUILHERME;;SIM;Edição As Built;;;;;; R$  -   ; R$  924,02 ; R$  9.424,02 ;; R$  32.614,97 ;Em fechamento;Sipel;;;;Não postado;Não Postado;2026.0;;;;;JUAZEIRO;;;;;;;;;BEATRIZ;;;R$ 0,00;REMANSO;;SIM;;;;1353;1287,0
UTEP;B-1177271;RR-GRUA-POV-CURACA EB 06 KM085-RURAL;CURAÇÁ;05/12/2025;15/12/2025;;6,0;;GUILHERME;;SIM;Em Desenho;22/12/2025;;;;; R$  -   ;1108,818; R$  11.308,82 ;; R$  910.926,11 ;Em fechamento, Cadastro;Sipel;ANDERSON;PEDRO LINO/ITALO;;Não postado;Não Postado;2026.0;;;;;JUAZEIRO;;;;;;;;;MATEUS;;;R$ 0,00;JUAZEIRO;;NÃO;;;;41;10,0
UTEP;B-1227534;ER-CIND-ROD-BR 349 -RURAL;CASA NOVA;29/11/2025;01/12/2025;;0,0;;GUILHERME;;SIM;Em Desenho;;;;Criaçao;15/01/2025; R$  -   ; R$  -   ; R$  -   ;; R$  15.548,70 ;Cadastro, Criação de reservas;Sipel;SANTIAGO;NELSON;;Não postado;Não Postado;2026.0;;;;;JUAZEIRO;;;;;;;;;BRUNO;;;R$ 0,00;REMANSO;;SIM;;;;47;2,0
UTEP;B-1095451;AC-CIND-POV HORTO DO SALITRE-RURAL;JUAZEIRO;08/12/2025;11/12/2025;;2,0;;MATEUS;;SIM;Reprovado;7/1/2026;;;Almoxarifado;20/12/2025; R$  -   ;428,954; R$  9.364,15 ;; R$  72.116,08 ;Movimentaçao, Conciliação;Sipel;IVONALDO;JUAREZ;;Não postado;Não Postado;2026.0;;;;;JUAZEIRO;;;;;;;;;MATEUS;;;R$ 0,00;JUAZEIRO;;SIM;;;;38;3,0
UTEP;B-1206973;RR-GRUA-FAZ-JURITI-RURAL-CURACA;CURAÇÁ;09/12/2025;15/12/2025;;3,0;;GUILHERME;;SIM;Edição As Built;19/12/2025;;;;;; R$  554,41 ; R$  5.654,41 ;; R$  84.188,49 ;Fechamento não iniciado;Sipel;ANDERSON;PEDRO LINO;;Não postado;Não Postado;2026.0;;;;;JUAZEIRO;;;;;;;;;MATEUS;;;;JUAZEIRO;;SIM;;;;37;6,0
;B-1026278;AL - INTERLIG REMANSO - RMN 01Z1 01Z2;REMANSO;27/10/2021;10/11/2025;;4,0;;GUILHERME;;SIM;Edição As Built;;;;;; R$  -   ; R$  739,21 ; R$  7.539,21 ;; R$  30.339,39 ;Fechamento não iniciado;Sipel;;;;Não postado;Não Postado;2026.0;;;;;JUAZEIRO;;;;;;;;;BEATRIZ;;;R$ 0,00;REMANSO;;SIM;;;;1541;1475,0
UTEP;B-1161869;ER-CIND-FAZ-MASSAYO -RURAL;JUAZEIRO;16/12/2025;30/12/2025;;2,0;;BRUNO;;SIM;Em Processo;08/01/2026;;;Almoxarifado;;;369,606; R$  3.769,61 ;; R$  362.692,55 ;Cadastro, Movimentaçao;Sipel;IVONALDO;JUAREZ;;Não postado;Não Postado;2026.0;;;;;JUAZEIRO;;;;;;;;;LUCAS;;;;JUAZEIRO;;SIM;;;;30;14,0
;B-1214696;PR-PREF-PR -GILSON V DE CASTRO-9999 --G;CASA NOVA;;;;;;PEND AS BUILT;;NÃO;;;;;;;;0; R$  -   ;;;"""Sem """"as built""""""";Sipel;;;;Não postado;Não Postado;2026.0;;;;;JUAZEIRO;;;;;;;;;PEND AS BUILT;;;;REMANSO;;SIM;;;;15/01/2026;0,0
UTEP;B-1116690;EQ-GRUA-FAZ-NILO COELHO-RURAL -COMPL;CASA NOVA;18/11/2025;04/12/2025;;0,0;;MATEUS;;SIM;Edição As Built;;;;;; R$  -   ; R$  -   ; R$  -   ;; R$  207.449,70 ;Informaçoes de campo;Sipel;ANDERSON;PAULO ORCA;;Não postado;Não Postado;2026.0;;;;;JUAZEIRO;;;;;FALTA DE INFORMAÇÃO DOS RELIGADORES DO PROJETO - COBRADO VIA EMAIL DIA 20/12;;;;MATEUS;;;R$ 0,00;REMANSO;;SIM;;;;58;16,0
UTEP;B-1222325;AC-CIND-LOT-N SRA DAS GROTAS-QUIDE;JUAZEIRO;22/12/2025;30/12/2025;;2,0;;BRUNO;;SIM;;;;;Movimentado;;;369,606; R$  4.850,61 ;; R$  54.616,65 ;Fechamento não iniciado;Sipel;IVONALDO;NELSON;;Não postado;Não Postado;2026.0;;;;;JUAZEIRO;;;;;;;;;LUCAS;;;;JUAZEIRO;;SIM;;;;24;8,0
UTEP;B-1226976;ER-CIND-POV-BARRA-RURAL;CASA NOVA;22/12/2025;24/12/2025;;7,0;;BRUNO;;SIM;;10/01/2025;;;;;;1293,621; R$  13.193,62 ;; R$  79.875,63 ;Fechamento não iniciado;Sipel;EDIE JONNES;FÁBIO;;Não postado;Não Postado;2026.0;;;;;JUAZEIRO;;;;; ;;;;LUCAS;;;;REMANSO;;NÃO;;;;24;2,0
UTEP;B-1225040;RC-PREF-TRV-DA MARAVILHA-ALAGADICO;JUAZEIRO;05/11/2025;20/11/2025;;1,0;;CAIO;;SIM;;;;;;; R$  -   ; R$  184,80 ; R$  1.884,80 ;; R$  7.322,84 ;Fechamento não iniciado;Sipel;IVONALDO;JUAREZ;;Não postado;Não Postado;2026.0;;;;;JUAZEIRO;;;;;;;;;CAIO;;;R$ 0,00;JUAZEIRO;;SIM;;;;71;15,0
UTEP;B-1233696;RC-GOVE-ROD-BR 020-CENTRO;CAMPO ALEGRE DE LOURDES;18/12/2025;;;2,0;;PEND AS BUILT;;NÃO;;;;;;;;369,606; R$  3.769,61 ;; R$  36.631,67 ;"""Sem """"as built""""""";Sipel;SANTIAGO;JACSON;;Não postado;Não Postado;2026.0;;;;;JUAZEIRO;;;;;;;;;PEND AS BUILT;;;;REMANSO;;SIM;;;;28;-46009,0
UTEP;B-1225553;ER-CIND-FAZ MATIAIS DA ROCHA-SAO MATEUS;CURAÇÁ;13/11/2025;21/11/2025;;3,0;;CAIO;;SIM;Conciliado;10/01/2025;;;;; R$  -   ; R$  554,41 ; R$  5.654,41 ;; R$  36.000,92 ;Em fechamento;Sipel;RODRIGUES;DOMINGOS/PAULO;;Não postado;Não Postado;2026.0;;;;;JUAZEIRO;;;;;;;;;CAIO;;;R$ 0,00;JUAZEIRO;;SIM;;;;63;8,0
UTEP;B-1177841;IS-COEL-AV-AGUAS BELAS-MALHADA DA AREIA;JUAZEIRO;18/12/2025;30/12/2025;;7,0;;GUILHERME;;SIM;;;;;;;; R$  1.293,62 ; R$  13.193,62 ;; R$  44.928,00 ;Fechamento não iniciado;Sipel;IVONALDO;NELSON;;Não postado;Não Postado;2026.0;;;;;JUAZEIRO;;;;;;;;;BEATRIZ;;;;JUAZEIRO;;NÃO;;;;28;12,0
UTEP;B-1189586;ER-CIND-POV-FAZ SERRA DA ESPERANCA-RURAL;CASA NOVA;15/12/2025;17/12/2025;;0,0;;CAIO;;SIM;Conciliado;07/01/2026;;;;;;0; R$  -   ;; R$  17.436,33 ;Movimentaçao;Sipel;EDIE JONNES;NELSON;;Não postado;Não Postado;2026.0;;;;;JUAZEIRO;;;;;As Built no Grupo do WhatsApp;;;;CAIO;;;;JUAZEIRO;;SIM;;;;31;2,0
UTEP;B-1146131;AC-REGFV-CCOL-POV DESTERRO-CAI ARA-III;CASA NOVA;20/12/2025;24/12/2026;;248,0;;RUBEM;;SIM;Edição As Built;;;;;;;45831,144; R$  39.344,59 ;; R$  2.463.892,39 ;Em fechamento;Sipel;PAULO JR;SILVONEY;;Não postado;Não Postado;2026.0;;;;;JUAZEIRO;;;;;;;;;RUBEM;;;R$ 428.086,55;REMANSO;;NÃO;;;;26;369,0
UTEP;B-1146090;ME REFO ADF MP CIND POV XIQUE XIQUE RR;CASA NOVA ;22/12/2025;;;8,0;;PEND AS BUILT;;NÃO;;;;;;;;1478,424; R$  15.078,42 ;; R$  115.940,06 ;"""Sem """"as built""""""";Sipel;PAULO JR;FERNANDO;;Não postado;Não Postado;2026.0;;;;;JUAZEIRO;;;;;;;;;PEND AS BUILT;;;;JUAZEIRO;;NÃO;;;;24;-46013,0
UTEP;B-1201544;ER-CIND-SI-STA LUZIA-RR-SAO LUIZ;CASA NOVA;16/12/2025;17/12/2025;;2,0;;CAIO;;SIM;;;;;;;;369,606; R$  3.769,61 ;; R$  34.534,35 ;Fechamento não iniciado;Sipel;SANTIAGO;FÁBIO;;Não postado;Não Postado;2026.0;;;;;JUAZEIRO;;;;;Pontos no Grupo do WhatsApp;;;;CAIO;;;;JUAZEIRO;;SIM;;;;30;1,0
UTEP;B-1227190;ER-CIND-POV-ALGODAO VELHO-RURAL;SOBRADINHO;22/12/2025;30/12/2025;;15,0;;GUILHERME;;SIM;Solicitado;13/01/2026;Postado;;Almoxarifado;07/01/2026;; R$  2.772,05 ; R$  39.785,05 ;; R$  132.068,12 ;Movimentaçao, Conciliação;Sipel;EDIE JONNES;GISMAILTON;;Não postado;Não Postado;2026.0;;;;;JUAZEIRO;;;;; Pontos no Grupo do WhatsApp - Fechamento - Sipel - Postado(dia 22.12) ;;;;LUCAS;;;;JUAZEIRO;;NÃO;;;;24;8,0
;B-1232883;UB-CIND-LOT-SALVADOR PEREIRA LIMA-SALVAD;CURAÇÁ;17/12/2025;19/12/2025;;1,0;;CAIO;;SIM;Solicitado;09/01/2026;;;;;;184,803; R$  1.884,80 ;; R$  6.955,97 ;Em fechamento;Sipel;MICHEL;ANTONIO BARBOSA;;Não postado;Não Postado;2026.0;;;;;JUAZEIRO;;;;;;;;;CAIO;;;;JUAZEIRO;;SIM;;;;29;2,0
UTEP;B-1042855;AC CIND-POV-BAIXAO DOS CABLOCOS RURAL;CASA NOVA;23/12/2025;23/12/2025;;65,0;;MICHEL;;SIM;Edição As Built;;;;;;;12012,195; R$  34.984,12 ;; R$  349.602,34 ;Fechamento não iniciado;Sipel;PAULO JR;FERNANDO;;Não postado;Não Postado;2026.0;;;;;JUAZEIRO;;;;;;;;;BEATRIZ;;;R$ 87.528,08;JUAZEIRO;;NÃO;;;;23;0,0
UTEP;B-1044215;AC-CIND-POV-BREJO DE DENTRO-RURAL;SOBRADINHO;23/12/2025;24/12/2025;;11,0;;GUILHERME;;SIM;Em Desenho;;Solicitado;;Criaçao;12/11/2025;; R$  2.032,83 ; R$  37.702,39 ;; R$  70.878,43 ;Relatorio de Evidencias, Cadastro, Movimentaçao;Sipel;EDIE JONNES;GISMAILTON;;Não postado;Não Postado;2026.0;;;;;JUAZEIRO;;;;;;;;;BEATRIZ;;;;JUAZEIRO;;NÃO;;;;23;1,0
UTEP;B-1161341;MP CIND POV RIACHO DO SOBRADO RURAL;CASA NOVA;24/12/2025;24/12/2025;;35,0;;MICHEL;;SIM;Em Desenho;;;;;;;6468,105; R$  25.977,01 ;; R$  401.370,11 ;Movimentaçao;Sipel;EDIE JONNES;FABIO;;Não postado;Não Postado;2026.0;;;;;JUAZEIRO;;;;;;;;;BEATRIZ;;;R$ 39.991,10;JUAZEIRO;;NÃO;;;;22;0,0
UTEP;B-1170764;ME-COEL-RUA-PAULO MACHADO -357;UAUÁ;23/12/2025;12/01/2026;;17,0;;GUILHERME;;SIM;;;;;;;; R$  3.141,65 ; R$  32.041,65 ;; R$  219.760,83 ;Fechamento não iniciado;Sipel;RODRIGUES;CARLOS;;Não postado;Não Postado;2026.0;;;;;JUAZEIRO;;;;; Pontos no Grupo do WhatsApp - Fechamento - Sipel - Postado(dia 12.01) ;;;;LUCAS;;;;JUAZEIRO;;NÃO;;;;23;20,0
UTEP;B-1228689;UB-CIND-RUA-B-J ESPLANADA;REMANSO;23/12/2025;26/12/2025;;3,0;;CAIO;;SIM;Solicitado;08/01/2026;;;;;;554,409; R$  5.654,41 ;;;Em fechamento;Sipel;MICHEL;CARLOS LIMA;;Não postado;Não Postado;2026.0;;;;;JUAZEIRO;;;;;;;;;CAIO;;;;REMANSO;;SIM;;;;23;3,0
UTEP;B-0994094;MP-CIND-POV LAGOA DO BENEDITO- LAGOA;PILÃO ARCADO;27/12/2025;05/12/2025;;163,0;;MICHEL;;SIM;Em Desenho;;;;;;;30122,889; R$  164.854,73 ;; R$  500.351,22 ;Movimentaçao, Cadastro;Sipel;SANDRO SANTIAGO;JACSON;;Não postado;Não Postado;2026.0;;;;;JUAZEIRO;;;;;;;;;BEATRIZ;;;R$ 142.368,16;REMANSO;;NÃO;;;;19;-22,0
UTEP;B-1225098;ME-COEL-REATOR PG B707030-RMN-09X3;REMANSO;30/12/2025;;;6,0;;PEND AS BUILT;;NÃO;;;;;;;;1108,818; R$  11.308,82 ;; R$  717.487,69 ;"""Sem """"as built""""""";Sipel;SANDRO SANTIAGO;MAURÍCIO;;Não postado;Não Postado;2026.0;;;;;JUAZEIRO;;;;;;;;;PEND AS BUILT;;;;REMANSO;;NÃO;;;;16;-46021,0
UTEP;B-1177187;RR-CIND-POV-SANTANA SOBRADO-RURAL;CASA NOVA;29/12/2025;29/12/2025;;34,0;;MICHEL;;SIM;Solicitado;13/01/2025;;;;;;6283,302; R$  64.083,30 ;; R$ 368.782,83 ;Em fechamento;Sipel;EDIE JONNES;FÁBIO/GISMAILTON/CARLOS EDUARDO;;Não postado;Não Postado;2026.0;;;;;JUAZEIRO;;;;;;;;;BEATRIZ;;;;JUAZEIRO;;NÃO;;;;17;0,0
UTEP;B-1235808;UB-CIND-AV-IRMA DULCE 10-URBANA;JUAZEIRO;06/01/2026;;;1,0;;PEND AS BUILT;;NÃO;;;;;;;;184,803; R$  1.884,80 ;; R$  6.530,01 ;"""Sem """"as built""""""";Sipel;IVONALDO;NELSON;;Não postado;Não Postado;2026.0;;;;;JUAZEIRO;;;;;;;;;PEND AS BUILT;;;;JUAZEIRO;;SIM;;;;9;-46028,0
UTEP;B-1144487;MP CIND POV PAU A PIQUE RURAL;CASA NOVA;06/01/2026;10/01/2026;;46,0;;GUILHERME;;SIM;;;Solicitado;;;;; R$  8.500,94 ; R$  86.700,94 ;; R$  365.357,05 ;Fechamento não iniciado;Sipel;SANTIAGO;PAULO MARCOS;;Não postado;Não Postado;2026.0;;;;;JUAZEIRO;;;;;;;;;GUILHERME;;;;JUAZEIRO;;NÃO;;;;9;4,0
UTEP;B-1198610;ER-CIND-ET-LAD SAO VITOR-RURAL-CASA NOVA;CASA NOVA;10/01/2016;;;5,0;;PEND AS BUILT;;NÃO;;;;;;;;924,015; R$  9.424,02 ;; R$  38.914,97 ;"""Sem """"as built""""""";Sipel;SANDRO SANTIAGO;PAULO MARCOS;;Não postado;Não Postado;2026.0;;;;;JUAZEIRO;;;;;;;;;PEND AS BUILT;;;;JUAZEIRO;;SIM;;;;3658;-42379,0
UTEP;B-1211449;AC-CIND-FAZ-MANICOBA-SISTEMA MANICOBA;JUAZEIRO;10/01/2026;;;2,0;;PEND AS BUILT;;NÃO;;;;;;;;369,606; R$  3.769,61 ;; R$  46.318,08 ;"""Sem """"as built""""""";Sipel;IVONALDO;NELSON;;Não postado;Não Postado;2026.0;;;;;JUAZEIRO;;;;;;;;;PEND AS BUILT;;;;JUAZEIRO;;SIM;;;;5;-46032,0
UTEP;B-1229081;ER-CIND-POV-TANQUE NOVO-RURAL;JUAZEIRO;10/01/2026;;;0,0;;PEND AS BUILT;;NÃO;;;;;;;;0; R$  -   ;; R$  13.387,70 ;"""Sem """"as built""""""";Sipel;IVONALDO;JOSÉ DA SILVA;;Não postado;Não Postado;2026.0;;;;;JUAZEIRO;;;;;;;;;PEND AS BUILT;;;;JUAZEIRO;;SIM;;;;5;-46032,0
UTEP;B-1225155;ME-COEL-POV-AZULAO-ALTO DA BELA VISTA;REMANSO;08/01/2026;;;6,0;;PEND AS BUILT;;NÃO;;;;;;;;1108,818; R$  11.308,82 ;; R$  714.365,22 ;"""Sem """"as built""""""";Sipel;SANDRO SANTIAGO;MAURÍCIO;;Não postado;Não Postado;2026.0;;;;;JUAZEIRO;;;;;;;;;PEND AS BUILT;;;;REMANSO;;NÃO;;;;7;-46030,0
UTEP;B-1235654;ER-CIND-FAZ-MANGA-RIO SALITRE;JUAZEIRO;13/01/2026;;;1,0;;PEND AS BUILT;;NÃO;;;;;;;;184,803; R$  1.884,80 ;; R$  18.227,81 ;"""Sem """"as built""""""";Sipel;IVONALDO NASCIMENTO;JOSÉ DA SILVA;;Não postado;Não Postado;2026.0;;;;;JUAZEIRO;;;;;;;;;PEND AS BUILT;;;;JUAZEIRO;;SIM;;;;2;-46035,0
UTEP;B-1145919;MP CIND POV JUREMA VERMELHA RURAL;JUAZEIRO;15/01/2026;;;16,0;;PEND AS BUILT;;NÃO;;;;;;;;2956,848; R$  30.156,85 ;;;"""Sem """"as built""""""";Sipel;EDIE JONNES;FÁBIO;;Não postado;Não Postado;2026.0;;;;;JUAZEIRO;;;;;;;;;PEND AS BUILT;;;;JUAZEIRO;;NÃO;;;;0;-46037,0
UTEP;B-1184625;ER-CIND-POV-MALVAO-RURAL;CASA NOVA;13/01/2026;;;1,0;;PEND AS BUILT;;NÃO;;;;;;;;184,803; R$  1.884,80 ;; R$ 22.997,31 ;"""Sem """"as built""""""";Sipel;SANDRO SANTIAGO;PAULO MARCOS;;Não postado;Não Postado;2026.0;;;;;JUAZEIRO;;;;;;;;;PEND AS BUILT;;;;JUAZEIRO;;SIM;;;;2;-46035,0
