ID;PROJETO;TITULO;MUNICIPIO;ENERGIZAÇÃO;ENTRADA;DIAS P/ ENTREGA;POSTES;CLIENTES;TECNICO;FECHAMENTO;AS BUILT;GSE;DT. SOL;ATESTO;DT. SOL.1;RESERVAS;DT. SOL.2;VALOR MAO DE OBRA LV;VALOR Á FATURAR DISTRI. DE POSTES;VALOR Á FATURAR LM;VALOR PENDENTE FATURAR;VALOR PROJETO;TIPO PENDENCIA;PENDENCIA;SUPERVISOR;TURMA;DT POSTAGEM;GEOEX;CICLO DE POSTAGEM;ANO;DATA ANALISE;UNITIZADO;TEMPO PARA ACEITE;DA ENTREGA A POSTAGEM;COORD;DIAS;DT. SOLIC;DT. SOLIC.1;DT. SOLIC.2;OBS;EVIDENCIAS;REALIZADO;DT. REALIZADO;ESTAGIÁRIO;DIAS ENTR. FECHA.;DESCRIÇÃO PENDÊNCIA;"VL FATURADO ""MED. PARCIAL""";UTEP;ULTIMA POSTAGEM;OBRAS SIMPLIFICADAS;EVIDENCIAS BOOK;PENDENCIAS;Column 38;DIAS EM FECHAM.;DIAS P/ ENTR. AS BUILT
UTEP;B-1136099;IT-GOVE-RUA-A-SAO MATEUS;BAIXA GRANDE;01/04/2024;19/06/2024;79,0;2,0;;EMILLE;27/05/2025;27/05/2025;PENDENCIA;;Solicitado;28/05/2025;Criaçao;28/05/2025;R$ 1.928,25;R$ 190,34;R$ 3.054,54;R$ 5.173,13;R$ 34.104,67;;Coelba;ETEMILSON/JAILTON;ETEMILSON/JAILTON;21/07/2025;Aceita;Agosto;;30/07/2025;Sim;485;397;JACOBINA;;;;;;;;;;;;;;;;;;;;
UTEP;B-1023330;LD PR-CIND-ANTONIO GER OLIVEIRA-CENTRO;MIGUEL CALMON;30/04/2024;01/05/2024;1,0;10,0;;LARISSA;01/07/2025;01/07/2025;Conciliado;01/07/2025;Aprovado;17/05/2024;Almoxarifado;08/06/2024;R$ 9.342,40;R$ 1.903,40;R$ 24.062,79;R$ 35.308,59;R$ 132.341,25;APTA PARA UNITIZAÇÃO;Coelba;ETEMILSON/ELIEZER;ETEMILSON/ELIEZER;08/07/2025;Aceita;Julho;;11/07/2025;Nao;437;433;JACOBINA;;;;;;;;;;;;;;;;;;;;
UTEP;B-1066925;UB-CIND-RUA-MARIA R OLIVEIRA 22-CENTRO;VÁRZEA NOVA;03/07/2024;09/07/2024;6,0;6,0;;RAFAELLA;25/03/25;25/03/2025;Conciliado;;;;;;R$ 1.849,58;R$ 1.142,04;R$ 14.255,53;R$ 17.247,15;R$ 47.988,21;;Coelba;ETEMILSON/HERMOGENES;ETEMILSON/HERMOGENES;06/05/2025;Aceita;Maio;;9/5/2025;Sim;310;301;JACOBINA;;;;;;;;;;;;;;;;;;;;
UTEP;B-1042793;ER-CIND-POV-AURORA-NOVA CONQUISTA;OUROLANDIA;12/07/2024;15/07/2024;3,0;1,0;;LARISSA;17/07/24;29/07/2024;Conciliado;02/04/2025;;;;;R$ 3.271,05;;R$ 2.014,74;R$ 2.014,74;R$ 18.805,23;;Coelba;ETEMILSON/RODRIGO;ETEMILSON/RODRIGO;16/04/2025;Aceita;Abril;;23/04/2025;Sim;285;275;JACOBINA;;;;;;;;;;;;;;;;;;;;
UTEP;B-1129541;IT-CIND-AV-CENTENARIO-NAZARE;JACOBINA;31/08/2024;02/09/2024;2,0;1,0;;LARISSA;28/05/2025;28/05/2025;DESENHAR ;;PEND FOTOS ;;Criaçao;;R$ 1.943,44;R$ 176,29;R$ 1.372,30;R$ 3.492,03;R$ 17.901,57;Em fechamento;Coelba;;;;A postar;Janeiro;2026.0;12/12/2025;Nao;468;500;JACOBINA;;;;;;;;;;;;;;;;;;;;
UTEP; B-0934349;AC-CIND-PR  DO COMERCIO-CENTRO-CPF;CAMPO FORMOSO;01/10/2025;25/09/2024;-371,0;1,0;;LARISSA;;;DESENHAR ;;;;;;;R$ 190,34;;R$ 0,00;R$ 36.927,55;Informaçaoes de campo;Sipel;ETEMILSON/RODRIGO;ETEMILSON/RODRIGO;;Á fechar;Janeiro;2026.0;;Nao;106;477;JACOBINA;;;;;;;;;;;;;;;;;;;;
UTEP;B-1155769;IT-CIND-RUA-DIVINEIA 9979-CENTRO;SÃO JOSÉ DO JACUÍPE;30/09/2024;03/10/2024;3,0;1,0;;LARISSA;22/10/2024;22/10/2024;Conciliado;27/06/2025;;;Almoxarifado;24/10/2024;R$ 4.608,60;R$ 190,34;R$ 1.524,79;R$ 6.323,73;R$ 11.001,22;APTA PARA UNITIZAÇÃO;Coelba;RENATO/ANTONIO;RENATO/ANTONIO;15/07/2025;Aceita;Julho;;17/07/2025;Nao;290;285;JACOBINA;;;;;;;;;;;;;;;;;;;;
UTEP;B-1121023;IT-CIND-AV-CENTENARIO-NAZARE;JACOBINA;14/11/2024;15/11/2024;1,0;2,0;;LARISSA;22/05/2025;22/05/2025;Conciliado;23/05/2025;Solicitado;22/05/2025;Criaçao;23/05/2025;R$ 4.992,96;R$ 380,68;R$ 3.427,93;R$ 8.801,57;R$ 14.527,96;;Coelba;RENATO/LUCIANO;RENATO/LUCIANO;11/07/2025;Aceita;Julho;;17/7/2025;Sim;245;238;JACOBINA;;;;;;;;;;;;;;;;;;;;
UTEP;B-1093305;RU-CCOL-POV-BAIXA GRANDE 1710-BAIXA GRAN;CAMPO FORMOSO;29/11/2024;30/11/2024;1,0;4,0;;RAFAELLA;20/1/2025;20/1/2025;Conciliado;20/01/2025;Aprovado;;;;R$ 939,52;;R$ 12.000,00;R$ 12.951,25;R$ 21.049,39;;Coelba;ETEMILSON/JAILTON;ETEMILSON/JAILTON;14/4/2025;Aceita;Abril;;17/4/2025;Sim;139;135;JACOBINA;;;;;;;;;;;;;;;;;;;;
UTEP;B-1063373;UB CIND TRV BANCO DO BRASIL CENTRO;JACOBINA;04/12/2024;09/12/2024;5,0;1,0;;RAFAELLA;20/1/2025;20/1/2025;Conciliado;29/01/2025;;;Movimentado;;;;R$ 1.903,00;R$ 1.903,00;R$ 9.046,27;;Coelba;FELIPE/JOSE MIZAEL;FELIPE/JOSE MIZAEL;6/2/2025;Aceita;Fevereiro;;10/2/2025;Sim;68;59;JACOBINA;;;;;;;;;;;;;;;;;;;;
UTEP;B-1160637;FVU-RELIGADOR-MCM-01J1-H70479;MIGUEL CALMON;12/12/2024;15/02/2025;65,0;1,0;;LARISSA;;;;;;;;;R$ 9.702,72;R$ 190,34;R$ 1.416,63;R$ 11.309,69;R$ 93.273,94;APTA PARA UNITIZAÇÃO;Coelba;FELIPE;EDUARDO;10/6/2025;Aceita;Junho;;14/6/2025;Nao;184;115;JACOBINA;;;;;;;;;;;;;;;;;;;;
UTEP;B-1165762;UB-PREF-RUA-JOSE A ALMEIDA-ARROZ;MIGUEL CALMON;12/12/2024;13/12/2024;1,0;1,0;;RAFAELLA;30/1/2025;30/1/2025;Conciliado;;Aprovado;;;;R$ 5.285,49;;R$ 5.251,83;R$ 4.613,89;R$ 48.113,91;;Coelba;DURVAL/EDILSON;DURVAL/EDILSON;1/4/2025;Aceita;Abril;;7/4/2025;Sim;116;109;JACOBINA;;;;;;;;;;;;;;;;;;;;
LPT;B-1161822;MP-CCOL-POV.SALINAS 310-RURAL;VÁRZEA NOVA;13/12/2024;17/12/2024;4,0;27,0;2;RAFAELLA;13/01/2025;10/01/2025;Conciliado;16/01/2025;;;;;R$ 1.498,12;;R$ 52.465,00;R$ 52.230,73;R$ 271.002,42;;Coelba;ETEMILSON/ELIEZER;ETEMILSON/ELIEZER;17/1/2025;Aceita;Março;;6/3/2025;Sim;83;31;JACOBINA;;;;;;;;;;;;;;;;;;;;
LPT;B-1061441;MP-CCOL FAZ ALAGADINHO JUNCO-RURAL;JACOBINA;16/01/25;16/01/2025;0,0;36,0;3;LARISSA;30/01/2025;30/1/2025;Conciliado;;;;;;;;R$ 102.018,00;R$ 102.018,00;R$ 335.748,38;;Coelba;DURVAL;HERMOGENES;15/2/2025;Aceita;Fevereiro;;21/2/2025;Sim;36;30;JACOBINA;;;;;;;;;;;;;;;;;;;;
UTEP;B-1145388;UB-EMBA-RUA-EMERENTINA-SAO LUIZ;CAPIM GROSSO;14/12/2024;15/12/2024;1,0;0,0;;ALEXANDRE;1/3/2025;01/03/2025;Conciliado;01/03/2025;Aprovado;;;;R$ 1.233,30;;R$ 4.551,14;R$ 5.784,44;R$ 14.478,85;;Coelba;RENATO/ANTONIO;RENATO/ANTONIO;12/4/2025;Aceita;Abril;;15/4/2025;Sim;122;118;JACOBINA;;;;;;;;;;;;;;;;;;;;
LPT;B-1144370;ER-CIND-POV-PUXADEIRA-CURRAL DA PONTE;CAMPO FORMOSO;18/12/2024;02/01/2025;15,0;2,0;1;ALEXANDRE;19/2/2025;19/2/2025;Conciliado;;;;;;;;R$ 3.838,93;R$ 3.838,93;R$ 14.345,86;;Coelba;DURVAL;MARIO;1/4/2025;Aceita;Abril;;10/4/2025;Sim;113;89;JACOBINA;;;;;;;;;;;;;;;;;;;;
UTEP;B-1158435;AC-CIND-AV-RURAL-CENTRO-PORTO FELIZ;PIRITIBA;18/12/2024;20/12/2024;2,0;0,0;;RAFAELLA;18/2/2025;18/2/2025;Conciliado;;;;Criaçao;;;;R$ 2.872,33;R$ 2.872,33;R$ 13.526,20;;Coelba;DURVAL;EDILSON;24/2/2025;Aceita;Março;;17/3/2025;Sim;89;66;JACOBINA;;;;;;;;;;;;;;;;;;;;
UTEP;B-1157547;ER-CIND-POV-PACUI-PACUI II;CAMPO FORMOSO;20/12/2024;20/12/2024;0,0;0,0;;ALEXANDRE;4/2/2025;4/2/2025;Conciliado;04/02/2025;;;;;R$ 2.291,49;;R$ 2.006,08;R$ 1.955,58;R$ 28.199,16;;Coelba;;;3/4/2025;Aceita;Abril;;12/4/2025;Sim;113;104;JACOBINA;;;;;;;;;;;;;;;;;;;;
UTEP;B-1161410;RC-CIND-AV-CEL J MALTA-CENTRO;SAUDE;20/12/2024;23/12/2024;3,0;1,0;;ALEXANDRE;21/2/2025;21/2/2025;Conciliado;07/04/2025;Aprovado;;;;R$ 2.841,73;R$ 190,34;R$ 4.660,58;R$ 7.692,65;R$ 16.374,50;;Coelba;;;22/4/2025;Aceita;Maio;;25/4/2025;Sim;126;120;JACOBINA;;;;;;;;;;;;;;;;;;;;
UTEP;B-1159784;AC-CIND-POV-ALTO BONITO-RURAL;MUNDO NOVO;27/12/2024;27/12/2024;0,0;0,0;;LARISSA;3/1/2025;3/1/2025;Conciliado;;;;;;R$ 2.402,22;;R$ 5.475,00;R$ 5.475,00;R$ 32.295,24;;Coelba;RENATO;;19/2/2025;Aceita;Março;;18/3/2025;Sim;81;54;JACOBINA;;;;;;;;;;;;;;;;;;;;
UTEP;B-1172301;FVU-RELIGADOR-MCM-01J4-J12463;JACOBINA;30/12/2024;15/02/2025;47,0;1,0;;LARISSA;;;;;;;;;R$ 9.553,38;R$ 190,34;R$ 1.534,41;R$ 11.278,13;R$ 93.504,33;APTA PARA UNITIZAÇÃO;Coelba;FELIPE;GEILSON;4/6/2025;Aceita;Julho;;3/7/2025;Nao;185;109;JACOBINA;;;;;;;;;;;;;;;;;;;;
UTEP;B-1151886;UB-CCOL-POV-MACAMBIRA-MACAMBIRA;CAMPO FORMOSO;31/12/2024;29/12/2024;-2,0;9,0;;ALEXANDRE;5/3/2025;5/3/2025;Conciliado;05/03/2025;;;Movimentado;;;;R$ 15.815,43;R$ 15.815,43;R$ 47.834,05;;Coelba;ETEMILSON ;JAILTON;14/3/2025;Aceita;Março;;18/3/2025;Sim;77;75;JACOBINA;;;;;;;;;;;;;;;;;;;;
LPT;B-1087344;AC-CIND-FAZ-NOVA PAZ 02-RURAL;BAIXA GRANDE;08/01/2025;28/01/2025;20,0;7,0;;LARISSA;20/2/2025;20/2/2025;Conciliado;26/02/2025;;;;;R$ 3.164,45;;R$ 23.386,38;R$ 23.009,20;R$ 39.634,02;;Coelba;DURVAL;EDILSON;;Aceita;Março;;21/3/2025;Sim;72;352;JACOBINA;;;;;;;;;;;;;;;;;;;;
LPT;B-1148765;ER-CIND-POV-LAGOA DO PORCO-L DO PORCO;CAMPO FORMOSO;09/01/25;14/01/2025;5,0;2,0;;RAFAELLA;19/2/2025;19/2/2025;Conciliado;20/02/2025;;;Criaçao;;;;R$ 3.700,96;R$ 3.700,96;R$ 14.591,03;;Coelba;ETEMILSON;RODRIGO;11/3/2025;Aceita;Março;;24/3/2025;Sim;74;56;JACOBINA;;;;;;;;;;;;;;;;;;;;
UTEP;B-1151885;ER-CIND-RUA-DA ESTACAO 421-RURAL;MUNDO NOVO;09/01/25;15/02/2025;37,0;1,0;;ALEXANDRE;21/2/2025;21/2/2025;Conciliado;;;;Movimentado;;R$ 2.278,00;;R$ 2.352,47;R$ 1.586,29;R$ 15.632,47;;Coelba;RENATO;LUCIANO;2/4/2025;Aceita;Abril;;3/4/2025;Sim;84;46;JACOBINA;;;;;;;;;;;;;;;;;;;;
UTEP;B-1091561;MP CIND POV CAMPO ALEGRE RURAL;OUROLÂNDIA;31/12/2024;02/01/2025;2,0;52,0;;LARISSA;11/1/2025;10/1/2025;Conciliado;;Aprovado;;Movimentado;;;;R$ 103.063,56;R$ 103.063,56;R$ 549.021,75;;Coelba;ETEMILSON ;HIAGO;17/1/2025;Aceita;Janeiro;;21/1/2025;Sim;21;15;JACOBINA;;;;;;;;;;;;;;;;;;;;
LPT;B-1062228;MP CIND POV MARGEM DO RIO JACUIPE;SÃO JOSÉ DO JACUÍPE;14/01/2025;15/01/2025;1,0;18,0;2;LARISSA;19/2/2025;19/2/2025;Conciliado;25/02/2025;;;;;R$ 3.853,88;;R$ 38.102,00;R$ 40.723,09;R$ 231.078,48;;Coelba;RENATO;LUCIANO;1/4/2025;Aceita;Abril;;14/4/2025;Sim;90;76;JACOBINA;;;;;;;;;;;;;;;;;;;;
LPT;B-1043613;ER-CIND-AV-ORLANDO CARNEIRO LIMA-RURAL;PIRITIBA;16/01/25;24/01/2025;8,0;2,0;;LARISSA;29/1/2025;29/1/2025;Conciliado;;;;Movimentado;;;;R$ 4.357,41;R$ 4.357,41;R$ 16.660,15;APTA PARA UNITIZAÇÃO;Coelba;DURVAL;RODRIGO;1/2/2025;Aceita;Fevereiro;;7/2/2025;Nao;22;8;JACOBINA;;;;;;;;;;;;;;;;;;;;
LPT;B-1108191;ER-CIND-FAZ-ALTAMIRA-MASSAMBAO;PIRITIBA;17/01/25;30/01/2025;13,0;12,0;;ALEXANDRE;20/2/2025;20/2/2025;Conciliado;;;;;;R$ 3.164,45;;R$ 22.269,98;R$ 20.020,21;R$ 102.921,89;;Coelba;DURVAL;RODRIGO;1/4/2025;Aceita;Abril;;12/4/2025;Sim;85;61;JACOBINA;;;;;;;;;;;;;;;;;;;;
UTEP;B-1146649;RR-CIND-POV-CALDEIR O GRANDE-RURAL;PIRITIBA;21/01/25;30/01/2025;9,0;7,0;;ALEXANDRE;24/2/2025;24/2/2025;Conciliado;24/02/2025;;;;;R$ 1.910,93;R$ 1.332,39;R$ 16.989,83;R$ 20.233,15;R$ 61.383,31;;Coelba;DURVAL;RODRIGO;1/5/2025;Aceita;Maio;;8/5/2025;Sim;107;91;JACOBINA;;;;;;;;;;;;;;;;;;;;
UTEP;B-1065855;LD-CIND-POV VILA NOVA-RURAL PRB;PIRITIBA;22/01/25;30/01/2025;8,0;3,0;;ALEXANDRE;4/3/2025;4/2/2025;Conciliado;04/02/2025;;;;;;;R$ 5.616,00;R$ 5.840,44;R$ 20.489,85;;Coelba;DURVAL;RODRIGO;14/4/2025;Aceita;Abril;;16/4/2025;Sim;84;74;JACOBINA;;;;;;;;;;;;;;;;;;;;
UTEP;B-1102968;ER-CIND-FAZ-MARCELO-ITAPICURU;PINDOBAÇU;05/12/2024;05/12/2024;0,0;7,0;;LARISSA;28/1/2025;28/1/2025;Conciliado;01/02/2025;Solicitado;28/01/2025;;;;;R$ 16.094,90;R$ 12.665,80;R$ 46.907,35;;Coelba;DURVAL/MARIO;DURVAL/MARIO;10/2/2025;Aceita;Fevereiro;;12/2/2025;Sim;69;67;JACOBINA;;;;;;;;;;;;;;;;;;;;
UTEP;B-1121769;IS-COEL-RUA-RURAL-NAZARE;JACOBINA;23/01/2025;20/05/2025;117,0;4,0;;LARISSA;22/05/2025;22/05/2025;Conciliado;26/05/2025;Aprovado;;Movimentado;26/05/2025;R$ 7.384,09;R$ 857,91;R$ 7.581,80;R$ 15.823,80;R$ 55.406,76;APTA PARA UNITIZAÇÃO;Coelba;ETEMILSON;ELIEZER;16/10/2025;Aceita;Outubro;;21/10/2025;Nao;271;149;JACOBINA;;;;;;;;;;;;;;;;;;;;
UTEP;B-1167459;UB-CIND-RCL-AV-ALVINO RODRIGUES-CENTRO;OUROLÂNDIA;23/01/25;23/01/2025;0,0;1,0;;RAFAELLA;25/2/2025;25/2/2025;Conciliado;;;;;;R$ 3.271,00;;R$ 2.187,00;R$ 2.187,00;R$ 50.586,46;;Coelba;ETEMILSON;NAILSON;31/3/2025;Aceita;Abril;;9/4/2025;Sim;76;67;JACOBINA;;;;;;;;;;;;;;;;;;;;
LPT;B-1130519;ER-CIND-FAZ-ESTRELA-RURAL;SÃO JOSÉ DO JACUÍPE;24/01/25;28/01/2025;4,0;5,0;;RAFAELLA;18/2/2025;18/2/2025;Conciliado;;;;Criaçao;;R$ 2.867,36;;R$ 8.977,10;R$ 8.615,35;R$ 49.278,88;;Coelba;RENATO;ANTONIO;1/4/2025;Aceita;Abril;;10/4/2025;Sim;76;63;JACOBINA;;;;;;;;;;;;;;;;;;;;
LPT;B-0801606;LD CIND FAZ LAGOA DA PEDRA RURAL;PIRITIBA;25/01/2025;31/01/2025;6,0;7,0;1;RAFAELLA;4/3/2025;4/3/2025;Conciliado;05/03/2025;Solicitado;LV;;;R$ 3.931,00;;R$ 12.452,35;R$ 16.383,35;R$ 42.662,80;;Coelba;DURVAL;RODRIGO;14/5/2025;Aceita;Maio;;;Sim;355;103;JACOBINA;;;;;;;;;;;;;;;;;;;;
LPT;B-0603904;RR-CIND-FAZENDA 10 DE MAIO-RURAL;SÃO JOSÉ DO JACUÍPE;27/01/2025;28/01/2025;1,0;15,0;;RAFAELLA;3/2/2025;3/2/2025;Conciliado;08/02/2025;;;Movimentado;;R$ 3.963,80;;R$ 27.132,35;R$ 31.096,15;R$ 72.784,76;APTA PARA UNITIZAÇÃO;Coelba;RENATO;LUCIANO;;Aceita;Março;;25/2/2025;Nao;29;352;JACOBINA;;;;;;;;;;;;;;;;;;;;
LPT;B-1081404;MP-CCOL POV MARGEM DO RIO JACUIPE RURAL;SÃO JOSÉ DO JACUÍPE;28/01/2025;28/01/2025;0,0;30,0;;LARISSA;12/2/2025;12/2/2025;Conciliado;;;;;;R$ 1.348,79;;R$ 67.539,50;R$ 63.026,26;R$ 261.511,86;;Coelba;RENATO;ANTONIO;14/4/2025;Aceita;Abril;;16/4/2025;Sim;78;76;JACOBINA;;;;;;;;;;;;;;;;;;;;
LPT;B-1136793;RR-CIND-FAZ-TAMANDUA 500 -RURAL ;PIRITIBA;28/01/2025;31/01/2025;3,0;16,0;1;ALEXANDRE;3/3/2025;3/3/2025;Conciliado;03/03/2025;Aprovado;;;;R$ 1.498,12;;R$ 34.331,29;R$ 34.354,08;R$ 132.380,20;;Coelba;DURVAL;HIAGO;14/4/2025;Aceita;Abril;;22/4/2025;Sim;84;73;JACOBINA;;;;;;;;;;;;;;;;;;;;
LPT;B-1020772;ER-CIND-FAZ-ALTAMIRA BOA FE-MASSAMBAO;PIRITIBA;29/01/2025;30/01/2025;1,0;5,0;1;ALEXANDRE;4/3/2025;4/3/2025;Conciliado;04/03/2025;;;;;;;R$ 8.647,52;R$ 8.647,52;R$ 15.732,26;;Coelba;DURVAL;RODRIGO;24/3/2025;Aceita;Abril;;;Sim;351;53;JACOBINA;;;;;;;;;;;;;;;;;;;;
LPT;B-1077724;LD CIND POV BAIXINHA RURAL;CAMPO FORMOSO;29/01/2025;04/02/2025;6,0;9,0;1;RAFAELLA;21/2/2025;21/2/2025;Conciliado;;;;Criaçao;;R$ 3.438,60;;R$ 17.719,63;R$ 17.290,27;R$ 82.906,45;;Coelba;ALAN;EUDARIO;15/3/2025;Aceita;Março;;24/3/2025;Sim;54;39;JACOBINA;;;;;;;;;;;;;;;;;;;;
UTEP;B-1160910;ER CIND FZ BOA VISTA RURAL - MUNDO NOVO;MUNDO NOVO;29/01/2025;05/02/2025;7,0;1,0;;ALEXANDRE;4/3/2025;4/3/2025;Conciliado;04/03/2025;;;Movimentado;;;;R$ 1.831,28;R$ 1.831,28;R$ 23.515,59;;Coelba;RENATO;LUCIANO;6/3/2025;Aceita;Março;;17/3/2025;Sim;47;29;JACOBINA;;;;;;;;;;;;;;;;;;;;
LPT;B-1078521;LD CIND PO AVN PRINCIPAL RURAL;MUNDO NOVO;31/01/2025;05/02/2025;5,0;9,0;;RAFAELLA;24/2/2025;24/2/2025;Conciliado;;;;;;R$ 1.849,58;;R$ 17.557,96;R$ 17.291,79;R$ 91.747,01;;Coelba;RENATO;ANTONIO;11/03/2025;Aceita;Março;;24/3/2025;Sim;52;34;JACOBINA;;;;;;;;;;;;;;;;;;;;
LPT;B-0878166;MP-COOL-FAZ NOVA-MORRINHOS;CAMPO FORMOSO;18/12/2024;17/12/2024;-1,0;270,0;28;LARISSA;18/12/2024;17/12/2024;Solicitado;13/01/2025;Solicitado;18/12/2024;Criaçao;19/12/2024;;;R$ 692.992,49;R$ 680.857,27;R$ 999.318,14;;Coelba;ETEMILSON;ETEMILSON;19/12/2024;Aceita;Janeiro;;21/1/2025;Sim;34;2;JACOBINA;;;;;;;;;;;;;;;;;;;;
UTEP;B-1159831;ER-CIND-RUA-SAO FRANCISCO-VILA CARDOSO;CALDEIRÃO GRANDE;18/12/2024;10/01/2025;23,0;2,0;;RAFAELLA ;29/1/2025;29/1/2025;Solicitado;;;;;;;;R$ 3.424,26;R$ 3.424,26;R$ 11.046,37;;Coelba;RENATO;EUDARIO;7/2/2025;Aceita;Fevereiro;;12/2/2025;Sim;56;28;JACOBINA;;;;;;;;;;;;;;;;;;;;
LPT;B-1114605;MP-CIND-POV-MIRANDAS-RURAL;MUNDO NOVO;31/01/2025;30/01/2025;-1,0;29,0;1;RAFAELLA;13/2/2025;13/2/2025;Conciliado;14/02/2025;Aprovado;14/02/2025;;;R$ 2.389,68;;R$ 55.323,58;R$ 55.000,00;R$ 383.705,16;;Coelba;RENATO;EDILSON;19/2/2025;Aceita;Março;;25/5/2025;Sim;114;20;JACOBINA;;;;;;;;;;;;;;;;;;;;
UTEP;B-1137175;MP-CIND-POV SALITE-RURAL;CAMPO FORMOSO;31/01/2025;04/02/2025;4,0;34,0;;ALEXANDRE;13/2/2025;12/2/2025;Conciliado;;;;;;R$ 1.348,79;;R$ 68.824,53;R$ 68.735,38;R$ 323.682,20;;Coelba;ALAN;EUDARIO;10/3/2025;Aceita;Março;;17/3/2025;Sim;45;34;JACOBINA;;;;;;;;;;;;;;;;;;;;
UTEP;B-0917760;AC-REG FV-FAZ NOVA MORRINHOS-RURAL;CAMPO FORMOSO;18/12/2024;01/01/2025;14,0;21,0;;LARISSA;9/1/2025;9/1/2025;Conciliado;01/02/2025;;11/01/2025;Almoxarifado;11/01/2025;;;R$ 45.467,26;R$ 45.467,26;R$ 4.461,63;;Coelba;ETEMILSON;RODRIGO E EDVALDO;11/2/2025;Aceita;Fevereiro;;18/2/2025;Sim;62;41;JACOBINA;;;;;;;;;;;;;;;;;;;;
LPT;B-1149227;LD-CIND - SI BRUNO-RURAL;UMBURANAS;19/12/2024;24/12/2024;5,0;19,0;2;RAFAELLA;23/1/2025;23/1/2025;Solicitado;29/01/2025;Solicitado;;Almoxarifado;;;;R$ 38.359,21;R$ 37.603,45;R$ 165.325,93;;Coelba;ETEMILSON;HIAGO;7/2/2025;Aceita;Fevereiro;;;Sim;392;45;JACOBINA;;;;;;;;;;;;;;;;;;;;
LPT;B-1152973;ER-CCOL-FAZ-MELANCIAS-RR-OUROLANDIA;OUROLÂNDIA;31/01/2025;06/02/2025;6,0;52,0;3;LARISSA;13/2/2025;13/2/2025;Conciliado;;;;;;R$ 2.919,64;;R$ 65.630,66;R$ 65.630,66;R$ 554.239,65;;Coelba;RENATO;ELIEZER;15/2/2025;Aceita;Março;;18/3/2025;Sim;46;9;JACOBINA;;;;;;;;;;;;;;;;;;;;
UTEP;B-1168485;ER-CIND-POV-DE PUXADEIRA-RURAL;CAMPO FORMOSO;20/12/2024;02/01/2025;13,0;2,0;;ALEXANDRE;3/1/2025;3/1/2025;Conciliado;06/01/2025;;;Movimentado;;;;R$ 3.408,20;R$ 3.408,20;R$ 17.861,92;;Coelba;RENATO;RENATO;15/1/2025;Aceita;Janeiro;;;Sim;391;13;JACOBINA;;;;;;;;;;;;;;;;;;;;
UTEP;B-1156370;ER-CIND-POV-TIQUIRA 6-RURAL;CAMPO FORMOSO;31/01/2025;05/02/2025;5,0;16,0;;LARISSA;19/2/2025;19/2/2025;Conciliado;25/02/2025;;;;;R$ 1.849,58;;R$ 52.850,00;R$ 54.699,58;R$ 154.847,52;;Coelba;ALAN;JAILTON;31/3/2025;Aceita;Abril;;7/4/2025;Sim;66;54;JACOBINA;;;;;;;;;;;;;;;;;;;;
UTEP;"B-1160515

";ER-CIND-POV-BREJAO DA CAATINGA-RURAL;CAMPO FORMOSO;31/01/2025;04/02/2025;4,0;1,0;;RAFAELLA;22/2/2025;22/2/2025;Conciliado;14/04/2025;;;;;;;R$ 1.920,78;R$ 1.920,78;R$ 8.808,11;;Coelba;ALAN;MARIO;16/4/2025;Aceita;Abril;;17/4/2025;Sim;76;71;JACOBINA;;;;;;;;;;;;;;;;;;;;
UTEP;B-1138203;ER-CIND-SI-GENIO-RURAL;CAMPO FORMOSO;21/11/2024;25/11/2024;4,0;1,0;;HELBERT ;16/12/2024;16/12/2024;Conciliado;19/12/2024;Aprovado;16/12/2024;Movimentado;16/12/2024;;;R$ 2.056,61;R$ 2.056,61;R$ 22.174,06;;Coelba;RENATO/JOSE SILVA;RENATO/JOSE SILVA;17/1/2025;Aceita;Janeiro;;;Sim;420;53;JACOBINA;;;;;;;;;;;;;;;;;;;;
UTEP;B-1139158;UB-CIND-RUA-F-POPULARES;PIRITIBA;10/10/2024;15/10/2024;5,0;3,0;;ALEXANDRE;24/1/2025;24/1/2025;Conciliado;31/01/2025;;;Movimentado;;;;R$ 5.179,22;R$ 5.179,22;R$ 25.969,95;;Coelba;DURVAL;EDILSON;05/02/2025;Aceita;Fevereiro;;;Sim;462;113;JACOBINA;;;;;;;;;;;;;;;;;;;;
UTEP;B-1139746;ER-CIND-POV-ALGODOES 1050-RURAL;CAMPO FORMOSO;21/11/2024;20/11/2024;-1,0;5,0;;RAFAELLA;16/12/2024;16/12/2024;Conciliado;;;;Movimentado;;;;R$ 8.186,12;R$ 8.186,12;R$ 28.318,54;;Coelba;ETEMILSON/JAILTON;ETEMILSON/JAILTON;6/1/2025;Aceita;Janeiro;;;Sim;420;47;JACOBINA;;;;;;;;;;;;;;;;;;;;
UTEP;B-1140516;RR-CIND-POV-BAIXAO 400 --B-RURAL;CAMPO FORMOSO;21/11/2024;19/11/2024;-2,0;4,0;;LARISSA;13/1/2025;24/12/2024;Conciliado;13/01/2025;;;;;;;R$ 6.902,42;R$ 6.902,42;R$ 19.063,30;;Coelba;ETEMILSON/JAILTON;ETEMILSON/JAILTON;21/1/2025;Aceita;Fevereiro;;28/1/2025;Sim;68;63;JACOBINA;;;;;;;;;;;;;;;;;;;;
UTEP;B-1141076;ER-CIND-POV-ALDEIA VELHA-RURAL;CAMPO FORMOSO;14/12/2024;17/12/2024;3,0;3,0;;LARISSA;28/1/2025;28/1/2025;Conciliado;05/02/2025;;;;;;;R$ 4.966,69;R$ 4.966,69;R$ 17.580,10;;Coelba;DURVAL/MARIO;DURVAL/MARIO;20/2/2025;Aceita;Março;;28/2/2025;Sim;76;65;JACOBINA;;;;;;;;;;;;;;;;;;;;
UTEP;B-1143709;ER-CIND-POV-CACHIMBO-RURAL;PINDOBAÇU;09/12/2024;12/12/2024;3,0;3,0;;RAFAELLA;17/12/2024;17/12/2024;Conciliado;17/12/2024;;;Criaçao;;;;R$ 5.429,18;R$ 5.429,18;R$ 16.413,12;;Coelba;;;6/1/2025;Aceita;Janeiro;;;Sim;402;25;JACOBINA;;;;;;;;;;;;;;;;;;;;
UTEP;B-1160749;ER-CIND-RCL-RUA-DO SUMIDOURO-CENTRO;CAMPO FORMOSO;31/01/2025;12/02/2025;12,0;8,0;;RAFAELLA;20/2/2025;20/2/2025;Conciliado;;;;;;R$ 3.429,10;;R$ 13.969,84;R$ 13.665,96;R$ 74.801,03;;Coelba;ALAN;EUDARIO;15/3/2025;Aceita;Março;;25/3/2025;Sim;53;31;JACOBINA;;;;;;;;;;;;;;;;;;;;
LPT;B-1149302;RR-CIND-FAZ-NOVA ESPERANCA-RURAL-FRANCA;PIRITIBA;04/02/2025;04/02/2025;0,0;16,0;1;ALEXANDRE;3/3/2025;3/3/2025;Conciliado;03/03/2025;Aprovado;09/04/2025;;;R$ 2.996,95;;R$ 25.417,15;R$ 28.414,10;R$ 121.035,20;;Coelba;DURVAL;HIAGO;9/4/2025;Aceita;Abril;;14/4/2025;Sim;69;64;JACOBINA;;;;;;;;;;;;;;;;;;;;
UTEP;B-1145357;ER-CIND-POV-ALVACA-ALVACA;CAMPO FORMOSO;12/12/2024;11/12/2024;-1,0;4,0;;LARISSA;28/1/2025;28/1/2025;Conciliado;01/02/2025;;;;;;;R$ 6.390,57;R$ 6.390,57;R$ 21.448,40;;Coelba;ETEMILSON/JAILTON;ETEMILSON/JAILTON;15/2/2025;Aceita;Fevereiro;;18/2/2025;Sim;68;66;JACOBINA;;;;;;;;;;;;;;;;;;;;
UTEP;B-0823492;MP-CIND-POV PEDRA BRANCA-RURAL;MUNDO NOVO;05/02/2025;05/02/2025;0,0;8,0;;LARISSA;26/2/2025;26/2/2025;Conciliado;04/04/2025;;;;;R$ 3.438,60;;R$ 15.498,57;R$ 18.937,17;R$ 122.973,00;;Coelba;RENATO;EDILSON;17/4/2025;Aceita;Abril;;23/4/2025;Sim;77;71;JACOBINA;;;;;;;;;;;;;;;;;;;;
UTEP;B-1077783;LD CIND POV AV.PRINCIPAL JEQUETIBA-RURAL;MUNDO NOVO;05/02/2025;05/02/2025;0,0;9,0;;LARISSA;26/2/2025;26/2/2025;Conciliado;04/04/2025;;;;;R$ 1.166,39;;R$ 10.697,34;R$ 11.863,73;R$ 79.010,93;;Coelba;RENATO;HERMOGENES;16/4/2025;Aceita;Abril;;23/4/2025;Sim;77;70;JACOBINA;;;;;;;;;;;;;;;;;;;;
UTEP;B-1146062;ER-CIND-POV-CONFORTO-RURAL;GAVIÃO;29/11/2024;30/11/2024;1,0;6,0;;ALEXANDRE;10/1/2025;10/01/2025;Conciliado;08/01/2025;Aprovado;;Movimentado;;;;R$ 14.032,83;R$ 14.032,83;R$ 46.439,09;;Coelba;RENATO/ANTONIO;RENATO/ANTONIO;31/1/2025;Aceita;Fevereiro;;;Sim;412;62;JACOBINA;;;;;;;;;;;;;;;;;;;;
UTEP;B-1146194;ER-CIND-RUA-ROMULO GALVAO-CENTRO;CAMPO FORMOSO;16/12/2024;17/12/2024;1,0;2,0;3;LARISSA;28/1/2025;28/1/2025;Conciliado;01/02/2025;;;;;;;R$ 3.376,13;R$ 3.376,13;R$ 11.951,89;;Coelba;DURVAL;MARIO;3/3/2025;Aceita;Março;;7/3/2025;Sim;81;76;JACOBINA;;;;;;;;;;;;;;;;;;;;
UTEP;B-1056397;MP-CIND-FAZ-LAGOA DO FELIPAO-RURAL;PIRITIBA;06/02/2025;10/02/2025;4,0;10,0;;LARISSA;21/2/2025;21/2/2025;Conciliado;26/02/2025;;;;;R$ 2.363,71;;R$ 20.316,83;R$ 19.957,35;R$ 129.497,91;;Coelba;DURVAL;RODRIGO;;Aceita;Março;;22/3/2025;Sim;44;339;JACOBINA;;;;;;;;;;;;;;;;;;;;
UTEP;B-1160485;ER-CIND-FAZ-ESPERANCA-LAGOA DO MAMAO;BAIXA GRANDE;08/02/2025;07/02/2025;-1,0;3,0;;RAFAELLA;1/4/2025;31/3/2025;Conciliado;31/03/2025;;;;;;;R$ 4.956,53;R$ 4.956,53;R$ 16.573,93;;Coelba;RENATO;LUCIANO;8/4/2025;Aceita;Abril;;11/4/2025;Sim;62;60;JACOBINA;;;;;;;;;;;;;;;;;;;;
UTEP;B-1146619;ER-CIND-FAZ-ARROZ-RURAL;MIGUEL CALMON;12/02/2025;12/02/2025;0,0;2,0;;ALEXANDRE;27/2/2025;27/2/2025;Conciliado;27/02/2025;;;;;;;R$ 4.063,73;R$ 4.063,73;R$ 23.542,18;;Coelba;;;10/3/2025;Aceita;Março;;14/3/2025;Sim;30;26;JACOBINA;;;;;;;;;;;;;;;;;;;;
UTEP;B-1147953;AC-CIND-AV-SEVERINO RIBEIRO GRANJ-CENTRO;UMBURANAS;17/12/2024;17/12/2024;0,0;2,0;;RAFAELLA;29/1/2025;29/1/2025;Conciliado;;Aprovado;;;;;;R$ 5.715,96;R$ 5.378,72;R$ 56.584,32;;Coelba;ETEMILSON;HIAGO;11/2/2025;Aceita;Fevereiro;;;Sim;394;56;JACOBINA;;;;;;;;;;;;;;;;;;;;
UTEP;B-1148021;ER-CIND-FAZ-BOA VISTA-RURAL MIGUEL CALMO;MIGUEL CALMON;12/02/2025;14/02/2025;2,0;4,0;;ALEXANDRE;27/2/2025;27/2/2025;Conciliado;27/02/2025;;;;;;;R$ 7.263,97;R$ 7.263,97;R$ 31.236,97;;Coelba;;;11/3/2025;Aceita;Março;;13/3/2025;Sim;29;25;JACOBINA;;;;;;;;;;;;;;;;;;;;
UTEP;B-1174797;UB-CIND-RUA-BENJAMIM CONSTANTINO-CENTRO;CAMPO FORMOSO;13/02/2025;19/02/2025;6,0;2,0;;ALEXANDRE;11/4/0205;11/4/2025;Conciliado;;Aprovado;;Movimentado;11/04/2025;R$ 3.429,10;R$ 380,68;R$ 4.647,98;R$ 8.457,76;R$ 48.313,30;;Coelba;EDLECIO;EUDARIO;16/5/2025;Aceita;Maio;;20/5/2025;Sim;96;86;JACOBINA;;;;;;;;;;;;;;;;;;;;
UTEP;B-1146725;ER-CIND-POV-VARZEA DO LACO-RURAL;GAVIÃO;14/02/2025;19/02/2025;5,0;1,0;;ALEXANDRE;28/2/2025;28/2/2025;Conciliado;;;;;;;R$ 190,34;R$ 2.430,71;R$ 2.621,05;R$ 17.836,04;;Coelba;RENATO;JOSÉ MIZAEL;15/4/2025;Aceita;Maio;;24/4/2025;Sim;69;55;JACOBINA;;;;;;;;;;;;;;;;;;;;
UTEP;B-1138569;ER-CIND-POV-TANQUE NOVO-RURAL;CAMPO FORMOSO;14/02/2025;19/02/2025;5,0;1,0;;RAFAELLA;28/2/2025;28/2/2025;Conciliado;;Solicitado;;;;R$ 3.596,90;;R$ 2.389,53;R$ 2.085,65;R$ 20.745,60;;Coelba;EDLECIO;EUDARIO;2/4/2025;Aceita;Abril;;31/3/2025;Sim;45;42;JACOBINA;;;;;;;;;;;;;;;;;;;;
LPT;B-1149080;ER-CIND-RUA-DA CAIXA DAGUA-B DA CAATINGA;CAMPO FORMOSO;09/01/25;10/01/2025;1,0;1,0;1;LARISSA;5/2/2025;5/2/2025;Conciliado;;;;;;;;R$ 3.203,02;R$ 3.203,02;R$ 9.729,12;;Coelba;ETEMILSON;JAILTON;5/2/2025;Aceita;Fevereiro;;13/2/2025;Sim;35;26;JACOBINA;;;;;;;;;;;;;;;;;;;;
LPT;B-1149216;ER-CIND-POV-TOMBAO 180-RURAL;CAMPO FORMOSO;04/12/2024;03/12/2024;-1,0;2,0;1;RAFAELLA;21/1/2025;21/1/2025;Conciliado;21/01/2025;;;;;;;R$ 3.733,63;R$ 3.733,63;R$ 10.695,88;;Coelba;ETEMILSON/JAILTON;ETEMILSON/JAILTON;29/1/2025;Aceita;Fevereiro;;30/1/2025;Sim;57;57;JACOBINA;;;;;;;;;;;;;;;;;;;;
UTEP;B-1088429;RR-CIND-FAZ-LAGOA DO CARMO-RURAL-PIRITIB - PIRITIBA;PIRITIBA;17/02/2025;19/02/2025;2,0;6,0;;RAFAELLA;1/4/2025;1/4/2025;Conciliado;;;;;;R$ 1.806,44;;R$ 10.949,55;R$ 10.842,06;R$ 47.246,25;;Coelba;EDLECIO;RODRIGO;9/4/2025;Aceita;Abril;;14/4/2025;Sim;56;49;JACOBINA;;;;;;;;;;;;;;;;;;;;
UTEP;B-1151534;ER-CIND-FAZ-AVENIDA-RURAL;PIRITIBA;18/02/2025;19/02/2025;1,0;8,0;;ALEXANDRE;25/3/2025;25/3/2025;Conciliado;01/04/2025;Aprovado;;;;R$ 1.756,52;;R$ 14.357,32;R$ 16.113,84;R$ 44.077,73;;Coelba;DURVAL;Postado;14/4/2025;Aceita;Abril;;14/4/2025;Sim;55;54;JACOBINA;;;;;;;;;;;;;;;;;;;;
UTEP;B-1150154;UB-CIND-RUA-DA CHACARA-ESPLANADA;CAMPO FORMOSO;10/12/2024;12/12/2024;2,0;1,0;;RAFAELLA;28/1/2025;28/1/2025;Conciliado;31/01/2025;;;Movimentado;;;;R$ 1.870,47;R$ 1.870,47;R$ 6.526,27;;Coelba;RENATO/EUDARIO;RENATO/EUDARIO;6/2/2025;Aceita;Fevereiro;;;Sim;401;56;JACOBINA;;;;;;;;;;;;;;;;;;;;
UTEP;B-1153459;ER-CIND-FAZ-ESPERANÇA-RURAL;MUNDO NOVO;18/02/2025;19/02/2025;1,0;9,0;;ALEXANDRE;28/3/2025;8/3/2025;Conciliado;02/05/2025;Aprovado;04/04/2025;;;R$ 1.166,39;R$ 1.713,08;R$ 15.406,56;R$ 18.286,03;R$ 76.518,33;;Coelba;DURVAL;RODRIGO;7/5/2025;Aceita;Maio;;14/5/2025;Sim;85;77;JACOBINA;;;;;;;;;;;;;;;;;;;;
LPT;B-1144739;ER-CIND-FAZ-MORRINHO-RURAL;GAVIÃO;19/02/2025;25/02/2025;6,0;6,0;;ALEXANDRE;28/2/2025;28/2/2025;Conciliado;15/04/2025;Aprovado;;Movimentado;;R$ 972,96;R$ 1.142,05;R$ 11.350,54;R$ 13.465,55;R$ 46.065,53;;Coelba;DURVAL;JOSÉ MISAEL;21/5/2025;Aceita;Junho;;27/5/2025;Sim;97;85;JACOBINA;;;;;;;;;;;;;;;;;;;;
LPT;B-1191271;KIT -FAZ-MORRINHO-RURAL;GAVIÃO;19/02/2025;25/02/2025;6,0;;;ALEXANDRE;;;;;;;;;;;R$ 124,86;R$ 124,86;;;Coelba;DURVAL;JOSÉ MISAEL;21/5/2025;Aceita;Junho;;27/5/2025;Sim;97;85;JACOBINA;;;;;;;;;;;;;;;;;;;;
LPT;B-1191488;MED -FAZ-MORRINHO-RURAL;GAVIÃO;19/02/2025;25/02/2025;6,0;;;ALEXANDRE;;;;;;;;;;;R$ 179,25;R$ 179,25;;;Coelba;DURVAL;JOSÉ MISAEL;21/5/2025;Aceita;Junho;;27/5/2025;Sim;97;85;JACOBINA;;;;;;;;;;;;;;;;;;;;
UTEP;B-1151283;ER - CIND - POV  TRES BARRAS - RURAL;CAMPO FORMOSO;12/12/2024;13/12/2024;1,0;3,0;;RAFAELLA;22/1/2025;22/1/2025;Conciliado;22/01/2025;;;Movimentado;;;;R$ 5.092,91;R$ 5.092,91;R$ 20.932,64;;Coelba;ETEMILSON/JAILTON;ETEMILSON/JAILTON;;Aceita;Fevereiro;;29/1/2025;Sim;48;398;JACOBINA;;;;;;;;;;;;;;;;;;;;
UTEP;B-1151540;ER-CIND-POV-DEOCLECIO-DEOCLECIO;TAPIRAMUTÁ;22/11/2024;27/11/2024;5,0;3,0;;HELBERT ;19/12/2024;19/12/2024;Conciliado;14/01/2025;;;Movimentado;;;;R$ 5.129,88;R$ 5.129,88;R$ 19.300,77;;Coelba;RENATO/ALEXSANDRO;RENATO/ALEXSANDRO;17/01/2025;Aceita;Fevereiro;;;Sim;419;51;JACOBINA;;;;;;;;;;;;;;;;;;;;
UTEP;B-1151574;AC-CIND-POV-BOA ESPERANCA 10-RURAL;VÁRZEA NOVA;21/11/2024;21/11/2024;0,0;0,0;;LARISSA;20/12/2024;20/12/2024;Conciliado;01/02/2025;Solicitado;28/01/2025;;;;;R$ 6.744,07;R$ 6.058,13;R$ 32.664,79;;Coelba;ETEMILSON/HIAGO;ETEMILSON/HIAGO;10/2/2025;Aceita;Março;;25/2/2025;Sim;96;81;JACOBINA;;;;;;;;;;;;;;;;;;;;
UTEP;B-1130167;ER-CIND-FAZ-DEUS DARA 398 -J-RURAL;MUNDO NOVO;21/02/2025;20/03/2025;27,0;10,0;;RAFAELLA;24/3/2025;24/13/2025;Conciliado;25/03/2025;;;;;;;R$ 17.345,42;R$ 17.345,42;R$ 52.286,75;;Coelba;GABRIEL;HERMOGENES;10/4/2025;Aceita;Abril;;12/4/2025;Sim;50;21;JACOBINA;;;;;;;;;;;;;;;;;;;;
UTEP;B-1151814;ER-CIND-POV-BARRACAS-RURAL;VÁRZEA DA ROÇA;09/11/2024;19/11/2024;10,0;9,0;1;LARISSA;15/12/2024;15/12/2024;Conciliado;;;;;;;;R$ 14.837,50;R$ 14.837,50;R$ 47.735,40;;Coelba;;;24/12/2024;Aceita;Janeiro;;6/1/2025;Sim;58;35;JACOBINA;;;;;;;;;;;;;;;;;;;;
UTEP;B-1166659;FVU-REGULADOR-JCB-09N3-H92136;JACOBINA;24/02/2025;24/02/2025;0,0;0,0;;LARISSA;22/5/2025;22/5/2025;Conciliado;22/5/2025;;;;;R$ 2.650,77;;R$ 58,89;R$ 2.709,66;R$ 456.615,84;;Coelba;DURVAL;JOSÉ MISAEL;4/6/2025;Aceita;Junho;;;Sim;325;100;JACOBINA;;;;;;;;;;;;;;;;;;;;
UTEP;B-1166082;FVU-REGULADOR-JCB-09N4-N18737;JACOBINA;24/02/2025;24/02/2025;0,0;0,0;;LARISSA;;;Conciliado;;;;Movimentado;;R$ 7.952,32;R$ 0,00;R$ 58,89;R$ 8.011,21;R$ 458.188,88;;Coelba;DURVAL;JOSÉ MISAEL;05/08/2025;Aceita;Agosto;;9/8/2025;Sim;166;162;JACOBINA;;;;;;;;;;;;;;;;;;;;
UTEP;B-1152301;ER-CIND-RUA-CAIXA D AGUA-RURAL;VÁRZEA DO POÇO;10/12/2024;17/12/2024;7,0;3,0;;RAFAELLA;18/12/2024;18/12/2024;Conciliado;19/12/2024;;;Criaçao;;;;R$ 5.216,80;R$ 5.216,80;R$ 17.033,58;;Coelba;RENATO/EUDARIO;RENATO/EUDARIO;9/1/2025;Aceita;Janeiro;;;Sim;401;23;JACOBINA;;;;;;;;;;;;;;;;;;;;
UTEP;B-1172552;FVU-REGULADOR-JCB-09N4-J54183;JACOBINA;24/02/2025;24/02/2025;0,0;0,0;;LARISSA;22/5/2025;22/5/2025;Conciliado;;;;;;R$ 7.952,32;;R$ 117,77;R$ 8.070,09;R$ 224.373,66;;Coelba;DURVAL;JOSÉ MISAEL;4/6/2025;Aceita;Junho;;11/6/2025;Sim;107;100;JACOBINA;;;;;;;;;;;;;;;;;;;;
UTEP;B-1153969;UB-COEL-AV-2 DE JULHO-CENTRO-PINDOBACU;PINDOBAÇU;05/12/2024;06/12/2024;1,0;2,0;;HELBERT;17/12/2024;17/12/2024;Conciliado;19/12/2024;;;Movimentado;17/12/2024;;;R$ 3.404,97;R$ 3.404,97;R$ 11.100,67;;Coelba;RENATO/EUDARIO;RENATO/EUDARIO;13/1/2025;Aceita;Janeiro;;;Sim;406;38;JACOBINA;;;;;;;;;;;;;;;;;;;;
UTEP;B-1155540;UB-CIND-AV-LOMANTO JUNIOR -CENTRO;GAVIÃO;21/11/2024;19/12/2024;28,0;2,0;;RAFAELLA;13/12/2024;23/12/2024;Conciliado;06/01/2025;;;;;;;R$ 3.280,00;R$ 3.280,00;R$ 11.755,75;;Coelba;RENATO/ANTONIO;RENATO/ANTONIO;11/1/2025;Aceita;Janeiro;;16/1/2025;Sim;56;23;JACOBINA;;;;;;;;;;;;;;;;;;;;
UTEP;B-1166644;FVU-REGULADOR-JCB-09N4-W54609;JACOBINA;24/02/2025;24/02/2025;0,0;0,0;;LARISSA;22/5/2025;22/5/2025;Conciliado;;;;;;R$ 2.650,77;R$ 7.392,51;R$ 58,89;R$ 10.102,17;R$ 315.804,33;;Coelba;DURVAL;JOSÉ MISAEL;29/5/2025;Aceita;Junho;;5/6/2025;Sim;101;94;JACOBINA;;;;;;;;;;;;;;;;;;;;
UTEP;B-1155875;ER-CIND-LOT-DJANIRA GALVÃO-POÇOS;;21/12/2024;26/12/2024;5,0;4,0;;RAFAELLA;12/2/2025;12/2/2025;Conciliado;;;;;;;;17/2/2025;R$ 6.432,86;R$ 31.058,30;;Coelba;;;12/2/2025;Aceita;Fevereiro;;;Sim;390;48;JACOBINA;;;;;;;;;;;;;;;;;;;;
UTEP;B-1156065;ER-CIND-POV-CAMPO FRIO-RURAL;CAMPO FORMOSO;07/01/25;10/01/2025;3,0;10,0;;LARISSA;30/1/2025;30/1/2025;Conciliado;01/02/2025;;;;;;;R$ 16.702,38;R$ 16.702,38;R$ 51.918,21;;Coelba;ETEMILSON;JAILTON;10/2/2025;Aceita;Fevereiro;;13/2/2025;Sim;37;31;JACOBINA;;;;;;;;;;;;;;;;;;;;
UTEP;B-1156255;AC-CIND-FAZ-GAMELEIRA-RURAL;PINDOBAÇU;06/12/2024;06/12/2024;0,0;2,0;;HELBERT;17/12/2024;17/12/2024;Conciliado;14/01/2025;;;Movimentado;17/12/2024;;;R$ 3.479,31;R$ 3.479,31;R$ 11.375,25;;Coelba;RENATO/EUDARIO;'RENATO/EUDARIO;17/1/2025;Aceita;Janeiro;;;Sim;405;42;JACOBINA;;;;;;;;;;;;;;;;;;;;
UTEP;B-1174788;FVU-REGULADOR-JCB-09N4-W54609;JACOBINA;24/02/2025;24/02/2025;0,0;0,0;;LARISSA;;;Conciliado;;;;;;R$ 2.259,71;R$ 0,00;;R$ 2.326,06;R$ 457.319,39;APTA PARA UNITIZAÇÃO;Coelba;DURVAL;JOSÉ MISAEL;07/10/2025;Aceita;Outubro;;;Nao;325;225;JACOBINA;;;;;;;;;;;;;;;;;;;;
UTEP;B-1157775;UB-CIND-ROD-RODOVIA-CONTORNO S O JOS;CAPIM GROSSO;05/12/2024;06/12/2024;1,0;0,0;;HELBERT ;16/12/2024;16/12/2024;Conciliado;19/12/2024;;;Movimentado;16/12/2024;;;R$ 550,38;R$ 550,38;R$ 2.049,29;;Coelba;RENATO/ANTONIO;RENATO/ANTONIO;13/1/2025;Aceita;Janeiro;;;Sim;406;38;JACOBINA;;;;;;;;;;;;;;;;;;;;
UTEP;B-1157795;ER-CIND-POV-TIQUARA-RURAL-TIQUARA;CAMPO FORMOSO;30/11/2024;30/11/2024;0,0;6,0;;LARISSA;28/1/2025;28/1/2025;Conciliado;01/02/2025;;;;;;;R$ 18.384,84;R$ 18.384,84;R$ 40.731,36;;Coelba;ETEMILSON/JAILTON;ETEMILSON/JAILTON;18/2/2025;Aceita;Março;;28/2/2025;Sim;90;80;JACOBINA;;;;;;;;;;;;;;;;;;;;
UTEP;B-1113871;ER-CCOL-POV-LAGOA DO GAVIAO-RURAL;GAVIÃO;25/02/2025;15/03/2025;18,0;18,0;;ALEXANDRE;20/3/2025;20/3/2025;Conciliado;;Aprovado;20/03/2025;;;R$ 1.348,79;R$ 3.426,12;R$ 37.026,00;R$ 41.800,91;R$ 117.880,20;;Coelba;DURVAL;JOSÉ MISAEL;25/4/2025;Aceita;Maio;;5/5/2025;Sim;69;41;JACOBINA;;;;;;;;;;;;;;;;;;;;
UTEP;B-1189348;IE-REGULADOR-JCB-09N4-R029404;OUROLÂNDIA;26/02/2025;01/03/2025;3,0;4,0;;LARISSA;30/04/2025;30/04/2025;Conciliado;02/05/2025;;;;;;R$ 761,37;R$ 5.699,10;R$ 6.460,47;R$ 499.255,60;;Coelba;RAFAEL;ELIEZER;22/5/2025;Aceita;Julho;;5/7/2025;Sim;129;82;JACOBINA;;;;;;;;;;;;;;;;;;;;
LPT;B-1073798;ER-CIND-POV-OLHOS DAGUA-RURAL;CAMPO FORMOSO;26/02/2025;01/04/2025;34,0;21,0;9;LARISSA;10/4/2025;10/4/2025;Conciliado;16/04/2025;;;;;;R$ 3.997,18;R$ 41.321,89;R$ 45.319,07;R$ 67.281,19;;Coelba;EDILECIO;EUDARIO;22/4/2025;Aceita;Maio;;25/4/2025;Sim;58;21;JACOBINA;;;;;;;;;;;;;;;;;;;;
UTEP;B1152842;AL-COEL-POV-BAIXO ZE FELIX-RURAL;OUROLÂNDIA;26/02/2025;01/03/2025;3,0;6,0;;LARISSA;;;DESENHAR ;;;;;;;R$ 1.142,04;;R$ 1.142,04;R$ 311.231,88;Aguardando retorno Coelba;Sipel;RAFAEL;ANDERSON;;Á fechar;Janeiro;2026.0;;Nao;323;320;JACOBINA;;;;;;;;;;;;;;;;;;;;
UTEP;B-1153564;ER-CIND-SI-GENIO 500-RURAL;CAMPO FORMOSO;27/02/2025;12/03/2025;13,0;4,0;;RAFAELLA;20/3/2025;20/3/2025;Conciliado;;;;;;;;R$ 6.502,81;R$ 6.502,27;R$ 17.629,47;;Coelba;EDILECIO;ANTONIO;2/4/2025;Aceita;Abril;;11/4/2025;Sim;43;21;JACOBINA;;;;;;;;;;;;;;;;;;;;
UTEP;B-1148930;ER-CIND-FAZ BAIXA DE OSEIAS-RURAL;OUROLÂNDIA;19/02/2025;20/02/2025;1,0;3,0;;ALEXANDRE;26/2/2025;26/2/2025;Conciliado;27/02/2025;;;;;;;R$ 5.704,86;R$ 5.704,86;R$ 22.028,45;;Coelba;DURVAL;RODRIGO;7/3/2025;Aceita;Março;;10/3/2025;Sim;19;15;JACOBINA;;;;;;;;;;;;;;;;;;;;
UTEP;B-1149548;ER-CIND-RUA-CENTRAL DE ALAZAO-RURAL;OUROLÂNDIA;27/02/2025;10/03/2025;11,0;3,0;;RAFAELLA;21/3/2025;21/3/2025;Conciliado;;;;;;R$ 3.010,00;;R$ 5.730,00;R$ 5.730,20;R$ 24.552,88;;Coelba;EDILECIO;ELIEZER;31/3/2025;Aceita;Abril;;9/4/2025;Sim;41;21;JACOBINA;;;;;;;;;;;;;;;;;;;;
UTEP;B-1151697;AC-CIND-RUA-NOVA-RURAL;OUROLÂNDIA;27/02/2025;29/03/2025;30,0;1,0;;ALEXANDRE;26/4/2025;26/4/2025;Conciliado;06/05/2025;Aprovado;26/04/2025;;26/04/2025;R$ 3.429,10;R$ 190,34;R$ 1.921,81;R$ 5.541,25;R$ 23.871,59;;Coelba;EDILECIO;ELIEZER;9/5/2025;Aceita;Maio;;12/5/2025;Sim;74;41;JACOBINA;;;;;;;;;;;;;;;;;;;;
UTEP;B-1161918;AC-CIND-POV-LAGOA DO PORCO-RURAL;CAMPO FORMOSO;28/02/2025;08/03/2025;8,0;9,0;;ALEXANDRE;5/3/2025;5/3/2025;Conciliado;03/04/2025;Aprovado;;;;R$ 3.085,71;;R$ 20.924,50;R$ 24.010,21;R$ 108.046,82;;Coelba;EDILECIO;EUDARIO;14/4/2025;Aceita;Abril;;23/4/2025;Sim;54;37;JACOBINA;;;;;;;;;;;;;;;;;;;;
LPT;B-1115432;MP-CIND-FAZ-ABOBORAS-RURAL;OUROLÂNDIA;28/02/2025;14/03/2025;14,0;24,0;1;ALEXANDRE;17/3/2025;17/3/2025;Conciliado;03/04/2025;Aprovado;;;;R$ 1.636,00;;R$ 48.729,00;R$ 50.365,00;R$ 267.309,73;;Coelba;EDILECIO;ELIEZER;14/4/2025;Aceita;Abril;;17/4/2025;Sim;48;31;JACOBINA;;;;;;;;;;;;;;;;;;;;
UTEP;B-1151445;ER-CIND-POV-BARRIGUDA BRASILIA-RURAL;UMBURANAS;28/02/2025;07/04/2025;38,0;8,0;;EMILLE;08/04/2025;08/04/2025;Conciliado;12/04/2025;Aprovado;29/04/2025;Almoxarifado;09/04/2025;R$ 3.429,10;R$ 1.522,73;R$ 12.557,00;R$ 17.508,83;R$ 62.824,07;;Coelba;EDILECIO;LUCIANO;4/7/2025;Aceita;Julho;;10/7/2025;Sim;132;88;JACOBINA;;;;;;;;;;;;;;;;;;;;
UTEP;B-1148749;UB-CIND-RUA-ANTONIO JOSE;OUROLÂNDIA;01/03/2025;29/03/2025;28,0;2,0;;ALEXANDRE;4/4/2025;4/4/2025;Conciliado;;;;;;;;R$ 4.435,37;R$ 4.435,37;R$ 43.516,24;;Coelba;GABRIEL;ELIEZER;17/4/2025;Aceita;Abril;;;Sim;320;19;JACOBINA;;;;;;;;;;;;;;;;;;;;
UTEP;B-1128957;RC-SEIN-POV-DAS PEDRAS-PEDRAS;CAMPO FORMOSO;07/03/2025;06/03/2025;-1,0;2,0;;RAFAELLA;26/3/2025;26/3/2025;Conciliado;26/03/2025;;;;;R$ 4.854,46;;R$ 2.432,86;R$ 7.287,32;R$ 23.724,88;;Coelba;EDILECIO;EUDARIO/ANTONIO;4/4/2025;Aceita;Abril;;8/4/2025;Sim;32;29;JACOBINA;;;;;;;;;;;;;;;;;;;;
LPT;B-1065719;MP-CIND-POV-QUEIMADA NOVA-RURAL;MIGUEL CALMON;11/03/2025;08/04/2025;28,0;16,0;1;ALEXANDRE;9/4/2025;9/4/2025;Conciliado;23/04/2025;Aprovado;15/05/2025;Movimentado;25/04/2025;R$ 3.164,44;R$ 3.045,47;R$ 25.744,96;R$ 31.954,87;R$ 70.133,36;;Coelba;GABRIEL;JOSÉ MISAEL;19/5/2025;Aceita;Maio;;22/5/2025;Sim;72;41;JACOBINA;;;;;;;;;;;;;;;;;;;;
UTEP;B-1114135;RR-CIND-FAZ-CANABRAVA-RURAL;MUNDO NOVO;11/03/2025;20/03/2025;9,0;8,0;;LARISSA;31/3/2025;31/3/2025;Conciliado;04/04/2025;;;;;R$ 456,55;;R$ 13.861,46;R$ 13.861,46;R$ 42.327,88;;Coelba;GABRIEL;EDILSON HEMORGENES;15/4/2025;Aceita;Abril;;22/4/2025;Sim;42;26;JACOBINA;;;;;;;;;;;;;;;;;;;;
UTEP;B-1168683;ER-CCOL-RCL-FAZ-PILOES-RURAL;CAMPO FORMOSO;11/03/2025;12/03/2025;1,0;5,0;;ALEXANDRE;27/3/2025;27/3/2025;Conciliado;04/04/2025;;04/04/2025;;;;;R$ 8.794,52;R$ 8.794,52;R$ 35.769,22;;Coelba;EDILECIO;EUDARIO;15/4/2025;Aceita;Abril;;;Sim;310;34;JACOBINA;;;;;;;;;;;;;;;;;;;;
LPT;B-1149468;ER - CIND POV S O JOS 1375 - RURAL;UMBURANAS;12/03/2025;08/04/2025;27,0;3,0;2;ALEXANDRE;10/4/2025;10/4/2025;Conciliado;11/04/2025;Aprovado;10/04/2025;;;R$ 2.629,74;R$ 571,03;R$ 5.253,13;R$ 8.453,90;R$ 22.869,35;;Coelba;GABRIEL;LUCIANO;23/4/2025;Aceita;Maio;;24/4/2025;Sim;43;15;JACOBINA;;;;;;;;;;;;;;;;;;;;
UTEP;B-1130072;ER-CIND-FAZ-BOM SOSSEGO-RURAL;UMBURANAS;13/03/2025;08/04/2025;26,0;15,0;;LARISSA;10/4/2025;10/4/2025;Conciliado;17/04/2025;;;;;R$ 724,74;R$ 2.855,13;R$ 27.099,29;R$ 30.679,16;R$ 143.881,45;;Coelba;DICTON;LUCIANO;22/4/2025;Aceita;Maio;;24/4/2025;Sim;42;14;JACOBINA;;;;;;;;;;;;;;;;;;;;
UTEP;B-1145254;ER-CIND-POV-LAGEDO RASO-RURAL;CAMPO FORMOSO;13/03/2025;12/03/2025;-1,0;5,0;;RAFAELLA;27/3/2025;27/3/2025;Conciliado;27/03/2025;;;;;;;R$ 16.431,38;R$ 16.431,38;R$ 29.446,95;;Coelba;EDILECIO;EUDARIO;3/4/2025;Aceita;Abril;;;Sim;308;22;JACOBINA;;;;;;;;;;;;;;;;;;;;
UTEP;B-1035980;MP- CIND - POV.MANICOBA;PIRITIBA;15/03/2025;10/04/2025;26,0;14,0;;ALEXANDRE;15/4/2025;15/4/2025;Conciliado;07/05/2025;Aprovado;14/04/2025;Movimentado;;R$ 1.849,58;R$ 2.664,78;R$ 24.046,89;R$ 28.561,25;R$ 134.719,83;;Coelba;GABRIEL;JOSE MIZAEL;15/5/2025;Aceita;Maio;;20/5/2025;Sim;66;35;JACOBINA;;;;;;;;;;;;;;;;;;;;
LPT;B-1097767;ER-CIND-FAZ-BREJO-RURAL;MIRANGABA;19/03/2025;08/04/2025;20,0;13,0;1;RAFAELLA;16/4/2025;15/4/2025;Conciliado;16/04/2025;;;;;R$ 4.149,61;R$ 2.474,42;R$ 21.029,06;R$ 27.653,09;R$ 69.943,57;;Coelba;GABRIEL;ELIEZER;9/5/2025;Aceita;Maio;;;Sim;302;31;JACOBINA;;;;;;;;;;;;;;;;;;;;
UTEP;B-1176820;UB-CIND-RUA-CELINO DA SILVA 20-CENTRO-TI;CAMPO FORMOSO;19/03/2025;25/03/2025;6,0;2,0;N/a;ALEXANDRE;27/3/2025;27/3/2025;Conciliado;15/04/2025;;;;;;;R$ 5.064,55;R$ 5.064,55;R$ 18.355,85;;Coelba;EDLERCIO;EUDARIO;16/4/2025;Aceita;Abril;;23/4/2025;Sim;35;22;JACOBINA;;;;;;;;;;;;;;;;;;;;
UTEP;B-1151265;ER CIND FAZ BAIXA DA MINA RURAL;CAMPO FORMOSO;20/03/2025;11/04/2025;22,0;4,0;;ALEXANDRE;14/4/2025;14/4/2025;Conciliado;17/04/2025;;;;;;R$ 761,37;R$ 7.045,36;R$ 7.806,73;R$ 24.119,08;;Coelba;EDLERCIO;EUDARIO;17/4/2025;Aceita;Maio;;24/4/2025;Sim;35;6;JACOBINA;;;;;;;;;;;;;;;;;;;;
UTEP;B-1165228;UB-CIND-RUA JURACY BORGES-CENTRO;PIRITIBA;21/03/2025;08/04/2025;18,0;6,0;;ALEXANDRE;10/4/2025;10/4/2025;Conciliado;30/04/2025;;;Movimentado;08/05/2025;;R$ 1.142,05;R$ 9.712,04;R$ 10.854,09;R$ 41.271,04;;Coelba;GABRIEL;JOSE MIZAEL;15/5/2025;Aceita;Maio;;20/5/2025;Sim;60;37;JACOBINA;;;;;;;;;;;;;;;;;;;;
UTEP;B-1173475;ER-CERB-POV-SANTO ANTONIO-RURAL;CAMPO FORMOSO;21/03/2025;25/03/2025;4,0;1,0;;ALEXANDRE;5/4/2025;4/4/2025;Conciliado;28/04/2025;Aprovado;28/04/2025;Movimentado;09/04/2025;R$ 3.429,10;R$ 190,34;R$ 3.379,70;R$ 6.999,14;R$ 25.216,99;;Coelba;EDILECIO;ANTONIO;15/5/2025;Aceita;Maio;;19/5/2025;Sim;59;51;JACOBINA;;;;;;;;;;;;;;;;;;;;
LPT;B-1157858;ER-CIND-POV-LAGEDO RASO-TIQUARA;CAMPO FORMOSO;31/01/2025;12/02/2025;12,0;3,0;1;RAFAELLA;22/2/2025;22/2/2025;Solicitado;;;;Criaçao;;;;R$ 5.480,22;R$ 5.480,22;R$ 19.021,39;;Coelba;ALAN;/MARIO;5/3/2025;Aceita;Março;;7/3/2025;Sim;35;21;JACOBINA;;;;;;;;;;;;;;;;;;;;
UTEP;B-1158444;ER-SEIN-RUA-MOISES LOPES-BARRA NOVA;MIGUEL CALMON;12/12/2024;16/12/2024;4,0;2,0;;RAFAELLA;18/12/2024;18/12/2024;Conciliado;19/12/2024;;;Movimentado;;;;R$ 3.155,33;R$ 3.155,33;R$ 17.311,29;;Coelba;RENATO/ANTONIO;RENATO/ANTONIO;6/1/2025;Aceita;Janeiro;;;Sim;399;21;JACOBINA;;;;;;;;;;;;;;;;;;;;
UTEP;B-1159187;UB-CIND-FAZ-JOAO BARRADAS-RURAL;VÁRZEA DO POÇO;11/12/2024;14/12/2024;3,0;10,0;;LARISSA;14/1/2025;14/1/2025;Conciliado;;;;;;;;R$ 16.138,25;R$ 16.138,25;R$ 29.122,31;;Coelba;ETEMILSON/HERMGENES;ETEMILSON/HERMGENES;17/1/2025;Aceita;Janeiro;;20/1/2025;Sim;40;34;JACOBINA;;;;;;;;;;;;;;;;;;;;
UTEP;B-1159518;ER-CIND-FAZ-FLORES-RURAL;MAIRI;04/12/2024;05/12/2024;1,0;3,0;;RAFAELLA;21/1/2025;21/1/2025;Conciliado;21/01/2025;;;Movimentado;;;;R$ 5.414,89;R$ 5.414,89;R$ 19.458,23;;Coelba;RENATO/ANTONIO;RENATO/ANTONIO;10/2/2025;Aceita;Fevereiro;;14/2/2025;Sim;72;67;JACOBINA;;;;;;;;;;;;;;;;;;;;
UTEP;B-1159520;UB-CIND-RUA-MANDACARU-TIQUARA;CAMPO FORMOSO;22/03/2025;10/04/2025;19,0;7,0;;ALEXANDRE;23/4/2025;23/4/2025;Conciliado;29/04/2025;Aprovado;;;23/04/2025;;R$ 1.332,39;R$ 18.839,92;R$ 20.172,31;R$ 34.592,90;;Coelba;EDLERCIO;EUDARIO;5/5/2025;Aceita;Maio;;8/5/2025;Sim;47;25;JACOBINA;;;;;;;;;;;;;;;;;;;;
UTEP;B-1159775;ER-CIND-FAZ-PORCOES DE DENTRO-RURAL;CAEM;04/12/2024;06/12/2024;2,0;2,0;;LARISSA;28/1/2025;28/1/2025;Conciliado;01/02/2025;;;;;;;R$ 3.494,63;R$ 3.494,63;R$ 12.127,41;;Coelba;ETEMILSON/HERMOGENES;ETEMILSON/HERMOGENES;10/2/2025;Aceita;Fevereiro;;12/2/2025;Sim;70;66;JACOBINA;;;;;;;;;;;;;;;;;;;;
UTEP;B-1159778;UB-CIND-RUA-BOA VISTA-CENTRO;CAEM;17/12/2024;02/01/2025;16,0;3,0;;ALEXANDRE;2/1/2025;2/1/2025;Conciliado;07/01/2025;;;Movimentado;;;;R$ 4.922,67;R$ 4.922,67;R$ 18.110,80;;Coelba;RENATO;EUDARIO;9/1/2025;Aceita;Janeiro;;17/1/2025;Sim;31;7;JACOBINA;;;;;;;;;;;;;;;;;;;;
LPT;B-1151038;ER-CCOL-FAZ-PINDOBEIRA-RURAL;PIRITIBA;24/03/2025;08/04/2025;15,0;14,0;1;LARISSA;11/4/2025;11/4/2025;Conciliado;17/04/2025;;;;;R$ 3.164,44;R$ 2.664,76;R$ 22.116,73;R$ 27.945,93;R$ 126.327,14;;Coelba;GABRIEL;JOSE MIZAEL;30/4/2025;Aceita;Maio;;6/5/2025;Sim;43;22;JACOBINA;;;;;;;;;;;;;;;;;;;;
UTEP;B-1160135;ER-CIND-RUA-DAS FLORES-RURAL;OUROLÂNDIA;14/12/2024;15/12/2024;1,0;3,0;;RAFAELLA;22/1/2025;22/1/2025;Conciliado;22/01/2025;;;Criaçao;;;;R$ 4.830,20;R$ 4.830,20;R$ 20.739,54;;Coelba;ETEMILSON/HERMGENES;ETEMILSON/HERMGENES;29/1/2025;Aceita;Fevereiro;;30/1/2025;Sim;47;45;JACOBINA;;;;;;;;;;;;;;;;;;;;
LPT;B-1151807;ER-CIND-POV-VARGEM DO SAL;CAMPO FORMOSO;25/03/2025;11/04/2025;17,0;5,0;;ALEXANDRE;25/4/2025;25/4/2025;Conciliado;02/05/2025;Aprovado;25/04/2025;Movimentado;;R$ 1.840,08;R$ 951,71;R$ 15.350,65;R$ 16.513,47;R$ 50.830,09;;Coelba;EDILECIO;EUDÁRIO;9/4/2025;Aceita;Maio;;14/5/2025;Sim;50;-2;JACOBINA;;;;;;;;;;;;;;;;;;;;
UTEP;B-1011761;IS-CIND-POV-TOCA DA NOVILHA 195-RURAL;CAMPO FORMOSO;26/03/2025;10/04/2025;15,0;3,0;;LARISSA;12/4/2025;12/4/2025;Conciliado;23/04/2025;;;;;;R$ 571,03;R$ 10.629,44;R$ 11.200,47;R$ 36.720,86;;Coelba;EDILECIO;ANTONIO;28/4/2025;Aceita;Maio;;6/5/2025;Sim;41;18;JACOBINA;;;;;;;;;;;;;;;;;;;;
UTEP;B-1073346;LD-CIND-PR.GALDINO VITORIA-RURAL;MUNDO NOVO;28/03/2025;10/04/2025;13,0;2,0;;LARISSA;14/4/2025;14/4/2025;Conciliado;24/05/2025;;;;;R$ 4.182,21;R$ 380,68;R$ 3.570,32;R$ 8.133,21;R$ 27.036,75;;Coelba;GABRIEL;HERMOGENES;29/4/2025;Aceita;Maio;;8/5/2025;Sim;41;19;JACOBINA;;;;;;;;;;;;;;;;;;;;
UTEP;B-1094013;AC CIND PO LAGOA CAVADA RURAL CPF;CAMPO FORMOSO;28/03/2025;10/04/2025;13,0;11,0;;LARISSA;14/4/2025;14/4/2025;Conciliado;24/04/2025;;;;;;R$ 2.093,76;R$ 17.810,44;R$ 19.904,20;R$ 127.909,10;;Coelba;EDILECIO;JAIRO;26/4/2025;Aceita;Maio;;15/5/2025;Sim;48;16;JACOBINA;;;;;;;;;;;;;;;;;;;;
UTEP;B-1160614;AC-CIND-FAZ-GRUNA-RURAL;UMBURANAS;28/03/2025;07/04/2025;10,0;1,0;;LARISSA;14/4/2025;14/4/2025;Conciliado;22/04/2025;;;;;R$ 712,82;R$ 190,34;R$ 5.223,60;R$ 6.126,76;R$ 32.368,46;;Coelba;GABRIEL;LUCIANO;25/4/2025;Aceita;Maio;;8/5/2025;Sim;41;18;JACOBINA;;;;;;;;;;;;;;;;;;;;
UTEP;B-1098880;AC-CIND-AV-SEVERINO RIBEIRO GRAN-CENTRO;UMBURANAS;29/03/2025;07/04/2025;9,0;1,0;;RAFAELLA;07/04/2025;7/4/2025;Conciliado;08/04/2025;Aprovado;;;;R$ 3.429,10;;R$ 2.356,50;R$ 5.785,60;R$ 27.740,82;;Coelba;GABRIEL;LUCIANO;16/4/2025;Aceita;Abril;;17/4/2025;Sim;19;9;JACOBINA;;;;;;;;;;;;;;;;;;;;
UTEP;B-1161046;ER-CIND-POV-GAMELEIRA I-GAMELEIRA I;CAMPO FORMOSO;27/12/2024;02/01/2025;6,0;2,0;;LARISSA;3/1/2025;3/1/2025;Conciliado;;;;;;;;R$ 6.340,06;R$ 6.340,06;R$ 54.114,63;;Coelba;DURVAL;;7/3/2025;Aceita;Março;;11/3/2025;Sim;74;64;JACOBINA;;;;;;;;;;;;;;;;;;;;
UTEP;B-1100444;ER-CIND-POV-ALDEIA VELHA-RURAL;CAMPO FORMOSO;29/03/2025;09/04/2025;11,0;17,0;;LARISSA;10/4/2025;10/4/2025;Conciliado;24/04/2025;;;;;;R$ 2.093,76;R$ 18.101,76;R$ 20.195,52;R$ 109.594,38;;Coelba;EDILECIO;ANTONIO;26/4/2025;Aceita;Maio;;6/5/2025;Sim;38;17;JACOBINA;;;;;;;;;;;;;;;;;;;;
UTEP;B-1161251;UB-CIND-RUA-DA LINHA 1-CENTRO;PINDOBAÇU;21/12/2024;23/12/2024;2,0;12,0;;LARISSA;14/1/2025;;Conciliado;;;;;;;;R$ 22.264,24;R$ 22.264,24;R$ 70.096,68;;Coelba;;;17/1/2025;Aceita;Janeiro;;20/1/2025;Sim;30;25;JACOBINA;;;;;;;;;;;;;;;;;;;;
UTEP;B-1134261;MP CIND POV VERDADEIRA RURAL;UMBURANAS;29/03/2025;07/04/2025;9,0;15,0;;LARISSA;07/04/2025;07/04/2025;Conciliado;08/04/2025;;;;;R$ 1.348,79;;R$ 32.094,20;R$ 33.442,99;R$ 169.574,89;;Coelba;GABRIEL;ELIEZER;16/4/2025;Aceita;Abril;;17/04/2025;Sim;19;9;JACOBINA;;;;;;;;;;;;;;;;;;;;
UTEP;B-1161490;UB-CIND-AV-TANCREDO NEVES-CENTRO;;21/12/2024;23/12/2024;2,0;3,0;;RAFAELLA;30/1/2025;30/1/2025;Solicitado;;;;;;;;R$ 5.189,43;R$ 5.189,43;R$ 30.441,50;;Coelba;;;25/2/2025;Aceita;Março;;7/3/2025;Sim;76;64;JACOBINA;;;;;;;;;;;;;;;;;;;;
UTEP;B-1164050;ER-CIND-FAZ-CAMPINAS-CAMPINHOS;CAMPO FORMOSO;20/12/2024;02/01/2025;13,0;1,0;;ALEXANDRE;2/1/2025;2/1/2025;Conciliado;07/01/2025;;;Movimentado;;;;R$ 1.825,05;R$ 1.825,05;R$ 7.077,76;;Coelba;RENATO;RENATO;10/1/2025;Aceita;Janeiro;;;Sim;391;8;JACOBINA;;;;;;;;;;;;;;;;;;;;
LPT;B-1148818;MP-CIND-POV-AVN PRINCIPAL-JEQUITIBA RURA;MUNDO NOVO;29/03/2025;09/04/2025;11,0;23,0;;RAFAELLA;12/4/2025;11/4/2025;Conciliado;14/04/2025;Aprovado;;;;R$ 1.897,09;R$ 4.377,86;R$ 41.183,01;R$ 47.457,96;R$ 199.621,70;;Coelba;GABRIEL;JOÃOZITO;24/4/2025;Aceita;Maio;;6/5/2025;Sim;38;15;JACOBINA;;;;;;;;;;;;;;;;;;;;
UTEP;B-1173826;ER-CIND-RUA-DO PREDIO-RURAL DELFINO;UMBURANAS;29/03/2025;08/04/2025;10,0;4,0;;RAFAELLA;9/4/2025;9/4/2025;Conciliado;14/04/2025;;;;;;;R$ 6.449,20;R$ 6.449,20;R$ 27.457,75;;Coelba;GABRIEL;LUCIANO;16/4/2025;Aceita;Abril;;17/4/2025;Sim;19;8;JACOBINA;;;;;;;;;;;;;;;;;;;;
UTEP;B-0924090;ER-CIND-POV CANJERANA-URBANO;MUNDO NOVO;31/03/2025;11/04/2025;11,0;8,0;;ALEXANDRE;3/5/2025;3/5/2025;Conciliado;06/05/2025;Aprovado;03/05/2025;Movimentado;;R$ 2.171,25;R$ 1.522,73;R$ 13.606,59;R$ 17.300,57;R$ 30.506,54;;Coelba;GABRIEL;HEMORGENES;16/5/2025;Aceita;Maio;;20/5/2025;Sim;50;35;JACOBINA;;;;;;;;;;;;;;;;;;;;
UTEP;B-1148629;ER-CIND-FAZ-QUEIMADA NOVA-RURAL;BAIXA GRANDE;31/03/2025;11/04/2025;11,0;2,0;;LARISSA;14/4/2025;14/4/2025;Conciliado;25/04/2025;;;;;R$ 3.178,04;R$ 380,68;R$ 3.064,56;R$ 6.623,28;R$ 13.421,46;;Coelba;GABRIEL;JOSÉ MISAEL;8/5/2025;Aceita;Maio;;14/5/2025;Sim;44;27;JACOBINA;;;;;;;;;;;;;;;;;;;;
UTEP;B-1161168;MP-CIND-POV LAGEDO RASO-TIQUARA-RURAL;CAMPO FORMOSO;31/03/2025;10/04/2025;10,0;15,0;;LARISSA;14/4/2025;14/4/2025;Conciliado;25/04/2025;;;;;;R$ 2.855,10;R$ 43.776,35;R$ 46.631,45;R$ 136.141,73;;Coelba;EDILECIO;ANTONIO;29/4/2025;Aceita;Maio;;8/5/2025;Sim;38;19;JACOBINA;;;;;;;;;;;;;;;;;;;;
LPT;B-1146336;RR-CIND-POV-CURRALINHO-RURAL;CAMPO FORMOSO;01/04/2025;11/04/2025;10,0;12,0;2;ALEXANDRE;22/4/2025;22/4/2025;Conciliado;23/04/2025;Aprovado;;Movimentado;;;R$ 2.284,08;R$ 34.567,83;R$ 36.851,91;R$ 95.944,40;;Coelba;EDILECIO;ANTONIO;15/5/2025;Aceita;Maio;;17/5/2025;Sim;46;34;JACOBINA;;;;;;;;;;;;;;;;;;;;
LPT;B-1098618;MP CIND POV EUCALIPTO RURAL;MUNDO NOVO;02/04/2025;09/04/2025;7,0;38,0;2;RAFAELLA;11/4/2025;10/4/2025;Conciliado;12/04/2025;Aprovado;;;;R$ 3.164,45;;R$ 73.701,22;R$ 76.865,67;R$ 458.625,84;;Coelba;GABRIEL;HEMORGENES;16/4/2025;Aceita;Abril;;17/4/2025;Sim;15;7;JACOBINA;;;;;;;;;;;;;;;;;;;;
LPT;B-1146061;ER-CIND-SI-GENIO-RURAL;CAMPO FORMOSO;02/04/2025;11/04/2025;9,0;5,0;1;LARISSA;15/4/2025;15/4/2025;Conciliado;26/04/2025;;;Movimentado;;;R$951,71;R$ 8.184,71;R$ 8.184,71;R$ 50.535,86;;Coelba;;;9/6/2025;Aceita;Junho;;14/6/2025;Sim;73;59;JACOBINA;;;;;;;;;;;;;;;;;;;;
LPT;B-1177859;KIT - CIND-SI-GENIO-RURAL;CAMPO FORMOSO;02/04/2025;11/04/2025;9,0;;;LARISSA;15/4/2025;15/4/2025;;;;;;;;;R$ 341,27;R$ 341,27;;APTA PARA UNITIZAÇÃO;Coelba;;;9/6/2025;Aceita;Junho;;14/6/2025;Sim;73;59;JACOBINA;;;;;;;;;;;;;;;;;;;;
LPT;B-1177860;MED - CIND-SI-GENIO-RURAL;CAMPO FORMOSO;02/04/2025;11/04/2025;9,0;;;LARISSA;15/4/2025;15/4/2025;;;;;;;;;R$ 179,25;R$ 179,25;;;Coelba;;;9/6/2025;Aceita;Junho;;14/6/2025;Sim;73;59;JACOBINA;;;;;;;;;;;;;;;;;;;;
LPT;B-1180695;ER-CIND-FAZ-PILOES-RURAL;CAMPO FORMOSO;02/04/2025;10/04/2025;8,0;5,0;3;LARISSA;15/4/2025;15/4/2025;Conciliado;26/04/2025;;;Movimentado;;;R$ 951,70;R$ 7.462,18;R$ 8.413,88;R$ 27.603,92;;Coelba;EDILECIO;ANTONIO;29/4/2025;Aceita;Maio;;13/5/2025;Sim;41;19;JACOBINA;;;;;;;;;;;;;;;;;;;;
LPT;B-1166347;ER-CIND-RUA-RURAL-CENTRO-IBIAPORA;MUNDO NOVO;03/04/2025;11/04/2025;8,0;4,0;1;LARISSA;15/4/2025;15/4/2025;Conciliado;28/04/2025;;;;;;R$ 761,37;R$ 6.371,41;R$ 7.132,78;R$ 32.490,63;;Coelba;GABRIEL;JOÃOZITO;14/5/2025;Aceita;Maio;;17/5/2025;Sim;44;33;JACOBINA;;;;;;;;;;;;;;;;;;;;
UTEP;B-1168718;ER-CIND-POV-PINDOBEIRA 165-PINDOBEIRA;TAPIRAMUTÁ;03/04/2025;10/04/2025;7,0;7,0;;LARISSA;15/4/2025;15/4/2025;Conciliado;26/04/2025;;;;;;R$ 1.332,39;R$ 10.653,96;R$ 11.986,35;R$ 39.584,47;;Coelba;GABRIEL;JOSÉ MISAEL;29/4/2025;Aceita;Maio;;9/5/2025;Sim;36;19;JACOBINA;;;;;;;;;;;;;;;;;;;;
UTEP;B-1174597;UB-CIND-RUA-WILSON OLIVEIRA-CONTORN S J;CAPIM GROSSO;13/12/2024;16/12/2024;3,0;0,0;;RAFAELLA;28/1/2025;28/1/2025;Conciliado;28/01/2025;;;Movimentado;;;;R$ 631,37;R$ 631,37;R$ 11.291,08;;Coelba;DURVAL/EDILSON;DURVAL/EDILSON;5/2/2025;Aceita;Fevereiro;;7/2/2025;Sim;56;51;JACOBINA;;;;;;;;;;;;;;;;;;;;
UTEP;B-1167501;UB-CIND-RUA-DO COLEGIO 16-CENTRO;TAPIRAMUTÁ;04/04/2025;10/04/2025;6,0;1,0;;LARISSA;15/4/2025;15/4/2025;Conciliado;28/04/2025;;;;;;R$ 190,34;R$ 1.792,75;R$ 1.983,09;R$ 9.630,70;;Coelba;GABRIEL;JOSÉ MIZAEL;29/4/2025;Aceita;Maio;;9/5/2025;Sim;35;19;JACOBINA;;;;;;;;;;;;;;;;;;;;
LPT;B-1144572;ER-CIND-RUA-PAU DE COLHER-CAATINGA MOURA;JACOBINA;08/04/2025;29/03/2025;-10,0;8,0;1;LARISSA;07/04/2025;07/04/2025;Conciliado;02/05/2025;Solicitado;;;;R$ 3.963,80;R$ 1.522,73;R$ 12.826,69;R$ 16.790,49;R$ 70.282,89;;Coelba;GABRIEL;ELIEZER;13/5/2025;Aceita;Maio;;16/5/2025;Sim;38;45;JACOBINA;;;;;;;;;;;;;;;;;;;;
UTEP;B-1170699;AC-CIND-FAZ-SALGADO-ITALEGRE;BAIXA GRANDE;14/04/2025;28/04/2025;14,0;1,0;;ALEXANDRE;30/04/2025;30/04/2025;Conciliado;20/05/2025;Aprovado;;Movimentado;;R$ 3.429,00;R$ 190,34;R$ 1.961,51;R$ 5.580,85;R$ 29.932,31;;Coelba;GABRIEL;HEMORGENES;21/5/2025;Aceita;Junho;;27/05/2025;Sim;43;23;JACOBINA;;;;;;;;;;;;;;;;;;;;
UTEP;B-1161896;ER-CCOL-FAZ-MOITA GRANDE-PAULISTA;MIRANGABA;15/04/2025;21/04/2025;6,0;2,0;;LARISSA;30/04/2025;30/04/2025;Conciliado;;;;;;R$ 2.629,74;R$ 380,68;R$ 3.386,72;R$ 6.397,14;R$ 13.539,03;;Coelba;GABRIEL;ELIEZER;15/5/2025;Aceita;Maio;;20/5/2025;Sim;35;24;JACOBINA;;;;;;;;;;;;;;;;;;;;
LPT;B-1089493;ER-CIND-FAZ-BREJO-BREJO;BAIXA GRANDE;12/04/2025;27/04/2025;15,0;11,0;;ALEXANDRE;2/5/2025;2/5/2025;Conciliado;;Aprovado;;Movimentado;;R$ 1.619,97;R$ 2.093,76;R$ 17.295,76;R$ 21.009,49;R$ 62.858,25;;Coelba;GABRIEL;HEMORGENES;19/5/2025;Aceita;Maio;;23/5/2025;Sim;41;22;JACOBINA;;;;;;;;;;;;;;;;;;;;
UTEP;B-1189780;ER-CIND-POV-CALDEIRAO GRANDE-RURAL;PIRITIBA;16/04/2025;02/05/2025;16,0;3,0;;EMILLE;3/5/2025;3/5/2025;Conciliado;;;;;;;R$ 571,03;R$ 4.564,33;R$ 5.135,36;R$ 17.384,79;;Coelba;GABRIEL;JOSÉ MISAEL;9/5/2025;Aceita;Maio;;;Sim;274;7;JACOBINA;;;;;;;;;;;;;;;;;;;;
UTEP;B-1112161;UB-CIND-AV-ALVINO RODRIGUES-CENTRO-MOD;OUROLÂNDIA;16/04/2025;21/04/2025;5,0;13,0;;ALEXANDRE;1/5/2025;1/5/2025;Conciliado;14/05/2025;Aprovado;01/05/2025;Movimentado;01/05/2025;R$ 3.438,60;R$ 2.474,44;R$ 38.231,88;R$ 44.144,92;R$ 218.530,78;;Coelba;GABRIEL;ELIEZER;15/5/2025;Aceita;Maio;;20/5/2025;Sim;34;24;JACOBINA;;;;;;;;;;;;;;;;;;;;
LPT;B-1146840;ER-SEIN-FAZ-GUANABARA-RURAL-INDAI;MUNDO NOVO;17/04/2025;17/04/2025;0,0;29,0;1;LARISSA;29/4/2025;29/4/2025;Conciliado;02/05/2025;;;;;;R$ 5.519,91;R$ 48.298,34;R$ 53.818,25;R$ 223.783,24;;Coelba;GABRIEL;HEMORGENES;15/5/2025;Aceita;Maio;;23/5/2025;Sim;36;28;JACOBINA;;;;;;;;;;;;;;;;;;;;
LPT;B-1194276;KIT - FAZ-GUANABARA-RURAL-INDAI;MUNDO NOVO;17/04/2025;17/04/2025;0,0;;;LARISSA;29/4/2025;29/4/2025;;;;;;;;;R$ 341,27;R$ 341,27;;;Coelba;GABRIEL;HEMORGENES;15/5/2025;Aceita;Junho;;26/5/2025;Sim;39;28;JACOBINA;;;;;;;;;;;;;;;;;;;;
LPT;B-1194311;MED -  FAZ-GUANABARA-RURAL-INDAI;MUNDO NOVO;17/04/2025;17/04/2025;0,0;;;LARISSA;;;;;;;;;;;R$ 179,25;R$ 179,25;;;Coelba;GABRIEL;hEMORGENES;15/5/2025;Aceita;Junho;;26/5/2025;Sim;39;28;JACOBINA;;;;;;;;;;;;;;;;;;;;
UTEP;B-1188710;ER-CIND-POV-MANICOBA-RURAL;PIRITIBA;17/04/2025;02/05/2025;15,0;4,0;;ALEXANDRE;9/5/2025;9/5/2025;Conciliado;09/05/2025;Aprovado;09/05/2025;Movimentado;;R$ 1.315,00;R$ 761,37;R$ 7.164,39;R$ 9.240,76;R$ 27.638,97;;Coelba;GABRIEL;JOSÉ MISAEL;15/5/2025;Aceita;Maio;;20/5/2025;Sim;33;13;JACOBINA;;;;;;;;;;;;;;;;;;;;
UTEP;B-1177447;ME-COEL-RUA-MANOEL DANTAS-TANQUE NOVO;MAIRI;26/04/2025;03/05/2025;7,0;4,0;;LARISSA;3/5/2025;3/5/2025;Conciliado;;;;;;;R$ 951,71;R$ 19.786,21;R$ 20.737,92;R$ 75.731,10;;Coelba;GABRIEL;JOSÉ MISAEL;14/6/2025;Aceita;Julho;;17/6/2025;Sim;52;42;JACOBINA;;;;;;;;;;;;;;;;;;;;
LPT;B-1123135;MP-CCOL-FAZ.MELANCIAS-RURAL;OUROLÂNDIA;29/04/2025;07/05/2025;8,0;23,0;3;LARISSA;7/5/2025;7/5/2025;Conciliado;;;;;;;R$ 4.377,86;R$ 40.268,82;R$ 44.646,68;R$ 199.416,78;;Coelba;GABRIEL;ELIEZER;15/5/2025;Aceita;Maio;;22/5/2025;Sim;23;8;JACOBINA;;;;;;;;;;;;;;;;;;;;
LPT;B-1090820;MP-CCOL-POV. RODOLEIRO-RURAL;UMBURANAS;30/04/2025;12/05/2025;12,0;55,0;5;LARISSA;16/5/2025;16/5/2025;Conciliado;;;;;;R$ 4.276,81;R$ 4.948,89;R$ 62.655,32;R$ 71.881,02;R$ 400.765,46;APTA PARA UNITIZAÇÃO;Coelba;GABRIEL;JOSÉ MILTON;12/6/2025;Aceita;Julho;;17/6/2025;Nao;48;31;JACOBINA;;;;;;;;;;;;;;;;;;;;
LPT;B-1090821;KIT POV. RODOLEIRO-RURAL;UMBURANAS;30/04/2025;12/05/2025;12,0;;;LARISSA;16/5/2025;16/5/2025;;;;;;;;;R$ 1.706,38;R$ 1.706,38;;APTA PARA UNITIZAÇÃO;Coelba;;;13/6/2025;Aceita;Julho;;17/6/2025;Sim;48;32;JACOBINA;;;;;;;;;;;;;;;;;;;;
LPT;B-1090822;MED POV. RODOLEIRO-RURAL;UMBURANAS;30/04/2025;12/05/2025;12,0;;;LARISSA;16/5/2025;16/5/2025;;;;;;;;;R$ 896,27;R$ 896,27;;;Coelba;;;13/6/2025;Aceita;Julho;;17/6/2025;Sim;48;32;JACOBINA;;;;;;;;;;;;;;;;;;;;
UTEP;B-1145752;LD-CIND-POV-TIQUARA-RURAL;CAMPO FORMOSO;01/05/2025;01/05/2025;0,0;5,0;;ALEXANDRE;1/5/2025;1/5/2025;Conciliado;;Aprovado;;Movimentado;;R$ 1.619,98;R$ 951,71;R$ 8.544,62;R$ 11.116,31;R$ 385.598,49;;Coelba;EDILECIO;EUDARIO;15/5/2025;Aceita;Maio;;20/5/2025;Sim;19;14;JACOBINA;;;;;;;;;;;;;;;;;;;;
UTEP;B-1057380;MP-CCOL-SI-RANCHO ALEGRE-PORTO FELIZ-RUR;PIRITIBA;29/04/2025;02/05/2025;3,0;12,0;;ALEXANDRE;8/5/2025;7/5/2025;Conciliado;09/05/2025;Aprovado;08/05/2025;Movimentado;;R$ 3.164,44;R$ 2.284,10;R$ 25.446,06;R$ 30.894,60;R$ 157.957,99;;Coelba;GABRIEL;JOSÉ MISAEL;15/5/2025;Aceita;Maio;;20/5/2025;Sim;21;13;JACOBINA;;;;;;;;;;;;;;;;;;;;
LPT;B-1113324;MP CIND RUA ALAGADIÇO RURAL;OUROLÂNDIA;06/05/2025;09/05/2025;3,0;35,0;3;LARISSA;12/5/2025;10/5/2025;Conciliado;;;;;;R$ 1.348,79;R$ 6.661,96;R$ 67.197,41;R$ 75.208,16;R$ 240.951,15;;Coelba;GABRIEL;ELIEZER;20/5/2025;Aceita;Junho;;26/5/2025;Sim;20;11;JACOBINA;;;;;;;;;;;;;;;;;;;;
LPT;B-1127700;KIT CIND RUA ALAGADIÇO RURAL;OUROLÂNDIA;06/05/2025;09/05/2025;3,0;;;LARISSA;12/5/2025;10/5/2025;;;;;;;;;R$ 1.365,11;R$ 1.365,11;;;Coelba;;;20/5/2025;Aceita;Junho;;26/5/2025;Sim;20;11;JACOBINA;;;;;;;;;;;;;;;;;;;;
LPT;B-1127699;MED CIND RUA ALAGADIÇO RURAL;OUROLÂNDIA;06/05/2025;09/05/2025;3,0;;;LARISSA;12/5/2025;10/5/2025;;;;;;;;;R$ 717,01;R$ 717,01;;;Coelba;;;20/5/2025;Aceita;Junho;;26/5/2025;Sim;20;11;JACOBINA;;;;;;;;;;;;;;;;;;;;
LPT;B-1146082;MP-CCOL-FZ LAGOA DO FELIPAO-PANORAMA MOD;PIRITIBA;10/05/2025;14/05/2025;4,0;37,0;7;LARISSA;15/5/2025;15/5/2025;Conciliado;;;;;;R$ 3.657,03;R$ 7.042,64;R$ 60.217,71;R$ 70.917,38;R$ 269.068,47;;Coelba;GABRIEL;JOSÉ MIZAEL;29/5/2025;Aceita;Junho;;5/6/2025;Sim;26;15;JACOBINA;;;;;;;;;;;;;;;;;;;;
LPT;B-1206449;KIT FZ LAGOA DO FELIPAO-PANORAMA MOD;PIRITIBA;10/05/2025;14/05/2025;4,0;;;LARISSA;15/5/2025;15/5/2025;;;;;;;;;R$ 1.023,83;R$ 1.023,83;;APTA PARA UNITIZAÇÃO;Coelba;;;29/5/2025;Aceita;Junho;;5/6/2025;Sim;26;15;JACOBINA;;;;;;;;;;;;;;;;;;;;
LPT;B-1206450;MED FZ LAGOA DO FELIPAO-PANORAMA MOD;PIRITIBA;10/05/2025;14/05/2025;4,0;;;LARISSA;15/5/2025;15/5/2025;;;;;;;;;R$ 537,76;R$ 537,76;;;Coelba;;;29/5/2025;Aceita;Junho;;5/6/2025;Sim;26;15;JACOBINA;;;;;;;;;;;;;;;;;;;;
LPT;B-1098586;RR-CIND-FAZ-GAMELEIRA-RURAL;MUNDO NOVO;12/05/2025;14/05/2025;2,0;12,0;1;ALEXANDRE;15/5/2025;15/5/2025;Conciliado;16/05/2025;Aprovado;14/05/2025;Movimentado;16/05/2025;R$ 3.438,60;R$ 2.284,10;R$ 18.611,26;R$ 24.333,96;R$ 80.805,24;;Coelba;GABRIEL;JOÃOZITO;22/5/2025;Aceita;Junho;;06/06/2025;Sim;25;8;JACOBINA;;;;;;;;;;;;;;;;;;;;
LPT;B-1204258;KIT CIND-FAZ-GAMELEIRA-RURAL;MUNDO NOVO;12/05/2025;14/05/2025;2,0;;;ALEXANDRE;15/5/2025;15/5/2025;;;;;;;;;R$ 124,86;R$ 124,86;;;Coelba;;;22/5/2025;Aceita;Junho;;06/06/2025;Sim;25;8;JACOBINA;;;;;;;;;;;;;;;;;;;;
LPT;B-1204427;MED CIND-FAZ-GAMELEIRA-RURAL;MUNDO NOVO;12/05/2025;14/05/2025;2,0;;;ALEXANDRE;15/5/2025;15/5/2025;;;;;;;;;;R$ 179,25;;;Coelba;;;22/5/2025;Aceita;Junho;;06/06/2025;Sim;25;8;JACOBINA;;;;;;;;;;;;;;;;;;;;
LPT;B-0946219;ER-CCOL-POV.ARARAS-RURAL;CAMPO FORMOSO;14/05/2025;14/05/2025;0,0;41,0;2;LARISSA;19/5/2025;19/5/2025;Conciliado;;;;;;R$ 1.897,09;R$ 7.804,01;R$ 122.327,43;R$ 132.028,53;R$ 172.701,96;;Coelba;EDILECIO;JAIRO;21/5/2025;Aceita;Junho;;26/5/2025;Sim;12;7;JACOBINA;;;;;;;;;;;;;;;;;;;;
LPT;B-0975387;KIT POV.ARARAS-RURAL;CAMPO FORMOSO;14/05/2025;14/05/2025;0,0;;;LARISSA;19/5/2025;19/5/2025;;;;;;;;;R$ 682,55;R$ 682,55;;;Coelba;;;21/5/2025;Aceita;Junho;;26/5/2025;Sim;12;7;JACOBINA;;;;;;;;;;;;;;;;;;;;
LPT;B-0975458;MED POV.ARARAS-RURAL;CAMPO FORMOSO;14/05/2025;14/05/2025;0,0;;;LARISSA;19/5/2025;19/5/2025;;;;;;;;;R$ 358,50;R$ 358,50;;;Coelba;;;21/5/2025;Aceita;Junho;;26/5/2025;Sim;12;7;JACOBINA;;;;;;;;;;;;;;;;;;;;
LPT;B-1156133;MP CIND POV PANELINHA RURAL;CAMPO FORMOSO;22/05/2025;20/05/2025;-2,0;57,0;;LARISSA;27/5/2025;27/5/2025;Conciliado;30/05/2025;;;;;R$ 1.348,79;R$ 10.849,48;R$ 165.616,69;R$ 177.814,96;R$ 496.817,89;;Coelba;EDILECIO;EUDARIO;4/6/2025;Aceita;Junho;;10/6/2025;Sim;19;15;JACOBINA;;;;;;;;;;;;;;;;;;;;
LPT;B-1206358;KIT CIND POV PANELINHA RURAL;CAMPO FORMOSO;22/05/2025;20/05/2025;-2,0;;;LARISSA;;;;;;;;;;;R$ 1.706,38;R$ 1.706,38;;APTA PARA UNITIZAÇÃO;Coelba;;;4/6/2025;Aceita;Junho;;10/6/2025;Sim;19;15;JACOBINA;;;;;;;;;;;;;;;;;;;;
LPT;B-1156131;MED CIND POV PANELINHA RURAL;CAMPO FORMOSO;22/05/2025;20/05/2025;-2,0;;;LARISSA;;;;;;;;;;;R$ 896,27;R$ 896,27;;;Coelba;;;4/6/2025;Aceita;Junho;;10/6/2025;Sim;19;15;JACOBINA;;;;;;;;;;;;;;;;;;;;
UTEP;B-1175230;UB-CIND-AV-NUMA ALVES BARRETO-CENTRO;MUNDO NOVO;07/05/2025;25/05/2025;18,0;3,0;;ALEXANDRE;26/5/2025;26/5/2025;Conciliado;27/05/2025;;;Movimentado;26/05/2025;;R$ 571,03;R$ 4.643,93;R$ 5.214,96;R$ 20.485,17;;Coelba;GABRIEL;JOÃOZITO;4/6/2025;Aceita;Junho;;5/6/2025;Sim;29;10;JACOBINA;;;;;;;;;;;;;;;;;;;;
UTEP;B-1158429;ER-CIND-RUA-BOA VISTA-BOA VISTA;SERROLÂNDIA;23/05/2025;03/06/2025;11,0;22,0;;EMILLE;06/06/2025;06/06/2025;Conciliado;;Solicitado;06/06/2025;Almoxarifado;;R$ 1.073,41;R$ 4.187,52;R$ 41.402,37;R$ 46.663,30;R$ 184.059,22;APTA PARA UNITIZAÇÃO;Coelba;GABRIEL;JOSÉ MISAEL;19/7/2025;Aceita;Agosto;;29/7/2025;Sim;67;46;JACOBINA;;;;;;;;;;;;;;;;;;;;
UTEP;B-1194872;UB-CIND-RUA-DA IGREJA-9978;JACOBINA;23/05/2025;05/06/2025;13,0;4,0;;ALEXANDRE;5/6/2025;5/6/2025;Conciliado;06/06/2025;;;;;;R$ 761,37;R$ 6.154,89;R$ 6.916,26;R$ 26.334,76;;Coelba;CARLOS EDUARDO;ANDERSON;10/6/2025;Aceita;Junho;;17/6/2025;Sim;25;5;JACOBINA;;;;;;;;;;;;;;;;;;;;
UTEP;B-1195931;UB-CIND-RUA-ANTILIANO RIOS 679-CENTRO;SERROLÂNDIA;25/05/2025;03/06/2025;9,0;5,0;;ALEXANDRE;4/6/2025;4/6/2025;Solicitado;05/06/2025;;;;;;R$ 951,71;R$ 7.858,31;R$ 8.810,02;R$ 30.556,07;APTA PARA UNITIZAÇÃO;Coelba;CARLOS EDUARDO;ANDERSON;11/6/2025;Aceita;Julho;;18/6/2025;Nao;24;8;JACOBINA;;;;;;;;;;;;;;;;;;;;
UTEP;B-1164306;LD CIND FZ SITIO NOVA HORTA;BAIXA GRANDE;26/05/2025;28/05/2025;2,0;15,0;;LARISSA;29/5/2025;29/5/2025;Conciliado;;;;;;R$ 3.164,44;R$ 2.855,13;R$ 24.320,80;R$ 30.340,37;R$ 126.716,75;APTA PARA UNITIZAÇÃO;Coelba;GABRIEL;JOÃOZITO;5/6/2025;Aceita;Junho;;14/6/2025;Sim;19;8;JACOBINA;;;;;;;;;;;;;;;;;;;;
UTEP;B-1181089;ER-CIND-FAZ-UMBUZEIRO DA ONCA-RURAL;CAPIM GROSSO;26/05/2025;03/06/2025;8,0;17,0;;EMILLE;03/06/2025;i93cl,;Conciliado;10/06/2025;Aprovado;03/06/2025;Vazio;04/06/2025;R$ 1.219,87;R$ 3.235,81;R$ 31.744,34;R$ 36.200,02;R$ 173.636,87;;Coelba;GABRIEL;JOSÉ MISAEL;09/07/2025;Aceita;Julho;;14/7/2025;Sim;49;36;JACOBINA;;;;;;;;;;;;;;;;;;;;
UTEP;B-0936302;ER-CIND-RUA DO SUMIDOURO-RURAL-CPF;CAMPO FORMOSO;27/05/2025;30/05/2025;3,0;18,0;;LARISSA;3/6/2025;3/6/2025;Solicitado;;;;;;R$ 3.916,72;R$ 3.235,81;R$ 38.179,42;R$ 45.331,95;R$ 192.548,83;APTA PARA UNITIZAÇÃO;Coelba;EDILECIO;ANTONIO;12/6/2025;Aceita;Julho;;17/6/2025;Sim;21;13;JACOBINA;;;;;;;;;;;;;;;;;;;;
UTEP;B-1173471;RR-CIND-FAZ-VARZEA DA CABRA-RURAL;CAPIM GROSSO;28/05/2025;03/06/2025;6,0;15,0;;LARISSA;10/06/2025;10/06/2025;Solicitado;10/06/2025;;;;;;R$ 2.855,13;R$ 24.512,52;R$ 27.367,65;R$ 117.448,15;APTA PARA UNITIZAÇÃO;Coelba;GABRIEL;JOSÉ MISAEL;13/6/2025;Aceita;Julho;;17/6/2025;Nao;20;10;JACOBINA;;;;;;;;;;;;;;;;;;;;
UTEP;B-1171960;IE-RELIGADOR-MUN-01N3-T21140;MUNDO NOVO;30/05/2025;04/06/2025;5,0;0,0;;UILQUER;04/07/2025;04/07/2025;Conciliado;10/06/2025;Aprovado;05/07/2025;;;R$ 6.103,30;R$ 0,00;R$ 1.296,39;R$ 7.399,69;R$ 106.993,38;APTA PARA UNITIZAÇÃO;Coelba;EDILECIO;CARLOS GEILSON;09/10/2025;Aceita;Outubro;;13/10/2025;Nao;136;127;JACOBINA;;;;;;;;;;;;;;;;;;;;
LPT;B-1153824;MP CIND POV MORRINHOS RURAL MOD;CAMPO FORMOSO;31/05/2025;03/06/2025;3,0;48,0;7;LARISSA;6/6/2025;5/6/2025;Conciliado;;;;Criaçao;;R$ 1.348,79;R$ 9.136,40;R$ 138.408,56;R$ 148.893,75;R$ 379.449,04;;Coelba;EDILECIO;ANTONIO;13/6/2025;Aceita;Julho;;18/6/2025;Sim;18;10;JACOBINA;;;;;;;;;;;;;;;;;;;;
LPT;B-1153835;KIT POV MORRINHOS RURAL MOD;CAMPO FORMOSO;31/05/2025;03/06/2025;3,0;0,0;;LARISSA;6/6/2025;5/6/2025;;;;;;;;;R$ 1.023,83;R$ 1.023,83;;APTA PARA UNITIZAÇÃO;Coelba;EDILECIO;ANTONIO;13/6/2025;Aceita;Julho;;18/6/2025;Sim;18;10;JACOBINA;;;;;;;;;;;;;;;;;;;;
LPT;B-1153827;MED POV MORRINHOS RURAL MOD;CAMPO FORMOSO;31/05/2025;03/06/2025;3,0;0,0;;LARISSA;6/6/2025;5/6/2025;;;;;;;;;R$ 537,76;R$ 537,76;;;Coelba;EDILECIO;ANTONIO;13/6/2025;Aceita;Julho;;18/6/2025;Sim;18;10;JACOBINA;;;;;;;;;;;;;;;;;;;;
UTEP;B-1087478;RU CIND RUA BRITO JARDIM FORMOSA CPG;CAPIM GROSSO;31/05/2025;04/06/2025;4,0;17,0;;EMILLE;09/06/2025;09/06/2025;Conciliado;18/06/2025;Solicitado;09/06/2025;Criaçao;;R$ 1.614,45;R$ 3.235,81;R$ 37.574,01;R$ 42.424,27;R$ 158.603,34;;Coelba;EDILECIO;JOSÉ MISAEL;15/07/2025;Aceita;Julho;;19/07/2025;Sim;49;41;JACOBINA;;;;;;;;;;;;;;;;;;;;
UTEP;B-1166613;LD-CCOL-FAZ-ITAPICURU-BAIXA GRANDE-RURAL;BAIXA GRANDE;31/05/2025;11/06/2025;11,0;29,0;;LARISSA;17/06/2025;17/06/2025;Conciliado;;;;;;;R$ 5.519,91;R$ 47.956,46;R$ 53.476,37;R$ 238.309,48;;Coelba;GABRIEL;JOÃOZITO;10/07/2025;Aceita;Julho;;15/07/2025;Sim;45;29;JACOBINA;;;;;;;;;;;;;;;;;;;;
UTEP;B-1122127;MP-CCOL-POV.BOA VISTA DO CAJ-RURAL;CAMPO FORMOSO;04/06/2025;11/06/2025;7,0;40,0;;LARISSA;20/06/2025;19/06/2025;Conciliado;;;;;;;R$ 7.613,67;R$ 99.896,13;R$ 107.509,80;R$ 783.832,42;APTA PARA UNITIZAÇÃO;Coelba;EDILECIO;JAIRO;10/07/2025;Aceita;Julho;;14/07/2025;Nao;40;29;JACOBINA;;;;;;;;;;;;;;;;;;;;
LPT;B-1176801;ER - CIND - POV GAMELEIRA - RURAL;CAMPO FORMOSO;11/06/2025;12/06/2025;1,0;3,0;3;EMILLE;;;Conciliado;18/06/2025;;;Criaçao;16/06/2025;;R$ 571,03;R$ 4.388,54;R$ 4.959,57;R$ 12.878,86;;Coelba;EDILECIO;EUDARIO;21/07/2025;Aceita;Agosto;;24/07/2024;Sim;-322;39;JACOBINA;;;;;;;;;;;;;;;;;;;;
LPT;B-1213386;KIT - CIND - POV GAMELEIRA - RURAL;CAMPO FORMOSO;11/06/2025;12/06/2025;1,0;;;EMILLE;;;;;;;;;;;R$ 374,59;R$ 374,59;R$ 8.501,56;APTA PARA UNITIZAÇÃO;Coelba;EDILECIO;EUDARIO;21/07/2025;Aceita;Agosto;;24/07/2024;Sim;-322;-45.445;JACOBINA;;;;;;;;;;;;;;;;;;;;
LPT;B-1213391;MEDIDOR - CIND - POV GAMELEIRA - RURAL;CAMPO FORMOSO;11/06/2025;12/06/2025;1,0;;;EMILLE;;;;;;;;;;;R$ 564,78;R$ 564,78;R$ 4.656,42;;Coelba;EDILECIO;EUDARIO;21/07/2025;Aceita;Agosto;;24/07/2024;Sim;-322;39;JACOBINA;;;;;;;;;;;;;;;;;;;;
UTEP;B-1116388;AC-CIND-POV-VARZINHA-VARZINHA;CAMPO FORMOSO;11/06/2025;13/06/2025;2,0;6,0;;EMILLE;17/06/2025;17/06/2025;Conciliado;;;;Criaçao;;;R$ 1.142,05;R$ 9.462,39;R$ 10.604,44;R$ 38.663,02;;Coelba;EDILECIO;ANTONIO;20/06/2025;Aceita;Julho;;;Sim;218;7;JACOBINA;;;;;;;;;;;;;;;;;;;;
LPT;B-1081629;LD CIND PO CURRAL DA PONTE RURAL;CAMPO FORMOSO;11/06/2025;22/06/2025;11,0;5,0;;LARISSA;25/06/2025;25/06/2025;Conciliado;27/06/2025;;;;;R$ 3.651,58;R$ 951,71;R$ 8.830,18;R$ 13.433,47;R$ 59.511,85;;Coelba;EDILECIO;ANTONIO;08/07/2025;Aceita;Julho;;11/07/2025;Sim;30;16;JACOBINA;;;;;;;;;;;;;;;;;;;;
LPT;B-1085164;KIT CIND PO CURRAL DA PONTE RURAL;CAMPO FORMOSO;11/06/2025;22/06/2025;11,0;;;LARISSA;27/06/2025;;;;;;;;;;R$ 341,27;R$ 341,27;;APTA PARA UNITIZAÇÃO;Coelba;EDILECIO;ANTONIO;03/07/2025;Aceita;Julho;;11/07/2025;Sim;30;11;JACOBINA;;;;;;;;;;;;;;;;;;;;
LPT;B-1085168;MED CIND PO CURRAL DA PONTE RURAL;CAMPO FORMOSO;11/06/2025;22/06/2025;11,0;;;LARISSA;27/06/2025;;;;;;;;;;R$ 179,25;R$ 179,25;;APTA PARA UNITIZAÇÃO;Coelba;EDILECIO;ANTONIO;03/07/2025;Aceita;Julho;;11/07/2025;Nao;30;11;JACOBINA;;;;;;;;;;;;;;;;;;;;
LPT;B-1037083;ER-CIND-POV-CAMPO FRIO-LAGOA DA ROCA;CAMPO FORMOSO;14/06/2025;22/06/2025;8,0;7,0;;LARISSA;25/06/2025;25/06/2025;Conciliado;25/06/2025;;;;;;R$ 571,03;R$ 4.767,08;R$ 5.338,11;R$ 48.695,06;;Coelba;EDILECIO;EUDARIO;03/07/2025;Aceita;Julho;;08/07/2025;Sim;24;11;JACOBINA;;;;;;;;;;;;;;;;;;;;
LPT;B-1071989;KIT - CIND-POV-CAMPO FRIO-LAGOA DA ROCA;CAMPO FORMOSO;14/06/2025;22/06/2025;8,0;;;LARISSA;27/06/2025;;;;;;;;;R$ 0,00;R$ 249,72;R$ 249,72;;APTA PARA UNITIZAÇÃO;Coelba;EDILECIO;EUDARIO;03/07/2025;Aceita;Julho;;08/07/2025;Sim;24;11;JACOBINA;;;;;;;;;;;;;;;;;;;;
LPT;B-1071990;MED - CIND-POV-CAMPO FRIO-LAGOA DA ROCA;CAMPO FORMOSO;14/06/2025;22/06/2025;8,0;;;LARISSA;27/06/2025;;;;;;;;;R$ 0,00;R$ 358,50;R$ 358,50;;APTA PARA UNITIZAÇÃO;Coelba;EDILECIO;EUDARIO;03/07/2025;Aceita;Julho;;08/07/2025;Sim;24;11;JACOBINA;;;;;;;;;;;;;;;;;;;;
UTEP;B-1192562;ER-CIND-POV-PEDRAS ALTAS -P A DO MIRIM;CAPIM GROSSO;14/06/2025;22/06/2025;8,0;2,0;;ALESSANDRA;;;Conciliado;;;;;;;R$ 380,68;R$ 2.971,63;R$ 3.352,31;R$ 17.368,59;;Coelba;GABRIEL;JOSÉ MISAEL;01/07/2025;Aceita;Julho;;08/07/2025;Sim;24;9;JACOBINA;;;;;;;;;;;;;;;;;;;;
UTEP;B-1191110;ER-CIND-POV-PEDRAS ALTAS-RURAL;CAPIM GROSSO;14/06/2025;22/06/2025;8,0;1,0;;ALESSANDRA;;;Conciliado;;;;;;;R$ 190,34;R$ 1.567,19;R$ 1.757,53;R$ 7.950,02;;Coelba;GABRIEL;JOSÉ MISAEL;01/07/2025;Aceita;Julho;;08/07/2025;Sim;24;9;JACOBINA;;;;;;;;;;;;;;;;;;;;
UTEP;B-1173086;UB-CIND-RUA-CASAS POPULARES-URBANA;CAMPO FORMOSO;13/06/2025;13/06/2025;0,0;3,0;;EMILLE;;;Conciliado;;;;Criaçao;18/06/2025;;R$ 571,03;R$ 4.701,96;R$ 5.272,99;R$ 18.960,00;;Coelba;EDILECIO;EUDÁRIO;30/06/2025;Aceita;Julho;;04/07/2025;Sim;21;17;JACOBINA;;;;;;;;;;;;;;;;;;;;
UTEP;B-1146078;MP CIND RUA DO POÇO RURAL;UMBURANAS;20/06/2025;10/07/2025;20,0;54,0;;LARISSA;;;Conciliado;;;;;;;R$ 10.278,36;R$ 106.823,53;R$ 117.101,89;R$ 533.205,29;;Coelba;GABRIEL;ELIEZER;21/07/2025;Aceita;Agosto;;24/07/2024;Sim;-331;11;JACOBINA;;;;;;;;;;;;;;;;;;;;
LPT;B-1119965;ER-CIND-POV-CURRALINHO-CURRALINHO;CAMPO FORMOSO;26/06/2025;26/06/2025;0,0;3,0;1;LARISSA;27/06/2025;27/06/2025;Conciliado;30/06/2025;;;;;;R$ 380,68;R$ 3.813,99;R$ 4.194,67;R$ 12.308,50;;Coelba;EDILECIO;EUDÁRIO;04/07/2025;Aceita;Julho;;17/07/2025;Sim;21;8;JACOBINA;;;;;;;;;;;;;;;;;;;;
LPT;B-1207770;KT-CIND-POV-CURRALINHO-CURRALINHO;CAMPO FORMOSO;26/06/2025;26/06/2025;0,0;;;LARISSA;27/06/2025;27/06/2025;;;;;;;;;R$ 341,27;R$ 341,27;;APTA PARA UNITIZAÇÃO;Coelba;EDILECIO;EUDÁRIO;04/07/2025;Aceita;Julho;;17/07/2025;Sim;21;8;JACOBINA;;;;;;;;;;;;;;;;;;;;
LPT;B-1208017;MD-CIND-POV-CURRALINHO-CURRALINHO;CAMPO FORMOSO;26/06/2025;26/06/2025;0,0;;;LARISSA;27/06/2025;27/06/2025;;;;;;;;;R$ 188,26;R$ 188,26;;;Coelba;EDILECIO;EUDÁRIO;04/07/2025;Aceita;Julho;;17/07/2025;Sim;21;8;JACOBINA;;;;;;;;;;;;;;;;;;;;
UTEP;B-1201677;UB-CIND-AV-PINHEIRO-OLIVEIRA;CAPIM GROSSO;25/06/2025;26/06/2025;1,0;1,0;;LARISSA;30/06/2025;30/06/2025;Conciliado;;;;Almoxarifado;;;R$ 190,34;R$ 1.512,90;R$ 1.703,24;R$ 6.165,68;;Coelba;GABRIEL;JOSÉ MISAEL;09/07/2025;Aceita;Julho;;14/07/2025;Sim;19;13;JACOBINA;;;;;;;;;;;;;;;;;;;;
UTEP;B-1192464;UB-CIND-TRV-ALZIRA MOURA-CENTRO;GAVIÃO;27/06/2025;01/07/2025;4,0;2,0;;UILQUER;01/07/2025;01/07/2025;Conciliado;;;;;;;R$ 380,68;R$ 3.293,97;R$ 3.674,65;R$ 17.182,50;;Coelba;GABRIEL;JOSÉ MISAEL;17/07/2025;Aceita;Julho;;22/07/2025;Sim;25;16;JACOBINA;;;;;;;;;;;;;;;;;;;;
UTEP;B-1091909;RR-CIND-FAZ-TANQUINHO-TANQUINHO;CAMPO FORMOSO;27/06/2025;27/06/2025;0,0;15,0;;LARISSA;01/07/2026;30/06/2025;Conciliado;;;;;;R$ 4.415,45;R$ 2.855,13;R$ 30.819,49;R$ 38.090,07;R$ 86.014,50;;Coelba;EDILECIO;JOÃOZITO;09/07/2025;Aceita;Julho;;15/07/2025;Sim;18;12;JACOBINA;;;;;;;;;;;;;;;;;;;;
UTEP;B-1192016;IS-COEL-AV-ANANIAS GOMES MOURA-CENTRO-GA;GAVIÃO;28/06/2025;30/06/2025;2,0;10,0;;LARISSA;04/07/2025;04/07/2025;Conciliado;22/07/2025;;;;;R$ 3.481,24;R$ 1.903,40;R$ 31.545,44;R$ 36.930,08;R$ 146.484,42;APTA PARA UNITIZAÇÃO;Coelba;GABRIEL;JOSÉ MISAEL;22/07/2025;Aceita;Agosto;;28/07/2025;Sim;30;22;JACOBINA;;;;;;;;;;;;;;;;;;;;
LPT;B-1144777;MP CIND POV CARAIBAS RURAL;CAMPO FORMOSO;01/07/2025;02/07/2025;1,0;37,0;4;LARISSA;;;Conciliado;;;;Movimentado;;R$ 936,29;R$ 7.042,64;R$ 71.247,26;R$ 79.226,19;R$ 355.583,69;APTA PARA UNITIZAÇÃO;Coelba;EDILECIO;ANTONIO;01/08/2025;Aceita;Agosto;;06/08/2025;Nao;36;30;JACOBINA;;;;;;;;;;;;;;;;;;;;
LPT;B-1214989;KIT CIND POV CARAIBAS RURAL;CAMPO FORMOSO;01/07/2025;02/07/2025;1,0;;;LARISSA;;;;;;;Movimentado;;;;R$ 1.365,11;R$ 1.365,11;R$ 10.626,94;APTA PARA UNITIZAÇÃO;Coelba;EDILECIO;ANTONIO;01/08/2025;Aceita;Agosto;;06/08/2025;Nao;36;30;JACOBINA;;;;;;;;;;;;;;;;;;;;
LPT;B-1215282;MED - CIND POV CARAIBAS RURAL;CAMPO FORMOSO;01/07/2025;02/07/2025;1,0;;;LARISSA;;;;;;;Movimentado;;;;R$ 717,01;R$ 717,01;R$ 5.820,53;;Coelba;EDILECIO;ANTONIO;01/08/2025;Aceita;Agosto;;06/08/2025;Sim;36;30;JACOBINA;;;;;;;;;;;;;;;;;;;;
LPT;B-1149266;LD-CCOL RUA SÃO BARTOLOMEU-RURAL;OUROLÂNDIA;03/07/2025;15/07/2025;12,0;59,0;;LARISSA;18/07/2025;18/07/2025;Conciliado;22/07/2025;;;Movimentado;;R$ 688,40;R$ 11.230,16;R$ 132.381,52;R$ 144.300,08;R$ 504.263,40;APTA PARA UNITIZAÇÃO;Coelba;GABRIEL;JOSE MILTON;31/07/2025;Aceita;Agosto;;06/08/2025;Nao;34;16;JACOBINA;;;;;;;;;;;;;;;;;;;;
LPT;B-1149270;KIT CCOL RUA SÃO BARTOLOMEU-RURAL;OUROLÂNDIA;03/07/2025;15/07/2025;12,0;;;LARISSA;18/07/2025;;;;;;Movimentado;;;;R$ 1.706,38;R$ 1.706,38;R$ 35.132,44;APTA PARA UNITIZAÇÃO;Coelba;GABRIEL;JOSE MILTON;31/07/2025;Aceita;Agosto;;06/08/2025;Nao;34;16;JACOBINA;;;;;;;;;;;;;;;;;;;;
LPT;B-1149278;MED CCOL RUA SÃO BARTOLOMEU-RURAL;OUROLÂNDIA;03/07/2025;15/07/2025;12,0;;;LARISSA;18/07/2025;;;;;;Movimentado;;;;R$ 896,27;R$ 896,27;R$ 2.093,82;;Coelba;GABRIEL;JOSE MILTON;31/07/2025;Aceita;Agosto;;06/08/2025;Sim;34;16;JACOBINA;;;;;;;;;;;;;;;;;;;;
LPT;B-1041124;MP-CCOL-FAZ-SITIO E ADJ-ARARAS RURAL;CAMPO FORMOSO;10/07/2025;11/07/2025;1,0;64,0;5;LARISSA;15/07/2025;15/07/2025;Conciliado;;;;;;R$ 2.924,25;R$ 12.181,87;R$ 207.025,96;R$ 222.132,08;R$ 425.903,96;;Coelba;EDILECIO;JAIRO;24/07/2025;Aceita;Agosto;;04/08/2025;Sim;25;13;JACOBINA;;;;;;;;;;;;;;;;;;;;
LPT;B-1041125;KIT - FAZ-SITIO E ADJ-ARARAS ;CAMPO FORMOSO;10/07/2025;11/07/2025;189,0;;;LARISSA;;;;;;;;;;;R$ 1.706,38;R$ 1.706,38;R$ 20.297,96;APTA PARA UNITIZAÇÃO;Coelba;EDILECIO;JAIRO;21/07/2025;Aceita;Agosto;;04/08/2025;Nao;25;10;JACOBINA;;;;;;;;;;;;;;;;;;;;
LPT;B-1041129;MED - FAZ-SITIO E ADJ-ARARAS ;CAMPO FORMOSO;10/07/2025;11/07/2025;189,0;;;LARISSA;;;;;;;;;;;R$ 896,27;R$ 896,27;R$ 1.167,71;;Coelba;EDILECIO;JAIRO;21/07/2025;Aceita;Agosto;;04/08/2025;Sim;25;10;JACOBINA;;;;;;;;;;;;;;;;;;;;
LPT;B-1146489;ER-CIND-POV-QUEIMADA DO CAPIM-QUEIMADA;OUROLÂNDIA;13/03/2025;20/07/2025;308,0;1,0;;UILQUER;19/07/2025;19/07/2025;Conciliado;22/07/2025;;;Movimentado;;R$ 3.154,94;R$ 190,34;R$ 2.287,53;R$ 5.632,81;R$ 22.539,11;APTA PARA UNITIZAÇÃO;Coelba;GABRIEL;;05/08/2025;Aceita;Agosto;;08/08/2025;Nao;148;16;JACOBINA;;;;;;;;;;;;;;;;;;;;
LPT;B-1194298;KIT-CIND-POV-QUEIMADA DO CAPIM-QUEIMADA;OUROLÂNDIA;13/03/2025;20/07/2025;308,0;;;UILQUER;19/07/2025;;;;;;Movimentado;;;;R$ 124,86;R$ 124,86;R$ 4.348,26;APTA PARA UNITIZAÇÃO;Coelba;GABRIEL;;05/08/2025;Aceita;Agosto;;08/08/2025;Nao;148;16;JACOBINA;;;;;;;;;;;;;;;;;;;;
LPT;B-1194333;MED-CIND-POV-QUEIMADA DO CAPIM-QUEIMADA;OUROLÂNDIA;13/03/2025;20/07/2025;308,0;;;UILQUER;19/07/2025;;;;;;Movimentado;;;;R$ 179,25;R$ 179,25;R$ 2.173,48;;Coelba;GABRIEL;;05/08/2025;Aceita;Agosto;;08/08/2025;Sim;148;16;JACOBINA;;;;;;;;;;;;;;;;;;;;
UTEP;B-1195636;RR-CIND-POV CARAIBAS-RURAL;CAMPO FORMOSO;18/07/2025;26/07/2025;181,0;2,0;;UILQUER;21/07/2025;21/07/2025;Conciliado;25/07/2025;;;Movimentado;;R$ 3.461,54;R$ 428,95;R$ 4.159,06;R$ 8.049,55;R$ 34.395,01;APTA PARA UNITIZAÇÃO;Coelba;EDILECIO;EUDARIO;13/08/2025;Aceita;Agosto;;18/08/2025;Nao;31;18;JACOBINA;;;;;;;;;;;;;;;;;;;;
UTEP;B-1163425;UB - CIND - AV  LOMANTO JUNIOR-CENTRO;GAVIÃO;18/07/2025;24/07/2025;181,0;3,0;;UILQUER;21/07/2025;21/07/2025;Conciliado;22/07/2025;;;;;;R$ 571,03;R$ 4.655,15;R$ 5.226,18;R$ 22.402,47;;Coelba;GABRIEL;ANTONIO;23/07/2025;Aceita;Agosto;;29/07/2025;Sim;11;-1;JACOBINA;;;;;;;;;;;;;;;;;;;;
UTEP;B-1138526;IE-RELIGADOR-JCB-01M1-J02550;JACOBINA;22/04/2024;;633,0;;;LARISSA;;;;;;;Criaçao;;;;;R$ 0,00;R$ 101.408,24;obra executada pela Coelba;Sipel;;;;Á fechar;Janeiro;2026.0;;Nao;633;46.037;JACOBINA;;;;;;;;;;;;;;;;;;;;
LPT;B-1136751;ER-CIND-FAZ-VARZEA DA PEDRA-RURAL;PIRITIBA;07/10/2024;12/09/2025;340,0;;;UILQUER;15/09/2025;15/09/2025;Conciliado;15/09/2025;;;;;R$ 3.960,68;R$ 643,43;R$ 5.415,52;R$ 10.019,63;R$ 36.305,01;APTA PARA UNITIZAÇÃO;Coelba;;;23/09/2025;Aceita;Outubro;;23/09/2025;Nao;351;11;JACOBINA;;;;;;;;;;;;;;;;;;;;
LPT;B-1165965;KIT-CIND-FAZ-VARZEA DA PEDRA-RURAL;PIRITIBA;07/10/2024;12/09/2025;465,0;;;;;;;;;;;;;;R$ 384,55;R$ 384,55;;APTA PARA UNITIZAÇÃO;Coelba;;;;Aceita;Agosto;;;Nao;465;125;JACOBINA;;;;;;;;;;;;;;;;;;;;
LPT;B-1165969;MED-CIND-FAZ-VARZEA DA PEDRA-RURAL;PIRITIBA;07/10/2024;12/09/2025;465,0;;;;;;;;;;;;;;R$ 201,98;R$ 201,98;;APTA PARA UNITIZAÇÃO;Coelba;;;;Aceita;Agosto;;;Nao;465;125;JACOBINA;;;;;;;;;;;;;;;;;;;;
UTEP;B-1132696;ER-CIND-POV-MORRO BONITO-RURAL;TAPIRAMUTÁ;11/10/2024;12/09/2025;336,0;;;UILQUER;13/10/2025;13/10/2025;Conciliado;06/10/2025;;;;;;R$ 857,91;R$ 7.630,81;R$ 8.488,72;R$ 38.797,92;Aguardando analise QAA;Coelba;;;15/12/2025;Aceita;Janeiro;2026.0;17/12/2025;Nao;432;94;JACOBINA;;;;;;;;;;;;;;;;;;;;
LPT;B-1202702;ER-CIND-FAZ-CAPOEIRAO-IBIAPORA;MUNDO NOVO;22/07/2025;05/08/2025;177,0;5,0;1;UILQUER;29/07/2025;29/07/2025;Conciliado;29/07/2025;;;Movimentado;;;R$ 951,71;R$ 7.953,72;R$ 8.905,43;R$ 23.841,49;APTA PARA UNITIZAÇÃO;Coelba;CARLOS EDUARDO;HEMORGENES;06/08/2025;Aceita;Agosto;;09/08/2025;Nao;18;1;JACOBINA;;;;;;;;;;;;;;;;;;;;
LPT;B-1215802;KIT - FAZ-CAPOEIRAO-IBIAPORA;MUNDO NOVO;22/07/2025;05/08/2025;177,0;;1;UILQUER;;;;;;;Movimentado;;;;R$ 384,55;R$ 384,55;;APTA PARA UNITIZAÇÃO;Coelba;CARLOS EDUARDO;HEMORGENES;06/08/2025;Aceita;Agosto;;09/08/2025;Nao;18;1;JACOBINA;;;;;;;;;;;;;;;;;;;;
LPT;B-1216076;MED - FAZ-CAPOEIRAO-IBIAPORA;MUNDO NOVO;22/07/2025;05/08/2025;177,0;;1;UILQUER;;;;;;;Movimentado;;;;R$ 403,96;R$ 403,96;;APTA PARA UNITIZAÇÃO;Coelba;CARLOS EDUARDO;HEMORGENES;06/08/2025;Aceita;Agosto;;09/08/2025;Nao;18;1;JACOBINA;;;;;;;;;;;;;;;;;;;;
UTEP;B-1188995;UB-CIND-PR -JOAO DANTAS-CENTRO;OUROLÂNDIA;22/07/2025;02/08/2025;177,0;1,0;;UILQUER;25/07/2025;25/07/2025;Conciliado;25/07/2025;;;Movimentado;;;R$ 190,34;R$ 1.679,90;R$ 1.870,24;R$ 8.709,05;APTA PARA UNITIZAÇÃO;Coelba;CARLOS EDUARDO;JOSÉ MILTON;04/08/2025;Aceita;Agosto;;07/08/2025;Nao;16;2;JACOBINA;;;;;;;;;;;;;;;;;;;;
UTEP;B-1182172;UB-CIND-RUA-DO CRUZEIRO-CENTRO;OUROLÂNDIA;22/07/2025;02/08/2025;177,0;1,0;;UILQUER;05/08/2025;05/08/2025;Conciliado;06/08/2025;;;Movimentado;;;R$ 214,48;R$ 1.967,87;R$ 2.182,35;R$ 10.157,01;APTA PARA UNITIZAÇÃO;Coelba;CARLOS EDUARDO;JOSÉ MILTON;08/08/2025;Aceita;Agosto;;18/08/2025;Nao;27;6;JACOBINA;;;;;;;;;;;;;;;;;;;;
UTEP;B-1203423;UB-CIND-TRV-ALZIRA MOURA-CENTRO;GAVIÃO;21/07/2025;24/07/2025;178,0;2,0;;UILQUER;24/07/2025;24/07/2025;Conciliado;30/07/2025;;;Movimentado;;;R$ 380,68;R$ 3.078,42;R$ 3.459,10;R$ 17.334,98;APTA PARA UNITIZAÇÃO;Coelba;CARLOS EDUARDO;ANTONIO;04/08/2025;Aceita;Agosto;;09/08/2025;Nao;19;11;JACOBINA;;;;;;;;;;;;;;;;;;;;
LPT;B-1142488;MP-CIND-FAZ-DIAMANTINA-RURAL;UMBURANAS;24/07/2025;30/07/2025;175,0;67,0;3;LARISSA;01/08/2025;;Conciliado;;;;;;R$ 3.331,05;R$ 14.369,99;R$ 125.120,36;R$ 142.821,40;R$ 582.689,92;APTA PARA UNITIZAÇÃO;Coelba;CARLOS EDUARDO;ELIEZER;08/08/2025;Aceita;Agosto;;14/08/2025;Nao;21;9;JACOBINA;;;;;;;;;;;;;;;;;;;;
LPT;B-1205683;KIT-CIND-FAZ-DIAMANTINA-RURAL;UMBURANAS;24/07/2025;30/07/2025;175,0;;;LARISSA;01/08/2025;;;;;;;;;;R$ 854,51;R$ 854,51;R$ 6.522,39;APTA PARA UNITIZAÇÃO;Coelba;CARLOS EDUARDO;ELIEZER;08/08/2025;Aceita;Agosto;;14/08/2025;Nao;21;9;JACOBINA;;;;;;;;;;;;;;;;;;;;
LPT;B-1205702;MD-CIND-FAZ-DIAMANTINA-RURAL;UMBURANAS;24/07/2025;30/07/2025;175,0;;;LARISSA;01/08/2025;;;;;;;;;;R$ 381,65;R$ 381,65;R$ 3.260,22;APTA PARA UNITIZAÇÃO;Coelba;CARLOS EDUARDO;ELIEZER;08/08/2025;Aceita;Agosto;;14/08/2025;Nao;21;9;JACOBINA;;;;;;;;;;;;;;;;;;;;
UTEP;B-1176795;ER-CIND-POV- MATA II -RURAL;UMBURANAS;24/07/2025;11/09/2025;175,0;2,0;;EMILLE;05/09/2025;05/09/2025;Conciliado;05/09/2025;;;Movimentado;;;R$ 428,95;R$ 3.311,99;R$ 3.740,94;R$ 15.543,78;APTA PARA UNITIZAÇÃO;Coelba;CARLOS EDUARDO;ELIEZER;11/09/2025;Aceita;Setembro;;15/09/2025;Nao;53;0;JACOBINA;;;;;;;;;;;;;;;;;;;;
UTEP;B-1072528;ER-CIND-FAZ-BARREIROS-BARREIROS;CAMPO FORMOSO;23/07/2025;26/07/2025;176,0;2,0;;UILQUER;28/07/2025;28/07/2025;Conciliado;28/07/2025;;;Movimentado;;R$ 3.037,39;R$ 428,95;R$ 3.917,26;R$ 7.383,60;R$ 15.065,82;APTA PARA UNITIZAÇÃO;Coelba;EDLECIO;EUDÁRIO;04/08/2025;Aceita;Agosto;;11/08/2025;Nao;19;9;JACOBINA;;;;;;;;;;;;;;;;;;;;
UTEP;B-1158163;UB-CCOL-RUA-TOPAZIO -220;CAMPO FORMOSO;23/07/2025;26/07/2025;176,0;0,0;;UILQUER;28/07/2025;28/07/2025;Conciliado;30/07/2025;;;Movimentado;;;;R$ 1.577,22;R$ 1.577,22;R$ 33.034,62;APTA PARA UNITIZAÇÃO;Coelba;EDLECIO;EUDÁRIO;11/08/2025;Aceita;Agosto;;13/08/2025;Nao;21;16;JACOBINA;;;;;;;;;;;;;;;;;;;;
LPT;B-1040663;MP-CCOL-RUA PIABAS-PIABAS;CAMPO FORMOSO;26/07/2025;26/07/2025;173,0;37,0;;LARISSA;02/08/2025;;Conciliado;;;;;;R$ 3.775,69;7.935,67;132.741,88;R$ 144.453,24;R$ 444.578,53;APTA PARA UNITIZAÇÃO;Coelba;EDLECIO;;08/08/2025;Aceita;Agosto;;14/08/2025;Nao;19;13;JACOBINA;;;;;;;;;;;;;;;;;;;;
LPT;B-1040667;KIT RUA PIABAS-PIABAS;CAMPO FORMOSO;26/07/2025;26/07/2025;173,0;;;LARISSA;02/08/2025;;;;;;;;;;R$ 981,56;R$ 981,56;R$ 15.744,04;APTA PARA UNITIZAÇÃO;Coelba;EDLECIO;;08/08/2025;Aceita;Agosto;;14/08/2025;Nao;19;13;JACOBINA;;;;;;;;;;;;;;;;;;;;
LPT;B-1040683;MEDIDOR - COL-RUA PIABAS-PIABAS;CAMPO FORMOSO;26/07/2025;26/07/2025;173,0;;;LARISSA;02/08/2025;;;;;;;;;;R$ 605,95;R$ 605,95;R$ 1.182,94;APTA PARA UNITIZAÇÃO;Coelba;EDLECIO;;08/08/2025;Aceita;Agosto;;14/08/2025;Nao;19;13;JACOBINA;;;;;;;;;;;;;;;;;;;;
UTEP;B-1136051;ER-CIND-FAZ-MANDACARU-RURAL;BAIXA GRANDE;26/07/2025;05/08/2025;173,0;3,0;;UILQUER;08/08/2025;08/08/2025;Conciliado;08/08/2025;;;;;R$ 3.265,81;R$ 643,43;R$ 5.637,99;R$ 9.547,23;R$ 45.593,59;APTA PARA UNITIZAÇÃO;Coelba;CARLOS EDUARDO;;13/08/2025;Aceita;Agosto;;18/08/2025;Nao;23;8;JACOBINA;;;;;;;;;;;;;;;;;;;;
LPT;B-1158635;ER-CIND-FAZ-RURAL-LAGOA DO MAMAO;BAIXA GRANDE;28/07/2025;05/08/2025;171,0;2,0;1;UILQUER;11/08/2025;11/08/2025;Conciliado;14/08/2025;;;;;R$ 3.644,03;R$ 380,68;R$ 3.451,41;R$ 7.476,12;R$ 23.624,81;APTA PARA UNITIZAÇÃO;Coelba;CARLOS EDUARDO;;27/08/2025;Aceita;Setembro;;27/08/2025;Nao;30;22;JACOBINA;;;;;;;;;;;;;;;;;;;;
LPT;B-1213895;KIT -ER-CIND-FAZ-RURAL-LAGOA DO MAMAO;BAIXA GRANDE;28/07/2025;05/08/2025;171,0;;;UILQUER;11/08/2025;11/08/2025;Conciliado;14/08/2025;;;;;;;R$ 285,84;R$ 285,84;R$ 2.125,38;APTA PARA UNITIZAÇÃO;Coelba;CARLOS EDUARDO;;27/08/2025;Aceita;Setembro;;27/08/2025;Nao;30;22;JACOBINA;;;;;;;;;;;;;;;;;;;;
LPT;B-1213949;MED - ER-CIND-FAZ-RURAL-LAGOA DO MAMAO;BAIXA GRANDE;28/07/2025;05/08/2025;171,0;;;UILQUER;11/08/2025;11/08/2025;Conciliado;14/08/2025;;;;;;;R$ 127,22;R$ 127,22;R$ 1.164,11;APTA PARA UNITIZAÇÃO;Coelba;CARLOS EDUARDO;;27/08/2025;Aceita;Setembro;;27/08/2025;Nao;30;22;JACOBINA;;;;;;;;;;;;;;;;;;;;
UTEP;B-1118713;AC-CIND-TRV-URBANA-CENTRO-OUROLANDIA;GAVIÃO;29/07/2025;04/08/2025;170,0;1,0;;UILQUER;11/08/2025;11/08/2025;Conciliado;;;;;;R$ 3.960,68;R$ 214,48;R$ 2.133,04;R$ 6.308,20;R$ 59.493,95;APTA PARA UNITIZAÇÃO;Coelba;CARLOS EDUARDO;;12/08/2025;Aceita;Agosto;;18/08/2025;Nao;20;8;JACOBINA;;;;;;;;;;;;;;;;;;;;
UTEP;B-1119176;ER-CIND-POV-LAGOA CAVADA-RURAL;CAMPO FORMOSO;30/07/2025;04/08/2025;169,0;6,0;;UILQUER;11/08/2025;11/08/2025;Conciliado;12/08/2025;;;;;R$ 3.461,54;R$ 1.142,05;R$ 9.388,14;R$ 13.991,73;R$ 60.147,37;APTA PARA UNITIZAÇÃO;Coelba;EDLECIO;;27/08/2025;Aceita;Setembro;;27/08/2025;Nao;28;23;JACOBINA;;;;;;;;;;;;;;;;;;;;
UTEP;B-1170497;ER-CIND-ET-GARIMPO DO SOCOTO-RURAL;CAMPO FORMOSO;30/07/2025;04/08/2025;169,0;4,0;;UILQUER;18/08/2025;18/08/2025;Conciliado;19/08/2025;;;Movimentado;;R$ 1.835,35;R$ 857,91;R$ 6.743,33;R$ 9.436,59;R$ 26.059,93;APTA PARA UNITIZAÇÃO;Coelba;EDLECIO;;04/09/2025;Aceita;Setembro;;05/09/2025;Nao;37;31;JACOBINA;;;;;;;;;;;;;;;;;;;;
LPT;B-1214976;KIT -CIND-ET-GARIMPO DO SOCOTO-RURAL;CAMPO FORMOSO;30/07/2025;04/08/2025;169,0;;;UILQUER;18/08/2025;18/08/2025;Conciliado;19/08/2025;;;Movimentado;;;;R$ 281,39;R$ 281,39;R$ 14.877,72;APTA PARA UNITIZAÇÃO;Coelba;CARLOS EDUARDO;;04/09/2025;Aceita;Setembro;;05/09/2025;Nao;37;31;JACOBINA;;;;;;;;;;;;;;;;;;;;
LPT;B-1215257;MED -CIND-ET-GARIMPO DO SOCOTO-RURAL;CAMPO FORMOSO;30/07/2025;04/08/2025;169,0;;;UILQUER;18/08/2025;18/08/2025;Conciliado;19/08/2025;;;Movimentado;;;;R$ 403,96;R$ 403,96;R$ 8.148,74;APTA PARA UNITIZAÇÃO;Coelba;CARLOS EDUARDO;;04/09/2025;Aceita;Setembro;;05/09/2025;Nao;37;31;JACOBINA;;;;;;;;;;;;;;;;;;;;
UTEP;B-1170163;ER-CIND-FAZ-UMBUZEIRO DA ONCA-RR-PEIXE;GAVIÃO;31/07/2025;31/08/2025;168,0;1,0;1;UILQUER;23/08/2025;23/08/2025;Conciliado;25/08/2025;;;Movimentado;;;R$ 214,48;R$ 2.447,27;R$ 2.661,75;R$ 16.693,18;APTA PARA UNITIZAÇÃO;Coelba;CARLOS EDUARDO;;03/09/2025;Aceita;Setembro;;04/09/2025;Nao;35;3;JACOBINA;;;;;;;;;;;;;;;;;;;;
LPT;B-1023330;ER-CIND-POV-CONFORTO-CONFORTO;GAVIÃO;31/07/2025;06/08/2025;168,0;33,0;1;LARISSA;15/08/2025;15/08/2025;Conciliado;;;;;;;R$ 7.077,76;R$ 74.368,66;R$ 81.446,42;;APTA PARA UNITIZAÇÃO;Coelba;CARLOS EDUARDO;;18/08/2025;Aceita;Agosto;;20/08/2025;Nao;20;12;JACOBINA;;;;;;;;;;;;;;;;;;;;
LPT;B-1217260;KIT - CIND-POV-CONFORTO-CONFORTO;GAVIÃO;31/07/2025;06/08/2025;168,0;;;LARISSA;;;;;;;;;;;R$ 384,55;R$ 384,55;;APTA PARA UNITIZAÇÃO;Coelba;CARLOS EDUARDO;;18/08/2025;Aceita;Agosto;;20/08/2025;Nao;20;12;JACOBINA;;;;;;;;;;;;;;;;;;;;
LPT;B-1217267;MED - CIND-POV-CONFORTO-CONFORTO;GAVIÃO;31/07/2025;06/08/2025;168,0;;;LARISSA;;;;;;;;;;;R$ 201,98;R$ 201,98;;APTA PARA UNITIZAÇÃO;Coelba;CARLOS EDUARDO;;18/08/2025;Aceita;Agosto;;20/08/2025;Nao;20;12;JACOBINA;;;;;;;;;;;;;;;;;;;;
LPT;B-1196265;ER-CIND-POV-MATEUS-RURAL;GAVIÃO;31/07/2025;11/08/2025;168,0;6,0;;UILQUER;18/08/2025;18/08/2025;Conciliado;19/08/2025;;;Movimentado;;;R$ 1.286,86;R$ 11.926,42;R$ 13.213,28;R$ 51.679,65;APTA PARA UNITIZAÇÃO;Coelba;CARLOS EDUARDO;;03/09/2025;Aceita;Setembro;;04/09/2025;Nao;35;23;JACOBINA;;;;;;;;;;;;;;;;;;;;
LPT;B-1214408;KIT - CIND-POV-MATEUS-RURAL;GAVIÃO;31/07/2025;11/08/2025;168,0;;;UILQUER;18/08/2025;18/08/2025;Conciliado;19/08/2025;;;Movimentado;;;;R$ 140,69;R$ 140,69;R$ 2.125,38;APTA PARA UNITIZAÇÃO;Coelba;CARLOS EDUARDO;;03/09/2025;Aceita;Setembro;;04/09/2025;Nao;35;23;JACOBINA;;;;;;;;;;;;;;;;;;;;
LPT;B-1214503;MED - CIND-POV-MATEUS-RURAL;GAVIÃO;31/07/2025;11/08/2025;168,0;;;UILQUER;18/08/2025;18/08/2025;Conciliado;19/08/2025;;;Movimentado;;;;R$ 127,22;R$ 127,22;R$ 1.164,11;APTA PARA UNITIZAÇÃO;Coelba;CARLOS EDUARDO;;03/09/2025;Aceita;Setembro;;04/09/2025;Nao;35;23;JACOBINA;;;;;;;;;;;;;;;;;;;;
LPT;B-1134043;LD-CCOL-POV.TOCA DO GONÇALO-RURAL;CAMPO FORMOSO;31/07/2025;04/08/2025;168,0;51,0;;LARISSA;06/08/2025;05/08/2025;Conciliado;;;;;;R$ 1.251,39;R$ 10.938,35;R$ 175.628,54;R$ 187.818,28;R$ 627.837,64;APTA PARA UNITIZAÇÃO;Coelba;EDLECIO;;15/08/2025;Aceita;Agosto;;20/08/2025;Nao;20;11;JACOBINA;;;;;;;;;;;;;;;;;;;;
LPT;B-1134054;KIT - POV.TOCA DO GONÇALO-RURAL;CAMPO FORMOSO;31/07/2025;04/08/2025;168,0;;;LARISSA;;;;;;;;;;;R$ 1.538,20;R$ 1.538,20;R$ 15.712,68;APTA PARA UNITIZAÇÃO;Coelba;EDLECIO;;15/08/2025;Aceita;Agosto;;20/08/2025;Nao;20;11;JACOBINA;;;;;;;;;;;;;;;;;;;;
LPT;B-1134044;MED- POV.TOCA DO GONÇALO-RURAL;CAMPO FORMOSO;31/07/2025;04/08/2025;168,0;;;LARISSA;;;;;;;;;;;R$ 807,93;R$ 807,93;R$ 467,08;APTA PARA UNITIZAÇÃO;Coelba;EDLECIO;;15/08/2025;Aceita;Agosto;;20/08/2025;Nao;20;11;JACOBINA;;;;;;;;;;;;;;;;;;;;
LPT;B-1194120;ER-CIND-FAZ-UMBURANA-RURAL;GAVIÃO;31/07/2025;11/08/2025;168,0;3,0;;UILQUER;18/08/2025;18/08/2025;Conciliado;23/08/2025;;;Movimentado;;;R$ 643,43;R$ 5.988,50;R$ 6.631,93;R$ 20.785,60;APTA PARA UNITIZAÇÃO;Coelba;CARLOS EDUARDO;;03/09/2025;Aceita;Setembro;;04/09/2025;Nao;35;23;JACOBINA;;;;;;;;;;;;;;;;;;;;
LPT;B-1214971;KIT - CIND-FAZ-UMBURANA-RURAL;GAVIÃO;31/07/2025;11/08/2025;168,0;;;UILQUER;18/08/2025;18/08/2025;Conciliado;23/08/2025;;;Movimentado;;;;R$ 140,69;R$ 140,69;R$ 2.125,38;APTA PARA UNITIZAÇÃO;Coelba;CARLOS EDUARDO;;03/09/2025;Aceita;Setembro;;04/09/2025;Nao;35;23;JACOBINA;;;;;;;;;;;;;;;;;;;;
LPT;B-1215251;MED - CIND-FAZ-UMBURANA-RURAL;GAVIÃO;31/07/2025;11/08/2025;168,0;;;UILQUER;18/08/2025;18/08/2025;Conciliado;23/08/2025;;;Movimentado;;;;R$ 201,98;R$ 201,98;;APTA PARA UNITIZAÇÃO;Coelba;CARLOS EDUARDO;;03/09/2025;Aceita;Setembro;;04/09/2025;Nao;35;23;JACOBINA;;;;;;;;;;;;;;;;;;;;
UTEP;B-1203292;UB-CIND-RUA-NOVA-LOT SALV   IANO INACIO R.;OUROLANDIA;31/07/2025;02/08/2025;168,0;6,0;;UILQUER;19/08/2025;19/08/2025;Conciliado;23/08/2025;;;Movimentado;;;R$ 1.286,86;R$ 10.712,70;R$ 11.999,56;R$ 22.636,78;APTA PARA UNITIZAÇÃO;Coelba;CARLOS EDUARDO;;02/09/2025;Aceita;Setembro;;04/09/2025;Nao;35;31;JACOBINA;;;;;;;;;;;;;;;;;;;;
LPT;B-1204678;ER-CIND-FAZ-TRES RIACHOS 326-RURAL;MUNDO NOVO;31/07/2025;05/08/2025;168,0;;;UILQUER;19/08/2025;19/08/2025;Conciliado;20/08/2025;;;Movimentado;;R$ 2.259,49;R$ 1.072,39;R$ 9.214,37;R$ 12.546,25;R$ 42.630,36;APTA PARA UNITIZAÇÃO;Coelba;CARLOS EDUARDO;;15/09/2025;Aceita;Setembro;;18/09/2025;Nao;49;41;JACOBINA;;;;;;;;;;;;;;;;;;;;
LPT;B-1216768;KIT - FAZ-TRES RIACHOS 326-RURAL;MUNDO NOVO;31/07/2025;05/08/2025;168,0;5,0;;UILQUER;19/08/2025;19/08/2025;Conciliado;20/08/2025;;;Movimentado;;;;R$ 384,55;R$ 384,55;;APTA PARA UNITIZAÇÃO;Coelba;CARLOS EDUARDO;;15/09/2025;Aceita;Setembro;;18/09/2025;Nao;49;41;JACOBINA;;;;;;;;;;;;;;;;;;;;
LPT;B-1216838;MED - FAZ-TRES RIACHOS 326-RURAL;MUNDO NOVO;31/07/2025;05/08/2025;168,0;;;UILQUER;19/08/2025;19/08/2025;Conciliado;20/08/2025;;;Movimentado;;;;R$ 201,98;R$ 201,98;;APTA PARA UNITIZAÇÃO;Coelba;CARLOS EDUARDO;;15/09/2025;Aceita;Setembro;;18/09/2025;Nao;49;41;JACOBINA;;;;;;;;;;;;;;;;;;;;
LPT;B-1155071;LD-CCOL-FAZ.CAIS-RURAL;OUROLÂNDIA;31/07/2025;07/08/2025;168,0;22,0;;LARISSA;13/08/2025;13/08/2025;;;;;;;R$ 1.416,59;R$ 4.932,98;R$ 50.042,56;R$ 56.392,13;;APTA PARA UNITIZAÇÃO;Coelba;CARLOS EDUARDO;;18/08/2025;Aceita;Agosto;;20/08/2025;Nao;20;11;JACOBINA;;;;;;;;;;;;;;;;;;;;
UTEP;B-1173843;ME COEL AV CHICO MENDES RURAL;VÁRZEA DA ROÇA;31/07/2025;11/08/2025;11,0;21,0;;LARISSA;15/08/2025;15/08/2025;Conciliado;23/10/2025;;;;;R$ 3.688,90;R$ 4.504,03;R$ 68.954,61;R$ 77.147,54;R$ 158.464,80;APTA PARA UNITIZAÇÃO;Coelba;CARLOS EDUARDO;;2/12/2025;Aceita;Dezembro;;05/12/2025;Nao;127;113;JACOBINA;;;;;;;;;;;;;;;;;;;;
UTEP;B-1114109;AL GRUA AG SERRA RURAL;MUNDO NOVO;01/08/2025;06/08/2025;5,0;50,0;;UILQUER;29/08/2025;27/08/2025;Conciliado;15/09/2025;;;Almoxarifado;;R$ 10.646,36;R$ 10.723,87;R$ 143.980,91;R$ 165.351,14;R$ 1.096.622,87;APTA PARA UNITIZAÇÃO;Coelba;CARLOS EDUARDO;;23/09/2025;Aceita;Outubro;;24/09/2025;Nao;54;48;JACOBINA;;;;;;;;;;;;;;;;;;;;
UTEP;B-1186797;UB-CIND-RUA-D 99-JACOBINA III;JACOBINA;15/08/2025;11/09/2025;27,0;1,0;;UILQUER;27/08/2025;27/08/2025;Conciliado;28/08/2025;;;Movimentado;;;R$ 214,48;R$ 1.686,00;R$ 1.966,82;R$ 114.729,30;APTA PARA UNITIZAÇÃO;Coelba;CARLOS EDUARDO;;07/10/2025;Aceita;Outubro;;10/10/2025;Nao;56;26;JACOBINA;;;;;;;;;;;;;;;;;;;;
UTEP;B-1206832;UB-SEIN-RUA-DO COQUEIRO-URBANA;MAIRI;13/08/2025;05/09/2025;155,0;6,0;;NATÃ;08/09/2025;08/09/2025;Conciliado;28/08/2025;;;Movimentado;;;R$ 1.286,86;R$ 10.502,99;R$ 11.789,85;;APTA PARA UNITIZAÇÃO;Coelba;CARLOS EDUARDO;;15/09/2025;Aceita;Setembro;;17/09/2025;Nao;35;10;JACOBINA;;;;;;;;;;;;;;;;;;;;
UTEP;B-1136916;UB-CIND-RUA-ARNALDO BORGES MATOS-AEROPOR;PIRITIBA;12/08/2025;05/09/2025;156,0;10,0;;UILQUER;08/09/2025;05/09/2025;Conciliado;10/09/2025;;;Almoxarifado;;;R$ 2.144,77;R$ 17.174,34;R$ 19.319,11;R$ 114.729,30;APTA PARA UNITIZAÇÃO;Coelba;CARLOS EDUARDO;;11/09/2025;Aceita;Setembro;;15/09/2025;Nao;34;6;JACOBINA;;;;;;;;;;;;;;;;;;;;
LPT;B-1161968;MP-CIND-POV.CONFORTO-RURAL;GAVIÃO;26/08/2025;04/09/2025;142,0;16,0;;UILQUER;05/09/2025;04/09/2025;Conciliado;09/09/2025;;;Movimentado;;;R$ 2.788,21;R$ 23.305,88;R$ 26.094,09;;APTA PARA UNITIZAÇÃO;Coelba;CARLOS EDUARDO;;15/09/2025;Aceita;Setembro;;19/09/2025;Nao;24;11;JACOBINA;;;;;;;;;;;;;;;;;;;;
LPT;B-1217982;KIT-POV.CONFORTO-RURAL;GAVIÃO;26/08/2025;04/09/2025;142,0;;;UILQUER;05/09/2025;04/09/2025;Conciliado;;;;Movimentado;;;;R$ 384,55;R$ 384,55;;APTA PARA UNITIZAÇÃO;Coelba;CARLOS EDUARDO;;15/09/2025;Aceita;Setembro;;19/09/2025;Nao;24;11;JACOBINA;;;;;;;;;;;;;;;;;;;;
LPT;B-1218042;MED-POV.CONFORTO-RURAL;GAVIÃO;26/08/2025;04/09/2025;142,0;;;UILQUER;05/09/2025;04/09/2025;Conciliado;;;;Movimentado;;;;R$ 201,98;R$ 201,98;;APTA PARA UNITIZAÇÃO;Coelba;CARLOS EDUARDO;;15/09/2025;Aceita;Setembro;;19/09/2025;Nao;24;11;JACOBINA;;;;;;;;;;;;;;;;;;;;
UTEP;B-1097443;UB-CCOL-AV-NUMA ALVES BARRETO-CENTRO;MUNDO NOVO;23/08/2025;05/09/2025;145,0;1,0;;EMILLE;04/09/2025;28/08/2025;Conciliado;28/08/2025;;;Movimentado;;;R$ 214,48;R$ 1.866,20;R$ 2.080,68;;APTA PARA UNITIZAÇÃO;Coelba;RAFAEL;HEMORGENES;12/09/2025;Aceita;Setembro;;18/09/2025;Nao;26;7;JACOBINA;;;;;;;;;;;;;;;;;;;;
UTEP;B-1173821;ER-CIND-AV-CASTRO ALVES-CENTRO-SUMARE;PIRITIBA;22/08/2025;05/09/2025;146,0;5,0;;UILQUER;08/09/2025;05/09/2025;Conciliado;08/09/2025;;;;;;R$ 1.072,39;R$ 8.902,84;R$ 9.975,23;;APTA PARA UNITIZAÇÃO;Coelba;RAFAEL;JOAOZITO;15/09/2025;Aceita;Setembro;;16/09/2025;Nao;25;10;JACOBINA;;;;;;;;;;;;;;;;;;;;
UTEP;B-1202667;RR-CIND-POV-LAMEIRO VARZEA DANTAS 2233-R;SÃO JOSÉ DO JACUÍPE;26/08/2025;04/09/2025;9,0;13,0;;UILQUER;04/09/2025;04/09/2025;Conciliado;28/08/2025;;;Movimentado;05/09/2025;R$ 3.602,97;R$ 2.788,21;R$ 22.873,01;R$ 29.264,19;R$ 59.739,79;APTA PARA UNITIZAÇÃO;Coelba;RAFAEL;ANTONIO;14/10/2025;Aceita;Novembro;;16/10/2025;Nao;51;40;JACOBINA;;;;;;;;;;;;;;;;;;;;
LPT;B-1101377;LD CIND POV ASSENT PANORAMA RURAL;PIRITIBA;28/08/2025;05/09/2025;8,0;13,0;;UILQUER;08//09/2025;08/09/2025;Conciliado;10/09/2025;;;Movimentado;;;R$ 2.788,21;R$ 27.432,76;R$ 30.220,97;;APTA PARA UNITIZAÇÃO;Coelba;RAFAEL;;22/09/2025;Aceita;Outubro;;24/09/2025;Nao;27;17;JACOBINA;;;;;;;;;;;;;;;;;;;;
LPT;B-1101380;KIT CIND POV ASSENT PANORAMA RURAL;PIRITIBA;28/08/2025;05/09/2025;8,0;;;UILQUER;08//09/2025;08/09/2025;Conciliado;;;;Movimentado;;;;R$ 769,10;R$ 769,10;;APTA PARA UNITIZAÇÃO;Coelba;RAFAEL;;22/09/2025;Aceita;Outubro;;24/09/2025;Nao;27;17;JACOBINA;;;;;;;;;;;;;;;;;;;;
LPT;B-1101381;MED CIND POV ASSENT PANORAMA RURAL;PIRITIBA;28/08/2025;05/09/2025;8,0;;;UILQUER;08//09/2025;08/09/2025;Conciliado;;;;Movimentado;;;;R$ 403,97;R$ 403,97;;APTA PARA UNITIZAÇÃO;Coelba;RAFAEL;;22/09/2025;Aceita;Outubro;;24/09/2025;Nao;27;17;JACOBINA;;;;;;;;;;;;;;;;;;;;
UTEP;B-1194789;AC-GRUA-RUA-DO CRUZEIRO 20-CENTRO;OUROLÂNDIA;28/08/2025;24/10/2025;57,0;4,0;;LARISSA;05/11/2025;04/11/2025;Conciliado;02/12/2025;;;;;;R$ 857,91;R$ 11.396,41;R$ 12.254,32;R$ 59.739,79;APTA PARA UNITIZAÇÃO;Coelba;RAFAEL;;13/12/2025;Aceita;Janeiro;2026.0;17/12/2025;Nao;111;50;JACOBINA;;;;;;;;;;;;;;;;;;;;
LPT;B-1155714;ER-CIND-FAZ-MARRUAIS 336-FZ VARZEA SUJA;SÃO JOSÉ DO JACUÍPE;27/08/2025;03/09/2025;7,0;13,0;;UILQUER;04/09/2025;03/09/2025;Conciliado;09/09/2025;;;Movimentado;04/09/2025;R$ 3.596,73;R$ 2.788,21;R$ 22.894,29;R$ 29.279,23;R$ 110.754,51;APTA PARA UNITIZAÇÃO;Coelba;RAFAEL;;29/09/2025;Aceita;Outubro;;30/09/2025;Nao;34;26;JACOBINA;;;;;;;;;;;;;;;;;;;;
LPT;B-1156868;KIT -CIND-FAZ-MARRUAIS 336-FZ VARZEA SUJA;SÃO JOSÉ DO JACUÍPE;27/08/2025;03/09/2025;7,0;;;UILQUER;04/09/2025;03/09/2025;Conciliado;;;;Movimentado;04/09/2025;;R$ 140,69;;R$ 140,69;R$ 5.621,66;APTA PARA UNITIZAÇÃO;Coelba;RAFAEL;;29/09/2025;Aceita;Outubro;;30/09/2025;Nao;34;26;JACOBINA;;;;;;;;;;;;;;;;;;;;
LPT;B-1156867;MED-CIND-FAZ-MARRUAIS 336-FZ VARZEA SUJA;SÃO JOSÉ DO JACUÍPE;27/08/2025;03/09/2025;7,0;;;UILQUER;04/09/2025;03/09/2025;Conciliado;;;;Movimentado;04/09/2025;;;R$ 201,98;R$ 201,98;R$ 1.101,69;APTA PARA UNITIZAÇÃO;Coelba;RAFAEL;;29/09/2025;Aceita;Outubro;;30/09/2025;Nao;34;26;JACOBINA;;;;;;;;;;;;;;;;;;;;
LPT;B-1102882;MP-CCOL-RUA DO COMERCIO-RURAL;CAMPO FORMOSO;29/08/2025;30/08/2025;139,0;155,0;11;RUBEM;;02/09/2025;Conciliado;10/09/2025;;;Movimentado;;R$ 8.401,08;R$ 33.244,40;R$ 427.033,18;R$ 468.678,66;;APTA PARA UNITIZAÇÃO;Coelba;EDLECIO;;17/09/2025;Aceita;Setembro;;19/09/2025;Nao;21;18;JACOBINA;;;;;;;;;;;;;;;;;;;;
LPT;B-1102878;KIT - RUA DO COMERCIO-RURAL;CAMPO FORMOSO;29/08/2025;30/08/2025;139,0;;;RUBEM;;02/09/2025;Conciliado;;;;Movimentado;;;;R$ 4.230,05;R$ 4.230,05;;APTA PARA UNITIZAÇÃO;Coelba;EDLECIO;;17/09/2025;Aceita;Setembro;;19/09/2025;Nao;21;18;JACOBINA;;;;;;;;;;;;;;;;;;;;
LPT;B-1102881;MED - RUA DO COMERCIO-RURAL;CAMPO FORMOSO;29/08/2025;30/08/2025;139,0;;;RUBEM;;02/09/2025;Conciliado;;;;Movimentado;;;;R$ 2.221,82;R$ 2.221,82;;APTA PARA UNITIZAÇÃO;Coelba;EDLECIO;;17/09/2025;Aceita;Setembro;;19/09/2025;Nao;21;18;JACOBINA;;;;;;;;;;;;;;;;;;;;
LPT;B-1145890;MP-CIND-FAZ.JEQUITIBA-RURAL;MUNDO NOVO;29/08/2025;12/09/2025;14,0;25,0;2;UILQUER;24/09/2025;24/09/2025;Conciliado;27/09/2025;;;Almoxarifado;;;R$ 5.361,94;R$ 51.801,42;R$ 57.163,36;R$ 235.530,65;APTA PARA UNITIZAÇÃO;Coelba;RAFAEL;;15/10/2025;Aceita;Outubro;;21/10/2025;Nao;53;33;JACOBINA;;;;;;;;;;;;;;;;;;;;
LPT;B-1145891;KIT - CIND-FAZ.JEQUITIBA-RURAL;MUNDO NOVO;29/08/2025;12/09/2025;14,0;;;UILQUER;24/09/2025;24/09/2025;Conciliado;27/09/2025;;;Movimentado;;;;R$ 769,10;R$ 769,10;R$ 3.800,37;APTA PARA UNITIZAÇÃO;Coelba;RAFAEL;;15/10/2025;Aceita;Outubro;;21/10/2025;Nao;53;33;JACOBINA;;;;;;;;;;;;;;;;;;;;
LPT;B-1145892;MED - CIND-FAZ.JEQUITIBA-RURAL;MUNDO NOVO;29/08/2025;12/09/2025;14,0;;;UILQUER;24/09/2025;24/09/2025;Conciliado;27/09/2025;;;Movimentado;;;;R$ 403,96;R$ 403,96;R$ 233,54;APTA PARA UNITIZAÇÃO;Coelba;RAFAEL;;15/10/2025;Aceita;Outubro;;21/10/2025;Nao;53;33;JACOBINA;;;;;;;;;;;;;;;;;;;;
LPT;B-1158098;ER-CIND-POV-DE IVO LUCIANO-IVO;CAPIM GROSSO;30/08/2025;03/09/2025;4,0;15,0;1;UILQUER;03/09/2025;03/09/2025;Conciliado;09/09/2025;;;Movimentado;04/09/2025;;R$ 3.217,16;R$ 27.878,82;R$ 31.095,98;R$ 136.793,45;APTA PARA UNITIZAÇÃO;Coelba;RAFAEL;;15/10/2025;Aceita;Outubro;;20/10/2025;Nao;51;42;JACOBINA;;;;;;;;;;;;;;;;;;;;
LPT;B-1218450;KIT - CIND-POV-DE IVO LUCIANO-IVO;CAPIM GROSSO;30/08/2025;03/09/2025;4,0;;;UILQUER;03/09/2025;03/09/2025;Conciliado;09/09/2025;;;Movimentado;04/09/2025;;;R$ 140,69;R$ 140,69;;APTA PARA UNITIZAÇÃO;Coelba;RAFAEL;;15/10/2025;Aceita;Outubro;;20/10/2025;Nao;51;42;JACOBINA;;;;;;;;;;;;;;;;;;;;
LPT;B-1218507;MED - CIND-POV-DE IVO LUCIANO-IVO;CAPIM GROSSO;30/08/2025;03/09/2025;4,0;;;UILQUER;03/09/2025;03/09/2025;Conciliado;09/09/2025;;;Movimentado;04/09/2025;;;R$ 201,98;R$ 201,98;;APTA PARA UNITIZAÇÃO;Coelba;RAFAEL;;15/10/2025;Aceita;Outubro;;20/10/2025;Nao;51;42;JACOBINA;;;;;;;;;;;;;;;;;;;;
UTEP;B-1199720;UB-CIND-AV-LOMANTO JUNIOR-CENTRO;GAVIÃO;30/08/2025;04/09/2025;138,0;7,0;1;NATÃ;05/09/2025;04/09/2025;Conciliado;03/09/2025;;;Movimentado;05/09/2025;;R$ 1.501,34;R$ 11.986,05;R$ 13.487,39;;APTA PARA UNITIZAÇÃO;Coelba;RAFAEL;;12/09/2025;Aceita;Setembro;;19/09/2025;Nao;20;8;JACOBINA;;;;;;;;;;;;;;;;;;;;
UTEP;B-1157487;RR-CIND-POV-OLHOS DAGUA 845-RURAL;MAIRI;29/08/2025;05/09/2025;7,0;12,0;;UILQUER;08/09/2025;08/09/2025;Conciliado;03/09/2025;;;Movimentado;;;R$ 2.573,73;R$ 22.500,02;R$ 25.073,75;R$ 82.692,35;APTA PARA UNITIZAÇÃO;Coelba;RAFAEL;;18/09/2025;Aceita;Outubro;;25/09/2025;Nao;27;13;JACOBINA;;;;;;;;;;;;;;;;;;;;
UTEP;B-1174903;AL-COEL-03-CAPIM GROSSO II -CONSTR-RURAL;CAPIM GROSSO;03/09/2025;03/11/2025;61,0;3,0;;UILQUER;11/11/2025;11/11/2025;Conciliado;07/11/2025;;;;;;;R$ 78.897,17;R$ 78.897,17;R$ 779.557,88;Movimentaçao;Sipel;RAFAEL;;;A postar;Janeiro;2026.0;;Nao;134;73;JACOBINA;;;;;;;;;;;;;;;;;;;;
UTEP;B-1173754;ME-COEL-ROD-BA130-CAPIM GROSSO;CAPIM GROSSO;03/09/2025;28/10/2025;55,0;79,0;;UILQUER;06/11/2025;29/10/2025;Conciliado;31/10/2025;;;;;R$ 17.055,15;R$ 17.587,15;R$ 206.066,88;R$ 240.709,18;R$ 519.464,24;APTA PARA UNITIZAÇÃO;Coelba;RAFAEL;;3/12/2025;Aceita;Dezembro;;09/12/2025;Nao;97;36;JACOBINA;;;;;;;;;;;;;;;;;;;;
UTEP;B-1060065;UB-CIND-LO MORRO GUINHO 17-CENTRO;BAIXA GRANDE;19/09/2025;24/10/2025;35,0;1,0;;JOÃO VICENTE;03/11/2025;03/11/2025;Conciliado;04/11/2025;;;;;;R$ 214,48;R$ 2.005,35;R$ 2.219,83;R$ 3.063,80;APTA PARA UNITIZAÇÃO;Coelba;ANDERSON;;02/12/2025;Aceita;Dezembro;;08/12/2025;Nao;80;39;JACOBINA;;;;;;;;;;;;;;;;;;;;
UTEP;B-1205379;RR-CIND-FAZ-PILOES-RURAL;CAMPO FORMOSO;19/09/2025;29/09/2025;10,0;31,0;;UILQUER;30/09/2025;01/10/2025;Conciliado;08/10/2025;;;Movimentado;;R$ 1.991,05;R$ 6.648,80;R$ 61.788,35;R$ 70.428,20;R$ 223.792,90;APTA PARA UNITIZAÇÃO;Coelba;;;16/10/2025;Aceita;Outubro;;20/10/2025;Nao;31;17;JACOBINA;;;;;;;;;;;;;;;;;;;;
LPT;B-0571997;MP-CCOL-FAZ. AGUA FRIA-RURAL;JACOBINA;19/09/2025;29/09/2025;10,0;37,0;3;LARISSA;01/10/2025;30/09/2025;Conciliado;02/10/2025;;;Almoxarifado;;R$ 1.315,36;R$ 7.935,67;R$ 72.022,51;R$ 81.273,54;R$ 326.862,05;APTA PARA UNITIZAÇÃO;Coelba;;;16/10/2025;Aceita;Outubro;;20/10/2025;Nao;31;17;JACOBINA;;;;;;;;;;;;;;;;;;;;
LPT;B-0571999;KIT FAZ. AGUA FRIA-RURAL;JACOBINA;19/09/2025;29/09/2025;10,0;0,0;;LARISSA;01/10/2025;30/09/2025;Conciliado;;;;;;;;R$ 665,94;R$ 665,94;R$ 9.368,51;APTA PARA UNITIZAÇÃO;Coelba;;;16/10/2025;Aceita;Outubro;;20/10/2025;Nao;31;17;JACOBINA;;;;;;;;;;;;;;;;;;;;
LPT;B-0941908;MED FAZ. AGUA FRIA-RURAL;JACOBINA;19/09/2025;29/09/2025;10,0;0,0;;LARISSA;01/10/2025;30/09/2025;Conciliado;;;;;;;;R$ 605,95;R$ 605,95;R$ 1.449,60;APTA PARA UNITIZAÇÃO;Coelba;;;16/10/2025;Aceita;Outubro;;20/10/2025;Nao;31;17;JACOBINA;;;;;;;;;;;;;;;;;;;;
UTEP;B-1214073;AC-CIND-RUA-GABRIEL FRANCISCO-OLIVEIRA;CAPIM GROSSO;20/09/2025;16/10/2025;26,0;1,0;;JOÃO VICENTE;24/10/2025;21/10/2025;Conciliado;29/10/2025;;;;;R$ 3.960,68;R$ 428,95;R$ 5.971,61;R$ 10.361,24;R$ 67.486,41;APTA PARA UNITIZAÇÃO;Coelba;EDUARDO;;12/11/2025;Aceita;Dezembro;;24/11/2025;Nao;65;27;JACOBINA;;;;;;;;;;;;;;;;;;;;
UTEP;B-1206433;ER-CIND-POV-MANOEL LOPES LINS-RURAL;CAMPO FORMOSO;20/09/2025;29/09/2025;9,0;7,0;;JOÃO VICENTE;29/10/2025;06/10/2025;Conciliado;30/10/2025;;;;;;R$ 1.501,34;R$ 12.585,85;R$ 14.087,19;R$ 34.246,64;APTA PARA UNITIZAÇÃO;Coelba;;;03/11/2025;Aceita;Novembro;;07/11/2025;Nao;48;35;JACOBINA;;;;;;;;;;;;;;;;;;;;
LPT;B-1168770;ER-CIND-RUA-DA JAZIDA-ITATIAIA;SÃO JOSÉ DO JACUÍPE;23/09/2025;25/09/2025;2,0;7,0;;UILQUER;30/09/2025;25/09/2025;Conciliado;10/10/2025;;;Almoxarifado;;;R$ 1.715,82;R$ 14.791,99;R$ 16.507,81;R$ 75.143,68;APTA PARA UNITIZAÇÃO;Coelba;;;16/10/2025;Aceita;Outubro;;21/10/2025;Nao;28;21;JACOBINA;;;;;;;;;;;;;;;;;;;;
LPT;B-1224916;KIT -RUA-DA JAZIDA-ITATIAIA;SÃO JOSÉ DO JACUÍPE;23/09/2025;25/09/2025;2,0;;;UILQUER;30/09/2025;25/09/2025;Conciliado;10/10/2025;;;Almoxarifado;;;;R$ 384,55;R$ 384,55;R$ 4.310,91;APTA PARA UNITIZAÇÃO;Coelba;;;16/10/2025;Aceita;Outubro;;21/10/2025;Nao;28;21;JACOBINA;;;;;;;;;;;;;;;;;;;;
LPT;B-1224336;MED - RUA-DA JAZIDA-ITATIAIA;SÃO JOSÉ DO JACUÍPE;23/09/2025;25/09/2025;2,0;;;UILQUER;30/09/2025;25/09/2025;Conciliado;10/10/2025;;;Almoxarifado;;;;R$ 201,98;R$ 201,98;R$ 1.201,67;APTA PARA UNITIZAÇÃO;Coelba;;;16/10/2025;Aceita;Outubro;;21/10/2025;Nao;28;21;JACOBINA;;;;;;;;;;;;;;;;;;;;
LPT;B-1177474;ER-CIND-FAZ-S O MIGUEL-RURAL;GAVIÃO;23/09/2025;24/09/2025;1,0;3,0;;UILQUER;24/09/2025;24/09/2025;Conciliado;10/10/2025;;;Almoxarifado;;R$ 3.960,68;R$ 643,43;R$ 5.655,30;R$ 10.259,41;R$ 38.064,04;APTA PARA UNITIZAÇÃO;Coelba;;;14/10/2025;Aceita;Outubro;;17/10/2025;Nao;24;20;JACOBINA;;;;;;;;;;;;;;;;;;;;
LPT;B-1224899;KIT -FAZ-S O MIGUEL-RURAL;GAVIÃO;23/09/2025;24/09/2025;1,0;;;UILQUER;24/09/2025;24/09/2025;Conciliado;10/10/2025;;;Almoxarifado;;;;R$ 140,69;R$ 140,69;R$ 4.310,91;APTA PARA UNITIZAÇÃO;Coelba;;;14/10/2025;Aceita;Outubro;;17/10/2025;Nao;24;20;JACOBINA;;;;;;;;;;;;;;;;;;;;
LPT;B-1224641;MED - FAZ-S O MIGUEL-RURAL;GAVIÃO;23/09/2025;24/09/2025;1,0;;;UILQUER;24/09/2025;24/09/2025;Conciliado;10/10/2025;;;Almoxarifado;;;;R$ 201,98;R$ 201,98;;APTA PARA UNITIZAÇÃO;Coelba;;;14/10/2025;Aceita;Outubro;;17/10/2025;Nao;24;20;JACOBINA;;;;;;;;;;;;;;;;;;;;
UTEP;B-1166864;LD-CCOL-POV-FOLHA LARGA-RURAL;CAMPO FORMOSO;23/09/2025;02/10/2025;9,0;3,0;;LARISSA;02/10/2025;02/10/2025;Conciliado;03/10/2025;;;;;;R$ 643,43;R$ 10.580,28;R$ 11.223,71;R$ 301.466,32;APTA PARA UNITIZAÇÃO;Coelba;;;18/10/2025;Aceita;Novembro;;27/10/2025;Nao;34;16;JACOBINA;;;;;;;;;;;;;;;;;;;;
UTEP;B-1206547;RR-CIND-TRV-DO COLEGIO 470-RURAL;MUNDO NOVO;24/09/2025;11/10/2025;17,0;11,0;;LARISSA;22/10/2025;22/10/2025;Conciliado;22/10/2025;;;;;;R$ 2.359,25;R$ 29.972,97;R$ 32.332,22;R$ 91.542,97;APTA PARA UNITIZAÇÃO;Coelba;;;5/12/2025;Aceita;Dezembro;;12/12/2025;Nao;79;55;JACOBINA;;;;;;;;;;;;;;;;;;;;
UTEP;B-1112020;IS-COEL-PR -JAIRO M ALMEIDA-CENTRO;MUNDO NOVO;11/09/2025;11/10/2025;30,0;4,0;;LARISSA;05/11/2025;05/11/2025;Conciliado;06/11/2025;;;;;;R$ 857,91;R$ 16.784,94;R$ 17.642,85;R$ 80.107,53;Movimentaçao;Sipel;;;;A postar;Janeiro;2026.0;;Nao;126;96;JACOBINA;;;;;;;;;;;;;;;;;;;;
UTEP;B-1199984;IE-RELIGADOR-JCB-09N3-D11934;SERROLÂNDIA;13/09/2025;13/09/2025;0,0;;;LARISSA;22/12/2025;22/12/2025;Conciliado;;;;;;R$ 6.942,74;R$ 214,48;R$ 1.636,09;R$ 8.793,31;R$ 192.309,06;Aguardando validação do AR;Coelba;;;13/1/0206;Repostado;Janeiro;2026.0;;Nao;124;-664.620;JACOBINA;;;;;;;;;;;;;;;;;;;;
UTEP;B-1205332;UB-CIND-RUA-BOSQUE DAS MANGUEIR-CENTRO;CAMPO FORMOSO;12/09/2025;29/09/2025;17,0;2,0;;UILQUER;10/10/2025;06/10/2025;Conciliado;10/10/2025;;;;;;R$ 428,95;R$ 3.857,75;R$ 4.286,70;R$ 11.422,97;APTA PARA UNITIZAÇÃO;Coelba;;;16/10/2025;Aceita;Outubro;;20/10/2025;Nao;38;17;JACOBINA;;;;;;;;;;;;;;;;;;;;
LPT;B-1209023;ER-CIND-POV-LAGOA DA ROCA-LAGOA DA ROCA;CAMPO FORMOSO;13/09/2025;29/09/2025;16,0;2,0;;UILQUER;10/10/2025;06/10/2025;Conciliado;11/10/2025;;;;;;R$ 643,43;R$ 5.264,41;R$ 5.907,84;R$ 18.727,86;APTA PARA UNITIZAÇÃO;Coelba;;;15/10/2025;Aceita;Outubro;;20/10/2025;Nao;37;16;JACOBINA;;;;;;;;;;;;;;;;;;;;
UTEP;B-1086433;AC-CIND-FAZ-CAMPINAS-CAMPINHO;CAMPO FORMOSO;13/09/2025;29/09/2025;16,0;4,0;;UILQUER;11/10/2025;06/10/2025;Conciliado;11/10/2025;;;;;;R$ 857,91;R$ 6.936,28;R$ 7.794,19;R$ 12.770,15;APTA PARA UNITIZAÇÃO;Coelba;;;15/10/2025;Aceita;Outubro;;20/10/2025;Nao;37;16;JACOBINA;;;;;;;;;;;;;;;;;;;;
UTEP;B-1191744;AC-CIND-AV-RUI BARBOSA-OLIVEIRA;CAPIM GROSSO;16/09/2025;26/09/2025;10,0;;;UILQUER;18/10/2025;18/10/2025;Conciliado;20/10/2025;;;;;R$ 3.592,47;;R$ 828,72;R$ 4.421,19;R$ 31.264,05;APTA PARA UNITIZAÇÃO;Coelba;;;17/11/2025;Aceita;Dezembro;;19/11/2025;Nao;64;52;JACOBINA;;;;;;;;;;;;;;;;;;;;
UTEP;B-1200593;RR-CIND-POV-LAGEDO 9999-RURAL;CAPIM GROSSO;17/09/2025;25/09/2025;8,0;9,0;;UILQUER;25/09/2025;25/09/2025;Conciliado;08/10/2025;;;Almoxarifado;;;R$ 1.930,30;R$ 22.651,54;R$ 24.581,84;R$ 72.593,70;APTA PARA UNITIZAÇÃO;Coelba;;;01/12/2025;Aceita;Dezembro;;03/12/2025;Nao;77;67;JACOBINA;;;;;;;;;;;;;;;;;;;;
UTEP;B-1206838;UB-CIND-RUA-DO CRUZEIRO-CENTRO-C FORMOSO;CAMO FORMOSO;18/09/2025;25/09/2025;7,0;7,0;;LARISSA;29/09/2025;29/09/2025;Conciliado;10/10/2025;;;Almoxarifado;;R$ 5.610,74;R$ 1.501,34;R$ 26.026,45;R$ 33.138,53;R$ 61.865,72;APTA PARA UNITIZAÇÃO;Coelba;;;16/10/2025;Aceita;Outubro;;21/10/2025;Nao;33;21;JACOBINA;;;;;;;;;;;;;;;;;;;;
UTEP;B-1189394;IE-RELIGADOR-SAU-01L2-N79422;SAÚDE;18/09/2025;20/09/2025;2,0;1,0;;LARISSA;19/12/2025;19/12/2025;Conciliado;;;;;;R$ 13.109,99;R$ 214,48;R$ 1.784,07;R$ 15.108,54;R$ 98.222,48;Aguardando validação do AR;Coelba;;;13/1/2026;Repostado;Janeiro;2026.0;;Nao;119;115;JACOBINA;;;;;;;;;;;;;;;;;;;;
UTEP;B-1191270;IS-COEL-AV-SERRA-RURAL-MUNDO NOVO;MUNDO NOVO;19/09/2025;10/10/2025;21,0;4,0;;UILQUER;06/11/2025;06/11/2025;CORREÇÃO CADASTRAL;12/01/2026;;;;;;R$ 726,28;R$ 9.229,34;R$ 9.955,62;R$ 61.025,64;Movimentaçao;Sipel;;;;A postar;Janeiro;2026.0;;Nao;118;97;JACOBINA;;;;;;;;;;;;;;;;;;;;
UTEP;B-1210577;ER-PREF-AV-VALDOMIRO MACIEL-PLANALTINO;CAPIM GROSSO;24/09/2025;29/09/2025;5,0;4,0;;LARISSA;06/10/2025;06/10/2025;Conciliado;08/10/2025;;;;;R$ 5.506,05;R$ 857,91;R$ 7.682,19;R$ 14.046,15;R$ 45.879,73;APTA PARA UNITIZAÇÃO;Coelba;;;13/10/2025;Aceita;Novembro;;16/10/2025;Nao;22;14;JACOBINA;;;;;;;;;;;;;;;;;;;;
LPT;B-1202322;ER-CIND-FAZ-SITIO-ARARAS;CAMPO FORMOSO;24/09/2025;02/10/2025;8,0;10,0;;LARISSA;03/10/2025;03/10/2025;Conciliado;09/10/2025;;;;;;R$ 2.144,77;R$ 33.306,15;R$ 35.450,92;R$ 46.082,29;APTA PARA UNITIZAÇÃO;Coelba;;;13/10/2025;Aceita;Novembro;;16/10/2025;Nao;22;11;JACOBINA;;;;;;;;;;;;;;;;;;;;
LPT;B-1230139;KIT - CIND-FAZ-SITIO-ARARAS;CAMPO FORMOSO;24/09/2025;02/10/2025;8,0;;;LARISSA;;03/10/2025;Conciliado;;;;;;;R$ 0,00;R$ 384,55;R$ 384,55;;APTA PARA UNITIZAÇÃO;Coelba;;;13/10/2025;Aceita;Outubro;;16/10/2025;Nao;22;11;JACOBINA;;;;;;;;;;;;;;;;;;;;
LPT;B-1230142;MEDIDOR CIND-FAZ-SITIO-ARARAS;CAMPO FORMOSO;24/09/2025;02/10/2025;8,0;;;LARISSA;;03/10/2025;Conciliado;;;;;;;;R$ 201,98;R$ 201,98;;APTA PARA UNITIZAÇÃO;Coelba;;;13/10/2025;Aceita;Outubro;;16/10/2025;Nao;22;11;JACOBINA;;;;;;;;;;;;;;;;;;;;
LPT;B-1204303;ER-CIND-FAZ-TOCA DA ONCA -RURAL;GAVIÃO;26/09/2025;29/09/2025;3,0;2,0;;LARISSA;06/10/2025;06/10/2025;Conciliado;09/10/2025;;;;;;R$ 428,95;R$ 3.878,87;R$ 4.307,82;;APTA PARA UNITIZAÇÃO;Coelba;;;22/10/2025;Aceita;Novembro;;23/10/2025;Nao;27;23;JACOBINA;;;;;;;;;;;;;;;;;;;;
LPT;B-1224805;KIT-CIND-FAZ-TOCA DA ONCA -RURAL;GAVIÃO;26/09/2025;29/09/2025;3,0;;;LARISSA;06/10/2025;06/10/2025;Conciliado;;;;;;;;R$ 384,55;R$ 384,55;;APTA PARA UNITIZAÇÃO;Coelba;;;22/10/2025;Aceita;Novembro;;23/10/2025;Nao;27;23;JACOBINA;;;;;;;;;;;;;;;;;;;;
LPT;B-1224642;MED-CIND-FAZ-TOCA DA ONCA -RURAL;GAVIÃO;26/09/2025;29/09/2025;3,0;;;LARISSA;06/10/2025;06/10/2025;Conciliado;;;;;;;;R$ 127,22;R$ 201,98;;APTA PARA UNITIZAÇÃO;Coelba;;;22/10/2025;Aceita;Novembro;;23/10/2025;Nao;27;23;JACOBINA;;;;;;;;;;;;;;;;;;;;
LPT;B-1089374;MP-CIND-FAZ-RIACHO GRANDE-RURAL;PIRITIBA;26/09/2025;14/10/2025;18,0;53,0;;LARISSA;17/10/2025;17/10/2025;Conciliado;20/10/2025;;;;;;R$ 11.367,30;R$ 100.230,40;R$ 111.597,70;;APTA PARA UNITIZAÇÃO;Coelba;;;06/11/2025;Aceita;Novembro;;11/11/2025;Nao;46;23;JACOBINA;;;;;;;;;;;;;;;;;;;;
LPT;B-1226440;KIT - CIND-FAZ-RIACHO GRANDE-RURAL;PIRITIBA;26/09/2025;14/10/2025;18,0;;;LARISSA;17/10/2025;17/10/2025;Conciliado;20/10/2025;;;;;;;R$ 525,25;R$ 525,25;;APTA PARA UNITIZAÇÃO;Coelba;;;06/11/2025;Aceita;Novembro;;11/11/2025;Nao;46;23;JACOBINA;;;;;;;;;;;;;;;;;;;;
LPT;B-1226441;MED - CIND-FAZ-RIACHO GRANDE-RURAL;PIRITIBA;26/09/2025;14/10/2025;18,0;;;LARISSA;17/10/2025;17/10/2025;Conciliado;20/10/2025;;;Criaçao;;;;R$ 403,96;R$ 403,96;;APTA PARA UNITIZAÇÃO;Coelba;;;06/11/2025;Aceita;Novembro;;11/11/2025;Nao;46;23;JACOBINA;;;;;;;;;;;;;;;;;;;;
UTEP;B-1181807;ME-COEL-RUA-REINALDO JACOBINA-PERU;JACOBINA;28/09/2025;05/11/2025;38,0;3,0;;JOÃO VICENTE;01/12/2025;01/12/2025;Conciliado;01/12/2025;;;;;;;R$ 7.027,56;R$ 7.027,56;;Em fechamento;Sipel;;;17/12/2025;Rejeitada;Janeiro;2026.0;;Nao;109;42;JACOBINA;;;;;;;;;;;;;;;;;;;;
UTEP;B-1158426;AC-CIND-AV-TANCREDO NEVES-SACRAMENTO;CAPIM GROSSO;27/09/2025;03/10/2025;6,0;1,0;;LARISSA;06/10/2025;06/10/2025;Conciliado;09/10/2025;;;;;;R$ 214,18;R$ 3.032,51;R$ 3.246,69;;APTA PARA UNITIZAÇÃO;Coelba;;;16/10/2025;Aceita;Outubro;;20/10/2025;Nao;23;13;JACOBINA;;;;;;;;;;;;;;;;;;;;
LPT;B-1174713;CIND POV ARARAS 88 - RURAL;CAMPO FORMOSO;29/09/2025;02/10/2025;3,0;20,0;;LARISSA;07/10/2025;07/10/2025;Conciliado;09/10/2025;;;;;;R$ 4.289,55;R$ 68.104,78;R$ 72.394,33;;APTA PARA UNITIZAÇÃO;Coelba;;;17/10/2025;Aceita;Outubro;;20/10/2025;Nao;21;15;JACOBINA;;;;;;;;;;;;;;;;;;;;
LPT;B-1222016;KIT - POV ARARAS 88 - RURAL;CAMPO FORMOSO;29/09/2025;02/10/2025;3,0;;;LARISSA;07/10/2025;07/10/2025;Conciliado;;;;;;;;R$ 384,55;R$ 384,55;;APTA PARA UNITIZAÇÃO;Coelba;;;17/10/2025;Aceita;Outubro;;20/10/2025;Nao;21;15;JACOBINA;;;;;;;;;;;;;;;;;;;;
LPT;B-1222176;MED - POV ARARAS 88 - RURAL;CAMPO FORMOSO;30/09/2025;02/10/2025;2,0;;;LARISSA;07/10/2025;07/10/2025;Conciliado;;;;;;;;R$ 201,98;R$ 201,98;;APTA PARA UNITIZAÇÃO;Coelba;;;17/10/2025;Aceita;Outubro;;20/10/2025;Nao;20;15;JACOBINA;;;;;;;;;;;;;;;;;;;;
UTEP;B-1203789;AC-CIND-AV-RUI BARBOSA-OLIVEIRA;CAPIM GROSSO;30/09/2025;03/10/2025;3,0;0,0;;LARISSA;13/10/2025;07/10/2025;Conciliado;;;;;;;;R$ 5.216,00;R$ 5.216,00;;APTA PARA UNITIZAÇÃO;Coelba;;;23/10/2025;Aceita;Dezembro;;18/11/2025;Nao;49;20;JACOBINA;;;;;;;;;;;;;;;;;;;;
UTEP;B-1191732;AC-CIND-RUA-DEPUTADO ROCHA PIRES-URBANA;CAPIM GROSSO;30/09/2025;03/10/2025;3,0;6,0;;UILQUER;14/10/2025;14/10/2025;Conciliado;01/12/2025;;;;;R$ 1.833,35;R$ 1.286,86;R$ 14.625,05;R$ 17.745,26;;APTA PARA UNITIZAÇÃO;Coelba;;;15/12/2025;Aceita;Dezembro;;17/12/2025;Nao;78;73;JACOBINA;;;;;;;;;;;;;;;;;;;;
UTEP;B-1204426;ER-CIND-PV-TQ B DA CAATINGA-BREJAO DA C;CAMPO FORMOSO;30/09/2025;01/10/2025;1,0;1,0;;UILQUER;23/10/2025;23/10/2025;CORREÇÃO CADASTRAL;;;;;;;R$ 214,48;R$ 2.530,52;R$ 2.745,00;;Erro no GSE;Sipel;;;;A postar;Janeiro;2026.0;;Nao;107;106;JACOBINA;;;;;;;;;;;;;;;;;;;;
UTEP;B-1149434;MP CIND-POV-RIACHAO-RURAL;CAMPO FORMOSO;30/09/2025;01/10/2025;1,0;30,0;;UILQUER;10/10/2025;06/10/2025;Conciliado;11/10/2025;;;;;;R$ 6.434,32;R$ 63.386,51;R$ 69.820,83;;APTA PARA UNITIZAÇÃO;Coelba;;;21/10/2025;Aceita;Novembro;;24/10/2025;Nao;24;20;JACOBINA;;;;;;;;;;;;;;;;;;;;
UTEP;B-1219522;UB-CIND-RUA-JOSE M QUEIROZ-J M QUEIROZ;CAPIM GROSSO;01/10/2025;05/11/2025;35,0;1,0;;JOÃO VICENTE;05/11/2025;05/11/2025;Conciliado;19/11/2025;;;;;;R$ 214,48;R$ 1.942,20;R$ 2.156,68;;APTA PARA UNITIZAÇÃO;Coelba;GUSTAVO;;24/11/2025;Aceita;Dezembro;;26/11/2025;Nao;56;19;JACOBINA;;;;;;;;;;;;;;;;;;;;
UTEP;B-1219533;UB-CIND-RUA-JOSE SANTANA 211-CONTORNO SA;CAPIM GROSSO;01/10/2025;05/11/2025;35,0;1,0;;JOÃO VICENTE;06/11/2025;06/11/2025;Conciliado;10/11/2025;;;;;;R$ 214,48;R$ 1.942,19;R$ 2.156,67;;APTA PARA UNITIZAÇÃO;Coelba;;;17/11/2025;Aceita;Dezembro;;19/11/2025;Nao;49;12;JACOBINA;;;;;;;;;;;;;;;;;;;;
UTEP;B-1219845;UB-CIND-RUA-SAO PEDRO-NOVO OESTE;CAPIM GROSSO;30/09/2025;05/11/2025;36,0;2,0;;JOÃO VICENTE;07/11/2025;07/11/2025;Conciliado;12/11/2025;;;;;;R$ 643,43;R$ 5.917,97;R$ 6.561,40;;APTA PARA UNITIZAÇÃO;Coelba;GUSTAVO;;20/11/2025;Aceita;Dezembro;;24/11/2025;Nao;55;15;JACOBINA;;;;;;;;;;;;;;;;;;;;
UTEP;B-1146875;LD CIND FAZ PEDRA DO VIENA 101 RURAL             ;MUNDO NOVO;03/10/2025;16/10/2025;13,0;27,0;;UILQUER;21/10/2025;21/10/2025;Conciliado;22/10/2025;;;;;R$ 1.367,73;R$ 5.790,89;R$ 55.092,90;R$ 62.251,52;;APTA PARA UNITIZAÇÃO;Coelba;;;03/12/2025;Aceita;Dezembro;;08/12/2025;Nao;66;48;JACOBINA;;;;;;;;;;;;;;;;;;;;
UTEP;B-1221927;ER-CIND-POV-PONTILHAO 37-PONTILHAO DE CA;JACOBINA;07/10/2025;08/10/2025;1,0;2,0;;LARISSA;22/10/2025;22/10/2025;Conciliado;23/10/2025;;;;;;R$ 428,95;R$ 3.482,05;R$ 3.911,00;;APTA PARA UNITIZAÇÃO;Coelba;;;7/11/2025;Aceita;Novembro;;13/11/2025;Nao;37;30;JACOBINA;;;;;;;;;;;;;;;;;;;;
UTEP;B-1222420;ER-CIND-FAZ-MULUNGU-RURAL;CALDEIRÃO GRANDE;10/10/2025;13/10/2025;3,0;2,0;;JOÃO VICENTE;22/10/2025;22/10/2025;Conciliado;22/102025;;;;;;R$ 428,95;R$ 4.279,45;R$ 4.708,40;;APTA PARA UNITIZAÇÃO;Coelba;;;03/11/2025;Aceita;Novembro;;07/11/2025;Nao;28;21;JACOBINA;;;;;;;;;;;;;;;;;;;;
UTEP;B-1223729;ER-CIND-FAZ-OLIVEIRAS 48-RURAL;CAPIM GROSSO;09/10/2025;14/10/2025;5,0;2,0;;JOÃO VICENTE;23/10/2025;23/10/2025;Conciliado;4/11/2025;;;;;;R$ 428,95;R$ 3.654,15;R$ 4.083,10;;APTA PARA UNITIZAÇÃO;Coelba;;;11/11/2025;Aceita;Novembro;;17/11/2025;Nao;39;28;JACOBINA;;;;;;;;;;;;;;;;;;;;
UTEP;B-1222451;ER-CIND-RUA-DAS COMUNICACOES 27-CENTRO;CALDEIRÃO GRANDE;13/10/2025;13/10/2025;0,0;8,0;;UILQUER;23/10/2025;23/10/2025;Conciliado;17/10/2025;;;;;;R$ 1.715,82;R$ 13.510,09;R$ 15.225,91;;APTA PARA UNITIZAÇÃO;Coelba;;;31/10/2025;Aceita;Novembro;;05/11/2025;Nao;23;18;JACOBINA;;;;;;;;;;;;;;;;;;;;
UTEP;B-1191697;ME-COEL-AV-SERRA-RURAL (REGULADOR);MUNDO NOVO;01/10/2025;11/10/2025;10,0;2,0;;LARISSA;16/12/2025;16/12/2025;Conciliado;;;;;;R$ 6.942,74;R$ 428,95;R$ 4.549,09;R$ 11.920,78;R$ 192.309,06;APTA PARA UNITIZAÇÃO;Coelba;;;30/12/2025;Aceita;Janeiro;2026.0;09/01/2026;Nao;100;80;JACOBINA;;;;;;;;;;;;;;;;;;;;
UTEP;B-1165579;ER-CIND-FAZ-VITORIA REGIA-RURAL;PIRITIBA;13/10/2025;14/10/2025;1,0;1,0;;JOÃO VICENTE;30/10/2025;30/10/2025;Conciliado;5/11/2025;;;;;;R$ 214,48;R$ 3.960,68;R$ 4.175,16;;APTA PARA UNITIZAÇÃO;Coelba;;;11/11/2025;Aceita;Dezembro;;17/11/2025;Nao;35;28;JACOBINA;;;;;;;;;;;;;;;;;;;;
UTEP;B-1221296;AC-CIND-FAZ-NOVILHA-RURAL;CAPIM GROSSO;13/10/2025;16/10/2025;3,0;;;UILQUER;23/10/2025;23/10/2025;Conciliado;23/10/2025;;;;;;R$ 857,91;R$ 6.849,31;R$ 7.707,22;;APTA PARA UNITIZAÇÃO;Coelba;;;04/10/2025;Aceita;Novembro;;07/11/2025;Nao;25;-12;JACOBINA;;;;;;;;;;;;;;;;;;;;
UTEP;B-1163417;ER CIND POV DO VIEIRA - RURAL;GAVIÃO;13/10/2025;16/10/2025;3,0;;;JOÃO VICENTE;24/10/2025;24/10/2025;Conciliado;;;;;;;;R$ 1.191,82;R$ 1.191,82;;APTA PARA UNITIZAÇÃO;Coelba;;;29/10/2025;Aceita;Novembro;;31/10/2025;Nao;18;13;JACOBINA;;;;;;;;;;;;;;;;;;;;
UTEP;B-1171022;AC-CIND-POV-SAO MIGUEL-RURAL;OUROLÂNDIA;15/10/2025;16/10/2025;1,0;1,0;;JOÃO VICENTE;24/11/2025;06/11/2025;Conciliado;24/11/2025;;;;;R$ 6.514,19;R$ 214,48;R$ 4.344,44;R$ 11.073,11;;APTA PARA UNITIZAÇÃO;Coelba;;;16/12/2025;Aceita;Janeiro;2026.0;18/12/2025;Nao;64;61;JACOBINA;;;;;;;;;;;;;;;;;;;;
UTEP;B-1223190;UB-CIND-RUA-DO GRAVATA-CENTRO;PIRITIBA;15/10/2025;16/10/2025;1,0;3,0;;EMILLE;07/11/2025;06/11/2025;Conciliado;10/11/2025;;;Almoxarifado;;;R$ 643,43;R$ 5.119,80;R$ 5.763,23;;APTA PARA UNITIZAÇÃO;Coelba;ANDERSON;;11/11/2025;Aceita;Novembro;;17/11/2025;Nao;33;26;JACOBINA;;;;;;;;;;;;;;;;;;;;
UTEP;B-1220454;ER-CIND-POV-BARROC O-RURAL CAFELANDIA;JACOBINA;11/10/2025;04/11/2025;24,0;3,0;;JOÃO VICENTE;09/11/2025;06/11/2025;Conciliado;10/11/2025;;;;;;R$ 643,43;R$ 5.972,53;R$ 6.615,96;;APTA PARA UNITIZAÇÃO;Coelba;;;17/11/2025;Aceita;Dezembro;;18/11/2025;Nao;38;13;JACOBINA;;;;;;;;;;;;;;;;;;;;
UTEP;B-1172981;ER-CIND-FAZ-SERT O BONITO-RURAL;PIRITIBA;11/10/2025;24/10/2025;13,0;1,0;;JOÃO VICENTE;30/10/2025;30/10/2025;Conciliado;5/11/2025;;;;;;R$ 214,48;R$ 2.328,91;R$ 2.543,39;;APTA PARA UNITIZAÇÃO;Coelba;;;12/11/2025;Aceita;Novembro;;17/11/2025;Nao;37;19;JACOBINA;;;;;;;;;;;;;;;;;;;;
UTEP;B-1223183;ER-CIND-FAZ-JUNCO 34-RURAL-CADEIR GRANDE;CALDEIRÃO GRANDE;13/10/2025;13/10/2025;0,0;7,0;;JOÃO VICENTE;23/10/2025;23/10/2025;Conciliado;23/10/2025;;;;;;R$ 1.501,34;R$ 12.091,11;R$ 13.592,45;;APTA PARA UNITIZAÇÃO;Coelba;;;03/11/2025;Aceita;Novembro;;07/11/2025;Nao;25;21;JACOBINA;;;;;;;;;;;;;;;;;;;;
UTEP;B-1107749 ;ER-CIND-FAZ-CAIS-RURAL;OUROLÂNDIA;14/10/2025;22/10/2025;8,0;2,0;;JOÃO VICENTE;30/10/2025;30/10/2025;Conciliado;5/11/2025;;;;;;R$ 428,95;R$ 3.976,26;R$ 4.405,21;;APTA PARA UNITIZAÇÃO;Coelba;;;11/11/2025;Aceita;Novembro;;13/11/2025;Nao;30;20;JACOBINA;;;;;;;;;;;;;;;;;;;;
UTEP;B-1223506;ER-CIND-FAZ-ANASTACIO 17-RURAL OUROLANDIA;OUROLÂNDIA;17/10/2025;22/10/2025;5,0;2,0;;JOÃO VICENTE;30/10/2025;30/10/2025;Conciliado;26/11/2025;;;;;R$ 3.644,03;R$ 428,95;R$ 3.902,88;R$ 7.975,86;;APTA PARA UNITIZAÇÃO;Coelba;EDLECIO;;3/12/2025;Aceita;Dezembro;;05/12/2025;Nao;49;42;JACOBINA;;;;;;;;;;;;;;;;;;;;
UTEP;B-1165655;ER-CIND-FAZ-CAIÇARA-RURAL;SERROLÂNDIA;17/10/2025;21/10/2025;4,0;1,0;;JOÃO VICENTE;30/10/2025;30/10/2025;Conciliado;5/11/2025;;;;;;R$ 214,48;R$ 2.370,97;R$ 2.585,45;;APTA PARA UNITIZAÇÃO;Coelba;;;11/11/2025;Aceita;Novembro;;13/11/2025;Nao;27;21;JACOBINA;;;;;;;;;;;;;;;;;;;;
UTEP;B-1008533;RR-CIND-FAZ-SEBASTIAO-RURAL;SAÚDE;14/10/2025;23/10/2025;9,0;2,0;;EMILLE;07/11/2025;06/11/2025;Conciliado;11/11/2025;;;;;R$ 2.391,76;R$ 428,95;R$ 4.538,00;R$ 7.358,71;;APTA PARA UNITIZAÇÃO;Coelba;;;26/11/2025;Aceita;Dezembro;;02/12/2025;Nao;49;34;JACOBINA;;;;;;;;;;;;;;;;;;;;
UTEP;B-1221874;AC- POV-MARGEM DO RIO JACUÍPE;SÃO JOSÉ DO JACUÍPE;15/10/2025;17/10/2025;2,0;;;JOÃO VICENTE;30/10/2025;30/10/2025;Conciliado;4/11/2025;;;;;R$ 3.960,68;R$ 214,48;R$ 2.036,29;R$ 6.211,45;;APTA PARA UNITIZAÇÃO;Coelba;EDUARDO;;25/11/2025;Aceita;Dezembro;;27/11/2025;Nao;43;39;JACOBINA;;;;;;;;;;;;;;;;;;;;
UTEP;B-1223221;ER-CIND-POV-BARBOSA PRUDENCIO-RURAL;VÁRZEA DA ROÇA;20/10/2025;20/10/2025;0,0;1,0;;JOÃO VICENTE;03/11/2025;03/11/2025;Conciliado;4/11/2025;;;;;;R$ 428,95;R$ 3.543,37;R$ 3.972,32;;APTA PARA UNITIZAÇÃO;Coelba;;;07/11/2025;Aceita;Novembro;;17/11/2025;Nao;28;18;JACOBINA;;;;;;;;;;;;;;;;;;;;
UTEP;B-1172021;ER-CIND-FAZ-PE DE SERRA-RR-SERROLANDIA;SERROLÂNDIA;21/10/2025;21/10/2025;0,0;1,0;;JOÃO VICENTE;03/11/2025;03/11/2025;Conciliado;5/11/2025;;;;;;R$ 214,48;R$ 2.370,97;R$ 2.585,45;;APTA PARA UNITIZAÇÃO;Coelba;ANDERSON;;18/11/2025;Aceita;Dezembro;;24/11/2025;Nao;34;28;JACOBINA;;;;;;;;;;;;;;;;;;;;
UTEP;B-1220697;AC-CIND-ET-JACOBINA ESCONCIO-RURAL; JACOBINA;21/10/2025;24/10/2025;3,0;2,0;;LARISSA;28/11/2025;28/11/2025;Conciliado;11/12/2025;;;;;;;R$ 5.207,65;R$ 5.207,65;;Movimentaçao;Sipel;;;;A postar;Janeiro;2026.0;;Nao;86;83;JACOBINA;;;;;;;;;;;;;;;;;;;;
UTEP;B-1221797;ER-CIND-POV-PAU FERRO DE BAIXO-JACOBINA;JACOBINA;22/10/2025;04/11/2025;13,0;1,0;;JOÃO VICENTE;05/11/2025;05/11/2025;Conciliado;9/12/2025;;;;;;R$ 214,48;R$ 2.447,27;R$ 2.661,75;;APTA PARA UNITIZAÇÃO;Coelba;;;18/11/2025;Aceita;Janeiro;2026.0;19/12/2025;Nao;58;14;JACOBINA;;;;;;;;;;;;;;;;;;;;
UTEP;B-1221433;ER-CIND-FAZ-PATOS 11-RURAL-ITAPEIPU;JACOBINA;22/10/2025;04/11/2025;13,0;2,0;;EMILLE;07/11/2025;06/11/2025;Conciliado;11/11/2025;;;;;;R$ 428,95;R$ 3.206,69;R$ 3.635,64;;APTA PARA UNITIZAÇÃO;Coelba;;;11/11/2025;Aceita;Novembro;;13/11/2025;Nao;22;7;JACOBINA;;;;;;;;;;;;;;;;;;;;
UTEP;B-1221065;ER-CIND-PR -CENTRAL-CENTRO;VÁRZEA DA ROÇA;23/10/2025;23/10/2025;0,0;4,0;;EMILLE;07/11/2025;07/11/2025;Conciliado;;;;;;;R$ 857,91;R$ 7.450,10;R$ 8.308,01;;APTA PARA UNITIZAÇÃO;Coelba;;;19/11/2025;Aceita;Dezembro;;25/11/2025;Nao;33;27;JACOBINA;;;;;;;;;;;;;;;;;;;;
UTEP;B-1163412;UB CIND AV LOMANTO JUNIOR CENTRO;GAVIÃO;23/10/2025;02/11/2025;10,0;2,0;;EMILLE;08/11/2025;06/11/2025;Conciliado;11/11/2025;;;;;R$ 1.835,35;R$ 428,95;R$ 3.859,28;R$ 6.123,58;;APTA PARA UNITIZAÇÃO;Coelba;;;19/11/2025;Aceita;Dezembro;;25/11/2025;Nao;33;17;JACOBINA;;;;;;;;;;;;;;;;;;;;
UTEP;B-1226821;UB-CIND-RUA-JOANA FERREIRA-N HORIZONTE;CAPIM GROSSO;22/10/2025;02/11/2025;11,0;6,0;;JOÃO VICENTE;09/11/2025;06/11/2025;Conciliado;4/12/2025;;;;;;R$ 1.286,86;R$ 16.297,44;R$ 17.584,30;;APTA PARA UNITIZAÇÃO;Coelba;;;15/12/2025;Aceita;Janeiro;2026.0;19/12/2025;Nao;58;43;JACOBINA;;;;;;;;;;;;;;;;;;;;
UTEP;B-1223602;ER-CIND-FAZ-MALHADA DA PEDRA-RURAL;VÁRZEA DA ROÇA;23/10/2025;24/10/2025;1,0;0,0;;JOÃO VICENTE;03/11/2025;03/11/2025;Conciliado;4/11/2025;;;;;;;R$ 628,61;R$ 628,61;;APTA PARA UNITIZAÇÃO;Coelba;;;07/11/2025;Aceita;Novembro;;13/11/2025;Nao;21;14;JACOBINA;;;;;;;;;;;;;;;;;;;;
UTEP;B-1214777;ER-CIND-RUA-GAUDENCIA DE SOUZA R-RURAL;VÁRZEA DA ROÇA;24/10/2025;24/10/2025;0,0;2,0;;JOÃO VICENTE;03/11/2025;03/11/2025;Conciliado;5/11/2025;;;;;;;R$ 3.444,35;R$ 3.444,35;;APTA PARA UNITIZAÇÃO;Coelba;;;07/11/2025;Aceita;Novembro;;13/11/2025;Nao;20;14;JACOBINA;;;;;;;;;;;;;;;;;;;;
UTEP;B-1219645;ER-CIND-POV-SOINHO 11-RURAL;VÁRZEA DA ROÇA;25/10/2025;31/10/2025;6,0;2,0;;JOÃO VICENTE;04/11/2025;04/11/2025;Conciliado;4/11/2025;;;;;;R$ 428,95;R$ 3.543,37;R$ 3.972,32;;APTA PARA UNITIZAÇÃO;Coelba;;;12/11/2025;Aceita;Novembro;;13/11/2025;Nao;19;12;JACOBINA;;;;;;;;;;;;;;;;;;;;
UTEP;B-1223489;ER-CIND-FAZ-CURRAL VELHO-RURAL;MIGUEL CALMON;24/10/2025;04/11/2025;11,0;2,0;;JOÃO VICENTE;05/11/2025;05/11/2025;Conciliado;5/11/2025;;;;;;R$ 643,43;R$ 5.140,62;R$ 5.784,05;;APTA PARA UNITIZAÇÃO;Coelba;;;17/11/2025;Aceita;Novembro;;17/11/2025;Nao;24;13;JACOBINA;;;;;;;;;;;;;;;;;;;;
UTEP;B-1165581;ME-COEL-ROD-AL DAS ARVORES-CONTORNOLANDI;SERROLÂNDIA;27/10/2025;05/11/2025;9,0;4,0;;UILQUER;22/12/2025;19/12/2025;Conciliado;22/12/2025;;;;;R$ 12.442,01;R$ 857,91;R$ 5.297,25;R$ 18.597,17;;Aguardando analise QAA;Coelba;;;09/01/2026;Aceita;Janeiro;2026.0;14/01/2026;Nao;79;65;JACOBINA;;;;;;;;;;;;;;;;;;;;
UTEP;B-1222000;ER-CIND-POV-CURRAL VELHO-RURAL;MIGUEL CALMON;28/10/2025;05/11/2025;8,0;2,0;;EMILLE;08/11/2025;06/11/2025;Conciliado;11/11/2025;;;;;;R$ 428,95;R$ 3.883,84;R$ 4.312,79;;APTA PARA UNITIZAÇÃO;Coelba;ANDERSON;JOÃOZITO;12/11/2025;Aceita;Novembro;;14/11/2025;Nao;17;7;JACOBINA;;;;;;;;;;;;;;;;;;;;
UTEP;B-1223173;UB-CIND-TRV-QUINTINO ALVES-LAGES;JACOBINA;25/10/2025;29/10/2025;82,0;2,0;;JOÃO VICENTE;06/11/2025;06/11/2025;Conciliado;6/11/2025;;;;;;R$ 428,95;R$ 3.600,90;R$ 4.029,85;;APTA PARA UNITIZAÇÃO;Coelba;EDLECIO;EUDÁRIO;12/11/2025;Aceita;Novembro;;17/11/2025;Nao;23;14;JACOBINA;;;;;;;;;;;;;;;;;;;;
UTEP;B-1214090;AC-PREF-RUA-GABRIEL FRANCISCO-CENTRO;CAPIM GROSSO;28/10/2025;29/10/2025;79,0;6,0;;UILQUER;08/12/2025;08/12/2025;Conciliado;11/12/2025;;;;;;;R$ 18.207,00;R$ 18.207,00;;Movimentaçao;Sipel;CARLOS EDUARDO;JOSÉ MIZAEL;;A postar;Janeiro;2026.0;;Nao;79;78;JACOBINA;;;;;;;;;;;;;;;;;;;;
UTEP;B-1199785;RS-CAPIM GROSSO II-JCB-09N2 JCB-09N3;CAPIM GROSSO;28/10/2025;;79,0;5,0;;UILQUER;;;DESENHAR ;;;;;;;;;R$ 0,00;;Fechamento não iniciado;Sipel;CARLOS EDUARDO;JOSÉ MIZAEL; ;A postar;Janeiro;2026.0;;Nao;79;#VALUE!;JACOBINA;;;;;;;;;;;;;;;;;;;;
UTEP;B-1193533;UB-CIND-POV-COMUNIDADE-DE ALAGOINHAS;JACOBINA;29/10/2025;29/10/2025;78,0;2,0;;UILQUER;18/12/2025;18/12/2025;Conciliado;18/12/2025;;;;;;R$ 428,95;R$ 4.495,53;R$ 4.924,48;;APTA PARA UNITIZAÇÃO;Coelba;ANDERSON;JOSÉ ROBERTO;30/12/2025;Aceita;Janeiro;2026.0;14/01/2025;Nao;-288;62;JACOBINA;;;;;;;;;;;;;;;;;;;;
UTEP;B-1209978;RR-CIND-POV-ALTAMIRA-MASSAMBAO;PIRITIBA;30/10/2025;31/10/2025;77,0;15,0;;UILQUER;05/11/2025;04/11/2025;Conciliado;18/11/2025;;;;;;R$ 3.217,16;R$ 30.965,95;R$ 34.183,11;;APTA PARA UNITIZAÇÃO;Coelba;ANDERSON;JOÃOZITO;19/11/2025;Aceita;Dezembro;;25/11/2025;Nao;26;19;JACOBINA;;;;;;;;;;;;;;;;;;;;
UTEP;B-1144334;ER-SEIN-AV-LOMANTO JUNIOR-CENTRO;GAVIÃO;30/10/2025;01/11/2025;77,0;12,0;;LARISSA;10/11/2025;04/11/2025;Conciliado;11/11/2025;;;;;R$ 9.906,13;R$ 2.573,73;R$ 21.378,91;R$ 33.858,77;;APTA PARA UNITIZAÇÃO;Coelba;;;17/11/2025;Aceita;Dezembro;;25/11/2025;Nao;26;16;JACOBINA;;;;;;;;;;;;;;;;;;;;
LPT;B-1213380;RR-CIND-FAZ-URUCU-VARZEA DO LACO;GAVIÃO;30/10/2025;01/11/2025;77,0;12,0;;LARISSA;10/11/2025;06/11/2025;Conciliado;11/11/2025;;;;;R$ 2.010,40;R$ 2.573,73;R$ 37.631,63;R$ 42.215,76;;APTA PARA UNITIZAÇÃO;Coelba;;;2/12/2025;Aceita;Dezembro;;09/12/2025;Nao;40;31;JACOBINA;;;;;;;;;;;;;;;;;;;;
UTEP;B-1181928;AC-CIND-FAZ-CATITU-RURAL;OUROLÂNDIA;30/10/2025;06/11/2025;77,0;17,0;;UILQUER;08/11/2025;08/11/2025;Conciliado;19/11/2025;;;;;R$ 2.870,65;R$ 3.646,12;R$ 33.857,14;R$ 40.373,91;;APTA PARA UNITIZAÇÃO;Coelba;EDLECIO;OLISVALDO;25/11/2025;Aceita;Dezembro;;01/12/2025;Nao;32;19;JACOBINA;;;;;;;;;;;;;;;;;;;;
LPT;B-1173896;RR - CIND POV LAGE DE CIMA 25 - RURAL;CAMPO FORMOSO;31/10/2025;04/11/2025;76,0;60,0;;UILQUER;08/11/2025;04/11/2025;Conciliado;10/11/2025;;;;;;R$ 12.868,65;R$ 120.052,79;R$ 132.921,44;;APTA PARA UNITIZAÇÃO;Coelba;EDLECIO; JAIRO;14/11/2025;Aceita;Dezembro;;18/11/2025;Nao;18;10;JACOBINA;;;;;;;;;;;;;;;;;;;;
LPT;B-1229907;KIT - FAZ-URUCU-VARZEA DO LACO;GAVIÃO;;;46,037;;;;;;;;;;;;;;R$ 384,55;R$ 384,55;;APTA PARA UNITIZAÇÃO;Coelba;;;2/12/2025;Aceita;Dezembro;;09/12/2025;Nao;46.000;45.993;JACOBINA;;;;;;;;;;;;;;;;;;;;
LPT;B-1230115;MED - FAZ-URUCU-VARZEA DO LACO;GAVIÃO;;;46,037;;;;;;;;;;;;;;R$ 201,98;R$ 201,98;;APTA PARA UNITIZAÇÃO;Coelba;;;2/12/2025;Aceita;Dezembro;;09/12/2025;Nao;46.000;45.993;JACOBINA;;;;;;;;;;;;;;;;;;;;
UTEP;B-1223589;ER-CIND-POV-TAPIRANGA-RURAL;MIGUEL CALMON;31/10/2025;05/11/2025;76,0;4,0;;JOÃO VICENTE;08/11/2025;08/11/2025;Conciliado;28/11/2025;;;;;;R$ 857,91;R$ 7.349,69;R$ 8.207,60;;APTA PARA UNITIZAÇÃO;Coelba;ANDERSON;JOÃOZITO;03/12/2025;Aceita;Dezembro;;05/12/2025;Nao;35;28;JACOBINA;;;;;;;;;;;;;;;;;;;;
UTEP;B-1157352;ER-CIND-POV-VILA DOS IRRIGANTES-RURAL;VÁRZEA DA ROÇA;31/10/2025;05/11/2025;76,0;1,0;;LARISSA;28/11/2025;08/11/2025;Conciliado;1/12/2025;;;;;;R$ 214,48;R$ 5.170,06;R$ 5.384,54;;Movimentaçao;Sipel;ANDERSON;JOSÉ MIZAEL;;A postar;Janeiro;2026.0;;Nao;76;71;JACOBINA;;;;;;;;;;;;;;;;;;;;
UTEP;B-1177741;UB-CIND-RUA-NOVA-CENTRO;OUROLÂNDIA;01/11/2025;05/11/2025;75,0;2,0;;JOÃO VICENTE;08/11/2025;08/11/2025;Conciliado;12/11/2025;;;;;;R$ 428,95;R$ 3.324,30;R$ 3.753,25;;APTA PARA UNITIZAÇÃO;Coelba;EDLECIO;;19/11/2025;Aceita;Dezembro;;25/11/2025;Nao;24;14;JACOBINA;;;;;;;;;;;;;;;;;;;;
UTEP;B-1198700;UB-CIND-RUA-A. C. DE MELO-LOT 13 DE JUN;OUROLÂNDIA;01/11/2025;05/11/2025;75,0;1,0;;JOÃO VICENTE;09/11/2025;09/11/2025;Conciliado;12/11/2025;;;;;;R$ 214,48;R$ 1.934,42;R$ 2.148,90;;APTA PARA UNITIZAÇÃO;Coelba;;;14/11/2025;Aceita;Dezembro;;18/11/2025;Nao;17;9;JACOBINA;;;;;;;;;;;;;;;;;;;;
UTEP;B-1053689;RI-SEIN-RUA-ALCEBIADES RIOS-CENTRO V;VÁRZEA DO POÇO;04/11/2025;05/11/2025;72,0;36,0;;LARISSA;07/11/2025;06/11/2025;Conciliado;8/11/2025;;;;;R$ 2.121,40;R$ 7.935,67;R$ 79.041,29;R$ 89.098,36;;APTA PARA UNITIZAÇÃO;Coelba;ANDERSON ;ALESSANDRO;2/12/2025;Aceita;Dezembro;;04/12/2025;Nao;30;27;JACOBINA;;;;;;;;;;;;;;;;;;;;
UTEP;B-1225672;UB-CIND-AV-STO AMARO-SAO LUIZ;CAPIM GROSSO;04/11/2025;17/11/2025;72,0;1,0;;JOÃO VICENTE;17/11/2025;17/11/2025;Conciliado;17/11/2025;;;;;;R$ 214,48;R$ 2.005,35;R$ 2.219,83;;APTA PARA UNITIZAÇÃO;Coelba;ANDERSON;HERMOGENES;20/11/2025;Aceita;Dezembro;;;Nao;72;3;JACOBINA;;;;;;;;;;;;;;;;;;;;
UTEP;B-1221838;ER-CIND-POV-GITIRANA-RURAL;OUROLÂNDIA;06/11/2025;06/11/2025;70,0;18,0;;UILQUER;08/11/2025;08/11/2025;Conciliado;18/11/2025;;;;;R$ 3.144,89;R$ 3.860,59;R$ 31.064,33;R$ 38.069,81;;APTA PARA UNITIZAÇÃO;Coelba;;;26/11/2025;Aceita;Dezembro;;01/12/2025;Nao;25;20;JACOBINA;;;;;;;;;;;;;;;;;;;;
UTEP;B-1212044;ER-CIND-RUA-BEIRA RIO-LAGE DE BAIXO;CAMPO FORMOSO;05/11/2025;;71,0;3,0;;JOÃO VICENTE;17/11/2025;17/11/2025;Conciliado;28/11/2025;;;;;R$ 1.835,35;R$ 643,43;R$ 5.281,60;R$ 7.760,38;;APTA PARA UNITIZAÇÃO;Coelba;;;04/12/2025;Aceita;Dezembro;;10/12/2025;Nao;35;45.995;JACOBINA;;;;;;;;;;;;;;;;;;;;
UTEP;B-1224389;ER-CIND-FAZ-SAPUCAIA-RURAL;JACOBINA;06/11/2025;12/11/2025;70,0;5,0;;JOÃO VICENTE;17/11/2025;17/11/2025;Conciliado;17/11/2025;;;;;;R$ 1.072,39;R$ 8.733,64;R$ 9.806,03;;APTA PARA UNITIZAÇÃO;Coelba;EDLECIO;;24/11/2025;Aceita;Dezembro;;27/11/2025;Nao;21;12;JACOBINA;;;;;;;;;;;;;;;;;;;;
UTEP;B-1155527;AC-CIND-PR -JOS ESTEVES-NOVO HORIZONTE;CAPIM GROSSO;07/11/2025;07/11/2025;69,0;;;JOÃO VICENTE;25/11/2025;20/11/2025;Conciliado;25/11/2025;;;;;;R$ 643,43;R$ 8.587,24;R$ 9.230,67;;Em fechamento;Sipel;;;17/12/2025;Rejeitada;Janeiro;2026.0;;Nao;69;40;JACOBINA;;;;;;;;;;;;;;;;;;;;
UTEP;B-1225750;ER-CIND-FAZ-SANTA MARTA 46-JACOBINA;JACOBINA;07/11/2025;12/11/2025;69,0;1,0;;JOÃO VICENTE;17/11/2025;17/11/2025;Conciliado;17/11/2025;;;;;R$ 3.960,68;R$ 214,48;R$ 2.130,36;R$ 6.305,52;;APTA PARA UNITIZAÇÃO;Coelba;EDLECIO;;24/11/2025;Aceita;Dezembro;;25/11/2025;Nao;18;12;JACOBINA;;;;;;;;;;;;;;;;;;;;
UTEP;B-1225203;ER-CIND-FAZ-OVELHA AMARRADA 1095-RURAL;VÁRZEA DA ROÇA;08/11/2025;27/11/2025;68,0;6,0;;JOÃO VICENTE;01/12/2025;01/12/2025;Conciliado;1/12/2025;;;;;;R$ 1.286,86;R$ 10.381,26;R$ 11.668,12;;APTA PARA UNITIZAÇÃO;Coelba;;;05/11/2025;Aceita;Dezembro;;10/12/2025;Nao;32;-22;JACOBINA;;;;;;;;;;;;;;;;;;;;
UTEP;B-1230617;ER-CIND-FAZ-ALTO BONITO 99999-RURAL;CAPIM GROSSO;13/11/2025;08/12/2025;63,0;15,0;;UILQUER;10/12/2025;10/12/2025;Conciliado;10/12/2025;;;;;R$ 3.374,42;R$ 3.217,16;R$ 29.581,62;R$ 36.173,20;;APTA PARA UNITIZAÇÃO;Coelba;;;16/12/2025;Aceita;Janeiro;2026.0;18/12/2025;Nao;35;8;JACOBINA;;;;;;;;;;;;;;;;;;;;
UTEP;B-1229707;UB-CIND-RUA-RECREIO-COQUEIRO;MAIRI;17/11/2025;27/11/2025;59,0;15,0;;LARISSA;10/12/2025;02/12/2025;Conciliado;5/12/2025;;;;;R$ 6.481,18;R$ 3.002,68;R$ 31.926,57;R$ 41.410,43;;APTA PARA UNITIZAÇÃO;Coelba;ANDERSON;ALESSANDRO;6/1/2026;Aceita;Janeiro;2026.0;09/01/2026;Nao;53;40;JACOBINA;;;;;;;;;;;;;;;;;;;;
UTEP;B-1028455;AC-CIND-RUA CATARINA-RURAL (REG. LIG);OUROLÂNDIA;18/11/2025;26/11/2025;58,0;26,0;;UILQUER;03/12/2025;03/12/2025;Conciliado;8/12/2025;;;;;R$ 3.000,03;R$ 5.576,41;R$ 110.507,61;R$ 119.084,05;;APTA PARA UNITIZAÇÃO;Coelba;;;17/12/2025;Aceita;Janeiro;2026.0;18/12/2025;Nao;30;21;JACOBINA;;;;;;;;;;;;;;;;;;;;
UTEP;B-1221766;ER-CIND-FAZ-SAO MAURICIO-RURAL;OUROLÂNDIA;18/11/2025;19/11/2025;58,0;1,0;;EMILLE;17/12/2025;17/12/2025;Conciliado;18/12/2025;;;;;R$ 3.181,76;R$ 214,18;R$ 9.351,20;R$ 12.747,14;;APTA PARA UNITIZAÇÃO;Coelba;;;26/12/2025;Aceita;Janeiro;2026.0;31/12-/2025;Nao;#VALUE!;37;JACOBINA;;;;;;;;;;;;;;;;;;;;
UTEP;B-1214685;ER-CIND-POV-ALCAPAO-RURAL;OUROLÂNDIA;20/11/2025;25/11/2025;56,0;23,0;;UILQUER;27/11/2025;27/11/2025;Conciliado;3/12/2025;;;;;;R$ 4.932,98;R$ 53.153,72;R$ 58.086,70;;APTA PARA UNITIZAÇÃO;Coelba;;;09/12/2025;Aceita;Dezembro;;11/12/2025;Nao;21;14;JACOBINA;;;;;;;;;;;;;;;;;;;;
UTEP;B-1196986;RR-CIND-FAZ-GAFIEIRA-RURAL;PIRITIBA;20/11/2025;02/12/2025;56,0;27,0;;UILQUER;03/12/2025;02/12/2025;Conciliado;8/12/2025;;;;;R$ 4.351,43;R$ 5.790,89;R$ 46.714,23;R$ 56.856,55;;APTA PARA UNITIZAÇÃO;Coelba;;;15/12/2025;Aceita;Dezembro;;17/12/2025;Nao;27;13;JACOBINA;;;;;;;;;;;;;;;;;;;;
UTEP;B-1225777;ER-CIND-FAZ-LAGOA DO GAG 30-RURAL;JACOBINA;21/11/2025;08/12/2025;;0,0;;LARISSA;11/12/2025;11/12/2025;Conciliado;15/12/2025;;;;;;;R$ 2.545,75;R$ 2.545,75;;APTA PARA UNITIZAÇÃO;Coelba;;;23/12/2025;Aceita;Janeiro;2026.0;29/12/2025;Nao;38;15;JACOBINA;;;;;;;;;;;;;;;;;;;;
UTEP; B-1225161;ER-CIND-FAZ-JUNCO 125-CALDEIRAO GRANDE;CALDEIRÃO GRANDE;21/11/2025;27/11/2025;55,0;15,0;;LARISSA;04/12/2025;03/12/2025;Conciliado;9/12/2025;;;;;;R$ 3.217,16;R$ 32.841,04;R$ 36.058,20;;APTA PARA UNITIZAÇÃO;Coelba;;;18/12/2025;Aceita;Janeiro;2026.0;22/12/2025;Nao;31;21;JACOBINA;;;;;;;;;;;;;;;;;;;;
UTEP;B-1207984;RR-CIND-POV-VOLTA GRANDE-RURAL;TAPIRAMUTÁ;26/11/2025;03/12/2025;50,0;31,0;;LARISSA;09/12/2025;08/12/2025;Conciliado;10/12/2025;;;;;R$ 1.332,82;R$ 6.648,80;R$ 57.036,88;R$ 65.018,50;;APTA PARA UNITIZAÇÃO;Coelba;ANDERSON;JOAOZITO;11/12/2025;Aceita;Dezembro;;16/12/2025;Nao;20;8;JACOBINA;;;;;;;;;;;;;;;;;;;;
UTEP; B-1064548;MP-CIND-POV.DA CHAPADA RURAL;OUROLÂNDIA;27/11/2025;02/12/2025;49,0;19,0;;LARISSA;08/12/2025;05/12/2025;Conciliado;11/12/2025;;;;;R$ 1.332,82;R$ 4.075,07;R$ 60.970,22;R$ 66.378,11;;APTA PARA UNITIZAÇÃO;Coelba;EDLECIO;EUDÁRIO;15/12/2025;Aceita;Janeiro;2026.0;19/12/2025;Nao;22;13;JACOBINA;;;;;;;;;;;;;;;;;;;;
UTEP;B-1225530;MP-CIND-FAZ-GRUNA-RURAL;UMBURANAS;28/11/2025;04/12/2025;48,0;37,0;;UILQUER;08/12/2025;08/12/2025;Conciliado;8/12/2025;;;;;R$ 1.396,82;R$ 7.935,67;R$ 68.254,62;R$ 77.587,11;;APTA PARA UNITIZAÇÃO;Coelba;EDLECIO;JAIRO;15/12/2025;Aceita;Dezembro;;16/12/2025;Nao;18;11;JACOBINA;;;;;;;;;;;;;;;;;;;;
UTEP;B-1225194; ER-CIND-POV-GASPAR-RURAL;VÁRZEA NOVA;28/11/2025;08/12/2025;48,0;11,0;;LARISSA;11/12/2025;11/12/2025;Conciliado;12/12/2025;;;;;R$ 3.644,03;R$ 2.359,25;R$ 25.915,95;R$ 31.919,23;;APTA PARA UNITIZAÇÃO;Coelba;EDLECIO;JOSÉ ROBERTO;30/12/2025;Aceita;Janeiro;2026.0;09/01/2026;Nao;42;22;JACOBINA;;;;;;;;;;;;;;;;;;;;
UTEP;B-1175126;RR-CIND-FAZ-BOSQUE DAS ALGAROBAS-RURAL;OUROLÂNDIA;28/11/2025;04/12/2025;48,0;31,0;;UILQUER;11/12/2025;11/12/2025;Conciliado;16/12/2025;;;;;R$ 1.864,59;R$ 6.434,32;R$ 55.221,20;R$ 63.520,11;;APTA PARA UNITIZAÇÃO;Coelba;EDLECIO;JAIRO;19/12/2025;Aceita;Janeiro;2026.0;23/12/2025;Nao;25;15;JACOBINA;;;;;;;;;;;;;;;;;;;;
UTEP; B-1148379;IS-CIND-AV-SETE SETEMBRO-URBANA;OUROLÂNDIA;29/11/2025;02/12/2025;47,0;4,0;;LARISSA;10/12/2025;10/12/2025;Conciliado;10/12/2025;;;;;;;R$ 9.099,24;R$ 9.099,24;;Movimentaçao;Sipel;EDLECIO;OLISVALDO;;A postar;Janeiro;2026.0;;Nao;47;44;JACOBINA;;;;;;;;;;;;;;;;;;;;
UTEP;B-1225209;IT-GRUA-CJN-BEGE BAHIA- MARMORE ;OUROLÂNDIA;29/11/2025;08/12/2025;47,0;1,0;;LARISSA;16/12/2025;15/12/2025;Conciliado;;;;;;;;;R$ 0,00;;Em fechamento;Sipel;EDLECIO;ISAC;;A postar;Janeiro;2026.0;;Nao;47;38;JACOBINA;;;;;;;;;;;;;;;;;;;;
UTEP;B-1226351;ER-CIND-FAZ-RIACHO-PILOES;CAEM;10/12/2025;16/12/2025;36,0;1,0;;LARISSA;18/12/2025;18/12/2025;Solicitado;;;;;;;;;R$ 0,00;;Movimentaçao;Sipel;EDLECIO;OLISVALDO;;A postar;Janeiro;2026.0;;Nao;36;30;JACOBINA;;;;;;;;;;;;;;;;;;;;
UTEP;B-1226149;UB-CIND-AV-CARMEM MIRANDA 416-NOVO OESTE;CAPIM GROSSO;10/12/2025;29/12/2025;36,0;0,0;;LARISSA;07/01/2026;07/01/2026;Solicitado;13/6/0206;;;;;;;R$ 2.876,20;R$ 2.876,20;;Em fechamento;Sipel;CARLOS EDUARDO;JOSÉ MISAEL;;A postar;Janeiro;2026.0;;Nao;36;17;JACOBINA;;;;;;;;;;;;;;;;;;;;
UTEP;B-1094792;AC-CIND-PRC-DAMIAO RIBEIRO SANTOS-CENTRO;UMBURANAS;10/12/2025;11/12/2025;36,0;1,0;;LARISSA;17/12/2025;17/12/2025;Conciliado;18/12/2025;;;;;R$ 3.960,68;R$ 214,48;R$ 2.851,44;R$ 7.026,60;;Aguardando analise QAA;Coelba;EDLECIO;EUDÁRIO;13/01/2026;Aceita;Janeiro;2026.0;15/01/2026;Nao;36;33;JACOBINA;;;;;;;;;;;;;;;;;;;;
UTEP;B-1226131;ER-CIND-POV-CAMPO VERDE-RURAL-C VERDE;QUIXABEIRA;11/12/2025;17/12/2025;35,0;3,0;;UILQUER;19/12/2025;19/12/2025;Conciliado;19/12/2025;;;;;;;R$ 5.795,15;R$ 5.795,15;;Aguardando analise QAA;Coelba;CARLOS EDUARDO;JOSÉ MISAEL;13/01/2026;Validado;Janeiro;2026.0;;Nao;35;27;JACOBINA;;;;;;;;;;;;;;;;;;;;
UTEP; B-1227689;UB-CIND-RUA-DO CONTORNO-CENTRO;CAEM;11/12/2025;23/12/2025;35,0;2,0;;LARISSA;31/12/2025;05/01/2026;Conciliado;8/1/2026;;;;;;R$ 428,95;R$ 3.456,87;R$ 3.885,82;;Aguardando analise QAA;Coelba;CARLOS EDUARDO;OLISVALDO;14/01/2025;Validado;Janeiro;2026.0;;Nao;35;-343;JACOBINA;;;;;;;;;;;;;;;;;;;;
UTEP;B-1186926;ER-CIND-FAZ-SETE PORCOS-RURALSETE PORCOS;CAPIM GROSSO;12/12/2025;16/12/2025;34,0;2,0;;UILQUER;17/12/2025;17/12/2025;Conciliado;18/12/2025;;;;;R$ 3.960,68;R$ 428,95;R$ 3.515,77;R$ 7.905,40;;Aguardando analise QAA;Coelba;CARLOS EDUARDO;JOSÉ MISAEL;10/01/2026;Aceita;Janeiro;2026.0;14/01/2026;Nao;33;25;JACOBINA;;;;;;;;;;;;;;;;;;;;
UTEP;B-1227538;ER-CIND-POV-PE DO MORRO 32-A-RR- V POCO;VÁRZEA DO POÇO;16/12/2025;29/12/2025;30,0;2,0;;LARISSA;31/12/2025;05/01/2026;Solicitado;13/1/2026;;;;;;R$ 428,95;R$ 3.923,01;R$ 4.351,96;;Movimentaçao;Sipel;EDLECIO;OLISVALDO;;A postar;Janeiro;2026.0;;Nao;30;17;JACOBINA;;;;;;;;;;;;;;;;;;;;
UTEP;B-1228840;ER-CIND-POV-NOVA CONQUISTA 100-RR-N CONQ;OUROLÂNDIA;16/12/2025;18/12/2025;30,0;0,0;;UILQUER;18/12/2025;18/12/2025;Conciliado;22/12/2025;;;;;R$ 2.125,33;;R$ 720,31;R$ 2.845,64;;Aguardando analise QAA;Coelba;EDLECIO;JOSÉ ROBERTO;13/01/2025;Aceita;Janeiro;2026.0;15/01/2026;Nao;30;-339;JACOBINA;;;;;;;;;;;;;;;;;;;;
UTEP;B-1221429;ER-CIND-FAZ-TIYUYU-RURAL;CAPIM GROSSO;19/12/2025;29/12/2025;27,0;5,0;;LARISSA;7/1/2026;07/01/2026;Conciliado;8/1/2026;;;;;R$ 1.651,80;R$ 1.072,39;R$ 9.376,32;R$ 12.100,51;;Em fechamento;Sipel;;;;A postar;Janeiro;2026.0;;Nao;27;17;JACOBINA;;;;;;;;;;;;;;;;;;;;
UTEP;B-1226485;AC-PREF-RUA-ANTONIO T SOBRINHO-MISSAO;JACOBINA;19/12/2025;19/12/2025;27,0;0,0;;LARISSA;23/12/2025;05/01/2026;Conciliado;8/1/2026;;;;;;;;R$ 0,00;;Aguardando retorno Coelba;Coelba;;;;A postar;Janeiro;2026.0;;Nao;27;27;JACOBINA;;;;;;;;;;;;;;;;;;;;
UTEP;B-1228377;ER-CIND-FAZ-TOMBADOR-RURAL;MIRANGABA;26/12/2025;29/12/2025;20,0;9,0;;LARISSA;08/01/2026;08/01/2026;DESENHAR ;;;;;;R$ 3.960,68;R$ 1.930,30;R$ 17.138,63;R$ 23.029,61;;Em fechamento;Sipel;;;;A postar;Janeiro;2026.0;;Nao;20;17;JACOBINA;;;;;;;;;;;;;;;;;;;;
UTEP;B-1228739;ER-CIND-POV-PAULISTA 5-RURAL;MIRANGABA;26/12/2025;29/12/2025;20,0;1,0;;LARISSA;08/01/2026;08/01/2026;Solicitado;13/1/2026;;;;;;R$ 214,48;R$ 2.347,84;R$ 2.562,32;;Em fechamento;Sipel;;;;A postar;Janeiro;2026.0;;Nao;20;17;JACOBINA;;;;;;;;;;;;;;;;;;;;
UTEP;B-1132660;ER-CIND-FAZ-JULIO FAGUNDES-RURAL;VÁRZEA DO POÇO;26/12/2025;29/12/2025;20,0;12,0;;UILQUER;07/01/2026;07/01/2026;Solicitado;13/1/2026;;;;;R$ 1.900,96;R$ 2.573,73;R$ 28.782,38;R$ 33.257,07;;Em fechamento;Sipel;;;;A postar;Janeiro;2026.0;;Nao;20;17;JACOBINA;;;;;;;;;;;;;;;;;;;;
UTEP;B-1228463;ER-CIND-POV-CANA BRAVA-RURAL;MIRANGABA;30/12/2025;29/12/2025;16,0;8,0;;LARISSA;08/01/2026;08/01/2026;Solicitado;14/1/2026;;;;;;;R$ 15.847,62;R$ 15.847,62;;Em fechamento;Sipel;;;;A postar;Janeiro;2026.0;;Nao;16;17;JACOBINA;;;;;;;;;;;;;;;;;;;;
UTEP;B-1227402;ER-CIND-FAZ-CORREDORZINHO-RURAL;MIRANGABA;30/12/2025;;16,0;2,0;;UILQUER;06/01/2026;06/01/2026;Solicitado;10/1/2026;;;;;;;;R$ 0,00;;"Sem ""as built""";Sipel;;;;A postar;Janeiro;2026.0;;Nao;16;46.037;JACOBINA;;;;;;;;;;;;;;;;;;;;
UTEP;B-1230051;AC-CIND-AV-ITAPICURU MIRIM 10-GONCALO;CAEM;05/01/2026;30/12/2025;10,0;3,0;;UILQUER;;;DESENHAR ;;;;;;;;;R$ 0,00;;"Sem ""as built""";Sipel;;;;A postar;Janeiro;2026.0;;Nao;10;16;JACOBINA;;;;;;;;;;;;;;;;;;;;
LPT;B-1226973;ER-CIND-POV-LAGINHA-LAGINHA;VÁRZEA DO POÇO;08/01/2026;;7,0;1,0;;LARISSA;;;DESENHAR ;;;;;;;;;R$ 0,00;;"Sem ""as built""";Sipel;;;;A postar;Janeiro;2026.0;;Nao;7;;JACOBINA;;;;;;;;;;;;;;;;;;;;
