NOTA;PROJETO;TÍTULO;MUNICÍPIO;PLANO;CRITÉRIO;POSTES PREV;POSTES REAL;CLIET. PREV;CLIET. REAL;V. PROJETO;ENERGIZAÇÃO;SUPERVISOR;ENCARREGADO;INICIO;FIM;PERFIL;ORIGEM_ETL;FAIXA;TITULO;MUNICIPIO;STATUS;LV;PES S/I;PES DESLIG;RESUMO;OBS;CLIET.;CAVR;CAVD;PSTP;PSTR;EQPP;EQPR;RDEP;RDER;AVNP;AVNR;V. PRJ 25%;CART.;PV. INÍCIO;PV. FIM;AR;DT. SEPARAÇÃO;RESERVA;SACADO;PRÉ FECHAMENTO;SIMPLIFICADA;VISITA PRÉVIA;REFERÊNCIA;LATITUDE;LONGITUDE;V. REAL;RESUMO LV;Nº PES;DATA DESL;CRITERIO;COORDENADAS;PG'S;LINK PROJETO;CONCRETO;% POSTES;% CAVAS;OBS CAVA;CAT;DT DESL;AS BUILT;DEVOLUÇAO;CLIENT.;CART;DESLIG;DIAS;DIAS.1;BOOK;DIAS.2;LAT;LONG
;B-1121813;MP-CCOL-POV.SANTO EUSEBIO-RURAL;QUEIMADAS;;REPUTACIONAL;109;;11;;1299165.01;;;;;2025-01-31 00:00:00;ACIMA 100 POSTES;Janeiro 25;;;;;;;;;;;;;;;;;;;;;;;;;;;;;;;;;;;;;;;;;;;;;;;;;;;;;;;;;;;
;B-1112875;ER-CCOL-FAZ-CALDEIR O DO COXO-RURAL;NORDESTINA;;GOVERNO;45;;0;;490292.56;;;;;2025-01-31 00:00:00;16-50 POSTES;Janeiro 25;;;;;;;;;;;;;;;;;;;;;;;;;;;;;;;;;;;;;;;;;;;;;;;;;;;;;;;;;;;
9102074591;B-1140841;IT-CIND-AV-LUIZ EDU. MAGALHAES-CENTRO;NORDESTINA;;REPUTACIONAL;3;3;1;1;28425.29;2025-01-17 00:00:00;DICSON;ANAILTON;;2025-01-10 00:00:00;0-5 POSTES;Janeiro 25;;;;;;;;;;;;;;;;;;;;;;;;;;;;;;;;;;;;;;;;;;;;;;;;;;;;;;;;;;;
;B-1113890;ER-SEIN-POV-LAGOA DO CURRAL-RURAL;CANSANÇÃO;;GOVERNO;30;30;3;4;214459.58;2025-01-24 00:00:00;DICSON;ANAILTON;;2025-01-18 00:00:00;16-50 POSTES;Janeiro 25;;;;;;;;;;;;;;;;;;;;;;;;;;;;;;;;;;;;;;;;;;;;;;;;;;;;;;;;;;;
;X-1158254;UB-CIND-AV- MONTE SANTO-99;CANSANÇÃO;;SOLICITAÇÃO ATENDIMENTO;6;6;1;;77522.55;2025-01-23 00:00:00;DICSON;ANAILTON;;2025-01-20 00:00:00;6-15 POSTES;Janeiro 25;;;;;;;;;;;;;;;;;;;;;;;;;;;;;;;;;;;;;;;;;;;;;;;;;;;;;;;;;;;
;B-1089356;MP-CCOL-FAZ.VARZEA DA NOVILHA RURAL;QUEIMADAS;;REPUTACIONAL;43;;3;;356018.91;;;;;2025-01-31 00:00:00;16-50 POSTES;Janeiro 25;;;;;;;;;;;;;;;;;;;;;;;;;;;;;;;;;;;;;;;;;;;;;;;;;;;;;;;;;;;
;B-0477336;MP-CCOL-POV CURRAL FALSO AROEIRA-RURAL;MONTE SANTO;;REPUTACIONAL;281;;46;;1073081.49;;;;;2025-02-27 00:00:00;;Janeiro 25;;;;;;;;;;;;;;;;;;;;;;;;;;;;;;;;;;;;;;;;;;;;;;;;;;;;;;;;;;;
;B-1128973;MP CIND POV QUEIMADA GRANDE RURAL;MONTE SANTO;;QLP;17;;2;;138101.08;;;;;2025-01-17 00:00:00;16-50 POSTES;Janeiro 25;;;;;;;;;;;;;;;;;;;;;;;;;;;;;;;;;;;;;;;;;;;;;;;;;;;;;;;;;;;
;B-1113285;ER-CIND-POV-VILA NOVA-VILA NOVA;MONTE SANTO;;NOVOS QUESTIONAMENTOS ANEEL;8;8;1;1;71298.86;2025-01-30 00:00:00;DICSON;OSMAR;;2025-01-24 00:00:00;6-15 POSTES;Janeiro 25;;;;;;;;;;;;;;;;;;;;;;;;;;;;;;;;;;;;;;;;;;;;;;;;;;;;;;;;;;;
;B-1053426;MP-CCOL-POV GATO-RURAL;ITIÚBA;;REPUTACIONAL;26;25;5;7;105541.05;2025-01-31 00:00:00;DICSON;ISRAEL;;2025-01-17 00:00:00;16-50 POSTES;Janeiro 25;;;;;;;;;;;;;;;;;;;;;;;;;;;;;;;;;;;;;;;;;;;;;;;;;;;;;;;;;;;
;B-1053427;MP-CCOL-FAZ OLHOS DAGUA-RURAL;ITIÚBA;;REPUTACIONAL;11;;3;;65807.63;;;;;2025-01-24 00:00:00;6-15 POSTES;Janeiro 25;;;;;;;;;;;;;;;;;;;;;;;;;;;;;;;;;;;;;;;;;;;;;;;;;;;;;;;;;;;
;X-1168522;ME-COEL-AV-ROGERIO BENTO PITANGA 99999;ITIÚBA;;RECLAMAÇÃO;0;0;0;1;29834.15;2025-01-22 00:00:00;DICSON;ALDAIR;;2025-01-20 00:00:00;0-5 POSTES;Janeiro 25;;;;;;;;;;;;;;;;;;;;;;;;;;;;;;;;;;;;;;;;;;;;;;;;;;;;;;;;;;;
;B-1085264;MP CIND RUA DA LINHA PINDOBAÇU RURAL;PINDOBAÇU;;NOVOS QUESTIONAMENTOS ANEEL;39;41;11;18;366503.58;2025-01-31 00:00:00;DICSON;REGINALDO;;2025-01-24 00:00:00;16-50 POSTES;Janeiro 25;;;;;;;;;;;;;;;;;;;;;;;;;;;;;;;;;;;;;;;;;;;;;;;;;;;;;;;;;;;
;X-1161107;RC-GOVE-RUA-CARNAIBA DE BAIXO-RURAL;PINDOBAÇU;;REPUTACIONAL;3;1;0;0;65125.21;2025-01-30 00:00:00;DICSON;JOSE SILVA;;2025-01-17 00:00:00;0-5 POSTES;Janeiro 25;;;;;;;;;;;;;;;;;;;;;;;;;;;;;;;;;;;;;;;;;;;;;;;;;;;;;;;;;;;
;B-0948330;RR-CIND-POV JIBOIA ZU-RL ANTO GON ALVES;ANTÔNIO GONÇALVES;;REPUTACIONAL;3;3;1;1;17004.96;2024-01-09 00:00:00;DICSON;JOSE SILVA;;2025-01-14 00:00:00;0-5 POSTES;Janeiro 25;;;;;;;;;;;;;;;;;;;;;;;;;;;;;;;;;;;;;;;;;;;;;;;;;;;;;;;;;;;
;X-1139377;ER-CIND-POV-BREJAO DA GROTA 530-RURAL;ANTÔNIO GONÇALVES;;RECLAMAÇÃO;2;2;1;1;31019.1;2025-01-09 00:00:00;DICSON;VAGNER;;2025-01-16 00:00:00;0-5 POSTES;Janeiro 25;;;;;;;;;;;;;;;;;;;;;;;;;;;;;;;;;;;;;;;;;;;;;;;;;;;;;;;;;;;
;X-1114986;IP-CCOL-AV-CONTORNO-CENTRO-TIJUACU;SENHOR DO BONFIM;;REPUTACIONAL;68;68;0;0;461717.75;2025-01-31 00:00:00;DICSON;GERSONI;;2025-01-31 00:00:00;51-100 POSTES;Janeiro 25;;;;;;;;;;;;;;;;;;;;;;;;;;;;;;;;;;;;;;;;;;;;;;;;;;;;;;;;;;;
;B-0952864;RI-SEIN-POV-TANQUINHO DE CIMA-RURAL-TANQ;SENHOR DO BONFIM;;REPUTACIONAL;28;28;0;1;123130.57;2025-01-27 00:00:00;DICSON;JOILSON;;2025-01-24 00:00:00;16-50 POSTES;Janeiro 25;;;;;;;;;;;;;;;;;;;;;;;;;;;;;;;;;;;;;;;;;;;;;;;;;;;;;;;;;;;
;X-1024130;RR-CIND-POV-VARZEA DOS PATOS-RURAL;FILADÉLFIA;;REPUTACIONAL;7;7;2;2;54185.57;2025-01-21 00:00:00;DICSON;JOSE SILVA;;2025-01-10 00:00:00;6-15 POSTES;Janeiro 25;;;;;;;;;;;;;;;;;;;;;;;;;;;;;;;;;;;;;;;;;;;;;;;;;;;;;;;;;;;
;B-1093839;AC-CIND-POV  TANQUINHO DO POÇO-RURAL;ANDORINHAS;;SOLICITAÇÃO ATENDIMENTO;1;0;1;1;25421.07;2025-01-09 00:00:00;DICSON;REGINALDO;;2025-01-20 00:00:00;0-5 POSTES;Janeiro 25;;;;;;;;;;;;;;;;;;;;;;;;;;;;;;;;;;;;;;;;;;;;;;;;;;;;;;;;;;;
;B-1094402;AC-PREF-AV-CARLOS HUMBERTO FILHO-MEDRADO;ANDORINHAS;;SOLICITAÇÃO ATENDIMENTO;0;0;1;1;2158.36;2025-01-23 00:00:00;DICSON;REGINALDO;;2025-01-17 00:00:00;0-5 POSTES;Janeiro 25;;;;;;;;;;;;;;;;;;;;;;;;;;;;;;;;;;;;;;;;;;;;;;;;;;;;;;;;;;;
;X-1160430;ER-CIND-RUA-DO MATADOURO 95-CATUNY;JAGUARARI;;RECLAMAÇÃO;1;;1;;9171.67;;;;;2025-01-09 00:00:00;0-5 POSTES;Janeiro 25;;;;;;;;;;;;;;;;;;;;;;;;;;;;;;;;;;;;;;;;;;;;;;;;;;;;;;;;;;;
;X-1073129;ER-CCOL-POV-GAMELEIRA-GAMELEIRA;ANDORINHAS;;REPUTACIONAL;5;6;6;6;15032.02;2025-01-24 00:00:00;DICSON;REGINALDO;;2025-01-13 00:00:00;0-5 POSTES;Janeiro 25;;;;;;;;;;;;;;;;;;;;;;;;;;;;;;;;;;;;;;;;;;;;;;;;;;;;;;;;;;;
;X-1131409;AC-CIND-AV-ANTONIO LAURINDO-CENTRO;SENHOR DO BONFIM;;REPUTACIONAL;2;2;1;1;42042.49;2025-01-28 00:00:00;WESLEY;JOILSON;;2025-01-19 00:00:00;0-5 POSTES;Janeiro 25;;;;;;;;;;;;;;;;;;;;;;;;;;;;;;;;;;;;;;;;;;;;;;;;;;;;;;;;;;;
;B-1044483;MP-CCOL-POV.CACIMBINHA-RURAL;CAMPO FORMOSO;;REPUTACIONAL;324;;27;;3518237.37;;;;;2025-03-31 00:00:00;;Janeiro 25;;;;;;;;;;;;;;;;;;;;;;;;;;;;;;;;;;;;;;;;;;;;;;;;;;;;;;;;;;;
;B-0914747;RU-CCOL-FAZ GENIO-RURAL-CRB;CAMPO FORMOSO;;JUDICIAL;96;;10;;660273.67;;;;;2025-01-31 00:00:00;51-100 POSTES;Janeiro 25;;;;;;;;;;;;;;;;;;;;;;;;;;;;;;;;;;;;;;;;;;;;;;;;;;;;;;;;;;;
;B-1156377;AC-CIND-LOT-RIO DA PRATA-MISSAO DO SAHY;SENHOR DO BONFIM;;;;5;;1;;2025-01-11 00:00:00;DICSON;REGINALDO;;;;Janeiro 25;;;;;;;;;;;;;;;;;;;;;;;;;;;;;;;;;;;;;;;;;;;;;;;;;;;;;;;;;;;
9102124526;B-1158654;ER-CIND-POV-FOLHA LARGA-RURAL;CAMPO FORMOSO;;JUDICIAL;6;6;1;1;;2025-01-22 00:00:00;ALAN;VAGNER;2024-12-17 00:00:00;2024-12-19 00:00:00;;Janeiro 25;;;;;;;;;;;;;;;;;;;;;;;;;;;;;;;;;;;;;;;;;;;;;;;;;;;;;;;;;;;
;B-1140793;ER-CIND-POV-SANTO ANTONIO-RURAL;FILADÉLFIA;;;;0;;0;;2025-01-28 00:00:00;DICSON;GERSONI;;;;Janeiro 25;;;;;;;;;;;;;;;;;;;;;;;;;;;;;;;;;;;;;;;;;;;;;;;;;;;;;;;;;;;
9101905218;B-1121963;IT-GRUA-POV-CONSORCIO BA SOLAR 2-RURAL;FILADÉLFIA;;;65;63;;1;1172396;2025-01-25 00:00:00;DICSON;GERSONI;;;;Janeiro 25;;;;;;;;;;;;;;;;;;;;;;;;;;;;;;;;;;;;;;;;;;;;;;;;;;;;;;;;;;;
;B-1183001;ER-CIND-POV-CARIACA DE CIMA-CARIACA;SENHOR DO BONFIM;;;;4;;1;;2025-01-29 00:00:00;WESLEY;JOILSON;;;;Janeiro 25;;;;;;;;;;;;;;;;;;;;;;;;;;;;;;;;;;;;;;;;;;;;;;;;;;;;;;;;;;;
;B-1121944;ER-CIND-FAZ-BOM SUCESSO-ROMULO CAMPOS;ITIÚBA;;;;0;;1;;2025-01-30 00:00:00;DICSON;ALDAIR;;;;Janeiro 25;;;;;;;;;;;;;;;;;;;;;;;;;;;;;;;;;;;;;;;;;;;;;;;;;;;;;;;;;;;
;B-1033879;ER-CIND-FAZ-VARZINHA-ROMULO CAMPOS;ITIÚBA;;;;4;;4;;2025-01-30 00:00:00;DICSON;ALDAIR;;;;Janeiro 25;;;;;;;;;;;;;;;;;;;;;;;;;;;;;;;;;;;;;;;;;;;;;;;;;;;;;;;;;;;
;B-1155045;ER-CCOL-POV-TEIU-RURAL;SENHOR DO BONFIM;;;;4;;2;;2025-01-16 00:00:00;DICSON;REGINALDO;;;;Janeiro 25;;;;;;;;;;;;;;;;;;;;;;;;;;;;;;;;;;;;;;;;;;;;;;;;;;;;;;;;;;;
9102022738;B-1128886;ER-CIND-FAZ-SAO LUIZ-PEDRA VERMELHA;MONTE SANTO;;ESTADUAL;2;2;;2;;2025-02-01 00:00:00;DICSON;OSMAR ;;;0-5 POSTES;Fevereiro 25;;;;;;;;;;;;;;;;;;;;;;;;;;;;;;;;;;;;;;;;;;;;;;;;;;;;;;;;;;;
9102164217;B-1183387;UB-CIND-AV-LUIZ E MAGALHAES-CENTRO;MONTE SANTO;;;0;0;;1;;2025-02-01 00:00:00;DICSON;OSMAR ;;;0-5 POSTES;Fevereiro 25;;;;;;;;;;;;;;;;;;;;;;;;;;;;;;;;;;;;;;;;;;;;;;;;;;;;;;;;;;;
9101904936;B-1083736;ER-CIND-FAZ-CEROULA NOVA-RURAL;MONTE SANTO;;ESTADUAL;2;2;;1;;2025-02-01 00:00:00;DICSON;OSMAR ;;;0-5 POSTES;Fevereiro 25;;;;;;;;;;;;;;;;;;;;;;;;;;;;;;;;;;;;;;;;;;;;;;;;;;;;;;;;;;;
9102057564;B-1137475;ER-CIND-POV-MULUNGU-RURAL;SENHOR DO BONFIM;;DIA C;6;6;;2;;2025-02-05 00:00:00;WESLEY;JOILSON ;;;6-15 POSTES;Fevereiro 25;;;;;;;;;;;;;;;;;;;;;;;;;;;;;;;;;;;;;;;;;;;;;;;;;;;;;;;;;;;
9101978110;B-1112875;ER-CCOL-FAZ-CALDEIR O DO COXO-RURAL;NORDESTINA;;GOVERNO;67;47;;6;;2025-02-05 00:00:00;ALAN;ANAILTON;;;;Fevereiro 25;;;;;;;;;;;;;;;;;;;;;;;;;;;;;;;;;;;;;;;;;;;;;;;;;;;;;;;;;;;
9102095904;B-1155909;ER-CIND-POV-TEIU-RURAL;SENHOR DO BONFIM;;DIA C;1;1;;2;;2025-02-15 00:00:00;WESLEY;JOSÉ SILVA;;;0-5 POSTES;Fevereiro 25;;;;;;;;;;;;;;;;;;;;;;;;;;;;;;;;;;;;;;;;;;;;;;;;;;;;;;;;;;;
9102133030;B-1159228;ER-CCOL-POV-LAGES-RURAL;SENHOR DO BONFIM;;DIA C;4;4;;1;;2025-02-08 00:00:00;DICSON;ERIELTON ;;;0-5 POSTES;Fevereiro 25;;;;;;;;;;;;;;;;;;;;;;;;;;;;;;;;;;;;;;;;;;;;;;;;;;;;;;;;;;;
9101727174;B-1007298;RR-CIND-ET-ADUTORA MINA CARAIBA-RURAL NU;JAGUARARI;;JUDICIAL;13;13;;3;;2025-02-28 00:00:00;DICSON;BADU;;;6-15 POSTES;Fevereiro 25;;;;;;;;;;;;;;;;;;;;;;;;;;;;;;;;;;;;;;;;;;;;;;;;;;;;;;;;;;;
9101805511;B-1053427;MP-CCOL-FAZ OLHOS DAGUA-RURAL;ITIÚBA;;ESTADUAL;11;14;;5;;2025-02-14 00:00:00;ALAN;ISRAEL ;;;;Fevereiro 25;;;;;;;;;;;;;;;;;;;;;;;;;;;;;;;;;;;;;;;;;;;;;;;;;;;;;;;;;;;
9102022726;B-1128973;MP CIND POV QUEIMADA GRANDE RURAL;MONTE SANTO;;QLP;17;21;;2;;2025-02-14 00:00:00;ALAN;OSMAR ;;;;Fevereiro 25;;;;;;;;;;;;;;;;;;;;;;;;;;;;;;;;;;;;;;;;;;;;;;;;;;;;;;;;;;;
9101959951;B-1107362;RR-SEIN-POV-LAGOA DO PEIXE-RURAL;SENHOR DO BONFIM;;REPUTACIONAL;31;;;;;;;BADU;;;16-50 POSTES;Fevereiro 25;;;;;;;;;;;;;;;;;;;;;;;;;;;;;;;;;;;;;;;;;;;;;;;;;;;;;;;;;;;
9101867733;B-1062185;ER-CIND-FAZ-PLANALTO 10-RURAL;PONTO NOVO;;ESTADUAL;21;23;;8;;2025-02-14 00:00:00;DICSON;GESONI ;;;16-50 POSTES;Fevereiro 25;;;;;;;;;;;;;;;;;;;;;;;;;;;;;;;;;;;;;;;;;;;;;;;;;;;;;;;;;;;
9102078212;B-1146265;IS-COEL-RUA-DR ANTONIO GONCALVES-CENTRO;CAMPO FORMOSO;;REPUTACIONAL;0;1;;0;;2025-02-16 00:00:00;DICSON;JOILSON ;;;0-5 POSTES;Fevereiro 25;;;;;;;;;;;;;;;;;;;;;;;;;;;;;;;;;;;;;;;;;;;;;;;;;;;;;;;;;;;
9101290252;B-0914747;RU-CCOL-FAZ GENIO-RURAL-CRB;CAMPO FORMOSO;;JUDICIAL;96;84;;10;;2025-02-27 00:00:00;DICSON;WAGNER ;;;;Fevereiro 25;;;;;;;;;;;;;;;;;;;;;;;;;;;;;;;;;;;;;;;;;;;;;;;;;;;;;;;;;;;
9102057077;B-1138085;ER-CIND-SI-GENIO 1000 --Z-RURAL;CAMPO FORMOSO;;PLANO ANEEL;8;8;;1;;2025-02-18 00:00:00;DICSON;WAGNER ;;;6-15 POSTES;Fevereiro 25;;;;;;;;;;;;;;;;;;;;;;;;;;;;;;;;;;;;;;;;;;;;;;;;;;;;;;;;;;;
9102042813;B-1134465;ER-CIND-POV-CAIXAO-RURAL;CANSANÇÃO;;REPUTACIONAL;18;;;;;;;ANAILTON;;;16-50 POSTES;Fevereiro 25;;;;;;;;;;;;;;;;;;;;;;;;;;;;;;;;;;;;;;;;;;;;;;;;;;;;;;;;;;;
9101794121;B-1143184;ER-CCOL-POV-CALDEIRAO DOS VAQ-RURAL;CANSANÇÃO;;ESTADUAL;8;11;;8;;2025-02-27 00:00:00;ALAN;ANAILTON;;;6-15 POSTES;Fevereiro 25;;;;;;;;;;;;;;;;;;;;;;;;;;;;;;;;;;;;;;;;;;;;;;;;;;;;;;;;;;;
9102151875;B-1180051;UB-EMBA-RUA-CASAS POPULARES-CENTRO;ITIÚBA;;GOVERNO;2;2;;1;;2025-03-01 00:00:00;ALAN;ISRAEL ;;;0-5 POSTES;Fevereiro 25;;;;;;;;;;;;;;;;;;;;;;;;;;;;;;;;;;;;;;;;;;;;;;;;;;;;;;;;;;;
9101874275;B-1075226;MP CIND POV CALDEIRÃOZINHO RURAL;ITIÚBA;;REPUTACIONAL;15;;;;;;;ISRAEL ;;;6-15 POSTES;Fevereiro 25;;;;;;;;;;;;;;;;;;;;;;;;;;;;;;;;;;;;;;;;;;;;;;;;;;;;;;;;;;;
9101675556;B-1042982;MP-CIND-POV-CACIMBAS-RURAL;ITIÚBA;;REPUTACIONAL;50;;;;;;;ISRAEL ;;;16-50 POSTES;Fevereiro 25;;;;;;;;;;;;;;;;;;;;;;;;;;;;;;;;;;;;;;;;;;;;;;;;;;;;;;;;;;;
9101977256;B-1115635;ER-CIND-PR -IGREJA-CATUNY;JAGUARARI;;LPT;11;11;;1;;2025-02-25 00:00:00;DICSON;BADU;;;6-15 POSTES;Fevereiro 25;;;;;;;;;;;;;;;;;;;;;;;;;;;;;;;;;;;;;;;;;;;;;;;;;;;;;;;;;;;
9101587099;B-0984449;RR-CIND-FZ ANGICO-ANGICO;MONTE SANTO;;REPUTACIONAL;35;35;;4;;2025-02-28 00:00:00;ALAN;OSMAR ;;;16-50 POSTES;Fevereiro 25;;;;;;;;;;;;;;;;;;;;;;;;;;;;;;;;;;;;;;;;;;;;;;;;;;;;;;;;;;;
9102084184;B-1143757;ER-CCOL-LOT-NOVA QUEIMADAS-NOVA QUEIMADA;QUEIMADAS;;JUDICIAL;3;3;;1;;2025-02-21 00:00:00;ALAN;OSMAR ;;;0-5 POSTES;Fevereiro 25;;;;;;;;;;;;;;;;;;;;;;;;;;;;;;;;;;;;;;;;;;;;;;;;;;;;;;;;;;;
9102070360;B-1144008;ER-CIND-POV-MARRUAIS-RURAL;QUEIMADAS;;RECLAMAÇÃO;1;1;;1;;2025-02-13 00:00:00;ALAN;ANAILTON;;;0-5 POSTES;Fevereiro 25;;;;;;;;;;;;;;;;;;;;;;;;;;;;;;;;;;;;;;;;;;;;;;;;;;;;;;;;;;;
9100709091;B-0686033;MP-CCOL-FAZ. VÁRZEA DA NOVILHA COMPL.RUR;QUEIMADAS;;NOVOS QUESTIONAMENTOS ANEEL;86;;;;;;;ERIELTON ;;;;Fevereiro 25;;;;;;;;;;;;;;;;;;;;;;;;;;;;;;;;;;;;;;;;;;;;;;;;;;;;;;;;;;;
9101910191;B-1090786;MP  CIND POV . LAGOA DAS CABRAS RURAL;QUEIMADAS;;REPUTACIONAL;31;;;;;;;JEFERSON ;;;6-15 POSTES;Fevereiro 25;;;;;;;;;;;;;;;;;;;;;;;;;;;;;;;;;;;;;;;;;;;;;;;;;;;;;;;;;;;
9102002528;B-1121813;MP-CCOL-POV.SANTO EUSEBIO-RURAL;QUEIMADAS;;ESTADUAL;109;109;;11;;2025-02-27 00:00:00;ALAN;JEFERSON ;;;;Fevereiro 25;;;;;;;;;;;;;;;;;;;;;;;;;;;;;;;;;;;;;;;;;;;;;;;;;;;;;;;;;;;
9102025021;B-1122959;AC CIND POV SANTO EUSEBIO RURAL;QUEIMADAS;;QLP;22;22;;7;;2025-02-27 00:00:00;ALAN;JEFERSON ;;;6-15 POSTES;Fevereiro 25;;;;;;;;;;;;;;;;;;;;;;;;;;;;;;;;;;;;;;;;;;;;;;;;;;;;;;;;;;;
9101908619;B-1089356;MP-CCOL-FAZ.VARZEA DA NOVILHA RURAL;QUEIMADAS;;ESTADUAL;43;;;;;;;ERIELTON ;;;;Fevereiro 25;;;;;;;;;;;;;;;;;;;;;;;;;;;;;;;;;;;;;;;;;;;;;;;;;;;;;;;;;;;
9102095610;B-1151080;AC-CIND-RUA-25 DE JANEIRO-SANTOS DUMONT;SENHOR DO BONFIM;;RECLAMAÇÃO;1;1;;0;;2025-02-19 00:00:00;DICSON;JOILSON;;;0-5 POSTES;Fevereiro 25;;;;;;;;;;;;;;;;;;;;;;;;;;;;;;;;;;;;;;;;;;;;;;;;;;;;;;;;;;;
9101911590;B-1089429;MP CIND FAZ MANCAMBIRA RURAL;SENHOR DO BONFIM;;ESTADUAL;24;24;;3;;2025-02-28 00:00:00;DICSON;JOILSON ;;;16-50 POSTES;Fevereiro 25;;;;;;;;;;;;;;;;;;;;;;;;;;;;;;;;;;;;;;;;;;;;;;;;;;;;;;;;;;;
9101662765;B-1044080;MP-CCOL-POV-CACO DE TELHA-RURAL;SENHOR DO BONFIM;;ESTADUAL;24;24;;3;;2025-02-27 00:00:00;DICSON;BADU;;;16-50 POSTES;Fevereiro 25;;;;;;;;;;;;;;;;;;;;;;;;;;;;;;;;;;;;;;;;;;;;;;;;;;;;;;;;;;;
9102131406;B-1160399;UB-CIND-RUA-ANA IZABEL MUNIZ-CENTRO;FILADÉLFIA;;DIA C;5;;;;;;;GESONI ;;;0-5 POSTES;Fevereiro 25;;;;;;;;;;;;;;;;;;;;;;;;;;;;;;;;;;;;;;;;;;;;;;;;;;;;;;;;;;;
9102134827;B-1165543;UB-CIND-RUA-SIMOES-N S DA CONCEI  O;ITIÚBA;;DIA C;3;;;;;;;ISRAEL ;;;0-5 POSTES;Fevereiro 25;;;;;;;;;;;;;;;;;;;;;;;;;;;;;;;;;;;;;;;;;;;;;;;;;;;;;;;;;;;
9102121141;B-1161715;ER-CIND-POV-ENGORDA-RURAL;MONTE SANTO;;DIA C;2;;;;;;;;;;0-5 POSTES;Fevereiro 25;;;;;;;;;;;;;;;;;;;;;;;;;;;;;;;;;;;;;;;;;;;;;;;;;;;;;;;;;;;
9102106606;B-1157312;AC-CIND-POV-LAGOA DO SACO-RURAL;MONTE SANTO;;DIA C;5;;;;;;;;;;0-5 POSTES;Fevereiro 25;;;;;;;;;;;;;;;;;;;;;;;;;;;;;;;;;;;;;;;;;;;;;;;;;;;;;;;;;;;
9102084887;B-1149258;ER-SEIN-FAZ-LAGOA DOS BOIS-RURAL;NORDESTINA;;DIA C;5;;;;;;;;;;0-5 POSTES;Fevereiro 25;;;;;;;;;;;;;;;;;;;;;;;;;;;;;;;;;;;;;;;;;;;;;;;;;;;;;;;;;;;
9102090398;B-1152255;ER-CIND-AV-OTAVIO FERREIRA-URBANO;QUEIMADAS;;DIA C;1;;;;;;;;;;0-5 POSTES;Fevereiro 25;;;;;;;;;;;;;;;;;;;;;;;;;;;;;;;;;;;;;;;;;;;;;;;;;;;;;;;;;;;
9102136651;B-1167180;RR-SEIN-FAZ-PATIOBA-RURAL;SENHOR DO BONFIM;;DIA C;2;;;;;;;;;;;Fevereiro 25;;;;;;;;;;;;;;;;;;;;;;;;;;;;;;;;;;;;;;;;;;;;;;;;;;;;;;;;;;;
9101691568;B-1044483;MP-CCOL-POV.CACIMBINHA-RURAL;CAMPO FORMOSO;;REPUTACIONAL;324;;;;;;;;;;;Fevereiro 25;;;;;;;;;;;;;;;;;;;;;;;;;;;;;;;;;;;;;;;;;;;;;;;;;;;;;;;;;;;
9003901510;B-0477336;MP-CCOL-POV CURRAL FALSO AROEIRA-RURAL;MONTE SANTO;;REPUTACIONAL;281;;;;;;;;;;;Fevereiro 25;;;;;;;;;;;;;;;;;;;;;;;;;;;;;;;;;;;;;;;;;;;;;;;;;;;;;;;;;;;
;B-1173976;RR-CIND-POV- TANQUINHO-RURAL;NORDESTINA;;;;0;;1;;2025-02-11 00:00:00;ALAN;ANAILTON;;;;Fevereiro 25;;;;;;;;;;;;;;;;;;;;;;;;;;;;;;;;;;;;;;;;;;;;;;;;;;;;;;;;;;;
;B-1190045;ER-CIND-POV-BARRO DE BAIXO II 6-B D B II;SENHOR DO BONFIM;;;;2;;1;;2025-02-17 00:00:00;WESLEY;JOILSON;;;;Fevereiro 25;;;;;;;;;;;;;;;;;;;;;;;;;;;;;;;;;;;;;;;;;;;;;;;;;;;;;;;;;;;
;B-1167180;RR-SEIN-FAZ-PATIOBA-RURAL;SENHOR DO BONFIM;;;;2;;1;;2025-02-20 00:00:00;DICSON;JOILSON;;;;Fevereiro 25;;;;;;;;;;;;;;;;;;;;;;;;;;;;;;;;;;;;;;;;;;;;;;;;;;;;;;;;;;;
;B-1091723;AC-CCOL FAZ CALDEIRÃO DO COXO RURAL;NORDESTINA;;;;20;;4;;2025-02-05 00:00:00;ALAN;ANAILTON;;;;Fevereiro 25;;;;;;;;;;;;;;;;;;;;;;;;;;;;;;;;;;;;;;;;;;;;;;;;;;;;;;;;;;;
;;;;;;;;;;;;;;;;;Fevereiro 25;;;;;;;;;;;;;;;;;;;;;;;;;;;;;;;;;;;;;;;;;;;;;;;;;;;;;;;;;;;
;;;;;;;;;;;;;;;;;Fevereiro 25;;;;;;;;;;;;;;;;;;;;;;;;;;;;;;;;;;;;;;;;;;;;;;;;;;;;;;;;;;;
;;;;;;;;;;;;;;;;;Fevereiro 25;;;;;;;;;;;;;;;;;;;;;;;;;;;;;;;;;;;;;;;;;;;;;;;;;;;;;;;;;;;
;B-1121813;MP-CCOL-POV.SANTO EUSEBIO-RURAL;QUEIMADAS;;;;;;;;;;;;;;Fevereiro 25;;;;;;;;;;;;;;;;;;;;;;;;;;;;;;;;;;;;;;;;;;;;;;;;;;;;;;;;;;;
;B-1112875;ER-CCOL-FAZ-CALDEIR O DO COXO-RURAL;NORDESTINA;;;;;;;;;;;;;;Fevereiro 25;;;;;;;;;;;;;;;;;;;;;;;;;;;;;;;;;;;;;;;;;;;;;;;;;;;;;;;;;;;
;B-1089356;MP-CCOL-FAZ.VARZEA DA NOVILHA RURAL;QUEIMADAS;;;;;;;;;;;;;;Fevereiro 25;;;;;;;;;;;;;;;;;;;;;;;;;;;;;;;;;;;;;;;;;;;;;;;;;;;;;;;;;;;
;B-1128973;MP CIND POV QUEIMADA GRANDE RURAL;MONTE SANTO;;;;;;;;;;;;;;Fevereiro 25;;;;;;;;;;;;;;;;;;;;;;;;;;;;;;;;;;;;;;;;;;;;;;;;;;;;;;;;;;;
;B-1053427;MP-CCOL-FAZ OLHOS DAGUA-RURAL;ITIÚBA;;;;;;;;;;;;;;Fevereiro 25;;;;;;;;;;;;;;;;;;;;;;;;;;;;;;;;;;;;;;;;;;;;;;;;;;;;;;;;;;;
;B-1160430;ER-CIND-RUA-DO MATADOURO 95-CATUNY;JAGUARARI;;;;;;;;;;;;;;Fevereiro 25;;;;;;;;;;;;;;;;;;;;;;;;;;;;;;;;;;;;;;;;;;;;;;;;;;;;;;;;;;;
;B-0914747;RU-CCOL-FAZ GENIO-RURAL-CRB;CAMPO FORMOSO;;;;;;;;;;;;;;Fevereiro 25;;;;;;;;;;;;;;;;;;;;;;;;;;;;;;;;;;;;;;;;;;;;;;;;;;;;;;;;;;;
9102166668;B-1185144;ER-CIND-POV-TANQUE DAS VARAS-831;ANDORINHAS;;PRIORIDADE PLANO ANEEL;4;;1;;;;;REGINALDO;2025-03-26 00:00:00;2025-03-27 00:00:00;;Março 25;0-5 POSTES;;;;;;;;;;;;;;;;;;;;;;;;;;;;;;;;;;;;;;;;;;;;;;;;;;;;;;;;;;
9102039781;B-1134925;UB-CIND-RUA-DO CURRAL-CENTRO-ANDORINHA;ANDORINHAS;;ESTRATÉGICA;1;;1;;;;;REGINALDO;2025-03-28 00:00:00;2025-03-28 00:00:00;;Março 25;0-5 POSTES;;;;;;;;;;;;;;;;;;;;;;;;;;;;;;;;;;;;;;;;;;;;;;;;;;;;;;;;;;
9102159387;B-1183437;ER-CIND-POV-LARANJEIRAS-RURAL;ANTÔNIO GONÇALVES;;PRIORIDADE PLANO ANEEL;8;9;0;4;;2025-03-19 00:00:00;DICSON;REGINALDO;2025-03-20 00:00:00;2025-03-22 00:00:00;;Março 25;6-15 POSTES;;;;;;;;;;;;;;;;;;;;;;;;;;;;;;;;;;;;;;;;;;;;;;;;;;;;;;;;;;
9101691568;B-1044483;MP-CCOL-POV.CACIMBINHA-RURAL;CAMPO FORMOSO;;REPUTACIONAL;324;;27;;;;;EDVALDO + ALDAIR ;2025-01-15 00:00:00;2025-03-31 00:00:00;;Março 25;ACIMA 100 POSTES;;;;;;;;;;;;;;;;;;;;;;;;;;;;;;;;;;;;;;;;;;;;;;;;;;;;;;;;;;
9101864792;B-1060807;LD-CIND-POV RDP-RIACHO DAS PEDRAS-CSC;CANSANÇÃO;;REPUTACIONAL;11;11;3;5;;2025-03-26 00:00:00;ALAN;ANAILTON ;2025-03-10 00:00:00;2025-03-15 00:00:00;;Março 25;6-15 POSTES;;;;;;;;;;;;;;;;;;;;;;;;;;;;;;;;;;;;;;;;;;;;;;;;;;;;;;;;;;
9102050747;B-1137977;ER-CIND-POV-LAGE DA GAMELEIRA-RURAL;CANSANÇÃO;;SOLICITAÇÃO ATENDIMENTO;37;35;1;1;;2025-03-21 00:00:00;ALAN;ANAILTON ;2025-03-17 00:00:00;2025-03-24 00:00:00;;Março 25;16-50 POSTES;;;;;;;;;;;;;;;;;;;;;;;;;;;;;;;;;;;;;;;;;;;;;;;;;;;;;;;;;;
9102165518;B-1183187;ER-CIND-POV-DEIXAI 7-RURAL;CANSANÇÃO;;PRIORIDADE PLANO ANEEL;3;2;1;2;;2025-03-26 00:00:00;DICSON;GESONI ;2025-03-10 00:00:00;2025-03-12 00:00:00;;Março 25;0-5 POSTES;;;;;;;;;;;;;;;;;;;;;;;;;;;;;;;;;;;;;;;;;;;;;;;;;;;;;;;;;;
9102156278;B-1179724;UB-CIND-RUA-ANTONIO JOSE -CENTRO;CANSANÇÃO;;JUDICIAL;1;1;0;2;;2025-03-07 00:00:00;ALAN;ANAILTON ;2025-02-13 00:00:00;2025-03-13 00:00:00;;Março 25;0-5 POSTES;;;;;;;;;;;;;;;;;;;;;;;;;;;;;;;;;;;;;;;;;;;;;;;;;;;;;;;;;;
9102157683;B-1181422;UB-CIND-RUA-JOSE BELAU -TAPERA;CANSANÇÃO;;PRIORIDADE PLANO ANEEL;1;1;0;1;;2025-03-21 00:00:00;DICSON;GESONI ;2025-03-14 00:00:00;2025-03-14 00:00:00;;Março 25;0-5 POSTES;;;;;;;;;;;;;;;;;;;;;;;;;;;;;;;;;;;;;;;;;;;;;;;;;;;;;;;;;;
9101947893;B-1100808;ER-CIND-FAZ-MALHADOR-RURAL;FILADÉLFIA;;AIC OBJETIVO;6;9;0;1;;2025-03-21 00:00:00;DICSON;GESONI ;2025-03-13 00:00:00;2025-03-14 00:00:00;;Março 25;6-15 POSTES;;;;;;;;;;;;;;;;;;;;;;;;;;;;;;;;;;;;;;;;;;;;;;;;;;;;;;;;;;
9102091854;B-1152231;UB-CIND-RUA DO POSTO 237-CENTRO-JACARE;FILADÉLFIA;;PRIORIDADE PLANO ANEEL;3;3;1;1;;2025-03-10 00:00:00;DICSON;GESONI ;2025-03-10 00:00:00;2025-03-10 00:00:00;;Março 25;0-5 POSTES;;;;;;;;;;;;;;;;;;;;;;;;;;;;;;;;;;;;;;;;;;;;;;;;;;;;;;;;;;
9102163012;B-1180582;ER-CCOL-FAZ-ALAGADICO DE CIMA-RURAL;FILADÉLFIA;;PRIORIDADE PLANO ANEEL;4;4;1;1;;2025-03-12 00:00:00;DICSON;JOILSON;2025-03-11 00:00:00;2025-03-12 00:00:00;;Março 25;0-5 POSTES;;;;;;;;;;;;;;;;;;;;;;;;;;;;;;;;;;;;;;;;;;;;;;;;;;;;;;;;;;
9101581073;B-0972525;MP-CIND-POV ITAPICURU-ITAPICURU;ITIÚBA;;GOVERNO;34;;2;;;;;GESONI ;2025-03-21 00:00:00;2025-03-31 00:00:00;;Março 25;16-50 POSTES;;;;;;;;;;;;;;;;;;;;;;;;;;;;;;;;;;;;;;;;;;;;;;;;;;;;;;;;;;
9102041389;B-1134653;ER-GOVE-FAZ-ALAGOAS-ALAGOAS;ITIÚBA;;GOVERNO;53;;4;;;;;WAGNER;2025-03-13 00:00:00;2025-03-31 00:00:00;;Março 25;51-100 POSTES;;;;;;;;;;;;;;;;;;;;;;;;;;;;;;;;;;;;;;;;;;;;;;;;;;;;;;;;;;
9102164106;B-1183295;ER-CIND-POV-ALAGADICO-TAQUARI;ITIÚBA;;PRIORIDADE PLANO ANEEL;2;2;1;1;;2025-03-13 00:00:00;ALAN;ISRAEL ;2025-03-07 00:00:00;2025-03-08 00:00:00;;Março 25;0-5 POSTES;;;;;;;;;;;;;;;;;;;;;;;;;;;;;;;;;;;;;;;;;;;;;;;;;;;;;;;;;;
9100436184;B-0592367;MP-CCOL-POV.VARZEA DE FORA-RURAL;ITIÚBA;;REPUTACIONAL;21;21;2;2;;2025-03-29 00:00:00;ALAN;ISRAEL ;2025-03-24 00:00:00;2025-03-28 00:00:00;;Março 25;16-50 POSTES;;;;;;;;;;;;;;;;;;;;;;;;;;;;;;;;;;;;;;;;;;;;;;;;;;;;;;;;;;
9101065082;B-0812057;MP CIND ASSENTAMENTO CASSATINGA-RURAL;ITIÚBA;;REPUTACIONAL;15;15;2;2;;2025-03-21 00:00:00;ALAN;ISRAEL ;2025-03-19 00:00:00;2025-03-22 00:00:00;;Março 25;6-15 POSTES;;;;;;;;;;;;;;;;;;;;;;;;;;;;;;;;;;;;;;;;;;;;;;;;;;;;;;;;;;
9102134160;B-1176815;RR-CIND POV V COMPRIDA VARZEA COMPRIDA;ITIÚBA;;REPUTACIONAL;22;;4;;;;;ISRAEL ;;;;Março 25;16-50 POSTES;;;;;;;;;;;;;;;;;;;;;;;;;;;;;;;;;;;;;;;;;;;;;;;;;;;;;;;;;;
9102161712;B-1184688;ER-CIND-POV-VARZEA FORMOSA 51-RURAL;ITIÚBA;;PRIORIDADE PLANO ANEEL;0;0;1;1;;2025-03-25 00:00:00;DICSON;GESONI ;2025-03-19 00:00:00;2025-03-19 00:00:00;;Março 25;0-5 POSTES;;;;;;;;;;;;;;;;;;;;;;;;;;;;;;;;;;;;;;;;;;;;;;;;;;;;;;;;;;
9102168025;B-1184422;ER-CIND-POV-BOM DESPACHO-BOM DESPACHO;ITIÚBA;;PRIORIDADE PLANO ANEEL;5;;1;;;;;WAGNER;2025-03-10 00:00:00;2025-03-12 00:00:00;;Março 25;0-5 POSTES;;;;;;;;;;;;;;;;;;;;;;;;;;;;;;;;;;;;;;;;;;;;;;;;;;;;;;;;;;
9102154740;B-1183866;ER-CIND-POV-PONTA BAIXA 36-RURAL;ITIÚBA;;PRIORIDADE PLANO ANEEL;2;;1;;;;;ISRAEL ;2025-03-08 00:00:00;2025-03-11 00:00:00;;Março 25;0-5 POSTES;;;;;;;;;;;;;;;;;;;;;;;;;;;;;;;;;;;;;;;;;;;;;;;;;;;;;;;;;;
9102156891;B-1183673;ER-CIND-RUA-DA IGREJA -ADRO S  GONCALO;ITIÚBA;;RECLAMAÇÃO;1;;1;;;;;ISRAEL ;2025-03-06 00:00:00;2025-03-11 00:00:00;;Março 25;0-5 POSTES;;;;;;;;;;;;;;;;;;;;;;;;;;;;;;;;;;;;;;;;;;;;;;;;;;;;;;;;;;
9102106139;B-1158239;ER-CIND-POV-CARRAPATO-RURAL;ITIÚBA;;PRIORIDADE PLANO ANEEL;7;7;4;4;;2025-03-14 00:00:00;DICSON;GESONI ;2025-03-17 00:00:00;2025-03-19 00:00:00;;Março 25;6-15 POSTES;;;;;;;;;;;;;;;;;;;;;;;;;;;;;;;;;;;;;;;;;;;;;;;;;;;;;;;;;;
9102162613;B-1183391;ER-CIND-POV-CARRAPATO-CARRAPATO;ITIÚBA;;PRIORIDADE PLANO ANEEL;2;2;2;2;;2025-03-14 00:00:00;DICSON;GESONI ;2025-03-17 00:00:00;2025-03-19 00:00:00;;Março 25;0-5 POSTES;;;;;;;;;;;;;;;;;;;;;;;;;;;;;;;;;;;;;;;;;;;;;;;;;;;;;;;;;;
9102132348;B-1164780;UB-CIND-RUA-JOAO AVELINO SILVA-CENTRO;ITIÚBA;;PRIORIDADE PLANO ANEEL;7;;11;;;;;ISRAEL ;2025-03-07 00:00:00;2025-03-12 00:00:00;;Março 25;6-15 POSTES;;;;;;;;;;;;;;;;;;;;;;;;;;;;;;;;;;;;;;;;;;;;;;;;;;;;;;;;;;
9102153949;B-1182772;ER-CIND-POV-CAJARANA-SIITO DO FELIX;ITIÚBA;;PRIORIDADE PLANO ANEEL;1;1;1;1;;2025-03-21 00:00:00;DICSON;GESONI ;2025-03-20 00:00:00;2025-03-20 00:00:00;;Março 25;0-5 POSTES;;;;;;;;;;;;;;;;;;;;;;;;;;;;;;;;;;;;;;;;;;;;;;;;;;;;;;;;;;
9102123724;B-1163339;LD CIND POV JOCUNA RURAL;JAGUARARI;;ESTRATÉGICA;6;;6;;;;;REGINALDO;2025-03-21 00:00:00;2025-03-25 00:00:00;;Março 25;6-15 POSTES;;;;;;;;;;;;;;;;;;;;;;;;;;;;;;;;;;;;;;;;;;;;;;;;;;;;;;;;;;
9102074760;B-1142637;ER-CIND-POV-GAMELEIRA-RURAL;JAGUARARI;;SOLICITAÇÃO ATENDIMENTO;1;1;0;1;;2025-03-19 00:00:00;DICSON;REGINALDO;2025-03-19 00:00:00;2025-03-19 00:00:00;;Março 25;0-5 POSTES;;;;;;;;;;;;;;;;;;;;;;;;;;;;;;;;;;;;;;;;;;;;;;;;;;;;;;;;;;
9102158766;B-1180432;ER-CIND-ROD-MINA BARRINHA-RURAL;JAGUARARI;;PRIORIDADE PLANO ANEEL;1;1;1;1;;2025-03-17 00:00:00;DICSON;REGINALDO;2025-03-20 00:00:00;2025-03-20 00:00:00;;Março 25;0-5 POSTES;;;;;;;;;;;;;;;;;;;;;;;;;;;;;;;;;;;;;;;;;;;;;;;;;;;;;;;;;;
9003901510;B-0477336;MP-CCOL-POV CURRAL FALSO AROEIRA-RURAL;MONTE SANTO;;REPUTACIONAL;281;;46;;;;;OSMAR ;;;;Março 25;ACIMA 100 POSTES;;;;;;;;;;;;;;;;;;;;;;;;;;;;;;;;;;;;;;;;;;;;;;;;;;;;;;;;;;
9102103056;B-1152424;LD - CIND POV  PERIPERI - RURAL;MONTE SANTO;;ESTRATÉGICA;1;;1;;;;;OSMAR ;2025-03-22 00:00:00;2025-03-22 00:00:00;;Março 25;0-5 POSTES;;;;;;;;;;;;;;;;;;;;;;;;;;;;;;;;;;;;;;;;;;;;;;;;;;;;;;;;;;
9100995051;B-0787131;MP-CCOL-POV.SERRA GRANDE-RURAL;MONTE SANTO;;REPUTACIONAL;16;16;2;2;;2025-03-29 00:00:00;ALAN;OSMAR ;2025-03-24 00:00:00;2025-03-27 00:00:00;;Março 25;16-50 POSTES;;;;;;;;;;;;;;;;;;;;;;;;;;;;;;;;;;;;;;;;;;;;;;;;;;;;;;;;;;
9102156488;B-1185105;ER-CIND-POV-PANTANAL-RURAL;MONTE SANTO;;PRIORIDADE PLANO ANEEL;3;3;1;1;;2025-03-31 00:00:00;DICSON;DIEGO;2025-03-22 00:00:00;2025-03-22 00:00:00;;Março 25;0-5 POSTES;;;;;;;;;;;;;;;;;;;;;;;;;;;;;;;;;;;;;;;;;;;;;;;;;;;;;;;;;;
9102156917;B-1184458;ER-CIND-FAZ-LAGOA DA VOLTA-RURAL;MONTE SANTO;;SOLICITAÇÃO ATENDIMENTO;7;;1;;;;;OSMAR ;2025-03-06 00:00:00;2025-03-12 00:00:00;;Março 25;6-15 POSTES;;;;;;;;;;;;;;;;;;;;;;;;;;;;;;;;;;;;;;;;;;;;;;;;;;;;;;;;;;
9101737748;B-1013407;RR-CIND-POV-TOCAS-RURAL;MONTE SANTO;;REPUTACIONAL;17;17;0;6;;2025-03-31 00:00:00;DICSON;OSMAR /GERSONI;2025-03-28 00:00:00;2025-03-31 00:00:00;;Março 25;16-50 POSTES;;;;;;;;;;;;;;;;;;;;;;;;;;;;;;;;;;;;;;;;;;;;;;;;;;;;;;;;;;
9102065832;B-1143227;ER-CIND-POV-BOM SUCESSO-I E II;MONTE SANTO;;RECLAMAÇÃO;2;;1;;;;;OSMAR ;2025-03-21 00:00:00;2025-03-21 00:00:00;;Março 25;0-5 POSTES;;;;;;;;;;;;;;;;;;;;;;;;;;;;;;;;;;;;;;;;;;;;;;;;;;;;;;;;;;
9102167589;B-1183537;ER-CIND-FAZ-POCO DANTAS-RURAL;MONTE SANTO;;PRIORIDADE PLANO ANEEL;3;;1;;;;;OSMAR ;2025-03-13 00:00:00;2025-03-13 00:00:00;;Março 25;0-5 POSTES;;;;;;;;;;;;;;;;;;;;;;;;;;;;;;;;;;;;;;;;;;;;;;;;;;;;;;;;;;
9102106606;B-1157312;AC-CIND-POV-LAGOA DO SACO-RURAL;MONTE SANTO;;DIA C;5;5;4;4;;2025-03-31 00:00:00;DICSON;JOSE SILVA ;2025-03-19 00:00:00;2025-03-19 00:00:00;;Março 25;0-5 POSTES;;;;;;;;;;;;;;;;;;;;;;;;;;;;;;;;;;;;;;;;;;;;;;;;;;;;;;;;;;
9102160174;B-1183032;ER-CIND-FAZ JUREMA DO ALTO ALEGRE-RURAL;MONTE SANTO;;PRIORIDADE PLANO ANEEL;2;4;1;2;;2025-03-15 00:00:00;ALAN;OSMAR ;2025-03-14 00:00:00;2025-03-14 00:00:00;;Março 25;0-5 POSTES;;;;;;;;;;;;;;;;;;;;;;;;;;;;;;;;;;;;;;;;;;;;;;;;;;;;;;;;;;
9102162534;B-1180132;ER-CIND-POV-LAGE-RURAL;MONTE SANTO;;PRIORIDADE PLANO ANEEL;4;4;1;1;;2025-03-17 00:00:00;ALAN;OSMAR ;2025-03-06 00:00:00;2025-03-11 00:00:00;;Março 25;0-5 POSTES;;;;;;;;;;;;;;;;;;;;;;;;;;;;;;;;;;;;;;;;;;;;;;;;;;;;;;;;;;
9102151378;B-1180261;ER-CIND-POV-BOQUEIRAO 1103-RURAL;MONTE SANTO;;PRIORIDADE PLANO ANEEL;1;;1;;;;;OSMAR ;2025-03-20 00:00:00;2025-03-20 00:00:00;;Março 25;0-5 POSTES;;;;;;;;;;;;;;;;;;;;;;;;;;;;;;;;;;;;;;;;;;;;;;;;;;;;;;;;;;
9102153366;B-1182012;ER-CIND-POV-LAGE-RURAL;MONTE SANTO;;PRIORIDADE PLANO ANEEL;2;4;1;2;;2025-03-15 00:00:00;ALAN;OSMAR ;2025-03-06 00:00:00;2025-03-11 00:00:00;;Março 25;0-5 POSTES;;;;;;;;;;;;;;;;;;;;;;;;;;;;;;;;;;;;;;;;;;;;;;;;;;;;;;;;;;
9102156715;B-1181327;AC-CIND-POV-LAGOA DO SACO 62-RURAL CX TE;MONTE SANTO;;PRIORIDADE PLANO ANEEL;3;3;0;1;;2025-03-31 00:00:00;DICSON;JOSE SILVA ;2025-03-18 00:00:00;2025-03-18 00:00:00;;Março 25;0-5 POSTES;;;;;;;;;;;;;;;;;;;;;;;;;;;;;;;;;;;;;;;;;;;;;;;;;;;;;;;;;;
9101680413;B-1066471;MP-CCOL RUA DO CAMPO RURAL;NORDESTINA;;GOVERNO;29;;16;;;;;MARCELO;2025-03-24 00:00:00;2025-03-28 00:00:00;;Março 25;16-50 POSTES;;;;;;;;;;;;;;;;;;;;;;;;;;;;;;;;;;;;;;;;;;;;;;;;;;;;;;;;;;
9101774517;B-1063282;MP CIND POV FAZEDINHA RURAL;NORDESTINA;;GOVERNO;18;;4;;;;;ANAILTON ;2025-03-25 00:00:00;2025-03-29 00:00:00;;Março 25;16-50 POSTES;;;;;;;;;;;;;;;;;;;;;;;;;;;;;;;;;;;;;;;;;;;;;;;;;;;;;;;;;;
9102156475;B-1184767;ER-CIND-FAZ-COSTA 40-RUARAL-NORDESTINA;NORDESTINA;;PRIORIDADE PLANO ANEEL;1;1;1;1;;2025-03-07 00:00:00;ALAN;ANAILTON ;2025-03-31 00:00:00;2025-03-31 00:00:00;;Março 25;0-5 POSTES;;;;;;;;;;;;;;;;;;;;;;;;;;;;;;;;;;;;;;;;;;;;;;;;;;;;;;;;;;
9102091353;B-1152856;AC-CIND-POV-ANGIGAL-RURAL;NORDESTINA;;TRANSGRESSÃO;4;;0;;;;;MARCELO;2025-03-12 00:00:00;2025-03-13 00:00:00;;Março 25;0-5 POSTES;;;;;;;;;;;;;;;;;;;;;;;;;;;;;;;;;;;;;;;;;;;;;;;;;;;;;;;;;;
9101918653;B-1086353;LD - CIND POV  CARNAÍBA - RURAL;PINDOBAÇU;;NOVOS QUESTIONAMENTOS ANEEL;10;;4;;;;;JOSE SILVA ;2025-03-26 00:00:00;2025-03-31 00:00:00;;Março 25;6-15 POSTES;;;;;;;;;;;;;;;;;;;;;;;;;;;;;;;;;;;;;;;;;;;;;;;;;;;;;;;;;;
9102161705;B-1184908;ER-CIND-POV-DE LAGINHA-RURAL;PINDOBAÇU;;PRIORIDADE PLANO ANEEL;2;2;1;2;;2025-03-14 00:00:00;DICSON;JOSE SILVA ;2025-03-19 00:00:00;2025-03-19 00:00:00;;Março 25;0-5 POSTES;;;;;;;;;;;;;;;;;;;;;;;;;;;;;;;;;;;;;;;;;;;;;;;;;;;;;;;;;;
9102109527;B-1157778;ER-CIND-RUA-APOLONIO 316-CENTRO-JATOBA;PINDOBAÇU;;RECLAMAÇÃO;1;1;0;1;;2025-03-18 00:00:00;DICSON;JOSE SILVA ;2025-03-25 00:00:00;2025-03-25 00:00:00;;Março 25;0-5 POSTES;;;;;;;;;;;;;;;;;;;;;;;;;;;;;;;;;;;;;;;;;;;;;;;;;;;;;;;;;;
9102141476;B-1173807;UB-RUA-ISMAEL LOPES-CENTRO-PINDOBACU;PINDOBAÇU;;PRIORIDADE PLANO ANEEL;3;3;4;4;;2025-03-14 00:00:00;DICSON;JOSE SILVA ;2025-03-17 00:00:00;2025-03-18 00:00:00;;Março 25;0-5 POSTES;;;;;;;;;;;;;;;;;;;;;;;;;;;;;;;;;;;;;;;;;;;;;;;;;;;;;;;;;;
9102159284;B-1182410;ER-CIND-POV-VARZEA CUMPRIDA-RURAL;PONTO NOVO;;PRIORIDADE PLANO ANEEL;6;6;1;10;;2025-03-18 00:00:00;DICSON;GESONI ;2025-03-07 00:00:00;2025-03-08 00:00:00;;Março 25;6-15 POSTES;;;;;;;;;;;;;;;;;;;;;;;;;;;;;;;;;;;;;;;;;;;;;;;;;;;;;;;;;;
9102167635;B-1185080;ER-CIND-FAZ-MANDINGA 50033-RURAL;PONTO NOVO;;PRIORIDADE PLANO ANEEL;1;1;1;1;;2025-03-04 00:00:00;DICSON;WAGNER;2025-03-05 00:00:00;2025-03-06 00:00:00;;Março 25;0-5 POSTES;;;;;;;;;;;;;;;;;;;;;;;;;;;;;;;;;;;;;;;;;;;;;;;;;;;;;;;;;;
9102165536;B-1183344;ER-CIND-RUA-NOVA-BARRACAS;PONTO NOVO;;PRIORIDADE PLANO ANEEL;1;1;1;1;;2025-03-04 00:00:00;DICSON;WAGNER;2025-03-05 00:00:00;2025-03-06 00:00:00;;Março 25;0-5 POSTES;;;;;;;;;;;;;;;;;;;;;;;;;;;;;;;;;;;;;;;;;;;;;;;;;;;;;;;;;;
9100709091;B-0686033;MP-CCOL-FAZ. VÁRZEA DA NOVILHA COMPL.RUR;QUEIMADAS;;REPUTACIONAL;86;;8;;;;;JEFERSON ;2025-03-10 00:00:00;2025-03-25 00:00:00;;Março 25;51-100 POSTES;;;;;;;;;;;;;;;;;;;;;;;;;;;;;;;;;;;;;;;;;;;;;;;;;;;;;;;;;;
9101388734;B-0939786;RR-CIND-FAZ LARANJEIRAS-RURAL-QMD;QUEIMADAS;;JUDICIAL;14;14;1;1;;2025-03-29 00:00:00;ALAN;JEFERSON ;2025-03-26 00:00:00;2025-03-31 00:00:00;;Março 25;6-15 POSTES;;;;;;;;;;;;;;;;;;;;;;;;;;;;;;;;;;;;;;;;;;;;;;;;;;;;;;;;;;
9102091063;B-1148095;ER-CIND-FAZ-MORRINHO-PEROLANDIA;QUEIMADAS;;SOLICITAÇÃO ATENDIMENTO;8;;1;;;;;MARCELO;2025-03-26 00:00:00;2025-03-31 00:00:00;;Março 25;6-15 POSTES;;;;;;;;;;;;;;;;;;;;;;;;;;;;;;;;;;;;;;;;;;;;;;;;;;;;;;;;;;
9102105564;B-1155396;UB-CIND-RUA-J M DE ANDRADE-QUEIMADAS;QUEIMADAS;;REPUTACIONAL;3;;1;;;;;MARCELO;2025-03-14 00:00:00;2025-03-14 00:00:00;;Março 25;0-5 POSTES;;;;;;;;;;;;;;;;;;;;;;;;;;;;;;;;;;;;;;;;;;;;;;;;;;;;;;;;;;
9102158236;B-1181827;AC-CIND-RUA-OSVALDO JOSE -NOVA QUEIMADA;QUEIMADAS;;PRIORIDADE PLANO ANEEL;0;;0;;;;;MARCELO;2025-03-10 00:00:00;2025-03-11 00:00:00;;Março 25;0-5 POSTES;;;;;;;;;;;;;;;;;;;;;;;;;;;;;;;;;;;;;;;;;;;;;;;;;;;;;;;;;;
9101910191;B-1090786;MP  CIND POV . LAGOA DAS CABRAS RURAL;QUEIMADAS;;REPUTACIONAL;31;31;1;1;;2025-03-31 00:00:00;ALAN;ANAILTON /JEFFERSON;2025-03-17 00:00:00;2025-03-22 00:00:00;;Março 25;16-50 POSTES;;;;;;;;;;;;;;;;;;;;;;;;;;;;;;;;;;;;;;;;;;;;;;;;;;;;;;;;;;
9102094057;B-1148189;ER-CIND-POV-QUEIMADA GRANDE-QUEIMADA GRA;SENHOR DO BONFIM;;REPUTACIONAL;6;6;1;1;;2025-03-12 00:00:00;DICSON;JOILSON;2025-03-18 00:00:00;2025-03-18 00:00:00;;Março 25;6-15 POSTES;;;;;;;;;;;;;;;;;;;;;;;;;;;;;;;;;;;;;;;;;;;;;;;;;;;;;;;;;;
9102163635;B-1184232;ER-CIND-RUA-SOCOTO 244-SOCOTO;SENHOR DO BONFIM;;PRIORIDADE PLANO ANEEL;2;2;1;1;;2025-03-04 00:00:00;DICSON;JOILSON;2025-03-07 00:00:00;2025-03-07 00:00:00;;Março 25;0-5 POSTES;;;;;;;;;;;;;;;;;;;;;;;;;;;;;;;;;;;;;;;;;;;;;;;;;;;;;;;;;;
9102158936;B-1183941;ER-CIND-POV-LAGOA DO COXO-RURAL;SENHOR DO BONFIM;;PRIORIDADE PLANO ANEEL;3;3;1;1;;2025-03-03 00:00:00;DICSON;JOILSON;;2025-03-07 00:00:00;;Março 25;0-5 POSTES;;;;;;;;;;;;;;;;;;;;;;;;;;;;;;;;;;;;;;;;;;;;;;;;;;;;;;;;;;
9102082999;B-1150105;RR-CIND-ROD-BR 407-RURAL;SENHOR DO BONFIM;;TRANSGRESSÃO;1;;0;;;;;REGINALDO;2025-03-19 00:00:00;2025-03-19 00:00:00;;Março 25;0-5 POSTES;;;;;;;;;;;;;;;;;;;;;;;;;;;;;;;;;;;;;;;;;;;;;;;;;;;;;;;;;;
9102163609;B-1183439;ER-CIND-POV-PASSAGEM VELHA-RURAL;SENHOR DO BONFIM;;PRIORIDADE PLANO ANEEL;6;6;1;1;;2025-03-06 00:00:00;DICSON;JOILSON;2025-03-12 00:00:00;2025-03-12 00:00:00;;Março 25;6-15 POSTES;;;;;;;;;;;;;;;;;;;;;;;;;;;;;;;;;;;;;;;;;;;;;;;;;;;;;;;;;;
9102132441;B-1166716;ER-CIND-POV-TEIU-RURAL;SENHOR DO BONFIM;;GOVERNO;8;8;2;2;;2025-03-11 00:00:00;DICSON;REGINALDO;2025-03-13 00:00:00;2025-03-14 00:00:00;;Março 25;6-15 POSTES;;;;;;;;;;;;;;;;;;;;;;;;;;;;;;;;;;;;;;;;;;;;;;;;;;;;;;;;;;
9102161097;B-1182460;ER-CIND-POV-AGUA BRANCA-RURAL;SENHOR DO BONFIM;;PRIORIDADE PLANO ANEEL;4;4;1;1;;2025-03-06 00:00:00;DICSON;JOILSON;2025-03-17 00:00:00;2025-03-17 00:00:00;;Março 25;0-5 POSTES;;;;;;;;;;;;;;;;;;;;;;;;;;;;;;;;;;;;;;;;;;;;;;;;;;;;;;;;;;
9102148481;B-1182140;AC-CIND-FAZ-BARAUNA 50-RURAL;SENHOR DO BONFIM;;PRIORIDADE PLANO ANEEL;0;0;1;1;;2025-03-08 00:00:00;DICSON;REGINALDO;2025-03-08 00:00:00;2025-03-08 00:00:00;;Março 25;0-5 POSTES;;;;;;;;;;;;;;;;;;;;;;;;;;;;;;;;;;;;;;;;;;;;;;;;;;;;;;;;;;
9102148935;B-1181338;UB-CIND-RUA-MARIO SAN 13-S O JORGE;SENHOR DO BONFIM;;PRIORIDADE PLANO ANEEL;3;;1;;;;;REGINALDO;2025-03-10 00:00:00;2025-03-11 00:00:00;;Março 25;0-5 POSTES;;;;;;;;;;;;;;;;;;;;;;;;;;;;;;;;;;;;;;;;;;;;;;;;;;;;;;;;;;
9101874275;B-1075226;MP CIND POV CALDEIRÃOZINHO RURAL;ITIÚBA;;REPUTACIONAL;15;15;;1;;2025-03-31 00:00:00;DICSON;ISRAEL /WAGNER;2025-03-13 00:00:00;2025-03-18 00:00:00;;Março 25;6-15 POSTES;;;;;;;;;;;;;;;;;;;;;;;;;;;;;;;;;;;;;;;;;;;;;;;;;;;;;;;;;;
;B-1160634;POV. LIMOEIRO ;CAMPO FORMOSO;;;51;55;;0;;2025-03-31 00:00:00;DICSON;JOSE SILVA ;2025-01-13 00:00:00;2025-03-31 00:00:00;;Março 25;51-100 POSTES;;;;;;;;;;;;;;;;;;;;;;;;;;;;;;;;;;;;;;;;;;;;;;;;;;;;;;;;;;
9101959951;B-1107362;RR-SEIN-POV-LAGOA DO PEIXE-RURAL;SENHOR DO BONFIM;;REPUTACIONAL;35;36;;28;;2025-03-07 00:00:00;DICSON;REGINALDO;2025-03-10 00:00:00;2025-03-08 00:00:00;;Março 25;16-50 POSTES;;;;;;;;;;;;;;;;;;;;;;;;;;;;;;;;;;;;;;;;;;;;;;;;;;;;;;;;;;
9101675556;B-1042982;MP-CIND-POV-CACIMBAS-RURAL;ITIÚBA;;REPUTACIONAL;50;45;;5;;2025-03-10 00:00:00;ALAN;ISRAEL / GERSONI;;2025-03-10 00:00:00;;Março 25;16-50 POSTES;;;;;;;;;;;;;;;;;;;;;;;;;;;;;;;;;;;;;;;;;;;;;;;;;;;;;;;;;;
;B-1161894;ER-CIND-POV-LAGE DO ANTONIO -LAGE;MONTE SANTO;;;;1;;1;;2025-03-14 00:00:00;ALAN;OSMAR ;;;;Março 25;;;;;;;;;;;;;;;;;;;;;;;;;;;;;;;;;;;;;;;;;;;;;;;;;;;;;;;;;;;
;B-1189378;AC-CIND-POV-BREJO DOS COELHOS-RURAL;ANTÔNIO GONÇALVES;;;;0;;1;;2025-03-18 00:00:00;DICSON;JOILSON;;;;Março 25;;;;;;;;;;;;;;;;;;;;;;;;;;;;;;;;;;;;;;;;;;;;;;;;;;;;;;;;;;;
9101908619;B-1089356;MP-CCOL-FAZ.VARZEA DA NOVILHA RURAL;QUEIMADAS;;ESTADUAL;43;43;;3;;2025-03-26 00:00:00;ALAN;MARCELO;;;;Março 25;;;;;;;;;;;;;;;;;;;;;;;;;;;;;;;;;;;;;;;;;;;;;;;;;;;;;;;;;;;
;B-1191130;ER-CIND-POV-ALTO SAO GONCALO-RURAL;ITIÚBA;;;;3;;1;;2025-03-31 00:00:00;DICSON;ISRAEL;;;;Março 25;;;;;;;;;;;;;;;;;;;;;;;;;;;;;;;;;;;;;;;;;;;;;;;;;;;;;;;;;;;
;;;;;;;;;;;;;;;;;Março 25;;;;;;;;;;;;;;;;;;;;;;;;;;;;;;;;;;;;;;;;;;;;;;;;;;;;;;;;;;;
;;;;;;;;;;;;;;;;;Março 25;;;;;;;;;;;;;;;;;;;;;;;;;;;;;;;;;;;;;;;;;;;;;;;;;;;;;;;;;;;
9102042813;B-1134465;ER-CIND-POV-CAIXAO-RURAL;CANSANÇÃO;;;;;;;;;;;;;;Março 25;;;;;;;;;;;;;;;;;;;;;;;;;;;;;;;;;;;;;;;;;;;;;;;;;;;;;;;;;;;
9101874275;B-1075226;MP CIND POV CALDEIRÃOZINHO RURAL;ITIÚBA;;;;;;;;;;;;;;Março 25;;;;;;;;;;;;;;;;;;;;;;;;;;;;;;;;;;;;;;;;;;;;;;;;;;;;;;;;;;;
9101910191;B-1090786;MP  CIND POV . LAGOA DAS CABRAS RURAL;QUEIMADAS;;;;;;;;;;;;;;Março 25;;;;;;;;;;;;;;;;;;;;;;;;;;;;;;;;;;;;;;;;;;;;;;;;;;;;;;;;;;;
9102131406;B-1160399;UB-CIND-RUA-ANA IZABEL MUNIZ-CENTRO;FILADÉLFIA;;;;;;;;;;;;;;Março 25;;;;;;;;;;;;;;;;;;;;;;;;;;;;;;;;;;;;;;;;;;;;;;;;;;;;;;;;;;;
9102134827;B-1165543;UB-CIND-RUA-SIMOES-N S DA CONCEI  O;ITIÚBA;;;;;;;;;;;;;;Março 25;;;;;;;;;;;;;;;;;;;;;;;;;;;;;;;;;;;;;;;;;;;;;;;;;;;;;;;;;;;
9102121141;B-1161715;ER-CIND-POV-ENGORDA-RURAL;MONTE SANTO;;;;;;;;;;;;;;Março 25;;;;;;;;;;;;;;;;;;;;;;;;;;;;;;;;;;;;;;;;;;;;;;;;;;;;;;;;;;;
9102106606;B-1157312;AC-CIND-POV-LAGOA DO SACO-RURAL;MONTE SANTO;;;;;;;;;;;;;;Março 25;;;;;;;;;;;;;;;;;;;;;;;;;;;;;;;;;;;;;;;;;;;;;;;;;;;;;;;;;;;
9102084887;B-1149258;ER-SEIN-FAZ-LAGOA DOS BOIS-RURAL;NORDESTINA;;;;;;;;;;;;;;Março 25;;;;;;;;;;;;;;;;;;;;;;;;;;;;;;;;;;;;;;;;;;;;;;;;;;;;;;;;;;;
9102090398;B-1152255;ER-CIND-AV-OTAVIO FERREIRA-URBANO;QUEIMADAS;;;;;;;;;;;;;;Março 25;;;;;;;;;;;;;;;;;;;;;;;;;;;;;;;;;;;;;;;;;;;;;;;;;;;;;;;;;;;
;B-1044483;;;PLANO 14;;;;;;R$ 3.522.354,62;30/04/2025;JOÃO;ALDAIR + EDVALDO;;;;Abril 25;;MP-CCOL-POV.CACIMBINHA-RURAL;CAMPO FORMOSO;Energizada;Realizado;*;;LV + ENERG;;27;;;323;0;;;;;100%;0%;R$ 880.588,66;abr./25;01/03/2025;05/04/2025;HIAGO;01/03/2025;;TRUE;TRUE;FALSE;FALSE;D010745;-9.9124989;-40.6843068;;;;;;;;;;;;;;;;;;;;;;;;;
;B-1127905;;;PLANO 14;;;;;;R$ 259.844,28;;JOÃO;JOSE SILVA;;;;Abril 25;;RR-CCOL-POV-BARAUNA-RURAL;ANDORINHAS;Em execução;Pendente;45474/45475;;LV + ENERG;;4;;;38;0;;;;;50%;0%;R$ 64.961,07;abr./25;03/04/2025;26/05/2025;DIORLAN;08/04/2025;Sim;TRUE;TRUE;FALSE;FALSE;D565526;-10.2215332;-39.9953837;;;;;;;;;;;;;;;;;;;;;;;;;
;B-1160399;;;PLANO 7;;;;;;R$ 114.492,27;09/04/2025;JOÃO;BADU;;;;Abril 25;;UB-CIND-RUA-ANA IZABEL MUNIZ-CENTRO;FILADÉLFIA;Energizada;Realizado;;32528 09/04;DESLG. 09/04 + LV;;1;;;4;0;;;;;100%;0%;R$ 28.623,07;abr./25;07/04/2025;09/04/2025;LUDIMILA;07/04/2025;;TRUE;TRUE;TRUE;FALSE;Q053010;-10.7406578;-40.1320495;;;;;;;;;;;;;;;;;;;;;;;;;
;B-1152424;;;PLANO 7;;;;;;R$ 33.804,70;04/04/2025;DICSON;GESONI;;;;Abril 25;;LD - CIND POV PERIPERI - RURAL;MONTE SANTO;Energizada;Realizado;;;LV + ENERGIZAÇÃO;;1;;;1;1;;;;;100%;0%;R$ 8.451,18;mar./25;01/03/2025;31/03/2025;ADISON;;;TRUE;TRUE;TRUE;FALSE;A189384;-10,5117465;-39,5420435;;;;;;;;;;;;;;;;;;;;;;;;;
;B-1078156;;;PLANO 14;;;;;;R$ 97.029,27;30/04/2025;JOÃO;BADU;;;;Abril 25;;LD CIND POV ALAGADIÇO RURAL JQR;JAGUARARI;Energizada;Pendente;2025-39888/2025-39889;;LV + ENERG;;1;;;13;0;;;;;100%;0%;R$ 24.257,32;abr./25;02/04/2025;11/04/2025;DIORLAN;10/04/2025;Sim;TRUE;TRUE;FALSE;FALSE;D179260;-10.0647744;-40.1924558;;;;;;;;;;;;;;;;;;;;;;;;;
;B-1179348;;;PLANO 7;;;;;;R$ 40.852,13;04/04/2025;JOÃO;BADU;;;;Abril 25;;ER-CCOL-ET-ADUTORA MINA CARAIBA-RURAL;JAGUARARI;Energizada;Realizado;;;LV + ENERG;;1;;;6;0;;;;;100%;0%;R$ 10.213,03;abr./25;01/04/2025;12/04/2025;DIORLAN;01/04/2025;;TRUE;TRUE;FALSE;FALSE;Q067034;-9.8123444;-40.003984;;;;;;;;;;;;;;;;;;;;;;;;;
;B-1123289;;;PLANO 7;;;;;;R$ 130.029,31;30/04/2025;DICSON;ANAILTON;;;;Abril 25;;ER-CIND-POV-PARELHA-RURAL;CANSANÇÃO;Energizada;Realizado;45398/45399;;LV + ENERG;;1;;;13;0;;;;;100%;0%;R$ 32.507,33;abr./25;01/04/2025;08/04/2025;GUTEMBERG;07/04/2025;;TRUE;TRUE;FALSE;FALSE;D189057;-10.6269935;-39.5479689;;;;;;;;;;;;;;;;;;;;;;;;;
;B-1093080;;;PLANO 14;;;;;;R$ 51.709,46;30/04/2025;JOÃO;BADU;;;;Abril 25;;ER-CCOL-FAZ-VARZEA NOVA-RURAL;PINDODAÇU;Energizada;Realizado;;;LV + ENERGIZAÇAO;;5;;;6;0;;;;;100%;0%;R$ 12.927,37;abr./25;07/04/2025;18/04/2025;ANDERSON;02/04/2025;;TRUE;TRUE;FALSE;FALSE;D595807;-10,7519593;-40,3589326;;;;;;;;;;;;;;;;;;;;;;;;;
;B-1143227;;;PLANO 14;;;;;;R$ 22.819,74;03/04/2025;DICSON;GESONI;;;;Abril 25;;ER-CIND-POV-BOM SUCESSO-I E II;MONTE SANTO;Energizada;Realizado;;;LV + ENERGIZAÇÃO;;1;;;2;2;;;;;100%;0%;R$ 5.704,94;mar./25;01/03/2025;31/03/2025;ADISON;;;TRUE;TRUE;TRUE;FALSE;D196167;-10,3721488;-39,1971232;;;;;;;;;;;;;;;;;;;;;;;;;
;B-1134653;;;PLANO 14;;;;;;R$ 449.784,53;;JOÃO;ISRAEL;;;;Abril 25;;ER-GOVE-FAZ-ALAGOAS-ALAGOAS;ITIÚBA;Em execução;Pendente;45476/45479;;LV + ENERG;;4;;;53;0;;;;;100%;0%;R$ 112.446,13;abr./25;02/04/2025;26/04/2025;LUDIMILA;07/04/2025;;TRUE;TRUE;FALSE;FALSE;D200297;-10.5937937;-39.7930004;;;;;;;;;;;;;;;;;;;;;;;;;
;B-1159887;;;PLANO 8;;;;;;R$ 35.446,09;30/04/2025;JOÃO;BADU;;;;Abril 25;;ME-COEL-RUA-CANDIDO FONSECA-MERCADO;SENHOR DO BONFIM;Energizada;;;39581 23/04;DESLIG. TROCA DE TF + BARRAMENTO 03/04;;0;;;0;0;;;;;100%;0%;R$ 8.861,52;abr./25;03/04/2025;03/04/2025;FERNANDA;01/04/2025;;TRUE;TRUE;TRUE;FALSE;Q042701;-10.4578204;-40.1812621;;;;;;;;;;;;;;;;;;;;;;;;;
;B-1148579;;;PLANO 7;;;;;;R$ 18.208,65;30/04/2025;JOÃO;BADU;;;;Abril 25;;ER-CIND-RUA-CATUNY-CENTRO-ESTIVA;SENHOR DO BONFIM;Energizada;Realizado;45461;;LV + DESLG (Não Precisa de LV);;1;;;1;0;;;;;100%;0%;R$ 4.552,16;abr./25;;;FERNANDA;?;;FALSE;TRUE;FALSE;FALSE;Q044272;-10.359970;-40.171431;;;;;;;;;;;;;;;;;;;;;;;;;
;B-1007792;;;PLANO 7;;;;;;R$ 23.647,36;30/04/2025;JOÃO;EDVALDO;;;;Abril 25;;ER-CCOL-POV-QUIXABEIRA -RURAL;CAMPO FORMOSO;Energizada;;;33864 08/04;DESLIG. 08/04;;1;;;3;0;;;;;100%;0%;R$ 5.911,84;abr./25;07/04/2025;08/04/2025;HIAGO;10/04/2025;Sim;TRUE;TRUE;TRUE;FALSE;D301550;-9.9648812;-40.5897338;;;;;;;;;;;;;;;;;;;;;;;;;
;B-1063282;;;PLANO 14;;;;;;R$ 145.809,63;30/04/2025;DICSON;MARCELO;;;;Abril 25;;MP CIND POV FAZEDINHA RURAL;NORDESTINA;Energizada;Pendente;45386/45387/45388;;LV + ENERGIZAÇÃO;;4;;;16;0;;;;;100%;0%;R$ 36.452,41;mar./25;01/03/2025;30/04/2025;GUTEMBERG;14/04/2025;Solicitado;FALSE;TRUE;FALSE;FALSE;Q102337;-10,8232852;-39,4457387;;;;;;;;;;;;;;;;;;;;;;;;;
;B-0724629;;;PLANO 14;;;;;;R$ 230.849,09;;JOÃO;WAGNER;;;;Abril 25;;MP-CCOL-PO ALAGADICO 222-RURAL;ITIÚBA;Em execução;Pendente;45417/45420/45421/45424/45425;;LV + ENERG + TRANS DE REDE;;10;;;33;0;;;;;50%;0%;R$ 57.712,27;abr./25;14/04/2025;30/05/2025;LUDIMILA;03/04/2025;;TRUE;TRUE;FALSE;FALSE;Q093587;-10.621766;-39.7793679;;;;;;;;;;;;;;;;;;;;;;;;;
;B-1190908;;;PLANO 7;;;;;;R$ 28.002,34;30/04/2025;JOÃO;ISRAEL;;;;Abril 25;;ER-CIND-RUA-CAPITAO ARISTIDES-COVAS;ITIÚBA;Energizada;;;40491 22/04;DESLIG. SUBS DE TRAFO 08-04;;1;;;0;0;;;;;100%;0%;R$ 7.000,59;abr./25;08/04/2025;08/04/2025;LUDIMILA;;;FALSE;TRUE;FALSE;FALSE;Q053883;-10.8629581;-40.0134818;;;;;;;;;;;;;;;;;;;;;;;;;
;B-1152856;;;PLANO 7;;;;;;R$ 1.396.641,65;;DICSON;MARCELO;;;;Abril 25;;AC-CIND-POV-ANGIGAL-RURAL;NORDESTINA;Paralisada;Pendente;45383/45385;;LV (REGULADOR DE TENSAO);;0;;;4;0;;;;;0%;62%;R$ 349.160,41;mar./25;01/03/2025;;GUTEMBERG;?;;FALSE;TRUE;TRUE;FALSE;Q106463;-10,9446747;-39,4145806;;;;;;;;;;;;;;;;;;;;;;;;;
;B-1181827;;;PLANO 7;;;;;;R$ 8.835,60;30/04/2025;DICSON;MARCELO;;;;Abril 25;;AC-CIND-RUA-OSVALDO JOSE -NOVA QUEIMADA;QUEIMADAS;Energizada;;;44277 30/04;DESLIG. DO TF 1170 CHI;;0;;;1;0;;;;;100%;0%;R$ 2.208,90;mar./25;01/03/2025;30/04/2025;GUTEMBERG;14/04/2025;Solicitado;FALSE;TRUE;FALSE;FALSE;Q097059;-10.979952;-39.620984;;;;;;;;;;;;;;;;;;;;;;;;;
;B-1174977;;;PLANO 7;;;;;;R$ 10.119,55;;JOÃO;BADU;;;;Abril 25;;ER-CIND-POV-JAGUARARI 119-RURAL;JAGUARARI;Paralisada;;37356;;ENCAB BT;;1;;;1;0;;;;;0%;0%;R$ 2.529,89;abr./25;04/04/2025;04/05/2025;DIORLAN;01/04/2025;;TRUE;TRUE;TRUE;FALSE;D366171;-10.2551031;-40.2011621;;;;;;;;;;;;;;;;;;;;;;;;;
;B-0477336;;;PLANO 14;;;;;;R$ 1.077.227,77;;DICSON;ANAILTON + BOB;;;;Abril 25;;MP-CCOL-POV CURRAL FALSO AROEIRA-RURAL;MONTE SANTO;Em execução;Pendente;*;;DESLIG. DO TF;;46;;;281;403;;;;;60%;100%;R$ 269.306,94;abr./25;08/04/2025;31/05/2025;ADISON;31/03/2025;;TRUE;TRUE;FALSE;FALSE;D149983;-10.5538389;-39.2735588;;;;;;;;;;;;;;;;;;;;;;;;;
;B-1161715;;;PLANO 7;;;;;;R$ 19.656,30;10/04/2025;DICSON;BOB;;;;Abril 25;;ER-CIND-POV-ENGORDA-RURAL;MONTE SANTO;Energizada;;;;ENCAB BT;;1;;;2;0;;;;;100%;0%;R$ 4.914,08;abr./25;03/04/2025;04/04/2025;ADISON;31/03/2025;;TRUE;TRUE;TRUE;FALSE;Q108492;-10.5590253;-39.3004369;;;;;;;;;;;;;;;;;;;;;;;;;
;B-0913817;;;PLANO 14;;;;;;R$ 60.351,13;30/04/2025;DICSON;BOB;;;;Abril 25;;RR-CIND-FAZ PEDRA-LAGE-MTS;MONTE SANTO;Energizada;Realizado;45400/45401/45402;;LV + ENERG;;1;;;13;0;;;;;100%;0%;R$ 15.087,78;abr./25;08/04/2025;12/04/2025;ADISON;07/04/2025;;TRUE;TRUE;FALSE;FALSE;D140143;-10.4936259;-39.2883191;;;;;;;;;;;;;;;;;;;;;;;;;
;B-1140220;;;PLANO 7;;;;;;R$ 36.145,28;30/04/2025;DICSON;BOB;;;;Abril 25;;ER-CIND-POV-FLORES-FLORES;MONTE SANTO;Energizada;Realizado;;;LV + ENERG + TROCA DE POSTE;;1;;;3;0;;;;;100%;0%;R$ 9.036,32;abr./25;01/04/2025;02/04/2025;ADISON;31/03/2025;;TRUE;TRUE;TRUE;FALSE;D107855;-10.1476019;-39.5859927;;;;;;;;;;;;;;;;;;;;;;;;;
;B-1155396;;;PLANO 7;;;;;;R$ 58.836,94;30/04/2025;DICSON;MARCELO;;;;Abril 25;;UB-CIND-RUA-J M DE ANDRADE-QUEIMADAS;QUEIMADAS;Energizada;Pendente;;44701 29/04; DESLIG. DO TF;;1;;;3;0;;;;;100%;0%;R$ 14.709,24;mar./25;01/03/2025;;GUTEMBERG;22/04/2025;;FALSE;TRUE;FALSE;FALSE;Q107439;-10,9789083;-39,6257017;;;;;;;;;;;;;;;;;;;;;;;;;
;B-1148095;;;PLANO 7;;;;;;R$ 62.786,69;09/04/2025;DICSON;MARCELO;;;;Abril 25;;ER-CIND-FAZ-MORRINHO-PEROLANDIA;QUEIMADAS;Energizada;Realizado;;;LV + ENERGIZAÇÃO;;1;;;8;8;;;;;100%;0%;R$ 15.696,67;mar./25;01/03/2025;10/04/2025;GUTEMBERG;;;TRUE;TRUE;FALSE;FALSE;E194818;"11°02'11.3""S";"39°34'14.3""W";;;;;;;;;;;;;;;;;;;;;;;;;
;B-1152255;;;PLANO 7;;;;;;R$ 7.484,15;30/04/2025;DICSON;JEFFERSON;;;;Abril 25;;ER-CIND-AV-OTAVIO FERREIRA-URBANO;QUEIMADAS;Energizada;;;;ENCAB BT;;1;;;1;0;;;;;100%;0%;R$ 1.871,04;abr./25;14/04/2025;14/04/2025;GUTEMBERG;14/04/2025;Solicitado;FALSE;TRUE;TRUE;FALSE;R008346;-11.2441517;-39.7471178;;;;;;;;;;;;;;;;;;;;;;;;;
;B-1144826;;;PLANO 7;;;;;;R$ 649.639,39;;DICSON;JEFFERSON;;;;Abril 25;;ER-CCOL-FAZ-SANTO ANTONIO-RURAL;QUEIMADAS;Em execução;Pendente;*;;LV + ENERG;;17;;;73;0;;;;;50%;0%;R$ 162.409,85;abr./25;01/04/2025;30/05/2025;GUTEMBERG;08/04/2025;;TRUE;TRUE;FALSE;FALSE;D549379;-10.9660146;-39.6376195;;;;;;;;;;;;;;;;;;;;;;;;;
;B-1121146;;;PLANO 7;;;;;;R$ 159.250,90;30/04/2025;JOÃO;ISRAEL;;;;Abril 25;;ER-CIND-POV-LAGOA DO TANQUE-CENTRO;ITIÚBA;Energizada;Realizado;;36361 04/04 * 36334 15/04;DESLIG 04/04 e 15/04;;0;;;11;0;;;;;100%;0%;R$ 39.812,73;abr./25;07/04/2025;11/04/2025;LUDIMILA;02/04/2025;;TRUE;TRUE;FALSE;FALSE;D143372;-10.4700646;-39.8056646;;;;;;;;;;;;;;;;;;;;;;;;;
;B-0734029;;;PLANO 14;;;;;;R$ 429.878,28;;JOÃO;GESONI + EDVALDO + ALDAIR;;;;Abril 25;;MP-CCOL-POV VARZEA COMPRIDA 141-B-RURAL;PINDODAÇU;Em execução;Pendente;*;;LV + ENERG;;26;;;127;0;;;;;25%;0%;R$ 107.469,57;abr./25;02/04/2025;30/05/2025;ANDERSON;05/04/2025;;TRUE;TRUE;FALSE;FALSE;Q057977;-10.8045399;-40.2369411;;;;;;;;;;;;;;;;;;;;;;;;;
;B-1196260;;;PLANO 7;;;;;;R$ 11.632,56;10/04/2025;JOÃO;JOILSON;;;;Abril 25;;ER-CIND-POV-PASSAGEM VELHA-RURAL;SENHOR DO BONFIM;Energizada;;;;ENCAB BT;;1;;;2;0;;;;;100%;0%;R$ 2.908,14;abr./25;;;FERNANDA;09/04/2025;Sim;TRUE;TRUE;FALSE;FALSE;;;;;;;;;;;;;;;;;;;;;;;;;;;;
;B-0686033;;;PLANO 14;;;;;;R$ 318.253,58;30/04/2025;DICSON;JEFFERSON;;;;Abril 25;;MP-CCOL-FAZ. VÁRZEA DA NOVILHA COMPL.RUR;QUEIMADAS;Energizada;Realizado;;;LV + ENERG;;8;;;48;48;;;;;100%;0%;R$ 79.563,40;abr./25;01/04/2025;12/04/2025;GUTEMBERG;01/03/2025;;TRUE;TRUE;FALSE;FALSE;D612539;-11.1865266;-39.7331208;;;;;;;;;;;;;;;;;;;;;;;;;
;B-1134925;;;PLANO 7;;;;;;R$ 7.588,84;;JOÃO;BADU;;;;Abril 25;;UB-CIND-RUA-DO CURRAL-CENTRO-ANDORINHA;ANDORINHAS;Paralisada;Pendente;45378;43138 29/04 ERRADO;DESLIG. 29/04 + LV;KLC NO DIA/VER POSSIBILIDADE DE TROCAR O CABO;1;;;1;0;;;;;100%;0%;R$ 1.897,21;mar./25;01/03/2025;31/05/2025;DIORLAN;17/04/2025;;FALSE;TRUE;TRUE;FALSE;Q095143;-10,3470511;-39,8279943;;;;;;;;;;;;;;;;;;;;;;;;;
;B-1181338;;;PLANO 7;;;;;;R$ 21.850,15;30/04/2025;JOÃO;BADU;;;;Abril 25;;UB-CIND-RUA-MARIO SAN 13-S O JORGE;SENHOR DO BONFIM;Energizada;;;37223 16/04;DESL 1127 CHI;;1;;;3;0;;;;;100%;0%;R$ 5.462,54;mar./25;01/03/2025;16/04/2025;FERNANDA;Falta cabo 3x35;;TRUE;TRUE;FALSE;FALSE;Q040484;-10,4476706;-40,187303;;;;;;;;;;;;;;;;;;;;;;;;;
;B-1184422;;;PLANO 14;;;;;;R$ 21.178,35;30/04/2025;JOÃO;ISRAEL;;;;Abril 25;;ER-CIND-POV-BOM DESPACHO-BOM DESPACHO;ITIÚBA;Energizada;Pendente;45379;;ENCAB BT;;1;;;5;0;;;;;100%;0%;R$ 5.294,59;mar./25;01/03/2025;24/04/2025;LUDIMILA;;;TRUE;TRUE;FALSE;FALSE;D316655;-10,4376606;-39,7860714;;;;;;;;;;;;;;;;;;;;;;;;;
;B-1163339;;;PLANO 14;;;;;;R$ 85.457,10;;JOÃO;BADU;;;;Abril 25;;LD CIND POV JOCUNA RURAL;JAGUARARI;Paralisada;Pendente;45482/45484;45488 06/04;LV + ENERGIZAÇÃO;;6;;;6;0;;;;;100%;0%;R$ 21.364,28;mar./25;01/03/2025;29/04/2025;DIORLAN;?;;FALSE;FALSE;FALSE;FALSE;Q047343;-10,2312683;-40,0983643;;;;;;;;;;;;;;;;;;;;;;;;;
;B-1164780;;;PLANO 7;;;;;;R$ 72.555,29;30/04/2025;JOÃO;ISRAEL;;;;Abril 25;;UB-CIND-RUA-JOAO AVELINO SILVA-CENTRO;ITIÚBA;Energizada;;2025-45381;;ENCAB BT PRIORIDADE;;11;;;6;0;;;;;100%;0%;R$ 18.138,82;mar./25;01/03/2025;;LUDIMILA;22/04/2025 3x35;;FALSE;TRUE;FALSE;FALSE;D700912;-10.684507;-39.855760;;;;;;;;;;;;;;;;;;;;;;;;;
;B-1144977;;;PLANO 7;;;;;;R$ 221.632,41;30/04/2025;DICSON;MARCELO;;;;Abril 25;;RR-CCOL-FAZ-JACURICI DA PONTE-RURAL;QUEIMADAS;Energizada;Realizado;45395/45396;;LV + ENERG;;10;;;6;0;;;;;100%;0%;R$ 55.408,10;abr./25;15/04/2025;30/04/2025;GUTEMBERG;14/04/2025;Solicitado;FALSE;TRUE;FALSE;FALSE;D714472;-10.8862801;-39.6121762;;;;;;;;;;;;;;;;;;;;;;;;;
;B-1108136;;;PLANO 14;;;;;;R$ 247.123,69;;JOÃO;BADU;;;;Abril 25;;ER-CIND-POV-CARIACA DE CIMA-RURAL-CARIAC;SENHOR DO BONFIM;Em execução;Pendente;45406/45407/45408;;LV + ENERG;;9;;;30;0;;;;;50%;0%;R$ 61.780,92;abr./25;14/04/2025;26/05/2025;FERNANDA;14/04/2025;Solicitado;FALSE;TRUE;FALSE;;B911851;-10.4980276;-40.1168434;;;;;;;;;;;;;;;;;;;;;;;;;
;B-1107748;;;PLANO 14;;;;;;R$ 48.911,46;01/04/2025;JOÃO;JOILSON;;;;Abril 25;;ER-SEIN-FAZ-NOVA ESPERANCA-RURAL-QUICE;SENHOR DO BONFIM;Energizada;Realizado;;;LV + ENERG;;3;;;10;0;;;;;100%;0%;R$ 12.227,87;abr./25;14/04/2025;17/04/2025;FERNANDA;29/03/2025;;TRUE;TRUE;FALSE;FALSE;E291645;-10.5024623;-40.0939618;;;;;;;;;;;;;;;;;;;;;;;;;
;B-1125144;;;PLANO 14;;;;;;R$ 45.152,17;10/04/2025;JOÃO;JOILSON;;;;Abril 25;;ER-CCOL-POV-PASSAGEM VELHA-RURAL;SENHOR DO BONFIM;Energizada;Realizado;39892/39893;;LV + ENERG;;4;;;11;0;;;;;100%;0%;R$ 11.288,04;abr./25;07/04/2025;11/04/2025;FERNANDA;07/04/2025;;TRUE;TRUE;FALSE;FALSE;E524672;-10.511949;-40.1625112;;;;;;;;;;;;;;;;;;;;;;;;;
;B-1121552;;;PLANO 14;;;;;;R$ 105.238,82;30/04/2025;JOÃO;JOILSON;;;;Abril 25;;RR-CIND-POV- SOCOTO-RURAL;SENHOR DO BONFIM;Energizada;Realizado;44378/45403/45404/45405;;LV + ENERG;;4;;;13;0;;;;;100%;0%;R$ 26.309,71;abr./25;22/04/2025;26/04/2025;FERNANDA;?;;FALSE;TRUE;FALSE;FALSE;B651292;-10.4181559;-40.1751407;;;;;;;;;;;;;;;;;;;;;;;;;
;B-1114885;;;PLANO 14;;;;;;R$ 84.492,43;30/04/2025;JOÃO;JOILSON;;;;Abril 25;;ER-CCOL-FAZ-LAGADISCO-RURAL;SENHOR DO BONFIM;Energizada;Realizado;;;LV + ENERG;;4;;;15;0;;;;;100%;0%;R$ 21.123,11;abr./25;28/04/2025;30/04/2025;FERNANDA;10/04/2025;Sim;TRUE;TRUE;FALSE;FALSE;E163137;-10.5041803;-40.1212758;;;;;;;;;;;;;;;;;;;;;;;;;
;B-1145662;;;PLANO 7;;;;;;R$ 21.970,73;30/04/2025;JOÃO;JOSE SILVA;;;;Abril 25;;ER-CIND-POV-QUEIMADA DE CIMA-RURAL;ANDORINHAS;Energizada;Pendente;43727/43728;;LV + ENCAB BT;;1;;;3;0;;;;;100%;0%;R$ 5.492,68;abr./25;07/04/2025;09/04/2025;DIORLAN;08/04/2025;Sim;TRUE;TRUE;TRUE;FALSE;D273943;-10.2749725;-39.8940714;;;;;;;;;;;;;;;;;;;;;;;;;
;B-1086353;;;PLANO 7;;;;;;R$ 110.284,62;30/04/2025;JOÃO;JOSE SILVA;;;;Abril 25;;LD - CIND POV CARNAÍBA - RURAL;PINDOBAÇU;Energizada;Realizado;45097/33472;39087 22/04 ;DESLIG MT + LV + ENERGIZAÇÃO  1187 CHI;;4;;;10;0;;;;;100%;0%;R$ 27.571,16;mar./25;01/03/2025;22/04/2025;ANDERSON;17/04/2025;;FALSE;TRUE;FALSE;FALSE;Q064550;-10,7455918;-40,4809533;;;;;;;;;;;;;;;;;;;;;;;;;
;B-1185144;;;PLANO 14;;;;;;R$ 17.353,86;30/04/2025;JOÃO;REGINALDO;;;;Abril 25;;ER-CIND-POV-TANQUE DAS VARAS-831;ANDORINHAS;Energizada;;45380;;ENCAB BT;;1;;;4;0;;;;;100%;0%;R$ 4.338,47;mar./25;01/03/2025;25/04/2025;DIORLAN;;;TRUE;TRUE;FALSE;FALSE;D316863;-10,3462394;-39,9276229;;;;;;;;;;;;;;;;;;;;;;;;;
;B-1176815;;;PLANO 7;;;;;;R$ 160.239,79;30/04/2025;JOÃO;WAGNER;;;;Abril 25;;RR-CIND POV V COMPRIDA VARZEA COMPRIDA;ITIÚBA;Energizada;Realizado;;;LV + ENERG;;4;;;22;22;;;;;100%;0%;R$ 40.059,95;abr./25;03/04/2025;12/04/2025;LUDIMILA;03/04/2025;;TRUE;TRUE;FALSE;FALSE;Q055569;-10.9150038;-39.8384606;;;;;;;;;;;;;;;;;;;;;;;;;
;B-1139854;;;PLANO 14;;;;;;R$ 23.775,79;31/05/2025;JOÃO;ISRAEL;;;;Maio 25;;ER-CIND-POV-TANQUINHO-RURAL;ANDORINHAS;Energizada;Realizado;59866 59867;;LV + ENERGZ;LV INTERCALAR POSTE C/ TRF;1;;;2;2;;;;;100%;;;mai./25;21/05/2025;21/05/2025;;12/05/2025;;FALSE;TRUE;;;D042366;-10,3759353;-40,0183995;;;;;;;;;;;;;;;;;;;;;;;;;
;B-1127905;;;PLANO 14;;;;;;R$ 259.844,28;31/05/2025;JOÃO;JOSE SILVA;;;;Maio 25;;RR-CCOL-POV-BARAUNA-RURAL;ANDORINHAS;Energizada;;;;LV + ENERGZ;LV N3-N4  SEM CHAVE;4;;;38;0;;;;;100%;;;mai./25;21/04/2025;17/05/2025;;;;TRUE;FALSE;;;D565526;-10,2215332;-39,9953837;;;;;;;;;;;;;;;;;;;;;;;;;
;B-1170277;;;PLANO 8;;;;;;R$ 134.004,23;;JOÃO;JOILSON;;;;Maio 25;;IE-RELIGADOR-JNC-09X1-Q022984;CAMPO FORMOSO;Em execução;Pendente;;;LV + ENERGZ;LV INTERCALAR POSTE C/ REL;0;;;1;;;;;;100%;;;mai./25;26/05/2025;27/05/2025;;?;;;;;;Q022985;-10,2054067;-40,5745999;;;;;;;;;;;;;;;;;;;;;;;;;
;B-1170290;;;PLANO 8;;;;;;R$ 134.577,25;31/05/2025;JOÃO;WAGNER;;;;Maio 25;;IE-RELIGADOR-JNC-09X1-J05447;CAMPO FORMOSO;Energizada;Pendente;;;LV + ENERGZ;LV INTERCALAR POSTE C/ REL;0;;;1;0;;;;;100%;;;mai./25;28/05/2025;29/05/2025;;?;;;;;;Q024663;-10,1359804;-40,8358857;;;;;;;;;;;;;;;;;;;;;;;;;
;B-1011966;;;PLANO 14;;;;;;R$ 59.682,97;;JOÃO;GESONI;;;;Maio 25;;RR-CIND-FAZ-BANANEIRA-VANVANA;CAMPO FORMOSO;Em execução;Pendente;59888 59889;;LV + ENERGZ;LV TROCAR POSTE N1-3 SEM CHAVE;4;;;16;0;;;;;100%;;;mai./25;12/05/2025;23/05/2025;;20/05/2025;;;TRUE;FALSE;;D134562;-10,4574857;-40,2785532;25.449,98;;;;;;;;;;;;;;;;;;;;;;;;
;B-1134465;;;PLANO 14;;;;;;R$ 189.655,06;31/05/2025;DICSON;MARCELO;;;;Maio 25;;ER-CIND-POV-CAIXAO-RURAL;CANSANÇÃO;Energizada;Pendente;59891; 30/05 TEM PEX;DESLG + LV + ENERGZ;LV INTERCALAR 2 POSTES;1;;;18;18;;;;;100%;;;mai./25;01/05/2025;20/05/2025;;12/05/2025;;TRUE;TRUE;FALSE;FALSE;D250226;-10,688478;-39,4557857;;;;;;;;;;;;;;;;;;;;;;;;;
;B-1197043;;;PLANO 8;;;;;;R$ 16.107,96;31/05/2025;JOÃO;WAGNER;;;;Maio 25;;RC-COEL-RUA-MARINHO MOREIRA-AT S GONCALO;ITIÚBA;Energizada;;Já executada;;REGULARIZAÇÃO;LV INTERCALAR 1 POSTE N1-3;0;;;2;0;;;;;100%;;;mai./25;05/05/2025;07/05/2025;;;;TRUE;TRUE;;;Q055340;-10,8991024;-39,8778471;;;;;;;;;;;;;;;;;;;;;;;;;
;B-1169759;;;PLANO 8;;;;;;R$ 116.489,96;31/05/2025;JOÃO;WAGNER;;;;Maio 25;;ME-COEL-RUA ROGERIO BENTO PITANGA-CENTRO;ITIÚBA;Energizada;;Sem opção de manobra;;DESLG + LV + ENERGZ;VER SE PODE SER FEITO DURANTE A SEMANA / LV TROCAR 2 POSTES B4-3 E B1 VAI TROCAR A MT? CHI MUITO ALTO  992;0;;;5;0;;;;;100%;;;mai./25;08/05/2025;16/05/2025;;;;TRUE;;TRUE;;Q068179;-10,6909839;-39,8533201;;;;;;;;;;;;;;;;;;;;;;;;;
;B-0724629;;;PLANO 14;;;;;;R$ 226.659,96;31/05/2025;JOÃO;WAGNER;;;;Maio 25;;MP-CCOL-PO ALAGADICO 222-RURAL;ITIÚBA;Energizada;;Feita;;LV + ENERGZ;LV N3/N4 SEM CHAVE;10;;;28;30;;;;;100%;;;mai./25;19/05/2025;30/05/2025;;;;TRUE;TRUE;;;Q093586;-10,6216745;-39,7803461;;;;;;;;;;;;;;;;;;;;;;;;;
;B-1134653;;;PLANO 14;;;;;;R$ 449.784,53;31/05/2025;JOÃO;ISRAEL;;;;Maio 25;;ER-GOVE-FAZ-ALAGOAS-ALAGOAS;ITIÚBA;Energizada;Pendente;45476/45479;;LV + ENERG;;4;;;53;0;;;;;100%;;;abr./25;02/04/2025;26/04/2025;;;;TRUE;TRUE;FALSE;FALSE;D200297;-10.5937937;-39.7930004;112.446,13;;;;;;;;;;;;;;;;;;;;;;;;
;B-1163339;;;PLANO 14;;;;;;R$ 85.457,10;31/05/2025;JOÃO;BADU;;;;Maio 25;;LD CIND POV JOCUNA RURAL;JAGUARARI;Energizada;Realizado;45482/45484;50098 28/05;LV + ENERGIZAÇÃO;;6;;;6;6;;;;;100%;;;mar./25;01/03/2025;29/04/2025;;27/05/2025;;FALSE;FALSE;FALSE;FALSE;Q047343;-10,2312683;-40,0983643;21.364,28;;;;;;;;;;;;;;;;;;;;;;;;
;B-1181548;;;PLANO 7;;;;;;R$ 60.207,43;31/05/2025;JOÃO;BADU;;;;Maio 25;;ER-CCOL-POV SAO MIGUEL-RURAL-JAGUARARI;JAGUARARI;Energizada;Realizado;59872 59873;;LV + ENERGZ;LV INTERCALAR POSTE N1-3;1;;;7;7;;;;;100%;;;mai./25;07/05/2025;09/05/2025;;27/05/2025;;;TRUE;;;D320256;-9,9962361;-40,1048269;12.113,86;;;;;;;;;;;;;;;;;;;;;;;;
;B-1181969;;;PLANO 7;;;;;;R$ 60.835,69;31/05/2025;JOÃO;BADU;;;;Maio 25;;ER-CCOL-ET-VELHA-RURAL;JAGUARARI;Energizada;Realizado;;49778 27/05;DESLG + ENERGZ;;1;;;11;9;;;;;100%;;;mai./25;15/05/2025;17/05/2025;;20/05/2025;;;TRUE;;;Q044576;-10,2797255;-40,1756648;;;;;;;;;;;;;;;;;;;;;;;;;
;B-1181889;;;PLANO 14;;;;;;R$ 85.651,44;31/05/2025;JOÃO;BADU;;;;Maio 25;;ER-SEIN-POV-STO ANTONIO-FAZENDINHA;JAGUARARI;Energizada;Realizado;59882 59883;;LV + ENERGZ;LV N3/4 C/ CH POSTERIOR;3;;;12;12;;;;;100%;;;mai./25;12/05/2025;14/05/2025;;27/05/2025;;;TRUE;;;D217190;-10,0790464;-40,0858101;20.784,62;;;;;;;;;;;;;;;;;;;;;;;;
;B-1041188;;;PLANO 8;;;;;;R$ 15.682,30;;DICSON;JOSE SILVA;;;;Maio 25;;RC-CIND-POV-TAPERA-RURAL;MONTE SANTO;Em execução;;;53749 31/05;X;SEM CAD;0;;;2;2;;;;;100%;;;mai./25;20/05/2025;20/05/2025;;13/05/2025;;TRUE;TRUE;TRUE;;A269411;-10,4762649;-39,3442719;;;;;;;;;;;;;;;;;;;;;;;;;
;B-1200672;;;PLANO 7;;;;;;R$ 119.404,34;;DICSON;JOSE SILVA;;;;Maio 25;;RR-CIND-POV-JUA-S O BENTO;MONTE SANTO;Em execução;;;49837 16/05 E 49838 30/05;DESLG + LV + ENERGZ;LV 2 POSTE INTERCALADO E 18 AVIFAUNA;0;;;5;;;;;;100%;;;mai./25;13/05/2025;31/05/2025;;13/05/2025;;TRUE;TRUE;;;D517281;-10,238673;-39,2133007;;;;;;;;;;;;;;;;;;;;;;;;;
;B-0503276;;;PLANO 14;;;;;;R$ 68.812,08;31/05/2025;DICSON;JOSE SILVA;;;;Maio 25;;MP-CCOL-POV. LAGOA REDONDA-RURAL;MONTE SANTO;Energizada;Pendente;59893 59894;;LV + ENERGZ;LV N3-N4  SEM CHAVE;3;;;17;0;;;;;100%;;;mai./25;22/05/2025;28/05/2025;;13/05/2025;;TRUE;TRUE;;;D314176;-10,5323936;-39,2453477;;;;;;;;;;;;;;;;;;;;;;;;;
;B-0477336;;;PLANO 14;;;;;;R$ 1.077.227,77;;DICSON;BIGODE / BOB / ISRAEL;;;;Maio 25;;MP-CCOL-POV CURRAL FALSO AROEIRA-RURAL;MONTE SANTO;Em execução;Pendente;;50054 21/05 ;DESLG + LV + ENERGZ;LV 1 POSTE N4 E 2 N3-N4;46;;;281;403;;;;;50%;;;mai./25;15/04/2025;30/06/2025;;26/05/2025;;FALSE;FALSE;;;D149983;-10.5538389;-39.2735588;;;;;;;;;;;;;;;;;;;;;;;;;
;B-1194252;;;PLANO 1;;;;;;R$ 525.831,16;;DICSON;ALDAIR;;;;Maio 25;;RS-AL 2-COEL-SE NORDESTINA II;NORDESTINA;Em execução;;;;SUBTERRANEO;;0;;;0;;;;;;0%;;;mai./25;05/05/2025;30/06/2025;;;;;;;;;;;;;;;;;;;;;;;;;;;;;;;;;;;
;B-1177723;;;PLANO 1;;;;;;R$ 388.702,22;;DICSON;ALDAIR;;;;Maio 25;;AL-02-NOR-CONSTR-EQ;NORDESTINA;Em execução;;;;LV + ENERGZ;LV INTERCALAR 2 POSTE C/ REG;1;;;2;0;;;;;25%;;;mai./25;05/05/2025;30/06/2025;;;;;;TRUE;;D026487;-10,8273031;-39,4923821;;;;;;;;;;;;;;;;;;;;;;;;;
;B-1149258;;;PLANO 14;;;;;;R$ 37.738,75;31/05/2025;DICSON;ALDAIR;;;;Maio 25;;ER-SEIN-FAZ-LAGOA DOS BOIS-RURAL;NORDESTINA;Energizada;;57796-2025 / 57797-2025;;LV + ENERGZ + ENCA BT;Esta pedindo para trocar o cabo (Ver necessidade) / 4 POSTES LV;2;;;3;0;;;;;100%;;;mai./25;05/05/2025;08/05/2025;;19/05/2025;;TRUE;TRUE;;;D079729;-10,8727161;-39,4417777;;;;;;;;;;;;;;;;;;;;;;;;;
;B-1152856;;;PLANO 7;;;;;;R$ 1.396.641,65;;DICSON;MARCELO;;;;Maio 25;;AC-CIND-POV-ANGIGAL-RURAL;NORDESTINA;Em execução;Pendente;59886;;LV + ENERGZ;LV 4 POSTES C/ REG;0;;;4;0;;;;;100%;;;mar./25;01/03/2025;31/05/2025;;26/05/2025;;FALSE;TRUE;TRUE;FALSE;Q106463;-10,9446747;-39,4145806;;;;;;;;;;;;;;;;;;;;;;;;;
;B-1178565;;;PLANO 1;;;;;;R$ 210.613,24;;DICSON;ALDAIR;;;;Maio 25;;AL-02-NOR-CONSTR;NORDESTINA;Em execução;Pendente;57799 57800;;DESLG + LV + ENERGZ;LV 9 POSTES 7 N1 3 N3 2 N4 2 4 CH 2 TENSIONAR;0;;;12;0;;;;;25%;;;mai./25;05/05/2025;30/06/2025;;19/05/2025;;TRUE;;;;Q097849;-10,7776394;-39,5248747;;;;;;;;;;;;;;;;;;;;;;;;;
;B-1177813;;;PLANO 1;;;;;;R$ 417.638,43;;DICSON;ALDAIR;;;;Maio 25;;AL-02-NOR-CONSTR;NORDESTINA;Em execução;Pendente;59885;52349 29/05 TEM PEX;DESLG + LV + ENERGZ;LV 1 POSTE N1-3 E INTERLIGAR FRONTEIRA N/A DE N3-N4;1;;;25;25;;;;;25%;;;mai./25;05/05/2025;30/06/2025;;19/05/2025;;TRUE;;TRUE;;D368110;-10,8045332;-39,5206598;;;;;;;;;;;;;;;;;;;;;;;;;
;B-1169863;;;PLANO 7;;;;;;R$ 57.690,31;31/05/2025;JOÃO;LALA;;;;Maio 25;;ER CIND ANTONIO JOAQUIM DE BARROS RURAL;PINDOBAÇU;Energizada;;;53758 29/05;LV + ENERGZ;LV INTERCALAR POSTE C/ TRF;1;;;6;6;;;;;100%;;;mai./25;19/05/2025;20/05/2025;;12/05/2025;;TRUE;TRUE;;;Q036684;-10,6207869;-40,2830849;;;;;;;;;;;;;;;;;;;;;;;;;
;B-0734029;;;PLANO 14;;;;;;R$ 429.878,28;31/05/2025;JOÃO;GESONI / LALA;;;;Maio 25;;MP-CCOL-POV VARZEA COMPRIDA 141-B-RURAL;PINDOBAÇU;Energizada;Realizado;57795-2025;;LV + ENERGZ;LV INTERCALAR N1-3 C/ CH POSTERIOR;26;;;127;0;;;;;100%;;;mai./25;15/04/2025;23/05/2025;;;;TRUE;TRUE;FALSE;;Q057977;-10,8045399;-40,2369411;;;;;;;;;;;;;;;;;;;;;;;;;
;B-1149688;;;PLANO 7;;;;;;R$ 25.487,13;31/05/2025;DICSON;JEFERSON;;;;Maio 25;;UB-CIND-RUA-JO O M DE ANDRADE-CENTRO;QUEIMADAS;Energizada;;57994-2025;;ENCABEÇAMENTO.BT;;1;;;4;0;;;;;100%;;;mai./25;01/05/2025;31/05/2025;;12/05/2025;;TRUE;TRUE;FALSE;FALSE;Q105415;-10,9801009;-39,6250963;;;;;;;;;;;;;;;;;;;;;;;;;
;B-1123599;;;PLANO 7;;;;;;R$ 135.648,00;31/05/2025;DICSON;MARCELO;;;;Maio 25;;IT- CIND - FAZ. SOLIDADE-CEL JOÃO BORGES;QUEIMADAS;Energizada;Pendente;59984;50423 27/05;DESLG + LV + ENERGZ;LV TROCAR 2 POSTES N4 N1 E INTERCALAR 1 N4-3 E 1 INSTALAR 1 CHAVE E 3 GLV/PRECISA VER COM ESTA A SITUAÇAO DO CLIENTES;0;;;15;0;;;;;100%;;;mai./25;12/05/2025;23/05/2025;;26/05/2025;;FALSE;;TRUE;;Q090218;-10,9387791;-39,6299377;;;;;;;;;;;;;;;;;;;;;;;;;
;B-1144826;;;PLANO 14;;;;;;R$ 638.652,34;31/05/2025;DICSON;JEFERSON;;;;Maio 25;;ER-CCOL-FAZ-SANTO ANTONIO-RURAL;QUEIMADAS;Energizada;;;;LV + ENERGZ;LV N3/N4 SEM CHAVE;17;;;73;0;;;;;100%;;;mai./25;28/04/2025;31/05/2025;;;;TRUE;TRUE;;;D549379;-10,9660146;-39,6376195;;;;;;;;;;;;;;;;;;;;;;;;;
;B-1168948;;;PLANO 7;;;;;;R$ 3.046,49;31/05/2025;JOÃO;JOILSON;;;;Maio 25;;UB-CIND-CA-08 98566-BONFIM III;SENHOR DO BONFIM;Energizada;;54259-2025;;ENCABEÇAMENTO.BT;;1;;;0;0;;;;;100%;;;mai./25;21/05/2025;21/05/2025;;05/05/2025;;TRUE;TRUE;TRUE;;D122930;-10,4776415;-40,1995108;507,32;;;;;;;;;;;;;;;;;;;;;;;;
;B-1108317;;;PLANO 8;;;;;;R$ 63.921,50;31/05/2025;JOÃO;BADU;;;;Maio 25;;RC-CIND-PR -DR JOSE GONCALVES-CENTRO;SENHOR DO BONFIM;Energizada;;Chave provisoria;49851 18/05 TEM PEX;DESLG + LV + ENERGZ;LV TROCAR 2 POSTE N4 INTERCALAR POSTE 1 N1 INSTALAR 3 CH;0;;;5;0;;;;;100%;;;mai./25;18/05/2025;18/05/2025;;09/05/2025;;TRUE;TRUE;;;Q040655;-10,4635934;-40,1897455;;;;;;;;;;;;;;;;;;;;;;;;;
;B-1149648;;;PLANO 14;;;;;;R$ 25.019,56;31/05/2025;JOÃO;JOILSON;;;;Maio 25;;ER-CIND-POV-RANCHARIA 512-RURAL;SENHOR DO BONFIM;Energizada;;;;ENCABEÇAMENTO.BT;;3;;;5;0;;;;;100%;;;mai./25;22/05/2025;23/05/2025;;28/04/2025;;TRUE;TRUE;;;E398585;-10,4424590;-40,1426631;;;;;;;;;;;;;;;;;;;;;;;;;
;B-1161104;;;PLANO 8;;;;;;R$ 187.456,00;31/05/2025;JOÃO;BADU;;;;Maio 25;;ME-COEL-AV-CAMPO CLUBE-CAMPO CLUBE;SENHOR DO BONFIM;Energizada;Realizado;;49008 14/05 E 49010 30/05 TEM PEX;DESLG + LV + ENERGZ;LV TROCAR 2 POSTE E INTERCALAR 1 E N3-N4;0;;;10;0;;;;;100%;;;mai./25;21/05/2025;29/05/2025;;28/05/2025;;FALSE;TRUE;;;Q043539;-10,469229;-40,1780364;;;;;;;;;;;;;;;;;;;;;;;;;
;B-1188750;;;PLANO 7;;;;;;R$ 1.638,61;31/05/2025;CADU;JOILSON;;;;Maio 25;;UB-CIND-RUA-DO LAGEDO - 9999;PINDOBAÇU;Energizada;;;;;;2;;;0;0;;;;;100%;;;mai./25;28/05/2025;28/05/2025;;;;FALSE;FALSE;FALSE;FALSE;;;;;;;;;;;;;;;;;;;;;;;;;;;;
;B-1196615;;;PLANO 7;;;;;;R$ 4.957,27;31/05/2025;CADU;JOILSON;;;;Maio 25;;ER-CIND-POV-VARGINHA 922-VARGINHA;SENHOR DO BONFIM;Energizada;;;;;;3;;;0;0;;;;;100%;;;mai./25;28/05/2025;28/05/2025;;;;FALSE;FALSE;FALSE;FALSE;;;;;;;;;;;;;;;;;;;;;;;;;;;;
;B-1194223;;;PLANO 8;;;;;;R$ 100.384,10;31/05/2025;CADU;JOILSON;;;;Maio 25;;FVU-RELIGADOR-SBF-01Y8-J20063;SENHOR DO BONFIM;Energizada;;;;;;0;;;0;0;;;;;100%;;;mai./25;20/05/2025;20/05/2025;;;;FALSE;FALSE;FALSE;FALSE;;;;;;;;;;;;;;;;;;;;;;;;;;;;
;B-1200088;;;PLANO 8;;;;;;R$ 0,00;31/05/2025;CADU;JOILSON;;;;Maio 25;;FVU-RELIGADOR-SAU-01L1-N85774;SENHOR DO BONFIM;Energizada;;;;;;0;;;0;0;;;;;100%;;;mai./25;20/05/2025;20/05/2025;;;;FALSE;FALSE;FALSE;FALSE;;;;;;;;;;;;;;;;;;;;;;;;;;;;
;B-1108136;;;PLANO 14;;;;;;R$ 247.123,69;31/05/2025;JOÃO;BADU;;;;Maio 25;;ER-CIND-POV-CARIACA DE CIMA-RURAL-CARIAC;SENHOR DO BONFIM;Energizada;;;;LV + ENERGZ+ T.POSTE;LV N3-N4 SEM CHAVE;9;;;30;30;;;;;100%;;;mai./25;15/04/2025;06/05/2025;;;;TRUE;TRUE;;;B911851;-10,4980276;-40,1168434;;;;;;;;;;;;;;;;;;;;;;;;;
;B-1044051;;;PLANO 14;;;;;;R$ 195.441,71;31/05/2025;JOÃO;BADU;;;;Maio 25;;MP-CCOL-FAZ-LAGE -RURAL;SENHOR DO BONFIM;Energizada;;;;LV + ENERGZ;LV N3 C/ CHAVE POSTERIOR;4;;;51;0;;;;;100%;;;mai./25;24/05/2025;31/05/2025;;30/04/2025;;TRUE;TRUE;;;D282071;-10,5531983;-40,1809307;;;;;;;;;;;;;;;;;;;;;;;;;
;B-1172125;;;PLANO 14;;;;;;R$ 22.689,86;31/05/2025;JOÃO;JOILSON;;;;Maio 25;;AC-CIND-ROD-LOMANTO JUNIOR -RURAL;SENHOR DO BONFIM;Energizada;;;;;;0;;;0;0;;;;;100%;;;mai./25;25/05/2025;25/05/2025;;;;FALSE;FALSE;FALSE;FALSE;;;;;;;;;;;;;;;;;;;;;;;;;;;;
;B-1191012;;;PLANO 7;;;;;;R$ 7.501,49;31/05/2025;JOÃO;ISRAEL;;;;Maio 25;;ER-CIND-POV-TRES MORROS 136-RURAL;SENHOR DO BONFIM;Energizada;;;;;;1;;;1;1;;;;;100%;;;mai./25;31/05/2025;31/05/2025;;;;FALSE;FALSE;FALSE;FALSE;;;;;;;;;;;;;;;;;;;;;;;;;;;;
;B-1196174;;;PLANO 7;;;;;;R$ 7.848,50;31/05/2025;JOÃO;ISRAEL;;;;Maio 25;;ER-CIND-POV-LAGOA PEIXE-RURAL - SENHOR;SENHOR DO BONFIM;Energizada;;;;;;1;;;1;1;;;;;100%;;;mai./25;31/05/2025;31/05/2025;;;;FALSE;FALSE;FALSE;FALSE;;;;;;;;;;;;;;;;;;;;;;;;;;;;
;B-1178565;;;PLANO 1;;;;;;R$ 210.613,24;30/06/2025;DICSON;ALDAIR;;;;Junho 25;;AL-02-NOR-CONSTR;NORDESTINA;Energizada;Pendente;;Desligamento;DESL + LV;;0;;;12;13;;;;;100%;;;jun./1;01/06/2025;30/06/2025;HIAGO SANTANA - U470061;;;TRUE;TRUE;;;Q097849;-10,7776394;-39,5248747;;LV 9 POSTES 7 N1 3 N3 2 N4 2 4 CH 2 TENSIONAR;;10 e 11 60426 E 60427;;;;;;;;;;;;;;;;;;;;;
;B-1199258;;;PLANO 7;;;;;;R$ 32.236,96;30/06/2025;DICSON;MARCELO;;;;Junho 25;;ER-CIND-FAZ-BARAUNA-RURAL;QUEIMADAS;Energizada;;;Intercalar poste com trafo;DESL;;1;;;1;1;;;;;100%;;;jun./1;#REF!;#REF!;GUTTEMBERG SANTOS - U343220;;;TRUE;TRUE;;;D314218;-10,9747515;-39,6866611;;;;17 62799;;;;;;;;;;;;;;;;;;;;;
;B-1169805;;;PLANO 7;;;;;;R$ 206.354,39;30/06/2025;JOÃO;BADU;;;;Junho 25;;ER-CIND-FAZ-AROEIRA 9999-RURAL-AROEIRA;JAGUARARI;Energizada;Pendente;;20 UCS;LV + ENERGZ;;1;;;19;19;;;;;100%;;;jun./1;#REF!;#REF!;FERNANDA MACEDO - U465311;Confirma Edmeia 13/06;;TRUE;TRUE;FALSE;FALSE;D521684;-10,2874858;-40,1887176;;LV N1-3 CHP;;17 63436;;;;;;;;;;;;;;;;;;;;;
;B-1060739;;;PLANO 7;;;;;;R$ 219.780,55;30/06/2025;JOÃO;GESONI;;;;Junho 25;;MP-CCOL-POV-SANHARO-RURAL;PONTO NOVO;Energizada;Pendente;;21 UCS;LV + ENERGZ;;2;;;20;19;;;;;100%;;;jun./1;#REF!;#REF!;GUTTEMBERG SANTOS - U343220;;;TRUE;TRUE;FALSE;FALSE;D116625;-10,973153;-40,0211715;;LV N3/4 CHP;;18 64084;;;;;;;;;;;;;;;;;;;;;
;B-1146383;;;PLANO 14;;;;;;R$ 254.259,61;;JOÃO;GESONI;;;;Junho 25;;MP CIND POV BOA VISTA RURAL;FILADÉLFIA;Paralisada;Pendente;;3 UCS;LV + ENERGZ;;3;;;23;23;;;;;100%;;;jun./1;#REF!;#REF!;DIORLAN SOUZA - U352259;26/06/2025;;FALSE;FALSE;FALSE;FALSE;E451599;-10,6318672;-39,995069;;LV N3/4 CHP;72579;21 65538;;;;;;;;;;;;;;;;;;;;;
;B-1090074;;;PLANO 14;;;;;;R$ 126.511,97;;DICSON;MARCELO;;;;Junho 25;;MP CIND FAZ MUCAMBO RURAL;QUEIMADAS;;Pendente;;68 UCS;LV + ENERGZ;;1;;;15;15;;;;;100%;;;jun./1;#REF!;#REF!;GUTTEMBERG SANTOS - U343220;16/06 adIcional;;TRUE;TRUE;FALSE;FALSE;D186221;-11,1253775;-39,9327972;;LV N3/4 CHP;72486 72487 72489;21 65539;;;;;;;;;;;;;;;;;;;;;
;B-1173439;;;PLANO 14;;;;;;R$ 74.344,68;30/06/2025;JOÃO;BADU;;;;Junho 25;;ER-CIND-FAZ-VARZEA-DE FORA;ANDORINHAS;Energizada;Pendente;;29 UCS;LV + ENERGZ;;1;;;18;17;;;;;100%;;;jun./1;#REF!;#REF!;ADISON FERREIRA - U343222;21/06/2025;;FALSE;FALSE;FALSE;FALSE;D261283;-10,3828534;-39,7318872;;LV N1-3 ;72578;25 67744;;;;;;;;;;;;;;;;;;;;;
;B-1183168;;;PLANO 7;;;;;;R$ 159.373,98;;DICSON;BIGODE;;;;Junho 25;;RR-CIND-POV-LAGOA DA PEDRA-RURAL MONTE S;MONTE SANTO;Paralisada;Pendente;;81 UCS;LV + ENERGZ;;2;;;15;0;;;;;100%;;;jun./1;#REF!;#REF!;ADISON FERREIRA - U343222;;;FALSE;FALSE;FALSE;FALSE;D939343;-10,4075682;-39,1767321;;LV N3/4 E 3 N1;;25 67745;;;;;;;;;;;;;;;;;;;;;
;B-1199397;;;PLANO 8;;;;;;R$ 87.779,31;30/06/2025;JOÃO;ISRAEL;;;;Junho 25;;RC-CIND-FAZ-CURRAL DA VARA-RURAL;ITIÚBA;Energizada;;;Retirar rede do terreno do cliente ( 7 vaos bt e mt). Mas, a rede nova deve ser feita antes  ;DESL;;0;;;8;10;;;;;100%;;;jun./1;#REF!;#REF!;LUDIMILA BARBOSA - U464746;;;TRUE;TRUE;;;D000698;-10,850997;-39,9763629;;;;26 29 72634 72632;;;;;;;;;;;;;;;;;;;;;
;B-1168792;;;PLANO 14;;;;;;R$ 131.673,01;;JOÃO;GESONI;;;;Junho 25;;ER-CIND-LOT-RURAL-REASSENTAMENTO BARRAGE;PONTO NOVO;;Pendente;;36 UCS;LV + ENERGZ;;1;;;18;18;;;;;100%;;;jun./1;#REF!;#REF!;GUTTEMBERG SANTOS - U343220;21/06/2025;;;TRUE;;;E528962;-10,8994324;-40,1157079;;LV 18 N1;72598;26 68196 e 27 68962;;;;;;;;;;;;;;;;;;;;;
;B-0940009;;;PLANO 7;;;;;;R$ 178.644,65;;DICSON;JEFERSON;;;;Junho 25;;RR-CIND-POV RIACHO DAS P-R PEDRAS-CSC;CANSANÇÃO;Paralisada;Pendente;;;LV + ENERGZ;;2;;;45;45;;;;;100%;;;jun./1;#REF!;#REF!;GUTTEMBERG SANTOS - U343220;;;FALSE;TRUE;;;B305491;-10,7700442;-39,3392976;;LV N3/4;;26 68200;;;;;;;;;;;;;;;;;;;;;
;B-1158905;;;PLANO 7;;;;;;R$ 12.995,42;30/06/2025;JOÃO;ISRAEL;;;;Junho 25;;IT-CIND-FAZ-CASTELO-RURAL;ITIÚBA;Energizada;Realizado;;ADF (5 VAOS) a LV adicionar a chave antes;DESL + LV;;0;;;1;0;;;;;100%;;;jun./1;#REF!;#REF!;LUDIMILA BARBOSA - U464746;;;TRUE;TRUE;;;D580907;-10,9135903;-39,9202362;;LV +1 CH;;27 68963;;;;;;;;;;;;;;;;;;;;;
;B-1200672;;;PLANO 7;;;;;;R$ 119.404,34;;DICSON;JOSE;;;;Junho 25;;RR-CIND-POV-JUA-S O BENTO;MONTE SANTO;;;;Terminar estruturas AVIFAUNA;DESL;;0;;;5;5;;;;;100%;;;mai./1;01/06/2025;30/06/2025;;;;TRUE;TRUE;FALSE;FALSE;D517281;-10,238673;-39,2133007;;;;28 62798;;;;;;;;;;;;;;;;;;;;;
;B-1165562;;;PLANO 14;;;;;;R$ 143.923,01;30/06/2025;JOÃO;ISRAEL;;;;Junho 25;;ER-CIND-FAZ-MAMOTE-RURAL-ITIUBA;ITIÚBA;Energizada;Pendente;;Intercalar 5 poste MT;LV + BT;;0;;;15;15;;;;;100%;;;jun./1;#REF!;#REF!;LUDIMILA BARBOSA - U464746;;;TRUE;TRUE;;;E573828;-10,7983685;-39,959938;;LV 5 BI;72580;28 68964;;;;;;;;;;;;;;;;;;;;;
;B-1041188;;;PLANO 8;;;;;;R$ 15.682,30;30/06/2025;DICSON;JOSE;;;;Junho 25;;RC-CIND-POV-TAPERA-RURAL;MONTE SANTO;Energizada;;;Realocar rede MT;DESL;;0;;;2;2;;;;;100%;;;mai./1;01/06/2025;30/06/2025;;16/06;;TRUE;TRUE;FALSE;FALSE;A269411;-10,4762649;-39,3442719;;;72470;30 62797;;;;;;;;;;;;;;;;;;;;;
;B-0545761;;;PLANO 14;;;;;;R$ 107.491,64;;DICSON;ALDAIR;;;;Junho 25;;MP-CCOL-POV. SAO PEDRO COMPL-RURAL;NORDESTINA;;Pendente;;MUITO CLIENTES 220;LV + BT + ENERGZ;;2;;;23;23;;;;;100%;;;jun./1;#REF!;#REF!;HIAGO SANTANA - U470061;14/06;;TRUE;TRUE;;;D144635;-10,9330151;-39,3748213;;7;72596 72597;30 69760;;;;;;;;;;;;;;;;;;;;;
;B-0477336;;;PLANO 14;;;;;;R$ 1.077.227,77;30/06/2025;DICSON;OSMAR/GESONI/ANAILTON;;;;Junho 25;;MP-CCOL-POV CURRAL FALSO AROEIRA-RURAL;MONTE SANTO;Energizada;Pendente;;;LV;;46;;;281;327;;;;;100%;;;jun./1;#REF!;#REF!;ADISON FERREIRA - U343222;16/06;;TRUE;TRUE;FALSE;FALSE;D149983;-10,5538389;-39,2735588;;LV N3/4 + N3 P/ N1;72587 72586;30 69761;;;;;;;;;;;;;;;;;;;;;
;B-1192258;;;PLANO 7;;;;;;R$ 39.431,57;30/06/2025;JOÃO;ISRAEL;;;;Junho 25;;ER-CIND-POV-PEDRA SOLTA-RURAL;ITIÚBA;Energizada;Pendente;;ADF (4 VAOS) (No dia dos desligamento levar duas turmas, uma para intercalar o poste e outra para fazer a ADF;DESL + LV;;1;;;1;1;;;;;100%;;;jun./1;#REF!;#REF!;LUDIMILA BARBOSA - U464746;;;TRUE;TRUE;;;Q093067;-10,7858834;-39,8239698;;LV +1 CH + N1;;30 72967;;;;;;;;;;;;;;;;;;;;;
;B-1134925;;;PLANO 7;;;;;;R$ 17.257,70;;JOÃO;BADU;;;;Junho 25;;UB-CIND-RUA-DO CURRAL-CENTRO-ANDORINHA;ANDORINHAS;Paralisada;;;;BT;;1;;;4;0;;;;;100%;;;mai./1;01/06/2025;30/06/2025;;;;FALSE;FALSE;FALSE;FALSE;;;;;;;;;;;;;;;;;;;;;;;;;;;;
;B-1011966;;;PLANO 14;;;;;;R$ 107.354,71;30/06/2025;JOÃO;GESONI;;;;Junho 25;;RR-CIND-FAZ-BANANEIRA-VANVANA;CAMPO FORMOSO;Energizada;Pendente;;;LV + ENERGZ;;1;;;24;22;;;;;100%;;;mai./1;01/06/2025;30/06/2025;;;;TRUE;TRUE;FALSE;FALSE;D134562;-10,4574857;-40,2785532;;;;;;;;;;;;;;;;;;;;;;;;;
;B-1170277;;;PLANO 8;;;;;;R$ 134.004,23;;JOÃO;RAEL;;;;Junho 25;;IE-RELIGADOR-JNC-09X1-Q022984;CAMPO FORMOSO;;Pendente;;;LV + ENERGZ;;0;;;1;1;;;;;100%;;;mai./1;01/06/2025;30/06/2025;;;;FALSE;TRUE;FALSE;FALSE;Q022985;-10,2054067;-40,5745999;;;72468 72469;;;;;;;;;;;;;;;;;;;;;;
;B-1209528;;;PLANO 7;;;;;;R$ 21.940,45;30/06/2025;JOÃO;JOILSON;;;;Junho 25;;PROVISORIA;CAMPO FORMOSO;Energizada;;;;;;0;;;0;0;;;;;100%;;;jun./1;15/06/2025;30/06/2025;;;;FALSE;FALSE;FALSE;FALSE;;;;;;;;;;;;;;;;;;;;;;;;;;;;
;B-1170254;;;PLANO 7;;;;;;R$ 131.840,28;;DICSON;JEFERSON;;;;Junho 25;;ER-CIND-POV-PAU DE COLHER-1260;CANSANÇÃO;;Pendente;;MUITO CLIENTES 276;LV + BT + ENERGZ;;5;;;12;12;;;;;100%;;;jun./1;#REF!;#REF!;GUTTEMBERG SANTOS - U343220;16/06/2025;;TRUE;TRUE;;;D576724;-10,6299415;-39,4706341;;LV 3 N1;72475 72476;;;;;;;;;;;;;;;;;;;;;;
;B-1015193;;;PLANO 14;;;;;;R$ 72.238,45;30/06/2025;DICSON;JEFERSON;;;;Junho 25;;ER-CIND-POV-PATOS-LAGOA DOS PATOS;CANSANÇÃO;Energizada;Pendente;;;LV + BT + ENERGZ;;1;;;21;25;;;;;100%;;;jun./1;#REF!;#REF!;GUTTEMBERG SANTOS - U343220;;;TRUE;TRUE;FALSE;FALSE;D249197;-10,5532926;-39,6122308;;LV N3/4;;;;;;;;;;;;;;;;;;;;;;;
;B-0938472;;;PLANO 7;;;;;;R$ 247.064,96;;JOÃO;ISRAEL;;;;Junho 25;;AC-REG-FV-CIND-FAZ GROT O-RL ADRO S GON;ITIÚBA;Cancelada;;;Realocar Poste p/ poste novo;DESL + LV;;3;;;43;0;;;;;100%;;;jun./1;;;LUDIMILA BARBOSA - U464746;;;;TRUE;;;J09505;-10,7099947;-39,8362919;;LV N3/4;;;;;;;;;;;;;;;;;;;;;;;
;B-1165543;;;PLANO 7;;;;;;R$ 17.943,38;;JOÃO;ISRAEL;;;;Junho 25;;UB-CIND-RUA-SIMOES-N S DA CONCEI O;ITIÚBA;Paralisada;;;;BT;;5;;;3;3;;;;;100%;;;jun./1;#REF!;#REF!;LUDIMILA BARBOSA - U464746;;;TRUE;TRUE;;;D057586;-10,6950092;-39,8572339;;;72582;;;;;;;;;;;;;;;;;;;;;;
;B-1198416;;;PLANO 7;;;;;;R$ 27.910,35;30/06/2025;JOÃO;ISRAEL;;;;Junho 25;;ER-SEIN-RUA-RIO BRANCO-RURAL;ITIÚBA;Energizada;;;Avaliar necessidade realocar o cabo;BT;;8;;;6;6;;;;;100%;;;jun./1;#REF!;#REF!;LUDIMILA BARBOSA - U464746;;;TRUE;TRUE;;;D397341;-10,5792539;-39,7664223;;;;;;;;;;;;;;;;;;;;;;;;;
;B-0265379;;;PLANO 14;;;;;;R$ 85.485,63;30/06/2025;JOÃO;BADU;;;;Junho 25;;MP-CCOL-POV FERRO II-RURAL;JAGUARARI;Energizada;Realizado;;;LV + BT + ENERGZ;;1;;;22;28;;;;;100%;;;jun./1;#REF!;#REF!;FERNANDA MACEDO - U465311;12/06;;TRUE;TRUE;FALSE;FALSE;B475834;-10,2193822;-40,1869726;;LV N3/4;;;;;;;;;;;;;;;;;;;;;;;
;B-1202056;;;PLANO 7;;;;;;R$ 14.665,30;30/06/2025;JOÃO;BADU;;;;Junho 25;;ER-CIND-POV-BARRAGEM VELHA-JAGUARARI;JAGUARARI;Energizada;;;;BT;;1;;;2;2;;;;;100%;;;jun./1;#REF!;#REF!;FERNANDA MACEDO - U465311;;;TRUE;TRUE;FALSE;FALSE;D803248;-9,7922609;-39,9436612;;;;;;;;;;;;;;;;;;;;;;;;;
;B-1184458;;;PLANO 7;;;;;;R$ 71.093,68;;DICSON;BIGODE;;;;Junho 25;;ER-CIND-FAZ-LAGOA DA VOLTA-RURAL;MONTE SANTO;Paralisada;Pendente;;MUITO CLIENTES 4411;LV + ENERGZ;;1;;;7;0;;;;;100%;;;jun./1;#REF!;#REF!;ADISON FERREIRA - U343222;;;;;;;A249905;-10,4632632;-39,2439461;;LV N1 + TRF;;;;;;;;;;;;;;;;;;;;;;;
;B-1132965;;;PLANO 14;;;;;;R$ 49.487,93;;DICSON;BIGODE;;;;Junho 25;;ER-CIND-POV-PEDREGULHO-RURAL;MONTE SANTO;;;;;BT;;1;;;8;8;;;;;100%;;;jun./1;#REF!;#REF!;ADISON FERREIRA - U343222;16/06/2025;;TRUE;TRUE;;;D152839;-10,6547057;-39,2549557;;;72590;;;;;;;;;;;;;;;;;;;;;;
;B-0945717;;;PLANO 14;;;;;;R$ 183.151,91;;DICSON;;;;;Junho 25;;ER-CIND-POV PEDRA BRANCA-RURAL;MONTE SANTO;Cancelada;;;;LV + ENERGZ;;4;;;38;38;;;;;100%;;;jun./1;;;ADISON FERREIRA - U343222;;;;;;;D130316;-10,2955638;-39,1852922;;LV 2 NI CHP;;;;;;;;;;;;;;;;;;;;;;;
;B-1181949;;;PLANO 7;;;;;;R$ 199.612,52;;DICSON;BIGODE;;;;Junho 25;;RC-SEIN-FAZ-QUIQUIM-RURAL-PEDRA VERMELHA;MONTE SANTO;Paralisada;Pendente;;Alterar local da rede, prox SE;DESL + LV;;0;;;15;0;;;;;100%;;;jun./1;#REF!;#REF!;ADISON FERREIRA - U343222;;;;;;;A189347;-10,4152608;-39,3339679;;LV 5 AN4;;;;;;;;;;;;;;;;;;;;;;;
;B-1043096;;;PLANO 14;;;;;;R$ 190.175,54;;DICSON;BIGODE;;;;Junho 25;;MP-CCOL-FAZ-LAGOA DO CORREDOR-RURAL;MONTE SANTO;Paralisada;Pendente;;Realocar vão de Rede e intercalar poste MT;DESL + LV;;3;;;22;0;;;;;100%;;;jun./1;#REF!;#REF!;ADISON FERREIRA - U343222;16/06;;;;;;D408484;-10,5064322;-39,4858086;;LV N4-3 CHP;;;;;;;;;;;;;;;;;;;;;;;
;B-1149335;;;PLANO 14;;;;;;R$ 6.726,17;30/06/2025;DICSON;BIGODE;;;;Junho 25;;ER-CIND-FAZ-LAGOA DA VOLTA-LAGE;MONTE SANTO;Energizada;;;;BT;;1;;;1;1;;;;;100%;;;jun./1;#REF!;#REF!;ADISON FERREIRA - U343222;25/06/2025;;;TRUE;;;E398688;-10,4656727;-39,2416118;;;72592;;;;;;;;;;;;;;;;;;;;;;
;B-1141711;;;PLANO 14;;;;;;R$ 87.996,29;;DICSON;BIGODE;;;;Junho 25;;RR-CIND-POV-PEDRA VERMELHA 40-RURAL;MONTE SANTO;Paralisada;Pendente;;MUITO CLIENTES 6105;LV + ENERGZ;;5;;;12;0;;;;;100%;;;jun./1;#REF!;#REF!;ADISON FERREIRA - U343222;;;;TRUE;;;A254727;-10,3596809;-39,4978574;;LV N1-3;;;;;;;;;;;;;;;;;;;;;;;
;B-1177813;;;PLANO 1;;;;;;R$ 417.638,43;30/06/2025;DICSON;ALDAIR;;;;Junho 25;;AL-02-NOR-CONSTR;NORDESTINA;Energizada;Pendente;;;DESL + LV;;1;;;25;25;;;;;100%;;;jun./1;#REF!;#REF!;HIAGO SANTANA - U470061;13/06;;TRUE;TRUE;;;B412976;-10,7818925;-39,516279;;LV 1 POSTE N1-3 E INTERLIGAR FRONTEIRA N/A DE N3-N4;72473;;;;;;;;;;;;;;;;;;;;;;
;B-1193890;;;PLANO 1;;;;;;R$ 108.463,80;30/06/2025;DICSON;ALDAIR;;;;Junho 25;;AL 02-NOR-RT-2-3-G17233;NORDESTINA;Energizada;Pendente;;;LV + EQUIP;;1;;;1;1;;;;;100%;;;jun./1;#REF!;#REF!;HIAGO SANTANA - U470061;25/06/2025;;;;;;G17233;-10,7776394;-39,5248747;;LV N4 C/ RELIGADOR;72472;;;;;;;;;;;;;;;;;;;;;;
;B-1177723;;;PLANO 1;;;;;;R$ 388.702,22;;DICSON;ALDAIR;;;;Junho 25;;AL-02-NOR-CONSTR-EQ;NORDESTINA;;Pendente;;;LV + EQUIP;;1;;;2;0;;;;;100%;;;jun./1;#REF!;#REF!;HIAGO SANTANA - U470061;13/06;;TRUE;;;;D026487;-10,8273031;-39,4923821;;LV INTERCALAR 2 POSTE C/ REG;72481 72482;;;;;;;;;;;;;;;;;;;;;;
;B-1194252;;;PLANO 1;;;;;;R$ 525.831,16;;DICSON;ALDAIR;;;;Junho 25;;RS-AL 2-COEL-SE NORDESTINA II;NORDESTINA;Cancelada;;;;SE;;0;;;0;0;;;;;100%;;;jun./1;#REF!;#REF!;HIAGO SANTANA - U470061;;;;TRUE;;;X000000;-14,070039;-42,4859567;;;;;;;;;;;;;;;;;;;;;;;;;
;B-1152856;;;PLANO 7;;;;;;R$ 500.760,90;;DICSON;MARCELO;;;;Junho 25;;AC-CIND-POV-ANGIGAL-RURAL;NORDESTINA;Paralisada;;;;LV;;0;;;4;4;;;;;100%;;;mai./1;01/06/2025;30/06/2025;;;;FALSE;FALSE;FALSE;FALSE;Q106463;-10,9446747;-39,4145806;;;;;;;;;;;;;;;;;;;;;;;;;
;B-1082438;;;PLANO 7;;;;;;R$ 387.222,50;;JOÃO;EDVALDO;;;;Junho 25;;LD CIND FAZ IPUCA RURAL;PINDOBAÇU;Paralisada;Pendente;;Acredito que sera feito rede subterraneo (MUFLA) TRAVESSIA LT;DESL + LV;;1;;;29;29;;;;;100%;;;jun./1;#REF!;#REF!;DIORLAN SOUZA - U352259;13/06/2025 tarde;;TRUE;TRUE;FALSE;FALSE;B306389;-10,7209586;-40,3289308;;LV N3/4 CHP;;;;;;;;;;;;;;;;;;;;;;;
;B-1104966;;;PLANO 8;;;;;;R$ 15.693,82;;JOÃO;EDVALDO;;;;Junho 25;;RC-SEIN-POV-PEDRO ALVES-PINDOBACU;PINDOBAÇU;Cancelada;;;Retirar rede do terreno do cliente ( 4 vaos bt e mt). Mas, a rede nova deve ser feita antes  ;DESL;;0;;;2;2;;;;;100%;;;jun./1;#REF!;#REF!;DIORLAN SOUZA - U352259;13/06/2025;;;TRUE;;;Q039384;-10,7547983;-40,3543048;;;;;;;;;;;;;;;;;;;;;;;;;
;B-1179710;;;PLANO 14;;;;;;R$ 156.753,38;30/06/2025;JOÃO;EDVALDO;;;;Junho 25;;ER-CIND-FAZ-BARREIRA 1500-RURAL;PINDOBAÇU;Energizada;Pendente;;;LV + ENERGZ;;1;;;18;18;;;;;100%;;;jun./1;#REF!;#REF!;DIORLAN SOUZA - U352259;;;TRUE;TRUE;FALSE;FALSE;B306369;-10,7275001;-40,3461075;;LV N1-3 CHP + N1 TRF;;;;;;;;;;;;;;;;;;;;;;;
;B-1195749;;;PLANO 7;;;;;;R$ 10.681,56;30/06/2025;JOÃO;EDVALDO;;;;Junho 25;;UB-CIND-RUA-CIRIACO ROCHA-CENTRO;PINDOBAÇU;Energizada;;;;BT;;1;;;2;2;;;;;100%;;;jun./1;#REF!;#REF!;DIORLAN SOUZA - U352259;;;TRUE;TRUE;;;D001041;-10,9070848;-40,0633912;;;;;;;;;;;;;;;;;;;;;;;;;
;B-1161822;;;PLANO 7;;;;;;R$ 88.451,73;30/06/2025;JOÃO;GESONI;;;;Junho 25;;ER-CIND-FAZ-DOMINO-RURAL;PONTO NOVO;Energizada;Realizado;;;LV + ENERGZ;;2;;;15;11;;;;;100%;;;jun./1;#REF!;#REF!;GUTTEMBERG SANTOS - U343220;;;TRUE;TRUE;FALSE;FALSE;B288131;-11,0869909;-40,0817798;;LV N3;;;;;;;;;;;;;;;;;;;;;;;
;B-0636485;;;PLANO 14;;;;;;R$ 94.527,05;;DICSON;ISRAEL;;;;Junho 25;;MP-CCOL-F. PAPAGAIO-POÇA DA SEREIA-RURAL;QUEIMADAS;Cancelada;;;;PROJETO INCOMPLETO;;2;;;23;0;;;;;100%;;;jun./1;;;LUDIMILA BARBOSA - U464746;;;;;;;D314243;-10,9719001;-39,7030752;;;;;;;;;;;;;;;;;;;;;;;;;
;B-1206994;;;PLANO 7;;;;;;R$ 24.141,62;30/06/2025;DICSON;JEFERSON;;;;Junho 25;;PR-PREF-RUA-ELZIO FERREIRA-A STO ANTONIO;QUEIMADAS;Energizada;;;;;;0;;;0;0;;;;;100%;;;jun./1;20/05/2025;17/06/2025;;;;FALSE;FALSE;FALSE;FALSE;;;;;;;;;;;;;;;;;;;;;;;;;;;;
;B-1187662;;;PLANO 14;;;;;;R$ 31.643,38;30/06/2025;DICSON;MARCELO;;;;Junho 25;;ER-CIND-FAZ-PONTE NOVA 130-RURAL;QUEIMADAS;Energizada;;;;BT;;5;;;6;9;;;;;100%;;;jun./1;#REF!;#REF!;GUTTEMBERG SANTOS - U343220;;;TRUE;TRUE;;;D627461;-10,9660382;-39,6280522;;;;;;;;;;;;;;;;;;;;;;;;;
;B-1148107;;;PLANO 14;;;;;;R$ 240.479,16;;DICSON;MARCELO;;;;Junho 25;;MP CIND POV TIRIRCA E BANABEIRA RURAL;QUEIMADAS;Paralisada;Pendente;;;LV + ENERGZ;;5;;;25;25;;;;;100%;;;jun./1;#REF!;#REF!;GUTTEMBERG SANTOS - U343220;;;;;;;D277799;-11,2970312;-39,8701245;;LV N4-3;;;;;;;;;;;;;;;;;;;;;;;
;B-1169740;;;PLANO 14;;;;;;R$ 168.471,33;30/06/2025;JOÃO;EDVALDO;;;;Junho 25;;ER-CIND-FAZ-TAMBURI-RURAL;SENHOR DO BONFIM;Energizada;Pendente;;;LV + ENERGZ;;6;;;22;22;;;;;100%;;;jun./1;#REF!;#REF!;FERNANDA MACEDO - U465311;21/06/2025;;;;;;D355041;-10,5313601;-39,9976944;;LV N1-3 CH;72497 72498;;;;;;;;;;;;;;;;;;;;;;
;B-1165857;;;PLANO 14;;;;;;R$ 56.468,84;30/06/2025;JOÃO;BADU;;;;Junho 25;;ER CIND FZ CACUCAR RURAL;SENHOR DO BONFIM;Energizada;;;;BT;;1;;;8;8;;;;;100%;;;jun./1;#REF!;#REF!;FERNANDA MACEDO - U465311;;;TRUE;TRUE;;;E529014;-10,4946339;-40,0626526;;;;;;;;;;;;;;;;;;;;;;;;;
;B-1114891;;;PLANO 14;;;;;;R$ 16.384,74;30/06/2025;JOÃO;BADU;;;;Junho 25;;ER-CCOL-FAZ-CACUCAR-RURAL;SENHOR DO BONFIM;Energizada;;;;BT;;2;;;3;3;;;;;100%;;;jun./1;#REF!;#REF!;FERNANDA MACEDO - U465311;;;TRUE;TRUE;;;E323752;-10,4973788;-40,0598958;;;;;;;;;;;;;;;;;;;;;;;;;
;B-1044425;;;PLANO 14;;;;;;R$ 17.766,32;30/06/2025;JOÃO;BADU / JOILSON;;;;Junho 25;;ER-CCOL-POV-TEIU-RURAL;SENHOR DO BONFIM;Energizada;Pendente;;;LV + BT;;1;;;4;3;;;;;100%;;;jun./1;#REF!;#REF!;FERNANDA MACEDO - U465311;;;TRUE;TRUE;;;B039085;-10,4996474;-40,1072064;;LV 2 N1;;;;;;;;;;;;;;;;;;;;;;;
;B-1213036;;;PLANO 7;;;;;;R$ 33.002,98;30/06/2025;JOÃO;BADU;;;;Junho 25;;PROVISORIA;SENHOR DO BONFIM;Energizada;;;;;;0;;;0;0;;;;;100%;;;jun./1;18/06/2025;30/06/2025;;;;FALSE;FALSE;FALSE;FALSE;;;;;;;;;;;;;;;;;;;;;;;;;;;;
;B-1181484;;;PLANO 14;;;;;;R$ 140.909,38;;JOÃO;JOILSON;;;;Junho 25;;ER-CIND-ET-SR BOMFIM 3 MORRINHOS-URBANA;SENHOR DO BONFIM;;Pendente;;;LV + BT + ENERGZ;;4;;;17;17;;;;;100%;;;jun./1;#REF!;#REF!;FERNANDA MACEDO - U465311;;;TRUE;TRUE;;;Q051300;-10,5360857;-40,1331102;;LV N3/4 ;72490 72491;;;;;;;;;;;;;;;;;;;;;;
;B-1213070;;;PLANO 7;;;;;;R$ 33.002,98;30/06/2025;JOÃO;BADU;;;;Junho 25;;PROVISORIA;SENHOR DO BONFIM;Energizada;;;;;;0;;;0;0;;;;;100%;;;jun./1;18/06/2025;30/06/2025;;;;FALSE;FALSE;FALSE;FALSE;;;;;;;;;;;;;;;;;;;;;;;;;;;;
;B-1193876;;;PLANO 1;;;;;;R$ 108.656,57;;DICSON;ALDAIR;;;;Julho 25;;AL 02-NOR-RT-3-3-Q098711;NORDESTINA;Energizada;Pendente;;;LV + ENERGZ;;0;;;1;1;;;;;100%;;;jul./1;15/07/2025;16/07/2025;;21/07/2025;;TRUE;;;;Q098711;-10,8244484;-39,4294331;;1 N4 C/ RELIG;;NÃO É POSSIVEL DESL;AL/MELHORAMENTO;;;;;;;;;;;;;;;;;;;;
;B-1156254;;;PLANO 14;;;;;;R$ 73.043,81;;DICSON;ALDAIR;;;;Julho 25;;MP CIND POV CALDEIRÃO DO SANGUE RURAL;NORDESTINA;Energizada;Pendente;;30;LV + ENERGZ;;4;;;20;20;;;;;100%;;;jul./1;14/07/2025;26/07/2025;;14/07/2025;;TRUE;TRUE;;;D020453;-10,8548086;-39,461793;35.449,43;N1-3 CHP;81499 / 2025-81552 SUBST.PT;250 UC'S;QLP;;;;;;;;;;;;;;;;;;;;
;B-0545761;;;PLANO 14;;;;;;R$ 107.491,64;;DICSON;ALDAIR;;;;Julho 25;;MP-CCOL-POV. SAO PEDRO COMPL-RURAL;NORDESTINA;Energizada;Realizado;;;LV + BT + ENERGZ;;2;;;23;25;;;;;100%;;;jun./1;;;;SACADO JUNHO;;TRUE;TRUE;;;D144635;-10,9330151;-39,3748213;;N3 P/ N4;;NÃO É POSSIVEL DESL;REPUTACIONAL;;;;;;;;;;;;;;;;;;;;
;B-1182735;;;PLANO 8;;;;;;R$ 84.191,00;;JOAO;BADU;;;;Julho 25;;RC-COEL-RUA-DOM PEDRO II-GAMBOA;SENHOR DO BONFIM;Energizada;Realizado;;18 76483;DESL + LV;;0;;;5;4;;;;;100%;;;jul./1;17/07/2025;18/07/2025;;10/07/2025;;TRUE;TRUE;;;Q043523;-10,4668278;-40,1804812;;1 N1, 1 N4;;SUBS TRF, SUBS 10 VAOS BT;AL/MELHORAMENTO;;;;;;;;;;;;;;;;;;;;
;B-1205261;;;PLANO 7;;;;;;R$ 3.939,95;;JOAO;LALA;;;;Julho 25;;IT-CIND-POV-LIMOEIRO -RURAL;CAMPO FORMOSO;Cancelada;Pendente;;;LV;;0;;;0;;;;;;100%;;;jul./1;11/07/2025;11/07/2025;;CANCELADO;;TRUE;;;;D271827;-10,5220107;-40,3294311;;N3;;NÃO É POSSIVEL DESL;REPUTACIONAL;;;;;;;;;;;;;;;;;;;;
;B-1161096;;;PLANO 14;;;;;;R$ 418.713,48;;JOAO;BADU;;;;Julho 25;;MP CIND POV ALTO BONITO RURAL;SENHOR DO BONFIM;Energizada;Pendente;;;LV + ENERGZ;;5;;;43;47;;;;;100%;;;jul./1;14/07/2025;26/07/2025;;16/07/2025;;TRUE;TRUE;;;E069795;-10,5765487;-39,9498358;;N4-3 C/ CHP;;1 UC'S;REPUTACIONAL;;;;;;;;;;;;;;;;;;;;
;B-0858295;;;PLANO 14;;;;;;R$ 360.855,98;;JOAO;EDVALDO;;;;Julho 25;;MP CIND POV MAXIXEIRO-RURAL;CAMPO FORMOSO;Energizada;Realizado;;;LV + ENERGZ;;6;;;37;25;;;;;100%;;;jul./1;11/07/2025;26/07/2025;;04/07/2025;;TRUE;TRUE;;TRUE;B768939;-10,4184801;-40,8384324;44.690,50;N3/N4 CHP;79498;;REPUTACIONAL;;;;;;;;;;;;;;;;;;;;
;B-1082438;;;PLANO 7;;;;;;R$ 387.222,50;;JOAO;EDVALDO;;;;Julho 25;;LD CIND FAZ IPUCA RURAL;PINDOBAÇU;Energizada;Pendente;;29 80508;LV + ENERGZ;;1;;;29;29;;;;;100%;;;jun./1;;;;SACADO JUNHO;;TRUE;TRUE;;;B306389;-10,7209586;-40,3289308;;N3 P/ N4;;112 UCS'S;PRIORIDADE PLANO ANEEL;;;;;;;;;;;;;;;;;;;;
;B-0940009;;;PLANO 14;;;;;;R$ 178.644,65;;DICSON;JEFERSON;;;;Julho 25;;RR-CIND-POV RIACHO DAS P-R PEDRAS-CSC;CANSANÇÃO;Em execução;;;24 79044;DESL + ENERGZ;;2;;;45;;;;;;100%;;;jul./1;17/07/2025;31/07/2025;;21/07/2025;;TRUE;TRUE;;;B305490;-10,7704325;-39,3399141;;N3/N4 S/ CHP;Visitar obra;TROCAR POSTE MT;REPUTACIONAL;;;;;;;;;;;;;;;;;;;;
;B-1146383;;;PLANO 14;;;;;;R$ 254.259,61;;JOAO;GESONI;;;;Julho 25;;MP CIND POV BOA VISTA RURAL;FILADÉLFIA;Energizada;Pendente;;;LV + ENERGZ;;2;;;23;24;;;;;100%;;;jun./1;;;;21/07/2025;;TRUE;FALSE;FALSE;FALSE;;;;;;Visitar obra;;PRIORIDADE PLANO ANEEL;;;;;;;;;;;;;;;;;;;;
;B-1203209;;;PLANO 7;;;;;;R$ 45.333,35;;JOAO;GESONI;;;;Julho 25;;ER-CIND-POV-VARZEA DO PO O -RURAL;PONTO NOVO;Energizada;Realizado;;13 80528;DESL + LV;;1;;;2;4;;;;;100%;;;jul./1;14/07/2025;16/07/2025;;07/07/2025;;TRUE;TRUE;;;Q055421;-10,9240745;-40,0631371;5.904,19;LV 2 POSTES;78060;ADF (2 VAOS), N1 C/ TRAFO, 1 SUBS 1 VAO 3X35;GOVERNO;;;;;;;;;;;;;;;;;;;;
;B-1168792;;;PLANO 7;;;;;;R$ 131.673,01;;JOAO;GESONI;;;;Julho 25;;ER-CIND-LOT-RURAL-REASSENTAMENTO BARRAGE;PONTO NOVO;Energizada;Pendente;;;LV + ENERGZ;;1;;;18;15;;;;;100%;;;jun./1;;;;SACADO JUNHO;;TRUE;TRUE;;;E528962;-10,8994324;-40,1157079;;LV 18 N1;;NÃO É POSSIVEL DESL;SOLICITAÇÃO ATENDIMENTO;;;;;;;;;;;;;;;;;;;;
;B-1044044;;;PLANO 7;;;;;;R$ 184.949,75;;JOAO;GESONI;;;;Julho 25;;MP-CCOL-POV ÁGUA LIMPA-RURAL;FILADÉLFIA;Em execução;Pendente;;29 80514;LV + ENERGZ;;6;;;43;;;;;;100%;;;jul./1;17/07/2025;31/07/2025;;11/07/2025;;TRUE;TRUE;;;Q039701;-10,7238843;-40,1632901;;N1-3 CHP;;280 UC'S;RECLAMAÇÃO;;;;;;;;;;;;;;;;;;;;
;B-1190969;;;PLANO 7;;;;;;R$ 19.222,11;;DICSON;JEFERSON;;;;Julho 25;;ER-CIND-POV-LAGE DO JOS -RURAL;CANSANÇÃO;Energizada;Pendente;;18 76492 ;LV + ENERGZ;;1;;;1;1;;;;;100%;;;jul./1;14/07/2025;16/07/2025;;03/07/2025;;TRUE;TRUE;;;D189147;-10,6429582;-39,5426553;2.374,80;N1 C/ TRF;;93 UC'S;REPUTACIONAL;;;;;;;;;;;;;;;;;;;;
;B-0938472;;;PLANO 7;;;;;;R$ 247.064,96;;JOAO;ISRAEL;;;;Julho 25;;ER-CIND-POV-NOVO HORIZONTE-N HORIZONTE;ITIÚBA;Cancelada;;;;LV + DESL + ENERGZ;;3;;;1;;;;;;100%;;;jul./1;07/07/2025;31/07/2025;;CANCELADO;;TRUE;TRUE;TRUE;TRUE;Q090006;-10,7100425;-39,8363021;;N3/N4 S/ CHP;;CANCELADA;REPUTACIONAL;;;;;;;;;;;;;;;;;;;;
;B-1165543;;;PLANO 7;;;;;;;;JOAO;ISRAEL;;;;Julho 25;;UB-CIND-RUA-SIMOES-N S DA CONCEI O;ITIÚBA;Em execução;;;;BT;;;;;3;;;;;;100%;;;jun./1;;;;SACADO JUNHO;;TRUE;FALSE;FALSE;FALSE;;;;;;Visitar obra;;PRIORIDADE PLANO ANEEL;;;;;;;;;;;;;;;;;;;;
;B-1170254;;;PLANO 7;;;;;;R$ 131.840,28;;DICSON;JEFERSON;;;;Julho 25;;ER-CIND-POV-PAU DE COLHER-1260;CANSANÇÃO;Energizada;Pendente;;;LV + BT + ENERGZ;;5;;;12;12;;;;;100%;;;jun./1;;;;SACADO JUNHO;;TRUE;TRUE;;;D576724;-10,6299415;-39,4706341;;LV 3 N1;;NÃO É POSSIVEL DESL;RECLAMAÇÃO;;;;;;;;;;;;;;;;;;;;
;B-1198578;;;PLANO 7;;;;;;R$ 26.090,32;;DICSON;JEFERSON;;;;Julho 25;;AC-CIND-FAZ LAGOA DO SERTAO-RURAL;CANSANÇÃO;Energizada;;;;BT;;1;;;6;7;;;;;100%;;;jul./1;08/07/2025;10/07/2025;;03/07/2025;;TRUE;TRUE;;;Q099584;-10,668702;-39,4719632;11.406,19;;80838;;REPUTACIONAL;;;;;;;;;;;;;;;;;;;;
;B-1125553;;;PLANO 8;;;;;;;;DICSON;JOSE;;;;Julho 25;;RC-PREF-ROD-BA 220 -FAZ LAGOA DA VOLTA;MONTE SANTO;Em execução;;;29 81609;DESL;;;;;6;;;;;;100%;;;jun./1;;;;15/07/2025;;TRUE;TRUE;FALSE;FALSE;;;;19.953,82;;;2 EQUIPES;GOVERNO;;;;;;;;;;;;;;;;;;;;
;B-1172956;;;PLANO 7;;;;;;R$ 15.407,86;;JOAO;JEFFERSON;;;;Julho 25;;ER-CIND-FAZ-PACUI-RURAL;CAMPO FORMOSO;Energizada;;;;BT;;2;;;2;2;;;;;100%;;;jul./1;08/07/2025;10/07/2025;;04/07/2025;;TRUE;TRUE;;;Q024725;-10,1074835;-40,8170714;3.225,49;;;;REPUTACIONAL;;;;;;;;;;;;;;;;;;;;
;B-1181949;;;PLANO 7;;;;;;;;DICSON;JOSE;;;;Julho 25;;RC-SEIN-FAZ-QUIQUIM-RURAL-PEDRA VERMELHA;MONTE SANTO;Em execução;Pendente;;30, 31;DESL + LV;;;;;15;;;;;;100%;;;jun./1;;;;21/07/2025;;TRUE;FALSE;FALSE;FALSE;;;;;;;;GOVERNO;;;;;;;;;;;;;;;;;;;;
;B-1170277;;;PLANO 8;;;;;;R$ 134.004,23;;JOAO;JEFFERSON;;;;Julho 25;;IE-RELIGADOR-JNC-09X1-Q022984;CAMPO FORMOSO;Energizada;Realizado;;;LV + ENERGZ;;0;;;1;0;;;;;100%;;;jun./1;;;;08/07/2025;;TRUE;TRUE;;;Q022985;-10,2054067;-40,5745999;;LV RELIG;79425, 80253;NÃO É POSSIVEL DESL;EQUIPAMENTO;;;;;;;;;;;;;;;;;;;;
;B-1184458;;;PLANO 7;;;;;;R$ 71.093,68;;DICSON;JOSE;;;;Julho 25;;ER-CIND-FAZ-LAGOA DA VOLTA-RURAL;MONTE SANTO;Em execução;Pendente;;;LV + ENERGZ;;1;;;7;;;;;;100%;;;jul./1;14/07/2025;17/07/2025;;04/07/2025;;TRUE;TRUE;;;A249905;-10,4632632;-39,2439461;11.856,02;N1 C/ TRF;;NÃO É POSSIVEL DESL;SOLICITAÇÃO ATENDIMENTO;;;;;;;;;;;;;;;;;;;;
;B-1108365;;;PLANO 14;;;;;;R$ 38.525,31;;JOAO;JOILSON/DIEGO;;;;Julho 25;;ER-CIND-POV-TANQUE VELHO-TANQUE VELHO;SENHOR DO BONFIM;Energizada;Realizado;;;LV + ENERGZ;;0;;;5;3;;;;;100%;;;jul./1;28/07/2025;29/07/2025;;03/07/2025;;TRUE;TRUE;;;D097755;-10,5598357;-40,0955606;8.951,75;2 N1;;;SOLICITAÇÃO ATENDIMENTO;;;;;;;;;;;;;;;;;;;;
;B-1181484;;;PLANO 14;;;;;;R$ 140.909,38;;JOAO;JOILSON/DIEGO;;;;Julho 25;;ER-CIND-ET-SR BOMFIM 3 MORRINHOS-URBANA;SENHOR DO BONFIM;Energizada;Realizado;;;LV + BT + ENERGZ;;4;;;17;20;;;;;100%;;;jun./1;;;;SACADO JUNHO;;TRUE;TRUE;;;D517281;-10,238673;-39,2133007;;LV N3/4 ;;NÃO É POSSIVEL DESL;PRIORIDADE PLANO ANEEL;;;;;;;;;;;;;;;;;;;;
;B-1177723;;;PLANO 1;;;;;;R$ 388.702,22;;DICSON;ALDAIR;;;;Julho 25;;AL-02-NOR-CONSTR-EQ;NORDESTINA;Em execução;Pendente;;18 76486;LV + ENERGZ;;0;;;2;;;;;;100%;;;jul./1;11/06/2025;12/07/2025;;21/07/2025;;TRUE;TRUE;;;D026487;-10,8273031;-39,4923821;4.556,63;2 N1 C/ REGUL;;212;AL/MELHORAMENTO;;;;;;;;;;;;;;;;;;;;
;B-1193545;;;PLANO 1;;;;;;R$ 1.035.467,34;;DICSON;ALDAIR + BIGODE;;;;Julho 25;;AL QDD-09S4-CONSTRUCAO;NORDESTINA;Em execução;Pendente;;;LV + ENERGZ;;0;;;71;;;;;;100%;;;jul./1;07/07/2025;31/07/2025;;07/07/2025;;TRUE;TRUE;;;D714585;-10,7779993;-39,5615471;164.125,47;1 N1-3, 3 N1, 1 N4;;NÃO É POSSIVEL DESL;AL/MELHORAMENTO;;;;;;;;;;;;;;;;;;;;
;B-1200672;;;PLANO 7;;;;;;R$ 119.404,34;;DICSON;JOSE;;;;Julho 25;;RR-CIND-POV-JUA-S O BENTO;MONTE SANTO;Energizada;;;26 79559;DESL;;0;;;5;0;;;;;100%;;;jun./1;;;;SACADO JUNHO;;TRUE;TRUE;;;Q022985;-10,2054067;-40,5745999;;;;Terminar estruturas AVIFAUNA;SOLICITAÇÃO ATENDIMENTO;;;;;;;;;;;;;;;;;;;;
;B-1176389;;;PLANO 1;;;;;;R$ 390.193,62;;DICSON;ALDAIR;;;;Julho 25;;AL-NOR-01N1-RECOND-EQUIPAMENTO;NORDESTINA;Em execução;Pendente;;;LV + ENERGZ;;0;;;2;;;;;;100%;;;jul./1;18/07/2025;19/07/2025;;21/07/2025;;TRUE;;;;Q095587;-10,743699;-39,4443619;;2 N1 C/ REGUL;;NÃO É POSSIVEL DESL;AL/MELHORAMENTO;;;;;;;;;;;;;;;;;;;;
;B-1194252;;;PLANO 1;;;;;;R$ 525.831,16;;DICSON;ALDAIR;;;;Julho 25;;RS-AL 2-COEL-SE NORDESTINA II     subt;NORDESTINA;Em execução;;;;SE;;0;;;0;;;;;;0%;;;jul./1;30/07/2025;30/07/2025;;21/07/2025;;TRUE;;;;;;;;;;CANCELADA;AL/MELHORAMENTO;;;;;;;;;;;;;;;;;;;;
;B-1165914;;;PLANO 8;;;;;;R$ 114.607,64;;DICSON;ALDAIR;;;;Julho 25;;EQ-COEL-RUA-MARCOS DE JESUS-ALTO DAS POP;NORDESTINA;Em execução;Pendente;;;LV + ENERGZ;;0;;;2;;;;;;100%;;;jul./1;28/07/2025;29/07/2025;;21/07/2025;;TRUE;;;;Q095459;-10,6886805;-39,4846989;;2 N1 E RELOC REGUL;;NÃO É POSSIVEL DESL;AL/MELHORAMENTO;;;;;;;;;;;;;;;;;;;;
;B-1152856;;;PLANO 7;;;;;;;;DICSON;ALDAIR;;;;Julho 25;;AC-CIND-POV-ANGIGAL-RURAL;NORDESTINA;Paralisada;;;;REGULADOR;;;;;3;;;;;;100%;;;jun./1;;;;CANCELADO;;TRUE;FALSE;FALSE;FALSE;;;;;;;CANCELADA;TRANSGRESSÃO;;;;;;;;;;;;;;;;;;;;
;B-1043096;;;PLANO 14;;;;;;R$ 257.838,10;;DICSON;JOSE;;;;Julho 25;;MP-CCOL-FAZ-LAGOA DO CORREDOR-RURAL;MONTE SANTO;Energizada;;;25 79554;DESL + ENERGZ;;;;;22;22;;;;;100%;;;jun./1;;;;15/07/2025;;TRUE;TRUE;FALSE;FALSE;;;;;;;;REPUTACIONAL;;;;;;;;;;;;;;;;;;;;
;B-1132965;;;PLANO 14;;;;;;R$ 49.487,93;;DICSON;JOSE;;;;Julho 25;;ER-CIND-POV-PEDREGULHO-RURAL;MONTE SANTO;Energizada;;;;BT;;1;;;8;9;;;;;100%;;;jun./1;;;;SACADO JUNHO;;TRUE;TRUE;;;D152839;-10,6547057;-39,2549557;;;83273;;REPUTACIONAL;;;;;;;;;;;;;;;;;;;;
;B-1172446;;;PLANO 7;;;;;;R$ 18.788,59;;DICSON;JOSE;;;;Julho 25;;UB-CIND-RUA-CORONEL JO O CORDEIRO-ALTO;MONTE SANTO;Energizada;;;;BT;;0;;;3;3;;;;;100%;;;jul./1;08/07/2025;09/07/2025;;04/07/2025;;TRUE;TRUE;;;E358942;-10,4245018;-39,3344775;3.674,48;;;;REPUTACIONAL;;;;;;;;;;;;;;;;;;;;
;B-1203693;;;PLANO 7;;;;;;R$ 16.584,52;;DICSON;JOSE;;;;Julho 25;;ER-CIND-POV-PEDREGULHO-RURAL;MONTE SANTO;Energizada;;;;BT;;1;;;3;3;;;;;100%;;;jul./1;10/07/2025;11/07/2025;;SACADO JUNHO;;TRUE;TRUE;;;D152864;-10,6508911;-39,2612228;5.011,48;;83279;;REPUTACIONAL;;;;;;;;;;;;;;;;;;;;
;B-1197295;;;PLANO 7;;;;;;R$ 73.043,81;;JOAO;LALA;;;;Julho 25;;ER-CIND-FAZ-PILOES-RURAL;CAMPO FORMOSO;Energizada;;;17 72955;DESL;;14;;;15;16;;;;;100%;;;jul./1;07/07/2025;17/07/2025;;09/07/2025;;TRUE;TRUE;;;B062471;-10,4642887;-40,3590396;29.383,43;;;REALOC TRF (Precisa implantar 2 postes e 2 vao BT antes);QLP;;;;;;;;;;;;;;;;;;;;
;B-1146608;;;PLANO 14;;;;;;R$ 109.138,53;;JOAO;LALA;;;;Julho 25;;ER-CIND-FAZ-PILOES-RURAL;CAMPO FORMOSO;Energizada;Pendente;;;LV + ENERGZ;;7;;;16;15;;;;;100%;;;jul./1;18/07/2025;25/07/2025;;09/07/2025;;TRUE;TRUE;;;D520441;-10,4772578;-40,3530188;27.801,99;N1-3 CHP;;NÃO É POSSIVEL DESL;RECLAMAÇÃO;;;;;;;;;;;;;;;;;;;;
;B-1158477;;;PLANO 14;;;;;;R$ 157.067,04;;DICSON;RAEL;;;;Julho 25;;RR-SEIN-FAZ-SANTA TEREZA-POV ALECRIM;QUEIMADAS;Em execução;Pendente;;26 79558;LV + ENERGZ;;1;;;18;;;;;;100%;;;jul./1;16/07/2025;22/07/2025;;14/07/2025;;TRUE;TRUE;;;D582546;-11,047114;-39,7604503;26.192,67;N3/N4 C/ CHP;;38 UC'S;GOVERNO;;;;;;;;;;;;;;;;;;;;
;B-1155338;;;PLANO 14;;;;;;R$ 272.368,57;;DICSON;MARCELO;;;;Julho 25;;ER-COEL-FAZ-RIO DO PEIXE-RURAL-QUEIMADAS;QUEIMADAS;Energizada;Pendente;;29 80518;LV + ENERGZ;;3;;;40;42;;;;;100%;;;jul./1;23/07/2025;31/07/2025;;14/07/2025;;TRUE;TRUE;;;E518179;-11,0588737;-39,5505086;67.014,85;N1-3 S/ CHP;;0 UC'S;GOVERNO;;;;;;;;;;;;;;;;;;;;
;B-1148107;;;PLANO 14;;;;;;;;DICSON;MARCELO;;;;Julho 25;;MP CIND POV TIRIRCA E BANABEIRA RURAL;QUEIMADAS;Cancelada;Pendente;;;LV + ENERGZ;;;;;25;;;;;;100%;;;jun./1;;;;CANCELADO;;TRUE;FALSE;FALSE;FALSE;;;;;;;CANCELADA;RECLAMAÇÃO;;;;;;;;;;;;;;;;;;;;
;B-1090074;;;PLANO 14;;;;;;R$ 126.511,97;;DICSON;MARCELO;;;;Julho 25;;MP CIND FAZ MUCAMBO RURAL;QUEIMADAS;Energizada;Pendente;;22 78013;LV + ENERGZ;;1;;;15;21;;;;;100%;;;jun./1;;;;SACADO JUNHO;;TRUE;TRUE;;;D186221;-11,1253775;-39,9327972;;LV N3/4 CHP;;68 UCS;PRIORIDADE PLANO ANEEL;;;;;;;;;;;;;;;;;;;;
;B-1155419;;;PLANO 7;;;;;;R$ 170.766,30;;DICSON;RAEL;;;;Julho 25;;ER-SEIN-POV-CANCELAS-RURAL;QUEIMADAS;Energizada;Pendente;;24 79046;LV + ENERGZ;;4;;;23;23;;;;;100%;;;jul./1;07/07/2025;15/07/2025;;07/07/2025;;TRUE;TRUE;;;P367324;-11,0787966;-39,5842949;38.724,60;N3/N4 S/ CHP;;69 UC'S;GOVERNO;;;;;;;;;;;;;;;;;;;;
;B-1108950;;;PLANO 14;;;;;;R$ 43.099,10;;JOAO;REGINALDO;;;;Julho 25;;ER-CIND-FAZ-CARPINTARIA-NCL PILAR-RURAL;JAGUARARI;Energizada;;;;BT;;5;;;8;9;;;;;100%;;;jul./1;07/07/2025;10/07/2025;;03/07/2025;;TRUE;TRUE;;;B977291;-9,9009181;-39,9627596;13.405,26;;;;REPUTACIONAL;;;;;;;;;;;;;;;;;;;;
;B-1195324;;;PLANO 7;;;;;;R$ 9.811,92;;JOAO;WAGNER;;;;Julho 25;;ER-CIND-RUA-DO CAMPO-CENTRO;ANTONIO GONCALVES;Energizada;;;;BT;;1;;;2;2;;;;;100%;;;jul./1;;;;12/07/2025;;TRUE;TRUE;FALSE;FALSE;D002794;-10,584679;-40,19565;;;;;OBRA +;;;;;;;;;;;;;;;;;;;;
;B-1185391;;;PLANO 7;;;;;;R$ 18.054,49;;JOAO;WAGNER;;;;Julho 25;;ER-CIND-POV-NOVO HORIZONTE-N HORIZONTE;FILADÉLFIA;Energizada;;;;BT;;1;;;3;3;;;;;100%;;;jul./1;;;;12/07/2025;;TRUE;TRUE;FALSE;FALSE;D091313;-10,663457;-40,145658;;;;;OBRA +;;;;;;;;;;;;;;;;;;;;
;B-1188766;;;PLANO 7;;;;;;R$ 16.746,53;;JOAO;WAGNER;;;;Julho 25;;ER-SEIN-ROD-LOMANTO JR-PASSAGEM VELHA;SENHOR DO BONFIM;Energizada;;;;BT;;1;;;3;3;;;;;100%;;;jul./1;;;;12/07/2025;;TRUE;TRUE;FALSE;FALSE;D922253;-10,494315;-40,161061;;;;;OBRA +;;;;;;;;;;;;;;;;;;;;
;B-1209307;;;PLANO 7;;;;;;R$ 13.029,84;;JOAO;WAGNER;;;;Julho 25;;UB-CIND-RUA-LESTE BRASILEIRO-CENTRO-SENH;SENHOR DO BONFIM;Energizada;;;;BT;;1;;;2;2;;;;;100%;;;jul./1;;;;12/07/2025;;TRUE;TRUE;FALSE;FALSE;Q040580;-10,453306;-40,190138;;;;;OBRA +;;;;;;;;;;;;;;;;;;;;
;B-1200655;;;PLANO 7;;;;;;R$ 455.027,69;;JOAO;WAGNER;;;;Julho 25;;IP-SEIN-POV-DISTRITO DE QUICE-RURAL-QUIC;SENHOR DO BONFIM;Energizada;Realizado;;;LV + ENERGZ;;0;;;67;67;;;;;100%;;;jul./1;16/06/2025;12/07/2025;;SACADO JUNHO;;TRUE;TRUE;;;Q049739;-10,5067374;-40,0884618;;N1-3 C/ CHP;;NÃO É POSSIVEL DESL;GOVERNO;;;;;;;;;;;;;;;;;;;;
;B-1193545;;;PLANO 1;;;;;;R$ 1.035.467,34;01/08/2025;DICSON;ALDAIR/BIGODE;;;;Agosto 25;;AL QDD-09S4-CONSTRUCAO;NORDESTINA;Energizada;Realizado;;;LV + ENERGZ;;0;;;71;76;;;;;100%;;;;01/08/2025;30/08/2025;;11/08/2025;;;FALSE;;;D714584;-10,7788284;-39,5621061;;1 N1-3, 3 N1, 1 N4;87134 87135 (LV);;AL/MELHORAMENTO;;;;;;;;;;;;;;;;;;;;
;B-1134327;;;PLANO 14;;;;;;R$ 756.608,39;;DICSON;JEFFERSON;;;;Agosto 25;;LD CIND FAZ SÃO JOÃO RURAL;CANSANÇÃO;;Pendente;;;LV + ENERGZ;;1;;;56;;;;;;50%;;;;;;;;;;;;;E284390;-10.8421072;-39.308;;N3/4;;;PRIORIDADE PLANO ANEEL;;;;;;;;;;;;;;;;;;;;
;B-1137567;;;PLANO 14;;;;;;R$ 465.190,43;;DICSON;JEFFERSON/MARCELO;;;;Agosto 25;;MP CIND-POV-NOVO ACORDO RURAL;CANSANÇÃO;;Realizado;;;LV + ENERGZ;;6;;;51;;;;;;50%;;;;11/08/2025;30/08/2025;;11/08/2025;;TRUE;;;;D708789;-10,7369388;-39,3225267;;1 N4-3 + N3;94547 94548(LV) - 98339-(BT)  98357-(BT);;PRIORIDADE PLANO ANEEL;;;;;;;;;;;;;;;;;;;;
;B-0877780;;;PLANO 14;;;;;;R$ 196.518,35;;DICSON;OSMAR;;;;Agosto 25;;MP-CCOL-FAZ RAIO DO SOL-RURAL;QUEIMADAS;Paralisada;;;;DESL +LV + ENERGZ;;9;;;49;;;;;;50%;;;;;;;;;;;;;Q104891;-10,9814946;-39,6346926;;;;;REPUTACIONAL;;;;;;;;;;;;;;;;;;;;
;B-0940009;;;PLANO 14;;;;;;R$ 178.644,65;01/08/2025;DICSON;JEFFERSON;;;;Agosto 25;;RR-CIND-POV RIACHO DAS P-R PEDRAS-CSC;CANSANÇÃO;Energizada;;;;DESL + ENERGZ;;;;;45;47;;;;;100%;;;;01/08/2025;30/08/2025;;;;TRUE;FALSE;FALSE;FALSE;;;;;N3/N4 S/ CHP;;;REPUTACIONAL;;;;;;;;;;;;;;;;;;;;
;B-1044044;;;PLANO 7;;;;;;R$ 178.644,65;01/08/2025;JOÃO;GESONI;;;;Agosto 25;;MP-CCOL-POV ÁGUA LIMPA-RURAL;FILADÉLFIA;Energizada;Realizado;;;LV + ENERGZ;;2;;;43;37;;;;;100%;;;;01/08/2025;30/08/2025;;;;TRUE;FALSE;FALSE;FALSE;;;;;N1-3 CHP;94577 (LV);;RECLAMAÇÃO;;;;;;;;;;;;;;;;;;;;
;B-1161547;;;PLANO 14;;;;;;R$ 287.956,17;01/08/2025;DICSON;ISRAEL;;;;Agosto 25;;ER-CCOL-POV-BOCA DO MATO-BOCA DO MATO;QUEIMADAS;Energizada;Realizado;;;LV + BT + ENERGZ;;1;;;35;35;;;;;50%;;;;06/08/2025;18/08/2025;;05/08/2025;;TRUE;;;;Q090282;-10,8264401;-39,6008524;;N3/4;97727(LV)      98876(BT)       97525(BT)  ;;GOVERNO;;;;;;;;;;;;;;;;;;;;
;B-1200619;;;PLANO 14;;;;;;R$ 239.433,16;;JOÃO;;;;;Agosto 25;;RR-CIND-POV-LAGEDO RASO-TIQUARA-RURAL;CAMPO FORMOSO;Paralisada;Pendente;;;LV + ENERGZ;;4;;;32;;;;;;100%;;;;;;;;;;;;;E477078;-10.4260454;-40.5242499;;N3/4;;;PRIORIDADE PLANO ANEEL;;;;;;;;;;;;;;;;;;;;
;B-1075602;;;PLANO 7;;;;;;R$ 155.068,88;;DICSON;GESONI;;;;Agosto 25;;AC-CIND-FAZ-NOVA ESPERAN A-RURAL;QUEIMADAS;Em execução;Pendente;;;LV + ENERGZ;;1;;;29;;;;;;100%;;;;25/08/2025;30/08/2025;;18/08/2025;;;;;;D555004;-11,1998166;-39,8280442;;N3;94571(LV)                99742-(BT) ;;RECLAMAÇÃO;;;;;;;;;;;;;;;;;;;;
;B-1148107;;;PLANO 14;;;;;;R$ 240.479,16;;DICSON;GESONI/MARCELO;;;;Agosto 25;;MP CIND POV TIRIRCA E BANABEIRA RURAL;QUEIMADAS;Em execução;Pendente;;;LV + ENERGZ;;5;;;25;;;;;;100%;;;;04/08/2025;16/08/2025;;11/08/2025;;;;;;D277799;-11,2970312;-39,8701245;;1 N4-3;94561 (LV)               99714-(BT);;AIC AUDITORIA;;;;;;;;;;;;;;;;;;;;
;B-1155426;;;PLANO 7;;;;;;R$ 211.324,50;;DICSON;ISRAEL;;;;Agosto 25;;ER-CCOL-POV-VAZEA CURRAL-RURAL;QUEIMADAS;Em execução;Pendente;;;LV + ENERGZ;;1;;;24;;;;;;100%;;;;25/08/2025;30/08/2025;;18/08/2025;;;;;;D205317;-11,0629465;-39,5846894;;N3;94572 (LV)      99788-(BT)    99765-(BT);;GOVERNO;;;;;;;;;;;;;;;;;;;;
;B-0636485;;;PLANO 14;;;;;;R$ 94.527,05;01/08/2025;DICSON;MARCELO;;;;Agosto 25;;MP-CCOL-F. PAPAGAIO-POÇA DA SEREIA-RURAL;QUEIMADAS;Energizada;Realizado;;;LV + ENERGZ;;2;;;23;12;;;;;100%;;;;04/08/2025;16/08/2025;;18/08/2025;;;;;;D314243;-10,9719001;-39,7030752;;N3/4;94573(LV)            100370-(BT);;PRIORIDADE PLANO ANEEL;;;;;;;;;;;;;;;;;;;;
;B-1161877;;;PLANO 7;;;;;;R$ 229.942,73;;DICSON;MARCELO;;;;Agosto 25;;ER-SEIN-POV-BOQUEIRAO-BOQUEIRAO;QUEIMADAS;;Pendente;;;LV + BT + ENERGZ;;1;;;23;;;;;;50%;;;;18/08/2025;23/08/2025;;11/08/2025;;;;;;D668425;-10,9428983;-39,802938;;N3/4;94563(LV)                98206-(BT);;GOVERNO;;;;;;;;;;;;;;;;;;;;
;B-1125291;;;PLANO 7;;;;;;R$ 133.665,40;01/08/2025;JOÃO;REGINALDO;;;;Agosto 25;;ER-SEIN-RUA-SR DO BONFIM-CENTRO;SENHOR DO BONFIM;Energizada;Realizado;;;DESL + LV + BT;;0;;;21;21;;;;;100%;;;;01/08/2025;15/08/2025;;30/07/2025;;TRUE;TRUE;;;Q048210;-10,5414168;-40,0297585;;1 N1;87131(LV) 92857(BT);;GOVERNO;;;;;;;;;;;;;;;;;;;;
;B-1123444;;;PLANO 14;;;;;;R$ 228.835,36;01/08/2025;DICSON;MARCELO/GESONI;;;;Agosto 25;;LD CND FAZ ICHU RURAL;QUEIMADAS;Energizada;Realizado;;;LV + BT + ENERGZ;;3;;;21;21;;;;;100%;;;;18/08/2025;23/08/2025;;18/08/2025;;;;;;D509021;-11,0795708;-39,7370091;;;94570(LV)                98243-(BT);;PRIORIDADE PLANO ANEEL;;;;;;;;;;;;;;;;;;;;
;B-1158477;;;PLANO 14;;;;;;R$ 157.067,04;01/08/2025;DICSON;MARCELO;;;;Agosto 25;;RR-SEIN-FAZ-SANTA TEREZA-POV ALECRIM;QUEIMADAS;Energizada;;;;;;;;;18;15;;;;;100%;;;;06/08/2025;09/08/2025;;;;FALSE;FALSE;FALSE;FALSE;;;;;;;;QLP;;;;;;;;;;;;;;;;;;;;
;B-1125500;;;PLANO 7;;;;;;R$ 137.816,99;01/08/2025;JOÃO;EDVALDO;;;;Agosto 25;;RI-SEIN-POV-PEREIROS-PEREIROS;SENHOR DO BONFIM;Energizada;Realizado;;;LV + DESL;;0;;;16;16;;;;;100%;;;;12/08/2025;26/08/2025;;12/08/2025;;TRUE;TRUE;TRUE;TRUE;Q045408;-10,3815726;-40,0779726;;;92155(LV) 94566(LV);28 99508 FALTA PEX;GOVERNO;;;;;;;;;;;;;;;;;;;;
;B-1093364;;;PLANO 14;;;;;;R$ 155.066,05;01/08/2025;JOÃO;REGINALDO;;;;Agosto 25;;LD CIND RUA DA LINHA RURAL;JAGUARARI;Energizada;Realizado;;;LV + ENERGZ;;1;;;16;16;;;;;100%;;;;25/08/2025;30/08/2025;;12/08/2025;;;;;;Q047507;-10,041521;-40,225644;;1 N4-3;94565(LV)  98414-BT   98438-(BT);;REPUTACIONAL;;;;;;;;;;;;;;;;;;;;
;B-1171504;;;PLANO 14;;;;;;R$ 146.670,43;01/08/2025;JOÃO;REGINALDO;;;;Agosto 25;;MP - CIND FAZ ANGICO BARRINHA - RURAL;JAGUARARI;Energizada;Realizado;;;LV + ENERGZ;;2;;;16;16;;;;;100%;;;;25/08/2025;30/08/2025;;19/08/2025;;;;;;D394389;-9,9059478;-40,1360988;;1 N4-3;94575(LV)                     98805-(BT);;PRIORIDADE PLANO ANEEL;;;;;;;;;;;;;;;;;;;;
;B-1133580;;;PLANO 14;;;;;;R$ 20.301,31;;DICSON;OSMAR;;;;Agosto 25;;ER-CIND-POV-LAGOA DA PEDRA-RURAL;MONTE SANTO;Em execução;Pendente;;;LV + ENERGZ;;0;;;15;;;;;;100%;;;;18/08/2025;12/08/2025;;11/08/2025;;;;;;D939343;-10,4075682;-39,1767321;;1 N1 C/ TRF;94549(LV)        98935(BT)   98942-(BT);;RECLAMAÇÃO;;;;;;;;;;;;;;;;;;;;
;B-1181949;;;PLANO 7;;;;;;R$ 199.612,52;01/08/2025;DICSON;OSMAR/JOSE;;;;Agosto 25;;RC-SEIN-FAZ-QUIQUIM-RURAL-PEDRA VERMELHA;MONTE SANTO;Energizada;Realizado;;;DESL + LV;;0;;;15;13;;;;;100%;;;;11/08/2025;22/08/2025;;;;FALSE;FALSE;FALSE;FALSE;A249997;-10,4424618;-39,3147106;;8 N4;100373(LV);28 e 29 FALTA PEX;GOVERNO;;;;;;;;;;;;;;;;;;;;
;B-1206259;;;PLANO 14;;;;;;R$ 83.756,68;01/08/2025;JOÃO;EDVALDO;;;;Agosto 25;;ER-CIND-POV-CAMPO ALEGRE 5-CAMPO ALEGRE;CAMPO FORMOSO;Energizada;;;;DESL;;4;;;14;14;;;;;100%;;;;18/08/2025;20/08/2025;;18/08/2025;;;;;;E141298;-10.3889012;-40.4038222;;;100385-(BT);21 90857;PRIORIDADE PLANO ANEEL;;;;;;;;;;;;;;;;;;;;
;B-1152994;;;PLANO 7;;;;;;R$ 131.900,16;01/08/2025;DICSON;ANAILTON;;;;Agosto 25;;ER-CIND-FAZ-BOA SORTE 72-RURAL;QUEIMADAS;Energizada;Realizado;;;LV + ENERGZ;;2;;;12;12;;;;;100%;;;;04/08/2025;15/08/2025;;04/08/2025;;TRUE;FALSE;;;D330952;-10,9400017;-39,5565632;;N3/4;99668-(BT) 100986(LV);;PRIORIDADE PLANO ANEEL;;;;;;;;;;;;;;;;;;;;
;B-1141711;;;PLANO 14;;;;;;R$ 87.996,29;01/08/2025;DICSON;OSMAR;;;;Agosto 25;;RR-CIND-POV-PEDRA VERMELHA 40-RURAL;MONTE SANTO;Energizada;Realizado;;;LV + ENERGZ;;5;;;12;17;;;;;100%;;;;18/08/2025;23/08/2025;;11/08/2025;;;;;;A254727;-10,3596809;-39,4978574;;1 N1-3;94560(LV)       99446-(BT)      99415-(BT);;PRIORIDADE PLANO ANEEL;;;;;;;;;;;;;;;;;;;;
;B-1198151;;;PLANO 14;;;;;;R$ 76.005,27;01/08/2025;JOÃO;EDVALDO;;;;Agosto 25;;ER-CIND-FAZ-BARREIRA-RURAL;PINDOBAÇU;Energizada;Realizado;;;LV + ENERGZ;;3;;;11;11;;;;;100%;;;;01/08/2025;06/08/2025;;30/07/2025;;TRUE;;;;Q039185;-10,7272672;-40,3400179;;1 N1-3;;;PRIORIDADE PLANO ANEEL;;;;;;;;;;;;;;;;;;;;
;B-1180267;;;PLANO 7;;;;;;R$ 130.483,38;;JOÃO;;;;;Agosto 25;;ER-CIND-POV-SUMIDOURO-RURAL;CAMPO FORMOSO;Paralisada;Pendente;;;LV + ENERGZ;;1;;;11;;;;;;100%;;;;;;;;;;;;;Q024111;-10,0808017;-40,754031;;N3/4;;;SOLICITAÇÃO ATENDIMENTO;;;;;;;;;;;;;;;;;;;;
;1207058;;;;;;;;;R$ 52.931,28;01/08/2025;JOÃO;JOILSON;;;;Agosto 25;;ER-CIND-FAZ-MATO LIMPO 120-A-RURAL;CAMPO FORMOSO;Energizada;;;;;;3;;;10;10;;;;;100%;;;;01/08/2025;30/08/0205;;;;FALSE;FALSE;FALSE;FALSE;;;;;;;;OBRA ZERO POSTE;;;;;;;;;;;;;;;;;;;;
;B-1164341;;;PLANO 7;;;;;;R$ 82.076,46;01/08/2025;JOÃO;REGINALDO;;;;Agosto 25;;LD CIND RO MINA BARRINHA RURAL;JAGUARARI;Energizada;Realizado;;;LV + ENERGZ;;3;;;10;10;;;;;100%;;;;18/08/2025;23/08/2025;;19/08/2025;;;;;;Q066751;-9,8813412;-39,9348223;;1 N4-3;94574(LV)        98769-(BT);;PRIORIDADE PLANO ANEEL;;;;;;;;;;;;;;;;;;;;
;B-1181110;;;PLANO 7;;;;;;R$ 54.909,15;01/08/2025;DICSON;JEFFERSON;;;;Agosto 25;;UB-CIND-RUA-VALDOMIRO SANTOS-TAPERA;CANSANÇÃO;Energizada;;;;DESL + BT;;3;;;9;9;;;;;100%;;;;05/08/2025;08/08/2025;;06/08/2025;;FALSE;;;;B706964;-10,661654;-39,4849137;;2 BI;98271                          95174-95174-(BT);26 95174;PRIORIDADE PLANO ANEEL;;;;;;;;;;;;;;;;;;;;
;B-1088855;;;PLANO 14;;;;;;R$ 33.497,18;;JOÃO;ISRAEL;;;;Agosto 25;;ER-CIND-FAZ-ALEGRE-ROMULO CAMPOS;ITIÚBA;Paralisada;;;;BT;;1;;;9;;;;;;100%;;;;06/08/2025;12/08/2025;;06/08/2025;;;;;;D301468;-10,7715694;-39,6952645;;;;;RECLAMAÇÃO;;;;;;;;;;;;;;;;;;;;
;B-1175533;;;PLANO 14;;;;;;R$ 91.398,66;;DICSON;OSMAR;;;;Agosto 25;;ER-CIND-POV-LAGOA GRANDE-RURAL;MONTE SANTO;Em execução;Pendente;;;LV + ENERGZ;;2;;;9;;;;;;100%;;;;11/08/2025;20/08/2025;;11/08/2025;;;;;;A284303;-10,1943803;-39,4088117;;1 N1 C/ TRF;94559(LV)                  99036-(BT);;PRIORIDADE PLANO ANEEL;;;;;;;;;;;;;;;;;;;;
;B-1040506;;;PLANO 14;;;;;;R$ 44.893,51;01/08/2025;DICSON;OSMAR;;;;Agosto 25;;ER-CIND-PR -STO ANTONIO-LAGOA DO MEIO;MONTE SANTO;Energizada;;;;BT;;2;;;8;8;;;;;100%;;;;04/08/2025;09/08/2025;;04/08/2025;;TRUE;TRUE;;;D613020 ;-10,6260534;-39,3933698;;;;;RECLAMAÇÃO;;;;;;;;;;;;;;;;;;;;
;B-1167483;;;PLANO 14;;;;;;R$ 73.274,38;01/08/2025;JOÃO;REGINALDO;;;;Agosto 25;;ER-CIND-ET-VELHA CARRAPICHEL-RURAL-CARRA;SENHOR DO BONFIM;Energizada;Realizado;;;LV +  ENERGZ;;2;;;8;8;;;;;100%;;;;02/08/2025;15/08/2025;;02/08/2025;;TRUE;;;;Q043743;-10,3916105;-40,1605891;;1 N1;90942(LV) 92850(BT);;RECLAMAÇÃO;;;;;;;;;;;;;;;;;;;;
;B-1138650;;;PLANO 7;;;;;;R$ 71.767,33;;JOÃO;;;;;Agosto 25;;ER-CCOL-FAZ-BEIRA DAGUA 51-RURAL;ITIÚBA;Paralisada;Pendente;;;LV + ENERGZ;;3;;;8;;;;;;100%;;;;;;;;;;;;;Q097715;-10,6050323;-39,7385837;;1 N1-3;;;PRIORIDADE PLANO ANEEL;;;;;;;;;;;;;;;;;;;;
;B-1134498;;;PLANO 14;;;;;;R$ 101.240,94;01/08/2025;DICSON;JOSE;;;;Agosto 25;;LD-CCOL-POV.VARZEA DOS BOIS RURAL;MONTE SANTO;Energizada;Realizado;;;LV + ENERGZ;;3;;;7;15;;;;;100%;;;;11/08/2025;15/08/2025;;11/08/2025;;;;;;D244428;-10,5447593;-39,4366355;;N3/4;94556(LV)                  99007-(BT)  ;;REPUTACIONAL;;;;;;;;;;;;;;;;;;;;
;B-1166043;;;PLANO 14;;;;;;R$ 40.464,23;01/08/2025;JOÃO;REGINALDO;;;;Agosto 25;;ER-CIND-POV-DE BARAUNA-RURAL;SENHOR DO BONFIM;Energizada;Realizado;;;LV + BT;;0;;;7;7;;;;;100%;;;;02/08/2025;15/08/2025;;02/08/2025;;TRUE;;;;D383282;-10,430019;-40,1397818;;1 N1;90941(LV) 91943 (BT);;JUDICIAL;;;;;;;;;;;;;;;;;;;;
;B-1184458;;;PLANO 7;;;;;;R$ 71.093,68;01/08/2025;DICSON;JOSE;;;;Agosto 25;;ER-CIND-FAZ-LAGOA DA VOLTA-RURAL;MONTE SANTO;Energizada;Realizado;;;LV + ENERGZ;;1;;;7;7;;;;;100%;;;;01/08/2025;30/08/2025;;;;TRUE;FALSE;FALSE;FALSE;;;;;N1 C/ TRF;87136(LV)                  99065-(BT);;SOLICITAÇÃO ATENDIMENTO;;;;;;;;;;;;;;;;;;;;
;1161733;;;;;;;;;R$ 37.818,78;01/08/2025;JOÃO;EDVALDO;;;;Agosto 25;;ER-CIND-POV-MAMAO-RURAL;SENHOR DO BONFIM;Energizada;;;;;;1;;;6;6;;;;;100%;;;;01/08/2025;30/08/0205;;;;FALSE;FALSE;FALSE;FALSE;;;;;;;;MAIS OBRAS;;;;;;;;;;;;;;;;;;;;
;B-1140968;;;PLANO 14;;;;;;R$ 87.241,46;01/08/2025;DICSON;ANAILTON;;;;Agosto 25;;ER-CCOL-POV-JACURICI-RURAL;QUEIMADAS;Energizada;Realizado;;;LV + ENERGZ;;3;;;6;6;;;;;100%;;;;04/08/2025;15/08/2025;;04/08/2025;;TRUE;;;;D714428;-10,9319149;-39,6263993;;N3 + 1 N1 C/TRF;2025-95776 (LV)    99625-(BT)     99596-(BT);;RECLAMAÇÃO;;;;;;;;;;;;;;;;;;;;
;B-1125553;;;PLANO 8;;;;;;R$ 100.355,98;01/08/2025;DICSON;JOSE;;;;Agosto 25;;RC-PREF-ROD-BA 220 -FAZ LAGOA DA VOLTA;MONTE SANTO;Energizada;;;;DESL;;;;;6;6;;;;;100%;;;;01/08/2025;30/08/2025;;;;TRUE;FALSE;FALSE;FALSE;;;;;;;26 95173 ;GOVERNO;;;;;;;;;;;;;;;;;;;;
;B-1108596;;;PLANO 14;;;;;;R$ 34.145,78;01/08/2025;JOÃO;REGINALDO;;;;Agosto 25;;ER-CIND-POV-RODEADOR-RURAL;SENHOR DO BONFIM;Energizada;Realizado;;;LV + BT;;1;;;5;5;;;;;100%;;;;02/08/2025;05/08/2025;;02/08/2025;;TRUE;;;;D211939;-10,6279275;-40,0678544;;4 N1;90939(LV) 91958(BT);;RECLAMAÇÃO;;;;;;;;;;;;;;;;;;;;
;B-1192137;;;PLANO 7;;;;;;R$ 58.088,16;;JOÃO;;;;;Agosto 25;;ER-CIND-POV-PICOS-RURAL;ITIÚBA;Paralisada;;;;DESL;;1;;;5;;;;;;100%;;;;;;;;;;;;;D294689;-10,6321634;-39,8987568;;;;;GOVERNO;;;;;;;;;;;;;;;;;;;;
;B-1190677;;;PLANO 7;;;;;;R$ 27.427,36;01/08/2025;JOÃO;REGINALDO;;;;Agosto 25;;ER-CIND-POV-PASSAGEM VELHA-RURAL;SENHOR DO BONFIM;Energizada;;;;BT;;1;;;4;4;;;;;100%;;;;01/08/2025;01/08/2025;;26/07/2025;;TRUE;TRUE;FALSE;FALSE;E524678;-10.5146881;-40.1634207;;;89451 (BT);;REPUTACIONAL;;;;;;;;;;;;;;;;;;;;
;B-1174765;;;PLANO 14;;;;;;R$ 23.217,49;01/08/2025;DICSON;OSMAR;;;;Agosto 25;;ER-CIND-POV-PEDRA BRANCA-RURAL;MONTE SANTO;Energizada;;;;BT;;2;;;4;4;;;;;100%;;;;04/08/2025;06/08/2025;;04/08/2025;;TRUE;TRUE;;;D130220;-10,3166437;-39,1912018;;;                         97538(BT) ;;RECLAMAÇÃO;;;;;;;;;;;;;;;;;;;;
;B-1037436;;;PLANO 7;;;;;;R$ 11.161,27;01/08/2025;DICSON;JEFFERSON;;;;Agosto 25;;ER-CIND-POV-CAETANO 1063-RURAL;CANSANÇÃO;Energizada;;;;BT;;2;;;3;3;;;;;100%;;;;05/08/2025;09/08/2025;;06/08/2025;;TRUE;;;;Q098496;-10,6152839;-39,4978524;;;97390-BT;;REPUTACIONAL;;;;;;;;;;;;;;;;;;;;
;B-1161840;;;PLANO 14;;;;;;R$ 19.291,77;01/08/2025;DICSON;OSMAR;;;;Agosto 25;;ER-CCOL-POV-MUNDO NOVO 819-MUNDO NOVO;MONTE SANTO;Energizada;Realizado;;;LV + ENERGZ;;2;;;3;3;;;;;100%;;;;04/08/2025;12/08/2025;;04/08/2025;;TRUE;TRUE;;;B028449;-10,3771813;-39,561118;;1 N1 C/ TRF;99108(LV)       98911-(BT);;RECLAMAÇÃO;;;;;;;;;;;;;;;;;;;;
;B-1159223;;;PLANO 14;;;;;;R$ 31.665,57;01/08/2025;JOÃO;REGINALDO;;;;Agosto 25;;ER-CIND-POV-PEDRO DE SOUZA-RURAL;SENHOR DO BONFIM;Energizada;Realizado;;;LV + BT;;1;;;3;3;;;;;100%;;;;11/08/2025;15/08/2025;;06/08/2025;;;;;;B747201;-10.5193497;-40.1013881;;;91293 (LV) 91935 (BT);;GOVERNO;;;;;;;;;;;;;;;;;;;;
;B-1167135;;;PLANO 14;;;;;;R$ 21.689,46;01/08/2025;JOÃO;REGINALDO;;;;Agosto 25;;ER-SEIN-FAZ-RAPOSA-QUICE;SENHOR DO BONFIM;Energizada;Realizado;;;LV + BT;;1;;;3;3;;;;;100%;;;;20/08/2025;20/08/2025;;30/07/2025;;TRUE;;;;B111674;-10,5759862;-39,9829443;;1 N1;90930(LV) 91930(BT);;GOVERNO;;;;;;;;;;;;;;;;;;;;
;B-1134925;;;PLANO 7;;;;;;R$ 17.257,70;01/08/2025;JOÃO;ISRAEL;;;;Agosto 25;;UB-CIND-RUA-DO CURRAL-CENTRO-ANDORINHA;ANDORINHAS;Energizada;;;;BT;;5;;;3;3;;;;;100%;;;;21/08/2025;22/08/2025;;19/08/2025;;;;;;B056335;-10,3473042;-39,8288778;;;97286(BT);;PRIORIDADE PLANO ANEEL;;;;;;;;;;;;;;;;;;;;
;B-1181184;;;PLANO 7;;;;;;R$ 22.780,12;01/08/2025;JOÃO;REGINALDO;;;;Agosto 25;;UB-CIND-ROD-LOMANTO JUNIOR-O GONCALVES;JAGUARARI;Energizada;Realizado;;;LV + ENERGZ;;1;;;3;3;;;;;100%;;;;18/08/2025;23/08/2025;;12/08/2025;;;;;;D508730;-10,259165;-40,1860245;;1 N1;94564(LV) 95466(BT);;RECLAMAÇÃO;;;;;;;;;;;;;;;;;;;;
;B-1165543;;;PLANO 7;;;;;;R$ 184.949,75;01/08/2025;JOÃO;ISRAEL;;;;Agosto 25;;UB-CIND-RUA-SIMOES-N S DA CONCEI O;ITIÚBA;Energizada;;;;BT;;6;;;3;2;;;;;100%;;;;01/08/2025;30/08/2025;;;;TRUE;FALSE;FALSE;FALSE;;;;;;97525(BT);;PRIORIDADE PLANO ANEEL;;;;;;;;;;;;;;;;;;;;
;B-1152856;;;PLANO 7;;;;;;R$ 114.607,64;;DICSON;ALDAIR;;;;Agosto 25;;AC-CIND-POV-ANGIGAL-RURAL;NORDESTINA;Em execução;Pendente;;;LV + REGULADOR;;0;;;3;;;;;;100%;;;;01/08/2025;30/08/2025;;18/08/2025;;FALSE;FALSE;FALSE;FALSE;;;;;;100686 (LV);;TRANSGRESSÃO;;;;;;;;;;;;;;;;;;;;
;1190192;;;;;;;;;R$ 9.324,71;01/08/2025;JOÃO;JOILSON;;;;Agosto 25;;ER-CIND-RUA-APOLONIO-CJATOBA;PINDOBACU;Energizada;;;;;;2;;;2;2;;;;;100%;;;;01/08/2025;30/08/0205;;;;FALSE;FALSE;FALSE;FALSE;;;;;;;;MAIS OBRAS;;;;;;;;;;;;;;;;;;;;
;B-1166474;;;PLANO 14;;;;;;R$ 12.221,81;01/08/2025;JOÃO;REGINALDO;;;;Agosto 25;;ER-CIND-POV LAGOA DO COXO-RURAL;SENHOR DO BONFIM;Energizada;;;;BT;;1;;;2;2;;;;;100%;;;;02/08/2025;08/08/2025;;02/08/2025;;TRUE;;;;D912981;-10,5808311;-40,1267837;;;89899 (BT);;RECLAMAÇÃO;;;;;;;;;;;;;;;;;;;;
;B-0995799;;;PLANO 7;;;;;;R$ 10.875,48;01/08/2025;JOÃO;ISRAEL;;;;Agosto 25;;AC-CIND-POV-CARRAPATO-RURAL;ITIÚBA;Energizada;Realizado;;;LV + ENERGZ;;3;;;2;2;;;;;100%;;;;06/08/2025;16/08/2025;;06/08/2025;;;;;;D003910;-10,7104037;-40,0180293;;1 N1 + 1 N1 C/TRF;2025-95772;;PRIORIDADE PLANO ANEEL;;;;;;;;;;;;;;;;;;;;
;B-1198592;;;PLANO 8;;;;;;R$ 35.783,80;01/08/2025;JOÃO;REGINALDO;;;;Agosto 25;;ME-COEL-RUA-PAULO COELHO-CENTRO;SENHOR DO BONFIM;Energizada;Realizado;;;LV + DESL;;0;;;2;2;;;;;100%;;;;19/08/2025;19/08/2025;;18/08/2025;;FALSE;FALSE;FALSE;FALSE;D196699;-10,467071;-40,1840712;;;;20 90712;GOVERNO;;;;;;;;;;;;;;;;;;;;
;B-1177723;;;PLANO 1;;;;;;R$ 291.107,74;01/08/2025;DICSON;ALDAIR;;;;Agosto 25;;AL-02-NOR-CONSTR-EQ;NORDESTINA;Energizada;Realizado;;;LV + ENERGZ;;1;;;2;2;;;;;100%;;;;01/08/2025;30/08/2025;;;;TRUE;FALSE;FALSE;FALSE;;;;;2 N1 C/ REGUL;;;AL/MELHORAMENTO;;;;;;;;;;;;;;;;;;;;
;B-1176389;;;PLANO 1;;;;;;R$ 388.702,22;01/08/2025;DICSON;ALDAIR;;;;Agosto 25;;AL-NOR-01N1-RECOND-EQUIPAMENTO;NORDESTINA;Energizada;Realizado;;;LV + ENERGZ;;0;;;2;2;;;;;100%;;;;01/08/2025;30/08/2025;;;;TRUE;FALSE;FALSE;FALSE;;;;;2 N1 C/ REGUL;;;AL/MELHORAMENTO;;;;;;;;;;;;;;;;;;;;
;B-1165914;;;PLANO 8;;;;;;R$ 525.831,16;;DICSON;ALDAIR;;;;Agosto 25;;EQ-COEL-RUA-MARCOS DE JESUS-ALTO DAS POP;NORDESTINA;Paralisada;Pendente;;;LV + ENERGZ;;0;;;2;;;;;;0%;;;;01/08/2025;30/08/2025;;;;TRUE;FALSE;FALSE;FALSE;;;;;2 N1 E RELOC REGUL;94567(LV);;AL/MELHORAMENTO;;;;;;;;;;;;;;;;;;;;
;B-1150105;;;PLANO 7;;;;;;R$ 9.683,00;;JOÃO;REGINALDO;;;;Agosto 25;;RR-CIND-ROD-BR 407-RURAL;SENHOR DO BONFIM;Paralisada;Pendente;;;LV;;0;;;1;;;;;;100%;;;;02/08/2025;04/08/2025;;02/08/2025;;FALSE;FALSE;FALSE;FALSE;D570916;-10,4771384;-40,1681173;;1 CE1 CE3;90938(LV);;TRANSGRESSÃO;;;;;;;;;;;;;;;;;;;;
;B-1198161;;;PLANO 7;;;;;;R$ 7.643,61;01/08/2025;JOÃO;ISRAEL;;;;Agosto 25;;ER-CCOL-FAZ-QUIXABEIRA-RURAL;ITIÚBA;Energizada;;;;BT;;1;;;1;1;;;;;100%;;;;06/08/2025;07/08/2025;;06/08/2025;;;;;;D401973;-10,5473803;-39,8069426;;;97478(BT);;GOVERNO;;;;;;;;;;;;;;;;;;;;
;B-1215852;;;PLANO 7;;;;;;R$ 37.457,04;01/08/2025;JOÃO;REGINALDO;;;;Agosto 25;;UB-CIND-RUA-DA ENTRADA-CENTRO ANDORINHA;ANDORINHAS;Energizada;Realizado;;;LV + DESL ;;;;;1;1;;;;;100%;;;;06/08/2025;09/08/2025;;25/08/2025;;FALSE;FALSE;FALSE;FALSE;;;;;1 N1-3;100595 (LV);27 95157 95181;;;;;;;;;;;;;;;;;;;;;
;B-1214384;;;PLANO 8;;;;;;R$ 29.696,14;01/08/2025;JOÃO;EDVALDO;;;;Agosto 25;;ME-COEL-CO-BOSQUE DAS MANGUEIRAS-CENTRO;CAMPO FORMOSO;Energizada;Realizado;;;LV;;0;;;1;1;;;;;100%;;;;06/08/2025;09/08/2025;;06/08/2025;;;;;;D271667;-10,5388285;-40,3958004;;1 N1 + CAP;;;AL/MELHORAMENTO;;;;;;;;;;;;;;;;;;;;
;B-1192007;;;PLANO 7;;;;;;R$ 8.814,01;01/08/2025;DICSON;ANAILTON;;;;Agosto 25;;ER-CIND-FAZ-RIACHAO-RIACHO DOS BOIS;QUEIMADAS;Energizada;Realizado;;;LV + BT;;1;;;1;1;;;;;100%;;;;04/08/2025;15/08/2025;;04/08/2025;;TRUE;;;;D228474;-10,9041745;-39,5975937;;1 N1;94170(LV);;RECLAMAÇÃO;;;;;;;;;;;;;;;;;;;;
;B-1199714;;;PLANO 8;;;;;;R$ 131.264,76;;DICSON;JEFFERSON;;;;Agosto 25;;IE-RELIGADOR-JAC-09Z3-Q097526;CANSANÇÃO;Em execução;Pendente;;;LV;;0;;;1;;;;;;100%;;;;22/08/2025;22/08/2025;;18/08/2025;;;;;;Q090197;-10,6667636;-39,5065648;;1 RELIG;94576(LV);;AL/MELHORAMENTO;;;;;;;;;;;;;;;;;;;;
;1188374;;;;;;;;;R$ 2.466,42;01/08/2025;JOÃO;EDVALDO;;;;Agosto 25;;ER-CIND-POV-LAGOA DA ROCA-LAGOA DA ROCA;CAMPO FORMOSO;Energizada;;;;;;1;;;0;0;;;;;100%;;;;01/08/2025;30/08/0205;;;;FALSE;FALSE;FALSE;FALSE;;;;;;;;OBRA ZERO POSTE;;;;;;;;;;;;;;;;;;;;
;1202020;;;;;;;;;R$ 1.449,89;01/08/2025;JOÃO;REGINALDO;;;;Agosto 25;;ER-CIND-FAZ-GATO-RURAL;ITIUBA;Energizada;;;;;;1;;;0;0;;;;;100%;;;;01/08/2025;30/08/0205;;;;FALSE;FALSE;FALSE;FALSE;;;;;;;;OBRA ZERO POSTE;;;;;;;;;;;;;;;;;;;;
;1174584;;;;;;;;;R$ 1.449,89;01/08/2025;JOÃO;REGINALDO;;;;Agosto 25;;ER-CIND-POV-CARRAPATO-RURAL;ITIUBA;Energizada;;;;;;1;;;0;0;;;;;100%;;;;01/08/2025;30/08/0205;;;;FALSE;FALSE;FALSE;FALSE;;;;;;;;OBRA ZERO POSTE;;;;;;;;;;;;;;;;;;;;
;B-1172820;;;PLANO 7;;;;;;R$ 14.670,89;01/08/2025;JOÃO;EDVALDO;;;;Agosto 25;;ER-CIND-POV-TAPUIA 942-RURAL;SENHOR DO BONFIM;Energizada;Realizado;;;LV +  ENERGZ;;1;;;0;0;;;;;100%;;;;02/08/2025;04/08/2025;;02/08/2025;;;;;;Q044197;-10,3663569;-40,0748063;;TRF;90937(LV) 92853(BT);;RECLAMAÇÃO;;;;;;;;;;;;;;;;;;;;
;B-1127991;;;PLANO 14;;;;;;R$ 13.361,61;01/08/2025;JOÃO;GESONI;;;;Agosto 25;;ER-CIND-POV-DERROTA 1010-RURAL;PONTO NOVO;Energizada;Realizado;;;LV + ENERGZ;;1;;;0;0;;;;;100%;;;;04/08/2025;08/08/2025;;01/08/2025;;TRUE;;;;D184986;-10,9242311;-40,1475487;;TRF;90932(LV) 92085(BT);;RECLAMAÇÃO;;;;;;;;;;;;;;;;;;;;
;B-1196953;;;PLANO 7;;;;;;R$ 5.302,40;01/08/2025;JOÃO;GESONI;;;;Agosto 25;;AC-CIND-RUA-DO CAMPO-CENTRO;FILADÉLFIA;Energizada;;;;DESL;;0;;;0;1;;;;;100%;;;;14/08/2025;14/08/2025;;18/08/2025;;;;;;D700717;-10,7516911;-40,1229423;;;92069(LV);19 90721;RECLAMAÇÃO;;;;;;;;;;;;;;;;;;;;
;B-1183168;;;PLANO 14;;;;;;R$ 159.373,98;;DICSON;OSMAR;;;;Agosto 25;;RR-CIND-POV-LAGOA DA PEDRA-RURAL MONTE S;MONTE SANTO;Cancelada;Pendente;;;LV + BT + ENERGZ;;2;;;0;;;;;;100%;;;;18/08/2025;30/08/2025;;;;;;;;D939343;-10,4075682;-39,1767321;;N3/4;;;PRIORIDADE PLANO ANEEL;;;;;;;;;;;;;;;;;;;;
;B-1194252;;;PLANO 1;;;;;;R$ 390.193,62;01/08/2025;DICSON;ALDAIR;;;;Agosto 25;;RS-AL 2-COEL-SE NORDESTINA II     subt;NORDESTINA;Energizada;;;;SE;;0;;;0;0;;;;;100%;;;;01/08/2025;30/08/2025;;;;FALSE;FALSE;FALSE;FALSE;;;;;;;;AL/MELHORAMENTO;;;;;;;;;;;;;;;;;;;;
;B-1192755;;;PLANO 7;;;;;;R$ 1.060.332,60;;JOÃO;ALDAIR/GESONI;;;;Setembro 25;;RR-SEIN-FAZ-CORRENCIA-RURAL;JAGUARARI;Em execução;Pendente;;113355;LV + ENERGZ;;1;;;105;;;;;;100%;;;ago./1;08/09/2025;30/09/2025;;16/09/2025;;FALSE;FALSE;FALSE;FALSE;D253996;-10,0171927;-39,8492799;;1 N1-3;108859(LV);29/09;GOVERNO;-10.0171927,-39.8492799;E860609 - E860713;Não precisa;;;;;;;;;;;;;;;;;
;B-1134327;;;PLANO 14;;;;;;R$ 756.608,39;;DICSON;JEFERSON;;;;Setembro 25;;LD CIND FAZ SÃO JOÃO RURAL;CANSANÇÃO;Em execução;Pendente;;113356;LV + ENERGZ;;1;;;56;;;;;;100%;;;ago./1;14/09/2025;30/09/2025;;15/09/2025;;;;;;E284390;-10.8421072;-39.308;;N3/4;108861(LV);29/09;PRIORIDADE PLANO ANEEL;-10.8421072,-39.308;E843809 - E843864;Não precisa;;;;;;;;;;;;;;;;;
;B-1137567;;;PLANO 14;;;;;;R$ 465.190,43;;DICSON;JEFERSON;;;;Setembro 25;;MP CIND-POV-NOVO ACORDO RURAL;CANSANÇÃO;Energizada;Pendente;;;LV + ENERGZ;;6;;;51;;;;;;100%;;;ago./1;20/08/2025;13/09/2025;;;;TRUE;;;;D708789;-10,7369388;-39,3225267;;1 N4-3 + N3;94547 94548(LV) 98339(BT)  98357(BT);;PRIORIDADE PLANO ANEEL;-10.7369388,-39.3225267;E843869 - E843919;Não precisa;;;;;;;;;;;;;;;;;
;B-0877780;;;PLANO 14;;;;;;R$ 196.839,24;;DICSON;MARCELO;;;;Setembro 25;;MP-CCOL-FAZ RAIO DO SOL-RURAL;QUEIMADAS;Em execução;Pendente;;111338;DESL + LV + BT + ENERGZ;;9;;;49;;;;;;100%;;;ago./1;19/09/2025;30/09/2025;;15/09/2025;;FALSE;FALSE;FALSE;FALSE;Q104891;-10,9814946;-39,6346926;;N1/3;108873(LV);27/09;REPUTACIONAL;-10.9814946,-39.6346926;E843924 - E843973;Não precisa;;;;;;;;;;;;;;;;;
;B-1154340;;;PLANO 14;;;;;;R$ 339.861,54;;DICSON;OSMAR;;;;Setembro 25;;MP-CIND-POV-SANTA ROSA-RURAL-MOD;MONTE SANTO;Energizada;Pendente;;;LV + ENERGZ;;6;;;37;;;;;;100%;;;ago./1;22/09/2025;30/09/2025;;15/09/2025;;FALSE;TRUE;FALSE;FALSE;A284276;-10,1933987;-39,4527863;;N4-3;108882(LV);;PRIORIDADE PLANO ANEEL;-10.1933987,-39.4527863;E860407 - E860443;https://drive.google.com/file/d/1Fcuhka_18iXbaxSIoli_oFijEgGvt3IC/view?usp=drive_link;;;;;;;;;;;;;;;;;
;B-1180936;;;PLANO 7;;;;;;R$ 290.366,94;;JOÃO;REGINALDO;;;;Setembro 25;;ER-CCOL-POV TANQUE VELHO-TANQUE VELHO;JAGUARARI;Energizada;Pendente;;;LV + ENERGZ;;8;;;37;;;;;;100%;;;ago./1;09/09/2025;20/09/2025;;09/09/2025;;FALSE;TRUE;FALSE;FALSE;Q046632;-10,2120057;-40,1889997;;N1-3;108860(LV)   ENERG-(112562);;GOVERNO;-10.2120057,-40.1889997;E860444 - E860480;Não precisa;;;;;;;;;;;;;;;;;
;B-1171500;;;PLANO 14;;;;;;R$ 269.705,40;;JOÃO;REGINALDO;;;;Setembro 25;;MP - CIND - POV VARZEA DA PEDRA - RURAL;JAGUARARI;Energizada;Pendente;;113357;LV + ENERGZ;;3;;;36;;;;;;100%;;;ago./1;22/09/2025;30/09/2025;;22/09/2025;;FALSE;FALSE;FALSE;FALSE;D002995;-10,2197973;-40,0382803;;N3/N4;108884(LV);30/09;PRIORIDADE PLANO ANEEL;-10.2197973,-40.0382803;E860481 - E860516;Não precisa;;;;;;;;;;;;;;;;;
;B-0583003;;;PLANO 14;;;;;;R$ 387.155,97;;DICSON;JOSE;;;;Setembro 25;;MP-CCOL-POV. FOVEIRO - COMPL. I-RURAL;MONTE SANTO;Energizada;Pendente;;;LV + ENERGZ;;5;;;33;;;;;;100%;;;ago./1;22/09/2025;30/09/2025;;15/09/2025;;FALSE;TRUE;FALSE;FALSE;D366157;-10,365062;-39,3533881;;N3;108881(LV);;RECLAMAÇÃO;-10.365062,-39.3533881;E860370 - E860402;https://drive.google.com/file/d/15XutZB2Evn28tTauCeUks27-QxnBieO0/view?usp=drive_link;;;;;;;;;;;;;;;;;
;B-1066471;;;PLANO 14;;;;;;R$ 241.890,75;;DICSON;ANAILTON;;;;Setembro 25;;MP-CCOL RUA DO CAMPO RURAL;NORDESTINA;Energizada;Pendente;;112625(25) 110216(26) ;DESL + LV + BT + ENERGZ;;18;;;29;;;;;;100%;;;ago./1;15/09/2025;30/09/2025;;15/09/2025;;FALSE;FALSE;FALSE;FALSE;Q108264;-10,7844436;-39,5742173;;4 N1, 2 N3-3, 1 N4; ENERG-(112568)   BT-(112574);26/09 25/09;GOVERNO;-10.7844436,-39.5742173;E860361 - E860389;https://drive.google.com/file/d/1L395ttYUHG8qr0tgjS2oTbHVsg7RPRiy/view?usp=drive_link;;;;;;;;;;;;;;;;;
;B-1075602;;;PLANO 7;;;;;;R$ 155.068,88;;DICSON;GESONI;;;;Setembro 25;;AC-CIND-FAZ-NOVA ESPERAN A-RURAL;QUEIMADAS;Energizada;Pendente;;;LV + ENERGZ;;1;;;29;;;;;;100%;;;ago./1;01/09/2025;19/09/2025;;;;TRUE;;;;D555004;-11,1998166;-39,8280442;;N3;94571(LV) 99742(BT) ;;RECLAMAÇÃO;-11.1998166,-39.8280442;E844059 - E844087;Não precisa;;;;;;;;;;;;;;;;;
;B-1148107;;;PLANO 14;;;;;;R$ 240.479,16;;DICSON;EDVALDO;;;;Setembro 25;;MP CIND POV TIRIRCA E BANABEIRA RURAL;QUEIMADAS;Energizada;Pendente;;;LV + ENERGZ;;5;;;25;;;;;;100%;;;ago./1;26/08/2025;11/09/2025;;;;TRUE;;;;D277799;-11,2970312;-39,8701245;;1 N4-3;94561 (LV) 99714(BT);;AIC AUDITORIA;-11.2970312,-39.8701245;E844089 - E844113;Não precisa;;;;;;;;;;;;;;;;;
;B-1155426;;;PLANO 7;;;;;;R$ 211.324,50;;DICSON;ISRAEL;;;;Setembro 25;;ER-CCOL-POV-VAZEA CURRAL-RURAL;QUEIMADAS;Energizada;Pendente;;;LV + ENERGZ;;1;;;24;;;;;;100%;;;ago./1;25/08/2025;13/09/2025;;;;TRUE;;;;D205317;-11,0629465;-39,5846894;;N3;94572 (LV) 99788(BT) 99765(BT);;GOVERNO;-11.0629465,-39.5846894;E844114 -E844138;Não precisa;;;;;;;;;;;;;;;;;
;B-1161877;;;PLANO 7;;;;;;R$ 229.942,73;;DICSON;MARCELO;;;;Setembro 25;;ER-SEIN-POV-BOQUEIRAO-BOQUEIRAO;QUEIMADAS;Energizada;Pendente;;;LV + BT + ENERGZ;;1;;;23;;;;;;100%;;;ago./1;08/09/2025;18/09/2025;;;;TRUE;;;;D668425;-10,9428983;-39,802938;;N3/4;94563(LV) 98206(BT);;GOVERNO;-10.9428983,-39.802938;E844162 - E844184;Não precisa;;;;;;;;;;;;;;;;;
;B-0984964;;;PLANO 14;;;;;;R$ 91.671,67;;JOÃO;JOILSON;;;;Setembro 25;;ER-CIND-RUA-PE DE MONTE 4566 --B-RURAL;SENHOR DO BONFIM;Energizada;Pendente;;104957;DESL + LV + BT + ENERGZ;;1;;;16;;;;;;100%;;;ago./1;08/09/2025;19/09/2025;;12/09/2025;;FALSE;FALSE;FALSE;FALSE;Q050602;-10,4446056;-40,1845477;;1 N1-3;108858(LV)  112307-BT  112323 LV;17/09;QLP;-10.4446056,-40.1845477;E860295 - E860310;https://drive.google.com/file/d/1lVKEGoWiGQTI4bK-KlYSpv4p_eLZ7aqK/view?usp=drive_link;;;;;;;;;;;;;;;;;
;B-1133580;;;PLANO 14;;;;;;R$ 20.301,31;;DICSON;OSMAR;;;;Setembro 25;;ER-CIND-POV-LAGOA DA PEDRA-RURAL;MONTE SANTO;Energizada;Pendente;;;LV + ENERGZ;;0;;;15;;;;;;100%;;;ago./1;03/09/2025;09/09/2025;;;;TRUE;;;;D939343;-10,4075682;-39,1767321;;1 N1 C/ TRF;94549(LV) 98935(BT) 98942(BT);;RECLAMAÇÃO;-10.4075682,-39.1767321;E860581 - E860595;https://drive.google.com/file/d/13kLp5DcUZzfTZjqJ3_0HZhloS8eHQ6-P/view?usp=drive_link;;;;;;;;;;;;;;;;;
;B-1092121;;;PLANO 14;;;;;;R$ 66.090,67;;JOÃO;EDVALDO;;;;Setembro 25;;RR-CIND-POV-CACHIMBO-CACHIMBO;PINDOBAÇU;Energizada;Pendente;;108905;DESL + ENERGZ;;1;;;14;;;;;;100%;;;ago./1;18/09/2025;23/09/2025;;12/09/2025;;FALSE;FALSE;FALSE;FALSE;Q058253;-10,79384;-40,253584;;;112323(ENERG);23/09;NOVOS QUESTIONAMENTOS ANEEL;-10.79384,-40.253584;E860551 - E860564;https://drive.google.com/file/d/1DQsb8w17yKBWCeMkzhT4I3uPMPqGQt8z/view?usp=drive_link;;;;;;;;;;;;;;;;;
;B-0972150;;;PLANO 7;;;;;;R$ 59.465,82;;JOÃO;EDVALDO;;;;Setembro 25;;RR-CIND-RUA-DA AREIA-CARNAIBA;PINDOBAÇU;Em execução;Pendente;;;LV + ENERGZ;;1;;;11;;;;;;100%;;;ago./1;22/09/2025;25/09/2025;;12/09/2025;;FALSE;FALSE;FALSE;FALSE;Q063843;;;;1 N1-3;108885(LV);;QLP;-10.7118401, -40.4764177;E860565 - E860578;https://drive.google.com/file/d/1cSMCjmGCfeyj4MQsh2710bSbQRCyuNEy/view?usp=drive_link;;;;;;;;;;;;;;;;;
;B-1175533;;;PLANO 14;;;;;;R$ 91.398,66;;DICSON;OSMAR;;;;Setembro 25;;ER-CIND-POV-LAGOA GRANDE-RURAL;MONTE SANTO;Energizada;Pendente;;;LV + ENERGZ;;2;;;9;;;;;;100%;;;ago./1;17/09/2025;20/09/2025;;;;TRUE;FALSE;;;A284303;-10,1943803;-39,4088117;;1 N1 C/ TRF;94559(LV)99036(BT);;PRIORIDADE PLANO ANEEL;-10.1943803,-39.4088117;E844385 - E844393;https://drive.google.com/file/d/1x_xk_tSHsm3JoNWxJDy98zFyh4Stat7f/view?usp=drive_link;;;;;;;;;;;;;;;;;
;B-1138650;;;PLANO 7;;;;;;R$ 71.767,33;;JOÃO;ISRAEL;;;;Setembro 25;;ER-CCOL-FAZ-BEIRA DAGUA 51-RURAL;ITIÚBA;Energizada;Pendente;;;LV + ENERGZ;;3;;;8;;;;;;100%;;;ago./1;15/09/2025;20/09/2025;;02/09/2025;Sim;;TRUE;;;Q097715;-10,6050323;-39,7385837;;1 N1-3;108864(LV);;PRIORIDADE PLANO ANEEL;-10.6050323,-39.7385837;E844411 - E844418;https://drive.google.com/file/d/1BDbcwGtlbLxqNdpZvcVEFr3O_uCFwBJa/view?usp=drive_link;;;;;;;;;;;;;;;;;
;B-1191920;;;PLANO 7;;;;;;R$ 41.363,03;;JOÃO;REGINALDO;;;;Setembro 25;;UB-CIND-RUA-MATA FUNDA 138-MATA FUNDA;JAGUARARI;Energizada;;;;BT;;2;;;6;;;;;;100%;;;ago./1;03/09/2025;06/09/2025;;03/09/2025;;FALSE;TRUE;FALSE;FALSE;Q046595;-10,2559277;-40,2015178;;;(BT-109767);;RECLAMAÇÃO;-10.2559277,-40.2015178;E860284 - E860289;https://drive.google.com/file/d/1Cvk2W99szGNZixqM9d-OJHQHsBeJbR5m/view?usp=drive_link;;;;;;;;;;;;;;;;;
;B-1192137;;;PLANO 7;;;;;;R$ 58.088,16;;JOÃO;ISRAEL;;;;Setembro 25;;ER-CIND-POV-PICOS-RURAL;ITIÚBA;Energizada;Realizado;;111064;DESL + LV + ENERGZ;;1;;;5;;;;;;100%;;;ago./1;16/09/2025;20/09/2025;;15/09/2025;;FALSE;TRUE;FALSE;FALSE;D294689;-10,6321634;-39,8987568;;5 N1;108866(LV)    112390(ENERGI);26/09;GOVERNO;-10.6321634,-39.8987568;E844432 - E844436;https://drive.google.com/file/d/1ECOK5CnqZjiqR_XeA6ZvchhmYoG64Z6-/view?usp=drive_link;;;;;;;;;;;;;;;;;
;B-1206954;;;PLANO 7;;;;;;R$ 27.801,39;;JOÃO;JOILSON;;;;Setembro 25;;ER-CIND-ROD-LOMANTO JUNIOR 1708-RURAL;SENHOR DO BONFIM;Energizada;Realizado;;;LV + ENERGZ;;2;;;5;;;;;;100%;;;ago./1;04/09/2025;10/09/2025;;02/09/2025;Sim;FALSE;TRUE;FALSE;FALSE;D030928;-10,3865038;-40,1755112;;1 N1;103027(LV);;QLP;-10.3865038,-40.1755112;E860276 - E860280;https://drive.google.com/file/d/1DQF3zhtY_44-dbhtbiUX3-Xz8Z452qu8/view?usp=drive_link;;;;;;;;;;;;;;;;;
;B-1206228;;;PLANO 7;;;;;;R$ 70.400,69;;DICSON;MARCELO;;;;Setembro 25;;ER-CIND-FAZ-SANTO ANTONIO-RURAL;QUEIMADAS;Energizada;;;110074;DESL;;1;;;5;;;;;;100%;;;ago./1;23/09/2025;23/09/2025;;08/09/2025;;FALSE;TRUE;FALSE;FALSE;D003068;-10,9790921;-39,6573284;;;;24/09;QLP;-10.9790921,-39.6573284;E860517 - E860521;https://drive.google.com/file/d/1WAFF1_9PGHhrpkF9x36XPLwzsrEvbOgc/view?usp=drive_link;;;;;;;;;;;;;;;;;
;B-1206014;;;PLANO 14;;;;;;R$ 23.255,18;;JOÃO;WAGNER;;;;Setembro 25;;ER-CIND-RUA-DO CAJUEIRO-CENTRO;PINDOBAÇU;Energizada;;;;BT;;1;;;5;;;;;;100%;;;ago./1;05/09/2025;11/09/2025;;02/09/2025;Sim;FALSE;TRUE;FALSE;FALSE;E584971;-10,723571;-40,461421;;;109474(BT);;QLP;-10.723571,-40.461421;E860331 - E860335;https://drive.google.com/file/d/1Da7bZORtL90tBM6tBKxNnjpfe5qQpGmH/view?usp=drive_link;;;;;;;;;;;;;;;;;
;B-1204810;;;PLANO 14;;;;;;R$ 36.575,78;;DICSON;ANAILTON;;;;Setembro 25;;ER-CIND-POV-PAU DE COLHER 1-RURAL;CANSANÇÃO;Energizada;Realizado;;;LV + ENERGZ;;2;;;4;;;;;;100%;;;ago./1;19/09/2025;20/09/2025;;08/09/2025;;FALSE;TRUE;FALSE;FALSE;D288287;-10,6108417;-39,4580384;;N3/N4;108875(LV)    BT(110445);;QLP;-10.6108417,-39.4580384;E860290 - E860293;https://drive.google.com/file/d/1635uI2NeYJwj57kJ_JkwqMqoOmCh2-1D/view?usp=drive_link;;;;;;;;;;;;;;;;;
;B-1219940;;;PLANO 7;;;;;;33.932,12;;JOÃO;REGINALDO;;;;Setembro 25;;IT-CIND-PR -SIMOES FILHO-CENTRO;SENHOR DO BONFIM;Energizada;Pendente;;;LV + BT;;1;;;4;;;;;;100%;;;ago./1;09/09/2025;12/09/2025;;04/09/2025;;FALSE;TRUE;FALSE;FALSE;;;;;CE3;108068(LV);;REPUTACIONAL;;E860600 - E860603;Não precisa;;;;;;;;;;;;;;;;;
;B-1168671;;;PLANO 7;;;;;;R$ 17.394,64;;DICSON;ANAILTON;;;;Setembro 25;;UB-CIND-RUA-ANTONIO J FERNANDES-CENTRO;CANSANÇÃO;Energizada;;;;BT;;0;;;3;;;;;;100%;;;ago./1;04/09/2025;11/09/2025;;08/09/2025;;FALSE;TRUE;FALSE;FALSE;Q098321;-10,6725007;-39,4993519;;;BT(110415);;RECLAMAÇÃO;-10.6725007,-39.4993519;E844017 - E844019;https://drive.google.com/file/d/1OAF9eXfeuQv-0UEK5z-aV_kEHQpsMr6z/view?usp=drive_link;;;;;;;;;;;;;;;;;
;B-1207248;;;PLANO 14;;;;;;R$ 16.982,10;;DICSON;ANAILTON;;;;Setembro 25;;ER-CIND-POV-LAGOA DA PICADA 745-RURAL;NORDESTINA;Energizada;;;;BT;;2;;;3;;;;;;100%;;;ago./1;05/09/2025;12/09/2025;;08/09/2025;;FALSE;TRUE;FALSE;FALSE;Q095919;-10,7869811;-39,4100883;;;BT(109714);;QLP;-10.7869811,-39.4100883;E860317 - E860319;https://drive.google.com/file/d/1wjAkR7S08BvRgkyzo_14rtXPNLPSfczs/view?usp=drive_link;;;;;;;;;;;;;;;;;
;B-1152856;;;PLANO 7;;;;;;R$ 114.607,64;;DICSON;ALDAIR;;;;Setembro 25;;AC-CIND-POV-ANGIGAL-RURAL;NORDESTINA;Energizada;Pendente;;;LV + REGULADOR;;0;;;3;;;;;;100%;;;ago./1;03/09/2025;12/09/2025;;;;TRUE;;FALSE;FALSE;Q106463;-10,9446747;-39,4145806;;4 N1;100686 (LV);;TRANSGRESSÃO;-10.9446747,-39.4145806;E550421 - E550424;Não precisa;;;;;;;;;;;;;;;;;
;B-1209033;;;PLANO 14;;;;;;R$ 16.653,57;;JOÃO;WAGNER;;;;Setembro 25;;ER-CIND-RUA-JOSE EMIDIO DA SILVA-CENTRO;PINDOBAÇU;Energizada;;;;BT;;2;;;3;;;;;;100%;;;ago./1;04/09/2025;09/09/2025;;02/09/2025;Sim;FALSE;TRUE;FALSE;FALSE;E755909;-10,82016743;-40,2277743;;;107705(BT);;QLP;-10.82016743,-40.2277743;E860340 - E860342;https://drive.google.com/file/d/1DBiPa0Oy2gbj-ouB0UrGF8NkZiRZtjlE/view?usp=drive_link;;;;;;;;;;;;;;;;;
;B-1203171;;;PLANO 14;;;;;;R$ 18.056,34;;DICSON;ANAILTON;;;;Setembro 25;;ER-CIND-POV-LAGOA DOS CAVALOS-AROEIRA;CANSANÇÃO;Energizada;Realizado;;106280;DESL + BT + LV;;1;;;2;;;;;;100%;;;ago./1;15/09/2025;19/09/2025;;08/09/2025;;FALSE;TRUE;FALSE;FALSE;D649790;-10,6554347;-39,4858557;;1 N1;108862(LV);19/09;QLP;-10.6554347,-39.4858557;E860359 - E860360;https://drive.google.com/file/d/1v3Hcvb3uzT_mSEQps2VVufn1HJsUHYjI/view?usp=drive_link;;;;;;;;;;;;;;;;;
;B-1201275;;;PLANO 14;;;;;;R$ 16.488,84;;DICSON;ANAILTON;;;;Setembro 25;;ER-CIND-POV-JIBOIA-JIBOIA;CANSANÇÃO;Energizada;;;;BT;;1;;;2;;;;;;100%;;;ago./1;02/09/2025;09/09/2025;;08/09/2025;;FALSE;TRUE;FALSE;FALSE;D145349;-10,7568439;-39,6467208;;;111649(BT);;QLP;-10.7568439,-39.6467208;E860320 - E860321;https://drive.google.com/file/d/1rIAkrJD-pzRAee04kzpzx7GqbQjueVB4/view?usp=drive_link;;;;;;;;;;;;;;;;;
;B-1201413;;;PLANO 7;;;;;;R$ 7.704,51;;DICSON;ANAILTON;;;;Setembro 25;;ER-CIND-POV-CAETANO-CAETANO;CANSANÇÃO;Energizada;;;;BT;;1;;;2;;;;;;100%;;;ago./1;03/09/2025;10/09/2025;;08/09/2025;;FALSE;TRUE;FALSE;FALSE;D127033;-10,6136228;-39,4974447;;;(109662)BT;;QLP;-10.6136228,-39.4974447;E860313 - E860314;https://drive.google.com/file/d/12jM_L-YJu2Ic9PB1NY1VyCNlcelpSooL/view?usp=sharing;;;;;;;;;;;;;;;;;
;B-1201139;;;PLANO 7;;;;;;R$ 10.542,91;;JOÃO;GESONI;;;;Setembro 25;;ER-CIND-RUA-DAS FLORES-CENTRO-BARRACAS;PONTO NOVO;Energizada;;;;BT;;2;;;2;;;;;;100%;;;ago./1;04/09/2025;06/09/2025;;05/09/2025;;FALSE;TRUE;FALSE;FALSE;R014599;-11,0769205;-40,0750265;;;108745(BT);;QLP;-11.0769205,-40.0750265;E844376 - E844377;https://drive.google.com/file/d/1ClnmEoPmKbRjqm_YWIGA6mWmeFFT9yjq/view?usp=drive_link;;;;;;;;;;;;;;;;;
;B-1170403;;;PLANO 7;;;;;;R$ 13.695,96;;JOÃO;GESONI;;;;Setembro 25;;ER CIND FAZ LARAJEIRA RURAL;PONTO NOVO;Energizada;;;;BT;;1;;;2;;;;;;100%;;;ago./1;05/09/2025;06/09/2025;;05/09/2025;;FALSE;TRUE;FALSE;FALSE;D329501;-10,8808876;-40,1626316;;;108762(BT);;RECLAMAÇÃO;-10.8808876,-40.1626316;E844378 - E844379;https://drive.google.com/file/d/1D13Ou1LVG4hdxFYacxop9yE-MF9kA2nZ/view?usp=drive_link;;;;;;;;;;;;;;;;;
;B-1206651;;;PLANO 14;;;;;;R$ 16.385,04;;JOÃO;ISRAEL;;;;Setembro 25;;ER-CIND-POV-ALTO LINDO S N-ALTO LINDO;CANSANÇÃO;Energizada;;;;BT;;1;;;2;;;;;;100%;;;ago./1;09/09/2025;13/09/2025;;02/09/2025;;FALSE;TRUE;FALSE;FALSE;Q093321;-10,6612607;-39,6508568;;;1202886;;QLP;-10.6612607,-39.6508568;E860329 - E860330;https://drive.google.com/file/d/1DXFdvxai5OJ7ToQe3mhl-MygSkfIQRA_/view?usp=drive_link;;;;;;;;;;;;;;;;;
;B-1204516;;;PLANO 14;;;;;;R$ 15.436,36;;JOÃO;ISRAEL;;;;Setembro 25;;ER-CIND-POV-CASSIANOS 148-RURAL;FILADÉLFIA;Energizada;Pendente;;;LV + BT;;1;;;2;;;;;;100%;;;ago./1;29/09/2025;30/09/2025;;10/09/2025;;FALSE;FALSE;FALSE;FALSE;D088929;-10,6961278;-40,0861349;;2 N1;108889(LV)             112262(BT);;QLP;-10.6961278,-40.0861349;E860326 - E860327;https://drive.google.com/file/d/1BZDnwQA06ttb8eFoMUcpKO-1jgJ9tnDm/view?usp=drive_link;;;;;;;;;;;;;;;;;
;B-1204914;;;PLANO 14;;;;;;R$ 9.542,09;;JOÃO;ISRAEL;;;;Setembro 25;;ER-CIND-POV-CARRAPATO-CARRAPATO;ITIÚBA;Energizada;;;;BT;;0;;;2;;;;;;100%;;;ago./1;02/09/2025;06/09/2025;;02/09/2025;Sim;FALSE;TRUE;FALSE;FALSE;D003935;-10,7095779;-40,0118378;;;107515(BT);;QLP;-10.7095779,-40.0118378;E860311 - E860312;https://drive.google.com/file/d/1BGZLteeAm0zYHNYAaD0cVglLdzibuJQT/view?usp=drive_link;;;;;;;;;;;;;;;;;
;B-1205995;;;PLANO 7;;;;;;R$ 17.353,84;;JOÃO;ISRAEL;;;;Setembro 25;;UB-CIND-RUA-ANTONIO P DA SILVA 7-CENTRO;ITIÚBA;Energizada;;;;BT;;1;;;2;;;;;;100%;;;ago./1;08/09/2025;13/09/2025;;02/09/2025;Sim;FALSE;TRUE;FALSE;FALSE;D337170;-10,6836193;-39,8684191;;;108525(BT);;QLP;-10.6836193,-39.8684191;E860346 - E860347;https://drive.google.com/file/d/1DadKvivrNbyZpvALf4uoNIwlFH_pIZDo/view?usp=drive_link;;;;;;;;;;;;;;;;;
;B-1208878;;;PLANO 7;;;;;;R$ 14.453,91;;DICSON;JOSE;;;;Setembro 25;;ER-CIND-POV-PEDRA VERMELHA-RURAL;MONTE SANTO;Cancelada;;;;BT;;3;;;2;;;;;;100%;;;ago./1;10/09/2025;11/09/2025;;08/09/2025;;FALSE;TRUE;FALSE;FALSE;D554481;-10,3595262;-39,5068009;;;111648(BT);;QLP;-10.3595262,-39.5068009;E860365 - E860366;https://drive.google.com/file/d/1D9w0pAiYJiZRJfU0QOqFFYYEUWF8IB7S/view?usp=drive_link;;;;;;;;;;;;;;;;;
;B-1203955;;;PLANO 7;;;;;;R$ 13.420,51;;DICSON;JOSE;;;;Setembro 25;;UB-CIND-AV PEDRA VERMELHA-CENTRO;MONTE SANTO;Energizada;Pendente;;;LV + BT;;1;;;2;;;;;;100%;;;ago./1;15/09/2025;16/09/2025;;08/09/2025;;FALSE;TRUE;FALSE;FALSE;D660024;-10,4319098;-39,3258685;;2 CE1;108865(LV)   BT(110658);;QLP;-10.4319098,-39.3258685;E860363 - E860364;https://drive.google.com/file/d/1BjVLso9TVj0-j5mXNPERq0-kukBEQhfa/view?usp=drive_link;;;;;;;;;;;;;;;;;
;B-1206653;;;PLANO 14;;;;;;R$ 15.954,44;;DICSON;JOSE;;;;Setembro 25;;ER-CIND-FAZ-PO O SANTAS-PEDRA VERMELHA;MONTE SANTO;Energizada;Pendente;;;LV + BT;;0;;;2;;;;;;100%;;;ago./1;19/09/2025;19/09/2025;;08/09/2025;;FALSE;TRUE;FALSE;FALSE;D239865;-10,3964692;-39,2948442;;2 AN1;108876(LV)   112462(BT);;QLP;-10.3964692,-39.2948442;E860367 - E860368;https://drive.google.com/file/d/1DW3p2WaTXHd0WLIEkUaN5pBmbdpBHmXc/view?usp=drive_link;;;;;;;;;;;;;;;;;
;B-1165914;;;PLANO 8;;;;;;R$ 525.831,16;;DICSON;ALDAIR;;;;Setembro 25;;EQ-COEL-RUA-MARCOS DE JESUS-ALTO DAS POP;NORDESTINA;Energizada;Pendente;;;LV + ENERGZ;;0;;;2;;;;;;100%;;;ago./1;15/08/2025;30/09/2025;;;;TRUE;;FALSE;FALSE;Q095459;-10,6886805;-39,4846989;;2 N1 E REGUL;94567(LV);;AL/MELHORAMENTO;-10.6886805,-39.4846989;E860598 - E860599;Não precisa;;;;;;;;;;;;;;;;;
;B-1205166;;;PLANO 14;;;;;;R$ 10.140,45;;DICSON;OSMAR;;;;Setembro 25;;ER-CIND-FAZ-CANJAO 1204-CANJAO;MONTE SANTO;Energizada;;;;BT;;1;;;2;;;;;;100%;;;ago./1;08/09/2025;09/09/2025;;08/09/2025;;FALSE;TRUE;FALSE;FALSE;D239997;-10,5209917;-39,4805121;;;;;QLP;-10.5209917,-39.4805121;E860403 - E860404;https://drive.google.com/file/d/1BFHtAT38CrnzAZ61m2rcXLizRslL6ptW/view?usp=drive_link;;;;;;;;;;;;;;;;;
;B-1202536;;;PLANO 7;;;;;;R$ 15.235,49;;JOÃO;REGINALDO;;;;Setembro 25;;UB-CIND-RUA-MANDACARU-CRNTRO;JAGUARARI;Energizada;Pendente;;;LV + BT;;1;;;2;;;;;;100%;;;ago./1;02/09/2025;06/09/2025;;03/09/2025;;FALSE;TRUE;FALSE;FALSE;Q067768;-9,891134;-39,971109;;N1;109649(LV);;RECLAMAÇÃO;-9.891134,-39.971109;E860607 - E860608;https://drive.google.com/file/d/1CCTOh9AUck6MWGzA2ASs8zs0izRme7nU/view?usp=drive_link;;;;;;;;;;;;;;;;;
;B-1204056;;;PLANO 7;;;;;;R$ 12.494,83;;JOÃO;WAGNER;;;;Setembro 25;;UB-CIND-RUA-FRANCISCO ROCHA-CENTRO;PINDOBAÇU;Energizada;;;;BT;;2;;;2;;;;;;100%;;;ago./1;03/09/2025;10/09/2025;;02/09/2025;Sim;FALSE;TRUE;FALSE;FALSE;B034301;-10,7286818;-40,3575009;;;107639(BT);;QLP;-10.7286818,-40.3575009;E860336 - E860337;https://drive.google.com/file/d/1BZhCZTh08Gcl5_KbaPHCGK0wqXALTCgc/view?usp=drive_link;;;;;;;;;;;;;;;;;
;B-1203275;;;PLANO 14;;;;;;R$ 14.359,72;;JOÃO;WAGNER;;;;Setembro 25;;ER-CIND-RUA-DA PALHA-CENTRO;PINDOBAÇU;Energizada;;;;BT;;0;;;2;;;;;;100%;;;ago./1;06/09/2025;13/09/2025;;02/09/2025;Sim;FALSE;TRUE;FALSE;FALSE;Q063813;-10,7226902;-40,4540074;;;109504(BT);;QLP;-10.7226902,-40.4540074;E860338 - E860339;https://drive.google.com/file/d/1BvmyYublJAnP0F77FTWPXAbUpjsG942z/view?usp=drive_link;;;;;;;;;;;;;;;;;
;B-1206688;;;PLANO 14;;;;;;R$ 12.892,11;;JOÃO;WAGNER;;;;Setembro 25;;ER-CIND-POV-BREJOS DOS PAULOS-RURAL;PINDOBAÇU;Energizada;Pendente;;;LV + BT;;1;;;2;;;;;;100%;;;ago./1;16/09/2025;17/09/2025;;02/09/2025;Sim;FALSE;TRUE;FALSE;FALSE;E168212;-10,7876246;-40,2885779;;1 N1;108868(LV) 111646(BT);;QLP;-10.7876246,-40.2885779;E860343 - E860344;https://drive.google.com/file/d/1DRR8NBWVi66pyCqvG2tUk-_rHEfv7Ae0/view?usp=drive_link;;;;;;;;;;;;;;;;;
;B-1203779;;;PLANO 14;;;;;;R$ 5.254,53;;DICSON;ANAILTON;;;;Setembro 25;;ER-CIND-POV-LAGOA DO ALTO-LAGOA DO ALTO;QUEIMADAS;Energizada;;;;BT;;1;;;1;;;;;;100%;;;ago./1;03/09/2025;06/09/2025;;08/09/2025;;FALSE;TRUE;FALSE;FALSE;D201081;-10,7832017;-39,6529635;;;111401(BT);;QLP;-10.7832017,-39.6529635;E860315;https://drive.google.com/file/d/1Ns1X-zT_bvK6UFaI8x3tfQB6TUHUldP3/view?usp=drive_link;;;;;;;;;;;;;;;;;
;B-1195905;;;PLANO 7;;;;;;R$ 112.572,70;;JOÃO;EDVALDO;;;;Setembro 25;;ER-CIND-POV-CARNAIBA DE CIMA-RURAL;PINDOBAÇU;Energizada;Pendente;;;LV + ENERGZ;;1;;;1;;;;;;100%;;;ago./1;26/09/2025;30/09/2025;;12/09/2025;;FALSE;FALSE;FALSE;FALSE;Q065478;-10,7201924;-40,4417586;;N3/N4;108888(LV);;SOLICITAÇÃO ATENDIMENTO;-10.7201924,-40.4417586;E860348 - E860358;https://drive.google.com/file/d/1ClMX6ZyO7jF2CRDWGIjcJ8Z-uLOnX3mC/view?usp=drive_link;;;;;;;;;;;;;;;;;
;B-1207576;;;PLANO 7;;;;;;R$ 7.897,17;;JOÃO;ISRAEL;;;;Setembro 25;;ER-CIND-POV-RURAL-POCOS;FILADÉLFIA;Energizada;;;;BT;;0;;;1;;;;;;100%;;;ago./1;02/09/2025;06/09/2025;;03/09/2025;;FALSE;TRUE;FALSE;FALSE;B682517;-10,7532144;-40,1081521;;;107507(BT);;QLP;-10.7532144,-40.1081521;E860294;https://drive.google.com/file/d/1DKzeKdvxBFUlRdYbckITLxFStvP25wvL/view?usp=drive_link;;;;;;;;;;;;;;;;;
;B-1209266;;;PLANO 7;;;;;;R$ 14.374,42;;JOÃO;ISRAEL;;;;Setembro 25;;ER-CIND-POV-CANAFISTULA-RURAL;FILADÉLFIA;Energizada;Pendente;;;LV + ENERGZ;;0;;;1;;;;;;100%;;;ago./1;17/09/2025;18/09/2025;;10/09/2025;;FALSE;FALSE;FALSE;FALSE;D210457;-10,6498898;-40,0792207;;N1 C/TRF;108871(LV)    112179(ENERG);;QLP;-10.6498898,-40.0792207;E860325;https://drive.google.com/file/d/1D9nIRamX0Z2l7AExEQ7MqTTVIeWhLYKi/view?usp=drive_link;;;;;;;;;;;;;;;;;
;B-1204027;;;PLANO 7;;;;;;R$ 18.347,40;;JOÃO;ISRAEL;;;;Setembro 25;;ER-CIND-POV-ALAGADICO GRANDE 325-RURAL;FILADÉLFIA;Energizada;Pendente;;;LV + ENERGZ;;1;;;1;;;;;;100%;;;ago./1;22/09/2025;23/09/2025;;10/09/2025;;FALSE;FALSE;FALSE;FALSE;D259783;-10,6596563;-40,0279099;;N1 C/TRF;108879(LV) 111926-(BT);;QLP;-10.6596563,-40.0279099;E860328;https://drive.google.com/file/d/1BbHgFBObH9Mu12IXHTNGua56neFJONvO/view?usp=drive_link;;;;;;;;;;;;;;;;;
;B-1203648;;;PLANO 7;;;;;;R$ 18.235,39;;JOÃO;ISRAEL;;;;Setembro 25;;ER-CIND-POV-CALUMBI-CALUMBI;FILADÉLFIA;Energizada;Pendente;;;LV + ENERGZ;;1;;;1;;;;;;100%;;;ago./1;24/09/2025;25/09/2025;;10/09/2025;;FALSE;FALSE;FALSE;FALSE;D211950;-10,6325843;-40,0640193;;N1 C/TRF;108886(LV)           111906-(BT);;QLP;-10.6325843,-40.0640193;E860322;https://drive.google.com/file/d/1Bsf-zND-uqVzvMmFYPr-Ey1Nabwf4p2P/view?usp=drive_link;;;;;;;;;;;;;;;;;
;B-1206416;;;PLANO 14;;;;;;R$ 18.857,00;;JOÃO;ISRAEL;;;;Setembro 25;;ER-CIND-FAZ-CAJAZEIRAS-RURAL;FILADÉLFIA;Energizada;Pendente;;;LV + ENERGZ;;2;;;1;;;;;;100%;;;ago./1;26/09/2025;27/09/2025;;10/09/2025;;FALSE;FALSE;FALSE;FALSE;D274123;-10,7096649;-40,1617884;;N1 C/TRF;108887(LV)             112234-(ENERGI);;QLP;-10.7096649,-40.1617884;E860324;https://drive.google.com/file/d/1DYFl2q_NLNcahpopXQdJJOw7Y8oUZmh4/view?usp=drive_link;;;;;;;;;;;;;;;;;
;B-1202316;;;PLANO 7;;;;;;R$ 18.115,46;;JOÃO;ISRAEL;;;;Setembro 25;;ER-CIND-POV-LAGOA DO TANQUE-PIAUS;ITIÚBA;Energizada;Realizado;;;LV + ENERGZ;;1;;;1;;;;;;100%;;;ago./1;16/09/2025;16/09/2025;;02/09/2025;Sim;FALSE;TRUE;FALSE;FALSE;D143406;-10,4727982;-39,8117563;;N1 C/TRF;108867(LV);;QLP;-10.4727982,-39.8117563;E844483;https://drive.google.com/file/d/1CK2TKzzHmW1YlDPVpisJE1aHT467GR_o/view?usp=drive_link;;;;;;;;;;;;;;;;;
;B-1199714;;;PLANO 8;;;;;;R$ 131.264,76;;DICSON;JEFERSON;;;;Setembro 25;;IE-RELIGADOR-JAC-09Z3-Q097526;CANSANÇÃO;Energizada;Realizado;;;LV;;0;;;1;;;;;;100%;;;ago./1;28/08/2025;03/09/2025;;;;TRUE;;;;Q090197;-10,6667636;-39,5065648;;1 RELIG;94576(LV);;AL/MELHORAMENTO;-10.6667636,-39.5065648;E844020;Não precisa;;;;;;;;;;;;;;;;;
;B-1225692;;;PLANO 7;;;;;;7.218,37;;JOÃO;JOILSON;;;;Setembro 25;;RU-CIND-RUA-13 DE MAIO-POPULARES 5 CIAPP;SENHOR DO BONFIM;Energizada;;;;BT;;1;;;1;;;;;;100%;;;ago./1;01/09/2025;04/09/2025;;;;FALSE;FALSE;FALSE;FALSE;;;;;;;;REPUTACIONAL;;E860596;https://drive.google.com/file/d/1vchsbzD68vO7ptA1Mw4e5uSB48cTjwCM/view?usp=drive_link;;;;;;;;;;;;;;;;;
;B-1202969;;;PLANO 7;;;;;;R$ 16.844,54;;JOÃO;JOILSON;;;;Setembro 25;;ER-CIND-POV-CARIOCA DE CIMA-RURAL;SENHOR DO BONFIM;Energizada;Pendente;;;LV + ENERGZ;;1;;;1;;;;;;100%;;;ago./1;02/09/2025;09/09/2025;;02/09/2025;Sim;TRUE;TRUE;TRUE;TRUE;Q050239;-10,4961012;-40,1237219;;1 N1 C/ TRF;103523(LV);;QLP;-10.4961012,-40.1237219;E860597;https://drive.google.com/file/d/1C6G00ocnBR_bi4UEew7ssPj5-L_8zZpq/view?usp=drive_link;;;;;;;;;;;;;;;;;
;B-1205368;;;PLANO 7;;;;;;R$ 19.578,86;;DICSON;JOSE;;;;Setembro 25;;ER-CIND-POV-CARAIBA GRANDE-CARAIBA G;MONTE SANTO;Energizada;Pendente;;;LV + ENERGZ;;1;;;1;;;;;;100%;;;ago./1;17/09/2025;17/09/2025;;08/09/2025;;FALSE;TRUE;FALSE;FALSE;D133268;-10,4182946;-39,5775097;;N1 C/TRF;108870(LV)         112431(BT);;QLP;-10.4182946,-39.5775097;E860580;https://drive.google.com/file/d/1DeoludaIsbMqak5VzE9SnuZsy1fHPAJL/view?usp=drive_link;;;;;;;;;;;;;;;;;
;B-1203172;;;PLANO 14;;;;;;R$ 7.728,74;;DICSON;JOSE;;;;Setembro 25;;ER-CIND-POV-PEDRA BRANCA 9999--Z;MONTE SANTO;Energizada;;;;BT;;1;;;1;;;;;;100%;;;ago./1;12/09/2025;12/09/2025;;08/09/2025;;FALSE;TRUE;FALSE;FALSE;E152344;-10,2923895;-39,1855661;;;;;QLP;-10.2923895,-39.1855661;E860361 -E860362;https://drive.google.com/file/d/1ByENby-lLui8bcKbg9d1ERZ93_PzDVX_/view?usp=drive_link;;;;;;;;;;;;;;;;;
;B-1203148;;;PLANO 7;;;;;;R$ 4.140,93;;DICSON;JOSE;;;;Setembro 25;;UB-CIND-RUA-EUCLIDES DA CUNHA 340-CENTRO;MONTE SANTO;Energizada;;;;BT;;1;;;1;;;;;;100%;;;ago./1;13/09/2025;13/09/2025;;08/09/2025;;FALSE;TRUE;FALSE;FALSE;A258067;-10,4385302;-39,3283121;;;BT(110632);;QLP;-10.4385302,-39.3283121;E860369;https://drive.google.com/file/d/1C-TnNy__zrME5CsPXIBcBjS6DiPxZIPZ/view?usp=sharing;;;;;;;;;;;;;;;;;
;B-1206403;;;PLANO 7;;;;;;R$ 33.385,47;;DICSON;MARCELO;;;;Setembro 25;;RR-CIND-FAZ-SANTO ANTONIO-RURAL;QUEIMADAS;Energizada;;;;Depende de outro projeto B-1206228;;0;;;1;;;;;;100%;;;ago./1;22/09/2025;26/09/2025;;08/09/2025;;FALSE;TRUE;FALSE;FALSE;D549335;-10,973127;-39,6514319;;;;;QLP;-10.973127,-39.6514319;E860316;https://drive.google.com/file/d/1D_5yl_H0kNm3MOOJ8MWo-v_GohR20vnB/view?usp=drive_link;;;;;;;;;;;;;;;;;
;B-1201479;;;PLANO 7;;;;;;R$ 7.430,44;;DICSON;OSMAR;;;;Setembro 25;;ER-CIND-POV-LAGOA DA PEDRA 108-RURAL;MONTE SANTO;Energizada;;;;BT;;1;;;1;;;;;;100%;;;ago./1;11/09/2025;11/09/2025;;08/09/2025;;FALSE;TRUE;FALSE;FALSE;Q109024;-10,6188768;-39,3461413;;;;;QLP;-10.6188768,-39.3461413;E860406;https://drive.google.com/file/d/1CZGBcnos6ql-EnUHeHmX8H1-W_Xd4FwX/view?usp=drive_link;;;;;;;;;;;;;;;;;
;B-1202710;;;PLANO 7;;;;;;R$ 17.796,43;;DICSON;OSMAR;;;;Setembro 25;;ER-CIND-POV-RIACHO DA ONCA-RURAL;MONTE SANTO;Energizada;Pendente;;;LV + ENERGZ;;1;;;1;;;;;;100%;;;ago./1;16/09/2025;16/09/2025;;08/09/2025;;FALSE;TRUE;FALSE;FALSE;D136741;-10,5270014;-39,3681401;;N1 C/TRF;108869(LV)         1124069(BT);;QLP;-10.5270014,-39.3681401;E860405;https://drive.google.com/file/d/1CCIq2JDdscX5wp8JumOT0hsP8u-Ru_qR/view?usp=drive_link;;;;;;;;;;;;;;;;;
;B-1150105;;;PLANO 7;;;;;;R$ 9.683,00;;JOÃO;REGINALDO;;;;Setembro 25;;RR-CIND-ROD-BR 407-RURAL;SENHOR DO BONFIM;Energizada;Pendente;;;LV;;0;;;1;;;;;;100%;;;ago./1;03/09/2025;03/09/2025;;03/09/2025;;;TRUE;FALSE;FALSE;D570916;-10,4771384;-40,1681173;;1 CE1 CE3;90938(LV);;TRANSGRESSÃO;-10.4771384,-40.1681173;E844311;https://drive.google.com/file/d/1AzvNTCuZ0zAvGYyurnu3jUPwb2i3tkQr/view?usp=drive_link;;;;;;;;;;;;;;;;;
;B-1207799;;;PLANO 7;;;;;;R$ 17.670,56;;JOÃO;WAGNER;;;;Setembro 25;;ER-CIND-FAZ-V DO RANCHO 451-FILADELFIA;FILADÉLFIA;Energizada;Pendente;;;LV + ENERGZ;;1;;;1;;;;;;100%;;;ago./1;19/09/2025;20/09/2025;;10/09/2025;;FALSE;FALSE;FALSE;FALSE;D049590;-10,682497;-40,065496;;N1 C/TRF;108877(LV)               111071-(BT);;QLP;-10.682497,-40.065496;E860323;https://drive.google.com/file/d/1DGcSVFEBy9ZFKmKnp6MMiMg6LtHzp0aZ/view?usp=drive_link;;;;;;;;;;;;;;;;;
;B-1201158;;;PLANO 7;;;;;;R$ 8.186,70;;JOÃO;WAGNER;;;;Setembro 25;;UB-CIND-RUA-DO CIMITERIO-CENTRO;PINDOBAÇU;Energizada;;;;BT;;1;;;1;;;;;;100%;;;ago./1;02/09/2025;12/09/2025;;02/09/2025;Sim;FALSE;TRUE;FALSE;FALSE;D363786;-10,6026764;-40,3129443;;;107592(BT);;QLP;-10.6026764,-40.3129443;E860345;https://drive.google.com/file/d/1CcVdmemVzIIgEmDewHsD7UCRoTKAc9TF/view?usp=drive_link;;;;;;;;;;;;;;;;;
;B-1202886;;;PLANO 7;;;;;;R$ 20.759,70;;JOÃO;WAGNER;;;;Setembro 25;;ER-CIND-POV-LIMPOS-RURAL;PONTO NOVO;Energizada;Pendente;;;LV + ENERGZ;;1;;;1;;;;;;100%;;;ago./1;05/09/2025;12/09/2025;;05/09/2025;;FALSE;TRUE;FALSE;FALSE;D197428;-10,9033417;-40,0283428;;N1 C/TRF;108780(LV) 108772(BT)      111037(BT);;QLP;-10.9033417,-40.0283428;E844380;https://drive.google.com/file/d/1C93zW77FF6AT8W0KoCiG-JCB1wwOpgaA/view?usp=drive_link;;;;;;;;;;;;;;;;;
;B-1202465;;;PLANO 7;;;;;;R$ 33.184,90;;DICSON;ANAILTON;;;;Setembro 25;;AC-CIND-POV-PAU DE COLHER 8526-RURAL;CANSANÇÃO;Energizada;;;104959;DESL;;1;;;0;;;;;;100%;;;ago./1;17/09/2025;17/09/2025;;15/09/2025;;FALSE;TRUE;FALSE;FALSE;D277159;-10,6278609;-39,4692127;;;;17/09;QLP;-10.6278609,-39.4692127;;https://drive.google.com/file/d/1Qtwf04tLXZwcTwNPaCO48gNBacf1UdVb/view?usp=drive_link;;;;;;;;;;;;;;;;;
;B-1204794;;;PLANO 7;;;;;;R$ 27.157,14;;JOÃO;JOILSON;;;;Setembro 25;;ER-CIND-ROD-LOMANTO JR-PASSAGEM VELHA;SENHOR DO BONFIM;Energizada;Realizado;;;LV + ENERGZ;;1;;;0;;;;;;100%;;;ago./1;03/09/2025;09/09/2025;;02/09/2025;Sim;FALSE;TRUE;FALSE;FALSE;D570940;-10,4947201;-40,1613656;;TRF;103560(LV);;QLP;-10.4947201,-40.1613656;;https://drive.google.com/file/d/1BQUEkglESIUPN9p2-04eegHJZn8Mn9v9/view?usp=drive_link;;;;;;;;;;;;;;;;;
;B-1201709;;;PLANO 7;;;;;;R$ 2.352,25;;DICSON;MARCELO;;;;Setembro 25;;ER-CIND-TRV-15 DE NOVEMBRO 9999-CENTRO;QUEIMADAS;Energizada;;;108907;DESL;;1;;;0;;;;;;100%;;;ago./1;03/09/2025;23/09/2025;;08/09/2025;;FALSE;TRUE;FALSE;FALSE;Q054567;-10,9180505;-39,9321525;;;;23/09;QLP;-10.9180505,-39.9321525;;https://drive.google.com/file/d/1CRj1DKegLwPKYZ71c-8O6XyY7uyzTTFs/view?usp=drive_link;;;;;;;;;;;;;;;;;
;B-1208719;;;PLANO 7;;;;;;R$ 5.283,44;;DICSON;OSMAR;;;;Setembro 25;;ER-CIND-POV-GENIPAPO DE BAIXO-RURAL;MONTE SANTO;Energizada;;;105858;DESL;;0;;;0;;;;;;100%;;;ago./1;18/09/2025;18/09/2025;;15/09/2025;;FALSE;TRUE;FALSE;FALSE;Q109640;-10,5473676;-39,4017322;;;;18/09;QLP;-10.5473676,-39.4017322;;https://drive.google.com/file/d/1DFyhRE-GLg4FHEnaJ4QApHgBulrzZ4P_/view?usp=drive_link;;;;;;;;;;;;;;;;;
;B-1206129;;;PLANO 14;;;;;;R$ 2.792,69;;DICSON;OSMAR;;;;Setembro 25;;ER-CIND-POV-CARIACA -CARIACA;MONTE SANTO;Energizada;;;;BT;;1;;;0;;;;;;100%;;;ago./1;10/09/2025;10/09/2025;;08/09/2025;;FALSE;TRUE;FALSE;FALSE;D263785;-10,5633738;-39,5598497;;;BT-(110516);;QLP;-10.5633738,-39.5598497;;https://drive.google.com/file/d/1D_C0sibUSZfzmVYtKaXpjdEYbIICXSiX/view?usp=drive_link;;;;;;;;;;;;;;;;;
;B-1201548;;;PLANO 14;;;;;;R$ 2.124,72;;DICSON;OSMAR;;;;Setembro 25;;ER-CIND-POV-PANTANAL-RURAL;MONTE SANTO;Energizada;;;;BT;;0;;;0;;;;;;100%;;;ago./1;12/09/2025;12/09/2025;;08/09/2025;;FALSE;TRUE;FALSE;FALSE;A270791;-10,5284365;-39,55889;;;BT(110573);;QLP;-10.5284365,-39.55889;;https://drive.google.com/file/d/1CXSJD7k9u-XvwkCugmABKUEYd2KoMYHn/view?usp=drive_link;;;;;;;;;;;;;;;;;
;B-1207403;;;PLANO 7;;;;;;R$ 11.589,08;;DICSON;OSMAR;;;;Setembro 25;;ER-CCOL-POV-LAGOA GRANDE-RURAL;MONTE SANTO;Energizada;Pendente;;;LV + ENERGZ;;1;;;0;;;;;;100%;;;ago./1;18/09/2025;18/09/2025;;08/09/2025;;FALSE;TRUE;FALSE;FALSE;E151608;-10,1771385;-39,4281912;;TRF;108872(LV)    ENERGI-(112559);;QLP;-10.1771385,-39.4281912;;https://drive.google.com/file/d/1DMHMf8dhU3gHzNndEhGpNzyuuhpdOU6h/view?usp=drive_link;;;;;;;;;;;;;;;;;
;B-1157055;;;PLANO 7;;;;;;R$ 1.679.249,18;;;GESONI;;;;Outubro 25;;IT-GRUA-RO BA 220-RURAL;SENHOR DO BONFIM;Paralisada;;;;DESL + BT + LV;;0;;;86;;;;;;100%;;;out./1;01/10/2025;30/11/2025;;;;FALSE;FALSE;FALSE;FALSE;Q050600;;;;;;;REPUTACIONAL;-10,4443124, -40,1854723;0;;;0%;0,0%;;;;;;;;;;;;;;
;B-1157179;;;PLANO 7;;;;;;R$ 1.706.478,98;;;REGINALDO;;;;Outubro 25;;IT GRUA AG CANDIDO FONSECA RURAL;SENHOR DO BONFIM;Paralisada;;;;DESL + LV;;0;;;63;;;;;;50%;;;out./1;07/10/2025;30/11/2025;;21/10/2025;;FALSE;FALSE;FALSE;FALSE;D912764;;;;;;;QLP;-10,4444659, -40,1858723;E875586 – E875649;;;0%;0,0%;;;;;;;;;;;;;;
;B-1134149;;;PLANO 14;;;;;;R$ 500.132,76;;;JOSE;;;;Outubro 25;;LD CIND POV SÃO JOÃO DOS CAMPOS RURAL;MONTE SANTO;;;;;LV + ENERGZ;;7;28;;49;;;;;;50%;;;out./1;13/10/2025;31/10/2025;;13/10/2025;;TRUE;TRUE;;;D012482;;;;;125849 (EN);;AIC AUDITORIA;-10,2518285, -39,466756;E875537 – E875585;;;0%;57,1%;;;;;;;;;;;;;;
;B-1214079;;;PLANO 7;;;;;;R$ 63.731,32;;;JOILSON;;;;Outubro 25;;IT-GRUA-POV-CAATINGUINHA 4545-RURAL;SENHOR DO BONFIM;;;;125888 127244 (ANEXAR PEX);DESL + LV;;0;6;;15;;;;;;100%;;;out./1;16/10/2025;30/10/2025;;14/10/2025 e 22/10/2025;;FALSE;FALSE;FALSE;FALSE;Q043225;;;;5 POSTES;;;REPUTACIONAL;-10,4235329, -40,1895399;0;https://drive.google.com/file/d/1bh8HQM6yOMLwUn-CLGZFYRmkXM71n8jv/view?usp=drive_link;;0%;40,0%;;;;;;;;;;;;;;
;B-1206073;;;PLANO 14;;;;;;R$ 89.359,21;;;ISRAEL;;;;Outubro 25;;ER-CIND-POV-RURAL-CACIMBINHA;CAMPO FORMOSO;;;;;LV + ENERGZ;;1;;;8;;;;;;100%;;;out./1;20/10/2025;25/10/2025;;14/10/2025;;TRUE;TRUE;;;D010745;;;;TRF;124657 (LV)      124861 (EN);;PRIORIDADE PLANO ANEEL;-9,9124989, -40,6843068;E875291 – E875298;https://drive.google.com/file/d/1fUb8klgF5nSnHVTy2-KASHhdBbEIKTw9/view?usp=drive_link;;0%;0,0%;;;;;;;;;;;;;;
;B-1171381;;;PLANO 14;;;;;;R$ 62.354,50;;;ISRAEL;;;;Outubro 25;;ER-CIND-POV-LAGE DOS NEGROS -L D NEGROS;CAMPO FORMOSO;;;;128911;LV + ENERGZ;;1;;;7;;;;;;100%;;;out./1;20/10/2025;25/10/2025;;14/10/2025;;TRUE;TRUE;;;E528660;;;;TRF;124663 (LV)      124878 (EN);;PRIORIDADE PLANO ANEEL;-10,1591055, -40,9337948;E875299 – E875305;https://drive.google.com/file/d/17d7bgA-151hAo1z4GU7CjbDq6y2gNKvL/view?usp=drive_link;;0%;0,0%;;;;;;;;;;;;;;
;B-1204503;;;PLANO 14;;;;;;R$ 53.873,54;;;ISRAEL;;;;Outubro 25;;ER-CIND-POV-VARGEM DO SAL 300-V DO SAL;CAMPO FORMOSO;;;;;LV + ENERGZ;;1;;;5;;;;;;100%;;;out./1;27/10/2025;31/10/2025;;14/10/2025;;TRUE;TRUE;;;Q064027;;;;N1 C/ TRF;124748 (LV) 124696 (EN);;PRIORIDADE PLANO ANEEL;-10,4179027, -40,6692667;E875306 – E875310;https://drive.google.com/file/d/1KOg7AzZW4dLkP8c6COkBal8zVAL_LxXB/view?usp=drive_link;;0%;0,0%;;;;;;;;;;;;;;
;B-1221342;;;PLANO 7;;;;;;;;;JEFFERSON;;;;Outubro 25;;UB-CIND-RUA-NICANOR AMMBAHY-CENTRO;NORDESTINA;Energizada;;;;;;;;;4;;;;;;100%;;;out./1;27/10/2025;31/10/2025;;14/10/2025;;FALSE;FALSE;FALSE;FALSE;;;;;;;;PRIORIDADE PLANO ANEEL;;;;;0%;0,0%;;;;;;;;;;;;;;
;B-1213002;;;PLANO 14;;;;;;R$ 22.711,82;;;ISRAEL;;;;Outubro 25;;ER-CIND-POV-PONTA DAGUA-RURAL;CAMPO FORMOSO;;;;;BT;;1;;;4;;;;;;100%;;;out./1;27/10/2025;31/10/2025;;07/10/2025;;TRUE;TRUE;;;D724169;;;;;121336 BT;;PRIORIDADE PLANO ANEEL;-10,4114853, -41,1624956;E875287 – E875290;https://drive.google.com/file/d/1KsxIb6H7s6QnTmeIBsuWeo6tyOwt6IK8/view?usp=drive_link;;0%;0,0%;;;;;;;;;;;;;;
;B-1209595;;;PLANO 14;;;;;;R$ 13.794,15;;;ISRAEL;;;;Outubro 25;;ER-CIND-RUA-DO CAMPO-CENTRO;CAMPO FORMOSO;;;;;BT;;1;;;3;;;;;;100%;;;out./1;27/10/2025;31/10/2025;;07/10/2025;;TRUE;TRUE;;;R024920;;;;;121346 BT;;PRIORIDADE PLANO ANEEL;-10,5954581, -40,930199;E875177 – E875179;https://drive.google.com/file/d/1ZK7k_sD48GWLN7LnzOAhgRGZAlHFvzJz/view?usp=drive_link;;0%;0,0%;;;;;;;;;;;;;;
;B-1176652;;;PLANO 7;;;;;;R$ 10.091,52;;;JOILSON;;;;Outubro 25;;ER-CIND-POV-LAGES-RURAL;SENHOR DO BONFIM;Cancelada;;;;BT;;2;;;2;;;;;;100%;;;out./1;06/10/2025;10/10/2025;;01/10/2025;;TRUE;TRUE;FALSE;FALSE;Q042359;;;;;119949 BT;;PRIORIDADE PLANO ANEEL;-10,5500873, -40,1574572;E875227 – E875228;https://drive.google.com/file/d/1sVX72kR2GyY6PreMQrr7Tklm6TorgjC_/view?usp=drive_link;;0%;0,0%;;;;;;;;;;;;;;
;B-1193954;;;PLANO 7;;;;;;R$ 37.400,82;;;REGINALDO;;;;Outubro 25;;AC-CIND-VI LIMOES 2-CENTRO;SENHOR DO BONFIM;Energizada;;;127249;DESL + BT + LV;;1;2;;2;;;;;;100%;;;out./1;20/10/2025;25/10/2025;;22/10/2025;;;TRUE;FALSE;FALSE;D050846;;;;N1 C/ TRF;123287 (BT) 125892(LV);;QLP;-10,4953163, -40,1635735;E875225 – E875226;https://drive.google.com/file/d/1WQopJNOV-ltWEpNb9Szb4BQfgq6oVQbC/view?usp=drive_link;;0%;100,0%;;;;;;;;;;;;;;
;B-1221730;;;PLANO 7;;;;;;;;;ALDAIR;;;;Outubro 25;;RR-EMBA-RUA-DA LARANJEIRA-CENTRO;JAGUARARI;;;;;;;;;;2;;;;;;100%;;;out./1;07/10/2025;30/10/2025;;27/10/2025;;FALSE;FALSE;FALSE;FALSE;;;;;;;;PRIORIDADE PLANO ANEEL;;;;;0%;0,0%;;;;;;;;;;;;;;
;B-1149067;;;PLANO 7;;;;;;R$ 12.073,78;;;JOILSON;;;;Outubro 25;;IT-CCOL-ROD-LOMANTO JUNIOR-LOMANTO JUNIO;SENHOR DO BONFIM;Cancelada;;;;LV;;0;;;1;;;;;;100%;;;out./1;20/10/2025;25/10/2025;;;;FALSE;FALSE;FALSE;FALSE;D570917;;;;CE1 N3;;;REPUTACIONAL;-10,4775199, -40,1679471;E875229 – E875229;https://drive.google.com/file/d/1jRVrRoU5MbL1B_2A2xh9ujHTMyfYp7MZ/view?usp=drive_link;;0%;0,0%;;;;;;;;;;;;;;
;B-1153516;;;PLANO 7;;;;;;R$ 20.977,40;;;ISRAEL;;;;Outubro 25;;ER-CIND-POV-VILA DOS PAUZINHOS-RURAL;CAMPO FORMOSO;Energizada;;;123380;LV + ENERGZ;;1;;;1;;;;;;100%;;;out./1;20/10/2025;25/10/2025;;14/10/2025;;TRUE;TRUE;;;B139251;;;;N1 C/ TRF;124667 (LV) 124662 (EN);;PRIORIDADE PLANO ANEEL;-10,1299905, -40,4956858;E875183 – E875183;https://drive.google.com/file/d/1N3-0WC53zF0v9IS7bdq0-kPNI7Sd0k_y/view?usp=drive_link;;0%;0,0%;;;;;;;;;;;;;;
;B-1168806;;;PLANO 7;;;;;;R$ 24.982,67;;;ISRAEL;;;;Outubro 25;;ER-CIND-POV-PATOS 3-URBANO;CAMPO FORMOSO;;;;;LV + ENERGZ;;1;;;1;;;;;;100%;;;out./1;27/10/2025;31/10/2025;;14/10/2025;;TRUE;TRUE;;;Q024911;;;;N1 C/ TRF;124783 (LV) 124647 (EN);;PRIORIDADE PLANO ANEEL;-10,1845895, -40,8966678;E875184 – E875184;https://drive.google.com/file/d/1FUMDq-bUdK8-BLdnwQeSZEVh0g0Cgm-w/view?usp=drive_link;;0%;0,0%;;;;;;;;;;;;;;
;B-1156651;;;PLANO 7;;;;;;R$ 27.197,79;;;ISRAEL;;;;Outubro 25;;ER-CIND-POV-BREJO CAATINGA-RURAL;CAMPO FORMOSO;;;;;LV + ENERGZ;;0;;;1;;;;;;100%;;;out./1;27/10/2025;31/10/2025;;14/10/2025;;TRUE;TRUE;;;D931025;;;;N1 C/ TRF;124773 (LV) 124652 (EN);;PRIORIDADE PLANO ANEEL;-10,4265503, -40,8651062;E875185 – E875185;https://drive.google.com/file/d/1MGM9EwydAcMCbDyjyaG2pf9mkqQncAn8/view?usp=drive_link;;0%;0,0%;;;;;;;;;;;;;;
;B-1204838;;;PLANO 8;;;;;;R$ 51.246,25;;;REGINALDO;;;;Outubro 25;;IS-COEL-RUA-CANDIDO FONSECA-MERCADO;SENHOR DO BONFIM;Energizada;;;129486 (PRECISA DE ACORDO) E 129488;DESL + LV;;0;6;;6;;;;;;100%;;;out./1;20/10/2025;25/10/2025;;20/10/2025;;;FALSE;FALSE;FALSE;Q042100;;;;1 N4;;29/10/2025;JUDICIAL;-10,5040859, -40,1605723;E875342 – E875347;https://drive.google.com/file/d/12nH3eqxoumRtkHUruc6jly0B9TONZ7GF/view?usp=drive_link;2;33,33333333%;100,0%;;;;;;;;;;;;;;
;B-1196099;;;PLANO 7;;;;;;R$ 41.276,99;;;REGINALDO;;;;Outubro 25;;UB-CIND-RUA-SENHOR DO BONFIM-QUICE;SENHOR DO BONFIM;Energizada;;;;LV + ENERGZ;;1;DETONAR;;3;;;;;;100%;;;out./1;20/10/2025;25/10/2025;;08/10/2025;;TRUE;TRUE;FALSE;FALSE;Q051202;;;;N1 C/ TRF;123513(LV)      124318 (EN);;RECLAMAÇÃO;-10,5386756, -40,0339182;E875212 – E875214;https://drive.google.com/file/d/1G1lUW6BXNjPncqxWdbIThPJIYYKB3yoZ/view?usp=drive_link;1;33,33333333%;100,0%;;;;;;;;;;;;;;
;B-1205879;;;PLANO 14;;;;;;R$ 28.064,87;;;REGINALDO;;;;Outubro 25;;ER-CIND-FAZ-CAJAZEIRA 28-RURAL-QUICE;SENHOR DO BONFIM;Energizada;;;;LV + ENERGZ;;1;3;;3;;;;;;100%;;;out./1;20/10/2025;25/10/2025;;08/10/2025;;TRUE;TRUE;FALSE;FALSE;Q049875;;;;N1 C/ TRF;123515(LV) 124327 (EN);;PRIORIDADE PLANO ANEEL;-10,5235394, -40,0633237;E875209 – E875211;https://drive.google.com/file/d/123Gas0XiyMZSDZ0T1EqbeWHMKnda6Ysm/view?usp=drive_link;1;33,33333333%;100,0%;;;;;;;;;;;;;;
;B-1200619;;;PLANO 14;;;;;;R$ 239.450,57;;;ISRAEL;;;;Outubro 25;;RR-CIND-POV-LAGEDO RASO-TIQUARA-RURAL;CAMPO FORMOSO;Energizada;;;;LV + ENERGZ;;4;;;32;;;;;;100%;;;out./1;20/10/2025;31/10/2025;;20/10/2025;;;TRUE;;;E477077;;;;N3/4;124729 (LV)      124830 (EN);;PRIORIDADE PLANO ANEEL;-10,419528, -40,521278;E875118 – E875149;;11;34,375%;0,0%;;;;;;;;;;;;;;
;B-1105670;;;PLANO 14;;;;;;R$ 341.404,74;;;WAGNER;;;;Outubro 25;;MP-CIND-ROD-MINA BARRINHA-RURAL;JAGUARARI;Energizada;;;;LV + ENERGZ + BT;;14;;;44;;;;;;100%;;;out./1;13/10/2025;31/10/2025;;20/10/2025;;;TRUE;;;Q066744;;;;N1-3;125137 (LV)  125807 BT    136792 (EN);;JUDICIAL;-9,8806754, -39,9304034;E875493 – E875536;;18;40,90909091%;0,0%;;;;;;;;;;;;;;
;B-1166494;;;PLANO 7;;;;;;R$ 360.650,29;;;MARCELO;;;;Outubro 25;;LD - CIND POV ALECRIM - RURAL;QUEIMADAS;Energizada;;;;LV + ENERGZ;;3;;;34;;;;;;100%;;;out./1;13/10/2025;30/10/2025;;13/10/2025;;TRUE;TRUE;FALSE;FALSE;D573527;;;;N3/4;125748 (EN);;QLP;-11,0539141, -39,824471;E875459 – E875492;;16;47,05882353%;0,0%;;;;;;;;;;;;;;
;B-1165645;;;PLANO 7;;;;;;R$ 38.265,67;;;EDVALDO;;;;Outubro 25;;ER-CIND.POV.DE FUMAÇA-RURAL;PINDOBAÇU;Energizada;;;121453;DESL;;0;2;;2;;;;;;100%;;;out./1;07/10/2025;10/10/2025;;07/10/2025;;;TRUE;;;Q037082;;;;;;;GOVERNO;-10,670842, -40,3261249;E875168 – E875169;https://drive.google.com/file/d/1B7jHLNNnD0OQ7sYMVKpD8gQYCgoeoEY6/view?usp=drive_link;1;50%;100,0%;;;;;;;;;;;;;;
;B-1173892;;;PLANO 7;;;;;;R$ 32.874,89;;;ISRAEL;;;;Outubro 25;;ER-CIND-AV-SONHOS 172-RURAL;CAMPO FORMOSO;Energizada;;;;LV + ENERGZ;;0;2;;2;;;;;;100%;;;out./1;13/10/2025;18/10/2025;;07/10/2025;;TRUE;TRUE;;;D520413;;;;N1 C/ TRF;124639 (LV)     124725 (EN);;PRIORIDADE PLANO ANEEL;-10,4847831, -40,3449138;E875175 – E875176;https://drive.google.com/file/d/1nfA1FpifLSeivWcSGWCgTtgFE9IdU4Gs/view?usp=drive_link;1;50%;100,0%;;;;;;;;;;;;;;
;B-0670141;;;PLANO 14;;;;;;R$ 91.671,67;;;OSMAR;;;;Outubro 25;;MP-CIND-FAZ. ATANAZIO-RURAL;MONTE SANTO;Energizada;;;;LV + ENERGZ;;1;;;24;;;;;;100%;;;out./1;20/10/2025;30/10/2025;;13/10/2025;;TRUE;TRUE;;;D559328;;;;N1-3;125839 (EN);;PRIORIDADE PLANO ANEEL;-10,1947751, -39,2650649;E875408 – E875431;;13;54,16666667%;0,0%;;;;;;;;;;;;;;
;B-1216501;;;PLANO 7;;;;;;R$ 195.424,14;;;EDVALDO;;;;Outubro 25;;ER-CIND-FAZ-CACADOR-RURAL;PONTO NOVO;Energizada;;;123278;LV + ENERGZ + BT;;3;7;;27;;;;;;100%;;;out./1;13/10/2025;22/10/2025;;07/10/2025;;;TRUE;;;D914760;;;;N3/4;127506 (LV) 122316(BT)  122322(EN);;PRIORIDADE PLANO ANEEL;-11,0562733, -40,0631541;E875432 – E875458;;16;59,25925926%;25,9%;;;;;;;;;;;;;;
;B-1208718;;;PLANO 7;;;;;;R$ 133.687,73;;;EDVALDO;;;;Outubro 25;;RR-CIND-RUA-DO CONTORNO 15-CENTRO;ANTÔNIO GONÇALVES;Energizada;;;125891;LV + BT + ENERGZ + DESL;;29;21;;21;;;;;;100%;;;out./1;23/10/2025;31/10/2025;;09/10/2025;;;TRUE;;;D008540;;;;CE3/4;124616(LV) 123164 BT  123173(EN);31/10/2025;QLP;-10,5701783, -40,2697813;E875389 – E875407;https://drive.google.com/file/d/1iyn0hUxU9viuPOVuf-94sO-tuKHGni0X/view?usp=drive_link;15;71,42857143%;100,0%;;;;;;;;;;;;;;
;B-1164147;;;PLANO 7;;;;;;R$ 115.225,85;;;JEFFERSON;;;;Outubro 25;;ER-CIND-FAZ-ROCHA-AT LINDO - RURAL;CANSANÇÃO;Energizada;;;;LV + ENERGZ;;2;;;7;;;;;;100%;;;out./1;06/10/2025;18/10/2025;;06/10/2025;;TRUE;TRUE;;;Q098900;;;;N1-3;124820 (LV) 124140 (EN);;PRIORIDADE PLANO ANEEL;-10,6512763, -39,7123835;E875311 – E875317;https://drive.google.com/file/d/1Zaf3FIpxBMySxxp7Li6mymJLLvktyJYz/view?usp=drive_link;5;71,42857143%;0,0%;;;;;;;;;;;;;;
;B-1195412;;;PLANO 7;;;;;;R$ 31.758,63;;;OSMAR;;;;Outubro 25;;ER-CIND-POV-MONTE SANTO-SITIO DE NANINHA;MONTE SANTO;Energizada;;;;BT;;1;;;5;;;;;;100%;;;out./1;06/10/2025;18/10/2025;;06/10/2025;;TRUE;TRUE;;;D409513;;;;;122245 BT;;QLP;-10,5062648, -39,4095984;E875376 – E875380;https://drive.google.com/file/d/1qn1y4ot468g2nkSuRVK9Sn2p9QGrww58/view?usp=drive_link;4;80%;0,0%;;;;;;;;;;;;;;
;B-1192755;;;PLANO 14;;;;;;R$ 1.060.332,60;;;ALDAIR;;;;Outubro 25;;RR-SEIN-FAZ-CORRENCIA-RURAL;JAGUARARI;Energizada;;;120054;DESL + ENERGZ;;0;114;;114;;;;;;100%;;;out./1;01/10/2025;18/10/2025;;01/09/2025;;TRUE;TRUE;;;;;;;N1-3;;;GOVERNO;-10.0171927,-39.8492799;0;;106;92,98245614%;100,0%;;;;;;;;;;;;;;
;B-0877780;;;PLANO 14;;;;;;R$ 196.839,24;;;MARCELO;;;;Outubro 25;;MP-CCOL-FAZ RAIO DO SOL-RURAL;QUEIMADAS;Energizada;;;125480;DESL + LV + BT + ENERGZ;;9;49;;49;;;;;;100%;;;ago./1;19/09/2025;30/09/2025;;15/09/2025;;TRUE;TRUE;FALSE;FALSE;Q104891;-10,9814946;-39,6346926;;N1/3;108873(LV);;REPUTACIONAL;-10.9814946,-39.6346926;E843924 - E843973;Não precisa;47;95,91836735%;100,0%;;;;;;;;;;;;;;
;B-1134327;;;PLANO 14;;;;;;R$ 756.608,39;;;JEFFERSON;;;;Outubro 25;;LD CIND FAZ SÃO JOÃO RURAL;CANSANÇÃO;Energizada;;;;LV + ENERGZ;;1;59;;59;;;;;;100%;;;ago./1;14/10/2025;30/09/2025;;15/09/2025;;TRUE;TRUE;;;E284390;-10.8421072;-39.308;;N3/4;108861(LV)     112624 (EN);;PRIORIDADE PLANO ANEEL;-10.8421072,-39.308;E843809 - E843864;Não precisa;64;100%;100,0%;;;;;;;;;;;;;;
;B-0972150;;;PLANO 7;;;;;;R$ 59.465,82;;;EDVALDO;;;;Outubro 25;;RR-CIND-RUA-DA AREIA-CARNAIBA;PINDOBAÇU;Energizada;;;;LV + ENERGZ;;1;11;;11;;;;;;100%;;;ago./1;22/09/2025;25/09/2025;;12/09/2025;;TRUE;TRUE;FALSE;FALSE;Q063843;;;;1 N1-3;108885(LV);;QLP;-10.7118401, -40.4764177;E860565 - E860578;https://drive.google.com/file/d/1cSMCjmGCfeyj4MQsh2710bSbQRCyuNEy/view?usp=drive_link;14;100%;100,0%;;;;;;;;;;;;;;
;B-1198646;;;PLANO 14;;;;;;R$ 37.811,92;;;OSMAR;;;;Outubro 25;;ER-CIND-FAZ-POCO DANTAS-MONTE SANTO;MONTE SANTO;Energizada;;;;BT;;1;7;;7;;;;;;100%;;;out./1;06/10/2025;18/10/2025;;06/10/2025;;TRUE;TRUE;;;D239704;;;;;122274 BT;;QLP;-10,398475, -39,3087948;E875370 – E875375;https://drive.google.com/file/d/1n9kI8nHwRobX0ihHqcgh-AksWcaPq-ec/view?usp=drive_link;7;100%;100,0%;;;;;;;;;;;;;;
;B-1198650;;;PLANO 14;;;;;;R$ 45.098,21;;;ANAILTON;;;;Outubro 25;;ER-CCOL-FAZ-PAU D ARCO-RURAL;QUEIMADAS;;;;;BT;;1;;;4;;;;;;100%;;;out./1;20/10/2025;25/10/2025;;06/10/2025;;;TRUE;;;D409513;;;;;127167 BT;;QLP;-10,5062648, -39,4095984;0;https://drive.google.com/file/d/19vWBocIDS5w2Z3vj0Uk7se2EjMeZSV4I/view?usp=drive_link;4;100%;0,0%;;;;;;;;;;;;;;
;B-1199681;;;PLANO 14;;;;;;R$ 42.116,14;;;EDVALDO;;;;Outubro 25;;ER-CIND-POV-BARRA-BARRA;ANTÔNIO GONÇALVES;Energizada;;;;LV + ENERGZ;;2;6;;6;;;;;;100%;;;out./1;07/10/2025;10/10/2025;;09/10/2025;;;TRUE;;;Q067429;;;;N1 C/ TRF;124551 (LV)      124821(EN);;QLP;-10,6010438, -40,2725336;E875273 – E875278;https://drive.google.com/file/d/1wENrSq_PeKgisN0rRL-p_FVKf8AARwj7/view?usp=drive_link;6;100%;100,0%;;;;;;;;;;;;;;
;B-1173478;;;PLANO 14;;;;;;R$ 30.445,50;;;JOILSON ;;;;Outubro 25;;ER-CIND-POV-LAGOA DO BOI-LAGOA DO BOI;SENHOR DO BONFIM;Energizada;;;;BT;;1;6;;6;;;;;;100%;;;set./1;20/10/2025;31/10/2025;;01/10/2025;;TRUE;TRUE;;;E860849;;;;;115798 (BT);;PRIORIDADE PLANO ANEEL;;E860849 -E860853;;6;100%;100,0%;;;;;;;;;;;;;;
;B-1195841;;;PLANO 14;;;;;;R$ 12.344,10;;;ANAILTON;;;;Outubro 25;;ER-CIND-POV-LAGE 3652-LAGE;MONTE SANTO;;;;123362;LV + BT;;1;;;2;;;;;;100%;;;out./1;20/10/2025;25/10/2025;;06/10/2025;;;TRUE;;;D143859;;;;2 N1;127161 BT;;QLP;-10,4605865, -39,2612516;E875150 – E875151;https://drive.google.com/file/d/10hAjidpSjethJXun3uV91gg5_28hEfjx/view?usp=drive_link;2;100%;0,0%;;;;;;;;;;;;;;
;B-1207817;;;PLANO 7;;;;;;R$ 27.493,60;;;REGINALDO;;;;Outubro 25;;ER-CIND-FAZ-TANQUINHO 66-TIJUACU;SENHOR DO BONFIM;Energizada;;;123343;DESL + LV + BT;;1;6;;6;;;;;;100%;;;out./1;20/10/2025;25/10/2025;;20/10/2025;;;TRUE;FALSE;FALSE;Q049592;;;;N1;123277 (BT);;PRIORIDADE PLANO ANEEL;-10,5604559, -40,1315522;E875348 – E875353;https://drive.google.com/file/d/1_XMElTiYZrazbvLG92Ii5SfUM_7zzSf8/view?usp=drive_link;6;100%;100,0%;;;;;;;;;;;;;;
;B-1211134;;;PLANO 14;;;;;;R$ 58.994,65;;;JOSE;;;;Outubro 25;;ER-CIND-POV-SACO FUNDO 24-RURAL;MONTE SANTO;Energizada;;;;LV + ENERGZ;;2;6;;6;;;;;;100%;;;out./1;06/10/2025;11/10/2025;;06/10/2025;;FALSE;TRUE;;;A284391;;;;N1 C/ TRF;125893(LV) 124159 (EN) ;;PRIORIDADE PLANO ANEEL;-10,2229701, -39,409205;E875359 – E875364;https://drive.google.com/file/d/1jJlKToSQlaG62EXkuCgqWIHbW0o11yed/view?usp=drive_link;6;100%;100,0%;;;;;;;;;;;;;;
;B-1213503;;;PLANO 14;;;;;;R$ 25.319,43;;;JOILSON;;;;Outubro 25;;ER-CIND-POV-PEREIROS-RURAL;SENHOR DO BONFIM;Energizada;;;;BT;;1;5;;5;;;;;;100%;;;out./1;06/10/2025;10/10/2025;;01/10/2025;;TRUE;TRUE;FALSE;FALSE;Q045765;;;;;121424 BT;;PRIORIDADE PLANO ANEEL;-10,3808554, -40,0701585;E875354 – E875358;https://drive.google.com/file/d/1EAI3KYXGJOWbzz18J8aKVZE8BAkhpfHs/view?usp=drive_link;5;100%;100,0%;;;;;;;;;;;;;;
;B-1199296;;;PLANO 7;;;;;;R$ 11.810,71;;;ANAILTON;;;;Outubro 25;;AC-CIND-FAZ-FELICIANO-RURAL;MONTE SANTO;Energizada;;;;BT;;1;;;2;;;;;;100%;;;out./1;20/10/2025;25/10/2025;;06/10/2025;;;TRUE;;;D154864;;;;;127180 BT;;QLP;-10,4535805, -39,5306571;E875155 – E875156;https://drive.google.com/file/d/1Tg2ep-sc3cXCJ8ff3PXUxu7WwJvzY1v4/view?usp=drive_link;2;100%;0,0%;;;;;;;;;;;;;;
;B-1200674;;;PLANO 14;;;;;;R$ 35.253,30;;;GESONI;;;;Outubro 25;;ER-CIND-FAZ-VARZEA GRANDE-VARZEA GRANDE;QUEIMADAS;;;;128905;LV + BT;;1;;;5;;;;;;100%;;;out./1;20/10/2025;25/10/2025;;13/10/2025;;TRUE;TRUE;FALSE;FALSE;B565390;;;;2 N1;123154 BT;;QLP;-10,9210645, -39,9412907;E875365 – E875369;https://drive.google.com/file/d/18ZF9Qq8JVg4GFYxbbO4i-8WenlIsK2HK/view?usp=drive_link;5;100%;0,0%;;;;;;;;;;;;;;
;B-1195013;;;PLANO 7;;;;;;R$ 30.807,46;;;OSMAR;;;;Outubro 25;;UB-CIND-RUA-CENTENARIO DA REP-ALTO DA C;MONTE SANTO;Energizada;;;;BT;;1;4;;4;;;;;;100%;;;out./1;06/10/2025;11/10/2025;;06/10/2025;;;TRUE;;;D765825;;;;;122237 BT;;QLP;-10,4368644, -39,3214137;E875385 – E875388;https://drive.google.com/file/d/1kp3yWRVvXEM2lwWfRD1fgUAxHdgV09wR/view?usp=drive_link;4;100%;100,0%;;;;;;;;;;;;;;
;B-1212968;;;PLANO 7;;;;;;R$ 23.320,80;;;ISRAEL;;;;Outubro 25;;UB-CIND-RUA-DA CHACARA 957-ESPLANADA;CAMPO FORMOSO;Energizada;;;;BT;;1;4;;4;;;;;;100%;;;out./1;07/10/2025;11/10/2025;;07/10/2025;;TRUE;TRUE;;;D696755;;;;;120712 BT;;PRIORIDADE PLANO ANEEL;-10,5068992, -40,3303808;E875279 – E875282;https://drive.google.com/file/d/1O_R2bl3izf3-rTAiMkWyBYvSHpoCbhdy/view?usp=drive_link;8;100%;100,0%;;;;;;;;;;;;;;
;B-1175534;;;PLANO 7;;;;;;R$ 37.229,65;;;ISRAEL;;;;Outubro 25;;UB-CIND-RUA-DAS VIOLETAS-VILA DOS RICOS;CAMPO FORMOSO;Energizada;;;;BT;;0;4;;4;;;;;;100%;;;out./1;07/10/2025;11/10/2025;;07/10/2025;;TRUE;TRUE;;;E638589;;;;;120680 BT;;PRIORIDADE PLANO ANEEL;-10,4962477, -40,3257289;E875283 – E875286;https://drive.google.com/file/d/1L9XOC0qeRg6v2KsF1Ptbvhh3hPZN_9Yj/view?usp=drive_link;4;100%;100,0%;;;;;;;;;;;;;;
;B-1199274;;;PLANO 7;;;;;;R$ 13.325,25;;;ANAILTON;;;;Outubro 25;;ER-CIND-FAZ-FZ PEDRA-PEDRA;MONTE SANTO;Energizada;;;;BT;;1;;;2;;;;;;100%;;;out./1;27/10/2025;31/10/2025;;06/10/2025;;TRUE;TRUE;;;D139987;;;;;137410 BT;;QLP;-10,4684228, -39,2720763;E875157 – E875158;https://drive.google.com/file/d/1GLaUABIkivH2ZfSJMp6st-H-kWR1YRQO/view?usp=drive_link;2;100%;0,0%;;;;;;;;;;;;;;
;B-1139502;;;PLANO 7;;;;;;R$ 56.169,24;;;JEFFERSON;;;;Outubro 25;;UB-CIND-AV-ANTONIO VICENTE M M-CENTRO;CANSANÇÃO;;;;;LV + ENERGZ;;1;;;4;;;;;;100%;;;out./1;20/10/2025;25/10/2025;;13/10/2025;;TRUE;TRUE;;;D297035;;;;TRF + N1;124968 (LV) 124350 (EN);;PRIORIDADE PLANO ANEEL;-10,6594125, -39,4945877;E875322 – E875325;https://drive.google.com/file/d/1KB_Ffd8O0Ut7F3ftx26HSkUSUrsFtfj8/view?usp=drive_link;4;100%;0,0%;;;;;;;;;;;;;;
;B-1213134;;;PLANO 14;;;;;;R$ 39.405,66;;;JEFFERSON;;;;Outubro 25;;ER-CIND-POV-DEIXAI 94 -FT-RURAL;CANSANÇÃO;;;;;LV + BT;;1;;;4;;;;;;100%;;;out./1;27/10/2025;31/10/2025;;13/10/2025;;TRUE;TRUE;;;B164365;;;;3 N1;125095 (LV) 123273 BT;;PRIORIDADE PLANO ANEEL;-10,6854032, -39,3437082;E875334 – E875337;https://drive.google.com/file/d/12N6F1E_ZjJZI1L2xFWVO0_vI9aQ949MB/view?usp=drive_link;4;100%;0,0%;;;;;;;;;;;;;;
;B-1158293;;;PLANO 7;;;;;;R$ 24.101,81;;;JEFFERSON;;;;Outubro 25;;UB-CIND-RUA-HERMANO B SOUZA-URBANA;CANSANÇÃO;;;;;LV + BT;;1;;;4;;;;;;100%;;;out./1;27/10/2025;31/10/2025;;13/10/2025;;TRUE;TRUE;;;Q099328;;;;N1;125076 (LV) 123269 BT;;PRIORIDADE PLANO ANEEL;-10,6652094, -39,4990013;E875326 – E875329;https://drive.google.com/file/d/1Vmqy-TWEwX0cNpdx1z-xx9aZjWHty6AK/view?usp=drive_link;4;100%;0,0%;;;;;;;;;;;;;;
;B-1172415;;;PLANO 7;;;;;;R$ 39.552,26;;;JEFFERSON;;;;Outubro 25;;UB-CIND-RUA-M CAROLINA FERREIRA-CENTRO;CANSANÇÃO;;;;123282;DESL;;0;;;4;;;;;;100%;;;out./1;20/10/2025;25/10/2025;;13/10/2025;;TRUE;TRUE;;;Q099415;;;;;;;PRIORIDADE PLANO ANEEL;-10,6679905, -39,4917045;E875330 – E875333;https://drive.google.com/file/d/1-sawzub04_2yUJrRCX47jaDBUprjkuqa/view?usp=drive_link;4;100%;0,0%;;;;;;;;;;;;;;
;B-1186324;;;PLANO 7;;;;;;R$ 84.103,37;;;JEFFERSON;;;;Outubro 25;;AC-CIND-POV-LAGOA DOS CAVALOS-RURAL;CANSANÇÃO;;;;127298;LV + ENERGZ + BT + DESL;;0;;;4;;;;;;100%;;;out./1;20/10/2025;25/10/2025;;13/10/2025;;TRUE;TRUE;;;D934348;;;;CE3;124947 (LV) 123271 BT;;QLP;-10,6544928, -39,4879905;E875318 – E875321;https://drive.google.com/file/d/1S_bIjmDjBZM-cDGRb8i-mv8jk9M_vX36/view?usp=drive_link;4;100%;0,0%;;;;;;;;;;;;;;
;B-1204768;;;PLANO 7;;;;;;R$ 23.249,21;;;OSMAR;;;;Outubro 25;;UB-CIND-RUA-ALOISIO DE CASTRO-CENTRO;MONTE SANTO;Energizada;;;;BT;;1;4;;4;;;;;;100%;;;out./1;13/10/2025;18/10/2025;;06/10/2025;;TRUE;TRUE;;;A258407;;;;;123295 BT;;PRIORIDADE PLANO ANEEL;-10,4341169, -39,333322;E875381 – E875384;https://drive.google.com/file/d/1frnndN5zrnWkXYcti6Anwr8CKyzK9XNc/view?usp=drive_link;4;100%;100,0%;;;;;;;;;;;;;;
;B-1176230;;;PLANO 7;;;;;;R$ 56.845,49;;;OSMAR;;;;Outubro 25;;ER-CIND-RUA-CORONEL J CORDEIRO-RURAL;MONTE SANTO;Energizada;;;;LV + ENERGZ;;1;3;;3;;;;;;100%;;;out./1;20/10/2025;25/10/2025;;13/10/2025;;TRUE;TRUE;;;D765860;;;;N3;124452 (EN) 128897(LV);;PRIORIDADE PLANO ANEEL;-10,4254957, -39,3336205;E875245 – E875247;https://drive.google.com/file/d/1Z65PfwzlFqTS6XH70eXu7WdRih7OSWYS/view?usp=drive_link;3;100%;100,0%;;;;;;;;;;;;;;
;B-1106526;;;PLANO 8;;;;;;R$ 5.154,52;;;ANAILTON;;;;Outubro 25;;RC-CIND-POV-JENIPAPO DE BAIXO-RURAL;MONTE SANTO;Energizada;;;;BT;;0;;;1;;;;;;100%;;;out./1;13/10/2025;18/10/2025;;06/10/2025;;TRUE;TRUE;;;B321718;;;;;127146 BT;;RECLAMAÇÃO;-10,5469055, -39,4011689;E875159 – E875159;https://drive.google.com/file/d/100CAuaKshr7SMxHECrui-VuZ8PmDWDIR/view?usp=drive_link;1;100%;0,0%;;;;;;;;;;;;;;
;B-1165484;;;PLANO 14;;;;;;R$ 15.922,10;;;JOILSON;;;;Outubro 25;;ER CIND LOT PANORAMA RURAL;SENHOR DO BONFIM;Energizada;;;;BT;;2;3;;3;;;;;;100%;;;out./1;06/10/2025;10/10/2025;;13/10/2025;;TRUE;TRUE;FALSE;FALSE;Q067379;;;;;123291 (BT);;PRIORIDADE PLANO ANEEL;-10,4303475, -40,1401728;E875206 – E875208;https://drive.google.com/file/d/19u9AXwEc1UgqVO_qjHwMSM5TCLzA73x7/view?usp=drive_link;3;100%;100,0%;;;;;;;;;;;;;;
;B-1195373;;;PLANO 14;;;;;;R$ 15.490,78;;;JOILSON;;;;Outubro 25;;ER-CIND-POV-SOCOTO-RURAL;SENHOR DO BONFIM;Energizada;;;;BT;;1;3;;3;;;;;;100%;;;out./1;06/10/2025;10/10/2025;;01/10/2025;;TRUE;TRUE;FALSE;FALSE;D135081;;;;;121391 BT;;QLP;-10,4167964, -40,1809119;E875203 – E875205;https://drive.google.com/file/d/1x7HLnymoAkg-kKMphIQlFr6gLFl1TMbv/view?usp=drive_link;3;100%;100,0%;;;;;;;;;;;;;;
;B-1209446;;;PLANO 14;;;;;;R$ 17.698,47;;;GESONI;;;;Outubro 25;;ER-CIND-FAZ-BEBEDOURO-RURAL;QUEIMADAS;Energizada;;;;BT;;1;3;;3;;;;;;100%;;;out./1;06/10/2025;11/10/2025;;06/10/2025;;TRUE;TRUE;FALSE;FALSE;D314380;;;;;123342 BT;;PRIORIDADE PLANO ANEEL;-10,9343905, -39,7139194;E875232 – E875234;https://drive.google.com/file/d/1ngURa18NyxJojR37YyfHHcbhUELKTKwN/view?usp=drive_link;3;100%;100,0%;;;;;;;;;;;;;;
;B-1194953;;;PLANO 14;;;;;;R$ 6.101,91;;;ANAILTON;;;;Outubro 25;;ER-CIND-POV-GENIPAPO DE BAIXO-RURAL;MONTE SANTO;Energizada;;;;BT;;1;;;1;;;;;;100%;;;out./1;13/10/2025;18/10/2025;;06/10/2025;;TRUE;TRUE;;;D129345;;;;;127139 BT;;QLP;-10,5529584, -39,3971409;E875160 – E875160;https://drive.google.com/file/d/1oxfgyhN3-e6PTT2EOBu09dMnGjS1P1Sa/view?usp=drive_link;1;100%;0,0%;;;;;;;;;;;;;;
;B-1204798;;;PLANO 7;;;;;;R$ 20.714,69;;;JEFFERSON;;;;Outubro 25;;UB-CIND-RUA-JOSE DE FRANCA-CANSANCAO;CANSANÇÃO;Energizada;;;121454;DESL;;1;;;3;;;;;;100%;;;out./1;13/10/2025;18/10/2025;;06/10/2025;;TRUE;TRUE;;;D172241;;;;;;;PRIORIDADE PLANO ANEEL;-10,6693751, -39,5033644;E875189 – E875191;https://drive.google.com/file/d/1UwiHvwWb4VdZgd2BwheI-ixkUCBaqTCo/view?usp=drive_link;3;100%;0,0%;;;;;;;;;;;;;;
;B-1162988;;;PLANO 7;;;;;;R$ 27.601,54;;;JEFFERSON;;;;Outubro 25;;UB-CIND-RUA-LEONIA COELHO FERREIRA-CENTR;CANSANÇÃO;Energizada;;;122323;LV + BT;;1;;;3;;;;;;100%;;;out./1;13/10/2025;18/10/2025;;06/10/2025;;TRUE;TRUE;;;Q099283;;;;1 N3-3 + 1 N1;124892 (LV) 123043 BT;;PRIORIDADE PLANO ANEEL;-10,6674182, -39,4982849;E875186 – E875188;https://drive.google.com/file/d/1iE0cMT-BT0S_1WSNrL0uEXVhvk3mphtA/view?usp=drive_link;3;100%;0,0%;;;;;;;;;;;;;;
;B-1185410;;;PLANO 7;;;;;;R$ 26.468,62;;;REGINALDO;;;;Outubro 25;;ER-CIND-ET-SENHOR DO BONFIM-RURAL;SENHOR DO BONFIM;Energizada;;;;LV + ENERGZ;;1;3;;3;;;;;;100%;;;out./1;13/10/2025;18/10/2025;;08/10/2025;;TRUE;TRUE;FALSE;FALSE;Q071127;;;;N1 C/ TRF;123508(LV)     124287 (EN);;RECLAMAÇÃO;-10,5773657, -40,1424433;E875215 – E875217;https://drive.google.com/file/d/1yG2jA9-3Le2rZfvytOu6oyYkD-qSvQb0/view?usp=drive_link;3;100%;100,0%;;;;;;;;;;;;;;
;B-1211141;;;PLANO 14;;;;;;R$ 19.429,55;;;ISRAEL;;;;Outubro 25;;ER-CIND-POV-CARAIBAS -RURAL;CAMPO FORMOSO;Energizada;;;122294;DESL;;1;;;3;;;;;;100%;;;out./1;27/10/2025;31/10/2025;;14/10/2025;;TRUE;TRUE;;;Q063266;;;;;;;PRIORIDADE PLANO ANEEL;-10,4656053, -40,4449942;E875180 – E875182;https://drive.google.com/file/d/1h4JITGLQgHeXWaHARZF00ud4zoGEduwN/view?usp=drive_link;3;100%;0,0%;;;;;;;;;;;;;;
;B-1213046;;;PLANO 14;;;;;;R$ 15.745,12;;;JOILSON;;;;Outubro 25;;ER-CIND-FAZ-NOVA ESPERANCA-RURAL;SENHOR DO BONFIM;Energizada;;;;BT;;0;3;;3;;;;;;100%;;;out./1;06/10/2025;10/10/2025;;01/10/2025;;TRUE;TRUE;FALSE;FALSE;E657158;;;;;121409 BT;;PRIORIDADE PLANO ANEEL;-10,501671, -40,0969;E875218 – E875220;https://drive.google.com/file/d/1WsPo9OQ2V_rKmZz8EXTtKuhZiGad8CUA/view?usp=drive_link;3;100%;100,0%;;;;;;;;;;;;;;
;B-1211192;;;PLANO 14;;;;;;R$ 33.755,69;;;JEFFERSON;;;;Outubro 25;;ER-CIND-POV-CACIMBA-CACIMBINHA;CANSANÇÃO;;;;128903;DESL + LV + BT;;1;;;3;;;;;;100%;;;out./1;20/10/2025;25/10/2025;;13/10/2025;;TRUE;TRUE;;;Q101267;;;;N1 C/ TRF;124981 (LV) 123279 (BT);;PRIORIDADE PLANO ANEEL;-10,7173807, -39,453117;E875192 – E875194;https://drive.google.com/file/d/1rUdQCmjOqOYFwDCN2fKL62HfyI9ExvXd/view?usp=drive_link;3;100%;0,0%;;;;;;;;;;;;;;
;B-1194770;;;PLANO 14;;;;;;R$ 13.435,26;;;OSMAR;;;;Outubro 25;;ER-CIND-POV-FLORES -FLORES;MONTE SANTO;;;;123285;LV + BT;;1;;;2;;;;;;100%;;;out./1;20/10/2025;25/10/2025;;13/10/2025;;TRUE;TRUE;;;D107818;;;;2 N1;123106 BT;;QLP;-10,150653, -39,5808952;E875248 – E875249;https://drive.google.com/file/d/14_po5iDUOFGdzDZjS1WGCLNsIJayKeN8/view?usp=drive_link;2;100%;0,0%;;;;;;;;;;;;;;
;B-1167442;;;PLANO 7;;;;;;R$ 17.771,84;;;JEFFERSON;;;;Outubro 25;;UB CIND RUA JOSE BELAU DOS SANTO URBANO;CANSANÇÃO;Cancelada;;;;BT;;2;;;2;;;;;;100%;;;out./1;06/10/2025;11/10/2025;;06/10/2025;;TRUE;TRUE;;;D649803;;;;;119937 BT;;AIC AUDITORIA;-10,6594498, -39,4859276;E875195 – E875196;https://drive.google.com/file/d/19WTRZMqnJU7aHQlr5ckEnoJ3lNwlelb5/view?usp=drive_link;2;100%;0,0%;;;;;;;;;;;;;;
;B-1177169;;;PLANO 7;;;;;;R$ 13.934,64;;;JOILSON;;;;Outubro 25;;UB-CIND-LOT-EMANUELA-URBANA;SENHOR DO BONFIM;Energizada;;;;BT;;2;2;;2;;;;;;100%;;;out./1;06/10/2025;10/10/2025;;01/10/2025;;TRUE;TRUE;FALSE;FALSE;D116977;;;;;121366 BT;;PRIORIDADE PLANO ANEEL;-10,4536602, -40,1991061;E875221 – E875222;https://drive.google.com/file/d/1l6jV7gGUsHYRHpqi4qajtrhnb6wjQh5m/view?usp=drive_link;2;100%;100,0%;;;;;;;;;;;;;;
;B-1198639;;;PLANO 7;;;;;;R$ 15.879,66;;;GESONI;;;;Outubro 25;;ER-CIND-FAZ-VOLTA DO RIO-RURAL;QUEIMADAS;Energizada;;;;BT;;1;2;;2;;;;;;100%;;;out./1;06/10/2025;11/10/2025;;06/10/2025;;TRUE;TRUE;FALSE;FALSE;D522909;;;;;123330 BT;;QLP;-10,9877095, -39,7613463;E875237 – E875238;https://drive.google.com/file/d/1BcDjcIi-PNE8DW0aWtoWftdEvirQsBAT/view?usp=drive_link;2;100%;100,0%;;;;;;;;;;;;;;
;B-1179582;;;PLANO 7;;;;;;R$ 12.948,51;;;JEFFERSON;;;;Outubro 25;;UB-CIND-RUA-ENCESLAU DOS SANTOS BELAU 18;CANSANÇÃO;Energizada;;;;BT;;1;2;;2;;;;;;100%;;;out./1;06/10/2025;11/10/2025;;06/10/2025;;TRUE;TRUE;;;Q098563;;;;;119961 BT;;PRIORIDADE PLANO ANEEL;-10,6695789, -39,4965427;E875197 – E875198;https://drive.google.com/file/d/1UIvdbSVN59mdPM_ybnq7xrAWEqD-VH-j/view?usp=drive_link;2;100%;100,0%;;;;;;;;;;;;;;
;B-1139486;;;PLANO 7;;;;;;R$ 14.665,70;;;JEFFERSON;;;;Outubro 25;;ER-CIND-POV-ALTO LINDO-RURAL;CANSANÇÃO;Energizada;;;;BT;;1;2;;2;;;;;;100%;;;out./1;06/10/2025;11/10/2025;;06/10/2025;;TRUE;TRUE;;;A000005;;;;;123318 BT;;QLP;-10,659983, -39,651906;E875199 – E875200;https://drive.google.com/file/d/1K9gT97NvpZoxfHOrr8cQi_aK4RnRswBM/view?usp=drive_link;2;100%;100,0%;;;;;;;;;;;;;;
;B-1196233;;;PLANO 14;;;;;;R$ 23.328,19;;;GESONI;;;;Outubro 25;;ER-CIND-FAZ-VARGEM DE FORA-RURAL;QUEIMADAS;Energizada;;;;LV + BT;;1;;;2;;;;;;100%;;;out./1;13/10/2025;18/10/2025;;06/10/2025;;TRUE;TRUE;FALSE;FALSE;D570689;;;;2 N1;123176 BT 129498(LV);;RECLAMAÇÃO;-10,8759863, -39,6008376;E875235 – E875236;https://drive.google.com/file/d/1qrRxEF62yPkoGQdBCF4EiKn880gZxoBl/view?usp=drive_link;2;100%;0,0%;;;;;;;;;;;;;;
;B-1180375;;;PLANO 7;;;;;;R$ 10.572,11;;;ISRAEL;;;;Outubro 25;;UB-CIND-RUA-CASAS POPULARES 657-CENTRO;CAMPO FORMOSO;Energizada;;;;BT;;1;2;;2;;;;;;100%;;;out./1;07/10/2025;11/10/2025;;07/10/2025;;TRUE;TRUE;;;D700734;;;;;120701 BT;;PRIORIDADE PLANO ANEEL;-10,4976781, -40,3246296;E875170 – E875171;https://drive.google.com/file/d/1JAk2pq-IXne2hYLfzFV2kXB3byRWatVz/view?usp=drive_link;2;100%;100,0%;;;;;;;;;;;;;;
;B-1196743;;;PLANO 14;;;;;;R$ 8.765,48;;;ISRAEL;;;;Outubro 25;;ER-CIND-TRAV DA COMISA-CENTRO;CAMPO FORMOSO;Energizada;;;;BT;;1;;;2;;;;;;100%;;;out./1;13/10/2025;18/10/2025;;07/10/2025;;TRUE;TRUE;;;B079002;;;;;120756 BT;;QLP;-10,538731, -40,4008459;E875172 – E875173;https://drive.google.com/file/d/1PRewnn1evfeEE_57oJvkWFbYqYVbCCp9/view?usp=drive_link;2;100%;0,0%;;;;;;;;;;;;;;
;B-1182542;;;PLANO 7;;;;;;R$ 22.875,07;;;REGINALDO;;;;Outubro 25;;ER-CIND-FAZ-JUNCO 100--A;SENHOR DO BONFIM;Energizada;;;;LV + ENERGZ;;1;2;;2;;;;;;100%;;;out./1;13/10/2025;18/10/2025;;08/10/2025;;TRUE;TRUE;FALSE;FALSE;B008651;;;;N1 C/ TRF;123509(LV)      124307(EN);;QLP;-10,4819365, -40,0170831;E875223 – E875224;https://drive.google.com/file/d/1Hzy952xxU6t8Jmo8MgvzSn_vQyZb1bSj/view?usp=drive_link;3;100%;100,0%;;;;;;;;;;;;;;
;B-1196489;;;PLANO 14;;;;;;R$ 16.165,67;;;OSMAR;;;;Outubro 25;;ER-CIND-POV-LAGOA DA PEDRA -RURAL;MONTE SANTO;Energizada;;;;BT;;1;2;;2;;;;;;100%;;;out./1;06/10/2025;11/10/2025;;06/10/2025;;TRUE;TRUE;;;D239367;;;;;122206 BT;;QLP;-10,3930219, -39,1808423;E875250 – E875251;https://drive.google.com/file/d/1DrubtASAciV_fTdFTuUUPNWJbIHM8Yes/view?usp=drive_link;2;100%;100,0%;;;;;;;;;;;;;;
;B-1197373;;;PLANO 14;;;;;;R$ 10.376,75;;;JOSE;;;;Outubro 25;;ER-CIND-FAZ-SAO PEDRO-RURAL;MONTE SANTO;Energizada;;;;BT;;0;2;;2;;;;;;100%;;;out./1;06/10/2025;11/10/2025;;06/10/2025;;TRUE;TRUE;;;D139214;;;;;122291 BT;;QLP;-10,2297888, -39,3779683;E875230 – E875231;https://drive.google.com/file/d/1n2OMghOqOUbjo8k_KCUE99cFbneJynnf/view?usp=drive_link;2;100%;100,0%;;;;;;;;;;;;;;
;"B-1149566
";;;PLANO 7;;;;;;R$ 21.269,92;;;ANAILTON;;;;Outubro 25;;ER-CIND-POV-LAGE-RURAL;MONTE SANTO;;;;;LV + ENERGZ;;1;;;1;;;;;;100%;;;out./1;20/10/2025;25/10/2025;;06/10/2025;;TRUE;TRUE;;;A249948;;;;N1 C/ TRF;127208 (EN);;PRIORIDADE PLANO ANEEL;-10,4666449, -39,2706592;E875152 – E875153;https://drive.google.com/file/d/16vhzvlqzctwCDMbRAV9FK_aQisV0zVJb/view?usp=drive_link;1;100%;0,0%;;;;;;;;;;;;;;
;B-1198651;;;PLANO 7;;;;;;R$ 21.323,67;;;ANAILTON;;;;Outubro 25;;ER-CIND-FAZ-PEDRA-RURAL;MONTE SANTO;;;;;LV + ENERGZ;;1;;;1;;;;;;100%;;;out./1;27/10/2025;31/10/2025;;06/10/2025;;TRUE;TRUE;;;D394972;;;;N1 C/ TRF;127095 (EN);;PRIORIDADE PLANO ANEEL;-10,4752186, -39,3080912;E875154 – E875154;https://drive.google.com/file/d/1TqaAjnC2mF93Ls2xR-UZjEIBVRJEP98O/view?usp=drive_link;1;100%;0,0%;;;;;;;;;;;;;;
;B-1148214;;;PLANO 14;;;;;;R$ 49.168,53;;;ANAILTON;;;;Outubro 25;;ER-CIND-FAZ-LAGOA DO CURRAL-RURAL;NORDESTINA;Energizada;;;;LV + ENERGZ;;1;4;;7;;;;;;100%;;;out./1;06/10/2025;11/10/2025;;06/10/2025;;TRUE;TRUE;;;D366607;;;;N1 C/ TRF;124484(LV)       127076 (EN);;PRIORIDADE PLANO ANEEL;-10,8040096, -39,4758105;E875255 – E875261;https://drive.google.com/file/d/1yvEV9rJqX6wwmaH3gnSBC74f17dFloLa/view?usp=drive_link;7;100%;57,1%;;;;;;;;;;;;;;
;B-1210510;;;PLANO 14;;;;;;R$ 30.651,90;;;ANAILTON;;;;Outubro 25;;ER-CIND-POV-FAZENDINHA 1-RURAL;NORDESTINA;Energizada;;;;BT;;1;3;;6;;;;;;100%;;;out./1;13/10/2025;18/10/2025;;06/10/2025;;TRUE;TRUE;;;Q102378;;;;;127112 BT;;PRIORIDADE PLANO ANEEL;-10,8276884, -39,4531101;E875262 – E875267;https://drive.google.com/file/d/1EmLwTSJsWEYWi3rCE-Q_hcditAKJAqcQ/view?usp=drive_link;6;100%;50,0%;;;;;;;;;;;;;;
;B-1152445;;;PLANO 7;;;;;;R$ 8.095,52;;;MARCELO;;;;Outubro 25;;ER-CIND-POV-VARZEA DO CURRAL 10-RURAL;QUEIMADAS;Cancelada;;;;LV + BT;;0;;;1;;;;;;100%;;;out./1;13/10/2025;18/10/2025;;13/10/2025;;TRUE;TRUE;;;D205250;;;;1 N1;127518 (LV) 123073 BT;;PRIORIDADE PLANO ANEEL;-11,0538934, -39,5930657;E875242 – E875242;https://drive.google.com/file/d/1j3oBmyhi1jBoBf0x7hAW8E19CjRIMOzj/view?usp=drive_link;1;100%;0,0%;;;;;;;;;;;;;;
;B-1145042;;;PLANO 7;;;;;;R$ 11.163,56;;;JOSE;;;;Outubro 25;;UB-CIND-RUA-NOVA-ALTO DO S O FRANCISCO;MONTE SANTO;Energizada;;;;LV + BT;;1;1;;1;;;;;;100%;;;out./1;13/10/2025;18/10/2025;;13/10/2025;;TRUE;TRUE;;;D409478;;;;1 CE1;123268 BT 128270(LV);;PRIORIDADE PLANO ANEEL;-10,4318307, -39,3245447;E875253 – E875253;https://drive.google.com/file/d/1LxKFeEGfWl3J-ePgzSzfeMIeY2FzXrUl/view?usp=drive_link;1;100%;100,0%;;;;;;;;;;;;;;
;B-1197007;;;PLANO 7;;;;;;R$ 8.296,37;;;GESONI;;;;Outubro 25;;UB-CIND-RUA-DO ESTADIO-NOVA QUEIMADA;QUEIMADAS;Energizada;;;;BT;;1;1;;1;;;;;;100%;;;out./1;06/10/2025;11/10/2025;;06/10/2025;;TRUE;TRUE;FALSE;FALSE;Q103941;;;;;123303 BT;;QLP;-10,9798573, -39,6197173;E875240 – E875240;https://drive.google.com/file/d/15AChqvsfXAn_OmNDLdW_PH5kBLkb3HkD/view?usp=drive_link;1;100%;100,0%;;;;;;;;;;;;;;
;B-1199123;;;PLANO 14;;;;;;R$ 26.517,08;;;JEFFERSON;;;;Outubro 25;;ER-CIND-POV-CACIMBINHA 100-CACIMBINHA;CANSANÇÃO;Energizada;;;;BT;;1;1;;1;;;;;;100%;;;out./1;06/10/2025;11/10/2025;;06/10/2025;;TRUE;TRUE;;;Q101280;;;;;120012 BT;;QLP;-10,7185953, -39,4501851;E875338 – E875341;https://drive.google.com/file/d/1QnO1-jwvYiESE8wBLu8nIHi35UDUJmlH/view?usp=drive_link;1;100%;100,0%;;;;;;;;;;;;;;
;B-1196034;;;PLANO 7;;;;;;R$ 21.721,55;;;EDVALDO;;;;Outubro 25;;ER-CIND-POV-VARZEA DO POCO-PONTO NOVO;PONTO NOVO;Energizada;;;;LV + ENERGZ;;1;0;;1;;;;;;100%;;;out./1;07/10/2025;11/10/2025;;07/10/2025;;;TRUE;;;D001041;;;;N1 C/ TRF;124208 (EN) 127678 (LV);;REPUTACIONAL;-10,9070848, -40,0633912;E875167 – E875167;https://drive.google.com/file/d/1o08oOHhWAfP4YiMBXRYusfBOof53qH20/view?usp=drive_link;1;100%;0,0%;;;;;;;;;;;;;;
;B-1177165;;;PLANO 7;;;;;;R$ 5.173,29;;;ISRAEL;;;;Outubro 25;;UB-CIND-LOT-SANTA LUZIA-CAMPO FORMOSO;CAMPO FORMOSO;Energizada;;;;BT;;1;1;;1;;;;;;100%;;;out./1;13/10/2025;18/10/2025;;07/10/2025;;TRUE;TRUE;;;E638583;;;;;120740 BT;;PRIORIDADE PLANO ANEEL;-10,4962324, -40,3260021;E875174 – E875174;https://drive.google.com/file/d/1tWjFybAZ5ziwb_QPTwSp3qtV26VeEiE8/view?usp=drive_link;1;100%;100,0%;;;;;;;;;;;;;;
;B-1164103;;;PLANO 7;;;;;;R$ 13.841,26;;;GESONI;;;;Outubro 25;;ER-CIND-FAZ-DE CIMA-CENTRO;QUEIMADAS;Energizada;;;;LV + ENERGZ;;1;;;1;;;;;;100%;;;out./1;13/10/2025;18/10/2025;;13/10/2025;;TRUE;TRUE;;;A264403;;;;N1 C/ TRF;124337 (EN) 129500 (LV);;PRIORIDADE PLANO ANEEL;-11,1316656, -39,5756908;E875243 – E875243;https://drive.google.com/file/d/11zoiv22zgel_gngVzrIWt3witmat1pVG/view?usp=drive_link;1;100%;0,0%;;;;;;;;;;;;;;
;B-1149451;;;PLANO 7;;;;;;R$ 19.850,67;;;OSMAR;;;;Outubro 25;;ER-CCOL-POV-SITIO DE NANINHA-S D NANINHA;MONTE SANTO;Energizada;;;121458;LV + BT;;1;;;1;;;;;;100%;;;out./1;13/10/2025;18/10/2025;;06/10/2025;;;TRUE;;;A258407;;;;N1 C/ TRF;127516 (LV) 123017 BT;;PRIORIDADE PLANO ANEEL;-10,4938987, -39,4047298;E875254 – E875254;https://drive.google.com/file/d/1flkXaUuGURCjBZT6gKNyoXvbiR5jgJ8b/view?usp=drive_link;1;100%;0,0%;;;;;;;;;;;;;;
;B-1167466;;;PLANO 7;;;;;;R$ 22.361,91;;;GESONI;;;;Outubro 25;;ER CIND FZ VARZEA GRANDE RURAL;QUEIMADAS;Energizada;;;123372;LV + ENERGZ;;1;;;1;;;;;;100%;;;out./1;20/10/2025;25/10/2025;;13/10/2025;;TRUE;TRUE;;;D396531;;;;N1 C/ TRF;127521 (LV) 124433 (EN);;AIC AUDITORIA;-10,9530155, -39,9582648;E875239 – E875239;https://drive.google.com/file/d/1GUOmAUJ2XR_JVpbQpWdmioAagkv2VA0t/view?usp=drive_link;1;100%;0,0%;;;;;;;;;;;;;;
;B-1172911;;;PLANO 7;;;;;;R$ 8.024,25;;;MARCELO;;;;Outubro 25;;ER-CIND-RUA-DA PISTA-LOTEAMENTO SONIA;QUEIMADAS;Energizada;;;120813;LV + BT;;0;1;;1;;;;;;100%;;;out./1;13/10/2025;18/10/2025;;13/10/2025;;TRUE;TRUE;;;E194712;;;;1 N1;127515 (LV) 122993 BT;;PRIORIDADE PLANO ANEEL;-10,9876152, -39,6149923;E875244 – E875244;https://drive.google.com/file/d/1hZLL5s7NHT7R9MH8N-f_e7tSInlWanSr/view?usp=drive_link;1;100%;100,0%;;;;;;;;;;;;;;
;B-1189784;;;PLANO 7;;;;;;R$ 10.251,56;;;OSMAR;;;;Outubro 25;;UB-CIND-RUA-AFONSO TOLENTINO 178-URBANA;MONTE SANTO;Energizada;;;;BT;;1;1;;1;;;;;;100%;;;out./1;06/10/2025;11/10/2025;;06/10/2025;;;TRUE;;;D700706;;;;;122184 BT;;PRIORIDADE PLANO ANEEL;-10,4359943, -39,3234803;E875252 – E875252;https://drive.google.com/file/d/1Zn9V8BdUndPiARw3cB1XdnPYXIzdGffs/view?usp=drive_link;1;100%;100,0%;;;;;;;;;;;;;;
;B-1148717;;;PLANO 7;;;;;;R$ 18.416,88;;;GESONI;;;;Outubro 25;;ER-CIND-POV-LAGINHA-RURAL;QUEIMADAS;;;;123296;LV + ENERGZ;;1;1;;1;;;;;;100%;;;out./1;20/10/2025;25/10/2025;;13/10/2025;;TRUE;TRUE;;;D565953;;;;N1 C/ TRF;124420 (EN);;PRIORIDADE PLANO ANEEL;-11,0102411, -39,673026;E875241 – E875241;https://drive.google.com/file/d/1cYkIJgaRRFhfKUBTqgH_ueFQWVUTJ6la/view?usp=drive_link;1;100%;100,0%;;;;;;;;;;;;;;
;B-1155593;;;PLANO 7;;;;;;R$ 20.229,80;;;JEFFERSON;;;;Outubro 25;;ER-CIND-FAZ-JUAZEIRINHO-RURAL;CANSANÇÃO;;;;128912;LV + ENERGZ;;1;;;1;;;;;;100%;;;out./1;27/10/2025;31/10/2025;;13/10/2025;;TRUE;TRUE;;;D265962;;;;N1 C/ TRF;125048 (LV)   125848 (EN);29/10/2025;PRIORIDADE PLANO ANEEL;-10,6850113, -39,5549432;E875202 – E875202;https://drive.google.com/file/d/1-m2QkNBzfsq5ArEr7_pW5dDvuxxmXmMd/view?usp=drive_link;1;100%;0,0%;;;;;;;;;;;;;;
;B-1158161;;;PLANO 7;;;;;;R$ 15.000,26;;;JEFFERSON;;;;Outubro 25;;ER-CIND-POV-LAGOA DOS ALTOS-LAGOA DOS AL;CANSANÇÃO;;;;;LV + ENERGZ;;1;;;1;;;;;;100%;;;out./1;27/10/2025;31/10/2025;;13/10/2025;;TRUE;TRUE;;;D158998;;;;N1 C/ TRF;125011 (LV) 124902 (EN);;PRIORIDADE PLANO ANEEL;-10,6306033, -39,457738;E875201 – E875201;https://drive.google.com/file/d/1nBqmO9QjEOqxkoPP2WFLlIv3r67uImZP/view?usp=drive_link;1;100%;0,0%;;;;;;;;;;;;;;
;B-1203983;;;PLANO 14;;;;;;R$ 48.956,43;;;ANAILTON;;;;Outubro 25;;ER-CIND-POV-DE QUIBA-RURAL;NORDESTINA;Energizada;;;;LV + ENERGZ;;1;1;;5;;;;;;100%;;;out./1;13/10/2025;18/10/2025;;06/10/2025;;;TRUE;;;D003045;;;;N1 C/ TRF;127125 (EN) 129497 (LV);;PRIORIDADE PLANO ANEEL;-10,8758299, -39,4775145;E875268 – E875272;https://drive.google.com/file/d/1W6JA17TFzAEkllC5_OcpL2rB0V3CHRmt/view?usp=drive_link;5;100%;20,0%;;;;;;;;;;;;;;
;B-1210474;;;PLANO 7;;;;;;R$ 19.700,51;;;ANAILTON;;;;Outubro 25;;UB-CIND-RUA-DAVID LOPES GUIMARAES-CENTRO;NORDESTINA;Energizada;;;;BT;;2;3;;3;;;;;;100%;;;out./1;06/10/2025;11/10/2025;;06/10/2025;;TRUE;TRUE;;;D135084;;;;;127100 BT;;PRIORIDADE PLANO ANEEL;-10,8296836, -39,4294429;E875164 – E875166;https://drive.google.com/file/d/1RMow-MHFiM8PjnN2HzG6qI3OAuPX3izm/view?usp=drive_link;3;100%;100,0%;;;;;;;;;;;;;;
;B-1196897;;;PLANO 7;;;;;;R$ 23.563,21;;;ANAILTON;;;;Outubro 25;;UB-CIND-AV-PAULO DA SILVA REIS-CENTRO;NORDESTINA;Energizada;;;;BT;;1;3;;3;;;;;;100%;;;out./1;06/10/2025;11/10/2025;;06/10/2025;;TRUE;TRUE;;;Q095749;;;;;127103 BT;;QLP;-10,8182368, -39,4292432;E875161 – E875163;https://drive.google.com/file/d/10HA6UbFGGTQfoTW3QQheIS2MdZH4eIpc/view?usp=drive_link;3;100%;100,0%;;;;;;;;;;;;;;
;B-1196300;;;PLANO 14;;;;;;R$ 2.326,59;;;JEFFERSON;;;;Outubro 25;;ER-CIND-POV-DEIXAI 9-RURAL;CANSANÇÃO;Energizada;;;;BT;;1;;;0;;;;;;100%;;;out./1;06/10/2025;11/10/2025;;06/10/2025;;;TRUE;;;D299596;;;;;120004 BT;;QLP;-10,6834861, -39,312246;0;https://drive.google.com/file/d/1OgqGymj9tSaRSaY-bKGFMfSmiVcVCk_z/view?usp=drive_link;;100%;100,0%;;;;;;;;;;;;;;
;B-1160058;;;PLANO 7;;;;;;R$ 43.107,60;;;JEFFERSON;;;;Outubro 25;;UB-CIND-RUA-SAO MIGUEL-CENTRO-CANSANCAO;CANSANÇÃO;Energizada;;;120058;DESL;;1;;;0;;;;;;100%;;;out./1;13/10/2025;18/10/2025;;06/10/2025;;TRUE;TRUE;;;Q099395;;;;;;;PRIORIDADE PLANO ANEEL;-10,6680924, -39,4947338;0;https://drive.google.com/file/d/1_E4W-ZxRY_f32obN2FfsqzXw6_xIAHPC/view?usp=drive_link;;100%;100,0%;;;;;;;;;;;;;;
;B-1172194;;;PLANO 7;;;;;;R$ 13.701,02;;;ISRAEL;;;;Outubro 25;;ER-CIND-ROD-BA-374-RURAL-CAMPO FORMOSO;CAMPO FORMOSO;Energizada;;;120055;LV + ENERGZ;;1;;;0;;;;;;100%;;;out./1;13/10/2025;18/10/2025;;07/10/2025;;TRUE;TRUE;;;E193958;;;;TRF;124645 (LV) 124245 (EN);;PRIORIDADE PLANO ANEEL;-10,501227, -40,340398;0;https://drive.google.com/file/d/19LOqNw2er8fMAObK95e2veiCBSgD96Fp/view?usp=drive_link;;100%;100,0%;;;;;;;;;;;;;;
;B-1148023;;;PLANO 7;;;;;;R$ 13.891,17;;;OSMAR;;;;Outubro 25;;ER-CIND-POV-PEDRA DO MATADOURO-RURAL;MONTE SANTO;Energizada;;;120808;LV + ENERGZ;;1;;;0;;;;;;100%;;;out./1;13/10/2025;18/10/2025;;06/10/2025;;TRUE;TRUE;;;D183857;;;;TRF;125078 (EN);;PRIORIDADE PLANO ANEEL;-10,4422641, -39,3008091;0;https://drive.google.com/file/d/1iDEQ19tvaJp7nUciBR9B3nkT6yw89C0n/view?usp=drive_link;;100%;100,0%;;;;;;;;;;;;;;
;B-1167538;;;PLANO 7;;;;;;R$ 16.380,36;;;OSMAR;;;;Outubro 25;;ER-CIND-POV-HORIZONTE NOVO-RURAL;MONTE SANTO;Energizada;;;120061;LV + ENERGZ;;1;;;0;;;;;;100%;;;out./1;13/10/2025;18/10/2025;;06/10/2025;;TRUE;TRUE;;;D287983;;;;TRF;127525 (LV) 124985 (EN);;PRIORIDADE PLANO ANEEL;-10,34874, -39,7181151;0;https://drive.google.com/file/d/1o7gSWBSeiBUWLejvdQ2pLC-uSAW6a2Ly/view?usp=drive_link;;100%;100,0%;;;;;;;;;;;;;;
;B-1198687;;;PLANO 7;;;;;;R$ 1.933,09;;;OSMAR;;;;Outubro 25;;AC-CIND-POV-SERRA GRANDE -RURAL;MONTE SANTO;Energizada;;;;BT;;0;;;0;;;;;;100%;;;out./1;06/10/2025;11/10/2025;;06/10/2025;;TRUE;TRUE;;;D148223;;;;;122142 BT;;QLP;-10,2691195, -39,2747811;0;https://drive.google.com/file/d/1WFdRPA2w6sVMQbJOQ9YCrVrteGNSJOqC/view?usp=drive_link;;100%;100,0%;;;;;;;;;;;;;;
;;;;;;;;;;;;;;;;;Outubro 25;;;;;;;;;;;;;;;;;;;;;;;;;;;;;;;;;;;;;;;;;;;;;;;;;;;;;;;;;;;
;;;;;;;;;;;;;;;;;Outubro 25;;;;;;;;;;;;;;;;;;;;;;;;;;;;;;;;;;;;;;;;;;;;;;;;;;;;;;;;;;;
;;;;;;;;;;;;;;;;;Outubro 25;;;;;;;;;;;;;;;;;;;;;;;;;;;;;;;;;;;;;;;;;;;;;;;;;;;;;;;;;;;
;;;;;;;;;;;;;;;;;Outubro 25;;;;;;;;;;;;;;;;;;;;;;;;;;;;;;;;;;;;;;;;;;;;;;;;;;;;;;;;;;;
;;;;;;;;;;;;;;;;;Outubro 25;;;;;;;;;;;;;;;;;;;;;;;;;;;;;;;;;;;;;;;;;;;;;;;;;;;;;;;;;;;
;;;;;;;;;;;;;;;;;Outubro 25;;;;;;;;;;;;;;;;;;;;;;;;;;;;;;;;;;;;;;;;;;;;;;;;;;;;;;;;;;;
;;;;;;;;;;;;;;;;;Outubro 25;;;;;;;;;;;;;;;;;;;;;;;;;;;;;;;;;;;;;;;;;;;;;;;;;;;;;;;;;;;
;;;;;;;;;;;;;;;;;Outubro 25;;;;;;;;;;;;;;;;;;;;;;;;;;;;;;;;;;;;;;;;;;;;;;;;;;;;;;;;;;;
;;;;;;;;;;;;;;;;;Outubro 25;;;;;;;;;;;;;;;;;;;;;;;;;;;;;;;;;;;;;;;;;;;;;;;;;;;;;;;;;;;
;;;;;;;;;;;;;;;;;Outubro 25;;;;;;;;;;;;;;;;;;;;;;;;;;;;;;;;;;;;;;;;;;;;;;;;;;;;;;;;;;;
;;;;;;;;;;;;;;;;;Outubro 25;;;;;;;;;;;;;;;;;;;;;;;;;;;;;;;;;;;;;;;;;;;;;;;;;;;;;;;;;;;
;;;;;;;;;;;;;;;;;Outubro 25;;;;;;;;;;;;;;;;;;;;;;;;;;;;;;;;;;;;;;;;;;;;;;;;;;;;;;;;;;;
;;;;;;;;;;;;;;;;;Outubro 25;;;;;;;;;;;;;;;;;;;;;;;;;;;;;;;;;;;;;;;;;;;;;;;;;;;;;;;;;;;
;;;;;;;;;;;;;;;;;Outubro 25;;;;s;;;;;;;;;;;;;;;;;;;;;;;;;;;;;;;;;;;;;;;;;;;;;;;;;;;;;;;
;B-1134149;;;PLANO 14;;;;;;R$ 500.132,76;22/11/2025;GABRIEL;JOSE/OSMAR;;;;Novembro 25;;LD CIND POV SÃO JOÃO DOS CAMPOS RURAL;MONTE SANTO;Energizada;;;143047;LV + ENERGZ + DESL;Pendente podas;7;49;;49;44;;;;;50%;;;;13/10/2025;15/11/2025;;;;TRUE;TRUE;;;D012482;;;;TRANS N3 P/N4;(EN) 125849 LV-148543;21/11/2025;AIC AUDITORIA;-10,2518285, -39,466756;E875537 – E875585;;49;100%;100,0%;;out./1;;;;;;;;;;;;
;B-1181856;;;PLANO 7;;;;;;R$ 292.335,35;14/11/2025;JOAO;ALDAIR;;;;Novembro 25;;ER-SEIN-RUA-SERRINHA-CENTRO-NUCLEO PILAR;JAGUARARI;Energizada;Pendente;;;LV + ENERGZ;;0;32;;32;32;;;;;100%;;;;04/11/2025;15/11/2025;;07/11/2025;Sim;TRUE;TRUE;;;Q066061;;;;N1-3;145676 EN 141082 LV;;GOVERNO;-9.8720057, -39.8993768;E903108 – E903139;;32;100%;100,0%;;nov./1;;;;;;;;;;;;
;B-1214079;;;PLANO 7;;;;;;R$ 63.731,32;;JOAO;JOILSON;;;;Novembro 25;;IT-GRUA-POV-CAATINGUINHA 4545-RURAL;SENHOR DO BONFIM;Energizada;;;141554 e 141555 (ANEXA PEX);DESL + LV;;0;6;;15;0;;;;;100%;;;;16/10/2025;22/11/2025;;19/11/2025;Solicitado;FALSE;TRUE;FALSE;FALSE;Q043225;;;;5 POSTES;134442 EN 147965 LV;29/11/25;REPUTACIONAL;-10,4235329, -40,1895399;E875650 – E875665;https://drive.google.com/file/d/1bh8HQM6yOMLwUn-CLGZFYRmkXM71n8jv/view?usp=drive_link;11;73,33333333%;40,0%;;out./1;;;;;;;;;;;;
;B-1178411;;;PLANO 7;;;;;;R$ 103.316,77;20/11/2025;JOAO;REGINALDO;;;;Novembro 25;;ER-CIND-FAZ-PICADA 612-RURAL;SENHOR DO BONFIM;Energizada;Pendente;;;LV+ENER+TRNS-REDE-BT;;1;14;;14;8;;;;;100%;;;;03/11/2025;15/11/2025;;11/11/2025;Sim;TRUE;TRUE;;;B640476;;;;N3 P/N4;LV 148974   144405 EN  144406 BT;;QLP;-10.5495906, -40.1246195;E902923 – E902936;https://drive.google.com/file/d/1jEcugo4ZpV19lDdeTuE4_Jm1hQLxMaFh/view?usp=drive_link;5;35,71428571%;100,0%;;nov./1;;;;;;;;;;;;
;B-0744119;;;PLANO 7;;;;;;R$ 71.171,71;28/11/2025;JOAO;ISRAEL;;;;Novembro 25;;MP-CIND-POV TOCA DA NOVILHA-RURAL;CAMPO FORMOSO;Energizada;;;;LV + ENERGZ;EM SEPARAÇÃO, CONFIRMAR SE FOI 100% ATENDIDA;1;13;;13;10;;;;;100%;;;;17/11/2025;29/11/2025;;18/11/2025;Solicitado;;TRUE;FALSE;FALSE;Q063144;;;;N3;EN 144140 LV 148250;;PRIORIDADE PLANO ANEEL;-10.4322025, -40.5640763;E903420 - E903435;https://drive.google.com/file/d/1oWaeU83Q0iOulXnQBU7NczHDQQvCzIUw/view?usp=drive_link;15;115,3846154%;100,0%;5 SEM ACESSO;nov./1;;;;;;;;;;;;
;B-1186811;;;PLANO 14;;;;;;R$ 91.528,91;;JOAO;WAGNER;;;;Novembro 25;;ER-CIND-ROD-LOMANTO JUNIOR-RURAL;JAGUARARI;Energizada;;;;LV+BT+ENERG;CAVAS PRONTAS;1;;;12;11;;;;;100%;;;;10/11/2025;15/11/2025;;11/11/2025;Sim;TRUE;TRUE;;;D207714;;;;N3;BT 139516 EN 139528 LV 141488 ;;QLP;-10.24054, -40.200146;E902998 – E903009;https://drive.google.com/file/d/10lPVC-geujuqFj0ABTJAP17x2AQBtAoG/view?usp=drive_link;12;100%;0,0%;;nov./1;;;;;;;;;;;;
;B-1194379;;;PLANO 14;;;;;;R$ 99.025,36;;JOAO;GESONI;;;;Novembro 25;;ER-CIND-FAZ-GATO-RURAL;ITIÚBA;Energizada;;;;LV+ENERGIZ;Falta o cabo: CABO COBRE XLPE 35MM2 1F PRETO;1;8;;11;11;;;;;100%;;;;17/11/2025;29/11/2025;;14/11/2025;Sim;TRUE;TRUE;;;E703914;;;;N4;139329 EN 140665 LV;;PRIORIDADE PLANO ANEEL;-10.726086, -39.929985;E902987 – E902997;https://drive.google.com/file/d/1AnigDSDlsRefhUZx5LTXbwuZOLyDMYiA/view?usp=drive_link;11;100%;72,7%;JA LOCADO KLC;nov./1;;;;;;;;;;;;
;B-1162110;;;PLANO 7;;;;;;R$ 76.924,23;21/11/2025;GABRIEL;MARCELO;;;;Novembro 25;;ER-CIND-POV-VARZEA CURRAL-RURAL;QUEIMADAS;Energizada;Pendente;;143330;LV+ENERGIZ;Previsão de desligamento 18/11;1;10;;10;0;;;;;100%;;;;10/11/2025;15/11/2025;;10/11/2025;Sim;TRUE;TRUE;;;E461011;;;;N1/3;134653 EN / 134701 LV;25/11/2025;QLP;-11.034363, -39.604916;E902962 – E902971;https://drive.google.com/file/d/12nMbMkBMh97CYldCVJ8ZPdbQCaIFHTpX/view?usp=drive_link;10;100%;100,0%;;nov./1;;;;;;;;;;;;
;B-1174377;;;PLANO 7;;;;;;R$ 136.387,58;28/11/2025;JOAO;GESONI;;;;Novembro 25;;ER-CIND-POV-ASSENT OURICURI TORTO-RURAL;ITIÚBA;Energizada;;;;LV + ENERGZ;;1;;;10;10;;;;;100%;;;;17/11/2025;29/11/2025;;14/11/2025;Sim;TRUE;TRUE;;;D074332;;;;N4;139315 EN 140904 LV;;QLP;-10.7594899, -39.9312999;E902972 – E902981;https://drive.google.com/file/d/1w28DHwVH3siLTyp1SZe5SnYryXm_0dWg/view?usp=drive_link;10;100%;0,0%;JA LOCADO KLC;nov./1;;;;;;;;;;;;
;B-1197186;;;PLANO 14;;;;;;R$ 86.207,79;22/11/2025;JOAO;ALDAIR;;;;Novembro 25;;ER-CIND-FAZ-ANGICO-BARRINHA;JAGUARARI;Energizada;;;143335;LV+BT;;1;9;;9;9;;;;;100%;;;;17/11/2025;22/11/2025;;18/11/2025;Solicitado;;TRUE;;;D394357;;;;N1;BT 139744 LV 145233;25/11/2025;PRIORIDADE PLANO ANEEL;-9.8877005, -40.1535408;E903379 - E903388;https://drive.google.com/file/d/1ixIZgJwCMOOANj3uSY8MJ4_1ZNipv3up/view?usp=drive_link;10;111,1111111%;100,0%;;nov./1;;;;;;;;;;;;
;B-1204005;;;PLANO 7;;;;;;R$ 49.564,10;18/11/2025;JOAO;GESONI;;;;Novembro 25;;ER-CIND-FAZ-TATU DEUS ME LIVRE-RURAL;ITIÚBA;Energizada;Pendente;;;LV+BT;;1;9;;9;0;;;;;100%;;;;03/11/2025;15/11/2025;;10/11/2025;Sim;TRUE;TRUE;;;D100510;;;;N1;138320 BT 140890 LV;;PRIORIDADE PLANO ANEEL;-10.7005335, -39.9329799;E903278 – E903286;https://drive.google.com/file/d/1SQ5Zt5IjfJHJ7YzWSy7h7zowc6DzNRDF/view?usp=drive_link;14;155,5555556%;100,0%;;nov./1;;;;;;;;;;;;
;B-1216748;;;PLANO 7;;;;;;R$ 74.118,23;25/11/2025;JOAO;EDVALDO;;;;Novembro 25;;ER-CIND-POV-MORRINHOS-RURAL;CAMPO FORMOSO;Energizada;;;;LV+BT+ENERGZ;FALTA TRAFO;0;9;;9;5;;;;;100%;;;;22/11/2025;29/11/2025;;19/11/2025;;;TRUE;;;E654970;;;;N3/B1/1/TRAFO;BT 138052 LV- 148141;;PRIORIDADE PLANO ANEEL;-10.391477, -40.593649;E902953 – E902961;https://drive.google.com/file/d/1LQbj9kq7wQX70BBmTiVCBcAhHDqM088E/view?usp=drive_link;9;100%;100,0%;;nov./1;;;;;;;;;;;;
;B-1214173;;;PLANO 7;;;;;;R$ 61.674,23;13/11/2025;GABRIEL;JEFFERSON;;;;Novembro 25;;AC-CIND-FAZ-PE DA SERRA-PIAUS;ITIÚBA;Energizada;;;;LV+BT;;1;9;;9;0;;;;;100%;;;;17/11/2025;22/11/2025;;08/11/2025;Sim;TRUE;TRUE;;;Q090033;;;;N1;138341 BT 140831 LV;;PRIORIDADE PLANO ANEEL;-10.6163083, -39.7836231;E902944 – E902952;https://drive.google.com/file/d/16FyWmKLzIIEqOGQydaDk3ctXFzyKiYDv/view?usp=drive_link;9;100%;100,0%;;nov./1;;;;;;;;;;;;
;B-1174392;;;PLANO 14;;;;;;R$ 55.522,36;;JOAO;JOILSON;;;;Novembro 25;;ER-CIND-FAZ-RAPOSA-QUICE;SENHOR DO BONFIM;Energizada;Pendente;;;LV+ENERGIZ;;1;8;;8;0;;;;;100%;;;;07/11/2025;15/11/2025;;12/11/2025;Sim;TRUE;TRUE;;;B111663;;;;N1/BANCADA;134442 EN 141491 LV;;PRIORIDADE PLANO ANEEL;-10.5742747, -39.984193;E902894 – E902901;https://drive.google.com/file/d/1H-5c6omeThJ7rBWE_FSNlwwyAhIaEFNY/view?usp=drive_link;13;162,5%;100,0%;;nov./1;;;;;;;;;;;;
;B-1214003;;;PLANO 14;;;;;;R$ 39.572,37;13/11/2025;JOAO;REGINALDO;;;;Novembro 25;;ER-CIND-POV-PASSAGEM VELHA -RURAL;SENHOR DO BONFIM;Energizada;;;;BT;;1;8;;8;8;;;;;100%;;;;05/11/2025;15/11/2025;;13/11/2025;Sim;TRUE;TRUE;;;E376748;;;;;133639 BT;;PRIORIDADE PLANO ANEEL;-10.5033724, -40.1679919;E902902 – E902909;https://drive.google.com/file/d/1EbaTg_RLEIrTN33Fq_pwgG-nJbjTkskO/view?usp=drive_link;0;0%;100,0%;;nov./1;;;;;;;;;;;;
;B-1214864;;;PLANO 3;;;;;;R$ 30.363,69;;;;;;;Novembro 25;;PR-CIND-AV-CAMPO CLUBE-MARISTA;SENHOR DO BONFIM;Cancelada;;;;LV+ENERGIZ;;0;;;0;0;;;;;100%;;;;;;;;;;;;;D196709;;;;BANCADA;134428 EN;;GOVERNO;-10.469122, -40.181471;0;https://drive.google.com/file/d/1HCCKSyrLrdIVPqWBsTFKvb9mI6AK8hqA/view?usp=drive_link;0;100%;100,0%;;nov./1;;;;;;;;;;;;
;B-1205642;;;PLANO 14;;;;;;R$ 44.962,55;;JOAO;GESONI;;;;Novembro 25;;ER-CIND-POV-ALAGADICO DO MEL-RURAL;ITIÚBA;Energizada;;;143334;ENERG;Falta o cabo: CABO COBRE XLPE 35MM2 1F PRETO;1;7;;7;0;;;;;100%;;;;17/11/2025;22/11/2025;;14/11/2025;Sim;TRUE;TRUE;;;D397457;;;;N1/1.TRAFO;139301 EN 140805 LV;;PRIORIDADE PLANO ANEEL;-10.831568, -39.9729284;E902937 – E902943;https://drive.google.com/file/d/176lRGE7YnMjoYUiGJA6HpwyCtrO9b2rl/view?usp=drive_link;7;100%;100,0%;;nov./1;;;;;;;;;;;;
;B-1171381;;;PLANO 14;;;;;;R$ 62.354,50;14/11/2025;JOAO;ISRAEL;;;;Novembro 25;;ER-CIND-POV-LAGE DOS NEGROS -L D NEGROS;CAMPO FORMOSO;Energizada;Pendente;;;LV + ENERGZ;;1;7;;7;0;;;;;100%;;;;20/10/2025;15/11/2025;;;;TRUE;TRUE;;;E528660;;;;TRF;124663 (LV)      145880 (EN);;PRIORIDADE PLANO ANEEL;-10,1591055, -40,9337948;E875299 – E875305;https://drive.google.com/file/d/17d7bgA-151hAo1z4GU7CjbDq6y2gNKvL/view?usp=drive_link;7;100%;100,0%;;out./1;;;;;;;;;;;;
;B-1206073;;;PLANO 14;;;;;;R$ 89.359,21;28/11/2025;JOAO;ISRAEL;;;;Novembro 25;;ER-CIND-POV-RURAL-CACIMBINHA;CAMPO FORMOSO;Energizada;Pendente;;;LV + ENERGZ;PENDENTE TRAFO 1FF 10KVA 13,8KV 220V 3T VG ;1;7;;7;0;;;;;100%;;;;20/10/2025;15/11/2025;;;;TRUE;TRUE;;;D010745;;;;TRF;124657 (LV)      124861 (EN);;PRIORIDADE PLANO ANEEL;-9,9124989, -40,6843068;E875291 – E875298;https://drive.google.com/file/d/1fUb8klgF5nSnHVTy2-KASHhdBbEIKTw9/view?usp=drive_link;7;100%;100,0%;;out./1;;;;;;;;;;;;
;B-1166476;;;PLANO 7;;;;;;R$ 8.503,17;;;REGINALDO;;;;Novembro 25;;UB-CIND-ROD BR 407 - CENTRO;SENHOR DO BONFIM;Cancelada;;;;BT;;1;;;1;0;;;;;100%;;;;24/11/2025;29/11/2025;;18/11/2025;Solicitado;;TRUE;;;D912828;;;;CE3;133334 LV     133527 BT;;QLP;-10.465935, -40.172914;E875680 – E875680;https://drive.google.com/file/d/1PZOG5MljasWc8tPbOPJazYqGCC7ipXW0/view?usp=drive_link;0;0%;0,0%;;nov./1;;;;;;;;;;;;
;B-1183329;;;PLANO 7;;;;;;R$ 57.675,15;;JOAO;ALDAIR;;;;Novembro 25;;ER-CIND-ET-ADUTORA MINA-RURAL-NUCLEO PIL;JAGUARARI;Energizada;;;;ENERG;;1;6;;6;6;;;;;100%;;;;24/11/2025;29/11/2025;;18/11/2025;Solicitado;;TRUE;;;Q068964;;;;N1/OBS-LINHA(T);139493 BT;;PRIORIDADE PLANO ANEEL;-9.8185572, -40.0175522;E903411 - E903416;https://drive.google.com/file/d/1tk4upj6aJ23XuDc0J5VjXdroyHMO3J7k/view?usp=drive_link;4;66,66666667%;100,0%;;nov./1;;;;;;;;;;;;
;B-1215543;;;PLANO 7;;;;;;R$ 28.559,54;12/11/2025;JOAO;REGINALDO;;;;Novembro 25;;ER-CIND-POV-RES MORROS-TANQUINHO;SENHOR DO BONFIM;Energizada;;;;BT;;1;6;;6;0;;;;;100%;;;;03/11/2025;15/11/2025;;11/11/2025;Sim;TRUE;TRUE;;;E801034;;;;;133644 BT;;PRIORIDADE PLANO ANEEL;-10.535905, -40.126363;E902888 – E902893;https://drive.google.com/file/d/1dNGU1_kASvqivdrEOcKNPUJq-ADAJxe6/view?usp=drive_link;6;100%;100,0%;;nov./1;;;;;;;;;;;;
;B-1210118;;;PLANO 7;;;;;;R$ 31.282,42;;GABRIEL;JEFFERSON;;;;Novembro 25;;UB-CCOL-RUA-ANTONIO PIMENTEL-ITIUBA;ITIÚBA;Energizada;;;;LV + BT;Falta o cabo: CABO MLP ALUM XLPE 3X1X35/35MM2 N ISO;2;5;;5;0;;;;;100%;;;;24/11/2025;29/11/2025;;17/11/2025;Solicitado;;TRUE;;;D508813;;;;;LV 140168 - BT 138306 ;;PRIORIDADE PLANO ANEEL;-10.683756, -39.864986;E902982 – E902986;https://drive.google.com/file/d/1KQ4SMk4MjVBWh1g8utaPvgYJs4Jjjkbd/view?usp=drive_link;9;180%;100,0%;;nov./1;;;;;;;;;;;;
;B-1204503;;;PLANO 14;;;;;;R$ 53.873,54;19/11/2025;JOAO;ISRAEL;;;;Novembro 25;;ER-CIND-POV-VARGEM DO SAL 300-V DO SAL;CAMPO FORMOSO;Energizada;Pendente;;;LV + ENERGZ;CABO POT COBRE C2 PVCA 1KV 1X70 MM2;1;5;;5;0;;;;;100%;;;;27/10/2025;15/11/2025;;;;TRUE;TRUE;;;Q064027;;;;N1 C/ TRF;124748 (LV) 124696 (EN);;PRIORIDADE PLANO ANEEL;-10,4179027, -40,6692667;E875306 – E875310;https://drive.google.com/file/d/1KOg7AzZW4dLkP8c6COkBal8zVAL_LxXB/view?usp=drive_link;5;100%;100,0%;;out./1;;;;;;;;;;;;
;B-1200674;;;PLANO 14;;;;;;R$ 35.253,30;;GABRIEL;MARCELO;;;;Novembro 25;;ER-CIND-FAZ-VARZEA GRANDE-VARZEA GRANDE;QUEIMADAS;Energizada;Pendente;;128905;LV + BT;Programar LV;1;5;;5;0;;;;;100%;;;;20/10/2025;15/11/2025;;;;TRUE;TRUE;FALSE;FALSE;B565390;;;;2 N1;123154 BT  LV 145709;;QLP;-10,9210645, -39,9412907;E875365 – E875369;https://drive.google.com/file/d/18ZF9Qq8JVg4GFYxbbO4i-8WenlIsK2HK/view?usp=drive_link;5;100%;100,0%;;out./1;;;;;;;;;;;;
;B-1172415;;;PLANO 7;;;;;;R$ 39.552,26;20/11/2025;GABRIEL;ANAILTON;;;;Novembro 25;;UB-CIND-RUA-M CAROLINA FERREIRA-CENTRO;CANSANÇÃO;Energizada;;;142294;DESL;;0;4;;4;4;;;;;100%;;;;20/10/2025;15/11/2025;;;;TRUE;TRUE;;;Q099415;;;;;;20/11/2025;PRIORIDADE PLANO ANEEL;-10,6679905, -39,4917045;E875330 – E875333;https://drive.google.com/file/d/1-sawzub04_2yUJrRCX47jaDBUprjkuqa/view?usp=drive_link;4;100%;100,0%;;out./1;;;;;;;;;;;;
;B-1186324;;;PLANO 7;;;;;;R$ 84.103,37;;GABRIEL;ANAILTON;;;;Novembro 25;;AC-CIND-POV-LAGOA DOS CAVALOS-RURAL;CANSANÇÃO;Energizada;Pendente;;142295;LV + BT + DESL;Pendente CABO POT COBRE C2 PVCA 1KV 1X70 MM2;0;4;;4;4;;;;;100%;;;;20/10/2025;15/11/2025;;;;TRUE;TRUE;;;D934348;;;;CE3;124947 (LV) 123271 BT;21/11/2025;QLP;-10,6544928, -39,4879905;E875318 – E875321;https://drive.google.com/file/d/1S_bIjmDjBZM-cDGRb8i-mv8jk9M_vX36/view?usp=drive_link;4;100%;100,0%;;out./1;;;;;;;;;;;;
;B-1180746;;;PLANO 14;;;;;;R$ 46.614,51;;GABRIEL;JEFFERSON;;;;Novembro 25;;ER-CIND-POV-BAIX O DAS GALINHAS-RURAL;ITIÚBA;Energizada;Pendente;;;LV+BT;Depende do recebimento do trafo;0;4;;4;0;;;;;100%;;;;03/11/2025;15/11/2025;;08/11/2025;Sim;TRUE;TRUE;;;Q089333;;;;N3/TRAFO; LV- 140215 BT-138310 ;;QLP;-10.6677233, -39.6960878;E903299 – E903302;https://drive.google.com/file/d/1j1KByKrzLvgAAZZvHy9wubz5o_7zNYyI/view?usp=drive_link;8;200%;100,0%;;nov./1;;;;;;;;;;;;
;B-1173513;;;PLANO 14;;;;;;R$ 34.356,19;12/11/2025;GABRIEL;JEFFERSON;;;;Novembro 25;;ER-CIND-POV-LAGE DO JOSE-LAGE DO JOSE;CANSANÇÃO;Energizada;Realizado;;;LV+BT+ENERG;;1;4;;4;0;;;;;100%;;;;03/11/2025;15/11/2025;;08/11/2025;Sim;TRUE;TRUE;;;D189129;;;;(2) N1;135204 (BT) EN 135232 LV 141031 ;;QLP;-10.6413059, -39.5483032;E903270 – E903273;https://drive.google.com/file/d/1nwkiP8o-VMN9jlqptcmyuD2X36N34HoH/view?usp=drive_link;8;200%;100,0%;;nov./1;;;;;;;;;;;;
;B-1192316;;;PLANO 7;;;;;;R$ 40.844,27;19/11/2025;JOAO;GESONI;;;;Novembro 25;;ER-CIND-POV-CERCADINHO 353-RURAL;ITIÚBA;Energizada;;;;LV+BT; ;0;;;4;0;;;;;100%;;;;17/11/2025;22/11/2025;;14/11/2025;Sim;TRUE;TRUE;;;D069751;;;;N1/TRAFO;138317 BT 140660 LV;;QLP;-10.7540595, -39.8783515;E903295 – E903298;https://drive.google.com/file/d/1wxiwGBCJKVl2wgppz_ZrPVWmT1CuRrw7/view?usp=drive_link;4;100%;0,0%;JA LOCADO KLC;nov./1;;;;;;;;;;;;
;B-1144666;;;PLANO 14;;;;;;R$ 46.058,74;26/11/2025;GABRIEL;JOSE;;;;Novembro 25;;ER-CIND-FAZ-CALDEIRAOZINHO-RURAL;MONTE SANTO;Energizada;;;;LV+BT+ENERGIZ;"Falta o cabo (2223464-CABO COBRE XLPE 35MM2 1F PRETO)
";1;;;4;0;;;;;100%;;;;17/11/2025;22/11/2025;;17/11/2025;Solicitado;;TRUE;;;A254655;;;;N1/3;151371 BT 135523 EN148650 LV;;QLP;-10.3592092, -39.4466995;E903344 – E903347;https://drive.google.com/file/d/1hPtKU8VYNjlSCrmLYqPPXPG0U3ncCp-P/view?usp=drive_link;4;100%;0,0%;"Alocada
necessita da KLC";nov./1;;;;;;;;;;;;
;B-1178358;;;PLANO 14;;;;;;R$ 71.171,71;28/11/2025;GABRIEL;ANAILTON;;;;Novembro 25;;ER-CIND-POV NOVO ACORDO-NOVO ACORDO;CANSANÇÃO;Energizada;;;;LV+BT;"Pendente TRAFO 3F 45KVA 34,5KV 380/220V 3 TAPS
trafo vindo de jacobina";1;4;;4;0;;;;;100%;;;;17/11/2025;22/11/2025;;10/11/2025;Sim;TRUE;TRUE;;;D152205;;;;N1/TRAFO;135280 BT 141052 LV;;REPUTACIONAL;-10.720078, -39.340708;E903066 – E903080;https://drive.google.com/file/d/1CX9_ZQPxuKiQHzklXizV6YaEVi65toFT/view?usp=drive_link;8;200%;100,0%;;nov./1;;;;;;;;;;;;
;B-1158293;;;PLANO 7;;;;;;R$ 24.101,81;;GABRIEL;ANAILTON;;;;Novembro 25;;UB-CIND-RUA-HERMANO B SOUZA-URBANA;CANSANÇÃO;Energizada;Pendente;;;LV + BT;Depende do cabo 3x35;1;4;;4;0;;;;;100%;;;;27/10/2025;15/11/2025;;;;TRUE;TRUE;;;Q099328;;;;N1;125076 (LV) 123269 BT;;PRIORIDADE PLANO ANEEL;-10,6652094, -39,4990013;E875326 – E875329;https://drive.google.com/file/d/1Vmqy-TWEwX0cNpdx1z-xx9aZjWHty6AK/view?usp=drive_link;4;100%;100,0%;;out./1;;;;;;;;;;;;
;B-1213134;;;PLANO 14;;;;;;R$ 39.405,66;28/11/2025;GABRIEL;ANAILTON;;;;Novembro 25;;ER-CIND-POV-DEIXAI 94 -FT-RURAL;CANSANÇÃO;Energizada;;;;LV + BT;;1;4;;4;0;;;;;100%;;;;17/11/2025;22/11/2025;;;;TRUE;TRUE;;;B164365;;;;3 N1;125095 (LV) 123273 BT;;PRIORIDADE PLANO ANEEL;-10,6854032, -39,3437082;E875334 – E875337;https://drive.google.com/file/d/12N6F1E_ZjJZI1L2xFWVO0_vI9aQ949MB/view?usp=drive_link;4;100%;100,0%;;out./1;;;;;;;;;;;;
;B-1139502;;;PLANO 7;;;;;;R$ 56.169,24;19/11/2025;GABRIEL;ANAILTON;;;;Novembro 25;;UB-CIND-AV-ANTONIO VICENTE M M-CENTRO;CANSANÇÃO;Energizada;Realizado;;;LV + ENERGZ;Depende do cabo 3x35;1;4;;4;0;;;;;100%;;;;20/10/2025;15/11/2025;;;;TRUE;TRUE;;;D297035;;;;TRF + N1;124968 (LV) 148791 (EN);;PRIORIDADE PLANO ANEEL;-10,6594125, -39,4945877;E875322 – E875325;https://drive.google.com/file/d/1KB_Ffd8O0Ut7F3ftx26HSkUSUrsFtfj8/view?usp=drive_link;8;200%;100,0%;;out./1;;;;;;;;;;;;
;B-1186692;;;PLANO 7;;;;;;R$ 31.163,34;13/11/2025;JOAO;GESONI;;;;Novembro 25;;ER-CIND-FAZ-CAJARANA-RURAL-ITIUBA;ITIÚBA;Energizada;;;;BT;;2;4;;4;0;;;;;100%;;;;10/11/2025;15/11/2025;;10/11/2025;Sim;TRUE;TRUE;;;D572240;;;;;138241 BT;;QLP;-10.7322623, -39.938497;E903291 – E903294;https://drive.google.com/file/d/1M92Aa4bTvL0CR896sH6TK2YCDQQoKJMq/view?usp=drive_link;4;100%;100,0%;;nov./1;;;;;;;;;;;;
;B-1191735;;;PLANO 7;;;;;;R$ 22.149,09;24/11/2025;JOAO;REGINALDO;;;;Novembro 25;;ER-CIND-POV TANQUE DA TERRA-TANQUE DE TE;JAGUARARI;Energizada;;;;BT;;1;;;4;0;;;;;100%;;;;17/11/2025;22/11/2025;;11/11/2025;Sim;TRUE;TRUE;;;B479320;;;;;139682 BT;;RECLAMAÇÃO;-10.225127, -40.203209;E903404 - E903407;https://drive.google.com/file/d/1nbgMY6lypPglhzgqY1CR0kR9tJTn75eO/view?usp=drive_link;4;100%;0,0%;;nov./1;;;;;;;;;;;;
;B-1179691;;;PLANO 7;;;;;;R$ 39.623,46;28/11/2025;GABRIEL;MARCELO;;;;Novembro 25;;UB-CIND-RUA-JOSE JACINTO 101-CENTRO;ITIÚBA;Energizada;;;;BT;Fazer visita prévia;1;;;4;0;;;;;100%;;;;24/11/2025;29/11/2025;;17/11/2025;Solicitado;;TRUE;;;E636183;;;;OBS-SEM PROEJTO;OBS-SEM PROEJTO;;QLP;-10.852209, -39.723853;E903303 – E903305;https://drive.google.com/file/d/1VTm9x93ljrjTqVCWyTumdXyc5WG3HOnu/view?usp=drive_link;4;100%;0,0%;;nov./1;;;;;;;;;;;;
;B-1213002;;;PLANO 14;;;;;;R$ 22.711,82;15/11/2025;JOAO;ISRAEL;;;;Novembro 25;;ER-CIND-POV-PONTA DAGUA-RURAL;CAMPO FORMOSO;Energizada;;;;BT;;1;4;;4;0;;;;;100%;;;;27/10/2025;15/11/2025;;;;TRUE;TRUE;;;D724169;;;;;144399 BT;;PRIORIDADE PLANO ANEEL;-10,4114853, -41,1624956;E875287 – E875290;https://drive.google.com/file/d/1KsxIb6H7s6QnTmeIBsuWeo6tyOwt6IK8/view?usp=drive_link;4;100%;100,0%;;out./1;;;;;;;;;;;;
;B-1180962;;;PLANO 14;;;;;;R$ 45.098,21;;GABRIEL;OSMAR;;;;Novembro 25;;ER-CCOL-FAZ-PAU D ARCO-RURAL;MONTE SANTO;Energizada;;;;LV+BT;;1;2;;4;0;;;;;100%;;;;20/10/2025;22/11/2025;;;;TRUE;TRUE;;;D409513;;;;N1 C/ TRF;BT 127167 LV-148697;;QLP;-10,5062648, -39,4095984;E903274 – E903277;https://drive.google.com/file/d/19vWBocIDS5w2Z3vj0Uk7se2EjMeZSV4I/view?usp=drive_link;4;100%;50,0%;Precisa da KLC;out./1;;;;;;;;;;;;
;B-1167440;;;PLANO 7;;;;;;R$ 24.089,65;;JOAO;ALDAIR;;;;Novembro 25;;UB CIND RUA DO ANGICO CENTRO;JAGUARARI;Energizada;;;143264;LV+BT+DESL;;1;;;3;0;;;;;100%;;;;17/11/2025;22/11/2025;;18/11/2025;Solicitado;;TRUE;;;D655454;;;;B1;BT 139549 LV 145165;;QLP;-9.889389, -39.974332;E903392 - E903394;https://drive.google.com/file/d/18xF3RIgPVD8FZpj5igOztdnyNWBRDnwf/view?usp=drive_link;3;100%;0,0%;;nov./1;;;;;;;;;;;;
;B-1170663;;;PLANO 7;;;;;;R$ 30.962,00;;JOAO;ALDAIR;;;;Novembro 25;;ER-CIND-RUA-DO FAXEIRO 3029-NUCLEO PILAR;JAGUARARI;Energizada;;;144183;DESL + LV;;1;3;;3;0;;;;;100%;;;;24/11/2025;29/11/2025;;18/11/2025;Solicitado;;TRUE;;;D655456;;;;B1;LV-149231;26/11/2025;PRIORIDADE PLANO ANEEL;-9.8901532, -39.9743231;E903327 – E903329;https://drive.google.com/file/d/1skDUekm_N87T4ZwWYRNkkyXXYrLpcn89/view?usp=drive_link;1;33,33333333%;100,0%;;nov./1;;;;;;;;;;;;
;B-1167467;;;PLANO 7;;;;;;R$ 43.267,50;;JOAO;ALDAIR;;;;Novembro 25;;LD CIND ET ADUTORA MINA CARAIBA RURAL;JAGUARARI;Energizada;;;;LV+ENERGIZ;Detonação dia 18/11;1;3;;3;0;;;;;100%;;;;24/11/2025;29/11/2025;;18/11/2025;Solicitado;;TRUE;;;D216992;;;;;EN 139440 LV 145325;;PRIORIDADE PLANO ANEEL;-9.8674146, -39.9562488;E903321 – E903323;https://drive.google.com/file/d/1CjigDrbictRcc078JCuGl6A4O7qUWUE6/view?usp=drive_link;3;100%;100,0%;3 FURADAS;nov./1;;;;;;;;;;;;
;B-1211192;;;PLANO 14;;;;;;R$ 33.755,69;13/11/2025;GABRIEL;ANAILTON;;;;Novembro 25;;ER-CIND-POV-CACIMBA-CACIMBINHA;CANSANÇÃO;Energizada;Realizado;;;DESL + LV + BT;;1;3;;3;0;;;;;100%;;;;17/11/2025;22/11/2025;;;;TRUE;TRUE;;;Q101267;;;;N1 C/ TRF;124981 (LV) 145472 (BT);;PRIORIDADE PLANO ANEEL;-10,7173807, -39,453117;E875192 – E875194;https://drive.google.com/file/d/1rUdQCmjOqOYFwDCN2fKL62HfyI9ExvXd/view?usp=drive_link;3;100%;100,0%;;out./1;;;;;;;;;;;;
;B-1168652;;;PLANO 14;;;;;;R$ 131.108,26;;GABRIEL;MARCELO;;;;Novembro 25;;ER-CIND-FAZ-TRINDADE-RURAL;NORDESTINA;;;;;LV+ENERGIZ;;1;14;;14;0;;;;;100%;;;;17/11/2025;22/11/2025;;17/11/2025;Solicitado;;TRUE;FALSE;FALSE;D026496;;;;N1/3;EN 135511 LV- 148268;;QLP;-10.8263598, -39.4973282;E903037 – E903050;https://drive.google.com/file/d/1PnMy5gRhQHvv6WY2lxGdwxq8rj7yS37-/view?usp=drive_link;13;92,85714286%;100,0%;;nov./1;;;;;;;;;;;;
;B-1172209;;;PLANO 14;;;;;;R$ 40.691,07;;JOAO;EDVALDO;;;;Novembro 25;;ER-CIND-POV-LAGOA DA ROCA-RURAL;CAMPO FORMOSO;Energizada;;;;LV+BT;REDE DESATIVADA/ INFORMADO AO AR;1;3;;3;0;;;;;100%;;;;17/11/2025;22/11/2025;;19/11/2025;;;TRUE;;;Q061552;;;;N1/TRAFO;137187 BT 142711 LV;;QLP;-10.4968911, -40.450779;E903257 – E903259;https://drive.google.com/file/d/12KXlgbMyIliH2Rt1hVrU3rNKOeUSjshj/view?usp=drive_link;3;100%;100,0%;;nov./1;;;;;;;;;;;;
;B-1215317;;;PLANO 7;;;;;;R$ 36.113,79;26/11/2025;JOAO;EDVALDO;;;;Novembro 25;;ER-CIND-POV-RIACHAO-RIACHAO;CAMPO FORMOSO;Energizada;;;;ENERG;FALTA TRAFO;1;3;;3;3;;;;;100%;;;;17/11/2025;22/11/2025;;19/11/2025;;;TRUE;;;B258022;;;;;EN 144411 LV 149512;;PRIORIDADE PLANO ANEEL;-10.4132845, -40.6187214;E903260 – E903262;https://drive.google.com/file/d/10aoCOsfRQzGO1qMCFqblwjlbtWetW3V0/view?usp=drive_link;3;100%;100,0%;;nov./1;;;;;;;;;;;;
;B-1215447;;;PLANO 7;;;;;;R$ 29.693,64;21/11/2025;JOAO;REGINALDO;;;;Novembro 25;;ER-CIND-POV-CALDEIRAO DO MULATO-RURAL;SENHOR DO BONFIM;Energizada;;;;LV+ENERGIZ;;1;3;;3;3;;;;;100%;;;;25/11/2025;22/11/2025;;18/11/2025;Solicitado;;TRUE;;;D010984;;;;N1/TRAFO;134644 EN 142589 LV;;PRIORIDADE PLANO ANEEL;-10.5628392, -40.1396837;E902878 – E902880;https://drive.google.com/file/d/13exg7HzgE1TqzH1_52y3pYmf5OYCmV2I/view?usp=drive_link;1;33,33333333%;100,0%;;nov./1;;;;;;;;;;;;
;B-1166882;;;PLANO 7;;;;;;R$ 26.102,45;24/11/2025;JOAO;JEFFERSON;;;;Novembro 25;;ER-CIND POV VEADOS-RURAL;SENHOR DO BONFIM;Energizada;;;;BT;PENDENTE SAQUE DE MATERIAL;1;1;;3;2;;;;;100%;;;;07/11/2025;15/11/2025;;12/11/2025;Sim;TRUE;TRUE;;;D573931;;;;N1;133596 BT / 134303 LV;;QLP;-10.5097187, -40.0462947;E903376 – E903378;https://drive.google.com/file/d/1qNJ_H279qW2HpePvyXG0GB7m3fcBtAAL/view?usp=drive_link;0;0%;33,3%;Necessita de KLC;nov./1;;;;;;;;;;;;
;B-1167424;;;PLANO 14;;;;;;R$ 25.140,82;22/11/2025;JOAO;REGINALDO;;;;Novembro 25;;ER-CIND-PO.PASSAGEM VELHA-RURAL;SENHOR DO BONFIM;Energizada;;;;BT;;1;3;;3;1;;;;;100%;;;;05/11/2025;15/11/2025;;13/11/2025;Sim;TRUE;TRUE;;;E524674;;;;;133610 BT;;QLP;-10.5129244, -40.1628389;E903324 – E903326;https://drive.google.com/file/d/172gXBr6Ps5ynPHVdErODRkGdxrvn3hJi/view?usp=drive_link;0;0%;100,0%;;nov./1;;;;;;;;;;;;
;B-1215863;;;PLANO 7;;;;;;R$ 16.264,99;14/11/2025;JOAO;REGINALDO;;;;Novembro 25;;ER-CIND-POV-CAZUMBA-CAZUMBA;SENHOR DO BONFIM;Energizada;;;;BT;;1;3;;3;0;;;;;100%;;;;17/11/2025;22/11/2025;;18/11/2025;Solicitado;;TRUE;;;D205589;;;;;133647 BT             133652 ENERGZ;;PRIORIDADE PLANO ANEEL;-10.5449612, -40.1607697;E902881 – E902883;https://drive.google.com/file/d/1SjoOzT_CN0LQjisWAV_3ELnQn89u9Gkx/view?usp=drive_link;0;0%;100,0%;;nov./1;;;;;;;;;;;;
;B-1217115;;;PLANO 7;;;;;;R$ 10.849,84;;;;;;;Novembro 25;;ER-CIND-LOT-PANORAMA 39-RURAL;SENHOR DO BONFIM;Cancelada;;;;BT;;4;;;2;0;;;;;100%;;;;;;;;;;;;;B765652;;;;;133615 BT;;PRIORIDADE PLANO ANEEL;-10.4311118, -40.1378614;E875682 – E875683;https://drive.google.com/file/d/1ltmR2NZxfuZsBw_IOq1b0jLyRTnKOyl0/view?usp=drive_link;2;100%;0,0%;;nov./1;;;;;;;;;;;;
;B-1190461;;;PLANO 7;;;;;;R$ 19.047,89;24/11/2025;JOAO;ALDAIR;;;;Novembro 25;;UB-CIND-RUA-JUAZEIRO-CENTRO;JAGUARARI;Energizada;;;;BT;;1;3;;3;0;;;;;100%;;;;24/11/2025;29/11/2025;;18/11/2025;Solicitado;;TRUE;;;Q068389;;;;;139761 BT;;QLP;-9,886564, -39,9719119;E903417 - E903419;https://drive.google.com/file/d/1PlZDItsy58a6SwHzI4kQbfX_UJlvn5YN/view?usp=drive_link;3;100%;100,0%;;nov./1;;;;;;;;;;;;
;B-1210373;;;PLANO 14;;;;;;R$ 16.837,51;15/11/2025;JOAO;GESONI;;;;Novembro 25;;ER-CIND-POV-SITIO DO FELIX-RURAL;ITIÚBA;Energizada;;;;BT;;1;3;;3;0;;;;;100%;;;;10/11/2025;15/11/2025;;10/11/2025;Sim;TRUE;TRUE;;;D054396;;;;;138339 BT;;PRIORIDADE PLANO ANEEL;-10.7429262, -39.988466;E903312 – E903314;https://drive.google.com/file/d/15ZFBYVtmASbv8403MdPxLnTCySs7ndnw/view?usp=drive_link;3;100%;100,0%;;nov./1;;;;;;;;;;;;
;B-1216558;;;PLANO 7;;;;;;R$ 19.365,36;25/11/2025;JOAO;ALDAIR;;;;Novembro 25;;ER-CIND-FAZ-ANGICO-BARRINHA;JAGUARARI;Energizada;;;;BT;FALTA CABO;1;3;;3;0;;;;;100%;;;;17/11/2025;22/11/2025;;18/11/2025;Solicitado;;TRUE;;;B720434;;;;;BT 139379;;PRIORIDADE PLANO ANEEL;-9.9084724, -40.1451071;E903389 - E903391;https://drive.google.com/file/d/19ZKYClGuopxa1kQ_c3jcPclQEBJ4roL5/view?usp=drive_link;3;100%;100,0%;;nov./1;;;;;;;;;;;;
;B-1209595;;;PLANO 14;;;;;;R$ 13.794,15;18/11/2025;JOAO;ISRAEL;;;;Novembro 25;;ER-CIND-RUA-DO CAMPO-CENTRO;CAMPO FORMOSO;Energizada;;;;BT;;1;3;;3;0;;;;;100%;;;;27/10/2025;15/11/2025;;;;TRUE;TRUE;;;R024920;;;;;121346 BT;;PRIORIDADE PLANO ANEEL;-10,5954581, -40,930199;E875177 – E875179;https://drive.google.com/file/d/1ZK7k_sD48GWLN7LnzOAhgRGZAlHFvzJz/view?usp=drive_link;3;100%;100,0%;;out./1;;;;;;;;;;;;
;B-1176297;;;PLANO 14;;;;;;R$ 25.276,75;19/11/2025;GABRIEL;JOSE;;;;Novembro 25;;ER-CIND-POV-JUNCO DO FERRE-RURAL;MONTE SANTO;Energizada;;;143275;LV+BT;;1;2;;2;0;;;;;100%;;;;17/11/2025;22/11/2025;;17/11/2025;Solicitado;;TRUE;;;D136574;;;;2 N1;BT 138151 LV-148527;22/11/2025;QLP;-10.5597548, -39.5028811;E903348 – E903350;https://drive.google.com/file/d/1INRIj6Vq5M-U7DAiQydyAnseSRpdp_Yk/view?usp=drive_link;3;150%;100,0%;;nov./1;;;;;;;;;;;;
;B-1194770;;;PLANO 14;;;;;;R$ 13.435,26;;GABRIEL;OSMAR;;;;Novembro 25;;ER-CIND-POV-FLORES -FLORES;MONTE SANTO;Energizada;;;143278;LV + BT;;1;;;2;0;;;;;100%;;;;20/10/2025;22/11/2025;;;;TRUE;TRUE;;;D107818;;;;2 N1;BT 123106 LV-148562;22/11/2025;QLP;-10,150653, -39,5808952;E875248 – E875249;https://drive.google.com/file/d/14_po5iDUOFGdzDZjS1WGCLNsIJayKeN8/view?usp=drive_link;2;100%;0,0%;;out./1;;;;;;;;;;;;
;B-1195841;;;PLANO 14;;;;;;R$ 12.344,10;26/11/2025;GABRIEL;OSMAR;;;;Novembro 25;;ER-CIND-POV-LAGE 3652-LAGE;MONTE SANTO;Energizada;;;144181;LV + BT;;1;;;2;0;;;;;100%;;;;20/10/2025;22/11/2025;;17/11/2025;Solicitado;;TRUE;;;D143859;;;;2 N1;BT 127161 LV-148683;26/11/2025;QLP;-10,4605865, -39,2612516;E875150 – E875151;https://drive.google.com/file/d/10hAjidpSjethJXun3uV91gg5_28hEfjx/view?usp=drive_link;2;100%;0,0%;Detonar ou KLC;out./1;;;;;;;;;;;;
;B-1193863;;;PLANO 7;;;;;;R$ 11.736,71;;JOAO;GESONI;;;;Novembro 25;;ER-CIND-POV-VARZEA SUJA-RURAL;ITIÚBA;Energizada;;;145698;LV+BT;;1;2;;2;0;;;;;100%;;;;17/11/2025;22/11/2025;;14/11/2025;Sim;TRUE;TRUE;;;D157854;;;;2.N/1;138294 BT 140451 LV;27/11/2025;PRIORIDADE PLANO ANEEL;-10.821269, -40.00361;E903306 – E903307;https://drive.google.com/file/d/16EEP9ehss3pFHi0Ty-oBRRaVwe9FcyWw/view?usp=drive_link;2;100%;100,0%;;nov./1;;;;;;;;;;;;
;B-1220742;;;PLANO 8;;;;;;R$ 16.435,37;;GABRIEL;MARCELO;;;;Novembro 25;;RC-CIND-PR -ELIAS MARQUES-CENTRO;QUEIMADAS;Energizada;;;146902;DESL + EN;;0;;;2;0;;;;;100%;;;;10/11/2025;15/11/2025;;10/11/2025;Sim;TRUE;TRUE;;;Q105518;;;;;152117 EN;28/11/2025;JUDICIAL;-10.9760463, -39.6284591;E903359 – E903360;https://drive.google.com/file/d/1MmcKrAlDhSRDyMEek1QmoyNSdEvclIpy/view?usp=drive_link;2;100%;0,0%;Provavelmente precisa de KLC;nov./1;;;;;;;;;;;;
;B-1213354;;;PLANO 8;;;;;;R$ 16.456,13;;JOAO;REGINALDO;;;;Novembro 25;;RC-CIND-RUA-BAHIA-NOVO HORIZONTE;SENHOR DO BONFIM;Energizada;;;145706 (PEDIR ACORDO);DESLIG;;0;;;2;0;;;;;100%;;;;24/11/2025;29/11/2025;;18/11/2025;Solicitado;;TRUE;;;Q048921;;;;;133637 BT ;27/11/2025;JUDICIAL;-10.4512727, -40.1764398;E902872 – E902873;https://drive.google.com/file/d/1tMVGWmOmEoCZcK4jgxgmi4wLAoKVUycf/view?usp=drive_link;0;0%;0,0%;;nov./1;;;;;;;;;;;;
;B-1216483;;;PLANO 7;;;;;;R$ 13.296,02;14/11/2025;JOAO;JOILSON;;;;Novembro 25;;ER-CIND-FAZ-PEDRA DO UMBU-CARIACA;SENHOR DO BONFIM;Energizada;;;;BT;;1;2;;2;0;;;;;100%;;;;07/11/2025;15/11/2025;;12/11/2025;Sim;TRUE;TRUE;;;E291658;;;;;LV 140042     151361 EN;;PRIORIDADE PLANO ANEEL;-10.5081567, -40.0958669;E902874 – E902875;https://drive.google.com/file/d/1eyTM-Rku4E-PXaEFyF4HGZhUiTijrAC1/view?usp=drive_link;0;0%;100,0%;;nov./1;;;;;;;;;;;;
;B-1210455;;;PLANO 14;;;;;;R$ 14.489,91;22/11/2025;JOAO;EDVALDO;;;;Novembro 25;;ER-CIND-FAZ-PILOES-RURAL;CAMPO FORMOSO;Energizada;Pendente;;;LV+BT;Previsão de conclusão 18/11;1;1;;2;2;;;;;100%;;;;05/11/2025;15/11/2025;;11/11/2025;Sim;TRUE;TRUE;;;E328845;;;;2/B1;138097 BT 142614 LV;;PRIORIDADE PLANO ANEEL;-10.4597444, -40.3676863;E903265 – E903266;https://drive.google.com/file/d/1uye6EnYgFN6hA32dY2LKD2oljbgtLH27/view?usp=drive_link;2;100%;50,0%;FURAR 1;nov./1;;;;;;;;;;;;
;B-1214292;;;PLANO 14;;;;;;R$ 17.520,56;26/11/2025;GABRIEL;JEFFERSON;;;;Novembro 25;;ER-CIND-POV-LAGOA DO TANQUE-LAGOA DO TAN;ITIÚBA;Energizada;;;;LV+BT;;1;;;2;0;;;;;100%;;;;17/11/2025;22/11/2025;;08/11/2025;Sim;TRUE;TRUE;;;D143324;;;;N1/1;139261 BT 140523 LV;;PRIORIDADE PLANO ANEEL;-10.46616, -39.7971761;E903308 – E903309;https://drive.google.com/file/d/1DDntLplEKQl63zaykwEm-GvLAxsXBAeB/view?usp=drive_link;4;200%;0,0%;precisa da KLC;nov./1;;;;;;;;;;;;
;B-1170955;;;PLANO 14;;;;;;R$ 15.318,47;;JOAO;JOILSON;;;;Novembro 25;;ER-CIND-FAZ-CAJAZEIRA 922-RURAL-QUICE;SENHOR DO BONFIM;Energizada;;;;BT;PENDENTE SACAR MATERIAL;1;;;2;0;;;;;100%;;;;07/11/2025;15/11/2025;;12/11/2025;Sim;TRUE;TRUE;;;D135547;;;;;133617 BT;;PRIORIDADE PLANO ANEEL;-10.5356738, -40.0470073;E875684 – E902867;https://drive.google.com/file/d/1gbhPsOC7m1R9h1_AfByeoxMr8-lDqcXi/view?usp=drive_link;0;0%;0,0%;;nov./1;;;;;;;;;;;;
;B-1210364;;;PLANO 14;;;;;;R$ 13.619,09;13/11/2025;JOAO;REGINALDO;;;;Novembro 25;;ER-CIND-RUA-V SIMOES-PASSAGEM VELHA;SENHOR DO BONFIM;Energizada;;;;BT;;1;;;2;0;;;;;100%;;;;;;;13/11/2025;Sim;TRUE;TRUE;;;P748244;;;;;133624 BT;;PRIORIDADE PLANO ANEEL;-10.496017, -40.163902;E902868 – E902869;https://drive.google.com/file/d/1F6u0yYjrsoggA9VXYUSwmNlSC_vu9xui/view?usp=drive_link;0;0%;0,0%;;nov./1;;;;;;;;;;;;
;B-1211047;;;PLANO 14;;;;;;R$ 9.787,05;19/11/2025;JOAO;WAGNER;;;;Novembro 25;;ER-CIND-LOT PANOTAMA 19-RURAL-BARAUNA;SENHOR DO BONFIM;Energizada;;;;LV+BT;;1;1;;2;2;;;;;100%;;;;05/11/2025;15/11/2025;;11/11/2025;Sim;TRUE;TRUE;;;B765644;;;;N1;148875 BT LV 142524;;PRIORIDADE PLANO ANEEL;-10.430555, -40.137597;E902870 – E902871;https://drive.google.com/file/d/14NNEWjffAxTxpotfA0bjaTPUwKJVjdMl/view?usp=drive_link;2;100%;50,0%;;nov./1;;;;;;;;;;;;
;B-1210625;;;PLANO 14;;;;;;R$ 15.591,94;24/11/2025;JOAO;EDVALDO;;;;Novembro 25;;ER-CIND-POV-LAGEDO RASO-TIQUARA;CAMPO FORMOSO;Energizada;;;;LV+BT;;1;2;;2;0;;;;;100%;;;;17/11/2025;22/11/2025;;19/11/2025;;;TRUE;;;D023899;;;;2/N1;137279 BT 142691 LV;;PRIORIDADE PLANO ANEEL;-10.4504431, -40.5481115;E903395 - E903396;https://drive.google.com/file/d/1a7Bc8KitHh_nD1yhyuJ-EeI7ycLTanLO/view?usp=drive_link;2;100%;100,0%;;nov./1;;;;;;;;;;;;
;B-1216188;;;PLANO 7;;;;;;R$ 14.734,75;;JOAO;EDVALDO;;;;Novembro 25;;ER-CIND-POV-CURRAL DA PONTE-RURAL;CAMPO FORMOSO;Energizada;Pendente;;;LV;;3;2;;2;0;;;;;100%;;;;05/11/2025;15/11/2025;;11/11/2025;Sim;TRUE;TRUE;;;B425255;;;;N1;138016 BT 142626 LV;;QLP;-10.4532885, -40.3156405;E903267 – E903268;https://drive.google.com/file/d/1LSvtgReDBsUwQ8BIU3ojvlpv0HN8XRLy/view?usp=drive_link;3;150%;100,0%;;nov./1;;;;;;;;;;;;
;B-1221730;;;PLANO 7;;;;;;R$ 436.108,77;10/11/2025;JOAO;REGINALDO;;;;Novembro 25;;RR-EMBA-RUA-DA LARANJEIRA-CENTRO;JAGUARARI;Energizada;Pendente;;;LV;;;2;;2;0;;;;;100%;;;;07/10/2025;15/11/2025;;06/11/2025;Sim;TRUE;TRUE;FALSE;FALSE;Q044255;;;;;141553(LV);;PRIORIDADE PLANO ANEEL;-10,3661371, -40,1690107;E903332 – E903333;https://drive.google.com/file/d/1eSP8ezsTJAbYkxkjeG4knccannEvM_Ng/view?usp=drive_link;2;100%;100,0%;;out./1;;;;;;;;;;;;
;B-1177738;;;PLANO 7;;;;;;R$ 18.229,86;;JOAO;WAGNER;;;;Novembro 25;;ER-CIND-FAZ-CARPINTARIA-RURAL;JAGUARARI;Energizada;;;;LV + BT;;2;2;;2;0;;;;;100%;;;;17/11/2025;22/11/2025;;11/11/2025;Sim;TRUE;TRUE;;;D544114;;;;N1/N1;139468 BT;;QLP;-9.9000362, -39.9709761;E903330 – E903331;https://drive.google.com/file/d/1927pOH6Q0EFnWAZ14KlYZ6db2TIaGjnS/view?usp=drive_link;2;100%;100,0%;;nov./1;;;;;;;;;;;;
;B-1170529;;;PLANO 14;;;;;;R$ 17.766,30;19/11/2025;JOAO;EDVALDO;;;;Novembro 25;;ER-CIND-FAZ-PILOES-RURAL;CAMPO FORMOSO;Energizada;;;;LV+BT;;1;2;;2;0;;;;;100%;;;;;;;;;;TRUE;;;D520532;;;;N1;BT 137151 LV-148014 ;;QLP;-10.4812951, -40.3647843;E903263 – E903264;https://drive.google.com/file/d/140yB0gdID-5z9ikRTD7U_MJxEinIatQP/view?usp=drive_link;2;100%;100,0%;;nov./1;;;;;;;;;;;;
;B-1216105;;;PLANO 7;;;;;;R$ 29.365,84;27/11/2025;GABRIEL;OSMAR;;;;Novembro 25;;ER-CIND-POV-LAGOA GRANDE-RURAL;MONTE SANTO;Energizada;;;;LV+BT;;3;;;2;0;;;;;100%;;;;17/11/2025;22/11/2025;;17/11/2025;Solicitado;;TRUE;;;P118752;;;;2 N1/TRAFO;BT 138185 LV-148672;;QLP;-10.250051, -39.5126099;E903353 – E903354;https://drive.google.com/file/d/1W1i1gKhjFv0cgMuyp0T6jYzsmq43QXPD/view?usp=drive_link;2;100%;0,0%;Precisa da KLC;nov./1;;;;;;;;;;;;
;B-1186497;;;PLANO 7;;;;;;R$ 11.282,59;20/11/2025;JOAO;ISRAEL;;;;Novembro 25;;ER-CIND-POV-LAGOA DO PORCO-RURAL;CAMPO FORMOSO;Energizada;;;;BT;;1;2;;2;0;;;;;100%;;;;17/11/2025;22/11/2025;;19/11/2025;;;TRUE;;;D137045;;;;;137084 BT;;QLP;-10.3350236, -40.6213253;E903336 – E903337;https://drive.google.com/file/d/119T0p4sfIOatpa7hGyDary_Cpk_o5s7h/view?usp=drive_link;2;100%;100,0%;;nov./1;;;;;;;;;;;;
;B-1199167;;;PLANO 7;;;;;;R$ 11.280,94;;JOAO;ISRAEL;;;;Novembro 25;;ER-CIND-FAZ-CANAVIEIRAS 2-RURAL;CAMPO FORMOSO;Energizada;;;;BT;;1;2;;2;0;;;;;100%;;;;05/11/2025;15/11/2025;;11/11/2025;Sim;TRUE;TRUE;;;Q060232;;;;;137135 BT;;PRIORIDADE PLANO ANEEL;-10.4728827, -40.2769164;E903342 – E903343;https://drive.google.com/file/d/1R-EKIzkeaJoQGUrUOXOglNlH6m_dQ55s/view?usp=drive_link;2;100%;100,0%;PODA;nov./1;;;;;;;;;;;;
;B-1050851;;;PLANO 14;;;;;;R$ 4.793,81;;JOAO;WAGNER;;;;Novembro 25;;ER-CIND-POV-GAMELEIRA 182-RURAL;JAGUARARI;Energizada;;;;BT;;3;;;2;0;;;;;100%;;;;17/11/2025;22/11/2025;;11/11/2025;Sim;TRUE;TRUE;;;B658316;;;;;139576 BT;;PRIORIDADE PLANO ANEEL;-10.2120357, -40.1143323;E903408 - E903409;https://drive.google.com/file/d/1li_jowAelqEDpYOfMQLxFPDL1iNpuw-j/view?usp=drive_link;2;100%;0,0%;;nov./1;;;;;;;;;;;;
;B-1192185;;;PLANO 14;;;;;;R$ 10.438,48;12/11/2025;JOAO;ISRAEL;;;;Novembro 25;;ER-CIND-RUA-BELA VISTA-RURAL;CAMPO FORMOSO;Energizada;;;;BT;;1;2;;2;0;;;;;100%;;;;17/11/2025;22/11/2025;;12/11/2025;Sim;TRUE;TRUE;;;B339226;;;;;137236 BT;;REPUTACIONAL;-10.5033005, -40.3975959;E903397 - E903398;https://drive.google.com/file/d/1FstJbyOByRQmt6g6eAB9Pl33fN8isEmA/view?usp=drive_link;2;100%;100,0%;;nov./1;;;;;;;;;;;;
;B-1211890;;;PLANO 7;;;;;;R$ 11.681,17;;JOAO;ISRAEL;;;;Novembro 25;;ER-CIND-POV-LAGOA DA PEDRA-RURAL;CAMPO FORMOSO;Energizada;;;;BT;;1;2;;2;0;;;;;100%;;;;17/11/2025;22/11/2025;;12/11/2025;Sim;TRUE;TRUE;;;D065096;;;;;145558 BT;;PRIORIDADE PLANO ANEEL;-10.5045089, -40.4218939;E903399 - E903400;https://drive.google.com/file/d/1r6KwI9zhbgesoNSrYOCELjrUYLZqIOn7/view?usp=drive_link;2;100%;100,0%;;nov./1;;;;;;;;;;;;
;B-1214847;;;PLANO 7;;;;;;R$ 12.965,31;20/11/2025;JOAO;ISRAEL;;;;Novembro 25;;UB-CIND-CJN-VI JOEL 130-CENTRO;CAMPO FORMOSO;Energizada;;;;BT;;1;2;;2;0;;;;;100%;;;;17/11/2025;22/11/2025;;12/11/2025;Sim;TRUE;TRUE;;;Q062125;;;;;137297 BT;;PRIORIDADE PLANO ANEEL;-10.4688438, -40.4377683;E903401 - E903402;https://drive.google.com/file/d/138Okir1ABDwe_8CRCnwZf9QrcVVWg_Oa/view?usp=drive_link;4;200%;100,0%;;nov./1;;;;;;;;;;;;
;B-1216176;;;PLANO 14;;;;;;R$ 6.908,51;18/11/2025;GABRIEL;JEFFERSON;;;;Novembro 25;;UB-CIND-RUA-ALTO DO CAMPO-RURAL;ITIÚBA;Energizada;;;;BT;Depende do cabo 3x35;1;2;;2;2;;;;;100%;;;;24/11/2025;29/11/2025;;12/11/2025;Sim;TRUE;TRUE;;;Q066944;;;;;139277 BT;;PRIORIDADE PLANO ANEEL;-10.6899575, -39.859984;E903355 – E903356;https://drive.google.com/file/d/1_VNa00o6E-cEuEdjun_Q2zJaKPASP8GX/view?usp=drive_link;0;0%;100,0%;;nov./1;;;;;;;;;;;;
;B-1205388;;;PLANO 7;;;;;;R$ 70.752,48;;;REGINALDO;;;;Novembro 25;;ER-CIND-POV-CACO DE TELHA 78-RURAL;SENHOR DO BONFIM;Paralisada;;;146253 ANEXA PEX;DESL + LV;;1;;;4;0;;;;;100%;;;;24/11/2025;29/11/2025;;18/11/2025;Solicitado;;TRUE;;;Q043744;;;;2 N3-3;134636 EN 142573 LV;28/11/2025;PRIORIDADE PLANO ANEEL;-10,3918417, -40,1592126;E902884 – E902887;https://drive.google.com/file/d/194hw5DEM44jD5q57OkXkTNNPBH6NcMjW/view?usp=drive_link;0;0%;0,0%;;nov./1;;;;;;;;;;;;
;B-1190860;;;PLANO 7;;;;;;R$ 14.147,55;18/11/2025;GABRIEL;JEFFERSON;;;;Novembro 25;;ER-CIND-FAZ-BARRA-CACIMBAS;ITIÚBA;Energizada;;;;BT;Previsão de conclusão 18/11;1;2;;2;2;;;;;100%;;;;24/11/2025;29/11/2025;;17/11/2025;Solicitado;;TRUE;;;D395165;;;;;BT 138261  ;;QLP;-10.7410177, -39.7087084;E903351 – E903352;https://drive.google.com/file/d/1FqvcbOI43a7H2dVnKn3Qc9gT1TGB3hJF/view?usp=drive_link;2;100%;100,0%;precisa da KLC;nov./1;;;;;;;;;;;;
;B-1210106;;;PLANO 14;;;;;;R$ 11.399,83;20/11/2025;JOAO;EDVALDO;;;;Novembro 25;;ER-CIND-POV-CAMPO ALEGRE-CAMPO ALEGRE;CAMPO FORMOSO;Energizada;;;;BT;;1;;;2;0;;;;;100%;;;;17/11/2025;22/11/2025;;19/11/2025;;;TRUE;;;E141329;;;;;137251 BT;;PRIORIDADE PLANO ANEEL;-10.389477, -40.41142;E903338 – E903339;https://drive.google.com/file/d/1iqUQJ6ZRaj5x7y8Orc81Frcfp1F3xWez/view?usp=drive_link;2;100%;0,0%;;nov./1;;;;;;;;;;;;
;B-1190192;;;PLANO 7;;;;;;R$ 9.324,71;05/11/2025;JOAO;JOILSON;;;;Novembro 25;;ER-CIND-RUA-APOLONIO-CJATOBA;PINDOBAÇU;Energizada;;;;BT;;2;2;;2;0;;;;;100%;;;;;;;;;TRUE;TRUE;TRUE;;;;;;;135326 BT;;QLP;;E903363 – E903364;https://drive.google.com/file/d/1fGGp9MUbj_lrxybf54aXyDJhajQo6-G9/view?usp=drive_link;2;100%;100,0%;;nov./1;;;;;;;;;;;;
;B-1209962;;;PLANO 14;;;;;;R$ 39.039,00;11/11/2025;GABRIEL;ANAILTON;;;;Novembro 25;;ER-CIND-RUA-ANTONIO JOSE FERNANDES-CENTR;CANSANÇÃO;Energizada;Realizado;;;BT;;1;2;;2;0;;;;;100%;;;;17/11/2025;22/11/2025;;10/11/2025;Sim;TRUE;TRUE;;;Q098328;;;;;135195 BT;;QLP;-10,6736886, -39,4991437;E903287 – E903290;https://drive.google.com/file/d/1QneDf6FexXq8VWBZ-fYTUNZcGm2r_7WL/view?usp=drive_link;4;200%;100,0%;;nov./1;;;;;;;;;;;;
;B-1228308;;;PLANO 7;;;;;;R$ 29.161,67;19/11/2025;GABRIEL;MARCELO;;;;Novembro 25;;ER-CERB-FAZ-NOVA-RURAL;ITIÚBA;Energizada;;;146092 (VIP);DESL;Saque de material dia 18/11;1;1;;1;0;;;;;100%;;;;24/11/2025;29/11/2025;;17/11/2025;Solicitado;;TRUE;FALSE;FALSE;D293170;;;;;;19/11/2025;GOVERNO;-10,9339093, -39,7997546;E903372 – E903372;https://drive.google.com/file/d/1lVLzKnBjAETsJBNOkmEnzMPk1O96-NN0/view?usp=drive_link;2;200%;100,0%;;nov./1;;;;;;;;;;;;
;B-1169767;;;PLANO 7;;;;;;R$ 42.270,11;20/11/2025;GABRIEL;JEFFERSON;;;;Novembro 25;;AC-CIND-POV-PICOS-RURAL;ITIÚBA;Energizada;;;142297;DESL + LV;Saque de material dia 19/11;0;1;;1;0;;;;;100%;;;;24/11/2025;29/11/2025;;17/11/2025;Solicitado;;TRUE;;;Q068227;;;;;LV 140092;20/11/2025;QLP;-10.6676535, -39.8742346;E903311 – E903311;https://drive.google.com/file/d/1s6Y_NG2c1ZskXRziY0mgC8_d0ZGxAqGv/view?usp=drive_link;2;200%;100,0%;precisa da KLC;nov./1;;;;;;;;;;;;
;B-1210094;;;PLANO 14;;;;;;R$ 12.629,56;;GABRIEL;MARCELO;;;;Novembro 25;;ER-CIND-POV-SALINA-NORDESTINA;NORDESTINA;Cancelada;;;;BT;;1;;;2;0;;;;;100%;;;;17/11/2025;22/11/2025;;;;FALSE;FALSE;FALSE;FALSE;D020507;;;;;135375 BT;;PRIORIDADE PLANO ANEEL;-10.843433, -39.450595;E903357 – E903358;https://drive.google.com/file/d/1XxVqoylXnx8kxRe3bW1ICv6r12MEQ35c/view?usp=drive_link;0;0%;0,0%;;nov./1;;;;;;;;;;;;
;B-1180143;;;PLANO 7;;;;;;R$ 6.538,80;24/11/2025;JOAO;WAGNER;;;;Novembro 25;;ER-CIND-POV-ANTAS I-RURAL;JAGUARARI;Energizada;;;143324;LV+BT;;1;;;1;1;;;;;100%;;;;17/11/2025;22/11/2025;;11/11/2025;Sim;TRUE;TRUE;;;D408442;;;;N1; BT 139665 LV 145196 ;;QLP;-10.3027111, -40.1076727;E903315 – E903320;https://drive.google.com/file/d/1nqv6xxpqNtcZa38Vfug2LPqRfEo9SjEx/view?usp=drive_link;1;100%;0,0%;;nov./1;;;;;;;;;;;;
;B-1060677;;;PLANO 14;;;;;;R$ 2.393,07;;;;;;;Novembro 25;;ER-CIND-POV-CACHOEIRA-ANDORINHA;ANDORINHAS;Paralisada;;;;BT;;1;;;1;0;;;;;100%;;;;;;;;;;;;;B015669;;;;;135147 BT;;PRIORIDADE PLANO ANEEL;-10.357579, -39.810062;E903440;https://drive.google.com/file/d/14K_CsaAf8cIUPhvhZXSIKHk-kAftU7ky/view?usp=drive_link;1;100%;0,0%;;nov./1;;;;;;;;;;;;
;B-1169729;;;PLANO 7;;;;;;R$ 18.492,73;;;;;;;Novembro 25;;ER-CIND-FAZ-S O GONCALO-RURAL;ANDORINHAS;Paralisada;;;;LV+BT;;1;;;2;0;;;;;100%;;;;;;;;;;;;;D388057;;;;N1;BT 135168 LV-149168;;QLP;-10.2704878, -39.9203461;E903436 - E903437;https://drive.google.com/file/d/1oIgx3k1Wtpgz0d2G1-w8L-bdnb_Zs5wh/view?usp=drive_link;2;100%;0,0%;;nov./1;;;;;;;;;;;;
;B-1190993;;;PLANO 7;;;;;;R$ 9.333,97;;;;;;;Novembro 25;;ER-CIND-POV-LAGEDOS-RURAL;ANDORINHAS;Paralisada;;;;BT;;1;;;2;0;;;;;100%;;;;;;;;;;;;;D014317;;;;;135152 BT;;RECLAMAÇÃO;-10.169574, -39.912487;E903438 - E903439;https://drive.google.com/file/d/1hlnMcIHlErXyM-Krn5a6I8wMRGM4tV3s/view?usp=drive_link;2;100%;0,0%;;nov./1;;;;;;;;;;;;
;B-1067126;;;PLANO 8;;;;;;R$ 335.050,76;;;;;;;Novembro 25;;IS-COEL-PR -COMERCIO-ANDORINHA;ANDORINHAS;Paralisada;;;;DESL;;1;;;27;0;;;;;50%;;;;;;;;;;;;;Q099019;;;;;;;JUDICIAL;-10.3445425, -39.8323744;E903081 – E903107;;18;66,66666667%;0,0%;;nov./1;;;;;;;;;;;;
;B-1144330;;;PLANO 14;;;;;;R$ 152.883,89;;;;;;;Novembro 25;;MP CIND FAZ LAGOA DA ONÇA RURAL;MONTE SANTO;Cancelada;;;;;;1;;;15;0;;;;;0%;;;;;;;;;;;;;;;;;;;;QLP;;E903051 – E903065;;0;0%;0,0%;;nov./1;;;;;;;;;;;;
;B-1156651;;;PLANO 7;;;;;;R$ 27.197,79;27/11/2025;JOAO;ISRAEL;;;;Novembro 25;;ER-CIND-POV-BREJO CAATINGA-RURAL;CAMPO FORMOSO;Energizada;Pendente;;145700;DESLIG;"MATERIAL PENDENTE 
TRAFO E CABO POTE";0;1;;1;0;;;;;100%;;;;27/10/2025;15/11/2025;;;;TRUE;TRUE;;;D931025;;;;N1 C/ TRF;124773 (LV) 124652 (EN);27/11/2025;;-10,4265503, -40,8651062;E875185 – E875185;https://drive.google.com/file/d/1MGM9EwydAcMCbDyjyaG2pf9mkqQncAn8/view?usp=drive_link;1;100%;100,0%;;out./1;;;;;;;;;;;;
;B-1199686;;;PLANO 7;;;;;;R$ 6.848,69;21/11/2025;GABRIEL;MARCELO;;;;Novembro 25;;ER-CIND-FAZ-UMBURANA-RURAL;QUEIMADAS;Energizada;Pendente;;;LV+BT;Programar LV;1;1;;1;0;;;;;100%;;;;10/11/2025;15/11/2025;;10/11/2025;Sim;TRUE;TRUE;;;D030008;;;;N1;134669 BT / 134670 LV 148784 LV;;PRIORIDADE PLANO ANEEL;-10.838989, -39.6406917;E903366 – E903366;https://drive.google.com/file/d/1iaxNatJpHria08Y7-M5MHfep47iukdT2/view?usp=drive_link;1;100%;100,0%;;nov./1;;;;;;;;;;;;
;B-1155593;;;PLANO 7;;;;;;R$ 20.229,80;15/11/2025;GABRIEL;JEFFERSON;;;;Novembro 25;;ER-CIND-FAZ-JUAZEIRINHO-RURAL;CANSANÇÃO;Energizada;Realizado;;;LV + ENERGZ;;1;1;;1;0;;;;;100%;;;;03/10/2025;15/11/2025;;;;TRUE;TRUE;;;D265962;;;;N1 C/ TRF;125048 (LV)   125848 (EN);;PRIORIDADE PLANO ANEEL;-10,6850113, -39,5549432;E875202 – E875202;https://drive.google.com/file/d/1-m2QkNBzfsq5ArEr7_pW5dDvuxxmXmMd/view?usp=drive_link;1;100%;100,0%;;out./1;;;;;;;;;;;;
;B-1180616;;;PLANO 7;;;;;;R$ 4.772,12;;JOAO;EDVALDO;;;;Novembro 25;;ER-CIND-FAZ- PILOES-RURAL;CAMPO FORMOSO;Energizada;Pendente;;;LV+BT;;0;1;;1;0;;;;;100%;;;;05/11/2025;15/11/2025;;11/11/2025;Sim;TRUE;TRUE;;;B929837;;;;N1;137208 BT 140987 LV;;QLP;-10.4535513, -40.3308433;E903369 – E903369;https://drive.google.com/file/d/1jyEKZgJ4-ooj7Rmhcnzz4arxPdaS9oD2/view?usp=drive_link;1;100%;100,0%;;nov./1;;;;;;;;;;;;
;B-1158161;;;PLANO 7;;;;;;R$ 15.000,26;13/11/2025;GABRIEL;ANAILTON;;;;Novembro 25;;ER-CIND-POV-LAGOA DOS ALTOS-LAGOA DOS AL;CANSANÇÃO;Energizada;Realizado;;;LV + ENERGZ;;1;1;;1;0;;;;;100%;;;;27/10/2025;15/11/2025;;;;TRUE;TRUE;;;D158998;;;;N1 C/ TRF;125011 (LV) 145474 (EN);;PRIORIDADE PLANO ANEEL;-10,6306033, -39,457738;E875201 – E875201;https://drive.google.com/file/d/1nBqmO9QjEOqxkoPP2WFLlIv3r67uImZP/view?usp=drive_link;1;100%;100,0%;;out./1;;;;;;;;;;;;
;B-1171389;;;PLANO 14;;;;;;R$ 21.151,54;14/11/2025;GABRIEL;MARCELO;;;;Novembro 25;;ER-CIND-FAZ-SANTA MARIA 2-RURAL;QUEIMADAS;Energizada;Pendente;;;LV + ENERGZ;;2;1;;1;0;;;;;100%;;;;10/11/2025;15/11/2025;;10/11/2025;Sim;TRUE;TRUE;;;E088017;;;;N1;LV 134716                 146639 EN;;QLP;-10.972847, -39.6469582;E903367 – E903367;https://drive.google.com/file/d/1pOnvJrLKS_RAtkUhAbLzq0UKjn612N0c/view?usp=drive_link;1;100%;100,0%;;nov./1;;;;;;;;;;;;
;B-1168806;;;PLANO 7;;;;;;R$ 24.982,67;14/11/2025;JOAO;ISRAEL;;;;Novembro 25;;ER-CIND-POV-PATOS 3-URBANO;CAMPO FORMOSO;Energizada;Pendente;;;LV + ENERGZ;;1;1;;1;0;;;;;100%;;;;27/10/2025;15/11/2025;;;;TRUE;TRUE;;;Q024911;;;;N1 C/ TRF;124783 (LV) 145861 (EN);;PRIORIDADE PLANO ANEEL;-10,1845895, -40,8966678;E875184 – E875184;https://drive.google.com/file/d/1FUMDq-bUdK8-BLdnwQeSZEVh0g0Cgm-w/view?usp=drive_link;1;100%;100,0%;;out./1;;;;;;;;;;;;
;B-1192347;;;PLANO 7;;;;;;R$ 11.548,66;;;;;;;Novembro 25;;ER-CIND-POV-TOMBAO-RURAL-LAGOA RASA;CAMPO FORMOSO;Cancelada;;;;BT;;1;2;;2;0;;;;;100%;;;;05/11/2025;15/11/2025;;11/11/2025;Sim;TRUE;TRUE;;;E427971;;;;;137101 BT;;QLP;-10.5050431, -40.3617526;E903340 – E903341;https://drive.google.com/file/d/1aWDhODUuVzuCk-XzxQZMGHsHKv0-2fZU/view?usp=drive_link;2;100%;100,0%;;nov./1;;;;;;;;;;;;
;B-1149566;;;PLANO 7;;;;;;R$ 21.269,92;19/11/2025;GABRIEL;OSMAR;;;;Novembro 25;;ER-CIND-POV-LAGE-RURAL;MONTE SANTO;Energizada;;;;LV + ENERGZ;;1;1;;1;0;;;;;100%;;;;20/10/2025;22/11/2025;;;;TRUE;TRUE;;;A249948;;;;N1 C/ TRF;(EN) 127208 LV- 148290;;PRIORIDADE PLANO ANEEL;-10,4666449, -39,2706592;E875152 – E875153;https://drive.google.com/file/d/16vhzvlqzctwCDMbRAV9FK_aQisV0zVJb/view?usp=drive_link;1;100%;100,0%;;out./1;;;;;;;;;;;;
;B-1128907;;;PLANO 7;;;;;;R$ 109.384,23;;;;;;;Novembro 25;;RR-CCOL-FAZ-BREJO TELES-RURAL;SENHOR DO BONFIM;Cancelada;;;;DESLIG + LV + ENERGZ;;1;;;25;0;;;;;100%;;;;;;;;;;;;;Q037859;;;;N3/4;;;QLP;-10,5201141, -40,2317951;E902910 – E902922;;0;0%;0,0%;;nov./1;;;;;;;;;;;;
;B-1148616;;;PLANO 7;;;;;;R$ 21.323,67;20/11/2025;GABRIEL;OSMAR;;;;Novembro 25;;ER-CIND-FAZ-PEDRA-RURAL;MONTE SANTO;Energizada;;;;LV + ENERGZ;;1;;;1;0;;;;;100%;;;;27/10/2025;22/11/2025;;;;TRUE;TRUE;;;D394972;;;;N1 C/ TRF;(EN) 127095 LV- 148436;;PRIORIDADE PLANO ANEEL;-10,4752186, -39,3080912;E875154 – E875154;https://drive.google.com/file/d/1TqaAjnC2mF93Ls2xR-UZjEIBVRJEP98O/view?usp=drive_link;1;100%;0,0%;Detonar ou KLC;out./1;;;;;;;;;;;;
;B-1195746;;;PLANO 7;;;;;;R$ 23.110,29;;GABRIEL;JEFFERSON;;;;Novembro 25;;ER-CCOL-POV-PONTA BAIXA 1228-A-RURAL;ITIÚBA;Energizada;;;;LV + ENERGZ;;0;0;;1;0;;;;;100%;;;;17/11/2025;22/11/2025;;08/11/2025;Sim;TRUE;TRUE;;;Q069803;;;;TRAFO;139340 EN 140637 LV;;PRIORIDADE PLANO ANEEL;-10.5225184, -39.8935192;E903310 – E903310;https://drive.google.com/file/d/1golgVNuVF1bgKr1Fhr5Lg4dkgWOaFZfH/view?usp=drive_link;6;600%;0,0%;JA LOCADO KLC;nov./1;;;;;;;;;;;;
;B- 1210023;;;PLANO 7;;;;;;R$ 14.287,18;;GABRIEL;JOSE;;;;Novembro 25;;ER-CIND-FAZ- POCO DANTAS 856-PEDRA VERME;MONTE SANTO;Energizada;;;;LV+ENERGZ;;0;;;1;0;;;;;100%;;;;17/11/2025;22/11/2025;;17/11/2025;Solicitado;;TRUE;;;D239683;;;;N1/TRAFO;LV 140042     144134 EN;;PRIORIDADE PLANO ANEEL;-10.408354, -39.310426;E903361 – E903362;https://drive.google.com/file/d/1BnDs2D5aOmlbplWfox5ZEnzS3bIKwHj4/view?usp=drive_link;0;0%;0,0%;KLC ou detonação;nov./1;;;;;;;;;;;;
;B-1198090;;;PLANO 14;;;;;;R$ 4.904,50;10/11/2025;GABRIEL;JEFFERSON;;;;Novembro 25;;ER-CIND-FAZ-ROCHA-RURAL;CANSANÇÃO;Energizada;Realizado;;;BT;;1;1;;1;0;;;;;100%;;;;03/11/2025;15/11/2025;;08/11/2025;Sim;TRUE;TRUE;;;B087388;;;;;143805 BT;;PRIORIDADE PLANO ANEEL;-10.6520489, -39.7119756;0;https://drive.google.com/file/d/1lm4Or16slzL-KVk6huWTAwsxxLHwuSYJ/view?usp=drive_link;0;0%;100,0%;;nov./1;;;;;;;;;;;;
;B-1215542;;;PLANO 7;;;;;;R$ 2.071,52;10/11/2025;JOAO;GESONI;;;;Novembro 25;;ER-CIND-POV-CERCADINHO-RURAL;ITIÚBA;Energizada;;;;BT;;1;1;;1;0;;;;;100%;;;;10/11/2025;15/11/2025;;10/11/2025;Sim;TRUE;TRUE;;;D069799;;;;;139257 BT;;PRIORIDADE PLANO ANEEL;-10.7545483, -39.8827815;E903370 – E903370;https://drive.google.com/file/d/1KrrTsGQGiSKJ1HsCMeIF_IKqnwXFg_Ov/view?usp=drive_link;0;0%;100,0%;;nov./1;;;;;;;;;;;;
;B-1179876;;;PLANO 7;;;;;;R$ 7.858,69;21/11/2025;GABRIEL;MARCELO;;;;Novembro 25;;UB-CIND-RUA-NICANOR AMABAHY-CENTRO;NORDESTINA;Energizada;;;;BT;Pendente cabo 3x35;2;1;;1;0;;;;;100%;;;;17/11/2025;22/11/2025;;12/11/2025;Sim;TRUE;TRUE;;;D920911;;;;;135355 BT;;QLP;-10.8250099, -39.4247838;E903373 – E903373;https://drive.google.com/file/d/15f5sQa4njChDcBmYL4H6Ssl0gZzG5Rbz/view?usp=drive_link;1;100%;100,0%;;nov./1;;;;;;;;;;;;
;B-1198739;;;PLANO 7;;;;;;R$ 6.302,10;18/11/2025;GABRIEL;JOSE;;;;Novembro 25;;UB-CIND-RUA-DEMOSTENES BARRETO-CENTRO;MONTE SANTO;Energizada;;;;BT;Pendente cabo 3x35;1;1;;1;0;;;;;100%;;;;17/11/2025;22/11/2025;;17/11/2025;Solicitado;;TRUE;;;D660005;;;;;135527 BT;;PRIORIDADE PLANO ANEEL;-10.4330598, -39.325867;E903374 – E903374;https://drive.google.com/file/d/18o9rTBHvAZom8DsetWZdEIE9sazpR8KU/view?usp=drive_link;1;100%;100,0%;;nov./1;;;;;;;;;;;;
;B-1199287;;;PLANO 14;;;;;;R$ 5.681,17;18/11/2025;GABRIEL;JOSE;;;;Novembro 25;;ER-CIND-POV-CURRAL VELHO-RUR-MONTE SANTO;MONTE SANTO;Energizada;;;;BT;Previsão de conclusão para 18/11;1;1;;1;0;;;;;100%;;;;17/11/2025;22/11/2025;;17/11/2025;Solicitado;;TRUE;;;D685810;;;;;135528 BT;;PRIORIDADE PLANO ANEEL;-10.4728459, -39.395173;E903375 – E903375;https://drive.google.com/file/d/1avv9wHkzzo7iGL2q1XA8BFv3Vj8jZ3mT/view?usp=drive_link;1;100%;100,0%;;nov./1;;;;;;;;;;;;
;B-1198444;;;PLANO 7;;;;;;R$ 5.489,19;21/11/2025;JOAO;ISRAEL;;;;Novembro 25;;ER-CIND-POV-LAGOA DO PORCO-RURAL;CAMPO FORMOSO;Energizada;;;;BT;;1;1;;1;0;;;;;100%;;;;17/11/2025;22/11/2025;;19/11/2025;;FALSE;TRUE;;;Q063930;;;;;137117 BT;;PRIORIDADE PLANO ANEEL;-10.3339535, -40.6177873;E903368 – E903368;https://drive.google.com/file/d/1EBngDEluOD-6drViWeqyPV8ouPHG8G3u/view?usp=drive_link;1;100%;100,0%;;nov./1;;;;;;;;;;;;
;B-1163666;;;PLANO 7;;;;;;R$ 6.785,27;;JOAO;ISRAEL;;;;Novembro 25;;ER-CIND-RUA-BELA VISTA-POCOS;CAMPO FORMOSO;Energizada;;;;BT;;1;1;;1;0;;;;;100%;;;;17/11/2025;22/11/2025;;12/11/2025;Sim;TRUE;TRUE;;;Q061925;;;;;137054 BT;;AIC AUDITORIA;-10.5016733, -40.402421;E903403;https://drive.google.com/file/d/1BY58kxqjeoAeWWzyDVEOxdTMPwljHnvj/view?usp=drive_link;1;100%;100,0%;;nov./1;;;;;;;;;;;;
;B-1195701;;;PLANO 14;;;;;;R$ 8.387,51;27/11/2025;GABRIEL;JEFFERSON;;;;Novembro 25;;ER-CIND-RUA-PONTILHAO-CENTRO - PICOS;ITIÚBA;Energizada;;;;BT;;1;;;1;0;;;;;100%;;;;24/11/2025;29/11/2025;;17/11/2025;Solicitado;;TRUE;;;Q069888;;;;;138299 BT;;PRIORIDADE PLANO ANEEL;-10.6279916, -39.908117;E903371 – E903371;https://drive.google.com/file/d/12_rcIvHiuoSRinSamTc5hTKwKKdJya84/view?usp=drive_link;2;200%;0,0%;precisa da KLC;nov./1;;;;;;;;;;;;
;B-1148717;;;PLANO 7;;;;;;R$ 18.416,88;21/11/2025;GABRIEL;MARCELO;;;;Novembro 25;;ER-CIND-POV-LAGINHA-RURAL;QUEIMADAS;Energizada;Pendente;;123296;LV + ENERGZ;Programar LV;1;1;;1;0;;;;;100%;;;;20/10/2025;15/11/2025;;;;TRUE;TRUE;;;D565953;;;;N1 C/ TRF;124420 (EN) LV- 148948;;PRIORIDADE PLANO ANEEL;-11,0102411, -39,673026;E875241 – E875241;https://drive.google.com/file/d/1cYkIJgaRRFhfKUBTqgH_ueFQWVUTJ6la/view?usp=drive_link;1;100%;100,0%;;out./1;;;;;;;;;;;;
;B-1198495;;;PLANO 7;;;;;;R$ 9.198,18;11/11/2025;GABRIEL;ANAILTON;;;;Novembro 25;;ER-CIND-POV-CAPOEIRA-RURAL;CANSANÇÃO;Energizada;Realizado;;;BT;;0;1;;1;0;;;;;100%;;;;17/11/2025;22/11/2025;;10/11/2025;Sim;TRUE;TRUE;;;Q099631;;;;;135180 BT;;PRIORIDADE PLANO ANEEL;-10.674412, -39.460124;E903334 – E903335;https://drive.google.com/file/d/1B4s0IgIhKuwh5Mn2y209ESSlswTRtHiH/view?usp=drive_link;2;200%;100,0%;;nov./1;;;;;;;;;;;;
;B-1217384;;;PLANO 7;;;;;;R$ 22.518,58;22/11/2025;JOAO;REGINALDO;;;;Novembro 25;;ER-CIND-FAZ-ANJO-RURAL;SENHOR DO BONFIM;Energizada;;;;LV;;1;;;0;0;;;;;100%;;;;24/11/2025;29/11/2025;;18/11/2025;Solicitado;;TRUE;;;Q043850;;;;N1/TRAFO;LV 142555;;PRIORIDADE PLANO ANEEL;-10.3773752, -40.1006744;E875681 – E875681;https://drive.google.com/file/d/11jkdVOTBvtIuu3yR3PmY3yqlnV75rmM-/view?usp=drive_link;0;100%;100,0%;;nov./1;;;;;;;;;;;;
;B-1217245;;;PLANO 7;;;;;;R$ 12.944,06;;JOAO;ALDAIR;;;;Novembro 25;;ER-CIND-POV-S O MIGUEL-RURAL;JAGUARARI;Energizada;;;145071;LV;FALTA TRAFO;1;;;0;0;;;;;100%;;;;24/11/2025;29/11/2025;;18/11/2025;Solicitado;;TRUE;;;B494623;;;;;LV 145281;27/11/2025;PRIORIDADE PLANO ANEEL;-9.9784184, -40.1474094;0;https://drive.google.com/file/d/1h4-vyBO3IbiM3JMBRWiWuOcsk5EAhm1S/view?usp=drive_link;0;100%;100,0%;;nov./1;;;;;;;;;;;;
;B-1194404;;;PLANO 7;;;;;;R$ 33.946,55;;GABRIEL;MARCELO;;;;Novembro 25;;AC-CIND-POV-VARZEA COMPRIDA-RURAL;ITIÚBA;Energizada;;;146973 (PRECISA DE ACORDO);DESL;Saque dia 17/11, material não sacado ;1;;;0;0;;;;;100%;;;;24/11/2025;29/11/2025;;17/11/2025;Solicitado;;TRUE;FALSE;;Q055596;;;;;;29/11/2025;PRIORIDADE PLANO ANEEL;-10.9129082, -39.8416527;0;https://drive.google.com/file/d/1PnH_-O-pGUMPUODFhoTf_0dU2rGsb5T7/view?usp=drive_link;0;100%;100,0%;;nov./1;;;;;;;;;;;;
;B-1185448;;;PLANO 7;;;;;;R$ 21.221,45;26/11/2025;JOAO;EDVALDO;;;;Novembro 25;;ER-CIND-POV-TIQUARA -RURAL;CAMPO FORMOSO;Energizada;;;;ENERG;;1;;;0;0;;;;;100%;;;;17/11/2025;22/11/2025;;19/11/2025;;FALSE;TRUE;;;Q063543;-10.8421072;-39.308;;N1/TRAFO;137059 BT 142632 LV;;PRIORIDADE PLANO ANEEL;-10.4723862, -40.5427325;E903269 – E903269;https://drive.google.com/file/d/1uR97eSJfizjlwACFSm6L-7a13iZFtQga/view?usp=drive_link;1;100%;100,0%;;nov./1;;;;;;;;;;;;
;B-1057271;;;PLANO 7;;;;;;R$ 3.419,55;;;;;;;Novembro 25;;UB-CIND-POV-JAGUARARI-ARTUR GONCALVES;JAGUARARI;Cancelada;;;;BT;;1;;;1;0;;;;;100%;;;;;;;;;;;;;B008491;;;;;139605 BT;;RECLAMAÇÃO;-10.255676, -40.202581;E903410;https://drive.google.com/file/d/1frxXkR-_HKr6FrkOWAgDxTxVVafw7sIV/view?usp=drive_link;1;100%;0,0%;;nov./1;;;;;;;;;;;;
;B-1157179;;;PLANO 7;;;;;;R$ 1.706.478,98;;;;;;;Novembro 25;;IT GRUA AG CANDIDO FONSECA RURAL;SENHOR DO BONFIM;Paralisada;;;;;;0;;;63;22;;;;;0%;;;;;;;;;;;;;;;;;;;;QLP;;E903189 – E903189;;3;4,761904762%;0,0%;;nov./1;;;;;;;;;;;;
;B-1172674;;;PLANO 14;;;;;;R$ 7.978,71;22/11/2025;GABRIEL;OSMAR;;;;Novembro 25;;ER-CIND-FAZ-PACIENCIA-PACIENCIA;MONTE SANTO;Energizada;;;;LV+BT;"Executar no mesmo dia da obra ""POV-FLORES""";1;;;0;0;;;;;100%;;;;17/11/2025;22/11/2025;;17/11/2025;Solicitado;;TRUE;;;D108759;;;;N1;BT 127161 LV-148683;;QLP;-10.1559336, -39.5542258;E903365 – E903365;https://drive.google.com/file/d/1OS33s5jhwTm-CuzXvxvCk4YqpO6OHkdh/view?usp=drive_link;1;100%;100,0%;;nov./1;;;;;;;;;;;;
;B-1157055;;;PLANO 7;;;;;;R$ 1.679.249,18;;;;;;;Novembro 25;;IT-GRUA-RO BA 220-RURAL;SENHOR DO BONFIM;Paralisada;;;;;;1;;;86;0;;;;;0%;;;;;;;;;;;;;;;;;;;;GRUPO A;;;;0;0%;0,0%;;nov./1;;;;;;;;;;;;
;B-1198094;;;PLANO 14;;;;;;R$ 2.607,40;11/11/2025;GABRIEL;MARCELO;;;;Novembro 25;;ER-CIND-FAZ-PAU FERRO-PAU FERRO;QUEIMADAS;Energizada;;;;BT;;1;0;;0;0;;;;;100%;;;;10/11/2025;15/11/2025;;10/11/2025;Sim;TRUE;TRUE;;;D367990;;;;;134700 BT;;PRIORIDADE PLANO ANEEL;-10.894458, -39.556127;0;https://drive.google.com/file/d/17i8YK8vKscU-vpwjKOERRhp8wPSiz4oC/view?usp=drive_link;0;100%;100,0%;;nov./1;;;;;;;;;;;;
;B-1198067;;;PLANO 14;;;;;;R$ 1.604,11;11/11/2025;GABRIEL;MARCELO;;;;Novembro 25;;ER-CIND-POV-PAU DE COLHER-PAU DE COLHER;QUEIMADAS;Energizada;;;;BT;;1;0;;0;0;;;;;100%;;;;10/11/2025;15/11/2025;;10/11/2025;Sim;TRUE;TRUE;;;D159343;;;;;134692 BT;;PRIORIDADE PLANO ANEEL;-10.78111, -39.625564;0;https://drive.google.com/file/d/1GM9gqZ9pkzHsSkqa8cLB1GFoyzPtGjTA/view?usp=drive_link;0;100%;100,0%;;nov./1;;;;;;;;;;;;
;B-1198340;;;PLANO 7;;;;;;R$ 15.235,40;;;GESONI;;;;Dezembro 25;;ER-CIND-POV-ALAGADICIO DO MEL-RURAL;itiÚBA;Cancelada;;;149374;;ATENDIDO PELO B-1205642;1;;;1;;;;;;100%;;;;08/12/2025;13/12/2025;;01/12/2025;;;;;;D388062;;;;;LV-151392;;PRIORIDADE PLANO ANEEL;-10,2711272, -39,9217074;E903453 – E903453;https://drive.google.com/file/d/1DxBH4cFOGiZkDoyfvTlRDvAa1DJ0pe_K/view?usp=drive_link;1;100%;;;dez./1;12/dez;FALSE;FALSE;;;;;;;;;
;B-1175089;;;PLANO 7;;;;;;R$ 24.461,06;;;GESONI;;;;Dezembro 25;;ER-CIND-FAZ-CAJARANA-RURAL;ITIÚBA;Cancelada;;;;BT;CANCELADA;1;;;3;;;;;;100%;;;;01/12/2025;06/12/2025;;01/12/2025;;;;;;D142197;;;;;;;QLP;-10,4641694, -39,2489718;E903522 – E903524;https://drive.google.com/file/d/1B14QbJK88CUklWBhPXlSADwEP-6oKIAU/view?usp=drive_link;0;0%;;;dez./1;;FALSE;FALSE;;;;;;;;;
;B-1175390;;;PLANO 7;;;;;;R$ 22.797,97;;;GESONI;;;;Dezembro 25;;UB-CIND-RUA-BENJAMIN CONSTANT-CENTRO;ITIÚBA;Cancelada;;;;BT;CANCELADA;1;;;3;;;;;;100%;;;;01/12/2025;06/12/2025;;01/12/2025;;;;;;B361236;;;;;;;QLP;-10,8212988, -39,4122756;E903525 – E903527;https://drive.google.com/file/d/1A8WSweUMiJxV51TkaRb2V5tk5Sex85Z0/view?usp=drive_link;0;0%;;;dez./1;;FALSE;FALSE;;;;;;;;;
;B-1149896;;;PLANO 7;;;;;;R$ 25.957,55;;;MARCELO;;;;Dezembro 25;;ER-CIND-FAZ-LAGOA DOS BOIS-RURAL;NORDESTINA;Cancelada;;;;BT;CANCELADA;1;;;5;;;;;;100%;;;;08/12/2025;13/12/2025;;01/12/2025;;;;;;B341769;;;;;;;AIC AUDITORIA;-10,7573733, -40,1320999;E875428 - E875432;https://drive.google.com/file/d/1IaZiavSEOrxpAIKBDQnu0Uh5Ro2zcGk0/view?usp=drive_link;0;0%;;;dez./1;;FALSE;FALSE;;;;;;;;;
;B-1170849;;;PLANO 7;;;;;;R$ 20.875,99;;;MARCELO;;;;Dezembro 25;;UB-CIND-RUA-ANA ANDRADE-CENTRO;NORDESTINA;Cancelada;;;;BT;CANCELADA;2;;;2;;;;;;100%;;;;01/12/2025;06/12/2025;;01/12/2025;;;;;;D354364;;;;;;;QLP;-10,4057089, -39,2518552;E875460-E875461;https://drive.google.com/file/d/1ydpBudcQjzqSqZTxLCu-ms98584um78r/view?usp=drive_link;0;0%;;;dez./1;;FALSE;FALSE;;;;;;;;;
;B-1217926;;;PLANO 7;;;;;;R$ 22.978,59;;;MARCELO;;;;Dezembro 25;;ER-CIND-FAZ-MARIA ELVINA-RURAL;QUEIMADAS;Cancelada;;;;BT;CANCELADA;1;;;4;;;;;;100%;;;;15/12/2025;20/12/2025;;01/12/2025;;;;;;D397455;;;;;;;PRIORIDADE PLANO ANEEL;-10,8313706, -39,9742992;E903539 – E903542;https://drive.google.com/file/d/1XhCD6U_Iu-0BdladqpdY2vY4wTt2sd0C/view?usp=drive_link;0;0%;;;dez./1;;FALSE;FALSE;;;;;;;;;
;B-1175663;;;PLANO 7;;;;;;R$ 10.686,95;;;EDVALDO;;;;Dezembro 25;;ER-CIND-POV-CANAVIEIRAS-RURAL;CAMPO FORMOSO;Cancelada;;;;BT;CANCELADA;1;;;2;;;;;;100%;;;;01/12/2025;06/12/2025;;02/12/2025;;;;;;Q090975;;;;;;;QLP;-10,3515302, -39,8281597;E875458-E875459;https://drive.google.com/file/d/1fuIBibVWCccRxFSxLoGidVUbfcrsyQBk/view?usp=drive_link;0;0%;;;dez./1;;FALSE;FALSE;;;;;;;;;
;B-1142226;;;PLANO 7;;;;;;R$ 10.912,92;;;WAGNER;;;;Dezembro 25;;UB-CIND-RUA-DO TANQUE GR-FLAMENGO;JAGUARARI;Cancelada;;;;LV + BT;CANCELADA;1;;;1;;;;;;100%;;;;02/12/2025;06/12/2025;;02/12/2025;;;TRUE;;;;;;;1 N1;LV-151291;;QLP;-10,04443, -40,22807;E903455 – E903455;https://drive.google.com/file/d/1bTRjG7fzUPOeUj1d9spP5VZmrINhE0cj/view?usp=drive_link;0;0%;;;dez./1;;FALSE;FALSE;;;;;;;;;
;B-1175265;;;PLANO 7;;;;;;R$ 32.331,01;;;JOILSON;;;;Dezembro 25;;ER-CIND-POV-TEIU-RURAL;SENHOR DO BONFIM;Cancelada;;;;BT;CANCELADA;1;;;4;;;;;;100%;;;;01/12/2025;06/12/2025;;03/12/2025;;;;;;D388129;;;;;152748 BT;;PRIORIDADE PLANO ANEEL;-10,250542, -39,9248919;E903543 – E903546;https://drive.google.com/file/d/1GoXWEj2PFxxWEpgHkSI309_-spkE0LUj/view?usp=drive_link;0;0%;;;dez./1;;FALSE;FALSE;;;;;;;;;
;B-1213219;;;PLANO 14;;;;;;R$ 14.142,08;04/12/2025;JOAO;EDVALDO;;;;Dezembro 25;;ER-CIND-FAZ-BREJO DO TAMANDUA 360-RURAL;CAMPO FORMOSO;Energizada;;;;BT;ENERGIZADA;2;2;;2;;;;;;100%;;;;08/12/2025;06/12/2025;;04/12/2025;;;TRUE;;;Q025192;;;;;155445 BT;;PRIORIDADE PLANO ANEEL;-10,0836703, -40,7902851;E903485 – E903486;https://drive.google.com/file/d/14eWefw9sXMaUgLTNvnXjgh2X7WiVv5CI/view?usp=drive_link;1;50%;;;dez./1;;TRUE;TRUE;;;;;;;;;
;B-1216576;;;PLANO 7;;;;;;R$ 14.214,02;04/12/2025;JOAO;EDVALDO;;;;Dezembro 25;;UB-CIND-RUA-DA CHACARA 46-ESPLANADA;CAMPO FORMOSO;Energizada;;;;BT;ENERGIZADA;1;2;;2;;;;;;100%;;;;01/12/2025;06/12/2025;;04/12/2025;;;TRUE;;;D014317;;;;;155427 BT;;INSTITUCIONAL;-10,1695737, -39,9124873;E903487 – E903488;https://drive.google.com/file/d/11ZfkQxmyFlXHgT-bUjNWxoFDkZ0vkei_/view?usp=drive_link;2;100%;;;dez./1;;TRUE;TRUE;;;;;;;;;
;B-1195376;;;PLANO 7;;;;;;R$ 19.810,30;05/12/2025;JOAO;JOILSON;;;;Dezembro 25;;UB-CIND-TRV-URUGUAI-ALTO DO CIGANO;SENHOR DO BONFIM;Energizada;;;;BT;ENERGIZADA;1;4;;4;;;;;;100%;;;;01/12/2025;06/12/2025;;04/12/2025;;;TRUE;;;D027915;;;;;157325 BT;;QLP;-10,3068135, -39,7757301;E903547 – E903550;https://drive.google.com/file/d/1nvin3ZBBreRLcwqETWqtlY2iq48vkRV_/view?usp=drive_link;0;0%;;;dez./1;;TRUE;TRUE;;;;;;;;;
;B-1209497;;;PLANO 7;;;;;;R$ 1.135,38;05/12/2025;GABRIEL;OSMAR;;;;Dezembro 25;;ER-CIND-POV-LAGOA DO SACO-RURAL;MONTE SANTO;Energizada;;;149358;DESL;ENERGIZADA;1;0;;0;;;;;;100%;;;;01/12/2025;06/12/2025;;04/12/2025;;;TRUE;;;Q024111;;;;;;;PRIORIDADE PLANO ANEEL;-10,0808017, -40,754031;0;https://drive.google.com/file/d/1Ul3jyXCCFMu_QUENHehCL8gXr1RDHi93/view?usp=drive_link;0;#DIV/0!;;;dez./1;05/dez;TRUE;FALSE;;;;;;;;;
;B-1211197;;;PLANO 14;;;;;;R$ 2.064,80;05/12/2025;GABRIEL;OSMAR;;;;Dezembro 25;;ER-CIND-POV-LAGE DE DENTRO-S ANTONIO;MONTE SANTO;Energizada;;;;BT;ENERGIZADA;1;0;;0;;;;;;100%;;;;01/12/2025;06/12/2025;;04/12/2025;;;TRUE;;;B512098;;;;;154606 BT;;PRIORIDADE PLANO ANEEL;-10,6535569, -39,5091324;0;https://drive.google.com/file/d/1O9EdgDi5Zom7p53aPOAasLZmsoARWeYF/view?usp=drive_link;0;#DIV/0!;;;dez./1;;TRUE;FALSE;;;;;;;;;
;B-1200560;;;PLANO 7;;;;;;R$ 6.792,20;05/12/2025;JOAO;WAGNER;;;;Dezembro 25;;UB-CIND-POV-MATA FUNDA-ARTUR GONCALVES;JAGUARARI;Energizada;;;;BT;ENERGIZADA;1;3;;3;;;;;;100%;;;;02/12/2025;06/12/2025;;04/12/2025;;;TRUE;;;D579386;;;;;155502 BT;;INSTITUCIONAL;-10,7937064, -39,4086477;E903457 – E903457;https://drive.google.com/file/d/1e6hborqdoTiXauhNikIr5DkZq-Xizw8P/view?usp=drive_link;0;0%;;;dez./1;;TRUE;FALSE;;;;;;;;;
;B-1216143;;;PLANO 7;;;;;;R$ 21.535,59;;GABRIEL;OSMAR;;;;Dezembro 25;;ER-CIND-POV-MANDASSAIA-RURAL;MONTE SANTO;;;;157210;DESL;FALTA TRAFO 210446 3-75. PRECISA DESLIGAMENTO;1;;;0;;;;;;100%;;;;01/12/2025;06/12/2025;;04/12/2025;;;TRUE;;;Q097286;;;;;;;GOVERNO;-10,3447027, -39,833628;0;https://drive.google.com/file/d/1upyEJCYV6Plq7-XjoRF1LeshqK8AxNgP/view?usp=drive_link;0;#DIV/0!;;;dez./1;22/dez;FALSE;FALSE;;;;;;;;;
;B-1060677;;;PLANO 14;;;;;;R$ 2.393,07;05/12/2025;GABRIEL;ALDAIR;;;;Dezembro 25;;ER-CIND-POV-CACHOEIRA-ANDORINHA;ANDORINHAS;Energizada;;;;BT;ENERGIZADA;1;1;;1;;;;;;100%;;;;01/12/2025;06/12/2025;;08/12/2025;;;TRUE;;;D176660;;;;;152806 BT;;PRIORIDADE PLANO ANEEL;-10,519236, -39,5719243;E903441 – E903441;https://drive.google.com/file/d/1YqFWPZ9XmxGDafwX-EFfOLnSDBnECcgt/view?usp=drive_link;1;100%;;;dez./1;;TRUE;TRUE;;;;;;;;;
;B-1168472;;;PLANO 7;;;;;;R$ 8.953,72;06/12/2025;GABRIEL;ANAILTON;;;;Dezembro 25;;ER-CIND-FAZ-BOA ESPERANCA-AROEIRA;CANSANÇÃO;Energizada;;;;BT;ENERGIZADA;1;1;;1;;;;;;100%;;;;01/12/2025;06/12/2025;;04/12/2025;;;TRUE;;;D572237;;;;;155468 BT;;QLP;-10,7327223, -39,9398931;E903447 – E903447;https://drive.google.com/file/d/1VVDaIKto3SkqcWF-jXAvtx1gZE8STlxi/view?usp=drive_link;1;100%;;;dez./1;;TRUE;FALSE;;;;;;;;;
;B-1219911;;;PLANO 7;;;;;;R$ 2.529,21;;GABRIEL;MARCELO;;;;Dezembro 25;;AC-EMBA-ROD- RESERVATORIO 1-COXOS;QUEIMADAS;Cancelada;;;149357;DESL;CANCELADA;0;;;0;;;;;;100%;;;;01/12/2025;06/12/2025;;04/12/2025;;;TRUE;;;Q050176;;;;;;;GOVERNO;-10,4927551, -40,1469182;0;https://drive.google.com/file/d/1seGNYxenQKK7HFNmhU1XE41HHzpxVUz1/view?usp=drive_link;0;#DIV/0!;;;dez./1;05/dez;FALSE;FALSE;;;;;;;;;
;B-1162133;;;PLANO 7;;;;;;R$ 17.547,80;08/12/2025;GABRIEL;ANAILTON;;;;Dezembro 25;;ER-CIND-POV-DO CEDRO 89-CEDRO;CANSANÇÃO;Energizada;;;;BT;ENERGIZADA;1;2;;2;;;;;;100%;;;;01/12/2025;06/12/2025;;04/12/2025;;;TRUE;;;D533644;;;;;155460 BT;;QLP;-10,4634578, -40,1959387;E903489 – E903490;https://drive.google.com/file/d/1Ilhh29BvGloJLPKjlh8X0t_HjoXHBVCs/view?usp=drive_link;1;50%;;;dez./1;;TRUE;FALSE;;;;;;;;;
;B-1203366;;;PLANO 14;;;;;;R$ 28.029,56;08/12/2025;GABRIEL;JEFFERSON;;;;Dezembro 25;;ER-CIND-FAZ-CACIMBAS-RURAL - ALTO ALEGRE;MONTE SANTO;Energizada;;;;BT;ENERGIZADA;1;5;;5;;;;;;100%;;;;08/12/2025;13/12/2025;;08/12/2025;;;TRUE;;;D687381;;;;;154547 BT;;PRIORIDADE PLANO ANEEL;-10,6652199, -39,7503105;E875423 - E875427;https://drive.google.com/file/d/199TQId0Fic-wZtYD78Gc8XqiuVw0h0A8/view?usp=drive_link;5;100%;;;dez./1;;TRUE;FALSE;;;;;;;;;
;B-1211105;;;PLANO 14;;;;;;R$ 28.969,19;08/12/2025;GABRIEL;OSMAR;;;;Dezembro 25;;ER-CIND-FAZ-CAIX O-RURAL;MONTE SANTO;Energizada;;;;BT;ENERGIZADA;1;5;;5;;;;;;100%;;;;08/12/2025;13/12/2025;;08/12/2025;;;TRUE;;;B911856;;;;;154559 BT;;PRIORIDADE PLANO ANEEL;-10,39105, -39,23177;E875433 - E875437;https://drive.google.com/file/d/1bClmOkc0vO7w2M5RLUdKylKowOit6gm3/view?usp=drive_link;5;100%;;;dez./1;;TRUE;FALSE;;;;;;;;;
;B-1195304;;;PLANO 7;;;;;;R$ 10.350,16;08/12/2025;JOAO;JAIRO BATISTA;;;;Dezembro 25;;ER-CIND-POV-ANJO-RURAL;SENHOR DO BONFIM;Energizada;;;;LV + BT;ENERGIZADA;1;1;;1;;;;;;100%;;;;08/12/2025;13/12/2025;;05/12/2025;;;TRUE;;;D287684;;;;1 N1;LV-149938          152620 BT;;PRIORIDADE PLANO ANEEL;-10,4582815, -39,1611494;E903466 – E903466;https://drive.google.com/file/d/1qxj2CAOJAl_X0tCtGyMD-Pd6BxC_vVNG/view?usp=drive_link;0;0%;;;dez./1;;TRUE;TRUE;;;;;;;;;
;B-1169729;;;PLANO 7;;;;;;R$ 18.492,73;09/12/2025;GABRIEL;ALDAIR;;;;Dezembro 25;;ER-CIND-FAZ-S O GONCALO-RURAL;ANDORINHAS;Energizada;;;149360;LV + BT;ENERGIZADA;1;2;;2;;;;;;100%;;;;08/12/2025;13/12/2025;;08/12/2025;;;TRUE;;;D912764;;;;N1;LV-150823                152785 BT;;QLP;-10,4444659, -40,1858723;E903469 – E903470;https://drive.google.com/file/d/1PPgwtIFgqUJVpYBEtIBlzN3M11pOed9Q/view?usp=drive_link;2;100%;;;dez./1;09/dez;TRUE;TRUE;;;;;;;;;
;B-1190993;;;PLANO 7;;;;;;R$ 9.333,97;09/12/2025;GABRIEL;ALDAIR;;;;Dezembro 25;;ER-CIND-POV-LAGEDOS-RURAL;ANDORINHAS;Energizada;;;;BT;ENERGIZADA;1;2;;2;;;;;;100%;;;;08/12/2025;08/12/2025;;08/12/2025;;;TRUE;;;D724197;;;;;152820 BT;;RECLAMAÇÃO;-10,3910533, -39,2317781;E903473 – E903474;https://drive.google.com/file/d/1MtLEAVNpsRGLZW9urp-Oc5K4xyrVHPkx/view?usp=drive_link;2;100%;;;dez./1;;TRUE;TRUE;;;;;;;;;
;B-1163011;;;PLANO 14;;;;;;R$ 17.185,92;09/12/2025;GABRIEL;ANAILTON;;;;Dezembro 25;;ER-CIND-POV-JATOBA-RURAL;CANSANÇÃO;Energizada;;;149359;LV + BT;ENERGIZADA;1;2;;2;;;;;;100%;;;;08/12/2025;13/12/2025;;08/12/2025;;;TRUE;;;D028117;;;;2 N1;LV-151536                155620 BT;;QLP;-10,3926828, -40,5671371;E903495 – E903496;https://drive.google.com/file/d/1miMAFbHEEH9sYNYw454Mi5A6xid_8fzR/view?usp=drive_link;2;100%;;;dez./1;09/dez;TRUE;FALSE;;;;;;;;;
;B-1212217;;;PLANO 14;;;;;;R$ 11.562,19;09/12/2025;GABRIEL;JEFFERSON;;;;Dezembro 25;;ER-CIND-POV-CONTENDAS-RURAL;MONTE SANTO;Energizada;;;;BT;ENERGIZADA;2;2;;2;;;;;;100%;;;;08/12/2025;13/12/2025;;08/12/2025;;;TRUE;;;E419859;;;;;154588 BT;;PRIORIDADE PLANO ANEEL;-10,45828, -39,16114;E903509 – E903510;https://drive.google.com/file/d/1aSRqqpk9TlcSJREgnSPLjgzobuwTiTP-/view?usp=drive_link;0;0%;;;dez./1;;TRUE;FALSE;;;;;;;;;
;B-1168652;;;PLANO 7;;;;;;R$ 25.858,13;09/12/2025;GABRIEL;MARCELO;;;;Dezembro 25;;ER-CIND-FAZ-TRINDADE-RURAL;NORDESTINA;Energizada;;;;LV + ENERGZ;ENERGIZADA;1;14;;14;;;;;;100%;;;;15/12/2025;15/12/2025;;;;TRUE;TRUE;FALSE;FALSE;;;;;;156931 EN 145533 LV;;QLP;;;;13;92,85714286%;;;dez./1;;TRUE;FALSE;;;;;;;;;
;B-1168767;;;PLANO 7;;;;;;R$ 20.305,33;;;JOILSON;;;;Dezembro 25;;ER-CIND-POV-TAPUIA-RURAL;SENHOR DO BONFIM;Cancelada;;;;LV + ENERGZ;CANCELADA;1;;;1;;;;;;100%;;;;08/12/2025;13/12/2025;;05/12/2025;;;TRUE;;;Q108065;;;;N1 C/ TRF;LV-149951           152656 EN;;QLP;-10,5336429, -39,3711613;E903465 – E903465;https://drive.google.com/file/d/1ZtYZ2zgMUnEdOuLn4eE2RO-LsHVnsAxx/view?usp=drive_link;0;0%;;;dez./1;;FALSE;FALSE;;;;;;;;;
;B-1212280;;;PLANO 14;;;;;;R$ 6.959,22;09/12/2025;GABRIEL;OSMAR;;;;Dezembro 25;;ER-CIND-POV-CAIXAO-RURAL;MONTE SANTO;Energizada;;;;BT;ENERGIZADA;1;1;;1;;;;;;100%;;;;08/12/2025;13/12/2025;;08/12/2025;;;TRUE;;;D019017;;;;;154602  BT;;PRIORIDADE PLANO ANEEL;-10,5080685, -39,2049433;E903459 – E903459;https://drive.google.com/file/d/1iaReyDZbmnRPRA4oMByw9SKmsDgjWg2n/view?usp=drive_link;1;100%;;;dez./1;;TRUE;FALSE;;;;;;;;;
;B-1212309;;;PLANO 7;;;;;;R$ 6.290,54;10/12/2025;GABRIEL;OSMAR;;;;Dezembro 25;;ER-CIND-POV ITAPICURU-RURAL;MONTE SANTO;Energizada;;;;BT;ENERGIZADA;1;1;;1;;;;;;100%;;;;01/12/2025;06/12/2025;;04/12/2025;;;TRUE;;;E301719;;;;;154621 BT;;GOVERNO;-10,25303, -39,46806;0;https://drive.google.com/file/d/1TeaY42sKnRJFdRnihRLL-D9Ne5x3TEqt/view?usp=drive_link;1;100%;;;dez./1;;TRUE;FALSE;;;;;;;;;
;B-1182601;;;PLANO 7;;;;;;R$ 15.173,45;10/12/2025;GABRIEL;ALDAIR;;;;Dezembro 25;;ER-CIND-FAZ-SALGADO 9999-RURAL;ANDORINHAS;Energizada;;;;LV + BT;ENERGIZADA;1;2;;2;;;;;;100%;;;;08/12/2025;13/12/2025;;08/12/2025;;;TRUE;;;D131721;;;;2 N1;LV-150959           152821 BT;;PRIORIDADE PLANO ANEEL;-10,8256707, -39,4362819;E903471 – E903472;https://drive.google.com/file/d/1NnG2MZw-8IQStYqeGz02U47VLYUHVWva/view?usp=drive_link;2;100%;;;dez./1;;TRUE;TRUE;;;;;;;;;
;B-1213720;;;PLANO 7;;;;;;R$ 16.849,73;10/12/2025;GABRIEL;ANAILTON;;;;Dezembro 25;;ER-CIND-FAZ-LAGOA DO SERTAO-RURAL;CANSANÇÃO;Energizada;;;149364;LV + BT;ENERGIZADA;1;2;;2;;;;;;100%;;;;08/12/2025;13/12/2025;;08/12/2025;;FALSE;TRUE;;;B248039;;;;2 N1;LV-151688                  155628 BT;;PRIORIDADE PLANO ANEEL;-10,7056848, -39,955918;E903491 – E903492;https://drive.google.com/file/d/1y03McVr6b1oF1UOefVHQ_zROF7O_6aVe/view?usp=drive_link;2;100%;;;dez./1;10/dez;TRUE;FALSE;;;;;;;;;
;B-1162951;;;PLANO 7;;;;;;R$ 5.345,95;10/12/2025;GABRIEL;MARCELO;;;;Dezembro 25;;ER-CIND-POV-ANGICO I 174-RURAL;NORDESTINA;Energizada;;;149366;LV;ENERGIZADA;1;1;;1;;;;;;100%;;;;08/12/2025;13/12/2025;;08/12/2025;;;TRUE;;;D182013;;;;1 N1;;;QLP;-10,5061331, -40,4109759;E903461 – E903461;https://drive.google.com/file/d/1kQmE9ps8o7G3GlqQwPQj_LTbzgjffVCn/view?usp=drive_link;1;100%;;;dez./1;10/dez;TRUE;FALSE;;;;;;;;;
;B-1199790;;;PLANO 14;;;;;;R$ 8.948,54;11/12/2025;GABRIEL;MARCELO;;;;Dezembro 25;;ER-CIND-POV-AROEIRA-RURAL;QUEIMADAS;Energizada;;;;BT;ENERGIZADA;1;2;;2;;;;;;100%;;;;01/12/2025;06/12/2025;;04/12/2025;;;TRUE;;;D279753;;;;;155540 BT;;PRIORIDADE PLANO ANEEL;-9,9527432, -40,0411656;E903517 – E903518;https://drive.google.com/file/d/1RVlfghPngmTULOg_OcgJJrP3EM45S125/view?usp=drive_link;2;100%;;;dez./1;;TRUE;FALSE;;;;;;;;;
;B-1209496;;;PLANO 7;;;;;;R$ 7.675,74;11/12/2025;GABRIEL;ANAILTON;;;;Dezembro 25;;ER-CIND-FAZ-BOA ESPERANCA-AROEIRA;CANSANÇÃO;Energizada;;;149367;LV + BT;ENERGIZADA;1;1;;1;;;;;;100%;;;;08/12/2025;13/12/2025;;08/12/2025;;;TRUE;;;D803198;;;;1 N1;LV-151515                  155639 BT;;PRIORIDADE PLANO ANEEL;-10,654168 , -39,508692;E903448 – E903448;https://drive.google.com/file/d/19-zeNrfS9J3a22RQTTEbj7wQdrXEKQYA/view?usp=drive_link;1;100%;;;dez./1;11/dez;TRUE;FALSE;;;;;;;;;
;B-1202483;;;PLANO 14;;;;;;R$ 14.356,72;12/12/2025;GABRIEL;ALDAIR;;;;Dezembro 25;;ER-CIND-FAZ-TANQUE DAS VARAS-RURAL;ANDORINHAS;Energizada;;;;BT;ENERGIZADA;1;2;;2;;;;;;100%;;;;01/12/2025;06/12/2025;;04/12/2025;;;TRUE;;;D079637;;;;;152816 BT;;PRIORIDADE PLANO ANEEL;-10,8661634, -39,4413791;E903475 – E903476;https://drive.google.com/file/d/17dSrB9Ztjfq3up0zC6XHtkkhwHq0xdkO/view?usp=drive_link;2;100%;;;dez./1;;TRUE;TRUE;;;;;;;;;
;B-1210636;;;PLANO 7;;;;;;R$ 6.083,29;12/12/2025;GABRIEL;ALDAIR;;;;Dezembro 25;;ER-CIND-ET-SOTEPLAN-RURAL;ANDORINHAS;Energizada;;;;BT;ENERGIZADA;1;1;;1;;;;;;100%;;;;01/12/2025;06/12/2025;;08/12/2025;;;TRUE;;;D688157;;;;;152817 BT;;PRIORIDADE PLANO ANEEL;-10,575572, -39,7765314;E903444 – E903444;https://drive.google.com/file/d/1EjUJo5q0tugwdvz0GU5nmJJFEhO2R-XR/view?usp=drive_link;1;100%;;;dez./1;;TRUE;TRUE;;;;;;;;;
;B-1213819;;;PLANO 7;;;;;;R$ 25.880,44;12/12/2025;GABRIEL;MARCELO;;;;Dezembro 25;;ER-CIND-POV CALDEIRAO DO AMANCIO-RURAL;NORDESTINA;Energizada;;;149375;LV + BT;ENERGIZADA;1;5;;5;;;;;;100%;;;;08/12/2025;13/12/2025;;08/12/2025;;;TRUE;;;E609172;;;;2 N1;157685 BT;;PRIORIDADE PLANO ANEEL;-10,7937, -39,40864;E903515 – E903516;https://drive.google.com/file/d/18rcoXf_Wh56EH-e5dZRvCfVUEUPTLF_g/view?usp=drive_link;6;120%;;;dez./1;12/dez;TRUE;FALSE;;;;;;;;;
;B-1217438;;;PLANO 7;;;;;;R$ 6.969,21;12/12/2025;GABRIEL;OSMAR;;;;Dezembro 25;;UB-CIND-RUA-NOVA 9975-CENTRO;MONTE SANTO;Energizada;;;149623;LV + BT;ENERGIZADA;1;1;;1;;;;;;100%;;;;15/12/2025;20/12/2025;;08/12/2025;;;TRUE;;;D250692;;;;;LV-151709                  154508 BT;;PRIORIDADE PLANO ANEEL;-10,3829779, -40,114232;E903460 – E903460;https://drive.google.com/file/d/1EQvzaf7Q7WGOtpQVFkVUa2IuP36X1QA6/view?usp=drive_link;1;100%;;;dez./1;;TRUE;FALSE;;;;;;;;;
;B-1166593;;;PLANO 7;;;;;;R$ 11.310,25;12/12/2025;JOAO;GESONI;;;;Dezembro 25;;ER-CIND-POV-RURAL-COBRA;FILADÉLFIA;Energizada;;;149499;LV + BT;ENERGIZADA;1;1;;1;;;;;;100%;;;;15/12/2025;20/12/2025;;09/12/2025;;;TRUE;;;Q059936;;;;1 N1;LV-151335                   161663 BT;;QLP;-10,4898858, -40,2960878;E903450 – E903450;https://drive.google.com/file/d/1eFo8DPDPVyDtVxvJbKuqtiNDGWd2HL99/view?usp=drive_link;0;0%;;;dez./1;;TRUE;TRUE;;;;;;;;;
;B-1165734;;;PLANO 7;;;;;;R$ 8.801,43;;;ANAILTON;;;;Dezembro 25;;ER-CIND-AV-PEDRO-ROMULO CAMPOS;ITIÚBA;Cancelada;;;;BT;CANCELADA;1;;;1;;;;;;100%;;;;15/12/2025;20/12/2025;;08/12/2025;;;;;;Q090843;;;;;;;QLP;-10,6878329, -39,849468;E903452 – E903452;https://drive.google.com/file/d/1AMkLQthWsNvjHVjCWMvgdEPdIatmXYO8/view?usp=drive_link;0;0%;;;dez./1;;FALSE;FALSE;;;;;;;;;
;B-1170852;;;PLANO 7;;;;;;R$ 17.268,32;;;ANAILTON;;;;Dezembro 25;;ER-CIND-AV-S O PEDRO-RURAL;ITIÚBA;Cancelada;;;;BT;CANCELADA;1;;;2;;;;;;100%;;;;15/12/2025;20/12/2025;;08/12/2025;;;;;;D259736;;;;;;;QLP;-10,6306031, -40,0227589;E875462 - E875463;https://drive.google.com/file/d/1F7Hm_j8wweOEBXh4zv1ozAxm9B2Xb0He/view?usp=drive_link;0;0%;;;dez./1;;FALSE;FALSE;;;;;;;;;
;B-1166295;;;PLANO 7;;;;;;R$ 23.319,62;12/12/2025;GABRIEL;ANAILTON;;;;Dezembro 25;;ER-CIND-FAZ-BOA ESPERANCA-AROEIRA;CANSANÇÃO;Energizada;;;149373;DESL;ENERGIZADA;1;2;;2;;;;;;100%;;;;08/12/2025;13/12/2025;;08/12/2025;;;TRUE;;;D129136;;;;;;;QLP;-10,4529673, -40,5616592;E903497 – E903498;https://drive.google.com/file/d/1B_DzCx-8GdFI18pQfnLkorZ2hH4WemZm/view?usp=drive_link;2;100%;;;dez./1;12/dez;TRUE;FALSE;;;;;;;;;
;B-1215301;;;PLANO 7;;;;;;R$ 16.584,77;13/12/2025;JOAO;GESONI;;;;Dezembro 25;;ER-CIND-RUA-DO PREDIO VELHO 55-RURAL;ITIÚBA;Energizada;;;;BT;ENERGIZADA;1;2;;2;;;;;;100%;;;;01/12/2025;06/12/2025;;04/12/2025;;TRUE;TRUE;;;D250323;;;;;155477 BT;;PRIORIDADE PLANO ANEEL;-10,9860798, -39,7808555;0;https://drive.google.com/file/d/1RInqK-INw-h2UfvOBpa8hBDA1bs49gW_/view?usp=drive_link;2;100%;;;dez./1;;TRUE;TRUE;;;;;;;;;
;B-1174706;;;PLANO 7;;;;;;R$ 6.633,95;13/12/2025;JOAO;GESONI;;;;Dezembro 25;;UB-CIND-RUA-ALVINO MAIA-CENTRO;FILADÉLFIA;Energizada;;;;BT;ENERGIZADA;0;1;;1;;;;;;100%;;;;29/12/2025;31/12/2025;;09/12/2025;;;TRUE;;;D763195;;;;;157785 BT;;QLP;-10,8250703, -39,4204915;E903451 – E903451;https://drive.google.com/file/d/1Uh8qu9M0E4tRiiv8LuAkIFNM2ef6DWjC/view?usp=drive_link;0;0%;;;dez./1;;TRUE;TRUE;;;;;;;;;
;B-1162903;;;PLANO 7;;;;;;R$ 69.738,95;16/12/2025;JOAO;REGINALDO;;;;Dezembro 25;;AC-CIND-ET-ADUTORA M CARAIBA-RURAL;JAGUARARI;Energizada;Realizado;;155675;DESL + LV;ENERGIZADA;0;2;;2;;;;;;50%;;;;03/12/2025;19/12/2025;;08/12/2025;;;TRUE;;;E005588;;;;;;;GOVERNO;-9,83753, -39,99548;E903456 – E903456;https://drive.google.com/file/d/1tpeNHl9E1QM-1X8DLD5_fyqVISpJZpqh/view?usp=drive_link;0;0%;;;dez./1;09/12;TRUE;TRUE;;;;;;;;;
;B-1201171;;;PLANO 14;;;;;;R$ 35.023,09;16/12/2025;JOAO;WAGNER;;;;Dezembro 25;;ER-CIND-POV-FLAMENGO 40-RURAL;JAGUARARI;Energizada;;;;BT;ENERGIZADA;1;7;;7;;;;;;100%;;;;15/12/2025;20/12/2025;;09/12/2025;;;TRUE;;;Q109366;;;;;159153 BT;;PRIORIDADE PLANO ANEEL;-10,5372411, -39,28217;E875132 – E875138;https://drive.google.com/file/d/1mrzYHsyBppkgDPsZ8QdQbeeNcMxlxtiC/view?usp=drive_link;0;0%;;;dez./1;;FALSE;FALSE;;;;;;;;;
;B-1196433;;;PLANO 14;;;;;;R$ 71.099,44;16/12/2025;GABRIEL;ANAILTON;;;;Dezembro 25;;ER-CIND-POV-LAGOA DO JANUARIO-CENTRO;CANSANÇÃO;Energizada;;;;BT;ENERGIZADA;1;9;;9;;;;;;100%;;;;15/12/2025;23/12/2025;;15/12/2025;;;TRUE;;;D228059;;;;;161639 BT;;QLP;-10,9511647, -39,3654715;E875408-E875417;https://drive.google.com/file/d/19SlkVkrqVCjasPyOhVz2RUYfH4B8lnSB/view?usp=drive_link;9;100%;;;dez./1;;TRUE;FALSE;;;;;;;;;
;B-1200552;;;PLANO 14;;;;;;R$ 16.052,32;17/12/2025;GABRIEL;JEFFERSON;;;;Dezembro 25;;ER-CIND-FAZ-LAGOA DA VOLTA-LAGE;MONTE SANTO;Energizada;;;149488;LV + BT;ENERGIZADA;1;2;;2;;;;;;100%;;;;15/12/2025;20/12/2025;;08/12/2025;;;TRUE;;;D250385;;;;2 N1;161714  BT LV-161775;;PRIORIDADE PLANO ANEEL;-10,5364847, -40,1030945;E903507 – E903508;https://drive.google.com/file/d/1JAzH64PqxpbcQMLK6Hw-Ze64fWElPDCI/view?usp=drive_link;2;100%;;;dez./1;17/dez;TRUE;FALSE;;;;;;;;;
;B-1217358;;;PLANO 7;;;;;;;17/12/2025;;REGINALDO;;;;Dezembro 25;;ER-CIND-POV-TRES MORROS-RURAL;SENHOR DO BONFIM;Energizada;;;;BT;ENERGIZADA;;;;4;;;;;;100%;;;;15/12/2025;19/12/2025;;11/12/2025;;FALSE;TRUE;FALSE;FALSE;;;;;;161068  BT;;;;;;0;0%;;;;;TRUE;TRUE;;;;;;;;;
;B-1178079;;;PLANO 7;;;;;;R$ 21.466,74;17/12/2025;GABRIEL;ANAILTON;;;;Dezembro 25;;ER-CIND-FAZ-PEDRINHAS-ROMULO CAMPOS;ITIÚBA;Energizada;Pendente;;;;ENERGIZADA;1;3;;3;;;;;;100%;;;;22/12/2025;30/12/2025;;15/12/2025;;;TRUE;;;Q093796;;;;;LV-151408;;QLP;-10,669143, -39,7532772;E875453 - E875457;https://drive.google.com/file/d/1AMkLQthWsNvjHVjCWMvgdEPdIatmXYO8/view?usp=drive_link;6;200%;;;dez./1;;FALSE;FALSE;;;;;;;;;
;B-1209622;;;PLANO 14;;;;;;R$ 7.958,85;17/12/2025;JOAO;JAIRO BATISTA;;;;Dezembro 25;;ER-CIND-POV-C RI CA DE CIMA-RURAL;SENHOR DO BONFIM;Energizada;Realizado;;;LV + BT;ENERGIZADA;1;1;;1;;;;;;100%;;;;22/12/2025;27/12/2025;;05/12/2025;;;TRUE;;;D231522;;;;1 N1;LV-149958             157335 BT;;PRIORIDADE PLANO ANEEL;-10,3541021, -39,6656438;E903467 – E903467;https://drive.google.com/file/d/1f3dVggwS9RmlcpUGx3svXvsYv6ZOm3TS/view?usp=drive_link;0;0%;;;dez./1;;TRUE;FALSE;;;;;;;;;
;B-1162922;;;PLANO 7;;;;;;R$ 31.857,10;18/12/2025;JOAO;WAGNER;;;;Dezembro 25;;ER-CIND-PO.DE PILAR-RURAL;JAGUARARI;Energizada;;;;BT;ENERGIZADA;2;;;5;;;;;;100%;;;;22/12/2025;31/12/2025;;09/12/2025;;;TRUE;;;Q097078;;;;;159156 BT;;QLP;-10,9748606, -39,6354291;E875443 - E875447;https://drive.google.com/file/d/1g6DJVfSikbp722JYJeo-dvTuJN2nVvTx/view?usp=drive_link;0;0%;;;dez./1;;FALSE;FALSE;;;;;;;;;
;B-1206177;;;PLANO 14;;;;;;R$ 27.643,34;18/12/2025;GABRIEL;ALDAIR;;;;Dezembro 25;;ER-CIND-POV-ROCADO-ROCADO;ANDORINHAS;Energizada;;;;BT;ENERGIZADA;1;6;;6;;;;;;100%;;;;15/12/2025;20/12/2025;;12/12/2025;;;TRUE;;;Q106934;;;;;157757 BT;;PRIORIDADE PLANO ANEEL;-11,0522768, -39,8569063;E903561 – E903566;https://drive.google.com/file/d/1Jgx5vFr4sL0LqwBthYSh97siA0RDb_8c/view?usp=drive_link;6;100%;;;dez./1;;TRUE;TRUE;;;;;;;;;
;B-1159772;;;PLANO 7;;;;;;R$ 26.575,06;19/12/2025;GABRIEL;ALDAIR;;;;Dezembro 25;;ER-CIND-POV-SALGADO-SALGADO;ANDORINHAS;Energizada;Realizado;;149372;DESL + LV;ENERGIZADA;1;2;;2;;;;;;100%;;;;08/12/2025;13/12/2025;;08/12/2025;;;TRUE;;;B014305;;;;2 N1;LV-150942;;QLP;-10,4701659, -40,3638329;E903479 – E903480;https://drive.google.com/file/d/1khvfXlWzmtEErSNJSt__t3t7xORI2f8e/view?usp=drive_link;2;100%;;;dez./1;11/dez;TRUE;TRUE;;;;;;;;;
;B-1013700;;;PLANO 7;;;;;;R$ 62.841,24;19/12/2025;GABRIEL;MARCELO;;;;Dezembro 25;;AC-CIND-POV-S O PEDRO-RURAL;NORDESTINA;Energizada;Pendente;;149527;DESL + LV;ENERGIZADA;0;4;;4;;;;;;100%;;;;15/12/2025;20/12/2025;;08/12/2025;;;TRUE;;;Q069217;;;;4 N1;LV-161882;;INSTITUCIONAL;-9,8864788, -39,9645892;E903531 – E903534;https://drive.google.com/file/d/19536Sx6r7apeD2Xpm3PhQ45UF4U5F9VM/view?usp=drive_link;4;100%;;;dez./1;18/dez;TRUE;FALSE;;;;;;;;;
;B-1187064;;;PLANO 7;;;;;;R$ 88.945,42;19/12/2025;GABRIEL;OSMAR;;;;Dezembro 25;;ER-CIND-POV-PEDRA BRNACA-RURAL;MONTE SANTO;Energizada;;;149622;DESL;ENERGIZADA;1;10;;10;;;;;;100%;;;;15/12/2025;20/12/2025;;08/12/2025;;;TRUE;;;Q095115;;;;;;;SOLICITAÇÃO ATENDIMENTO;-10,3454483, -39,8250643;E875164 – E875173;https://drive.google.com/file/d/1tEsJi2Lz4wzzDYQFj9zmpDGXatEOn8bx/view?usp=drive_link;3;30%;;;dez./1;19/dez;TRUE;FALSE;;;;;;;;;
;B-1148641;;;PLANO 7;;;;;;R$ 10.952,32;19/12/2025;JOAO;EDVALDO;;;;Dezembro 25;;ER-CIND-POV-LAGOA DA PEDRA-RURAL;CAMPO FORMOSO;Energizada;Pendente;;;LV + BT;ENERGIZADA;1;;;1;;;;;;100%;;;;15/12/2025;20/12/2025;;09/12/2025;;;TRUE;;;Q060891;;;;N1;LV-150994    157788 BT;;QLP;-10,0688071, -40,3982275;E903446 – E903446;https://drive.google.com/file/d/1BWTZAWfRj3zK5gD0PI8FeS-fTFsDYq9e/view?usp=drive_link;1;100%;;;dez./1;;FALSE;FALSE;;;;;;;;;
;B-1178264;;;PLANO 7;;;;;;R$ 12.937,33;19/12/2025;JOAO;WAGNER;;;;Dezembro 25;;UB-CIND-RUA-SALVADOR-NOVO PILAR;JAGUARARI;Energizada;;;;BT;ENERGIZADA;1;2;;2;;;;;;100%;;;;22/12/2025;31/12/2025;;09/12/2025;;;TRUE;;;D727967;;;;;159159 BT;;QLP;-10,4483916, -39,884968;E903503 – E903504;https://drive.google.com/file/d/1HuzYyYIVZGgFVHt5q0eXfZSG9kgOItOT/view?usp=drive_link;0;0%;;;dez./1;;TRUE;FALSE;;;;;;;;;
;B-1151521;;;PLANO 7;;;;;;R$ 15.406,24;19/12/2025;GABRIEL;ANAILTON;;;;Dezembro 25;;ER-CIND-FAZ-SAO JOSE-RURAL;NORDESTINA;Energizada;;;149630;LV + BT;ENERGIZADA;1;2;;2;;;;;;100%;;;;15/12/2025;20/12/2025;;15/12/2025;;;TRUE;;;D210357;;;;2 N1;161630 BT LV-161897;;QLP;-10,0435803, -39,7714044;E903513 – E903514;https://drive.google.com/file/d/16sInpK87JsUgHCo161pCm7NgClYSVMb0/view?usp=drive_link;0;0%;;;dez./1;19/dez;FALSE;FALSE;;;;;;;;;
;B-1217380;;;PLANO 7;;;;;;R$ 31.721,20;20/12/2025;GABRIEL;MARCELO;;;;Dezembro 25;;UB-CIND-AV-DEP LUIZ EDU MAGALHAES-CENTRO;NORDESTINA;Energizada;;;;BT;ENERGIZADA;2;5;;5;;;;;;100%;;;;08/12/2025;13/12/2025;;08/12/2025;;FALSE;TRUE;;;Q048297;;;;;157704 BT;;PRIORIDADE PLANO ANEEL;-10,0444321, -40,2280751;E903551 – E903555;https://drive.google.com/file/d/1t8lAjk86aa2hiR-gzKOhHzaM5mg7aexW/view?usp=drive_link;5;100%;;;dez./1;;TRUE;FALSE;;;;;;;;;
;B-1215380;;;PLANO 7;;;;;;R$ 38.362,36;20/12/2025;JOAO;WAGNER;;;;Dezembro 25;;AC-CIND-RUA-BEM TE VI 1022-URBANA;JAGUARARI;Energizada;Realizado;;149657;DESL + LV;ENERGIZADA;1;1;;1;;;;;;100%;;;;15/12/2025;20/12/2025;;09/12/2025;;;TRUE;;;B274565;;;;N1 C/ TRF;LV-151262;;PRIORIDADE PLANO ANEEL;-10,7230327, -39,5434367;E903458 – E903458;https://drive.google.com/file/d/11qv5WoipXTHygTdU-hJBuVT8ZNazcMxH/view?usp=drive_link;0;0%;;;dez./1;20/dez;TRUE;/;;;;;;;;;
;B-1145468;;;PLANO 7;;;;;;R$ 25.858,13;20/12/2025;GABRIEL;MARCELO;;;;Dezembro 25;;UB-CIND-RUA-URBANA-CENTRO;NORDESTINA;Energizada;Pendente;;;LV + BT;ENERGIZADA;1;4;;4;;;;;;100%;;;;23/12/2025;31/12/2025;;10/12/2025;;;TRUE;;;D195220;;;;2 N1;LV-161728;;QLP;-10,726067, -40,0904141;E903535 – E903538;https://drive.google.com/file/d/1xU7RA6e0cZN30oh1W6L9qaP_wxSLDMdO/view?usp=drive_link;4;100%;;;dez./1;;TRUE;FALSE;;;;;;;;;
;B-1151578;;;PLANO 14;;;;;;R$ 11.814,51;22/12/2025;JOAO;EDVALDO;;;;Dezembro 25;;ER-CIND-POV-TIQUARA 1542-RURAL;CAMPO FORMOSO;Energizada;;;;BT;ENERGIZADA;1;;;1;;;;;;100%;;;;15/12/2025;20/12/2025;;09/12/2025;;;TRUE;;;Q059645;;;;;157751 BT;;PRIORIDADE PLANO ANEEL;-10,5091009, -40,3315617;E903445 – E903445;https://drive.google.com/file/d/13P6Qkr80YLMoLdzQFheGUfd5B-eksMEK/view?usp=drive_link;1;100%;;;dez./1;;FALSE;FALSE;;;;;;;;;
;B-1159901;;;PLANO 7;;;;;;R$ 10.751,03;23/12/2025;GABRIEL;JEFFERSON;;;;Dezembro 25;;ER-CIND-POV-RIACHO DA ONCA-RURAL;MONTE SANTO;Energizada;;;157228;BT;ENERGIZADA;1;2;;2;;;;;;100%;;;;08/12/2025;13/12/2025;;08/12/2025;;;TRUE;;;Q069829;;;;;154596 BT;;QLP;-10,6312602, -39,8973046;E903505 – E903506;https://drive.google.com/file/d/1ZcooTrDrgFZhscXMFWFMxxR7VjUEB8DO/view?usp=drive_link;0;0%;;;dez./1;23/dez;TRUE;FALSE;;;;;;;;;
;B-1196742;;;PLANO 14;;;;;;R$ 9.651,89;;JOAO;GESONI;;;;Dezembro 25;;ER-CIND-POV CABECA DA VACA-RURAL;FILADÉLFIA;Paralisada;;;;BT;POSTES IMPLANTADOS;1;2;;2;0;;;;;100%;;;;29/12/2025;31/12/2025;;09/12/2025;;;TRUE;;;D085324;;;;;157766 BT;;PRIORIDADE PLANO ANEEL;-9,8874906, -39,9744807;E903499 – E903500;https://drive.google.com/file/d/1CoycerDSojIX0s5h9cXlekZ6SVFW8_VK/view?usp=drive_link;0;0%;;;dez./1;;FALSE;FALSE;;;;;;;;;
;B-1148855;;;PLANO 7;;;;;;R$ 33.049,57;23/12/2025;GABRIEL;MARCELO;;;;Dezembro 25;;ER-CCOL-POV-ALECRIM-RURAL;QUEIMADAS;Energizada;;;;BT;ENERGIZADA;1;6;;5;;;;;;100%;;;;15/12/2025;20/12/2025;;08/12/2025;;;TRUE;;;Q068749;;;;;159137 BT;;AIC AUDITORIA;-9,8375371, -39,9954882;E903556 – E903560;https://drive.google.com/file/d/1SwG8XMDnj2ctrc86idWL3421-kQhTSpv/view?usp=drive_link;5;100%;;;dez./1;;TRUE;FALSE;;;;;;;;;
;B-1176761;;;PLANO 7;;;;;;R$ 22.776,25;23/12/2025;JOAO;GESONI;;;;Dezembro 25;;UB-CIND-TRV-CLERISTON ANDRADE-URBANA;FILADÉLFIA;Energizada;;;157231;DESL;ENERGIZADA;1;2;;2;;;;;;100%;;;;22/12/2025;27/12/2025;;09/12/2025;;;TRUE;;;D337279;;;;;;;QLP;-10,6897479, -39,7963707;E903501 – E903502;https://drive.google.com/file/d/1whFAEuuA_PmZOQIFmDYWaGc8Yxb806rO/view?usp=drive_link;0;0%;;;dez./1;23/dez;FALSE;FALSE;;;;;;;;;
;B-1134543;;;PLANO 7;;;;;;R$ 81.541,50;23/12/2025;JOAO;GESONI;;;;Dezembro 25;;RI-SEIN-FAZ-BOM SUCESSO-RURAL;ITIÚBA;Energizada;Pendente;;;LV + ENERGZ;ENERGIZADA;0;8;;8;;;;;;100%;;;;08/12/2025;13/12/2025;;09/12/2025;;;TRUE;;;Q102496;;;;N1 C/ TRF;LV-151499                   155655 EN;;GOVERNO;-10,7326218, -39,4089917;E875139 – E875146;https://drive.google.com/file/d/1BXLb35MM3lIakhYEcx3rs6R91bLquUdh/view?usp=drive_link;8;100%;;;dez./1;;FALSE;FALSE;;;;;;;;;
;B-1059739;;;PLANO 7;;;;;;R$ 164.983,91;23/12/2025;JOAO;REGINALDO;;;;Dezembro 25;;RI-SEIN-RUA-CACHOEIRINHA-CACHOEIRINHA;SENHOR DO BONFIM;Energizada;Realizado;;149377;DESL;ENERGIZADA;0;;;27;;;;;;100%;;;;01/12/2025;13/12/2025;;10/12/2025;;;TRUE;;;Q044287;;;;;157654 BT;;GOVERNO;-10,3564084, -40,1686341;E875371 – E875397;https://drive.google.com/file/d/1oXc1GBIY36rzBOQBuyUJlzgeLtc4emP2/view?usp=drive_link;0;0%;;;dez./1;12/dez;FALSE;TRUE;;;;;;;;;
;B-1211939;;;PLANO 14;;;;;;R$ 51.452,92;24/12/2025;GABRIEL;JEFFERSON;;;;Dezembro 25;;ER-CIND-POV-SITIO DE NANINHA-RURAL;MONTE SANTO;Energizada;Realizado;;;LV + ENERGZ;ENERGIZADA;0;8;;8;;;;;;100%;;;;23/12/2025;31/12/2025;;08/12/2025;;;TRUE;;;Q095855;;;;TRF;154536 EN;;PRIORIDADE PLANO ANEEL;-10,7860475, -39,3933152;E875147 – E875154;https://drive.google.com/file/d/14z-jhQAhat49BhNPm7-DhytHbzxlMz2h/view?usp=drive_link;8;100%;;;dez./1;;TRUE;FALSE;;;;;;;;;
;B-1140804;;;PLANO 7;;;;;;R$ 93.362,81;24/12/2025;JOAO;EDVALDO;;;;Dezembro 25;;ER-CIND-FAZ-PILOES-RURAL;CAMPO FORMOSO;Energizada;;;149443;DESL + LV;ENERGIZADA;1;10;;10;8;;;;;100%;;;;08/12/2025;16/12/2025;;09/12/2025;;;TRUE;;;Q050258;;;;N1 C/ TRF;LV-151142;;PRIORIDADE PLANO ANEEL;-10,5002159, -40,1069813;E875398 - E875407;https://drive.google.com/file/d/1cw22AsYmL5DU9pATkp-wZU6kbYeuGG-g/view?usp=drive_link;10;100%;;;dez./1;16/dez;FALSE;FALSE;;;;;;;;;
;B-1145984;;;PLANO 7;;;;;;R$ 55.708,13;24/12/2025;JOAO;GESONI;;;;Dezembro 25;;ER-CIND-POV-ALAGADICO DO PUAN-RURAL;ITIÚBA;Energizada;Realizado;;;LV + ENERGZ;ENERGIZADA;1;7;;7;;;;;;100%;;;;22/12/2025;27/12/2025;;09/12/2025;;;TRUE;;;Q053065;;;;N1 + TRF;LV-151450                   164906 EN;;QLP;-10,738909, -40,1341418;E875125 – E875131;https://drive.google.com/file/d/13jV_hlsFUvgUWJCpyoVzFPP9X6uuGNO7/view?usp=drive_link;0;0%;;;dez./1;;FALSE;FALSE;;;;;;;;;
;B-1149647;;;PLANO 14;;;;;;R$ 25.689,81;25/12/2025;GABRIEL;OSMAR;;;;Dezembro 25;;ER-CIND-POV-PENEDO 5123-RURAL;MONTE SANTO;Energizada;;;149564;LV + ENERGZ;ENERGIZADA;1;2;;2;#REF!;;;;;100%;;;;15/12/2025;20/12/2025;;08/12/2025;;;TRUE;;;D762166;;;;N1 C/ TRF;LV-151801                154489 EN;;QLP;-11,2273477, -39,7252931;E903511 – E903512;https://drive.google.com/file/d/1ClHPE8NQWRNNUepLB50xMXICUY9nHQ8B/view?usp=drive_link;0;0%;;;dez./1;18/dez;FALSE;FALSE;;;;;;;;;
;B-1161151;;;PLANO 7;;;;;;R$ 37.005,89;25/12/2025;GABRIEL;OSMAR;;;;Dezembro 25;;ER-CIND-FAZ-LAGEDO-RURAL;MONTE SANTO;Energizada;Pendente;;;LV + ENERGZ;ENERGIZADA;1;3;;3;;;;;;100%;;;;23/12/2025;31/12/2025;;15/12/2025;;;TRUE;;;D049756;;;;N1 C/ TRF;LV-151810                154559 EN;;QLP;-10,4581897, -40,0541979;E903528 – E903530;https://drive.google.com/file/d/1W7cpJINy4yMq_6yys0gpRxMeVW_QgHQ1/view?usp=drive_link;1;33,33333333%;;;dez./1;;FALSE;FALSE;;;;;;;;;
;B-1200575;;;PLANO 14;;;;;;R$ 9.937,27;;JOAO;WAGNER;;;;Dezembro 25;;ER-CIND-TRV-SAO FRANCISCO -RURAL;CAMPO FORMOSO;;;;161784;DESL;PERDEU, DEVIDO A DESLIGAMENTO;1;;;2;;;;;;100%;;;;15/12/2025;20/12/2025;;09/12/2025;;;TRUE;;;D130228;;;;;;;PRIORIDADE PLANO ANEEL;-10,3195859, -39,1927885;E903481 – E903482;https://drive.google.com/file/d/10HJ5boLCn412A8pZ4lcGQ_dCB0NAwAvA/view?usp=drive_link;0;0%;;;dez./1;31/12;FALSE;FALSE;;;;;;;;;
;B-1169715;;;PLANO 7;;;;;;R$ 12.752,30;26/12/2025;GABRIEL;ALDAIR;;;;Dezembro 25;;ER-CIND-FAZ-MORRO REDONDO-MORRO REDONDO;ANDORINHAS;Energizada;Realizado;;;LV;ENERGIZADA;1;;;0;;;;;;100%;;;;01/12/2025;06/12/2025;;04/12/2025;;;TRUE;;;D175053;;;;TRF;LV-150772         165452 EN;;PRIORIDADE PLANO ANEEL;-10,5382911, -40,3957896;0;https://drive.google.com/file/d/1qDrEiXhRvmuLD64AkqjQmXrnN9gqrDIL/view?usp=drive_link;0;#DIV/0!;;;dez./1;;FALSE;FALSE;;;;;;;;;
;B-1149873;;;PLANO 7;;;;;;R$ 20.487,75;26/12/2025;JOAO;JAIRO BATISTA;;;;Dezembro 25;;ER-CIND-POV-QUEIMADA-RURAL;SENHOR DO BONFIM;Energizada;Realizado;;;LV + ENERGZ;ENERGIZADA;1;1;;1;;;;;;100%;;;;29/12/2025;31/12/2025;;05/12/2025;;;TRUE;;;Q099040;;;;N1 C/ TRF;LV-150715              165464 EN;;QLP;-10,3573813, -39,8081801;E903463 – E903463;https://drive.google.com/file/d/1bb3NfSAYOo86ocG3GfcjCzvZytvTLQKz/view?usp=drive_link;0;0%;;;dez./1;;TRUE;FALSE;;;;;;;;;
;B-1160876;;;PLANO 7;;;;;;R$ 22.053,27;26/12/2025;JOAO;JAIRO BATISTA;;;;Dezembro 25;;ER-CIND-FAZ-LIMOES-RURAL;SENHOR DO BONFIM;Energizada;Realizado;;;LV + ENERGZ;ENERGIZADA;1;1;;1;;;;;;100%;;;;22/12/2025;27/12/2025;;05/12/2025;;;TRUE;;;Q066876;;;;N1 C/ TRF;LV-149971               165469 EN;;QLP;-10,6659027, -39,7515825;E903464 – E903464;https://drive.google.com/file/d/1FWYohrkonYEVn8UlTLf9bLsaSSnNU-ku/view?usp=drive_link;0;0%;;;dez./1;;TRUE;FALSE;;;;;;;;;
;B-1211463;;;PLANO 7;;;;;;R$ 24.561,29;26/12/2025;JOAO;REGINALDO;;;;Dezembro 25;;ER-CIND-POV-CANAVIEIRA-RURAL;SENHOR DO BONFIM;Energizada;Realizado;;;LV + ENERGZ;ENERGIZADA;1;1;;1;;;;;;100%;;;;29/12/2025;31/12/2025;;05/12/2025;;;TRUE;;;D129104;;;;N1 C/ TRF;LV-150737               152776 EN;;PRIORIDADE PLANO ANEEL;-10,4570642, -40,5549454;E903468 – E903468;https://drive.google.com/file/d/1N9WCRdamWgib_2Aolxqyr6l9e4wGRmKh/view?usp=drive_link;0;0%;;;dez./1;;TRUE;FALSE;;;;;;;;;
;B-1166269;;;PLANO 7;;;;;;R$ 18.838,65;26/12/2025;GABRIEL;ALDAIR;;;;Dezembro 25;;ER-CIND-FAZ-SAO GONCALO-RURAL;ANDORINHAS;Energizada;Realizado;;;LV;ENERGIZADA;1;1;;1;;;;;;100%;;;;08/12/2025;13/12/2025;;08/12/2025;;;;;;D605280;;;;N1 C/ TRF;LV-150798                    165450 EN;;QLP;-9,8759195, -39,9652087;E903443 – E903443;https://drive.google.com/file/d/1KVgpb-VIEaE3TnnUnIfu0EkJieXDFzVa/view?usp=drive_link;1;100%;;;dez./1;;FALSE;FALSE;;;;;;;;;
;B-1180267;;;PLANO 7;;;;;;R$ 130.483,38;;JOAO;ISRAEL;;;;Dezembro 25;;ER-CIND-POV-SUMIDOURO-RURAL;CAMPO FORMOSO;;Pendente;;;LV + ENERGZ;FALTA TRAFO 211253 3-30 E 2223464 CABO POT 35, ALÇA DE CABO 4;1;11;;11;;;;;;100%;;;;01/12/2025;13/12/2025;;10/12/2025;;;TRUE;;;D068248;;;;N3/N4;LV-151213            155594 EN;;INSTITUCIONAL;-10,7520101, -39,4984245;E875184 – E875194;https://drive.google.com/file/d/11VNesRoWB3HZaad5JUyrA0_Vx88k-OD2/view?usp=drive_link;11;100%;;;dez./1;;FALSE;FALSE;;;;;;;;;
;B-1184427;;;PLANO 7;;;;;;R$ 20.276,06;26/12/2025;GABRIEL;MARCELO;;;;Dezembro 25;;ER-CIND-POV-VARZEA D ONCA-RURAL;QUEIMADAS;Energizada;Pendente;;;LV + ENERGZ;ENERGIZADA;1;;;1;;;;;;100%;;;;23/12/2025;31/12/2025;;08/12/2025;;;TRUE;;;D660014;;;;N1 C/ TRF;LV-161677                 161723 EN;;PRIORIDADE PLANO ANEEL;-10,4329331, -39,3229729;E903462 – E903462;https://drive.google.com/file/d/1peZVhvZP89VUH7GKmaQgdBpsQOdJRvGm/view?usp=drive_link;1;100%;;;dez./1;;TRUE;FALSE;;;;;;;;;
;B-1198374;;;PLANO 14;;;;;;R$ 27.094,29;26/12/2025;JOAO;GESONI;;;;Dezembro 25;;ER-CIND-POV-BOA VISTA 106-RURAL;FILADÉLFIA;Energizada;;;149560;LV + ENERGZ;ENERGIZADA;1;3;;3;;;;;;100%;;;;15/12/2025;20/12/2025;;09/12/2025;;;TRUE;;;Q060116;;;;N1 C/ TRF;LV-151341                   161682 EN;;PRIORIDADE PLANO ANEEL;-10,4251666, -40,2657237;E903519 – E903521;https://drive.google.com/file/d/1BvlL0IHzR3Z11GEnyIVgR_2DDpJfFFbP/view?usp=drive_link;0;0%;;;dez./1;;FALSE;FALSE;;;;;;;;;
;B-1218789;;;;;;;;;;;JOAO;EDVALDO;;;;Dezembro 25;;UB-CIND-RUA-JOAO GONCALVES-CENTRO ANTONI;ANTÔNIO GONÇALVES;;;;;BT;PARA CONCLUIR ATE 31-12;;3;;3;;;;;;100%;;;;15/12/2025;19/12/2025;;11/12/2025;;FALSE;TRUE;FALSE;FALSE;;;;;;161649 BT;;;;;;0;0%;;;;;FALSE;FALSE;;;;;;;;;
;B-1198729;;;PLANO 14;;;;;;R$ 41.638,76;26/12/2025;JOAO;GESONI;;;;Dezembro 25;;ER-CIND-FAZ-CABACEIRA-RURAL;ITIÚBA;Energizada;Realizado;;149365;LV + ENERGZ;ENERGIZADA;1;5;;5;;;;;;100%;;;;08/12/2025;13/12/2025;;09/12/2025;;;TRUE;;;D206223;;;;N1 C/ TRF;LV-151427                   155658 EN;;PRIORIDADE PLANO ANEEL;-10,6870094, -39,3047097;E875418 - E875422;https://drive.google.com/file/d/1hzkr8rNqFoi2puezFKkyq5J17HyN7Pm6/view?usp=drive_link;5;100%;;;dez./1;10/dez;FALSE;FALSE;;;;;;;;;
;B-1051348;;;PLANO 7;;;;;;R$ 9.254,81;26/12/2025;JOAO;WAGNER;;;;Dezembro 25;;ER-CIND-FAZ-POCO DAS QUEIMADAS-N PILAR;JAGUARARI;Energizada;Realizado;;149363 (ANEXAR PEX);LV + ENERGZ;ENERGIZADA;1;;;1;;;;;;100%;;;;08/12/2025;13/12/2025;;09/12/2025;;;TRUE;;;;;;;N1 C/ TRF;LV-151233       161746 EN;;QLP;-9,95274, -40,04116;E903454 – E903454;https://drive.google.com/file/d/1rpqWRrDlIQLmxJyDfM_ZkWI_8AqgbeLM/view?usp=drive_link;0;0%;;;dez./1;09/dez;FALSE;FALSE;;;;;;;;;
;B-1067126;;;PLANO 8;;;;;;R$ 335.050,76;;GABRIEL;ALDAIR;;;;Dezembro 25;;IS-COEL-PR -COMERCIO-ANDORINHA;ANDORINHAS;Em execução;Pendente;;;DESL + LV;FALTA 3X70XLPE 2212008 3X70 XLPE 2212016;1;;;27;;;;;;100%;;;;15/12/2025;30/12/2025;;12/12/2025;;;;;;Q109712;;;;;LV-162146;;JUDICIAL;-10,5021538, -39,4067176;E875206 – E875232;;18;66,66666667%;;;dez./1;;FALSE;FALSE;;;;;;;;;
;B-1151586;;;PLANO 7;;;;;;R$ 26.251,94;;GABRIEL;ALDAIR;;;;Dezembro 25;;AC-CIND-LOT-VILA PEIXE-VILA PEIXE;ANDORINHAS;;Pendente;;157225;DESL + LV;FALTA CABO 2230078 3X120. PRECISA DESLIGAMENTO;0;1;;1;;;;;;100%;;;;15/12/2025;20/12/2025;;12/12/2025;;;TRUE;;;D130180;;;;B1-N3;LV-150784;;RECLAMAÇÃO;-10,3191272, -39,1863356;E903442 – E903442;https://drive.google.com/file/d/1aF3wfEiV0Ka5ZLxYr_1gcyANVlnV3Y_9/view?usp=drive_link;1;100%;;;dez./1;23/dez;FALSE;FALSE;;;;;;;;;
;B-1222322;;;PLANO 7;;;;;;R$ 44.108,41;;GABRIEL;ALDAIR;;;;Dezembro 25;;AC-PREF-POV-RIACHO SECO-RURAL;ANDORINHAS;;;;149663;DESL;FALTA CABO 2230084 3X70. PRECISA DESLIGAMENTO;1;2;;2;;;;;;100%;;;;15/12/2025;20/12/2025;;12/12/2025;;;TRUE;;;D574414;;;;;;;GOVERNO;-10,2959073, -40,7210239;E903477 – E903478;https://drive.google.com/file/d/1d4XLET9qUCGH5O3CHAL69rbSlbrpuMfx/view?usp=drive_link;2;100%;;;dez./1;20/dez;FALSE;FALSE;;;;;;;;;
;B-1178662;;;PLANO 7;;;;;;R$ 56.692,27;26/12/2025;JOAO;ISRAEL;;;;Dezembro 25;;ER-CIND-LOT-ALTO DA BOA VISTA-MORRINHOS;CAMPO FORMOSO;Energizada;;;149649;LV + ENERGZ;ENERGIZADA;0;7;;7;;;;;;100%;;;;15/12/2025;31/12/2025;;10/12/2025;;;TRUE;;;D773999;;;;N1-3;LV-151032                161766 EN;;QLP;-10,3878015, -39,8191379;E875118 – E875124;https://drive.google.com/file/d/1abk4hCSXH3MqnXXXf3vA980Gdhsu_bn0/view?usp=drive_link;12;171,4285714%;;;dez./1;20/dez;FALSE;FALSE;;;;;;;;;
;B-1158358;;;PLANO 7;;;;;;R$ 98.184,79;27/12/2025;JOAO;ISRAEL;;;;Dezembro 25;;RR-CIND-FAZ-BAIXA DA MINA-RURAL;CAMPO FORMOSO;Energizada;;;149510;LV + ENERGZ;ENERGIZADA;1;11;;11;4;;;;;100%;;;;15/12/2025;31/12/2025;;10/12/2025;;;TRUE;;;D316873;;;;N1-3;LV-159435               161700 EN;;PRIORIDADE PLANO ANEEL;-10,3443348, -39,9255146;E875195 – E875205;https://drive.google.com/file/d/1hJojN2QLOICfCdS2RmnkMyn2l5nGsEVJ/view?usp=drive_link;2;18,18181818%;;;dez./1;17/dez;FALSE;FALSE;;;;;;;;;
;B-1156142;;;PLANO 7;;;;;;R$ 33.623,01;27/12/2025;GABRIEL;ANAILTON;;;;Dezembro 25;;ER-CIND-POV-CARIACA-RURAL;CANSANÇÃO;Energizada;Pendente;;157234 ;DESL + LV;ENERGIZADA;1;2;;2;;;;;;100%;;;;15/12/2025;20/12/2025;;15/12/2025;;;TRUE;;;B929905;;;;;LV-161768;;QLP;-10,687, -39,3047;E903493 – E903494;https://drive.google.com/file/d/1IeCsCvOsetpDuaAB73Zx0KSSS2LD8G6W/view?usp=drive_link;2;100%;;;dez./1;27/dez;FALSE;FALSE;;;;;;;;;
;B-1144703;;;PLANO 7;;;;;;R$ 56.661,91;27/12/2025;GABRIEL;ANAILTON;;;;Dezembro 25;;ER-SEIN-POV-SITIO DOS PIAUS-RURAL;ITIÚBA;Energizada;Pendente;;158536;DESL + LV;ENERGIZADA;1;3;;3;;;;;;100%;;;;22/12/2025;30/12/2025;;15/12/2025;;;TRUE;;;Q095747;;;;N1 C/ TRF;LV-161752;;GOVERNO;-10,8191377, -39,4311659;E875438-E875442;https://drive.google.com/file/d/18GYc4_bhHGiIcQS-E703LO89ZLUoyP7s/view?usp=drive_link;5;166,6666667%;;;dez./1;27/12;FALSE;FALSE;;;;;;;;;
;B-1154641;;;PLANO 7;;;;;;R$ 18.467,16;29/12/2025;JOAO;GESONI;;;;Dezembro 25;;ER-CIND-POV-CABECA DA VACA 110-RURAL;FILADÉLFIA;Energizada;;;149473;LV + ENERGZ;ENERGIZADA;1;1;;1;;;;;;100%;;;;15/12/2025;20/12/2025;;09/12/2025;;;TRUE;;;Q050926;;;;N1 C/ TRF;LV-151326                    161689 EN;;QLP;-10,4458212, -39,9699907;E903449 – E903449;https://drive.google.com/file/d/1RznpTGBFaww4wXvhm7pVyou55adghPxb/view?usp=drive_link;0;0%;;;dez./1;;FALSE;FALSE;;;;;;;;;
;B-1218599;;;PLANO 7;;;;;;R$ 85.822,51;;GABRIEL;OSMAR;;;;Dezembro 25;;ER-CIND-ET-PEDRA BRANCA-RURAL;MONTE SANTO;;Pendente;;;LV + ENERGZ;FALTA TRAFO 210497 2-10 E ALÇA DE CABO 4;0;10;;10;;;;;;100%;;;;22/12/2025;30/12/2025;;15/12/2025;;;TRUE;;;D772198;;;;N3/N4;154524 EN LV-161772;;QLP;-10,7408517, -40,1242072;E875174 – E875183;https://drive.google.com/file/d/1FBZ8mw8c7iDhTCvgp8LBeXd8FO9byPXz/view?usp=drive_link;10;100%;;;dez./1;;FALSE;FALSE;;;;;;;;;
;B-1157179;;;PLANO 7;;;;;;R$ 1.706.478,98;;JOAO;REGINALDO;;;;Dezembro 25;;IT GRUA AG CANDIDO FONSECA RURAL;SENHOR DO BONFIM;Em execução;;;;DESL + LV;JA IMPLANTADO TRECHO LIVRE;0;;;34;22;;;;;60%;;;;17/12/0205;31/01/2026;;15/12/2025;;;;;;D129136;;;;;LV-162002,162010,162014,162023,162029;;QLP;-10,4529673, -40,5616592;E875233 – E875295;;3;8,823529412%;;;dez./1;;FALSE;FALSE;;;;;;;;;
;B-1148575;;;PLANO 7;;;;;;R$ 30.617,44;30/12/2025;JOAO;EDVALDO;;;;Dezembro 25;;ER-CIND-POV-TIQUARA-RURAL;CAMPO FORMOSO;Energizada;;;;BT;ENERGIZADA;1;;;5;;;;;;100%;;;;15/12/2025;20/12/2025;;09/12/2025;;;TRUE;;;D010382;;;;;159081 BT;;QLP;-10,413798, -39,2763061;E875448-E875452;https://drive.google.com/file/d/1TBdjFfLbOmaSKHjdqUkyY1eVpR5to9SZ/view?usp=drive_link;5;100%;;;dez./1;;FALSE;FALSE;;;;;;;;;
;B-1164656;;;PLANO 7;;;;;;R$ 88.681,60;;;REGINALDO;;;;Dezembro 25;;EQ-COEL-FAZ-LAGINHA-RURAL;SENHOR DO BONFIM;Cancelada;;;;LV;CANCELADA;0;;;0;;;;;;100%;;;;17/12/0205;31/12/2025;;17/12/2025;;;TRUE;;;D157033;;;;RELIG;LV-149981(RL) LV-149983(N3);;MMGD;-10,6448725, -39,5019399;0;https://drive.google.com/file/d/1qtzmGphOfPmNuPmq-xUMPy7BgjJwFjPd/view?usp=drive_link;0;#DIV/0!;;;dez./1;;FALSE;FALSE;;;;;;;;;
;B-1145072;;;PLANO 7;;;;;;R$ 74.659,68;;JOAO;WAGNER;;;;Dezembro 25;;ER-CIND-FAZ-CARPINTARIA-NUCLEO PILAR;JAGUARARI;;Pendente;;149376;LV + ENERGZ;FALTA ALÇA DE CABO 4 E LAÇO DE 25;1;;;19;;;;;;100%;;;;08/12/2025;31/12/2025;;18/12/2025;;;TRUE;;;D261007;;;;N3/N4;LV-151307                   157669 EN;;PRIORIDADE PLANO ANEEL;-10,2315923, -39,3376556;E875155 – E875163;https://drive.google.com/file/d/1v0rY_6dPG0KH_kxLjPJc78_tIXMNVB2L/view?usp=drive_link;4;21,05263158%;;;dez./1;12/dez;FALSE;FALSE;;;;;;;;;
;B-1190061;;;0;;;;;;R$ -;;;GESONI;;;;Dezembro 25;;GD-9102154329-SBF-01Y7;FILADÉLFIA;Cancelada;;;;;CANCELADA;0;;;0;;;;;;100%;;;;29/12/2025;31/12/2025;;;;;;;;D274263;;;;;;;GRUPO A;-10,6680964, -39,4607933;0;;0;#DIV/0!;;;dez./1;;FALSE;FALSE;;;;;;;;;
;B-1132534;;;PLANO 7;;;;;;R$ 1.809.229,92;;;JAIRO BATISTA;;;;Dezembro 25;;AL GRUA AG BELA VISTA RURAL;CAMPO FORMOSO;Cancelada;;;;DESL + LV;CANCELADA;0;;;75;;;;;;50%;;;;10/12/2025;31/01/2026;;;;;;;;Q093796;;;;;;;GRUPO A;-10,669143, -39,7532772;E875296 – E875370;;0;0%;;;dez./1;;FALSE;FALSE;;;;;;;;;
;B-1156736;;;PLANO 7;;;;;;R$ 89.560,07;;;JAIRO BATISTA;;;;Dezembro 25;;EQ - GRUA AG. BELA VISTA - RURAL;CAMPO FORMOSO;Cancelada;;;;LV;CANCELADA;0;;;0;;;;;;100%;;;;10/12/2025;31/01/2026;;;;;;;;;;;;RELIG;;;MMGD;-10,45296, -40,56165;0;https://drive.google.com/file/d/1_c4V8m6GvB59-lESJ14PUW3HYCAsNsat/view?usp=drive_link;0;#DIV/0!;;;dez./1;;FALSE;FALSE;;;;;;;;;
;B-1212962;;;PLANO 14;;;;;;R$ 22.173,58;30/12/2025;JOAO;ISRAEL;;;;Dezembro 25;;ER-CIND-POV-BEBEDOURO-BEBEDOURO;CAMPO FORMOSO;Energizada;Pendente;;;LV + ENERGZ;ENERGIZADA;1;2;;2;;;;;;100%;;;;01/12/2025;13/12/2025;;10/12/2025;;;TRUE;;;E427156;;;;N1 C/ TRF;LV-151022             155607 EN;;PRIORIDADE PLANO ANEEL;-10,08367, -40,79028;E903483 – E903484;https://drive.google.com/file/d/1rqy7eaE8zQOW-9VDxF5vU47QM4pqhmOO/view?usp=drive_link;2;100%;;;dez./1;;FALSE;FALSE;;;;;;;;;
;B-1233123;;;PLANO 7;;;;;;R$ 6.062,19;12/01/2026;;ANAILTON;;;;Janeiro 26;;ER-CIND-FAZ-POCO DANTAS-RURAL;ITIÚBA;Energizada;;;;BT;ENERGIZADA;;1;;1;;;;;;100%;;;;05/01/2026;10/01/2026;;05/01/2026;;TRUE;TRUE;;;D106490;;;;;1404 BT;;QLP;-10,6080699, -39,9078473;E936998;https://drive.google.com/file/d/1bmXhXwpKeaRQEVgmgvoH_vT_xmhiG-_a/view;1;100%;;;;;TRUE;TRUE;1;jan./1;;;;;;;
;B-1224382;;;PLANO 8;;;;;;R$ 19.178,33;;;;;;;Janeiro 26;;RC-CIND-RUA-FORTALEZA-CENTRO;ANDORINHAS;Paralisada;;;;DESL;;;;;1;0;;;;;100%;;;;19/01/2026;24/01/2026;;06/01/2026;;FALSE;TRUE;;;Q093313;;;;;;;REPUTACIONAL;-10,3440237, -39,8314899;E936999;https://drive.google.com/file/d/1jxOGm6zBipEwb7xClJFj6lI0mjbttWiF/view;1;100%;;;;;FALSE;FALSE;0;jan./1;;;;;;;
;B-0603860;;;PLANO 14;;;;;;R$ 145.038,21;;;ALDAIR;;;;Janeiro 26;;MP-CCOL-POV. MANDI COMPL-RURAL;ANDORINHAS;Em escavação;;;;LV + ENERGZ + BT;FALTA TRAFO 4 2-10 211304, FALTA ELO 0,5H 536778;;38;;38;41;;;;;80%;;;;05/01/2026;31/01/2026;;13/01/2026;;TRUE;TRUE;;;D040108;;;;;2891 EN       2892 BT;;AIC AUDITORIA;-10,2372809, -39,7605516;E936484 – E936520;https://drive.google.com/file/d/17avaG8zEW6an6JTBzSPHMhWlnw158saO/view;40;105%;;;;;FALSE;FALSE;5;jan./1;;;;;;;
;B-1067126;;;;;;;;;;;;ALDAIR;;;;Janeiro 26;;IS-COEL-PR -COMERCIO-ANDORINHA;ANDORINHAS;Em escavação;;;165844, 165846, 165851;DESL + LV;FALTA 3426030 ESPAÇADOR, ALÇA 70 1000 3430538 ;;21;;27;;;;;;100%;;;;05/01/2026;31/01/2026;;06/01/2026;;TRUE;TRUE;;;Q109712;;;;;;;;-10,5021538, -39,4067176;E936243 – E936269;https://drive.google.com/file/d/1zL042QxT5snV06b_oVubU9G6zFUdXZ4G/view;18;67%;;;;13, 14, 16, 20, 21;FALSE;FALSE;;jan./1;;;;;;;
;B-1222322;;;PLANO 7;;;;;;R$ 44.108,41;;;ALDAIR;;;;Janeiro 26;;AC-PREF-POV-RIACHO SECO-RURAL;ANDORINHAS;Em escavação;;;4730;DESL;FALTA CABO 2230084 3X70.;;2;;2;;;;;;100%;;;;15/12/2025;20/12/2025;;12/12/2025;;TRUE;TRUE;;;D574414;;;;;;;GOVERNO;-10,2959073, -40,7210239;E903477 – E903478;https://drive.google.com/file/d/1d4XLET9qUCGH5O3CHAL69rbSlbrpuMfx/view?usp=drive_link;2;100%;;;;28/01/2026;FALSE;FALSE;1;dez./1;;;;;;;
;B-1151586;;;PLANO 7;;;;;;R$ 26.251,94;;;ALDAIR;;;;Janeiro 26;;AC-CIND-LOT-VILA PEIXE-VILA PEIXE;ANDORINHAS;Em escavação;Pendente;;4626;DESL + LV;FALTA CABO 2230078 3X120.;;1;;1;;;;;;100%;;;;15/12/2025;20/12/2025;;12/12/2025;;TRUE;TRUE;;;D130180;;;;;LV-150784;;RECLAMAÇÃO;-10,3191272, -39,1863356;E903442 – E903442;https://drive.google.com/file/d/1aF3wfEiV0Ka5ZLxYr_1gcyANVlnV3Y_9/view?usp=drive_link;1;100%;;;;27/01/2026;FALSE;FALSE;0;dez./1;;;;;;;
;B-1216143;;;PLANO 7;;;;;;R$ 21.535,59;;;ANAILTON;;;;Janeiro 26;;ER-CIND-POV-MANDASSAIA-RURAL;MONTE SANTO;Energizada;;;4731;DESL;ENERGIZADA;;;;0;;;;;;100%;;;;01/12/2025;06/12/2025;;04/12/2025;;TRUE;TRUE;;;Q097286;;;;;;;GOVERNO;-10,3447027, -39,833628;0;https://drive.google.com/file/d/1upyEJCYV6Plq7-XjoRF1LeshqK8AxNgP/view?usp=drive_link;0;100%;;;;29/01/2026;TRUE;TRUE;1;dez./1;;;;;;;
;B-1225627;;;PLANO 7;;;;;;R$ 31.120,68;;;ANAILTON;;;;Janeiro 26;;UB-CIND-LOT-NOVA QUEIMADAS-NOVA QUEIMADA;QUEIMADAS;Energizada;;;;LV + ENERGZ;ENERGIZADA;;;;3;;;;;;100%;;;;12/01/2026;31/01/2026;;05/01/2026;;TRUE;TRUE;;;D054475;;;;;LV-1165        1421 EN;;QLP;-10,9859438, -39,6234911;E937008 – E937010;https://drive.google.com/file/d/132SlHWdL59C189dcG451h3O_OmtbERn3/view;2;67%;;;;;TRUE;TRUE;7;jan./1;;;;;;;
;B-0979517;;;PLANO 14;;;;;;R$ 31.510,73;;;ANAILTON;;;;Janeiro 26;;ER-CIND-FAZ-RAIO DO SOL-RURAL;QUEIMADAS;Energizada;;;;LV + ENERGZ;ENERGIZADA;;;;12;;;;;;100%;;;;12/01/2026;17/01/2026;;12/01/2026;;TRUE;TRUE;;;DEPENDE DE 9101195078.;;;;;;;REPUTACIONAL;;E875544 – E875555;https://drive.google.com/file/d/1q0U-Wvi_NAcU8NjvmaQWyFY5ZbNP9Ji5/view;12;100%;;;;;TRUE;TRUE;2;jan./1;;;;;;;
;B-1222441;;;PLANO 7;;;;;;R$ 13.025,83;;;GESONI;;;;Janeiro 26;;UB-CIND-RUA-DO CUPIM-CENTRO;CAMPO FORMOSO;Energizada;;;;BT;ENERGIZADA;;;;2;;;;;;100%;;;;21/01/2026;23/01/2026;;20/01/2026;;;TRUE;;;Q059443;;;;;5263 BT;;AGIL;-10,4984799, -40,3154779;;;0;0%;;;;;TRUE;TRUE;1;jan./1;;;;;;;
;B-1231947;;;PLANO 7;;;;;;R$ 17.998,34;;;GESONI;;;;Janeiro 26;;ER-CIND-FAZ-CACHOEIRA-RURAL;FILADÉLFIA;Energizada;;;;LV + ENERGZ;ENERGIZADA;;1;;1;;;;;;100%;;;;05/01/2026;16/01/2026;;08/01/2026;;TRUE;TRUE;;;B704313;;;;;2789 EN;;QLP;-10,6661634, -40,2718228;E860922;https://drive.google.com/file/d/1Vj_9eh1Ib1g8cQPgpVpHAeM48t66wywJ/view;1;100%;;;;;TRUE;TRUE;10;jan./1;;;;;;;
;B-1224954;;;PLANO 7;;;;;;R$ 103.743,31;;;GESONI;;;;Janeiro 26;;RR-CIND-POV-BARRACAS-RURAL BARRACAS;PONTO NOVO;Energizada;;;;LV + ENERGZ;ENERGIZADA;;14;;14;;;;;;100%;;;;08/01/2026;22/01/2026;;13/01/2026;;TRUE;TRUE;;;B638516;;;;;2845 EN LV-5470;;QLP;-11,082274, -40,0809083;E875584 – E875597;https://drive.google.com/file/d/1iGKuvQJI0v5aGVw9w8dNcLY0_p3aces3/view;14;100%;;;;;TRUE;TRUE;3;jan./1;;;;;;;
;B-1220601;;;PLANO 7;;;;;;R$ 15.620,82;;;GESONI;;;;Janeiro 26;;ER-CIND-FAZ-BARAUNA-BARAUNA;SENHOR DO BONFIM;Energizada;;;;BT;ENERGIZADA;;;;3;;;;;;100%;;;;28/01/2026;31/01/2026;;20/01/2026;;;TRUE;;;E051804;;;;;5231 BT;;AGIL;-10.4276765, -40.1327385;;;3;100%;;;;;TRUE;TRUE;1;jan./1;;;;;;;
;B-1078475;;;PLANO 14;;;;;;R$ 342.077,94;;;ISRAEL;;;;Janeiro 26;;MP-CCOL-FAZ.MARRECO BREJÃO D.GROTA-RURAL;ANTÔNIO GONÇALVES;Energizada;;;7237;LV + ENERGZ + BT;ENERGIZADA;;29;;29;;;;;;100%;;;;14/12/2025;31/12/2025;;13/01/2026;;TRUE;TRUE;;;D047406;;;;;LV-5608;;REPUTACIONAL;-10,6472111, -40,5265507;E936325 – E936352;https://drive.google.com/file/d/1FnKZkQoZhjLq3VAxb2vEm97AOvqQVLSM/view;25;86%;;;;29/01/2026;TRUE;TRUE;2;jan./1;;;;;;;
;B-1212007;;;PLANO 7;;;;;;R$ 171.422,01;12/01/2026;;ISRAEL;;;;Janeiro 26;;ER-CIND-FAZ-TEREZA-RURAL;CAMPO FORMOSO;Energizada;;;;LV + ENERGZ;ENERGIZADA;;19;;20;;;;;;100%;;;;05/01/2026;24/01/2026;;06/01/2026;;TRUE;TRUE;;;Q064009;;;;;1514 EN;;REPUTACIONAL;-10,4419294, -40,6783527;E875613 – E875632;https://drive.google.com/file/d/16FQnHfTq9mIvfo2a2mpzK2RJTdt2s8CG/view;18;90%;;;;;TRUE;TRUE;1;jan./1;;;;;;;
;B-0983966;;;PLANO 14;;;;;;R$ 405.345,63;;;;;;;Janeiro 26;;ER-CCOL-POV ARARAS-RURAL;CAMPO FORMOSO;Paralisada;;;;LV + ENERGZ;;;;;87;;;;;;50%;;;;;;;;;;TRUE;;;B139343;;;;;;;QLP;-10,143847, -40,5343069;E936817 – E936895;https://drive.google.com/file/d/11KlXf3ohk262ltz0mSsMGoXngFhBwc47/view;0;100%;;;;;FALSE;FALSE;8;jan./1;;;;;;;
;B-1203968;;;PLANO 14;;;;;;R$ 629.909,33;;;JAIRO;;;;Janeiro 26;;RR-CIND-FAZ-JOAO GOMES-RURAL;CAMPO FORMOSO;Em escavação;;;;LV + ENERGZ;;;43;;69;;;;;;100%;;;;19/01/2026;31/01/2026;;19/12/2025;;TRUE;TRUE;;;Q062498;;;;;LV-6061                 24167 EN;;QLP;-10,1347086, -40,4111479;E936669 – E936737;https://drive.google.com/file/d/1KSc6z13NMyr7n5wp1d1gb9M5gAB4qBLi/view?usp=drive_link;90;130%;;;;;FALSE;FALSE;7;jan./1;;;;;;;
;B-1242603;;;PLANO 14;;;;;;R$ 70.498,88;;;ANAILTON;;;;Janeiro 26;;ER-CIND-POV-MATINHA-RURAL;ITIÚBA;Em escavação;;;;LV + ENERGZ;FALTA TRAFO 2-10 211304, FALTA ELO 0,5H 536778, CABO POT 35 2223464;;14;;14;14;;;;;100%;;;;05/01/2026;17/01/2026;;12/01/2026;;TRUE;TRUE;;;Q093542;;;;;1451 EN LV-5569;;REPUTACIONAL;-10,6510182, -39,8157491;E875556 – E875569;https://drive.google.com/file/d/1k-8OJ2oSQ7CGQLWvAN5QdgOl8p4gJWlp/view;14;100%;;;;;FALSE;FALSE;1;jan./1;;;;;;;
;B-1213374;;;PLANO 7;;;;;;R$ 448.030,10;;;REGINALDO;;;;Janeiro 26;;RI-SEIN-RUA-PINDOBACU-CENTRO;PINDOBAÇU;Em escavação;;;7251 (ANEXAR ACORDO);LV + BT + ENERGZ;FALTA CABO 2426 3X35 2230076;;61;;61;62;;;;;80%;;;;20/01/2026;15/02/2026;;16/01/2026;;TRUE;TRUE;;;Q037089;;;;;LV-6019 LV-6026;;GOVERNO;-10,6682725, -40,3236711;E936609 – E936668;https://drive.google.com/file/d/1Utd2yOlswUx804w_pQErmAIBoci3PLBW/view;57;93%;;;;30/01/2026 E 31/01/2026;FALSE;FALSE;0;jan./1;;;;;;;
;B-1180267;;;PLANO 7;;;;;;R$ 130.483,38;;;ISRAEL;;;;Janeiro 26;;ER-CIND-POV-SUMIDOURO-RURAL;CAMPO FORMOSO;Energizada;Pendente;;;LV + ENERGZ;ENERGIZADA;;11;;11;;;;;;100%;;;;01/12/2025;13/12/2025;;10/12/2025;;TRUE;TRUE;;;D068248;;;;;LV-151213            155594 EN;;INSTITUCIONAL;-10,7520101, -39,4984245;E875184 – E875194;https://drive.google.com/file/d/11VNesRoWB3HZaad5JUyrA0_Vx88k-OD2/view?usp=drive_link;11;100%;;;;;TRUE;TRUE;1;dez./1;;;;;;;
;B-1229609;;;PLANO 7;;;;;;R$ 29.850,03;;;ISRAEL;;;;Janeiro 26;;ER-CIND-POV-TIQUARA X-RURAL-TIQUARA;CAMPO FORMOSO;Energizada;;;;LV + ENERGZ;ENERGIZADA;;2;;2;;;;;;100%;;;;05/01/2026;16/01/2026;;06/01/2026;;TRUE;TRUE;;;D023868;;;;;LV-1182         1496 EN;;QLP;-10,4572679, -40,5517428;E937002 – E937003;https://drive.google.com/file/d/1p3jxIQyqNMlgqMtbPGmxGkteOB92z_HD/view;3;150%;;;;;TRUE;TRUE;3;jan./1;;;;;;;
;B-1188776;;;PLANO 7;;;;;;R$ 172.986,77;;;JEFFERSON;;;;Janeiro 26;;ER-SEIN-FAZ-TANQUINHO DA PEDRA-ODILON G;JAGUARARI;Energizada;;;;LV + ENERGZ;ENERGIZADA;;23;;23;;;;;;100%;;;;05/01/2026;17/01/2026;;08/01/2026;;TRUE;TRUE;;;B457888;;;;;2797 EN LV-5991;;GOVERNO;-10,2491339, -40,1542061;E875654 – E875676;https://drive.google.com/file/d/1mKFkn050SDLJx3LYxzSkuYRMsutpGxZi/view;26;113%;;;;;TRUE;TRUE;2;jan./1;;;;;;;
;B-0734547;;;PLANO 14;;;;;;R$ 69.829,38;;;ISRAEL;;;;Janeiro 26;;MP-CCOL-POV ATALHO 44444 - RURAL;CAMPO FORMOSO;;;;;LV + ENERGZ;FALTA TRAFO 2-10 211304, FALTA ELO 0,5H 536778, SUSPENSAO 34 2322006;;;;14;;;;;;100%;;;;05/01/2026;16/01/2026;;06/01/2026;;TRUE;TRUE;;;Q025022;;;;;5346 EN LV-6480;;REPUTACIONAL;-10,1273956, -40,732631;E875570 – E875583;https://drive.google.com/file/d/18UJcbZbswKDWyPqqCjc-0SFHTwe3YsNK/view;13;93%;;;;;FALSE;FALSE;3;jan./1;;;;;;;
;B-0984471;;;PLANO 14;;;;;;R$ 248.561,08;;;JAIRO;;;;Janeiro 26;;MP-CCOL-POV ARARAS-RURAL;CAMPO FORMOSO;;;;;LV + ENERGZ;FALTA ELO 0,5H 536778, 3430547 ALÇA 25, 3431611 LAÇO 25, CABO POT 35 2223464;;;;51;2;;;;;50%;;;;20/01/2026;28/02/2026;;19/01/2026;;TRUE;TRUE;;;B139231;;;;;LV-6619         24172 EN;;AIC AUDITORIA;-10,1154277, -40,4850514;E936559 – E936608;https://drive.google.com/file/d/1yFKO37daW2DuXEErbro-rEfuw7VKp6kj/view;51;100%;;;;;FALSE;FALSE;6;jan./1;;;;;;;
;B-1145072;;;PLANO 7;;;;;;R$ 74.659,68;;;JEFFERSON;;;;Janeiro 26;;ER-CIND-FAZ-CARPINTARIA-NUCLEO PILAR;JAGUARARI;Energizada;Pendente;;;LV + ENERGZ;ENERGIZADA;;;;19;;;;;;100%;;;;08/12/2025;31/12/2025;;18/12/2025;;TRUE;TRUE;;;D261007;;;;;LV-151307                   157669 EN;;PRIORIDADE PLANO ANEEL;-10,2315923, -39,3376556;E875155 – E875163;https://drive.google.com/file/d/1v0rY_6dPG0KH_kxLjPJc78_tIXMNVB2L/view?usp=drive_link;4;21%;;;;;TRUE;TRUE;1;dez./1;;;;;;;
;B-1217158;;;PLANO 7;;;;;;R$ 92.197,25;;;JEFFERSON;;;;Janeiro 26;;UB-SEIN-ROD-LOMANTO JUNIOR -URBANA;JAGUARARI;Energizada;;;;BT;ENERGIZADA;;;;12;;;;;;100%;;;;05/01/2026;16/01/2026;;07/01/2026;;TRUE;TRUE;;;Q046958;;;;;1540 BT;;GOVERNO;-10,1933772, -40,2203276;E875532 – E875543;https://drive.google.com/file/d/1Hio-bSdJNej731nan7kgcFHcHpLnVohu/view;12;100%;;;;;TRUE;TRUE;0;jan./1;;;;;;;
;B-1170043;;;PLANO 7;;;;;;R$ 56.320,08;;;JEFFERSON;;;;Janeiro 26;;UB-CIND-RUA-QUIPA 1226 -PR-CENTRO;JAGUARARI;Energizada;;;7588;DESL + LV;ENERGIZADA;;;;2;;;;;;100%;;;;05/01/2026;16/01/2026;;07/01/2026;;TRUE;TRUE;;;Q069246;;;;;LV-4591;;GOVERNO;-9,8913282, -39,9656842;E937004 – E937005;https://drive.google.com/file/d/1cvg8_AgVYmPryFcsAkPydO3A98IwoVey/view;0;0%;;;;30/01/2026;TRUE;TRUE;1;jan./1;;;;;;;
;B-1023469;;;PLANO 14;;;;;;R$ 135.705,85;;;JOILSON;;;;Janeiro 26;;RR-SEIN-FAZ-ANJO-RURAL;SENHOR DO BONFIM;Energizada;;;167030;DESL + ENERGZ;ENERGIZADA;;15;;15;;;;;;100%;;;;19/01/2026;31/01/2026;;07/01/2026;;TRUE;TRUE;;;D250701;;;;;1591 EN;;GOVERNO;-10,3841074, -40,1187975;E875598 – E875612;https://drive.google.com/file/d/1D_HpxkPYmhMOgQzicJAzR6K4DOqufsIq/view;2;13%;;;;15/01/2026;TRUE;TRUE;4;jan./1;;;;;;;
;B-1221916;;;PLANO 7;;;;;;R$ 188.959,99;;;JEFFERSON;;;;Janeiro 26;;UB-CIND-RUA-DO MORRINHO-CENTRO;JAGUARARI;Em execução;;;7655;DESL + LV + BT + ENERGZ;;;;;21;;;;;;100%;;;;12/01/2026;17/01/2026;;07/01/2026;;TRUE;TRUE;;;Q069242;;;;;EN1551-BT1563-BT-1567-LV6498;;QLP;-9,8904815, -39,9658245;E875633 – E875653;https://drive.google.com/file/d/1n_xffADCT16pqNHvte3HZBQd3Rc1Hrom/view;25;119%;;;;31/01/2026;FALSE;FALSE;8;jan./1;;;;;;;
;B-1043420;;;PLANO 14;;;;;;R$ 802.121,47;;;GESONI;;;;Janeiro 26;;MP-CCOL-POV. VARZINHA RURAL;ITIÚBA;;;;;LV + ENERGZ;FALTA 3430547 ALÇA 25, 3431611 LAÇO 25;;;;79;70;;;;;50%;;;;26/01/2026;28/02/2026;;15/01/2026;;TRUE;TRUE;;;D249046;;;;;LV-5724         24223 EN;;INSTITUCIONAL;-10,9296104, -39,7060011;E936738 – E936816;https://drive.google.com/file/d/1iVWNsZQ0Vj0cs6UliI2EDHEfyZb44H_g/view?usp=drive_link;77;97%;;;;;FALSE;FALSE;7;jan./1;;;;;;;
;B-1229278;;;PLANO 7;;;;;;R$ 25.386,79;;;JOILSON;;;;Janeiro 26;;UB-CIND-RUA-PASSAGEM VELHA-OLARIA;SENHOR DO BONFIM;Energizada;;;;BT;ENERGIZADA;;;;5;;;;;;100%;;;;26/01/2026;30/01/2026;;20/01/2026;;;TRUE;;;D911630;;;;;5213 BT;;AGIL;-10,5053418, -40,1614599;;;5;100%;;;;;TRUE;TRUE;1;jan./1;;;;;;;
;B-1228653;;;PLANO 7;;;;;;R$ 103.250,38;;;JEFFERSON;;;;Janeiro 26;;ER-CIND-RUA-DA LINHA-CENTRO-FLAMENGO;JAGUARARI;;;;5367;DESL + LV + BT + ENERGZ;FALTA TRAFO 3-45 210444, ELO 3H 536781, 3X70 2230084;;3;;3;;;;;;100%;;;;05/01/2026;16/01/2026;;07/01/2026;;TRUE;TRUE;;;Q048359;;;;;1527 BT 1537 EN;;SOLICITAÇÃO ATENDIMENTO;-10,0433385, -40,2269572;E875506 – E875508;https://drive.google.com/file/d/1koCRpj2CZnQIsd9IYKN1OYg42zhNUzl_/view;2;67%;;;;28/01/2026;FALSE;FALSE;1;jan./1;;;;;;;
;B-1228865;;;PLANO 8;;;;;;R$ 74.513,20;;;JOILSON;;;;Janeiro 26;;RC-CIND-ROD-BOMFIM IGARA 407-RR-S BOMFIM;SENHOR DO BONFIM;Energizada;;;9461;DESL + LV;ENERGIZADA;;;;5;;;;;;100%;;;;13/01/2026;24/01/2026;;26/01/2026;;;TRUE;;;Q043242;;;;;LV-6041;;JUDICIAL;-10,4115142, -40,1820197;E875509 – E875513;https://drive.google.com/file/d/18GLhVyQbAeZqxZBqhuv8xT3s3xnqZIdr/view;5;100%;;;;23/01/2026;TRUE;TRUE;0;jan./1;;;;;;;
;B-1235535;;;PLANO 7;;;;;;R$ 22.388,97;;;JOILSON;;;;Janeiro 26;;ER-SEIN-POV-TANQUE VELHO-TANQUE VELHO;SENHOR DO BONFIM;Energizada;;;;BT;ENERGIZADA;;;;4;;;;;;100%;;;;22/01/2026;27/01/2026;;20/01/2026;;;TRUE;;;D097591;;;;;5221 BT;;AGIL;-10,5560158, -40,1168724;;;4;100%;;;;;TRUE;TRUE;1;jan./1;;;;;;;
;B-1237655;;;PLANO 7;;;;;;R$ 8.254,87;;;JOSE ROBERTO;;;;Janeiro 26;;ER-CIND-FAZ-MELANCIA-RURAL-ANDORINHA;ANDORINHAS;Energizada;;;;BT;ENERGIZADA;;;;2;;;;;;100%;;;;26/01/2026;30/01/2026;;20/01/2026;;;TRUE;;;D554623;;;;;5236 BT;;AGIL;-10,3396259, -39,8088047;;;2;100%;;;;;TRUE;TRUE;1;jan./1;;;;;;;
;B-1229407;;;PLANO 7;;;;;;R$ 66.630,28;;;JOSE ROBERTO;;;;Janeiro 26;;UB-CIND-RUA-FLORISVALDO F CARDOSO-CENTRO;ANTÔNIO GONÇALVES;Energizada;;;;BT;ENERGIZADA;;12;;12;;;;;;100%;;;;05/01/2026;14/01/2026;;07/01/2026;;TRUE;TRUE;;;D008505;;;;;;;QLP;-10,5758932, -40,273331;E875520 – E875531;https://drive.google.com/file/d/13CFJBocynavyy0QeHb1C5hHmGeEUcUxG/view;12;100%;;;;;TRUE;TRUE;6;jan./1;;;;;;;
;B-1214216;;;PLANO 7;;;;;;R$ 42.875,57;;;JOSE ROBERTO;;;;Janeiro 26;;RI-SEIN-RUA-ALTO DA ESTA AO-ANTONIO GONC;ANTÔNIO GONÇALVES;Energizada;;;;LV + ENERGZ;ENERGIZADA;;3;;3;;;;;;100%;;;;05/01/2026;14/01/2026;;07/01/2026;;TRUE;TRUE;;;D084805;;;;;;;GOVERNO;-10,5716478, -40,2805947;E875503 – E875505;https://drive.google.com/file/d/1_B-x0xUD_wm871785R6TMpbC1HFFONMw/view;3;100%;;;;;TRUE;TRUE;1;jan./1;;;;;;;
;B-1194846;;;PLANO 7;;;;;;R$ 13.143,02;;;;;;;Janeiro 26;;IT-GOVE-RUA-CARNAIBA DE BAIXO-CENTRO;PINDOBAÇU;Cancelada;;;;LV + ENERGZ;Devolver material;;;;1;;;;;;100%;;;;05/01/2026;16/01/2026;;08/01/2026;;;TRUE;;;Q065535;;;;;2757 EN;;GOVERNO;-10,7331432, -40,450431;E937000;https://drive.google.com/file/d/1w8IhfM3aET8Db_DqQkqMpSUKwil_8kkk/view;0;100%;;;;;FALSE;FALSE;0;jan./1;;;;;;;
;B-1218789;;;PLANO 7;;;;;;R$ 12.000,00;;;JOSE ROBERTO;;;;Janeiro 26;;UB-CIND-RUA-JOAO GONCALVES-CENTRO ANTONI;ANTÔNIO GONÇALVES;Energizada;;;;BT;ENERGIZADA;;3;;3;;;;;;100%;;;;15/12/2025;19/12/2025;;11/12/2025;;TRUE;TRUE;FALSE;FALSE;;;;;;;;AGIL;;;;0;0%;;;;;TRUE;TRUE;1;dez./1;;;;;;;
;B-1201683;;;PLANO 7;;;;;;R$ 802.766,79;;;JEFFERSON/OSMAR;;;;Janeiro 26;;ER-SEIN-POV-SANTO ANTONIO-SANTO ANTONIO;JAGUARARI;;;;;LV + ENERGZ + BT;;;;;94;20;;;;;80%;;;;20/01/2026;28/02/2026;;26/01/2026;;;TRUE;;;B971287;;;;;LV-6538;;GOVERNO;-10,0283077, -40,0517367;E936903 – E936995;https://drive.google.com/file/d/1ypo2v-XF7HyvPiCu55oHvcALYKtBnRxg/view;57;61%;;;;;FALSE;FALSE;9;jan./1;;;;;;;
;B-1213741;;;PLANO 7;;;;;;R$ 239.084,55;;;JOSE ROBERTO;;;;Janeiro 26;;RR-SEIN-RUA-PINDOBACU-CENTRO;PINDOBAÇU;;;;;LV + BT + ENERGZ;FALTA 1102 3x35 2230076;;;;33;;;;;;100%;;;;13/01/2026;31/01/2026;;13/01/2026;;TRUE;TRUE;;;Q036262;;;;;LV-5674;;GOVERNO;-10,6216199, -40,2905741;E936417 – E936448;https://drive.google.com/file/d/1OUrliukqqrj_sKOeh_P-TgwvPeYk6S3J/view;35;106%;;;;;FALSE;FALSE;0;jan./1;;;;;;;
;B-1213480;;;PLANO 7;;;;;;R$ 314.397,05;;;REGINALDO;;;;Janeiro 26;;IP-SEIN-RUA-ITAPICURU-RURAL;PINDOBAÇU;;;;;LV + BT + ENERGZ;FALTA CABO 1876 3X35 2230076;;;;39;34;;;;;80%;;;;05/01/2026;19/01/2026;;08/01/2026;;TRUE;TRUE;;;Q056995;;;;;2813 EN LV-6517;;GOVERNO;-10,7993508, -40,380492;E936521 – E936558;https://drive.google.com/file/d/1_rT7MYpbbS2UoT4wakh3zwp-KwuKqbLt/view?usp=drive_link;42;108%;;;;;FALSE;FALSE;0;jan./1;;;;;;;
;B-1221931;;;PLANO 7;;;;;;R$ 22.354,91;;;JOSE ROBERTO;;;;Janeiro 26;;ER-CIND-RUA-APOLONIO-JATOBA;PINDOBAÇU;Energizada;;;;BT;ENERGIZADA;;;;4;;;;;;100%;;;;19/01/2026;24/01/2026;;20/01/2026;;;TRUE;;;Q063899;;;;;5224 BT;;AGIL;-10,739757, -40,4714933;;;4;100%;;;;;TRUE;TRUE;1;jan./1;;;;;;;
;B-1155068;;;PLANO 7;;;;;;R$ 88.538,44;;;;;;;Janeiro 26;;EQ-GRUA-ROD BR 407 - RURAL;PONTO NOVO;Paralisada;;;;RELIG;;;;;0;0;;;;;100%;;;;;;;;;;;;;DEPENDE DE 9102069530;;;;;;;MMGD;;;https://drive.google.com/file/d/1WEPBbYCotEgnGitlXdoiOTy27kAKT03S/view;0;100%;;;;;FALSE;FALSE;0;jan./1;;;;;;;
;B-1187294;;;PLANO 7;;;;;;R$ 97.291,85;;;;;;;Janeiro 26;;EQ-COEL-ROD-CJN - SIX ENERGY-RURAL;PONTO NOVO;Paralisada;;;;RELIG;;;;;0;0;;;;;100%;;;;;;;;;;;;;DEPENDE DE OUTRO PROJETO;;;;;;;MMGD;;;https://drive.google.com/file/d/1lwe87KiV8_qlu3uowUl1wlTyc2B6XGUZ/view;0;100%;;;;;FALSE;FALSE;0;jan./1;;;;;;;
;B-1223728;;;PLANO 7;;;;;;R$ 6.502,60;;;MARCELO;;;;Janeiro 26;;ER-CIND-TRV-SENHOR DO BONFIM-CENTRO-TIJU;SENHOR DO BONFIM;Energizada;;;;BT;ENERGIZADA;;;;1;;;;;;100%;;;;20/01/2026;23/01/2026;;20/01/2026;;;TRUE;;;D408504;;;;;5284 BT;;AGIL;-10,6208025, -40,1372741;;;1;100%;;;;;TRUE;TRUE;1;jan./1;;;;;;;
;B-1185253;;;PLANO 7;;;;;;R$ 133.144,47;;;;;;;Janeiro 26;;EQ GRUA-FAZ-RIACHO DOS NEGROS-RURAL;QUEIMADAS;Paralisada;;;;RELIG;;;;;0;0;;;;;100%;;;;;;;;;;;;;DEPENDE DE OUTRO PROJETO;;;;;;;MMGD;;;https://drive.google.com/file/d/1TcwDfsEJAKA-6uXkkk6A3HSB6bISnUkV/view;0;100%;;;;;FALSE;FALSE;0;jan./1;;;;;;;
;B-1223889;;;PLANO 7;;;;;;R$ 301.753,13;;;ANAILTON;;;;Janeiro 26;;ER-CIND-POV-LAGOA DAS MO AS- PONTO NOVO;QUEIMADAS;;;;;LV + ENERGZ;FALTA TRAFO 2-15 211308, FALTA ELO 0,5H 536778,  2322006 SUSPENSAO, 3430547 ALÇA 25, 3431611 LAÇO 25;;;;33;29;;;;;100%;;;;12/01/2026;24/01/2026;;12/01/2026;;TRUE;TRUE;;;D918621;;;;;2886 EN LV-5584;;QLP;-10,9948355, -39,5379872;E936384 – E936416;https://drive.google.com/file/d/1QagrSAAiJWunSk947lAJ6e3ElyJ3AtEn/view?usp=drive_link;32;97%;;;;;FALSE;FALSE;2;jan./1;;;;;;;
;B-1200575;;;PLANO 14;;;;;;R$ 9.937,27;;;OSMAR;;;;Janeiro 26;;ER-CIND-TRV-SAO FRANCISCO -RURAL;CAMPO FORMOSO;Energizada;;;4727;DESL;ENERGIZADA;;;;2;;;;;;100%;;;;15/12/2025;20/12/2025;;09/12/2025;;TRUE;TRUE;;;D130228;;;;;;;PRIORIDADE PLANO ANEEL;-10,3195859, -39,1927885;E903481 – E903482;https://drive.google.com/file/d/10HJ5boLCn412A8pZ4lcGQ_dCB0NAwAvA/view?usp=drive_link;0;0%;;;;27/01/2026;TRUE;TRUE;1;dez./1;;;;;;;
;B-1214280;;;PLANO 7;;;;;;R$ 211.050,93;;;MARCELO;;;;Janeiro 26;;ER-CIND-POV-ALECRIM PEDRAS ALTAS-RURAL;QUEIMADAS;;;;;LV + ENERGZ;;;;;31;;;;;;100%;;;;19/01/2025;31/01/2026;;05/01/2026;;TRUE;TRUE;;;D085909;;;;;LV-1169          24226 EN;;QLP;-11,1013139, -39,8757613;E936353 – E936383;https://drive.google.com/file/d/1NK9tsMR-2pkOtRS7SOoKtYo5jmg8xiYa/view;30;97%;;;;;FALSE;FALSE;1;jan./1;;;;;;;
;B-1022962;;;PLANO 14;;;;;;R$ 115.177,33;;;MARCELO;;;;Janeiro 26;;RR-CCOL-FAZ-BOA VISTA-RURAL;QUEIMADAS;;;;;LV + ENERGZ;;;;;28;;;;;;100%;;;;05/01/2025;17/01/2026;;05/01/2026;;TRUE;TRUE;;;D755470;;;;;LV-1138          24256 EN;;INSTITUCIONAL;-11,1366409, -39,7243466;E936270 – E936296;https://drive.google.com/file/d/1iYz87MMRvru0zsqQrykoZ7K8AJ4IPix8/view;19;68%;;;;;FALSE;FALSE;0;jan./1;;;;;;;
;B-1209354;;;PLANO 7;;;;;;R$ 15.777,43;;;REGINALDO;;;;Janeiro 26;;ER-CIND-RUA-FLAVIO SILVA 10-UMBURANAS;SENHOR DO BONFIM;Cancelada;;;;DESL;;;;;2;0;;;;;100%;;;;13/01/2026;24/01/2026;;16/01/2026;;;TRUE;;;Q049888;;;;;;;QLP;-10,4589335, -40,1388655;E937006 – E937007;https://drive.google.com/file/d/176vmqD-4dtx84CRC_w4PaEq-PdKBFWXJ/view;0;100%;;;;;FALSE;FALSE;1;jan./1;;;;;;;
;B-1235063;;;PLANO 7;;;;;;R$ 5.629,36;;;;;;;Janeiro 26;;ER-SEIN-FAZ-VARZEA FUNDA -RURAL;SENHOR DO BONFIM;Cancelada;;;;BT;Cancelada;;;;1;;;;;;100%;;;;19/01/2026;22/01/2026;;;;;;;;D309083;;;;;;;AGIL;-10,5591413, -39,9873763;;;0;100%;;;;;FALSE;FALSE;1;jan./1;;;;;;;
;B-1192514;;;PLANO 7;;;;;;R$ 223.226,52;;;OSMAR;;;;Janeiro 26;;RR-CCOL-POV-MALACAXETA 1800-LAGEDO;JAGUARARI;Energizada;;;;LV + ENERGZ;ENERGIZADA;;;;28;;;;;;100%;;;;19/01/2026;24/01/2026;;13/01/2026;;TRUE;TRUE;;;Q048752;;;;;2890 EN LV-5647;;GOVERNO;-10,1785883, -40,1623422;E936297 – E936324;https://drive.google.com/file/d/15T5edlGcCGLBZsGk8FBz7k7aSNEGzBGO/view;27;96%;;;;;TRUE;TRUE;3;jan./1;;;;;;;
;B-1218599;;;PLANO 7;;;;;;R$ 85.822,51;;;OSMAR;;;;Janeiro 26;;ER-CIND-ET-PEDRA BRANCA-RURAL;MONTE SANTO;Energizada;;;;BT;ENERGIZADA;;;;10;;;;;;100%;;;;;;;;;TRUE;TRUE;;;D772198;;;;;154524 EN LV-161772;;QLP;-10,7408517, -40,1242072;;https://drive.google.com/file/d/1FBZ8mw8c7iDhTCvgp8LBeXd8FO9byPXz/view?usp=drive_link;10;100%;;;;;TRUE;TRUE;0;dez./1;;;;;;;
;B-1123207;;;PLANO 14;;;;;;R$ 36.939,22;07/01/2026;;OSMAR;;;;Janeiro 26;;ER-CIND-FAZ-PEDRA-DO MATADOURO;MONTE SANTO;Energizada;;;;BT;ENERGIZADA;;;;6;;;;;;100%;;;;05/01/2026;10/01/2026;;05/01/2026;;TRUE;TRUE;;;D394958;;;;;1605 BT;;NOVOS QUESTIONAMENTOS ANEEL;-10,479504, -39,3025142;E875514 – E875519;https://drive.google.com/file/d/1Slf6OG7UadPjZ1SHAOa39ahiJrTYSi13/view;0;0%;;;;;TRUE;TRUE;1;jan./1;;;;;;;
;B-1192368;;;PLANO 14;;;;;;R$ 1.660,62;08/01/2026;;OSMAR;;;;Janeiro 26;;ER-CIND-FAZ-MARIA DE LIMA-MARIA DE LIMA;MONTE SANTO;Energizada;;;;BT;ENERGIZADA;;;;0;;;;;;100%;;;;05/01/2026;10/01/2026;;05/01/2026;;TRUE;TRUE;;;D252116;;;;;1597 BT;;SLA;-10,4062685, -39,210528;;https://drive.google.com/file/d/1WjkWdoE9aMIypSmy2MMhjjzWcREpEi6H/view;0;100%;;;;;TRUE;TRUE;1;jan./1;;;;;;;
;B-1225952;;;PLANO 7;;;;;;R$ 18.490,19;;;REGINALDO;;;;Janeiro 26;;UB-CIND-RUA-MARIA ARAUJO-JUSTINO GOMES;ANDORINHAS;Energizada;;;;BT;ENERGIZADA;;;;3;3;;;;;100%;;;;27/01/2026;31/01/2026;;20/01/2026;;;TRUE;;;Q097016;;;;;5226 BT;;AGIL;-10,3439107, -39,8354242;;;2;67%;;;;;TRUE;TRUE;1;jan./1;;;;;;;
;B-1227477;;;PLANO 7;;;;;;R$ 54.221,62;;;REGINALDO;;;;Janeiro 26;;ER-CIND-POV-SERRA MORGADOS-RURAL;JAGUARARI;Energizada;;;;BT;ENERGIZADA;;;;8;;;;;;100%;;;;19/01/2026;30/01/2026;;20/01/2026;;;TRUE;;;D137558;;;;;5177 BT;;AGIL;-10,2396611, -40,2399918;;;0;0%;;;;;TRUE;TRUE;1;jan./1;;;;;;;
;B-1157179;;;PLANO 7;;;;;;R$ 455.995,37;;;;;;;Janeiro 26;;IT GRUA AG CANDIDO FONSECA RURAL;SENHOR DO BONFIM;Paralisada;;;;DESL + LV;;;;;36;0;;;;;67%;;;;05/01/2026;31/01/2026;;06/01/2026;;;TRUE;;;;;;;;;;GRUPO A;;E936449 – E936483;https://drive.google.com/file/d/1nZP2Q6clxLAi_G9FpR2MdqvbdUJSXpbr/view;3;100%;;;;;FALSE;FALSE;1;jan./1;;;;;;;
;B-1157045;;;PLANO 7;;;;;;R$ 99.427,13;;;;;;;Janeiro 26;;EQ GRUA-AG CANDIDO FONSECA;SENHOR DO BONFIM;Paralisada;;;;LV;;;;;1;0;;;;;100%;;;;;;;;;;;;;Q041880;;;;;;;MMGD;-10,4831793, -40,1660255;E936996;https://drive.google.com/file/d/1jHzMUmfkfSL9z1YRdGBS4ADe8iBXbHg3/view;0;100%;;;;;FALSE;FALSE;0;jan./1;;;;;;;
;B-1234592;;;;;;;;;;;;REGINALDO;;;;Janeiro 26;;ER CIND MARISTAS ;SENHOR DO BONFIM;Energizada;;;;;ENERGIZADA;;;;1;1;;;;;;;;;;;;;;FALSE;FALSE;FALSE;FALSE;;;;;;;;;;;;1;100%;;;;;TRUE;TRUE;;;;;;;;;
;B-1201683;;;PLANO 7;;;;;;R$ 802.766,79;;ADRIANO;OSMAR;;;;Fevereiro 26;;ER-SEIN-POV-SANTO ANTONIO-SANTO ANTONIO;JAGUARARI;;;;;LV + ENERGZ + BT; ELO 0,5H 536778;;48 FURADAS;;94;20;;;;;100%;;;;02/02/2026;27/02/2026;;03/02/2026;;;TRUE;;;B971287;;;;N3/4;LV-6538 EN 24717   BT 24724;;GOVERNO;-10,027566, -40,051352;E936903 – E936995;https://drive.google.com/file/d/1ypo2v-XF7HyvPiCu55oHvcALYKtBnRxg/view;57;;;;;;;FALSE;9;jan./1;É POSSIVEL;Nao concluida;Nao concluida;;Nao concluida;-10,027566;-40,051352
;B-1203968;;;PLANO 7;;;;;;R$ 663.368,59;28/02/2026;EDLECIO;ADAO;;;;Fevereiro 26;;RR-CIND-FAZ-JOAO GOMES-RURAL;CAMPO FORMOSO;Energizada;;;;LV+ ENERGZ;ENERGIZADA;;91;;91;0;;;;;100%;;;;02/02/2026;27/02/2026;;;;TRUE;TRUE;;FALSE;;;;;;24167 EN;;QLP;-10,1347086, -40,4111479;E936669 – E936737;https://drive.google.com/file/d/1KSc6z13NMyr7n5wp1d1gb9M5gAB4qBLi/view?usp=drive_link;90;;;;;;;FALSE;;fev./1;;20;20;TRUE;OK;-10,1347086;-40,4111479
;B-0983966;;;PLANO 14;;;;;;R$ 405.345,63;;EDLECIO;;;;;Fevereiro 26;;ER-CCOL-POV ARARAS-RURAL;CAMPO FORMOSO;Paralisada;;;;LV + ENERGZ;COLOCAR COMO AVANÇO;;;;87;;;;;;100%;;;;23/02/2026;31/03/2026;;;;;TRUE;;;B139343;;;;N3/4;;;QLP;-10,143847, -40,5343069;E936817 – E936895;https://drive.google.com/file/d/11KlXf3ohk262ltz0mSsMGoXngFhBwc47/view;0;;;;;;;FALSE;8;jan./1;É POSSIVEL;Nao concluida;Nao concluida;;Nao concluida;-10,143847;-40,5343069
;B-1043420;;;PLANO 14;;;;;;R$ 802.121,47;;GABRIEL;GESONI;;;;Fevereiro 26;;MP-CCOL-POV. VARZINHA RURAL;ITIUBA;;;;;LV + ENERGZ;FALTA CABO 4 2202040;;53 FURADAS (26 DETONADAS);;79;70;;;;;50%;;;;23/02/2026;31/03/2026;;02/02/2026;;TRUE;TRUE;;;D249046;;;;N3/4;LV-5724  EN 24223 ;;INSTITUCIONAL;-10,9296104, -39,7060011;E936738 – E936816;https://drive.google.com/file/d/1iVWNsZQ0Vj0cs6UliI2EDHEfyZb44H_g/view?usp=drive_link;77;;;;;;;FALSE;7;jan./1;É POSSIVEL;Nao concluida;Nao concluida;;Nao concluida;-10,9296104;-39,7060011
;B-1213374;;;PLANO 7;;;;;;R$ 448.030,10;;ADRIANO;REGINALDO;;;;Fevereiro 26;;RI-SEIN-RUA-PINDOBACU-CENTRO;PINDOBAÇU;;;;;DESL + BT + ENERGZ;FALTA  2212022 3x35 XLPE, 2202040 CABO 4;;61;;61;62;;;;;100%;;;;02/02/2026;20/02/2026;;;;TRUE;TRUE;;;Q037089;;;;;20353(D) 23147 EN     23149 BT;;GOVERNO;-10,6682725, -40,3236711;E936609 – E936668;https://drive.google.com/file/d/1Utd2yOlswUx804w_pQErmAIBoci3PLBW/view;57;;;;;27/02/2026;;FALSE;0;jan./1;PENDENTE ANALISE //  (1 SUBS E 2 POSTE);Nao concluida;Nao concluida;;Nao concluida;-10,6682725;-40,3236711
;B-0984471;;;PLANO 14;;;;;;R$ 248.561,08;;EDLECIO;ADAO;;;;Fevereiro 26;;MP-CCOL-POV ARARAS-RURAL;CAMPO FORMOSO;;;;;LV + ENERGZ;FALTA ELO 0,5H 536778;;39 FURADAS;;51;2;;;;;100%;;;;02/02/2026;27/02/2026;;;;TRUE;TRUE;;;B139231;;;;N3/4;LV-6619    24172 EN;;AIC AUDITORIA;-10,1154277, -40,4850514;E936559 – E936608;https://drive.google.com/file/d/1yFKO37daW2DuXEErbro-rEfuw7VKp6kj/view;51;;;;;;;FALSE;6;jan./1;É POSSIVEL;Nao concluida;Nao concluida;FALSE;Nao concluida;-10,1154277;-40,4850514
;B-1213480;;;PLANO 7;;;;;;R$ 314.397,05;;ADRIANO;REGINALDO;;;;Fevereiro 26;;IP-SEIN-RUA-ITAPICURU-RURAL;PINDOBAÇU;;;;;DESL + LV + BT + ENERGZ; FALTA 3431760 LAÇO 35, CABO 2230076 3X35(35),536779 - ELO  1H,CONECT ESTRIBO 2403000 ;;39;;39;34;;;;;100%;;;;16/02/2026;27/02/2026;;04/02/2026;;FALSE;TRUE;;;Q056995;;;;1 N1;2813 EN LV-6517 / 18242 (D) 24730 BT;;GOVERNO;-10,7993508, -40,380492;E936521 – E936558;https://drive.google.com/file/d/1_rT7MYpbbS2UoT4wakh3zwp-KwuKqbLt/view?usp=drive_link;42;;;;;19/02/2026;;FALSE;0;jan./1;DESATIVAR VÃO;Nao concluida;Nao concluida;;Nao concluida;-10,7993508;-40,380492
;B-0603860;;;PLANO 14;;;;;;R$ 145.038,21;;GABRIEL;ALDAIR;;;;Fevereiro 26;;MP-CCOL-POV. MANDI COMPL-RURAL;ANDORINHA;;;;;LV + ENERGZ + BT;FALTA TRAFO 4 2-10 211304, FALTA ELO 0,5H 536778, CONECT ESTRIBO 2403000 ;;40;;38;41;;;;;100%;;;;02/02/2026;18/02/2026;;;;TRUE;TRUE;;;D040108;;;;;2891 EN       2892 BT;;AIC AUDITORIA;-10,2372809, -39,7605516;E936484 – E936520;https://drive.google.com/file/d/17avaG8zEW6an6JTBzSPHMhWlnw158saO/view;40;;;;;;;FALSE;5;jan./1;;Nao concluida;Nao concluida;;Nao concluida;-10,2372809;-39,7605516
;B-1157179;;;PLANO 7;;;;;;R$ 455.995,37;;;;;;;Fevereiro 26;;IT GRUA AG CANDIDO FONSECA RURAL;SENHOR DO BONFIM;Paralisada;;;;DESL + LV;Paralisada;;;;36;22;;;;;100%;;;;;;;;;;TRUE;;;;;;;;;;GRUPO A;;E936449 – E936483;https://drive.google.com/file/d/1nZP2Q6clxLAi_G9FpR2MdqvbdUJSXpbr/view;3;;;;;;;FALSE;1;jan./1;MELHORAMENTO;Nao concluida;Nao concluida;;Nao concluida;;
;B-0570402;;;PLANO 14;;;;;;R$ 137.134,64;;ADRIANO;JEFFERSON;;;;Fevereiro 26;;MP-CIND-FAZ MULAMBA-TANQUINHO-RURAL;JAGUARARI;;;;;LV + ENERGZ;FALTA CABO 4 2202040, 3430547 ALÇA 25, ELO 0,5H 536778;;35;;35;31;;;;;100%;;;;16/02/2026;27/02/2026;;16/02/2026;;;TRUE;;;D686168;;;;1 N1-3;22452 LV EN 24314;;GOVERNO;-10,0598907, -40,2563495; E939107 -  E939142;https://drive.google.com/file/d/1XwD7J2s9T0MUwQmz_r-J5Q82iHlVpkPJ/view;35;;;;;;;FALSE;1;fev./1;É POSSIVEL;Nao concluida;Nao concluida;;Nao concluida;-10,0598907;-40,2563495
;B-1193455;;;PLANO 14;;;;;;R$ 341.230,88;;GABRIEL;ALDAIR;;;;Fevereiro 26;;RR-CIND-POV-TOCAS-RURAL;MONTE SANTO;;;;;LV + ENERGZ;FALTA CABO 4 2202040, Adicionar 2 poste 11600 AN1;;26 FURADAS;;33;8;;;;;100%;;;;16/02/2026;27/02/2026;;16/02/2026;;;TRUE;;;D020576;;;;N3;22178 LV   24283 EN;;QLP;-10,4476125, -39,5672436; E939143 -  E939175;https://drive.google.com/file/d/1-GHqX6N1FHBYQW6Mql1Qg7O-SRNvNzMF/view;35;;;;;;;FALSE;5;fev./1;NÃO E POSSIVEL;Nao concluida;Nao concluida;FALSE;Nao concluida;-10,4476125;-39,5672436
;B-1223889;;;PLANO 7;;;;;;R$ 301.753,13;;GABRIEL;ANAILTON;;;;Fevereiro 26;;ER-CIND-POV-LAGOA DAS MO AS- PONTO NOVO;QUEIMADAS;;;;;LV + ENERGZ;FALTA TRAFO 2-10 211304, FALTA ELO 0,5H 536778, 3430547 ALÇA 25 , CONECT ESTRIBO 2403000 ;;33;;33;29;;;;;100%;;;;02/02/2026;27/02/2026;;;;TRUE;TRUE;;;D918621;;;;1 N1-3;2886 EN LV-5584;;QLP;-10,9948355, -39,5379872;E936384 – E936416;https://drive.google.com/file/d/1QagrSAAiJWunSk947lAJ6e3ElyJ3AtEn/view?usp=drive_link;32;;;;;;;FALSE;2;jan./1;É POSSIVEL;Nao concluida;Nao concluida;;Nao concluida;-10,9948355;-39,5379872
;B-1213741;;;PLANO 7;;;;;;R$ 239.084,55;19/02/2026;ADRIANO;JOSE ROBERTO;;;;Fevereiro 26;;RR-SEIN-RUA-PINDOBACU-CENTRO;PINDOBAÇU;Energizada;;;;DESL + LV + BT + ENERGZ;ENERGIZADA;;33;;33;0;;;;;100%;;;;02/02/2026;20/02/2026;;24/02/2026;;TRUE;TRUE;;;Q036262;;;;N1 C/ TRF;  23153 EN / LV-5674 14752(D) LV-20421 23157 BT;;GOVERNO;-10,6216199, -40,2905741;E936417 – E936448;https://drive.google.com/file/d/1OUrliukqqrj_sKOeh_P-TgwvPeYk6S3J/view;35;;;;;13/02/2026;TRUE;TRUE;0;jan./1;SUBS CABO;OK;OK;TRUE;OK;-10,6216199;-40,2905741
;B-1214280;;;PLANO 7;;;;;;R$ 211.050,93;;GABRIEL;MARCELO;;;;Fevereiro 26;;ER-CIND-POV-ALECRIM PEDRAS ALTAS-RURAL;QUEIMADAS;;;;;LV + ENERGZ;FALTA CABO 4 2202040, 3430547 ALÇA 25, ELO 0,5H 536778;;0;;31;0;;;;;50%;;;;16/02/2026;31/03/2026;;;;TRUE;TRUE;;;D085909;;;;N3/4;LV-1169 EN 24226;;QLP;-11,1013139, -39,8757613;E936353 – E936383;https://drive.google.com/file/d/1NK9tsMR-2pkOtRS7SOoKtYo5jmg8xiYa/view;30;;;;;;;FALSE;1;jan./1;É POSSIVEL;Nao concluida;Nao concluida;;Nao concluida;-11,1013139;-39,8757613
;B-1193733;;;PLANO 14;;;;;;R$ 234.605,22;;EDLECIO;ISRAEL;;;;Fevereiro 26;;MP-CIND-POV-VARZEA-RURAL;CAMPO FORMOSO;;;;;LV + ENERGZ;FALTA CABO 4 2202040, 3430547 ALÇA 25;;16 FURADAS(2 DETONADAS);;29;0;;;;;100%;;;;16/02/2026;27/02/2026;;09/02/2026;;;TRUE;;;D176735;;;;SUB PST N4-3;22083 LV EN 24308 ;;QLP;-10,2004073, -40,3397152; E939176 -  E939205;https://drive.google.com/file/d/1rwrdEiCFEP4vHfYWJMi4CQBA42nNjUEW/view;29;;;;;;;FALSE;2;fev./1;É POSSIVEL;Nao concluida;Nao concluida;;Nao concluida;-10,2004073;-40,3397152
;B-1022962;;;PLANO 14;;;;;;R$ 115.177,33;;GABRIEL;;;;;Fevereiro 26;;RR-CCOL-FAZ-BOA VISTA-RURAL;QUEIMADAS;Paralisada;;;;DESL;;;;;28;;;;;;100%;;;;02/02/2026;27/02/2026;;;;TRUE;TRUE;;;D755470;;;;;LV-1138     24256 EN;;INSTITUCIONAL;-11,1366409, -39,7243466;E936270 – E936296;https://drive.google.com/file/d/1iYz87MMRvru0zsqQrykoZ7K8AJ4IPix8/view;19;;;;;;;FALSE;0;jan./1;N3 P/ N4;Nao concluida;Nao concluida;;Nao concluida;-11,1366409;-39,7243466
;B-1067126;;;PLANO 8;;;;;;R$ 351.525,00;14/02/2026;GABRIEL;ALDAIR;;;;Fevereiro 26;;IS-COEL-PR -COMERCIO-ANDORINHA;ANDORINHA;Energizada;;;;DESL + LV;ENERGIZADA;;27;;27;0;;;;;100%;;;;02/02/2026;22/02/2026;;24/02/2026;;TRUE;TRUE;;;Q109712;;;;;;;JUDICIAL;-10,5021538, -39,4067176;E936243 – E936269;https://drive.google.com/file/d/1zL042QxT5snV06b_oVubU9G6zFUdXZ4G/view;18;;;;;08/02/2026;TRUE;TRUE;0;jan./1;SUBS 9 PSTP E 9 VAOS MT;OK;OK;TRUE;OK;-10,5021538;-39,4067176
;B-1221916;;;PLANO 7;;;;;;R$ 165.426,67;07/02/2026;ADRIANO;JEFFERSON;;;;Fevereiro 26;;UB-CIND-RUA-DO MORRINHO-CENTRO;JAGUARARI;Energizada;;;;DESL + LV;ENERGIZADA;;26;;26;0;;;;;100%;;;;02/02/2026;20/02/2026;;02/02/2026;;TRUE;TRUE;;FALSE;;;;;;;;QLP;-9,8904815, -39,9658245; E939254 -  E939272;https://drive.google.com/file/d/1n_xffADCT16pqNHvte3HZBQd3Rc1Hrom/view;25;;;;;;TRUE;TRUE;;fev./1;;OK;OK;TRUE;OK;-9,8904815; -39,9658245
;B-1202248;;;PLANO 14;;;;;;R$ 169.109,47;;GABRIEL;ANAILTON;;;;Fevereiro 26;;RR-CIND-FAZ-CALDEIRÃO COBERTO-RURAL;NORDESTINA;;;;;LV + ENERGZ;FALTA ELO 0,5H 536778, 3430547 ALÇA 25;;23;;23;0;;;;;100%;;;;23/02/2026;27/02/2026;;16/02/2026;;;TRUE;;;B344153;;;;1 N4-3;22372 LV       24289 EN;;QLP;-10,8812609, -39,4129843; E939230 -  E939253;https://drive.google.com/file/d/1RDSayDf0L0uEGVXke8ZpF0OMRFzu7b9s/view;23;;;;;;;FALSE;2;fev./1;É POSSIVEL;Nao concluida;Nao concluida;;Nao concluida;-10,8812609;-39,4129843
;B-1131090;;;PLANO 14;;;;;;R$ 226.735,22;;GABRIEL;MARCELO;;;;Fevereiro 26;;MP-CCOL-POV.FOVEIRA-RURAL;MONTE SANTO;;;;;LV + ENERGZ;FALTA ELO 0,5H 536778, 3430547 ALÇA 25, CONECT ESTRIBO 2403000 ;;23;;23;22;;;;;100%;;;;16/02/2026;27/02/2026;;16/02/2026;;;TRUE;;;D366131;;;;1 N4-3;22397 LV  24298 EN;;INSTITUCIONAL;-10,3581384, -39,353502; E939206 -  E939229;https://drive.google.com/file/d/1HNbpFNOl89ROnj9-HG9cd6ak8Z778wer/view;20;;;;;;;FALSE;7;fev./1;É POSSIVEL;Nao concluida;Nao concluida;;Nao concluida;-10,3581384;-39,353502
;B-1152989;;;PLANO 14;;;;;;R$ 212.049,17;;GABRIEL;MARCELO;;;;Fevereiro 26;;MP-CIND-FAZ-RIACHO FUNDO-RURAL;MONTE SANTO;;;;;LV + ENERGZ;FALTA ELO 0,5H 536778, FALTA CABO 4 2202040, 3430547 ALÇA 25;;1;;20;0;;;;;50%;;;;16/02/2026;27/02/2026;;16/02/2026;;;TRUE;;;D575044;;;;N3/4;22438 LV  24298 EN;;AIC AUDITORIA;-10,3779791, -39,2275343;E959940 - E959959;https://drive.google.com/file/d/1NkC7jgPMGj5FLxrOHtp0Z0v0sL74y0CP/view;18;;;;;;;FALSE;2;fev./1;É POSSIVEL;Nao concluida;Nao concluida;;Nao concluida;-10,3779791;-39,2275343
;B-1187904;;;PLANO 14;;;;;;R$ 162.733,98;;ADRIANO;REGINALDO;;;;Fevereiro 26;;ER-CIND-POV-VARZEA QUEIMADA-3;FILADÉLFIA;;;;;LV + ENERGZ;FALTA CABO 4 2202040, 3430547 ALÇA 25, ELO 0,5H 536778, CONECT ESTRIBO 2403000 ;;19;;19;18;;;;;100%;;;;23/02/2026;27/02/2026;;17/02/2026;;;TRUE;;;D406736;;;;N3/4;22458 LV  24315 EN;;QLP;-10,7862048, -40,1412658;E959960 - E959977;https://drive.google.com/file/d/1rgx9pjVyYe46mIjz6dZ2ILtjVUtJuKZm/view;10;;;;;;;FALSE;3;fev./1;É POSSIVEL;Nao concluida;Nao concluida;;Nao concluida;-10,7862048;-40,1412658
;B-1167474;;;PLANO 7;;;;;;R$ 189.770,94;;EDLECIO;JOSE ROBERTO;;;;Fevereiro 26;;RR-CIND-FAZ-CAMPINAS-CAMPINHOS;CAMPO FORMOSO;;;;;DESL + LV;Mudar desligamento - Passar BT;;0;;17;;;;;;100%;;;;23/02/2026;27/02/2026;;17/02/2026;;;;;;Q061738;;;;4 PSTP;18464 (D);;QLP;-10,5358836, -40,431366;E959978 - E959995;https://drive.google.com/file/d/18oVi-DfmD6yB6glOozlZxRy4vekT_I0a/view?usp=drive_link;18;;;;;24/02/2026;;FALSE;1;fev./1;ADF EM 7 VAO E SUB 2 PST;Nao concluida;Nao concluida;;Nao concluida;-10,5358836;-40,431366
;B-1069756;;;PLANO 14;;;;;;R$ 123.275,29;;EDLECIO;ADAO;;;;Fevereiro 26;;MP-CCOL-POV-ARARAS-RURAL;CAMPO FORMOSO;;;;;LV + ENERGZ;"FALTA CABO 4 2202040; Realizar 1 Poda";;PENDENTE FURAR;;15;;;;;;100%;;;;16/02/2026;27/02/2026;;16/02/2026;;;TRUE;;;B139659;;;;1 N4-3;22318 LV  24708 EN;;SUBSÍDIO DE DEFESA;-9,9794725, -40,4737873;E959996 - E960010;https://drive.google.com/file/d/1lKoZ9hXiXWtVUPJtOMn8mJHpthkfu0R6/view?usp=drive_link;15;;;;;;;FALSE;2;fev./1;NÃO E POSSIVEL;Nao concluida;Nao concluida;FALSE;Nao concluida;-9,9794725;-40,4737873
;B-1242603;;;PLANO 14;;;;;;R$ 70.498,88;07/02/2026;GABRIEL;ANAILTON;;;;Fevereiro 26;;ER-CIND-POV-MATINHA-RURAL;ITIUBA;Energizada;;;;LV + ENERGZ;ENERGIZADA;;14;;14;0;;;;;100%;;;;02/02/2026;13/02/2026;;12/01/2026;;TRUE;TRUE;;;Q093542;;;;;1451 EN LV-5569;;REPUTACIONAL;-10,6510182, -39,8157491;E960011 - E960025;https://drive.google.com/file/d/1k-8OJ2oSQ7CGQLWvAN5QdgOl8p4gJWlp/view;14;;#VALUE!;;;;TRUE;TRUE;1;jan./1;;OK;OK;TRUE;OK;-10,6510182;-39,8157491
;B-0734547;;;PLANO 14;;;;;;R$ 69.829,38;;EDLECIO;ISRAEL;;;;Fevereiro 26;;MP-CCOL-POV ATALHO 44444 - RURAL;CAMPO FORMOSO;;;;;LV + ENERGZ;FALTA TRAFO 2 2-10 211304, FALTA ELO 0,5H 536778, CONECT ESTRIBO 2403000 ;;0;;14;;;;;;100%;;;;16/02/2026;27/02/2026;;;;TRUE;TRUE;;;Q025022;;;;N1-3;5346 EN LV-6480;;REPUTACIONAL;-10,1273956, -40,732631;E875570 – E875583;https://drive.google.com/file/d/18UJcbZbswKDWyPqqCjc-0SFHTwe3YsNK/view;13;;;;;;;FALSE;3;jan./1;NÃO E POSSIVEL;Nao concluida;Nao concluida;;Nao concluida;-10,1273956;-40,732631
;B-1151663;;;PLANO 7;;;;;;R$ 150.213,08;;GABRIEL;ANAILTON;;;;Fevereiro 26;;AC - CIND FAZ LAGINHA - RURAL;CANSANÇÃO;;;;;LV + ENERGZ;FALTA TRAFO 1 2-10 211304, FALTA ELO 0,5H 536778, CONECT ESTRIBO 2403000 ;;12 FURADAS (8 DETONADAS);;13;12;;;;;100%;;;;16/02/2026;27/02/2026;;02/02/2026;;;TRUE;;;D353699;;;;1 N4-3;20320 EN  // 21888 LV;;RECLAMAÇÃO;-10,6493745, -39,4713057;E960026 - E960039;https://drive.google.com/file/d/1NP88ud6-o_lCx7-f529poCzFniA5kP0y/view;13;;;;;;;FALSE;1;fev./1;É POSSIVEL;Nao concluida;Nao concluida;;Nao concluida;-10,6493745;-39,4713057
;B-1211865;;;PLANO 7;;;;;;R$ 127.045,72;;ADRIANO;REGINALDO;;;;Fevereiro 26;;UB-CIND-RUA-DO CONTORNO-URBANA;FILADÉLFIA;;;;;DESL + LV + ENERGZ;CONECT ESTRIBO 2403000, 536781 - ELO  3H FALTA ;;12;;12;10;;;;;100%;;;;23/02/2026;27/02/2026;;17/02/2026;;;TRUE;;;Q054990;;;;1 N4-3;18805 DESL 1 25/02 / 18844 DESL 2 26/02/ 20313 EN  // 21863 LV;;QLP;-10,7233948, -40,1238703;E960040 - E960051;https://drive.google.com/file/d/1fKKTHr7zmkGUR_rRv03vi7BqDLyMTHlj/view;12;;;;;25/02/2026;;FALSE;1;fev./1;SUB 3 PST BT E 3 VAO BT;Nao concluida;Nao concluida;;Nao concluida;-10,7233948;-40,1238703
;B-1084618;;;PLANO 7;;;;;;R$ 56.320,08;;EDLECIO;;;;;Fevereiro 26;;LD CIND FAZ SANTA RITA RURAL;CAMPO FORMOSO;Cancelada;;;;DESL + LV;;;;;11;0;;;;;100%;;;;23/02/2026;27/02/2026;;;;;TRUE;;;D568744;;;;SUB PST N1-3;;;QLP;-10,5205239, -40,4334179;E960064 - E960074;https://drive.google.com/file/d/16rqNbd9Rmz3ILUYnfMcNw28rRbMmcug4/view;0;;;;;;;FALSE;1;fev./1;RELOC TRAFO;Nao concluida;Nao concluida;;Nao concluida;-10,5205239;-40,4334179
;B-1228884;;;PLANO 7;;;;;;R$ 98.955,17;;GABRIEL;;;;;Fevereiro 26;;ER-CIND-POV-CARRAPATO 10000-RURAL;ITIUBA;Cancelada;;;;LV + ENERGZ;;;;;11;0;;;;;100%;;;;16/02/2026;20/02/2026;;;;;TRUE;;;D003951;;;;1 N1-3;;;QLP;-10,7088911, -40,0005639;E960075 - E960087;https://drive.google.com/file/d/1iFTbWZQUBju6QnYdS9iSKsfYRlOa8U-4/view;0;;;;;;;FALSE;1;fev./1;NÃO E POSSIVEL;Nao concluida;Nao concluida;;Nao concluida;-10,7088911;-40,0005639
;B-1214688;;;PLANO 7;;;;;;R$ 82.213,77;19/02/2026;EDLECIO;ISRAEL;;;;Fevereiro 26;;ER-CIND-POV-BAIXAO-RURAL;CAMPO FORMOSO;Energizada;;;;LV + ENERGZ+ BT;ENERGIZADA;;11;;11;0;;;;;100%;;;;16/02/2026;20/02/2026;;09/02/2026;;TRUE;TRUE;;;D220968;;;;N3/4;20301 BT / 20306 EN  // 22097  LV;;QLP;-10,4960847, -40,5590754;E960052 - E960063;https://drive.google.com/file/d/1tDt36s4o1AjcyEiCPgKBw7o65hg5PqA1/view;9;;;;;;TRUE;TRUE;2;fev./1;É POSSIVEL;OK;OK;TRUE;OK;-10,4960847;-40,5590754
;B-1212991;;;PLANO 7;;;;;;R$ 56.320,08;;ADRIANO;;;;;Fevereiro 26;;ER-CIND-FAZ-INGAS-RURAL;PINDOBAÇU;Cancelada;;;;DESL;;;;;11;0;;;;;100%;;;;23/02/2026;27/02/2026;;;;;TRUE;;;Q037064;;;;;;;QLP;-10,7074447, -40,3481493;E960088 - E960099;https://drive.google.com/file/d/1DnGZznXOe5TTdomGmQCAPf69qZEVXucP/view;0;;;;;;;FALSE;1;fev./1;SUB 1 PSTP;Nao concluida;Nao concluida;;Nao concluida;-10,7074447;-40,3481493
;B-1227353;;;PLANO 7;;;;;;R$ 57.648,84;13/02/2026;ADRIANO;EDSON;;;;Fevereiro 26;;UB-CIND-RUA-DA LINHA-CENTRO;PINDOBAÇU;Energizada;;;;BT;ENERGIZADA;;10;;10;0;;;;;100%;;;;16/02/2026;20/02/2026;;10/02/2026;;TRUE;TRUE;;;D700793;;;;;20291 BT;;QLP;-10,7386008, -40,3653318;E960100 - E960109;https://drive.google.com/file/d/1fE37TEn7LTroZrLQ_ZOHLnmWE5TLiUQL/view;10;;;;;;TRUE;TRUE;2;fev./1;;OK;OK;TRUE;OK;-10,7386008;-40,3653318
;B-1227539;;;PLANO 7;;;;;;R$ 136.460,34;;GABRIEL;ALDAIR;;;;Fevereiro 26;;UB-CIND-AV-JOSE CORGOSINHO CF-CENTRO;ANDORINHA;;;;;DESL + LV;FALTA TRAFO 3-75 211446, ELO 5H 536783, 3X70 2230084, LAÇO 50 3431560, ALÇA 50 3430545 ;;3 DETONADAS;;9;0;;;;;100%;;;;23/02/2026;27/02/2026;;02/02/2026;;;TRUE;;;Q090993;;;;1 CH;LV-20433 DESL 18972;;GOVERNO;-10,3481841, -39,837421;E960119 - E960128;https://drive.google.com/file/d/1mMTZHBWWP6ifq6NVBJWxSpd7hz7Orbnq/view;9;;;;;26/02/2026;;FALSE;1;fev./1;PENDENTE ANALISE // ADF EM 10 VAOS;Nao concluida;Nao concluida;;Nao concluida;-10,3481841;-39,837421
;B-1202352;;;PLANO 7;;;;;;R$ 74.873,29;;EDLECIO;;;;;Fevereiro 26;;AC-CIND-REG.FV POV-ABREU DO PACAUI-RURAL;CAMPO FORMOSO;Paralisada;;;;LV + ENERGZ;DEPENDE DE B-1202349(MÊS 4);;;;8;;;;;;100%;;;;;;;;;;;;;;;;;N3;;;QLP;;E960129 - E960140;https://drive.google.com/file/d/1F7J-k9-YdAx-2HhKYPvCgQ_C6iDa8TZR/view;0;;;;;;;FALSE;2;fev./1;É POSSIVEL;Nao concluida;Nao concluida;;Nao concluida;;
;B-1163365;;;PLANO 14;;;;;;R$ 82.059,10;19/02/2026;GABRIEL;GESONI;;;;Fevereiro 26;;ER-CIND-POV-ASSENT OURICURI-TORTO;ITIUBA;Energizada;;;;BT;ENERGIZADA;;8;;8;0;;;;;100%;;;;09/02/2026;13/02/2026;;09/02/2026;;TRUE;TRUE;;;E609308;;;;;20287 BT;;INSTITUCIONAL;-10,7657576 , -39,9183235;E960141 - E960149;https://drive.google.com/file/d/1Lx_imHFtSFLRFXNQeFDne3yJCB3X9X5B/view;9;;;;;;TRUE;TRUE;1;fev./1;;OK;OK;TRUE;OK;-10,7657576;-39,9183235
;B-1220217;;;PLANO 7;;;;;;R$ 31.227,54;04/02/2026;ADRIANO;JOILSON;;;;Fevereiro 26;;ER-CIND-POV-PASSAGEM VELHA 14-RURAL;SENHOR DO BONFIM;Energizada;;;;BT;ENERGIZADA;;6;;6;0;;;;;100%;;;;02/02/2026;13/02/2026;;04/02/2026;;TRUE;TRUE;;;E524673;;;;;;;INSTITUCIONAL;-10,51257675,-40,16281708;E960150 - E960155;https://drive.google.com/file/d/15m4WocAEXJEMF4dYIlvVMkFgbTAMTRty/view;6;;;;;;TRUE;TRUE;2;fev./1;;OK;OK;TRUE;OK;-10,51257675;-40,16281708
;B-1231272;;;PLANO 7;;;;;;R$ 35.107,74;;GABRIEL;;;;;Fevereiro 26;;ER-CIND-FAZ-MORRO REDONDO-RURAL M REDOND;ANDORINHA;Paralisada;;;;DESL;;;;;5;0;;;;;100%;;;;12/02/2026;20/02/2026;;02/02/2026;;TRUE;TRUE;;;D237071;;;;;14749(D);;OBRAS ÁGEIS;-10,4644564, -39,8919356;E960156 - E960160;https://drive.google.com/file/d/1ohRT7YL_jhrPLTce_SB6oHPu0Fhnb4-2/view?usp=drive_link;5;;;;;;;FALSE;1;fev./1;SUBS TRF;Nao concluida;Nao concluida;;Nao concluida;-10,4644564;-39,8919356
;B-1211882;;;PLANO 7;;;;;;R$ 56.320,08;;GABRIEL;;;;;Fevereiro 26;;LD-CCOL-POV. ROMULO CAMPOS-RURAL;ITIUBA;Cancelada;;;;LV + ENERGZ;;;;;5;0;;;;;100%;;;;16/02/2026;20/02/2026;;;;;TRUE;;;Q089014;;;;1 N1-3;;;QLP;-10,6656649, -39,7442263;E960161 - E960165;https://drive.google.com/file/d/1ZlShfdqHg53i_6yF_pkdkV7fC8rqInra/view;0;;;;;;;FALSE;1;fev./1;NÃO E POSSIVEL;Nao concluida;Nao concluida;;Nao concluida;-10,6656649;-39,7442263
;B-1229382;;;PLANO 8;;;;;;R$ 56.320,08;;GABRIEL;MARCELO;;;;Fevereiro 26;;RC-PREF-RUA-PONTE NOVA-CENTRO;QUEIMADAS;;;;;DESL + LV;FALTA CABO 4 2202040, 3430547 ALÇA 25, ELO 0,5H 536778;;5;;5;4;;;;;100%;;;;23/02/2026;27/02/2026;;02/02/2026;;;TRUE;;;Q104198;;;;1 N4;22221 (D);;QLP;-10,966255, -39,6266983;E960166 - E960170;https://drive.google.com/file/d/1LCuK2VNEOWAEaBD78IbXkHPp9RxnLk5F/view;0;;;;;28/02/2026;;FALSE;1;fev./1;SUBS 2 VAOS MT;Nao concluida;Nao concluida;;Nao concluida;-10,966255;-39,6266983
;B-1235222;;;PLANO 7;;;;;;R$ 26.255,62;12/02/2026;ADRIANO;OSMAR;;;;Fevereiro 26;;UB-CIND-RUA-SALVADOR-NOVO PILAR;JAGUARARI;Energizada;;;;BT;ENERGIZADA;;4;;4;0;;;;;100%;;;;03/02/2026;06/02/2026;;03/02/2026;;TRUE;TRUE;;;E383460;;;;;19546 BT;;OBRAS ÁGEIS;-9,8867443, -39,9750279;E960171 - E960175;https://drive.google.com/file/d/15I_KjRDGKtSZJxg5POltd4Vsl7Q1pFqM/view?usp=drive_link;0;;;;;;TRUE;TRUE;1;fev./1;;OK;OK;TRUE;OK;-9,8867443;-39,9750279
;B-1238247;;;PLANO 7;;;;;;R$ 20.120,43;10/02/2026;ADRIANO;VITOR;;;;Fevereiro 26;;ER-CIND-FAZ-ITAPICURU-RURAL-ITAPICURU;PINDOBAÇU;Energizada;;;;BT;ENERGIZADA;;4;;4;0;;;;;100%;;;;16/02/2026;20/02/2026;;10/02/2026;;TRUE;TRUE;;;D920705;;;;;20280 BT;;OBRAS ÁGEIS;-10,7603437, -40,3735219;E960176 - E960180;https://drive.google.com/file/d/1wLyG-E0eKtrD--9koEfA8nV7i9vI1ML-/view;4;;;;;;TRUE;TRUE;1;fev./1;;OK;OK;TRUE;OK;-10,7603437;-40,3735219
;B-1218933;;;PLANO 7;;;;;;R$ 17.019,62;21/02/2026;GABRIEL;ANAILTON;;;;Fevereiro 26;;ER-CIND-POV-TAPERA-RURAL;MONTE SANTO;Energizada;;;;DESL;ENERGIZADA;;3;;3;0;;;;;100%;;;;16/02/2026;20/02/2026;;16/02/2026;;TRUE;TRUE;;;A269213;;;;;18365 (D)     25370 BT;;OBRAS ÁGEIS;-10,4765066, -39,3455336;E960193 - E960195;https://drive.google.com/file/d/15--7xfkm0ARDRypmDEonZN4SBy1I4MqI/view;3;;;;;20/02/2026;TRUE;TRUE;1;fev./1;1 PSPT BT;OK;OK;TRUE;OK;-10,4765066;-39,3455336
;B-1227102;;;PLANO 7;;;;;;R$ 20.406,94;10/02/2026;GABRIEL;ANAILTON;;;;Fevereiro 26;;UB-CIND-RUA-ALTO DAS POPULARES 80-NORDES;NORDESTINA;Energizada;;;;BT;ENERGIZADA;;3;;3;0;;;;;100%;;;;16/02/2026;20/02/2026;;02/02/2026;;TRUE;TRUE;;;Q101743;;;;;19530 BT;;OBRAS ÁGEIS;-10,8300414, -39,4323508;E960199 - E960201;https://drive.google.com/file/d/14eE8IL6rnR8HN6jAoXzkuCLR6BVSiQiq/view;1;;;;;;TRUE;TRUE;0;fev./1;;OK;OK;TRUE;OK;-10,8300414;-39,4323508
;B-1153560;;;PLANO 8;;;;;;R$ 35.948,81;27/02/2026;GABRIEL;ANTONIO;;;;Fevereiro 26;;RC-CIND-CJN-CALUNGA-RURAL;MONTE SANTO;Energizada;;;;DESL + LV;ENERGIZADA;;0;;3;0;;;;;100%;;;;23/02/2026;27/02/2026;;16/02/2026;;TRUE;TRUE;;;D366345;;;;2 PSTP;DESL 19007   //  21868 LV;;INSTITUCIONAL;-10,3720924, -39,2941562;E960196 - E960199;https://drive.google.com/file/d/15I_KjRDGKtSZJxg5POltd4Vsl7Q1pFqM/view;3;;;;;27/02/2026;TRUE;TRUE;0;fev./1;SUBS 2 VAOS MT;OK;OK;TRUE;OK;-10,3720924;-39,2941562
;B-1219020;;;PLANO 7;;;;;;R$ 17.237,92;;GABRIEL;MARCELO;;;;Fevereiro 26;;UB-CIND-RUA-NOVA-ALTO DA COLINA;MONTE SANTO;;;;;BT; FALTA 3431760 LAÇO 35;;2 (1 PENDENTE COMPRESSOR);;3;3;;;;;100%;;;;09/02/2026;13/02/2026;;16/02/2026;;;TRUE;;;E592238;;;;;19497 BT;;OBRAS ÁGEIS;-10,4283828,-39,3250001;E960190 - E960192;https://drive.google.com/file/d/1P1_YjzmTpcYPiO9N_n6c7bb3TdLg5Dd1/view;3;;;;;;;FALSE;1;fev./1;;Nao concluida;Nao concluida;;Nao concluida;-10,4283828;-39,3250001
;B-1239666;;;PLANO 7;;;;;;R$ 14.020,77;;GABRIEL;GESONI;;;;Fevereiro 26;;ER-CIND-RUA- JOEL ALVES-CENTRO;ITIUBA;;;;;BT; FALTA 3431760 LAÇO 35;;3;;3;0;;;;;100%;;;;23/02/2026;27/02/2026;;09/02/2026;;FALSE;TRUE;;FALSE;Q067141;;;;;20897 BT;;OBRAS ÁGEIS;-10,6836694, -39,8588552;E960227 - E960229;https://drive.google.com/file/d/1rrszZusLpMF8hjVoQJJFEiHNeGSeG3xy/view?usp=drive_link;3;;;;;;FALSE;FALSE;1;fev./1;;Nao concluida;Nao concluida;FALSE;Nao concluida;-10,6836694;-39,8588552
;B-1232017;;;PLANO 7;;;;;;R$ 15.669,90;14/02/2026;GABRIEL;GESONI;;;;Fevereiro 26;;ER-CIND-LOT-JOSE SEVERO HOMEM-RURAL;ITIUBA;Energizada;;;;BT;ENERGIZADA;;3;;3;0;;;;;100%;;;;09/02/2026;13/02/2026;;09/02/2026;;TRUE;TRUE;;;D512590;;;;;19520 BT;;OBRAS ÁGEIS;-10,6642587, -39,75363;E960187 - E960189;https://drive.google.com/file/d/1sHwwP4l5ZoiEr1oDAVoSPcbCeEBuZJD-/view;1;;;;;;TRUE;TRUE;1;fev./1;;OK;OK;TRUE;OK;-10,6642587;-39,75363
;B-1119843;;;PLANO 14;;;;;;R$ 19.575,55;19/02/2026;EDLECIO;ISRAEL;;;;Fevereiro 26;;ER-CIND-FAZ-TANQUINHO-RURAL;CAMPO FORMOSO;Energizada;;;;LV + BT;ENERGIZADA;;3;;3;0;;;;;100%;;;;16/02/2026;20/02/2026;;09/02/2026;;TRUE;TRUE;;;D930606;;;;3 N1;19535 BT  // 22175 LV;;RECLAMAÇÃO;-10,3143776, -40,8585843;E960184 - E960186;https://drive.google.com/file/d/1FkkUevFGcHwmZ-_Mna43D0OMIlFOCUmJ/view;3;;;;;;TRUE;TRUE;1;fev./1;É POSSIVEL;OK;OK;TRUE;OK;-10,3143776;-40,8585843
;B-1228653;;;PLANO 7;;;;;;R$ 103.250,38;25/02/2026;ADRIANO;JEFFERSON;;;;Fevereiro 26;;ER-CIND-RUA-DA LINHA-CENTRO-FLAMENGO;JAGUARARI;Energizada;;;;DESL + LV + BT + ENERGZ;ENERGIZADA;;3;;3;0;;;;;100%;;;;16/02/2026;20/02/2026;;25/02/2026;;TRUE;TRUE;;;Q048359;;;;;1527 BT 1537 EN / DESL 20329;;SOLICITAÇÃO ATENDIMENTO;-10,0433385, -40,2269572;E960181 - E960183;https://drive.google.com/file/d/1koCRpj2CZnQIsd9IYKN1OYg42zhNUzl_/view;2;;;;;25/02/2026;TRUE;TRUE;1;jan./1;PENDENTE ANALISE// SUBS TRF E VAOS BT;OK;OK;TRUE;OK;-10,0433385;-40,2269572
;B-1238912;;;PLANO 7;;;;;;R$ 11.231,21;24/02/2026;ADRIANO;JOILSON;;;;Fevereiro 26;;AC-CIND-FAZ JUNCO 520-RURAL;SENHOR DO BONFIM;Energizada;;;;BT;ENERGIZADA;;3;;3;0;;;;;100%;;;;16/02/2026;20/02/2026;;17/02/2026;;TRUE;TRUE;;FALSE;B008655;;;;;20899 BT;;OBRAS ÁGEIS;-10,4832639, -40,0136436;E960221 - E960223;https://drive.google.com/file/d/1IdxLDQnisP5cO0D-IZeBSwZzBpDomTe-/view?usp=drive_link;0;;;;;;TRUE;TRUE;1;fev./1;;OK;OK;TRUE;OK;-10,4832639;-40,0136436
;B-1239356;;;PLANO 7;;;;;;R$ 11.713,98;17/02/2026;ADRIANO;JOILSON;;;;Fevereiro 26;;ER-CIND-FAZ-BARRO DE CIMA 450-RURAL;SENHOR DO BONFIM;Energizada;;;;BT;ENERGIZADA;;3;;3;0;;;;;100%;;;;16/02/2026;20/02/2026;;17/02/2026;;TRUE;TRUE;;FALSE;Q038380;;;;;20900 BT;;OBRAS ÁGEIS;-10,5086457, -40,1820484;E960224 - E960226;https://drive.google.com/file/d/1aE58Y8bzUTsBlIeEmgqbgm3wSRzRa3NK/view?usp=drive_link;0;;;;;;TRUE;TRUE;1;fev./1;;OK;OK;TRUE;OK;-10,5086457;-40,1820484
;B-1222322;;;PLANO 7;;;;;;R$ 44.108,41;12/02/2026;GABRIEL;ALDAIR;;;;Fevereiro 26;;AC-PREF-POV-RIACHO SECO-RURAL;ANDORINHA;Energizada;;;;DESL;ENERGIZADA;;2;;2;0;;;;;100%;;;;02/02/2026;06/02/2026;;05/02/2026;;TRUE;TRUE;;;D574414;;;;;19572(D);;GOVERNO;-10,2959073, -40,7210239;E903477 – E903478;https://drive.google.com/file/d/1d4XLET9qUCGH5O3CHAL69rbSlbrpuMfx/view?usp=drive_link;2;;;;;12/02/2026;TRUE;TRUE;1;dez./1;PENDENTE ANALISE;OK;OK;TRUE;OK;-10,2959073;-40,7210239
;B-1132650;;;PLANO 14;;;;;;R$ 27.457,10;28/02/2026;GABRIEL;ALDAIR;;;;Fevereiro 26;;ER-CIND-FAZ-LAGOA FORMOSA-LAGOA FORMOSA;MONTE SANTO;Energizada;;;;LV + ENERGZ;ENERGIZADA;;2;;2;0;;;;;100%;;;;16/02/2026;20/02/2026;;02/02/2026;;;TRUE;;;P118763;;;;N1 C/ TRF;18620 EN // 21882 LV;;RECLAMAÇÃO;-10,2373031, -39,5073349;E960210 - E960211;https://drive.google.com/file/d/1LyAdQKoPV5cZYiDB6dCOE5G4_g1c3Swk/view;0;;;;;;;FALSE;1;fev./1;NÃO E POSSIVEL;20;20;TRUE;OK;-10,2373031;-39,5073349
;B-1238878;;;PLANO 7;;;;;;R$ 17.263,72;11/02/2026;GABRIEL;ALDAIR;;;;Fevereiro 26;;ER-CIND-POV-HORIZONTE NOVO 999-RURAL;MONTE SANTO;Energizada;;;;BT;ENERGIZADA;;2;;2;0;;;;;100%;;;;23/02/2026;27/02/2026;;16/02/2026;;TRUE;TRUE;;FALSE;B048899;;;;;20872 BT;;OBRAS ÁGEIS;-10,3444855, -39,7149467;E960219 - E960220;https://drive.google.com/file/d/1Hq-LuMZY-rpyAKUOVYJf0WUpK_eM6awT/view?usp=drive_link;0;;;;;;TRUE;TRUE;1;fev./1;;OK;OK;TRUE;OK;-10,3444855;-39,7149467
;B-1220731;;;PLANO 7;;;;;;R$ 13.620,25;25/02/2026;GABRIEL;ANAILTON;;;;Fevereiro 26;;UB-CIND-RUA-EDVALDO A D CARVALHO-CENTRO;CANSANÇÃO;Energizada;;;;BT;ENERGIZADA;;2;;2;0;;;;;100%;;;;16/02/2026;20/02/2026;;02/02/2026;;TRUE;TRUE;;;D172248;;;;;18631 BT;;OBRAS ÁGEIS;-10,668861, -39,5047845;E960202 - E960203;https://drive.google.com/file/d/175LufnT7T9pMdxa0EhJIgPQ9o3UZN588/view;2;;;;;;TRUE;TRUE;1;fev./1;;OK;OK;TRUE;OK;-10,668861;-39,5047845
;B-1052311;;;PLANO 14;;;;;;R$ 6.122,24;21/02/2026;GABRIEL;ANAILTON;;;;Fevereiro 26;;ER-CIND-POV-SERROTE-RURAL;NORDESTINA;Energizada;;;;BT;ENERGIZADA;;2;;2;0;;;;;100%;;;;16/02/2026;20/02/2026;;02/02/2026;;TRUE;TRUE;;;D224980;;;;;18636 BT;;SUBSÍDIO DE DEFESA;-10,8452114, -39,5146033;E960212 - E960213;https://drive.google.com/file/d/1r7eGYPo3NCE1FaumAUxfeIhqJa2i6bQY/view;2;;;;;;TRUE;TRUE;1;fev./1;;OK;OK;TRUE;OK;-10,8452114;-39,5146033
;B-1238843;;;PLANO 7;;;;;;R$ 15.975,59;14/02/2026;ADRIANO;JEFFERSON;;;;Fevereiro 26;;ER-CCOL-ET-VELHA 4-RURAL;JAGUARARI;Energizada;;;;BT;ENERGIZADA;;2;;2;0;;;;;100%;;;;03/02/2026;06/02/2026;;03/02/2026;;TRUE;TRUE;;;E814768;;;;;18643 BT;;GOVERNO;-10,2767108, -40,1794177;E960206 - E960207;https://drive.google.com/file/d/1ZnnwqWkJAwP8cRi0ocvDJsmY5DG11zAz/view;0;;;;;;TRUE;TRUE;1;fev./1;;OK;OK;TRUE;OK;-10,2767108;-40,1794177
;B-1217394;;;PLANO 7;;;;;;R$ 27.106,99;18/02/2026;ADRIANO;JEFFERSON;;;;Fevereiro 26;;ER-CIND-POV-SERRA DOS MORGADOS-RURAL;JAGUARARI;Energizada;;;;LV + ENERGZ;ENERGIZADA;;2;;2;0;;;;;100%;;;;16/02/2026;20/02/2026;;03/02/2026;;TRUE;TRUE;;;D698760;;;;1 N1 E N1 C/ TRF;18648 EN  //  21896 LV;;RECLAMAÇÃO;-10,2481589, -40,2386043;E960208 - E960209;https://drive.google.com/file/d/1PA_aQMMfYTiBed0J1hS_Thx4w77xeQn6/view;0;;;;;;TRUE;TRUE;1;fev./1;É POSSIVEL;OK;OK;TRUE;OK;-10,2481589;-40,2386043
;B-1209354;;;PLANO 7;;;;;;R$ 15.777,43;12/02/2026;ADRIANO;JOILSON;;;;Fevereiro 26;;ER-CIND-RUA-FLAVIO SILVA 10-UMBURANAS;SENHOR DO BONFIM;Energizada;;;;DESL;ENERGIZADA;;2;;2;0;;;;;100%;;;;09/02/2026;12/02/2026;;04/02/2026;;TRUE;TRUE;;;Q049888;;;;;14724(D)  // 21594 LV;;QLP;-10,4589335, -40,1388655;E937006 – E937007;https://drive.google.com/file/d/176vmqD-4dtx84CRC_w4PaEq-PdKBFWXJ/view;0;;;;;12/02/2026;TRUE;TRUE;1;jan./1;(20 VAOS DE ADF E 5 VAOS BT);OK;OK;TRUE;OK;-10,4589335;-40,1388655
;B-1229071;;;PLANO 14;;;;;;R$ 13.023,01;10/02/2026;ADRIANO;JOILSON;;;;Fevereiro 26;;ER-CIND-ET-VELHA CARRAPICHEL-RURAL;SENHOR DO BONFIM;Energizada;;;;BT;ENERGIZADA;;2;;2;0;;;;;100%;;;;02/02/2026;13/02/2026;;04/02/2026;;TRUE;TRUE;;;Q043743;;;;;18123 BT;;QLP;-10,3916105, -40,1605891;E960214 - E960215;https://drive.google.com/file/d/169FwUzntD9Wh39Bk56SYNjqsCrJjUbio/view;0;;;;;;TRUE;TRUE;2;fev./1;;OK;OK;TRUE;OK;-10,3916105;-40,1605891
;B-1224366;;;PLANO 14;;;;;;R$ 14.278,51;17/02/2026;ADRIANO;REGINALDO;;;;Fevereiro 26;;ER-CIND-POV-AGUADAS S N-RURAL;FILADÉLFIA;Energizada;;;;BT;ENERGIZADA;;2;;2;0;;;;;100%;;;;16/02/2026;20/02/2026;;17/02/2026;;TRUE;TRUE;;;Q039839;;;;;19493 BT;;QLP;-10,681235, -40,1853344;E960204 - E960205;https://drive.google.com/file/d/1gkuWY6SDgJSX-N19HwAo9F_CXL1YvsUP/view;2;;;;;;TRUE;TRUE;2;fev./1;;OK;OK;TRUE;OK;-10,681235;-40,1853344
;B-1151586;;;PLANO 7;;;;;;R$ 26.251,94;25/02/2026;GABRIEL;ALDAIR;;;;Fevereiro 26;;AC-CIND-LOT-VILA PEIXE-VILA PEIXE;ANDORINHA;Energizada;Pendente;;;DESL + LV;ENERGIZADA;;1;;1;0;;;;;100%;;;;02/02/2026;06/02/2026;;05/02/2026;;TRUE;TRUE;;;D130180;;;;;LV-150784  19456(D)  // 21850 LV;;RECLAMAÇÃO;-10,3191272, -39,1863356;E903442 – E903442;https://drive.google.com/file/d/1aF3wfEiV0Ka5ZLxYr_1gcyANVlnV3Y_9/view?usp=drive_link;1;;;;;25/02/2026;TRUE;TRUE;0;dez./1;PENDENTE ANALISE;OK;OK;TRUE;OK;-10,3191272;-39,1863356
;B-1237873;;;PLANO 7;;;;;;R$ 6.780,42;10/02/2026;GABRIEL;ALDAIR;;;;Fevereiro 26;;ER-CIND-FAZ-PAU D ARCO-RURAL-PEDRA VERME;MONTE SANTO;Energizada;;;;BT;ENERGIZADA;;1;;1;0;;;;;100%;;;;09/02/2026;13/02/2026;;02/02/2026;;TRUE;TRUE;;;D147548;;;;;16651 BT;;OBRAS ÁGEIS;-10,4175785, -39,5493229;E960112;https://drive.google.com/file/d/16Jk-v6HM8638rCJkTLlSrrJ_-S8eVtdA/view;0;;;;;;TRUE;TRUE;1;fev./1;;OK;OK;TRUE;OK;-10,4175785;-39,5493229
;B-1224382;;;PLANO 8;;;;;;R$ 19.178,33;;GABRIEL;ALDAIR;;;;Fevereiro 26;;RC-CIND-RUA-FORTALEZA-CENTRO;ANDORINHA;;;;;DESL;Falta chace faca 34kv 501036, Ver a possibilidade de fazer Revisao;;0;;1;;;;;;100%;;;;23/02/2026;27/02/2026;;;;TRUE;TRUE;;;Q093313;;;;;;;REPUTACIONAL;-10,3440237, -39,8314899;E936999;https://drive.google.com/file/d/1jxOGm6zBipEwb7xClJFj6lI0mjbttWiF/view;1;;;;;28/02/2026;;FALSE;0;jan./1;SUBS PST;Nao concluida;Nao concluida;;Nao concluida;-10,3440237;-39,8314899
;B-1233582;;;PLANO 7;;;;;;R$ 6.408,59;;GABRIEL;ANAILTON;;;;Fevereiro 26;;UB-CIND-RUA-GUILHERMINO S REIS-URBANA;NORDESTINA;;;;;BT; FALTA 3431760 LAÇO 35;;0;;1;1;;;;;100%;;;;16/02/2026;20/02/2026;;02/02/2026;;;TRUE;;;Q101430;;;;;                                27972 BT;;OBRAS ÁGEIS;-10,8194333, -39,4258933;E960115;https://drive.google.com/file/d/13NNJnINwr-hi4I1kUGVuGBe3JRKmbqWJ/view;1;;;;;;;FALSE;1;fev./1;;Nao concluida;Nao concluida;;Nao concluida;-10,8194333;-39,4258933
;B-1218616;;;PLANO 7;;;;;;R$ 6.038,93;14/02/2026;GABRIEL;ANAILTON;;;;Fevereiro 26;;UB-CIND-RUA-VERA L ANDRADE-C DAGUA;NORDESTINA;Energizada;;;;BT;ENERGIZADA;;1;;1;0;;;;;100%;;;;16/02/2026;20/02/2026;;02/02/2026;;TRUE;TRUE;;;E609025;;;;;16660 BT;;OBRAS ÁGEIS;-10,82515041,-39,4192863;E960114;https://drive.google.com/file/d/1sR7UYvHMGNWkeRa5f6sKziJQG4-zgrbH/view;1;;;;;;TRUE;TRUE;1;fev./1;;OK;OK;TRUE;OK;-10,82515041;-39,4192863
;B-1228614;;;PLANO 7;;;;;;R$ 7.426,49;;GABRIEL;MARCELO;;;;Fevereiro 26;;UB-CIND-RUA-HELIO CARDOSO M-CENTRO;MONTE SANTO;;;;;BT; FALTA 3431760 LAÇO 35;;0;;1;1;;;;;100%;;;;09/02/2026;13/02/2026;;16/02/2026;;;TRUE;;;D007122;;;;;16726 BT;;OBRAS ÁGEIS;-10,4447127, -39,3295066;E960113;https://drive.google.com/file/d/14fCMK5Qc0YCvMJxR-t36VJm5bsZU7wlh/view;1;;;;;;;FALSE;1;fev./1;;Nao concluida;Nao concluida;;Nao concluida;-10,4447127;-39,3295066
;B-1241389;;;PLANO 7;;;;;;R$ 4.543,60;;GABRIEL;MARCELO;;;;Fevereiro 26;;ER-CIND-FAZ-PEDRA-PEDRA;MONTE SANTO;;;;;BT; FALTA 3430547 ALÇA 25;;1;;1;1;;;;;100%;;;;23/02/2026;27/02/2026;;16/02/2026;;FALSE;TRUE;;FALSE;D140128;;;;;20838 BT;;OBRAS ÁGEIS;-10,4898294, -39,2916554;E960231;https://drive.google.com/file/d/1n6e3Yqh5XPNapYfDIosJ3B49YJFIhs-Y/view?usp=drive_link;1;;;;;;FALSE;FALSE;1;fev./1;;Nao concluida;Nao concluida;FALSE;Nao concluida;-10,4898294;-39,2916554
;B-1233451;;;PLANO 7;;;;;;R$ 6.117,09;14/02/2026;GABRIEL;GESONI;;;;Fevereiro 26;;AC-CIND-RUA-OSVALDO CAMPOS-CENTRO ITIUBA;ITIUBA;Energizada;;;;BT;ENERGIZADA;;1;;1;0;;;;;100%;;;;09/02/2026;13/02/2026;;09/02/2026;;TRUE;TRUE;;;Q067476;;;;;16689 BT;;OBRAS ÁGEIS;-10,6853068, -39,8617353;E960111;https://drive.google.com/file/d/1RnIGJQxEdvdlnM3oggQ5KSl3rgmFD7-P/view;1;;;;;;TRUE;TRUE;1;fev./1;;OK;OK;TRUE;OK;-10,6853068;-39,8617353
;B-1228829;;;PLANO 7;;;;;;R$ 5.558,69;07/02/2026;EDLECIO;ISRAEL;;;;Fevereiro 26;;ER-CIND-POV-RURAL-BREJO GRANDE;CAMPO FORMOSO;Energizada;;;;BT;ENERGIZADA;;1;;1;0;;;;;100%;;;;03/02/2026;13/02/2026;;03/02/2026;;TRUE;TRUE;;;D032740;;;;;16600 BT;;OBRAS ÁGEIS;-10,5290042, -40,4026605;E960110;https://drive.google.com/file/d/1VIXtkU9aG82andIvCCaNEM8e3OmBvzwR/view;0;;;;;;TRUE;TRUE;0;fev./1;;OK;OK;TRUE;OK;-10,5290042;-40,4026605
;B-1228487;;;PLANO 7;;;;;;R$ 8.097,07;24/02/2026;ADRIANO;JOILSON;;;;Fevereiro 26;;ER-CIND-POV-QUICE-ENERGIA SOLAR;SENHOR DO BONFIM;Energizada;;;;BT;ENERGIZADA;;1;;1;0;;;;;100%;;;;02/02/2026;13/02/2026;;04/02/2026;;TRUE;TRUE;;;D659175;;;;;16684 BT;;GRUPO A;-10,5402603, -40,0287256;E960118;https://drive.google.com/file/d/1QDQSMGv6EUXOwomSNXt_dT0fUo2dIcgH/view;0;;;;;;TRUE;TRUE;1;fev./1;;OK;OK;TRUE;OK;-10,5402603;-40,0287256
;B-1241290;;;PLANO 7;;;;;;R$ 4.178,83;18/02/2026;ADRIANO;JOILSON;;;;Fevereiro 26;;UB-CIND-RUA-ALTO RAINHA-ALTO DA COLINA;SENHOR DO BONFIM;Energizada;;;;BT;ENERGIZADA;;1;;1;0;;;;;100%;;;;16/02/2026;20/02/2026;;17/02/2026;;TRUE;TRUE;;FALSE;Q050645;;;;;20803 BT;;OBRAS ÁGEIS;-10,449225, -40,1815043;E960230;https://drive.google.com/file/d/1BPIeYCErCApK8n6lwJk05rcKT2uvbxmt/view?usp=drive_link;0;;;;;;TRUE;TRUE;1;fev./1;;OK;OK;TRUE;OK;-10,449225;-40,1815043
;B-1237631;;;PLANO 7;;;;;;R$ 28.460,33;19/02/2026;ADRIANO;JOILSON;;;;Fevereiro 26;;AC-CIND-ET-VELHA CARRAPICHEL-RURAL;SENHOR DO BONFIM;Energizada;;;;LV + ENERGZ;ENERGIZADA;;1;;1;0;;;;;100%;;;;16/02/2026;20/02/2026;;17/02/2026;;TRUE;TRUE;;FALSE;B167368;;;;1 N1 C/TRF;20817 EN  // 22455 LV;;OBRAS ÁGEIS;-10,3931652, -40,1705598;E960218;https://drive.google.com/file/d/1sZBfoc8kjRz4mCoi0UX0vLDrueRqZJUn/view?usp=drive_link;0;;;;;;TRUE;TRUE;1;fev./1;;OK;OK;TRUE;OK;-10,3931652;-40,1705598
;B-1230915;;;PLANO 7;;;;;;R$ 7.663,04;27/02/2026;GABRIEL;ANAILTON;;;;Fevereiro 26;;UB-CIND-RUA-SONIA MARIA-LOT SONIA MARIA;QUEIMADAS;Energizada;;;;BT;ENERGIZADA;;0;;1;0;;;;;100%;;;;09/02/2026;13/02/2026;;02/02/2026;;TRUE;TRUE;;;D123181;;;;;16667 BT;;OBRAS ÁGEIS;-10,9843702, -39,6206785;E960117;https://drive.google.com/file/d/1eXS64EqJeaBDBtry4E7-W-QKeGw9WMOy/view;0;;;;;;TRUE;TRUE;1;fev./1;;OK;OK;TRUE;OK;-10,9843702;-39,6206785
;B-1233495;;;PLANO 7;;;;;;R$ 39.456,98;27/02/2026;ADRIANO;REGINALDO;;;;Fevereiro 26;;AC-PREF-PR -LEONIDAS FREIRE 2-CENTRO;PONTO NOVO;Energizada;;;;DESL + LV;ENERGIZADA;;1;;1;0;;;;;100%;;;;23/02/2026;27/02/2026;;17/02/2026;;TRUE;TRUE;;;Q054112;;;;1 N1 C/ TRF;18494 (D)  // 21610 LV;;GOVERNO;-10,8620149, -40,1334201;E960116;https://drive.google.com/file/d/119JQA9DmhQAe6dJgSXF1ArALI2Yk-PdJ/view;0;;;;;27/02/2026;TRUE;FALSE;1;fev./1;1 PSTP EM REDE NUA;OK;OK;TRUE;OK;-10,8620149;-40,1334201
;B-1156736;;;PLANO 7;;;;;;R$ 89.560,07;;EDLECIO;;;;;Fevereiro 26;;EQ - GRUA AG. BELA VISTA - RURAL;CAMPO FORMOSO;Paralisada;;;;LV + ENERGZ;DEPENDE DE 9102038829;;;;0;0;;;;;100%;;;;;;;;;;;;;;;;;RELIG;;;MMGD;;;https://drive.google.com/file/d/16sdX5zPfnnuBMBBm86O_x6JE501t67ir/view;0;;;;;;;FALSE;0;fev./1;NÃO E POSSIVEL;Nao concluida;Nao concluida;;Nao concluida;;
;B-1221762;;;PLANO 7;;;;;;R$ 21.160,33;25/02/2026;GABRIEL;GESONI;;;;Fevereiro 26;;AC-CIND-AV-V OSVALDO CAMPOS-CENTRO;ITIUBA;Energizada;;;;DESL;ENERGIZADA;;0;;0;0;;;;;100%;;;;23/02/2026;27/02/2026;;09/02/2026;;TRUE;TRUE;;;Q067326;;;;;18404 (D);;OBRAS ÁGEIS;-10,6870918, -39,8628609;;https://drive.google.com/file/d/1apUGiDZg542GMhBEDAugyiIYIYWGmWUp/view?usp=drive_link;0;;;;;24/02/2026;TRUE;TRUE;1;fev./1;SUBS TRF;OK;OK;TRUE;OK;-10,6870918;-39,8628609
;B-1225551;;;PLANO 7;;;;;;R$ 43.640,11;;GABRIEL;GESONI;;;;Fevereiro 26;;ER-CIND-POV-MANGABEIRA-RURAL;ITIUBA;;;;;LV + ENERGZ;FALTA TRAFO 211235 3-75 34KV, 536780 - ELO 2H , CONECT ESTRIBO 2403000 ;;0;;0;;;;;;100%;;;;09/02/2026;13/02/2026;;09/02/2026;;;TRUE;;;E636244;;;;TRF;16650 EN  //  22077 LV;;OBRAS ÁGEIS;-10,853805, -39,785199;;https://drive.google.com/file/d/1pHHwtGPbO4CAQyihfKV_OajU_ouh8s8r/view?usp=drive_link;0;;;;;;;FALSE;1;fev./1;NÃO E POSSIVEL;Nao concluida;Nao concluida;;Nao concluida;-10,853805;-39,785199
;B-1218777;;;PLANO 7;;;;;;R$ 39.546,25;;EDLECIO;ISRAEL;;;;Fevereiro 26;;AC-CIND-FAZ-TEREZA 2-RURAL;CAMPO FORMOSO;;;;;DESL;FALTA 210448 - TRAFO 3F 112,5KVA, 536783 - ELO  5H , CONECT ESTRIBO 2403000 ;;0;;0;;;;;;100%;;;;16/02/2026;20/02/2026;;09/02/2026;;;TRUE;;;E157792;;;;;18299 (D);;OBRAS ÁGEIS;-10,450478, -40,677286;;https://drive.google.com/file/d/1qo5oZmUJCBPFBUTD2D-ugtmAwwnoEE7W/view?usp=drive_link;0;;;;;20/02/2026;;FALSE;1;fev./1;SUBS TRF;Nao concluida;Nao concluida;;Nao concluida;-10,450478;-40,677286
;B-1234730;;;PLANO 7;;;;;;R$ 23.583,60;;EDLECIO;;;;;Fevereiro 26;;AC-CIND-RUA-DO LIMOEIRO-CENTRO-LIMOEIRO;CAMPO FORMOSO;Cancelada;;;;DESL;;;;;0;0;;;;;100%;;;;16/02/2026;19/02/2026;;03/02/2026;;TRUE;TRUE;;;Z012263;;;;;;;OBRAS ÁGEIS;-10,5431072, -40,3691013;;https://drive.google.com/file/d/151AA1xmpuhPIS3bcyNUmG8sQx4eFbGB3/view?usp=drive_link;0;;;;;;;FALSE;1;fev./1;SUBS TRF;Nao concluida;Nao concluida;;Nao concluida;-10,5431072;-40,3691013
;B-1237560;;;PLANO 7;;;;;;R$ 21.301,93;;EDLECIO;;;;;Fevereiro 26;;ER-CIND-POV-GAMELEIRA-RURAL;CAMPO FORMOSO;Cancelada;;;;LV + ENERGZ;;;;;0;;;;;;100%;;;;03/02/2026;06/02/2026;;03/02/2026;;TRUE;TRUE;;;D271827;;;;TRF;16641 EN;;OBRAS ÁGEIS;-10,5220107, -40,3294311;;https://drive.google.com/file/d/15HfLgF-iS2lXcvPJw4qPpHPjbiTn3_oh/view?usp=drive_link;0;;;;;;;FALSE;1;fev./1;NÃO E POSSIVEL;Nao concluida;Nao concluida;;Nao concluida;-10,5220107;-40,3294311
;B-1225834;;;PLANO 7;;;;;;R$ 17.624,09;;ADRIANO;;;;;Fevereiro 26;;AC-CIND-POV-CONCEICAO-RURAL;JAGUARARI;Cancelada;;;;DESL + LV;;;;;0;;;;;;100%;;;;09/02/2026;13/02/2026;;03/02/2026;;TRUE;TRUE;;;D197055;;;; CH ;14748(D)  //  22071 LV;;OBRAS ÁGEIS;-10,0361268, -40,1562247;;https://drive.google.com/file/d/1iatETkgdgTdpoIaH3lVO37MHploSJ5rJ/view?usp=drive_link;0;;;;;;;FALSE;1;fev./1;SUBS TRF;Nao concluida;Nao concluida;;Nao concluida;-10,0361268;-40,1562247
;B-1230777;;;PLANO 7;;;;;;R$ 27.374,27;;ADRIANO;;;;;Fevereiro 26;;AC-CIND-RUA-SAIDA P DIOGO 1-JACUNA;JAGUARARI;Cancelada;;;;DESL;;;;;0;0;;;;;100%;;;;;;;03/02/2026;;TRUE;TRUE;;;Q047326;;;;;;;OBRAS ÁGEIS;-10,2329782, -40,0987544;;https://drive.google.com/file/d/1wW2rc4BIRhmoGUft5FouDWS8xVOJJ5EF/view?usp=drive_link;0;;;;;;;FALSE;1;fev./1;SUBS TRF;Nao concluida;Nao concluida;;Nao concluida;-10,2329782;-40,0987544
;B-1227020;;;PLANO 7;;;;;;R$ 12.792,43;;ADRIANO;;;;;Fevereiro 26;;ER-CIND-POV-ABOBORA 7-RURAL;JAGUARARI;Cancelada;;;;LV + ENERGZ;;;;;0;;;;;;100%;;;;03/02/2026;06/02/2026;;03/02/2026;;TRUE;TRUE;;;E357511;;;;TRF;16625 EN;;OBRAS ÁGEIS;-9,874637, -40,032492;;https://drive.google.com/file/d/10ItCWdXhM_YhPSUEFs_AzD1OwUl6JL9Z/view?usp=drive_link;0;;;;;;;FALSE;1;fev./1;É POSSIVEL;Nao concluida;Nao concluida;;Nao concluida;-9,874637;-40,032492
;B-1164073;;;PLANO 7;;;;;;R$ 2.969,50;;GABRIEL;MARCELO;;;;Fevereiro 26;;AC-CIND-FAZ-SITIO 1-ALECRIM;QUEIMADAS;Paralisada;;;;LV + ENERGZ;;;0;;0;;;;;;100%;;;;09/02/2026;13/02/2026;;02/02/2026;;;TRUE;;;Q100028;;;;N3;16606 EN  //  22018 LV;;QLP;-10,9976335, -39,8376467;;https://drive.google.com/file/d/1G5w0bX8TmX8IUW8NMO-qld9CqXm0KU34/view;0;;;;;;;FALSE;1;fev./1;É POSSIVEL;Nao concluida;Nao concluida;;Nao concluida;-10,9976335;-39,8376467
;B-1235886;;;PLANO 7;;;;;;R$ 2.627,67;10/02/2026;ADRIANO;JOILSON;;;;Fevereiro 26;;ER-CIND-POV-MAMAO-RURAL - SENHOR;SENHOR DO BONFIM;Energizada;;;;BT;ENERGIZADA;;0;;0;0;;;;;100%;;;;02/02/2026;13/02/2026;;04/02/2026;;TRUE;TRUE;;;Q044428;;;;;16645 BT;;QLP;-10,3876749, -40,1964778;;https://drive.google.com/file/d/1jWKIjZZUcGIJdg0yMtUg8HDdCesZxQ5h/view;0;;;;;;TRUE;TRUE;1;fev./1;;OK;OK;TRUE;OK;-10,3876749;-40,1964778
;B-1232913;;;PLANO 7;;;;;;R$ 1.824,52;09/02/2026;EDLECIO;JOSE ROBERTO;;;;Fevereiro 26;;ER-CIND-FAZ-PILOES 202-C FORMOSO;CAMPO FORMOSO;Energizada;;;;BT;ENERGIZADA;;0;;0;0;;;;;100%;;;;03/02/2026;13/02/2026;;03/02/2026;;TRUE;TRUE;;;B929521;;;;;16628 BT;;QLP;-10,48472384,-40,3680194;;https://drive.google.com/file/d/11lvvOb-kKdzdeWFo93_L7qectVonBnzZ/view;0;;;;;;TRUE;TRUE;1;fev./1;;OK;OK;TRUE;OK;-10,48472384;-40,3680194
;B-1127253;;;PLANO 7;;;;;;R$ 21.505,60;21/02/2026;ADRIANO;REGINALDO;;;;Fevereiro 26;;AC-CIND-FAZ-VARZEA DO CURRAL-RURAL;PONTO NOVO;Energizada;;;;DESL;ENERGIZADA;;0;;0;0;;;;;100%;;;;16/02/2026;20/02/2026;;17/02/2026;;TRUE;TRUE;;;D003025;;;;;18334 (D);;RECLAMAÇÃO;-10,8457883, -40,1147171;;https://drive.google.com/file/d/12CiKXTuMRHQZvsh-Kot7zy-zcd2GW8bS/view;0;;;;;20/02/2026;TRUE;TRUE;0;fev./1;SUB TRF;OK;OK;TRUE;OK;-10,8457883;-40,1147171
;B-1155089;;;PLANO 7;;;;;;R$ 93.817,53;;;;;;;Fevereiro 26;;EQ-GRUA-AG CANDICO FONSECA-RURAL;SENHOR DO BONFIM;Paralisada;;;;LV + ENERGZ;DEPENDE DE 9102065620;;;;0;0;;;;;100%;;;;;;;;;;;;;;;;;RELIG;;;MMGD;;;https://drive.google.com/file/d/1ZuHCfaSHIwLmF5_-f_K3C4RIxzerz3qK/view;0;;;;;;;FALSE;0;fev./1;NÃO E POSSIVEL;Nao concluida;Nao concluida;;Nao concluida;;
