PROJETO_FATO;Carteira;COORD;TÍTULO;MUNICIPIO;STATUS;CLIET.;PSTP;PST EXEC;CAVA PRONTA;CAVA P/ DETON;PLANO;AVNP;PV. INÍCIO;PV. FIM;ENCARREGADO;SUPERVISOR;AR;LATITUDE;LONGITUDE;STATUS 1.1;DATA DE ENERG.;VALOR/PST;Unnamed: 5;GPM;VALOR A FATURAR;TITULO.1;STATUS 2;REPROGRAMAÇÃO;TITULO;CRITERIO;ESTÁGIO DE OBRAS;PRE FECHAMENTO;OBS;RESPONSÁVEL;CLIENTE;DESLIGAMENTO PROGRAMADO;DATA INICIO PROGRAMADA;DATA FINAL PROGRAMADA;DATA DE REPROGRAMAÇÃO;SERVIÇO COM LV;OBRA MIGRADA;PES;MAPS;DATA INICIAL REAL;DATA FINAL REAL;ENERG. INFORMADA;OBS.1
0237059;01/01/2025;JUAZEIRO;MP-CCOL-POV DESTERRO-CAIÇARA-RURAL;CASA NOVA;LV APENAS;66;733;367;;;PLANO 14;50%;01/01/2025;31/03/2025;JORGE;JORGE;DIEGO;-9,31621797;-41,81448;;;;;;;;;;;;;;;;;;;;;;;;;;;;
1093655;01/01/2025;JUAZEIRO;AL - GRUA - FAZ. BAIXA - RURAL;JUAZEIRO;EM EXECUÇÃO;0;188;141;;;PLANO 7;100%;13/01/2025;28/02/2025;CARLOS / PAULO;SANTIAGO;VICTOR;-9,5502028;-40,5219799;;;;;;;;;;;;;;;;;;;;;;;;;;;;
1097831;01/01/2025;JUAZEIRO;ER-CIND-POV-TAPARICA-RURAL;JUAZEIRO;LV;1;3;3;;;PLANO 7;100%;10/01/2025;18/01/2025;GERALDO;EDIE JONNES;CARLOS EDUARDO;-9,10517;-40,275412;;;;;;;;;;;;;;;;;;;;;;;;;;;;
1108281;01/01/2025;JUAZEIRO;ER-CIND-POV-PAUDARCO-MUQUEM;JUAZEIRO;EXT BT;1;8;8;;;PLANO 14;100%;13/01/2025;25/01/2025;GERALDO;EDIE JONNES;CARLOS EDUARDO;-9,287844172;-39,96277385;;;;;;;;;;;;;;;;;;;;;;;;;;;;
1125306;01/01/2025;JUAZEIRO;RR-SEIN-RUA-JOSE CARLOS-PEDRA GRANDE;UAUÁ;POSSIVEL DL MT 7 UCS;1;38;38;;;PLANO 14;100%;15/01/2025;30/01/2025;MAURICIO;EDIE JONNES;CARLOS EDUARDO;-9,919625;-39,542327;;;;;;;;;;;;;;;;;;;;;;;;;;;;
1115260;01/01/2025;JUAZEIRO;AC-CIND-RUA-PADRE JOAO FRE-CENTRO;PILÃO ARCADO;PES REMAT;1;4;4;;;PLANO 7;100%;18/01/2025;31/01/2025;DOMINGOS;PAULO JUNIOR / RODRIGUES;DIEGO;-10,000539;-42,480473;;;;;;;;;;;;;;;;;;;;;;;;;;;;
1043511;01/01/2025;JUAZEIRO;MP-CCOL-POV-SANTA RITA-RURAL;CASA NOVA; POSSIVEL DL MT 21 UCS;2;30;30;;;PLANO 14;100%;01/10/2025;28/01/2025;DANIEL;PAULO JUNIOR / RODRIGUES;DIEGO;-9,023164033;-40,92362632;;;;;;;;;;;;;;;;;;;;;;;;;;;;
1135698;01/01/2025;JUAZEIRO;MP CIND POV LAGOA CANAFISTA RURAL;PILÃO ARCADO;POSSIVEL DL MT 5 UCS;19;47;47;;;PLANO 14;100%;13/01/2025;29/01/2025;DOMINGOS;PAULO JUNIOR / RODRIGUES;DIEGO;-10,01191718;-42,54126269;;;;;;;;;;;;;;;;;;;;;;;;;;;;
1077021;01/01/2025;JUAZEIRO;ER-CIND-FAZ-MACAMBIRA 52-RURAL;CURAÇÁ;EXT BT;1;6;6;;;PLANO 14;100%;10/01/2025;17/01/2025;EMERSON;EMERSON;CARLOS EDUARDO;-8,979004;-39,840509;;;;;;;;;;;;;;;;;;;;;;;;;;;;
1090457;01/01/2025;JUAZEIRO;MP-CIND-POV-TRAIRAS-RURAL;SENTO SÉ;PG+ENCABÇ (LV);1;14;14;;;PLANO 7;100%;13/01/2025;28/01/2025;FABIO;SANTIAGO;SANDRO;-9,839898;-41,660409;;;;;;;;;;;;;;;;;;;;;;;;;;;;
1124543;01/01/2025;JUAZEIRO;LD - CIND - FAZ RANCHO VELHO - RURAL;JUAZEIRO;POSSIVEL DL MT 10 UCS;1;7;7;;;PLANO 14;100%;13/01/2025;22/01/2025;PEPEU;EDIE JONNES / ANDERSON;CARLOS EDUARDO;-9,480355;-40,14202;;;;;;;;;;;;;;;;;;;;;;;;;;;;
1171632;01/01/2025;JUAZEIRO;ER-CIND-FAZ-BEIRA RIO-SANTA TEREZINHA;UAUÁ;EXT BT;2;16;16;;;PLANO 7;100%;15/01/2025;25/01/2025;MAURICIO;EDIE JONNES;CARLOS EDUARDO;-10,021087;-39,258733;;;;;;;;;;;;;;;;;;;;;;;;;;;;
1153137;01/01/2025;JUAZEIRO;ER-CCOL-SI-FELICIANO-FELICIANO;UAUÁ;POSSIVEL DL MT 6 UCS;6;31;31;;;PLANO 7;100%;15/01/2025;30/01/2025;MAURICIO;EDIE JONNES;CARLOS EDUARDO;-9,853718;-39,434687;;;;;;;;;;;;;;;;;;;;;;;;;;;;
1111815;01/01/2025;JUAZEIRO;LD - CIND - FAZ VERMELHO - RURAL;JUAZEIRO;DESLIG BT;2;16;16;;;PLANO 14;100%;13/01/2025;29/01/2025;GERALDO;EDIE JONNES;CARLOS EDUARDO;-9,290996;-39,917513;;;;;;;;;;;;;;;;;;;;;;;;;;;;
1122163;01/01/2025;JUAZEIRO;ER-CIND-POV-TOME 11-RURAL;JUAZEIRO;SEM ACESSO;1;6;6;;;PLANO 14;100%;10/01/2025;15/01/2025;PEPEU;EDIE JONNES / ANDERSON;VICTOR;-9,433107;-40,284259;;;;;;;;;;;;;;;;;;;;;;;;;;;;
1127953;01/01/2025;JUAZEIRO;MP-SEIN-FAZ-BOQUEIRAO 1800 --W-RURAL;CURAÇÁ;POSSIVEL DL MT 25 UCS (PG+ENCABÇ);9;71;36;;;PLANO 14;50%;10/01/2025;15/02/2025;EMERSON;EMERSON;CARLOS EDUARDO;-8,9086063;-39,8259879;;;;;;;;;;;;;;;;;;;;;;;;;;;;
1085090;01/01/2025;JUAZEIRO;AL-01V2-NOVA TOURÃO-CONSTRUÇÃO (ITEM 2);JUAZEIRO;NÃO INICIADA;0;41;;;;;75%;01/01/2025;28/02/2025;;;SANDRO DUARTE;-9,436886049;-40,38081355;;;;;;;;;;;;;;;;;;;;;;;;;;;;
1103386;01/01/2025;JUAZEIRO;ER-CIND-SI-MORADA NOVA-RURAL SISTEMA MAN;JUAZEIRO;EXT BT;1;7;7;;;PLANO 14;100%;13/01/2025;22/01/2025;GERALDO;EDIE JONNES;VICTOR;-9,2609408;-40,2261639;;;;;;;;;;;;;;;;;;;;;;;;;;;;
1123817;01/01/2025;JUAZEIRO;ER CIND POV POÇO DE DENTRO RURAL CRC;CURAÇÁ;LV;1;8;8;;;PLANO 14;100%;10/01/2025;23/01/2025;EMERSON;EMERSON;CARLOS EDUARDO;-9,6221324;-39,7727407;;;;;;;;;;;;;;;;;;;;;;;;;;;;
1085374;01/01/2025;JUAZEIRO;AL-01V3-NOVA TOURÃO-CONSTRUÇÃO ITEM 1, 2;JUAZEIRO;NÃO INICIADA;0;10;;;;;75%;01/01/2025;31/01/2025;;;SANDRO DUARTE;-9,436886049;-40,38081355;;;;;;;;;;;;;;;;;;;;;;;;;;;;
1115227;01/01/2025;JUAZEIRO;ER-CIND-POV-SITIO FORMOSO-SITIO FORMOSO;CAMPO ALEGRE DE LOURDES;LV;1;12;12;;;PLANO 7;100%;13/01/2025;30/01/2025;AILTON;PAULO JUNIOR / RODRIGUES;DIEGO;-9,734801;-43,19299;;;;;;;;;;;;;;;;;;;;;;;;;;;;
1085227;01/01/2025;JUAZEIRO;AL - 01V4 - NOVA TOURÃO - CONSTRUÇÃO;JUAZEIRO;NÃO INICIADA;0;2;;;;;75%;01/01/2025;28/02/2025;;;SANDRO DUARTE;-9,436886049;-40,38081355;;;;;;;;;;;;;;;;;;;;;;;;;;;;
1045844;01/01/2025;JUAZEIRO;AC-CCOL-POV.ENTRONCAMENTO-REG.FV-RURAL;CASA NOVA;LV+LM;15;40;20;;;PLANO 7;50%;12/01/2025;31/01/2025;JORGE;JORGE;DIEGO;-9,306105312;-41,15838127;;;;;;;;;;;;;;;;;;;;;;;;;;;;
1131422;01/01/2025;JUAZEIRO;LD - CIND POV  LAGEDO - RURAL;SENTO SÉ;pes 5847, oc 86180 - 23/01;1;1;0;;;PLANO 7;100%;13/01/2025;15/01/2025;FABIO;SANTIAGO;SANDRO;-10,261539;-41,294504;;;;;;;;;;;;;;;;;;;;;;;;;;;;
1003084;01/01/2025;JUAZEIRO;IT-CIND-FAZ-JURITI-RURAL;CURAÇÁ;VERIFICAR NOTA;0;1;1;;;PLANO 7;100%;;;EMERSON;EMERSON;CARLOS EDUARDO;-9,0490943;-39,9517277;;;;;;;;;;;;;;;;;;;;;;;;;;;;
1157071;01/01/2025;JUAZEIRO;ER-CIND-POV-JUREMAL-RURAL;JUAZEIRO;EXT BT;1;2;2;;;PLANO 14;100%;10/01/2025;13/01/2025;PEPEU;EDIE JONNES / ANDERSON;EDVALDO;-9,729372;-40,36558;;;;;;;;;;;;;;;;;;;;;;;;;;;;
1148050;01/01/2025;JUAZEIRO;IE-REGULADOR SE:CNN ALIM:01C3-RURAL;CASA NOVA;LV+LM;0;2;2;;;PLANO 8;100%;01/01/2025;31/01/2025;DANIEL;PAULO JUNIOR / RODRIGUES;DIEGO;-9,1847286;-41,0068512;;;;;;;;;;;;;;;;;;;;;;;;;;;;
1130857;01/01/2025;JUAZEIRO;RC-CIND-RUA-JOAQUIM CARDOSO 571-CENTRO;UAUÁ;pes 3540, oc 85910 - 23/01;1;1;2;;;PLANO 8;100%;14/01/2025;15/01/2025;MAURICIO;EDIE JONNES;CARLOS EDUARDO;-9,840855;-39,481041;;;;;;;;;;;;;;;;;;;;;;;;;;;;
1137653;01/01/2025;JUAZEIRO;AC-CIND-FAZ-PROJETO CURACA-RURAL;JUAZEIRO;LM PG E LV ENCABÇ;2;2;2;;;PLANO 7;100%;13/01/2025;23/01/2025;GERALDO;EDIE JONNES;EDVALDO;-9,122282;-40,090877;;;;;;;;;;;;;;;;;;;;;;;;;;;;
1112593;01/01/2025;JUAZEIRO;UB-CIND-RUA-NOSSA S  DE NAZARE-PALMARES;JUAZEIRO;pes 3678, oc 87207 - 23/01;16;9;9;;;PLANO 7;100%;13/01/2025;28/01/2025;PEPEU;EDIE JONNES / ANDERSON;VICTOR;-9,433927;-40,523223;;;;;;;;;;;;;;;;;;;;;;;;;;;;
1143605;01/01/2025;JUAZEIRO;ER-CIND-POV-CALDEIRAO DA ONCA-CAMPO GRAN;PILÃO ARCADO;NÃO INICIADA;1;1;;;;;100%;30/01/2025;15/01/2025;;;DIEGO DE CARVALHO;;;;;;;;;;;;;;;;;;;;;;;;;;;;;;
1136433;01/01/2025;JUAZEIRO;ER-CIND-POV-JAZIDA-RURAL;JUAZEIRO;EXT BT;1;6;6;;;PLANO 14;100%;10/01/2025;18/01/2025;GERALDO;EDIE JONNES;VICTOR;-9,240037101;-40,2438927;;;;;;;;;;;;;;;;;;;;;;;;;;;;
1142928;01/01/2025;JUAZEIRO;RR-CIND-FAZ-LAGOS-RURAL;CURAÇÁ;pes 4209, oc 88812 - 24/01;0;1;1;;;PLANO 7;100%;13/01/2025;18/01/2025;EMERSON;EMERSON;CARLOS EDUARDO;-8,8179616;-39,832914;;;;;;;;;;;;;;;;;;;;;;;;;;;;
1084183;01/01/2025;JUAZEIRO;RR-CCOL-RCL-POV-DE LAJES-LAJES;JUAZEIRO;DL BT(APENAS SECCIONAR);75;55;55;;;PLANO 7;50%;13/01/2025;22/02/2025;JUAREZ;SANTIAGO;SANDRO;-9,479125;-40,506838;;;;;;;;;;;;;;;;;;;;;;;;;;;;
1149341;01/01/2025;JUAZEIRO;RR-SEIN-RUA-DO CEMITERIO-RETIRO DE CIMA;SENTO SÉ;LV;18;24;24;;;PLANO 7;100%;13/01/2025;30/01/2025;FABIO;SANTIAGO;SANDRO;-9,980689652;-42,1290698;;;;;;;;;;;;;;;;;;;;;;;;;;;;
1151682;01/01/2025;JUAZEIRO;UB-CIND-RUA-B-CENTRO;JUAZEIRO;LV+LM;45;7;7;;;PLANO 7;100%;13/01/2025;29/01/2025;PEPEU;EDIE JONNES / ANDERSON;VICTOR;-9,438884;-40,502059;;;;;;;;;;;;;;;;;;;;;;;;;;;;
1157330;01/01/2025;JUAZEIRO;ER-CIND-SI-SOCORRO-CHACARAS UNIDAS;JUAZEIRO;EXT BT;1;6;0;;;PLANO 14;100%;13/01/2025;24/01/2025;PEPEU;EDIE JONNES / ANDERSON;VICTOR;-9,513265;-40,43766;;;;;;;;;;;;;;;;;;;;;;;;;;;;
1160450;01/01/2025;JUAZEIRO;RR-CIND-FAZ-DUNAS-RURAL;CURAÇÁ;pes 5057, oc 87233 - 23/01;1;1;1;;;PLANO 7;100%;14/01/2025;20/01/2025;EMERSON;EMERSON;CARLOS EDUARDO;-8,9442269;-39,8760226;;;;;;;;;;;;;;;;;;;;;;;;;;;;
1090033;01/01/2025;JUAZEIRO;MP-CIND-RUA DANTA CATARINA BAZUCA-RURAL;SENTO SÉ;POSSIVEL DL MT 4 UCS;1;22;22;;;PLANO 14;100%;13/01/2025;28/01/2025;FABIO;SANTIAGO;SANDRO;-9,801903;-41,554951;;;;;;;;;;;;;;;;;;;;;;;;;;;;
1106668;01/01/2025;JUAZEIRO;ER-PREF-POV-CANAL DA BATATEIRA-RURAL;SOBRADINHO;LV+LM;1;1;1;;;PLANO 7;100%;13/01/2025;18/01/2025;FERNANDO;PAULO JUNIOR / RODRIGUES;SANDRO;-9,504162;-40,84397;;;;;;;;;;;;;;;;;;;;;;;;;;;;
1165337;01/01/2025;JUAZEIRO;RC-CIND-AV-DA POUSADA-NOBRE;UAUÁ;pes 2220, oc 82931 - 22/01;0;2;2;;;PLANO 8;100%;20/01/2025;22/01/2025;MAURICIO;EDIE JONNES;CARLOS EDUARDO;-9,834556023;-39,48345248;;;;;;;;;;;;;;;;;;;;;;;;;;;;
1164126;01/01/2025;JUAZEIRO;ER-CIND-POV-ALTO MULUNGU-RURAL;SENTO SÉ;POSSIVEL DL 21 UCS (6 VIP 8);1;7;7;;;PLANO 7;100%;13/01/2025;25/01/2025;FABIO;SANTIAGO;SANDRO;-9,704572;-41,293141;;;;;;;;;;;;;;;;;;;;;;;;;;;;
1115402;01/01/2025;JUAZEIRO;AC-GRUA-AV-DES OUVALDO-CENTRO;SENTO SÉ;DL MT;0;1;1;;;PLANO 7;100%;13/01/2025;10/01/2025;FABIO;SANTIAGO;SANDRO;-9,744120357;-41,89289758;;;;;;;;;;;;;;;;;;;;;;;;;;;;
1143104;01/01/2025;JUAZEIRO;IT-CIND-CEMCO-REMANSO;REMANSO;LV+LM;0;1;1;;;PLANO 7;100%;13/01/2025;25/01/2025;AILTON;PAULO JUNIOR / RODRIGUES;DIEGO;-9,683899;-42,252442;;;;;;;;;;;;;;;;;;;;;;;;;;;;
1167687;01/01/2025;JUAZEIRO;RC-CIND-RUA-J SEABRA-CENTRO CAMPO;CAMPO ALEGRE DE LOURDES;10/01;0;2;2;;;PLANO 8;100%;08/01/2025;10/01/2025;AILTON;PAULO JUNIOR / RODRIGUES;DIEGO;-9,516134645;-43,0082721;;;;;;;;;;;;;;;;;;;;;;;;;;;;
1157017;01/01/2025;JUAZEIRO;ER-CIND-POV-MARRUA-RURAL;JUAZEIRO;DL BT;1;0;0;;;PLANO 7;100%;13/01/2025;21/01/2025;PEPEU;EDIE JONNES / ANDERSON;VICTOR;-9,7641693;-40,6022083;;;;;;;;;;;;;;;;;;;;;;;;;;;;
1103577;01/01/2025;JUAZEIRO;MP CIND FAZ SOSSEGO CACIMBA DOS PANDUS;JUAZEIRO;DESLIG MT;1;14;14;;;;100%;01/01/2025;08/01/2025;PAULO;SANTIAGO;VICTOR COSTA;;;;;;;;;;;;;;;;;;;;;;;;;;;;;;
1085504;01/01/2025;JUAZEIRO;AL - 01V1 - NOVA TOURÃO - CONSTRUÇÃO;JUAZEIRO;NÃO INICIADA;0;19;;;;;100%;01/01/2025;31/01/2025;;;SANDRO DUARTE;-9,436886049;-40,38081355;;;;;;;;;;;;;;;;;;;;;;;;;;;;
1015820;01/01/2025;JUAZEIRO;IT-GOVE-RUA-QUADRA N 24-VILA S O JOAQUIM;SOBRADINHO;CONCLUIDA;0;144;155;;;;100%;01/01/2026;30/01/2025;;;SANDRO DUARTE;;;;;;;;;;;;;;;;;;;;;;;;;;;;;;
1172946;01/01/2025;JUAZEIRO;IE-REGULADOR-RMN-09X1-Q076477;PILÃO ARCADO;LM+LV;0;2;2;;;PLANO 8;100%;31/01/2025;29/01/2025;DOMINGOS;PAULO JUNIOR / RODRIGUES;DIEGO;-9,997571;-42,445933;;;;;;;;;;;;;;;;;;;;;;;;;;;;
1062389;01/01/2025;JUAZEIRO;LD - CIND POV. LAGES VELHA - RURAL;REMANSO;NÃO INICIADA;1;13;;;;;100%;13/01/2025;31/01/2025;;;DIEGO DE CARVALHO;;;;;;;;;;;;;;;;;;;;;;;;;;;;;;
1125533;01/01/2025;JUAZEIRO;MP CIND FAZ NOVA TABUA RURAL;REMANSO;CONCLUIDA;1;2;2;;;;100%;01/01/2025;08/01/2025;;;DIEGO DE CARVALHO;;;;;;;;;;;;;;;;;;;;;;;;;;;;;;
1149164;01/01/2025;JUAZEIRO;RR-CIND-POV-SALINA DA BRICA 3437 --H-URB;CASA NOVA;CONCLUIDA;1;11;11;;;;100%;01/01/2025;15/01/2025;;;DIEGO DE CARVALHO;;;;;;;;;;;;;;;;;;;;;;;;;;;;;;
1151932;01/01/2025;JUAZEIRO;ER-CIND-POV-SANTA RITA -SANTA;CURAÇÁ;CONCLUIDA;3;15;15;;;;100%;01/01/2025;08/01/2025;;;CARLOS EDUARDO;;;;;;;;;;;;;;;;;;;;;;;;;;;;;;
1117684;01/01/2025;JUAZEIRO;LD - CIND - SIT BOM CONSELHO - RURAL;JUAZEIRO;CONCLUIDA;5;13;13;;;;100%;01/01/2025;08/01/2025;;;VICTOR COSTA;;;;;;;;;;;;;;;;;;;;;;;;;;;;;;
1152313;01/01/2025;JUAZEIRO;ER-CCOL-POV-CURRAL VELHO-RURAL;CURAÇÁ;ALTERAR PROJETO B-1177891;2;10;10;;;;100%;01/01/2025;08/01/2025;;;CARLOS EDUARDO;;;;;;;;;;;;;;;;;;;;;;;;;;;;;;
1088197;01/01/2025;JUAZEIRO;AL - 01V5 - NOVA TOUR O - CONSTRU  O;JUAZEIRO;NÃO INICIADA;0;27;;;;;100%;01/01/2025;31/01/2025;;;SANDRO DUARTE;-9,436886049;-40,38081355;;;;;;;;;;;;;;;;;;;;;;;;;;;;
1088191;01/01/2025;JUAZEIRO;AL - 01V8 - NOVA TOUR O - CONSTRU  O;JUAZEIRO;NÃO INICIADA;0;3;;;;;100%;01/01/2025;31/01/2025;;;SANDRO DUARTE;-9,436886049;-40,38081355;;;;;;;;;;;;;;;;;;;;;;;;;;;;
1149197;01/01/2025;JUAZEIRO;ER-CIND-FAZ-CAMPO LARGO-RURAL-TABULEIRO;REMANSO;NÃO INICIADA;1;4;;;;;100%;13/01/2025;25/01/2025;;;DIEGO DE CARVALHO;;;;;;;;;;;;;;;;;;;;;;;;;;;;;;
1157379;01/01/2025;JUAZEIRO;RS-COEL-SAIDA AL NOVA TOURAO;JUAZEIRO;NÃO INICIADA;0;0;;;;;100%;01/01/2025;31/01/2025;;;SANDRO DUARTE;-9,436886049;-40,38081355;;;;;;;;;;;;;;;;;;;;;;;;;;;;
1157282;01/01/2025;JUAZEIRO;AL 06-NOVA TOUR O - CONSTRU  O 1 3;JUAZEIRO;NÃO INICIADA;0;1;;;;;100%;01/01/2025;31/01/2025;;;SANDRO DUARTE;-9,436886049;-40,38081355;;;;;;;;;;;;;;;;;;;;;;;;;;;;
1035173;01/01/2025;JUAZEIRO;ER-CIND-POV-MALHADINHA-RURAL;REMANSO;PENDENTE LV;1;3;3;;;;100%;13/01/2025;22/01/2025;;;DIEGO DE CARVALHO;;;;;;;;;;;;;;;;;;;;;;;;;;;;;;
1146821;01/01/2025;JUAZEIRO;ER-CIND-POV-CURRAL VELHO-RURAL;CURAÇÁ;CONCLUIDA;1;2;2;;;;100%;01/01/2025;07/01/2025;;;CARLOS EDUARDO;;;;;;;;;;;;;;;;;;;;;;;;;;;;;;
1159894;01/01/2025;JUAZEIRO;UB-CIND-RUA-JUAZEIRO-2;JUAZEIRO;NÃO INICIADA;0;66;17;;;PLANO 7;25%;13/01/2025;30/04/2025;GISMARIO;EDIE JONNES;VICTOR;-9,4486895;-40,5232215;;;;;;;;;;;;;;;;;;;;;;;;;;;;
1131135;01/01/2025;JUAZEIRO;EQ-CIND-ROD-JUAZEIRO CURACA-RURAL;JUAZEIRO;NÃO INICIADA;0;3;;;;;100%;01/01/2025;31/01/2025;;;VICTOR COSTA;;;;;;;;;;;;;;;;;;;;;;;;;;;;;;
1161869;01/01/2025;JUAZEIRO;ER-CIND-FAZ-MASSAYO -RURAL;JUAZEIRO;REGULADOR LM+LV;0;4;4;;;PLANO 7;100%;15/01/2025;29/01/2025;PEPEU;EDIE JONNES / ANDERSON;VICTOR;-9,475;-40,428328;;;;;;;;;;;;;;;;;;;;;;;;;;;;
1182070;01/01/2025;JUAZEIRO;IE-BC AUTOMATICO-RMN-01Z1-B781463;REMANSO;CONCLUIDA;0;0;0;;;;100%;08/01/2025;15/01/2025;;;DIEGO DE CARVALHO;;;;;;;;;;;;;;;;;;;;;;;;;;;;;;
1182052;01/01/2025;JUAZEIRO;IE-BC AUTOMATICO-RMN-01Z2-B000000;REMANSO;CONCLUIDA;0;0;0;;;;100%;08/01/2025;15/01/2025;;;DIEGO DE CARVALHO;;;;;;;;;;;;;;;;;;;;;;;;;;;;;;
1182027;01/01/2025;JUAZEIRO;IE-BC AUTOMATICO-RMN-01Z2-B781464;REMANSO;CONCLUIDA;0;1;1;;;;100%;10/01/2025;22/01/2025;;;DIEGO DE CARVALHO;;;;;;;;;;;;;;;;;;;;;;;;;;;;;;
1161619;01/01/2025;JUAZEIRO;ER-CIND-FAZ-MASSAYO-RURAL;JUAZEIRO;RL - LV+LM;1;1;1;;;PLANO 7;100%;15/01/2025;30/01/2025;PEPEU;EDIE JONNES / ANDERSON;VICTOR;-9,372143;-40,349066;;;;;;;;;;;;;;;;;;;;;;;;;;;;
1113349;01/01/2025;JUAZEIRO;ER-CIND-POV-LAGOA SALITRE-LAGOA;JUAZEIRO;PENDENTE LV;8;4;4;;;PLANO 14;100%;;;FABIO;SANTIAGO;VICTOR;-9,4910748;-40,63034;;;;;;;;;;;;;;;;;;;;;;;;;;;;
1123063;01/01/2025;JUAZEIRO;ER-CIND-POV-ANGICO DOS DIAS-ANGICO;CAMPO ALEGRE DE LOURDES;  ;1;4;4;;;;100%;;;DOMINGOS;PAULO JUNIOR;DIEGO;-9,349527;-43,4020049;;;;;;;;;;;;;;;;;;;;;;;;;;;;
1070825;01/01/2025;JUAZEIRO;AC-PREF-RUA-LAGOA DE PEDRA -LAGOA DE PED;CAMPO ALEGRE DE LOURDES;CONCLUIDA;1;1;1;;;;100%;;;DOMINGOS;PAULO JUNIOR;DIEGO;-9,748747;-42,8311133;;;;;;;;;;;;;;;;;;;;;;;;;;;;
0237059;02/01/2025;JUAZEIRO;MP-CCOL-POV DESTERRO-CAIÇARA-RURAL;CASA NOVA;AVANÇO;66;733;;;;PLANO 14;60%;01/02/2025;31/03/2025;JORGE;JORGE;DIEGO;;;;;;;;;;;;;;;;;;;;;;;;;;;;;;
1040604;02/01/2025;JUAZEIRO;MP-CCOL-POV DESENGANO-RURAL;SENTO SÉ;AVANÇO;32;278;;;;PLANO 14;20%;17/02/2025;30/03/2025;EMERSON;EMERSON;SANDRO;-9,7533815;-41,8857659;;;;;;;;;;;;;;;;;;;;;;;;;;;;
1093655;02/01/2025;JUAZEIRO;AL - GRUA - FAZ. BAIXA - RURAL;JUAZEIRO;MIGRAR;0;188;;;;PLANO 7;100%;01/02/2025;22/02/2025;PAULO / CARLOS;SANTIAGO;VICTOR;-9,5502028;-40,5219799;;;;;;;;;;;;;;;;;;;;;;;;;;;;
1015820;02/01/2025;JUAZEIRO;IT-GOVE-RUA-QUADRA N 24-VILA S O JOAQUIM;SOBRADINHO;CONCLUIDA;0;155;;;;;100%;;;JUAREZ;SANTIAGO;SANDRO DUARTE;;;;;;;;;;;;;;;;;;;;;;;;;;;;;;
1127953;02/01/2025;JUAZEIRO;MP-SEIN-FAZ-BOQUEIRAO 1800 --W-RURAL;CURAÇÁ;ENTREGA;9;71;;;;PLANO 14;100%;03/02/2025;28/02/2025;EMERSON;EMERSON;CARLOS EDUARDO;-8,9086063;-39,8259879;;;;;;;;;;;;;;;;;;;;;;;;;;;;
1159894;02/01/2025;JUAZEIRO;UB-CIND-RUA-JUAZEIRO-2;JUAZEIRO;AVANÇO;0;66;;;;PLANO 7;50%;15/02/2025;31/05/2025;GISMARIO;EDIE JONNES;VICTOR;-9,46663;-40,4997943;;;;;;;;;;;;;;;;;;;;;;;;;;;;
1084183;02/01/2025;JUAZEIRO;RR-CCOL-RCL-POV-DE LAJES-LAJES;JUAZEIRO;AVANÇO;75;55;;;;PLANO 7;50%;17/02/2025;31/03/2025;JUAREZ;EDIE JONNES;VICTOR;-9,4790867;-40,5060819;;;;;;;;;;;;;;;;;;;;;;;;;;;;
1085090;02/01/2025;JUAZEIRO;AL-01V2-NOVA TOURÃO-CONSTRUÇÃO (ITEM 2);JUAZEIRO;MIGRAR;0;41;;;;PLANO 8;100%;01/02/2025;28/02/2025;IVONALDO;SANTIAGO;SANDRO;-9,436886049;-40,38081355;;;;;;;;;;;;;;;;;;;;;;;;;;;;
1045844;02/01/2025;JUAZEIRO;AC-CCOL-POV.ENTRONCAMENTO-REG.FV-RURAL;CASA NOVA;ENTREGA 26/02;15;40;;;;PLANO 7;100%;10/02/2025;25/02/2025;JORGE;JORGE;DIEGO;-9,29959;-41,1599821;;;;;;;;;;;;;;;;;;;;;;;;;;;;
1125306;02/01/2025;JUAZEIRO;RR-SEIN-RUA-JOSE CARLOS-PEDRA GRANDE;UAUÁ;ENTREGA;1;38;;;;PLANO 14;100%;13/02/2025;27/02/2025;MAURICIO ;EDIE JONNES;CARLOS EDUARDO;-9,919625;-39,542327;;;;;;;;;;;;;;;;;;;;;;;;;;;;
1024582;02/01/2025;JUAZEIRO;ER CIND POV MALHADA DA AREIA RURAL;JUAZEIRO;AVANÇO;1;35;;;;PLANO 14;50%;17/02/2025;27/02/2025;CARLOS / PAULO;EDIE JONNES / SANTIAGO;VICTOR;-9,5731822;-40,1167404;;;;;;;;;;;;;;;;;;;;;;;;;;;;
1173118;02/01/2025;JUAZEIRO;ER-CIND-FAZ-SERRA BRANCA-RURAL-SENTO SE;SENTO SÉ;AVANÇO;1;31;;;;PLANO 14;50%;25/02/2025;31/03/2025;FABIO / FERNANDO;SANTIAGO;SANDRO;-10,550458;-41,847607;;;;;;;;;;;;;;;;;;;;;;;;;;;;
1043511;02/01/2025;JUAZEIRO;MP-CCOL-POV-SANTA RITA-RURAL;CASA NOVA;CONCLUIDA;2;30;;;;PLANO 14;100%;;;;PAULO JUNIOR;DIEGO;-9,023164033;-40,92362632;;;;;;;;;;;;;;;;;;;;;;;;;;;;
1088197;02/01/2025;JUAZEIRO;AL - 01V5 - NOVA TOUR O - CONSTRU  O;JUAZEIRO;MIGRAR;0;27;;;;PLANO 1;100%;01/02/2025;28/02/2025;IVONALDO;SANTIAGO;SANDRO;-9,436886049;-40,38081355;;;;;;;;;;;;;;;;;;;;;;;;;;;;
1121713;02/01/2025;JUAZEIRO;ER-CIND-POV-ALTAO 600-PAPAGAIO;UAUÁ;ENTREGA;1;25;;;;PLANO 14;100%;22/02/2025;26/02/2025;MAURICIO ;EDIE JONNES;CARLOS EDUARDO;-9,9232761;-39,4793267;;;;;;;;;;;;;;;;;;;;;;;;;;;;
1122206;02/01/2025;JUAZEIRO;AL GRUA ROD BR 324 RURAL;REMANSO;AVANÇO;0;25;;;;PLANO 7;50%;20/02/2025;31/03/2025;;PAULO JUNIOR;DEBORA;-9,6020105;-42,0841233;;;;;;;;;;;;;;;;;;;;;;;;;;;;
1090033;02/01/2025;JUAZEIRO;MP-CIND-RUA DANTA CATARINA BAZUCA-RURAL;SENTO SÉ;ENTREGA 25/02;1;22;;;;PLANO 14;100%;01/02/2025;22/02/2025;FABIO / FERNANDO;SANTIAGO;SANDRO;-9,801903;-41,554951;;;;;;;;;;;;;;;;;;;;;;;;;;;;
1085504;02/01/2025;JUAZEIRO;AL - 01V1 - NOVA TOURÃO - CONSTRUÇÃO;JUAZEIRO;MIGRAR;0;19;;;;PLANO 8;100%;01/02/2025;28/02/2025;IVONALDO;SANTIAGO;SANDRO;-9,436886049;-40,38081355;;;;;;;;;;;;;;;;;;;;;;;;;;;;
1106990;02/01/2025;JUAZEIRO;UB-COEL-RCL-AV-JORGE KHOURY-QUIDE;JUAZEIRO;ENTREGA;45;17;4;;;PLANO 7;100%;17/02/2025;22/02/2025;CARLOS / PAULO;EDIE JONNES / SANTIAGO;VICTOR;-9,426099;-40,5204124;;;;;;;;;;;;;;;;;;;;;;;;;;;;
1171632;02/01/2025;JUAZEIRO;ER-CIND-FAZ-BEIRA RIO-SANTA TEREZINHA;UAUÁ;CONCLUIDA;2;16;;;;PLANO 7;100%;03/02/2025;11/02/2025;MAURICIO GERALDO;EDIE JONNES;CARLOS EDUARDO;-10,021087;-39,258733;;;;;;;;;;;;;;;;;;;;;;;;;;;;
1132153;02/01/2025;JUAZEIRO;ER-CIND-POV-LAGOA DO PEIXE 10-RURAL;CASA NOVA;LM ;1;13;;;;PLANO 14;100%;03/02/2025;13/02/2025;;PAULO JUNIOR;DIEGO;-9,2369508;-41,1979035;;;;;;;;;;;;;;;;;;;;;;;;;;;;
1062389;02/01/2025;JUAZEIRO;LD - CIND POV. LAGES VELHA - RURAL;REMANSO;7970 / 46920 / 18/02;1;13;;;;PLANO 14;100%;;;;PAULO JUNIOR;DIEGO;;;;;;;;;;;;;;;;;;;;;;;;;;;;;;
1132752;02/01/2025;JUAZEIRO;ER-CIND-POV-OURICURI-RURAL;CASA NOVA;19336 - 44195 - 17/02;1;11;;;;PLANO 14;100%;01/02/2025;15/02/2025;;PAULO JUNIOR;DIEGO;-8,9619109;-41,3678994;;;;;;;;;;;;;;;;;;;;;;;;;;;;
1085374;02/01/2025;JUAZEIRO;AL-01V3-NOVA TOURÃO-CONSTRUÇÃO ITEM 1, 2;JUAZEIRO;MIGRAR;0;10;;;;PLANO 8;100%;01/02/2025;28/02/2025;IVONALDO;SANTIAGO;SANDRO;-9,436886049;-40,38081355;;;;;;;;;;;;;;;;;;;;;;;;;;;;
1108281;02/01/2025;JUAZEIRO;ER-CIND-POV-PAUDARCO-MUQUEM;JUAZEIRO;LM (ENCABEÇAR RD);1;8;;;;PLANO 14;100%;01/02/2025;19/02/2025;MANUTENÇÃO;ANDERSON / EDIE JONNES;CARLOS EDUARDO;-9,287844172;-39,96277385;;;;;;;;;;;;;;;;;;;;;;;;;;;;
0945802;02/01/2025;JUAZEIRO;RR-CIND-FAZ JUREMAL-ITAPERA;SENTO SÉ;MIGRAR;1;8;;;;PLANO 14;100%;22/02/2025;26/02/2025;FABIO / FERNANDO;SANTIAGO;SANDRO;-9,755965;-41,9242724;;;;;;;;;;;;;;;;;;;;;;;;;;;;
1157570;02/01/2025;JUAZEIRO;ER-CCOL-RUA-DO ASFALTO -PIRI - RURAL;SENTO SÉ;13335 - 43626 - 17/02;1;7;;;;PLANO 7;100%;10/02/2025;15/02/2025;FABIO / FERNANDO;SANTIAGO;SANDRO;-9,7823852;-41,415294;;;;;;;;;;;;;;;;;;;;;;;;;;;;
1152297;02/01/2025;JUAZEIRO;RU-PREF-CA-DAS AVES-PARQUE UMBUZEIROS;UAUÁ;LV;1;7;;;;PLANO 7;100%;10/02/2025;17/02/2025;MAURICIO GERALDO;EDIE JONNES;CARLOS EDUARDO;-9,836194;-39,48777;;;;;;;;;;;;;;;;;;;;;;;;;;;;
1117258;02/01/2025;JUAZEIRO;LD-CIND-POV DESENGANO-RURAL;SENTO SÉ;ENTREGA;1;7;;;;PLANO 14;100%;15/02/2025;28/02/2025;EMERSON;EMERSON;SANDRO;-9,8503651;-41,8163697;;;;;;;;;;;;;;;;;;;;;;;;;;;;
1164126;02/01/2025;JUAZEIRO;ER-CIND-POV-ALTO MULUNGU-RURAL;SENTO SÉ;CONCLUIDA;1;7;;;;PLANO 7;100%;;;FABIO / FERNANDO;SANTIAGO;SANDRO;-9,7047012;-41,2933329;;;;;;;;;;;;;;;;;;;;;;;;;;;;
1166776;02/01/2025;JUAZEIRO;ER-CIND-POV-NOVO MARCOS-MARCOS;REMANSO;ENTREGA;1;7;;;;;100%;;;DOMINGOS;PAULO JUNIOR;DEBORA;-9,5633678;-42,0505186;;;;;;;;;;;;;;;;;;;;;;;;;;;;
1164987;02/01/2025;JUAZEIRO;UB-CIND-RUA 628 LOT HUMBERTO PEREIRA CEN;JUAZEIRO;DL REALOCAR RD;6;6;;;;PLANO 7;100%;05/02/2025;15/02/2025;CARLOS / PAULO;EDIE JONNES / SANTIAGO;VICTOR;-9,460531;-40,5304727;;;;;;;;;;;;;;;;;;;;;;;;;;;;
1077021;02/01/2025;JUAZEIRO;ER-CIND-FAZ-MACAMBIRA 52-RURAL;CURAÇÁ;CONCLUIDA;1;6;;;;PLANO 14;100%;;;EMERSON;EMERSON;CARLOS EDUARDO;-8,979004;-39,840509;;;;;;;;;;;;;;;;;;;;;;;;;;;;
1122163;02/01/2025;JUAZEIRO;ER-CIND-POV-TOME 11-RURAL;JUAZEIRO;CONCLUIDA;1;6;;;;PLANO 14;100%;;;GISMARIO;EDIE JONNES;VICTOR;-9,433107;-40,284259;;;;;;;;;;;;;;;;;;;;;;;;;;;;
1177448;02/01/2025;JUAZEIRO;UB-CIND-RUA-E 35-URBANO;JUAZEIRO;CONCLUIDA;5;5;;;;PLANO 7;100%;;07/08/2025;CARLOS / PAULO;EDIE JONNES / SANTIAGO;VICTOR;-9,4596513;-40,5112049;;;;;;;;;;;;;;;;;;;;;;;;;;;;
1085227;02/01/2025;JUAZEIRO;AL - 01V4 - NOVA TOURÃO - CONSTRUÇÃO;JUAZEIRO;MIGRAR;0;4;;;;PLANO 8;100%;03/02/2025;28/02/2025;IVONALDO;SANTIAGO;SANDRO;-9,4307884;-40,3956456;;;;;;;;;;;;;;;;;;;;;;;;;;;;
1146682;02/01/2025;JUAZEIRO;NT-RECOND-RMN-09X1-Q076416-Q076429;PILÃO ARCADO;MIGRAR;0;4;;;;PLANO 8;100%;15/02/2025;28/02/2025;;PAULO JUNIOR;DEBORA;-9,9609048;-42,4062434;;;;;;;;;;;;;;;;;;;;;;;;;;;;
1161869;02/01/2025;JUAZEIRO;ER-CIND-FAZ-MASSAYO -RURAL;JUAZEIRO;MIGRAR;0;4;;;;PLANO 7;100%;15/02/2025;28/02/2025;CARLOS / PAULO;EDIE JONNES / SANTIAGO;VICTOR;-9,475;-40,428328;;;;;;;;;;;;;;;;;;;;;;;;;;;;
1163633;02/01/2025;JUAZEIRO;ME CIND RUA CAIXA DAGUA1 CENTRO;CASA NOVA;MIGRAR;0;4;;;;PLANO 8;100%;15/02/2025;28/02/2025;;PAULO JUNIOR;DIEGO;-8,7732182;-41,1549792;;;;;;;;;;;;;;;;;;;;;;;;;;;;
1133629;02/01/2025;JUAZEIRO;RR-CIND-FAZ-FLORESTA ALGODAO VELHO-RR;SOBRADINHO;MIGRAR;1;4;;;;PLANO 14;100%;27/02/2025;28/02/2025;FABIO / FERNANDO;SANTIAGO;SANDRO;-9,4790199;-41,0293723;;;;;;;;;;;;;;;;;;;;;;;;;;;;
1137789;02/01/2025;JUAZEIRO;ER-CIND-POV-TANQUE NOVO-TANQUE NOVO;REMANSO;MIGRAR;1;4;;;;PLANO 7;100%;;;;PAULO JUNIOR;DEBORA;-9,6285372;-42,1992858;;;;;;;;;;;;;;;;;;;;;;;;;;;;
1115260;02/01/2025;JUAZEIRO;AC-CIND-RUA-PADRE JOAO FRE-CENTRO;PILÃO ARCADO;MIGRAR;1;4;;;;PLANO 7;100%;;;;PAULO JUNIOR;DIEGO;-10,000539;-42,480473;;;;;;;;;;;;;;;;;;;;;;;;;;;;
1149197;02/01/2025;JUAZEIRO;ER-CIND-FAZ-CAMPO LARGO-RURAL-TABULEIRO;REMANSO;CONCLUIDA;1;4;;;;;100%;;;;PAULO JUNIOR;DIEGO DE CARVALHO;;;;;;;;;;;;;;;;;;;;;;;;;;;;;;
1175928;02/01/2025;JUAZEIRO;IE - CJ DE MEDI  O - D005912;JUAZEIRO;MIGRAR;1;3;;;;;100%;03/02/2025;22/02/2025;MANUTENÇÃO;ANDERSON / EDIE JONNES;VICTOR COSTA;-9,356053936;-40,4164879;;;;;;;;;;;;;;;;;;;;;;;;;;;;
1082680;02/01/2025;JUAZEIRO;LD CIND PO JUREMA VERMELHA;JUAZEIRO;ENTREGA;1;3;;;;PLANO 7;100%;22/02/2025;22/02/2025;MANUTENÇÃO;ANDERSON;VICTOR;-9,1648856;-40,2654863;;;;;;;;;;;;;;;;;;;;;;;;;;;;
1157169;02/01/2025;JUAZEIRO;AC-CIND-RUA-BLOCO E-VILA SANTANA;SOBRADINHO;MIGRAR;0;3;;;;PLANO 7;100%;25/02/2025;25/02/2025;FABIO / FERNANDO;SANTIAGO;SANDRO;-9,4539071;-40,8271665;;;;;;;;;;;;;;;;;;;;;;;;;;;;
1088191;02/01/2025;JUAZEIRO;AL - 01V8 - NOVA TOUR O - CONSTRU  O;JUAZEIRO;MIGRAR;0;3;;;;PLANO 1;100%;03/02/2025;28/02/2025;IVONALDO;SANTIAGO;SANDRO;-9,436886049;-40,38081355;;;;;;;;;;;;;;;;;;;;;;;;;;;;
1097831;02/01/2025;JUAZEIRO;ER-CIND-POV-TAPARICA-RURAL;JUAZEIRO;CONCLUIDA;1;3;;;;PLANO 7;100%;;;MANUTENÇÃO;ANDERSON;CARLOS EDUARDO;-9,10517;-40,275412;;;;;;;;;;;;;;;;;;;;;;;;;;;;
1125229;02/01/2025;JUAZEIRO;ER-CIND-AG 04 29-AGROVILA PEDRA BRANCA 0;CURAÇÁ;LM ;1;2;;;;PLANO 7;100%;10/02/2025;22/02/2025;EMERSON;EMERSON;CARLOS EDUARDO;-8,665675;-39,4272457;;;;;;;;;;;;;;;;;;;;;;;;;;;;
1132575;02/01/2025;JUAZEIRO;RC-PREF-RUA-RAUL ALVES DE SOUZA-CENTRO;SENTO SÉ;ENTREGA;0;2;;;;PLANO 8;100%;18/02/2025;22/02/2025;FABIO ;SANTIAGO;SANDRO;-9,746955;-41,8809545;;;;;;;;;;;;;;;;;;;;;;;;;;;;
1148050;02/01/2025;JUAZEIRO;IE-REGULADOR SE:CNN ALIM:01C3-RURAL;CASA NOVA;MIGRAR;0;2;;;;PLANO 8;100%;05/02/2025;27/02/2025;;PAULO JUNIOR;DIEGO;;;;;;;;;;;;;;;;;;;;;;;;;;;;;;
1146819;02/01/2025;JUAZEIRO;NT-RECOND-MND-01N3-Q028290 -Q028297;CASA NOVA;MIGRAR;0;2;;;;PLANO 8;100%;15/02/2025;28/02/2025;;PAULO JUNIOR;DIEGO;-9,3531261;-40,8462015;;;;;;;;;;;;;;;;;;;;;;;;;;;;
1172946;02/01/2025;JUAZEIRO;IE-REGULADOR-RMN-09X1-Q076477;PILÃO ARCADO;MIGRAR;0;2;;;;PLANO 8;100%;15/03/2025;28/02/2025;;PAULO JUNIOR;DIEGO;;;;;;;;;;;;;;;;;;;;;;;;;;;;;;
1003084;02/01/2025;JUAZEIRO;IT-CIND-FAZ-JURITI-RURAL;CURAÇÁ;LV;0;1;;;;PLANO 7;100%;03/02/2025;12/02/2024;EMERSON;EMERSON;CARLOS EDUARDO;-9,0490943;-39,9517277;;;;;;;;;;;;;;;;;;;;;;;;;;;;
1157410;02/01/2025;JUAZEIRO;ER-CIND-POV-JUNCO 7 SN-JUNCO;SENTO SÉ;Pes 16576 / oc 45736 - 18/02;1;1;;;;PLANO 7;100%;17/02/2025;20/02/2025;FABIO / FERNANDO;SANTIAGO;SANDRO;-10,3059369;-41,8705767;;;;;;;;;;;;;;;;;;;;;;;;;;;;
1171279;02/01/2025;JUAZEIRO;RR-CIND-POV-RODEADOURO 300-RURAL;JUAZEIRO;LV;1;1;;;;PLANO 7;100%;19/02/2025;22/02/2025;ANDERSON/MANUTENÇÃO;ANDERSON/MANUTENÇÃO;VICTOR;-9,4839376;-40,5803548;;;;;;;;;;;;;;;;;;;;;;;;;;;;
1106668;02/01/2025;JUAZEIRO;ER-PREF-POV-CANAL DA BATATEIRA-RURAL;SOBRADINHO;LM + LV;1;1;;;;PLANO 7;100%;22/02/2025;22/02/2025;FABIO / FERNANDO;SANTIAGO;SANDRO;-9,504162;-40,84397;;;;;;;;;;;;;;;;;;;;;;;;;;;;
1171691;02/01/2025;JUAZEIRO;AC-PREF RUA ANTONIO GUILHERMINO 3-URBANO;JUAZEIRO;DL TRAFO + LV;1;1;;;;PLANO 7;100%;21/02/2025;23/02/2025;CARLOS / PAULO;EDIE JONNES / SANTIAGO;VICTOR;-9,4641539;-40,4958867;;;;;;;;;;;;;;;;;;;;;;;;;;;;
1161619;02/01/2025;JUAZEIRO;ER-CIND-FAZ-MASSAYO-RURAL;JUAZEIRO;MIGRAR;1;1;;;;PLANO 7;100%;03/02/2025;28/02/2025;CARLOS / PAULO;EDIE JONNES / SANTIAGO;VICTOR;-9,372143;-40,349066;;;;;;;;;;;;;;;;;;;;;;;;;;;;
1157282;02/01/2025;JUAZEIRO;AL 06-NOVA TOUR O - CONSTRU  O 1 3;JUAZEIRO;MIGRAR;0;1;;;;PLANO 1;100%;03/02/2025;28/02/2025;IVONALDO;SANTIAGO;SANDRO;-9,436886049;-40,38081355;;;;;;;;;;;;;;;;;;;;;;;;;;;;
1140190;02/01/2025;JUAZEIRO;AC-CIND-POV-LAGOINHA-RURAL;JUAZEIRO;ENTREGA;0;1;;;;PLANO 7;100%;26/02/2025;28/02/2025;CARLOS / PAULO;EDIE JONNES / SANTIAGO;VICTOR;-9,8519905;-40,2561437;;;;;;;;;;;;;;;;;;;;;;;;;;;;
1165218;02/01/2025;JUAZEIRO;ER-CIND-RUA-S O FRANCISCO-CENTRO;REMANSO;MIGRAR;0;1;;;;PLANO 7;100%;;;;PAULO JUNIOR;DEBORA;-9,5642758;-42,0376227;;;;;;;;;;;;;;;;;;;;;;;;;;;;
1173382;02/01/2025;JUAZEIRO;UB-PREF-RUA WILSON C BRANCO-QUADRA 16;REMANSO;POSSIVEL DL ;1;1;;;;PLANO 7;100%;;;;PAULO JUNIOR;DEBORA;-9,6157369;-42,0835201;;;;;;;;;;;;;;;;;;;;;;;;;;;;
1143605;02/01/2025;JUAZEIRO;ER-CIND-POV-CALDEIRAO DA ONCA-CAMPO GRAN;PILÃO ARCADO;ENTREGA;1;1;;;;;100%;;;;PAULO JUNIOR;DIEGO DE CARVALHO;;;;;;;;;;;;;;;;;;;;;;;;;;;;;;
1157379;02/01/2025;JUAZEIRO;RS-COEL-SAIDA AL NOVA TOURAO;JUAZEIRO;MIGRAR;0;0;;;;PLANO 1;100%;03/02/2025;28/02/2025;IVONALDO;SANTIAGO;SANDRO;-9,436886049;-40,38081355;;;;;;;;;;;;;;;;;;;;;;;;;;;;
1151835;02/01/2025;JUAZEIRO;AC-CIND-POV-ITAPICURU-RURAL;SENTO SÉ;AVANÇO;1;0;;;;PLANO 7;50%;12/02/2025;31/03/2025;FABIO / FERNANDO;SANTIAGO;SANDRO;-10,548659;-41,84232;;;;;;;;;;;;;;;;;;;;;;;;;;;;
0237059;03/01/2025;JUAZEIRO;MP-CCOL-POV DESTERRO-CAIÇARA-RURAL;CASA NOVA;ENTREGAR;66;733;;;;PLANO 14;100%;01/03/2025;31/03/2025;JORGE;JORGE;DIEGO;-9,235169;-41,7628759;;;;;;;;;;;;;;;;;;;;;;;;;;;;
1040604;03/01/2025;JUAZEIRO;MP-CCOL-POV DESENGANO-RURAL;SENTO SÉ;ENTREGA;32;278;;;;PLANO 14;20%;01/03/2025;31/03/2025;;EMERSON;SANDRO;-9,7533815;-41,8857659;;;;;;;;;;;;;;;;;;;;;;;;;;;;
1093655;03/01/2025;JUAZEIRO;AL - GRUA - FAZ. BAIXA - RURAL;JUAZEIRO;ENERGIZADA;1;200;;;;PLANO 7;100%;01/03/2025;05/03/2025;PAULO / JUAREZ;SANTIAGO;VICTOR;-9,5502028;-40,5219799;;;;;;;;;;;;;;;;;;;;;;;;;;;;
1126041;03/01/2025;JUAZEIRO;IT CIND FAZ CURAÇA PEQUENO RURAL;JUAZEIRO;ENTREGA;0;108;48;;;PLANO 7;100%;05/03/2025;31/03/2025;FABIO;SANTIAGO;CARLOS EDUARDO;-9,1258481;-40,0323912;;;;;;;;;;;;;;;;;;;;;;;;;;;;
1159894;03/01/2025;JUAZEIRO;UB-CIND-RUA-JUAZEIRO-2;JUAZEIRO;AVANÇO;0;66;;;;PLANO 7;75%;01/03/2025;31/05/2025;GISMARIO;EDIE JONNES;VICTOR;-9,46663;-40,4997943;;;;;;;;;;;;;;;;;;;;;;;;;;;;
1084183;03/01/2025;JUAZEIRO;RR-CCOL-RCL-POV-DE LAJES-LAJES;JUAZEIRO;ENTREGA;75;55;51;19/03;;PLANO 7;100%;01/03/2025;31/03/2025;PAULO;EDIE JONNES;VICTOR;-9,4790867;-40,5060819;;;;;;;;;;;;;;;;;;;;;;;;;;;;
0997469;03/01/2025;JUAZEIRO;ER-CIND-POV-ALMAS-ALEGRE;SENTO SÉ;S/ ACESSO;1;43;;;;PLANO 7;50%;24/03/2025;30/04/2025;CARLOS/FERNANDO;SANTIAGO;SANDRO;-10,2638619;-41,3329393;;;;;;;;;;;;;;;;;;;;;;;;;;;;
1157069;03/01/2025;JUAZEIRO;ER-CIND-POV-BARRO VERMELHO-RURAL;CURAÇÁ;AVANÇO;1;42;;;;PLANO 7;50%;;;;;CARLOS EDUARDO;;;;;;;;;;;;;;;;;;;;;;;;;;;;;;
1085090;03/01/2025;JUAZEIRO;AL-01V2-NOVA TOURÃO-CONSTRUÇÃO (ITEM 2);JUAZEIRO;ENTREGA;0;41;;;;PLANO 8;100%;01/03/2025;31/03/2025;IVONALDO;RODRIGUES;SANDRO;-9,436886049;-40,38081355;;;;;;;;;;;;;;;;;;;;;;;;;;;;
0875302;03/01/2025;JUAZEIRO;MP-CCOL-POV.LAGOA DOS BOIS-RURAL;JUAZEIRO;AVANÇO;2;37;;;;PLANO 14;50%;01/03/2025;30/04/2025;;EDIE JONNES;VICTOR;;;;;;;;;;;;;;;;;;;;;;;;;;;;;;
0984432;03/01/2025;JUAZEIRO;RR-CIND-POV-SAO MIGUEL-RURAL;CASA NOVA;AVANÇO;1;35;;;;PLANO 14;50%;17/03/2024;24/03/2025;;PAULO JUNIOR;DIEGO;-9,2419512;-41,4160863;;;;;;;;;;;;;;;;;;;;;;;;;;;;
1183249;03/01/2025;JUAZEIRO;RR-CIND-POV-ALMAS-ALMAS;SENTO SÉ;S/ ACESSO;1;35;;;;PLANO 7;100%;05/03/2025;18/03/2025;CARLOS/FERNANDO;SANTIAGO;SANDRO;-10,2825125;-41,3736722;;;;;;;;;;;;;;;;;;;;;;;;;;;;
1024582;03/01/2025;JUAZEIRO;ER CIND POV MALHADA DA AREIA RURAL;JUAZEIRO;ENTREGA;1;35;35;21;14;PLANO 14;100%;13/03/2025;25/03/2025;JUAREZ;EDIE JONNES;VICTOR;-9,5731822;-40,1167404;;;;;;;;;;;;;;;;;;;;;;;;;;;;
1088197;03/01/2025;JUAZEIRO;AL - 01V5 - NOVA TOUR O - CONSTRU  O;JUAZEIRO;ENTREGA;0;27;;;;PLANO 1;100%;01/03/2025;31/03/2025;IVONALDO;RODRIGUES;SANDRO;-9,436886049;-40,38081355;;;;;;;;;;;;;;;;;;;;;;;;;;;;
1007462;03/01/2025;JUAZEIRO;ER-CIND-POV-MASSAPE-BOQUEIRAO;JUAZEIRO;ENERGIZADA;1;26;20;20;;PLANO 14;100%;10/03/2025;14/03/2025;GISMARIO;EDIE JONNES;VICTOR;;;;;;;;;;;;;;;;;;;;;;;;;;;;;;
1122206;03/01/2025;JUAZEIRO;AL GRUA ROD BR 324 RURAL;REMANSO;ENERGIZADA;0;25;;;;PLANO 7;100%;01/03/2025;31/03/2025;;PAULO JUNIOR;DEBORA;-9,6020105;-42,0841233;;;;;;;;;;;;;;;;;;;;;;;;;;;;
1085504;03/01/2025;JUAZEIRO;AL - 01V1 - NOVA TOURÃO - CONSTRUÇÃO;JUAZEIRO;ENTREGA;0;19;;;;PLANO 8;100%;01/03/2025;31/03/2025;IVONALDO;RODRIGUES;SANDRO;-9,436886049;-40,38081355;;;;;;;;;;;;;;;;;;;;;;;;;;;;
1106990;03/01/2025;JUAZEIRO;UB-COEL-RCL-AV-JORGE KHOURY-QUIDE;JUAZEIRO;ENERGIZADA;45;17;4;;;PLANO 7;100%;17/02/2025;22/02/2025;CARLOS / PAULO;EDIE JONNES / SANTIAGO;VICTOR;-9,426099;-40,5204124;;;;;;;;;;;;;;;;;;;;;;;;;;;;
1078188;03/01/2025;JUAZEIRO;ER-CIND-SI-MONTE ALEGRE-BARAUNA RURAL;JUAZEIRO;ENTREGA;1;14;;;;PLANO 14;100%;26/03/2025;31/03/2025;JUAREZ;EDIE JONNES;CARLOS EDUARDO;;;;;;;;;;;;;;;;;;;;;;;;;;;;;;
1041388;03/01/2025;JUAZEIRO;MP CIND POV. BARRA POÇO DA PEDRA RURAL;CASA NOVA;ENERGIZADA;1;13;;;;PLANO 14;100%;13/03/2025;15/03/2025;;PAULO JUNIOR;DIEGO;-9,0240293;-41,0531992;;;;;;;;;;;;;;;;;;;;;;;;;;;;
1157357;03/01/2025;JUAZEIRO;RR-CIND-POV-POCO DE PEDRA-RURAL-CASA NOV;CASA NOVA;ENERGIZADA;1;12;;;;PLANO 7;100%;25/03/2025;26/03/2025;;PAULO JUNIOR;DIEGO;-8,975079444;-41,01734895;;;;;;;;;;;;;;;;;;;;;;;;;;;;
1093845;03/01/2025;JUAZEIRO;LD-CIND-POV LIMOEIRO-RURAL;SENTO SÉ;ENTREGA;1;12;;12;;PLANO 14;100%;17/03/2025;24/03/2025;FERNANDO;SANTIAGO;SANDRO;-10,073223;-41,370786;;;;;;;;;;;;;;;;;;;;;;;;;;;;
1157044;03/01/2025;JUAZEIRO;MP-CIND -POV-SERRA DA B VISTA -RURAL;JUAZEIRO;ENTREGA;1;11;;;;PLANO 7;100%;25/03/2025;27/03/2025;PAULO;EDIE JONNES;EDVALDO;-9,9115869;-40,3273726;;;;;;;;;;;;;;;;;;;;;;;;;;;;
0587070;03/01/2025;JUAZEIRO;MP-CIND-FAZ CAPIM RURAL;UAUÁ;ENTREGA;2;11;9;10;1;PLANO 14;100%;10/03/2025;14/03/2025;MAURICIO;EDIE JONNES;CARLOS EDUARDO;-9,8738187;-39,4868025;;;;;;;;;;;;;;;;;;;;;;;;;;;;
1058016;03/01/2025;JUAZEIRO;MP-CIND POV-MARAVILHA-RURAL;REMANSO;CONCLUIDA;1;11;;;;PLANO 14;100%;10/03/2025;13/03/2025;;;DEBORA;-9,7560937;-42,5065905;;;;;;;;;;;;;;;;;;;;;;;;;;;;
1101459;03/01/2025;JUAZEIRO;ER-CIND-POV-PROJ MANICOBA-RURAL;JUAZEIRO;ENTREGA;0;10;;10;;PLANO 14;100%;20/03/2025;22/03/2025;GISMARIO;EDIE JONNES;VICTOR;;;;;;;;;;;;;;;;;;;;;;;;;;;;;;
1085374;03/01/2025;JUAZEIRO;AL-01V3-NOVA TOURÃO-CONSTRUÇÃO ITEM 1, 2;JUAZEIRO;ENTREGA;0;10;;;;PLANO 8;100%;01/03/2025;31/03/2025;IVONALDO;RODRIGUES;SANDRO;-9,436886049;-40,38081355;;;;;;;;;;;;;;;;;;;;;;;;;;;;
1135743;03/01/2025;JUAZEIRO;ER-CIND-FAZ-QUEIMADAS DOS LOIOLAS-RURAL;UAUÁ;ENTREGA;8;10;9;10;;PLANO 7;100%;05/03/2025;14/03/2025;MAURICIO;EDIE JONNES;CARLOS EDUARDO;-9,812386398;-39,4779562;;;;;;;;;;;;;;;;;;;;;;;;;;;;
0884168;03/01/2025;JUAZEIRO;MP-CCOL-POV SALGADINHA-RURAL;CASA NOVA;ENTREGAR;1;9;;;;PLANO 14;100%;25/03/2025;27/03/2025;;PAULO JUNIOR;DIEGO;-9,2064123;-40,8080123;;;;;;;;;;;;;;;;;;;;;;;;;;;;
1161606;03/01/2025;JUAZEIRO;ER-CIND-FAZ-POCINHO 70-RURAL;UAUÁ;ENTREGA;1;8;;1;7;PLANO 7;100%;17/03/2025;24/03/2025;MAURICIO;EDIE JONNES;CARLOS EDUARDO;-10,004961;-39,264103;;;;;;;;;;;;;;;;;;;;;;;;;;;;
0945802;03/01/2025;JUAZEIRO;RR-CIND-FAZ JUREMAL-ITAPERA;SENTO SÉ;ENERGIZADA;1;8;;;;PLANO 14;100%;05/03/2025;08/03/2025;FABIO;SANTIAGO;SANDRO;-9,755965;-41,9242724;;;;;;;;;;;;;;;;;;;;;;;;;;;;
1074313;03/01/2025;JUAZEIRO;ER-CIND-POV-L DO BARRO -BARRO DOS BAIOS;REMANSO;ENERGIZADA;1;7;;;;PLANO 14;100%;17/03/2025;18/03/2025;;;DEBORA;-9,530342588;-42,5111883;;;;;;;;;;;;;;;;;;;;;;;;;;;;
1180643;03/01/2025;JUAZEIRO;ER-CIND-POV-ACUDE PEDRA-CASA NOVA;CASA NOVA;ENERGIZADA;1;7;;;;PLANO 7;100%;21/03/2025;22/03/2025;;PAULO JUNIOR;DIEGO;-9,1099577;-41,2943878;;;;;;;;;;;;;;;;;;;;;;;;;;;;
1175314;03/01/2025;JUAZEIRO;IS-CIND-RUA-AGUAS BELAS-MALHADA DA AREIA;JUAZEIRO;AVANÇO;0;7;;;;PLANO 8;50%;10/03/2025;29/03/2025;GISMARIO;EDIE JONNES;VICTOR;;;;;;;;;;;;;;;;;;;;;;;;;;;;;;
1153621;03/01/2025;JUAZEIRO;ER-CIND-POV-LAGOA GRANDE-RURAL;JUAZEIRO;ENTREGA;1;6;;6;;PLANO 7;100%;24/03/2025;31/03/2025;GISMARIO;EDIE JONNES;VICTOR;;;;;;;;;;;;;;;;;;;;;;;;;;;;;;
1183031;03/01/2025;JUAZEIRO;UB-CIND-RUA-03 2154-CICERO BORGES;SENTO SÉ;ENERGIZADA;1;6;;6;;PLANO 7;100%;21/03/2025;24/03/2025;CARLOS;SANTIAGO;SANDRO;-9,7556812;-41,8843704;;;;;;;;;;;;;;;;;;;;;;;;;;;;
1158859;03/01/2025;JUAZEIRO;ER-CIND-POV-RURAL-ESFOMEADO;CURAÇÁ;ENTREGA;1;5;;5;;PLANO 14;100%;05/03/2025;26/03/2025;MAURICIO;EDIE JONNES;CARLOS EDUARDO;;;;;;;;;;;;;;;;;;;;;;;;;;;;;;
1173393;03/01/2025;JUAZEIRO;ER-CIND-POV-S O DOMINGOS-RURAL;CURAÇÁ;ENTREGA;1;5;;;5;PLANO 7;100%;27/03/2025;27/03/2025;MAURICIO;EDIE JONNES;CARLOS EDUARDO;;;;;;;;;;;;;;;;;;;;;;;;;;;;;;
1182944;03/01/2025;JUAZEIRO;ER-CIND-POV-ALGODAO DE CIMA 1452-AL CIMA;CASA NOVA;MIGRAR;1;5;;;;PLANO 7;100%;01/03/2025;31/03/2025;;PAULO JUNIOR;DIEGO;;;;;;;;;;;;;;;;;;;;;;;;;;;;;;
1165511;03/01/2025;JUAZEIRO;UB-CIND-RUA-VILA AZUL 446-VILA AZUL;CASA NOVA;ENERGIZADA;1;4;;;;PLANO 7;100%;10/03/2025;10/03/2025;;PAULO JUNIOR;DIEGO;-9.153.372.297;-409.676.876;;;;;;;;;;;;;;;;;;;;;;;;;;;;
1158075;03/01/2025;JUAZEIRO;ER-CIND-AV-UAUA-CENTRO;UAUÁ;ENERGIZADA;1;4;4;4;;PLANO 7;100%;08/03/2025;08/03/2025;MAURICIO;EDIE JONNES;CARLOS EDUARDO;-9,753309758;-39,6413751;;;;;;;;;;;;;;;;;;;;;;;;;;;;
1028355;03/01/2025;JUAZEIRO;ER-CIND-POV-SANTA BARBARA-RURAL;SOBRADINHO;ENTREGA;1;4;;2;;PLANO 14;100%;27/03/2025;28/03/2025;CARLOS;SANTIAGO;SANDRO;-9,4638721;-40,8140499;;;;;;;;;;;;;;;;;;;;;;;;;;;;
1085227;03/01/2025;JUAZEIRO;AL - 01V4 - NOVA TOURÃO - CONSTRUÇÃO;JUAZEIRO;ENTREGA;0;4;;;;PLANO 8;100%;01/03/2025;31/03/2025;IVONALDO;RODRIGUES;SANDRO;-9,4307884;-40,3956456;;;;;;;;;;;;;;;;;;;;;;;;;;;;
1146682;03/01/2025;JUAZEIRO;NT-RECOND-RMN-09X1-Q076416-Q076429;PILÃO ARCADO;MIGRAR;0;4;;;;PLANO 8;100%;01/03/2025;31/03/2025;;PAULO JUNIOR;DEBORA;-9,9609048;-42,4062434;;;;;;;;;;;;;;;;;;;;;;;;;;;;
1161869;03/01/2025;JUAZEIRO;ER-CIND-FAZ-MASSAYO -RURAL;JUAZEIRO;ENTREGA;0;4;;;;PLANO 7;100%;01/03/2025;28/03/2025;CARLOS / PAULO;ANDERSON;VICTOR;-9,475;-40,428328;;;;;;;;;;;;;;;;;;;;;;;;;;;;
1163633;03/01/2025;JUAZEIRO;ME CIND RUA CAIXA DAGUA1 CENTRO;CASA NOVA;ENTREGAR;0;4;;;;PLANO 8;100%;01/03/2025;15/03/2025;;PAULO JUNIOR;DIEGO;-8,7732182;-41,1549792;;;;;;;;;;;;;;;;;;;;;;;;;;;;
1133629;03/01/2025;JUAZEIRO;RR-CIND-FAZ-FLORESTA ALGODAO VELHO-RR;SOBRADINHO;ENTREGA;1;4;;4;;PLANO 7;100%;01/03/2025;22/03/2025;FERNANDO;SANTIAGO;SANDRO;-9,4790199;-41,0293723;;;;;;;;;;;;;;;;;;;;;;;;;;;;
1115260;03/01/2025;JUAZEIRO;AC-CIND-RUA-PADRE JOAO FRE-CENTRO;PILÃO ARCADO;ENTREGAR;1;4;;;;PLANO 7;100%;01/03/2025;25/03/2025;;PAULO JUNIOR;DIEGO;-10,000539;-42,480473;;;;;;;;;;;;;;;;;;;;;;;;;;;;
1139824;03/01/2025;JUAZEIRO;RR-CIND-POV- TIGRE -RURAL;CASA NOVA;ENERGIZADA;1;3;;;;PLANO 7;100%;11/03/2025;11/03/2025;;PAULO JUNIOR;DIEGO;-9,124540464;-40,9898488;;;;;;;;;;;;;;;;;;;;;;;;;;;;
1161662;03/01/2025;JUAZEIRO;ME-COEL-RUA-TIRADENTES 1-CENTRO-C ALEGRE;CAMPO ALEGRE DE LOURDES;MIGRAR;0;3;;;;PLANO 8;100%;14/03/2025;15/03/2025;;;DEBORA;-9,354759;-43,401637;;;;;;;;;;;;;;;;;;;;;;;;;;;;
1193657;03/01/2025;JUAZEIRO;RR-GRUA-FAZ-VERMELHO-RURAL;JUAZEIRO;CAPACITOR 29/03;0;3;;;;PLANO 8;100%;10/03/2025;14/03/2025;JUAREZ;EDIE JONNES;VICTOR;;;;;;;;;;;;;;;;;;;;;;;;;;;;;;
1182129;03/01/2025;JUAZEIRO;ER-CCOL-POV-RIACHO D SOBRADO-RURAL;CASA NOVA;MIGRAR;3;3;;;;PLANO 7;100%;01/03/2025;29/03/2025;;PAULO JUNIOR;DIEGO;;;;;;;;;;;;;;;;;;;;;;;;;;;;;;
1164443;03/01/2025;JUAZEIRO;ER-CCOL-RUA-GUTEMBERG FERRAZ-RURAL;SOBRADINHO;PES 37102 OC 77298;1;3;3;;2;PLANO 7;100%;14/03/2025;14/03/2025;FERNANDO;SANTIAGO;SANDRO;-9,454806;-40,827582;;;;;;;;;;;;;;;;;;;;;;;;;;;;
1175928;03/01/2025;JUAZEIRO;IE - CJ DE MEDI  O - D005912;JUAZEIRO;ENERGIZADA;1;3;;;;;100%;01/03/2025;05/03/2025;GISMARIO;ANDERSON;VICTOR COSTA;-9,356053936;-40,4164879;;;;;;;;;;;;;;;;;;;;;;;;;;;;
1088191;03/01/2025;JUAZEIRO;AL - 01V8 - NOVA TOUR O - CONSTRU  O;JUAZEIRO;ENTREGA;0;3;;;;PLANO 1;100%;01/03/2025;31/03/2025;IVONALDO;RODRIGUES;SANDRO;-9,436886049;-40,38081355;;;;;;;;;;;;;;;;;;;;;;;;;;;;
1157820;03/01/2025;JUAZEIRO;UB-CIND-RUA-21 DE ABRIL-CAMPO ALEGRE;CAMPO ALEGRE DE LOURDES;MIGRAR;1;2;;;;PLANO 7;100%;19/03/2025;19/03/2025;;;DEBORA;-9,516961181;-43,0084584;;;;;;;;;;;;;;;;;;;;;;;;;;;;
1161975;03/01/2025;JUAZEIRO;ER CIND SITIO NOVO RURAL;UAUÁ;ENTREGA;1;2;;;2;PLANO 7;100%;19/03/2025;19/03/2025;MAURICIO;EDIE JONNES;CARLOS EDUARDO;-10,0710066;-39,5645079;;;;;;;;;;;;;;;;;;;;;;;;;;;;
1171528;03/01/2025;JUAZEIRO;ER-CIND-SI-FERNANDO BENEVIDES 8-RURAL;CASA NOVA;ENERGIZADA;2;2;;;;PLANO 7;100%;16/03/2025;16/03/2025;;PAULO JUNIOR;DIEGO;-9,158855;-41,015926;;;;;;;;;;;;;;;;;;;;;;;;;;;;
1180209;03/01/2025;JUAZEIRO;ER-CIND-POV-CURRAL VELHO-RURAL;CURAÇÁ;PES 35663 - OC 70342 - 28/03;1;2;;;2;PLANO 7;100%;21/03/2025;21/03/2025;MAURICIO;EDIE JONNES;CARLOS EDUARDO;;;;;;;;;;;;;;;;;;;;;;;;;;;;;;
1156234;03/01/2025;JUAZEIRO;ER-CIND-POV-TATAUI 3-RURAL;SOBRADINHO;ENTREGA;2;2;;2;;PLANO 7;100%;24/03/2025;24/03/2025;FERNANDO;SANTIAGO;SANDRO;-9,5381138;-40,8321472;;;;;;;;;;;;;;;;;;;;;;;;;;;;
1148050;03/01/2025;JUAZEIRO;IE-REGULADOR SE:CNN ALIM:01C3-RURAL;CASA NOVA;MIGRAR;0;2;;;;PLANO 8;100%;01/03/2025;31/03/2025;;PAULO JUNIOR;DIEGO;;;;;;;;;;;;;;;;;;;;;;;;;;;;;;
1085103;03/01/2025;JUAZEIRO;AL - 01V2 - SE NOVA TOURÃO - EQUIP. Q008;JUAZEIRO;ENTREGA;0;2;;;;PLANO 1;100%;11/03/2025;28/03/2025;IVONALDO;RODRIGUES;SANDRO;;;;;;;;;;;;;;;;;;;;;;;;;;;;;;
1085220;03/01/2025;JUAZEIRO;AL - 01V3 - SE NOVA TOURÃO-EQUIP-Q008200;JUAZEIRO;ENTREGA;0;2;;;;PLANO 1;100%;11/03/2025;28/03/2025;IVONALDO;RODRIGUES;SANDRO;;;;;;;;;;;;;;;;;;;;;;;;;;;;;;
1146819;03/01/2025;JUAZEIRO;NT-RECOND-MND-01N3-Q028290 -Q028297;CASA NOVA;MIGRAR;0;2;;;;PLANO 8;100%;01/03/2025;31/03/2025;;PAULO JUNIOR;DIEGO;-9,3531261;-40,8462015;;;;;;;;;;;;;;;;;;;;;;;;;;;;
1172946;03/01/2025;JUAZEIRO;IE-REGULADOR-RMN-09X1-Q076477;PILÃO ARCADO;MIGRAR;0;2;;;;PLANO 8;100%;01/03/2025;31/03/2025;;PAULO JUNIOR;DIEGO;-9,9975706;-42,4459334;;;;;;;;;;;;;;;;;;;;;;;;;;;;
1156043;03/01/2025;JUAZEIRO;ER-CIND-POV- LOGO VEM 1226-LOGO VEM;CASA NOVA;ENERGIZADA;1;1;;;;PLANO 7;100%;12/03/2025;13/03/2025;;PAULO JUNIOR;DIEGO;-9,1226207;-40,916031;;;;;;;;;;;;;;;;;;;;;;;;;;;;
1171680;03/01/2025;JUAZEIRO;UB - CIND RUA MARIA AURORA 58 - URBANO;JUAZEIRO;ENTREGA;0;1;;;;PLANO 7;100%;;22/03/2025;;;VICTOR;;;;;;;;;;;;;;;;;;;;;;;;;;;;;;
1158653;03/01/2025;JUAZEIRO;UB-CIND-RUA-QD M 3-A-S O FRANCISCO;CASA NOVA;ENERGIZADA;1;1;;;;PLANO 7;100%;12/03/2025;12/03/2025;;PAULO JUNIOR;DIEGO;-9,155140;-40,962106;;;;;;;;;;;;;;;;;;;;;;;;;;;;
1160765;03/01/2025;JUAZEIRO;ER-CIND-POV-VOLTA DE BAIXO-GENIPAPINHO;CAMPO ALEGRE DE LOURDES;MIGRAR;1;1;;;;PLANO 7;100%;20/03/2025;20/03/2025;;;DEBORA;-9,635209248;-42,9970517;;;;;;;;;;;;;;;;;;;;;;;;;;;;
1144563;03/01/2025;JUAZEIRO;RC-CIND-RUA-ALTO DO CONSELHEIRO-CENTRO;UAUÁ;ENERGIZADA;0;1;;1;;PLANO 8;100%;20/03/2025;20/03/2025;MAURICIO;EDIE JONNES;CARLOS EDUARDO;-9,84292565;-39,4890833;;;;;;;;;;;;;;;;;;;;;;;;;;;;
1170528;03/01/2025;JUAZEIRO;IE-RELIGADOR-SBC-09S1-G45489;CASA NOVA;MIGRAR;0;1;;;;PLANO 8;100%;01/03/2025;31/03/2025;;PAULO JUNIOR;DIEGO;-9,15514;-40,916031;;;;;;;;;;;;;;;;;;;;;;;;;;;;
1170871;03/01/2025;JUAZEIRO;IE-RELIGADOR-CSN-01C3-J06102;CASA NOVA;MIGRAR;0;1;;;;PLANO 8;100%;01/03/2025;31/03/2025;;PAULO JUNIOR;DIEGO;-9,206043;-41,008986;;;;;;;;;;;;;;;;;;;;;;;;;;;;
1171264;03/01/2025;JUAZEIRO;IE-RELIGADOR-CSN-01C5-J05899;REMANSO;MIGRAR;0;1;;;;PLANO 8;100%;01/03/2025;31/03/2025;;;DEBORA;-9,22023;-40,870501;;;;;;;;;;;;;;;;;;;;;;;;;;;;
1182461;03/01/2025;JUAZEIRO;UB-CIND-ROD-235 KM 01 23-CENTRO;REMANSO;ENTREGAR;3;1;;;;PLANO 7;100%;01/03/2025;29/03/2025;;;DEBORA;;;;;;;;;;;;;;;;;;;;;;;;;;;;;;
1182582;03/01/2025;JUAZEIRO;ER-CIND-SI ASSENT SAO JOSE-RURAL;CASA NOVA;ENERGIZADA;1;1;;;;PLANO 7;100%;24/03/2025;24/03/2025;;PAULO JUNIOR;DIEGO;;;;;;;;;;;;;;;;;;;;;;;;;;;;;;
1161619;03/01/2025;JUAZEIRO;ER-CIND-FAZ-MASSAYO-RURAL;JUAZEIRO;ENTREGA;1;1;;;;PLANO 7;100%;01/03/2025;28/03/2025;;ANDERSON;VICTOR;-9,372143;-40,349066;;;;;;;;;;;;;;;;;;;;;;;;;;;;
1157282;03/01/2025;JUAZEIRO;AL 06-NOVA TOUR O - CONSTRU  O 1 3;JUAZEIRO;PES 37074 OC 533;0;1;;;;PLANO 1;100%;01/03/2025;31/03/2025;IVONALDO;RODRIGUES;SANDRO;-9,436886049;-40,38081355;;;;;;;;;;;;;;;;;;;;;;;;;;;;
1177220;03/01/2025;JUAZEIRO;ER-CCOL-POV-BREJO FORA-BREJO FORA;SOBRADINHO;ENTREGA;1;1;;1;;;100%;27/03/2025;29/03/20225;FERNANDO;SANTIAGO;;-9.533.277;-41.045.161;;;;;;;;;;;;;;;;;;;;;;;;;;;;
1170155;03/01/2025;JUAZEIRO;ER-CIND-POV-LADEIRA GRANDE-RURAL;CASA NOVA;ENERGIZADA;1;0;;;;PLANO 7;100%;16/03/2025;16/03/2025;;PAULO JUNIOR;DIEGO;-9,367907548;-41,4836263;;;;;;;;;;;;;;;;;;;;;;;;;;;;
1182418;03/01/2025;JUAZEIRO;UB-CIND-CJN-QD A 1-VILA ISABEL;CASA NOVA;PES 36829 OC 77157;1;0;;;;PLANO 7;100%;29/03/2025;29/03/2025;;PAULO JUNIOR;DIEGO;-9,182235;-40,977159;;;;;;;;;;;;;;;;;;;;;;;;;;;;
1184513;03/01/2025;JUAZEIRO;ER-CIND-POV-MANGUEIRA II-MANGUEIRAS;CASA NOVA;ENERGIZADA;1;0;;;;PLANO 7;100%;25/03/2025;25/03/2025;;PAULO JUNIOR;DIEGO;-8,995543;-40,973823;;;;;;;;;;;;;;;;;;;;;;;;;;;;
1185126;03/01/2025;JUAZEIRO;AC-CIND-SI-BARREIRINHO-RURAL-CASA NOVA;CASA NOVA;MIGRAR;1;0;;;;PLANO 7;100%;01/03/2025;31/03/2025;;PAULO JUNIOR;DIEGO;;;;;;;;;;;;;;;;;;;;;;;;;;;;;;
1157169;03/01/2025;JUAZEIRO;AC-CIND-RUA-BLOCO E-VILA SANTANA;SOBRADINHO;ENERGIZADA;1;0;;;1;PLANO 7;100%;14/03/2025;15/03/2025;CARLOS;SANTIAGO;SANDRO;-9,4539071;-40,8271665;;;;;;;;;;;;;;;;;;;;;;;;;;;;
1157379;03/01/2025;JUAZEIRO;RS-COEL-SAIDA AL NOVA TOURAO;JUAZEIRO;ENTREGA;0;0;;;;PLANO 1;100%;01/03/2025;31/03/2025;IVONALDO;RODRIGUES;SANDRO;-9,436886049;-40,38081355;;;;;;;;;;;;;;;;;;;;;;;;;;;;
1151835;03/01/2025;JUAZEIRO;AC-CIND-POV-ITAPICURU-RURAL;SENTO SÉ;AVANÇO;1;0;;;;PLANO 7;50%;01/03/2025;28/03/2025;CARLOS/FERNANDO;SANTIAGO;SANDRO;-10,548659;-41,84232;;;;;;;;;;;;;;;;;;;;;;;;;;;;
1040604;04/01/2025;JUAZEIRO;MP-CCOL-POV DESENGANO-RURAL;SENTO SÉ;MIGRADA;32;278;278;;;PLANO 14;20%;01/04/2025;19/04/2025;EMERSON;EMERSON;SANDRO;-9,7533815;-41,8857659;CONCLUIDA;;;;;;;;;;;;;;;;;;;;;;;;;;;
1084183;04/01/2025;JUAZEIRO;RR-CCOL-RCL-POV-DE LAJES-LAJES;JUAZEIRO;MIGRADA;87;60;60;;;PLANO 7;100%;;02/04/2025;PAULO;SANTIAGO;VICTOR;-9,4790867;-40,5060819;CONCLUIDA;;;;;;;;;;;;;;;;;;;;;;;;;;;
1085090;04/01/2025;JUAZEIRO;AL-01V2-NOVA TOURÃO-CONSTRUÇÃO (ITEM 2);JUAZEIRO;PES 38272 / OC 6336 - 03/04;0;51;51;;;PLANO 8;100%;01/04/2025;20/04/2025;IVONALDO;RODRIGUES;SANDRO;-9,436886049;-40,38081355;CONCLUIDA;;;;;;;;;;;;;;;;;;;;;;;;;;;
1032702;04/01/2025;JUAZEIRO;MP CIND POV TOME RURAL;JUAZEIRO;abril-25;2;32;28;;;;100%;05/04/2025;19/04/2025;GISMARIO;EDIE JONNES;;-9,4410603;-40,285742;CONCLUIDA;;R$ 67.200,00;;;;;;;;;;;;;;;;;;;;;;;;;
1146501;04/01/2025;JUAZEIRO;LD - CIND RUA BOA SORTE - RURAL;REMANSO;PENDENTE CABO 1x25;9;30;4;;;;100%;08/04/2025;12/04/2025;DOMINGOS / AILTON;PAULO JUNIOR;DEBORA;-9,6723986;-42,1921106;CONCLUIDA;;R$ 63.000,00;;;;;;;;;;;;;;;;;;;;;;;;;
1088197;04/01/2025;JUAZEIRO;AL - 01V5 - NOVA TOUR O - CONSTRU  O;JUAZEIRO;PES 38276 / OC 7332 - 03/04;0;27;27;;;PLANO 1;100%;01/04/2025;21/04/2025;IVONALDO;RODRIGUES;SANDRO;-9,436886049;-40,38081355;CONCLUIDA;;;;;;;;;;;;;;;;;;;;;;;;;;;
1015836;04/01/2025;JUAZEIRO;ER-CCOL-SI-JUAZEIRO-PINHOES;JUAZEIRO;PENDENTE CABO 1x25;5;25;25;;;;100%;01/04/2025;12/04/2025;JUAREZ;EDIE JONNES;;-9,5726189;-39,9000523;CONCLUIDA;;R$ 52.500,00;;;;;;;;;;;;;;;;;;;;;;;;;
1083865;04/01/2025;JUAZEIRO;MP-CIND-FAZ. RODEADOURO-RURAL;UAUÁ;abril-25;6;14;14;;;;100%;12/04/2025;25/04/2025;MAURICIO;EDIE JONNES;;-9,8445915;-39,50630863;CONCLUIDA;;R$ 29.400,00;;;;;;;;;;;;;;;;;;;;;;;;;
1054419;04/01/2025;JUAZEIRO;MP-CIND-POV. SANTANA-RURAL;UAUÁ;ENERGIZA 11/04;1;13;13;;;;100%;04/04/2025;12/04/2025;MAURICIO;EDIE JONNES;;-9,8645634;-39,6571608;CONCLUIDA;;R$ 27.300,00;;;;;;;;;;;;;;;;;;;;;;;;;
1161990;04/01/2025;JUAZEIRO;LD-CCOL-FAZ.SÃO BENTO-RURAL;UAUÁ;abril-25;2;13;13;;;;100%;14/04/2025;17/04/2025;MAURICIO;EDIE JONNES;EDVALDO;-9,84933752;-39,4703284;CONCLUIDA;;R$ 27.300,00;;;;;;;;;;;;;;;;;;;;;;;;;
0814100;04/01/2025;JUAZEIRO;LD-CIND-ET SERRA DA BATATEIRA-RURAL;JUAZEIRO;abril-25;8;11;11;;;;100%;09/04/2025;28/04/2025;PEPEU;ANDERSON;;-9,5114581;-40,505111;CONCLUIDA;;R$ 23.100,00;;;;;;;;;;;;;;;;;;;;;;;;;
1085374;04/01/2025;JUAZEIRO;AL-01V3-NOVA TOURÃO-CONSTRUÇÃO ITEM 1, 2;JUAZEIRO;PES 37430 / OC 1529 - 01/04;0;10;10;;;PLANO 8;100%;;;IVONALDO;RODRIGUES;SANDRO;-9,436886049;-40,38081355;CONCLUIDA;;;;;;;;;;;;;;;;;;;;;;;;;;;
1021872;04/01/2025;JUAZEIRO;ER-CIND-POV-CALDEIRAO GRANDE-CURRAL NOVO;JUAZEIRO;abril-25;1;9;9;;;;100%;14/04/2025;22/04/2025;GISMARIO;EDIE JONNES;;-9,8253289;-40,192637;CONCLUIDA;;R$ 18.900,00;;;;;;;;;;;;;;;;;;;;;;;;;
1113335;04/01/2025;JUAZEIRO;MP-CIND-FAZ-BANGUE 1250-RURAL;CURAÇÁ;abril-25;1;8;8;;;;100%;12/04/2025;16/04/2025;FERNANDO;SANTIAGO;;-9,2682018;-39,8037415;CONCLUIDA;;R$ 16.800,00;;;;;;;;;;;;;;;;;;;;;;;;;
1165825;04/01/2025;JUAZEIRO;ER-CIND-POV-CURUNDUNDUN-RURAL;UAUÁ;abril-25;1;7;7;;;;100%;28/04/2025;30/04/2025;MAURICIO;EDIE JONNES;;-9,718006;-39,276716;CONCLUIDA;;R$ 14.700,00;;;;;;;;;;;;;;;;;;;;;;;;;
1157379;04/01/2025;JUAZEIRO;RS-COEL-SAIDA AL NOVA TOURAO;JUAZEIRO;MIGRAR;0;0;;;;PLANO 1;100%;04/04/2025;20/04/2025;IVONALDO;RODRIGUES;SANDRO;-9,436886049;-40,38081355;EM EXECUÇÃO;;;;;;;;;;;;;;;;;;;;;;;;;;;
1085220;04/01/2025;JUAZEIRO;AL - 01V3 - SE NOVA TOURÃO-EQUIP-Q008200;JUAZEIRO;MIGRAR;0;2;;;;PLANO 1;100%;03/04/2025;20/04/2025;IVONALDO;RODRIGUES;SANDRO;-9,4335364;-40,3828412;EM EXECUÇÃO;;;;;;;;;;;;;;;;;;;;;;;;;;;
1088191;04/01/2025;JUAZEIRO;AL - 01V8 - NOVA TOUR O - CONSTRU  O;JUAZEIRO;MIGRAR;0;3;;;;PLANO 1;100%;02/04/2025;20/04/2025;IVONALDO;RODRIGUES;SANDRO;-9,436886049;-40,38081355;EM EXECUÇÃO;;;;;;;;;;;;;;;;;;;;;;;;;;;
1151835;04/01/2025;JUAZEIRO;AC-CIND-POV-ITAPICURU-RURAL;SENTO SÉ;MIGRAR;1;3;;;;;100%;14/05/2025;15/05/2025;CARLOS;SANTIAGO;SANDRO;-10,548659;-41,84232;EM EXECUÇÃO;;R$ 6.300,00;;;;;;;;;;;;;;;;;;;;;;;;;
1077391;04/01/2025;JUAZEIRO;LD-CIND-POV LAGOA DOS BOIS-LAGOA DOS BO;JUAZEIRO;abril-25;2;5;5;;;;100%;12/04/2025;28/04/2025;JUAREZ;EDIE JONNES;;-9,49175927;-40,2001457;CONCLUIDA;;;;;;;;;;;;;;;;;;;;;;;;;;;
1093845;04/01/2025;JUAZEIRO;LD-CIND-POV LIMOEIRO-RURAL;SENTO SÉ;MIGRAR;1;12;;;;PLANO 14;100%;22/05/2025;26/05/2025;CARLOS;SANTIAGO;SANDRO;-10,073223;-41,370786;ESCAVAÇÃO;;R$ 25.200,00;;;;;;;;;;;;;;;;;;;;;;;;;
1157325;04/01/2025;JUAZEIRO;RR-CIND-POV-SANTANA SOBRADO-RR-CASA NOVA;CASA NOVA;abril-25;1;5;5;;;;100%;16/04/2025;16/04/2025;AILTON;PAULO JUNIOR;DIEGO;-9,296343;-40,834028;CONCLUIDA;;R$ 10.500,00;;;;;;;;;;;;;;;;;;;;;;;;;
0875302;04/01/2025;JUAZEIRO;MP-CCOL-POV.LAGOA DOS BOIS-RURAL;JUAZEIRO;MIGRAR;2;37;;;;PLANO 14;100%;12/04/2025;02/05/2025;JUAREZ;EDIE JONNES;VICTOR;-9,42475819;-40,242379;ESCAVAÇÃO;;R$ 77.700,00;;;;;;;;;;;;;;;;;;;;;;;;;
1126041;04/01/2025;JUAZEIRO;IT CIND FAZ CURAÇA PEQUENO RURAL;JUAZEIRO;MIGRAR;0;108;82;;;PLANO 7;100%;15/03/2024;31/05/2025;FERNANDO/FABIO;SANTIAGO;CARLOS EDUARDO;-9,1258481;-40,0323912;ESCAVAÇÃO;;R$ 0,00;;;;;;;;;;;;;;;;;;;;;;;;;
1165100;04/01/2025;JUAZEIRO;ER-CIND-POV-BAIXAO 2852-RURAL-CASA NOVA;CASA NOVA;NÃO DEFINIDO;1;2;;;;;100%;11/04/2025;11/04/2025;AILTON;PAULO JUNIOR;DIEGO;-9,325327756;-41,0751019;NÃO INICIADA;;R$ 4.200,00;;;;;;;;;;;;;;;;;;;;;;;;;
1182944;04/01/2025;JUAZEIRO;ER-CIND-POV-ALGODAO DE CIMA 1452-AL CIMA;CASA NOVA;MIGRADA;1;5;5;;;PLANO 7;100%;28/04/2025;29/04/2025;AILTON;PAULO JUNIOR;DIEGO;-9,200843;-41,226521;CONCLUIDA;;R$ 10.500,00;;;;;;;;;;;;;;;;;;;;;;;;;
1165605;04/01/2025;JUAZEIRO;AC-CIND-LOT-PEDRO RAIMUND-MALHAD DA AREI;JUAZEIRO;abril-25;1;5;5;;;;100%;28/04/2025;29/04/2025;PAULO;SANTIAGO;;-9,4515829;-40,507978;CONCLUIDA;;R$ 10.500,00;;;;;;;;;;;;;;;;;;;;;;;;;
1085227;04/01/2025;JUAZEIRO;AL - 01V4 - NOVA TOURÃO - CONSTRUÇÃO;JUAZEIRO;PES 38257 / OC 7264 - 03/04;0;4;4;;;PLANO 8;100%;01/04/2025;20/04/2025;IVONALDO;RODRIGUES;SANDRO;-9,4307884;-40,3956456;CONCLUIDA;;;;;;;;;;;;;;;;;;;;;;;;;;;
1028355;04/01/2025;JUAZEIRO;ER-CIND-POV-SANTA BARBARA-RURAL;SOBRADINHO;MIGRADA;1;4;4;;;PLANO 14;100%;;;CARLOS;SANTIAGO;SANDRO;-9,4638721;-40,8140499;CONCLUIDA;;;;;;;;;;;;;;;;;;;;;;;;;;;
1166997;04/01/2025;JUAZEIRO;UB-CIND-SI BELO JARDIM-ITAMOTINGA;JUAZEIRO;PENDENTE CABO 1x25;1;4;4;;;;100%;11/04/2025;11/04/2025;PAULO;SANTIAGO;;-9,2659955;-40,0584022;CONCLUIDA;;R$ 8.400,00;;;;;;;;;;;;;;;;;;;;;;;;;
1176266;04/01/2025;JUAZEIRO;RR-CIND-POV RIACHO DO SOBRADO-RURAL;CASA NOVA;MIGRAR;2;20;;;;;100%;20/05/2025;20/05/2025;DANIEL/ AILTON;PAULO JUNIOR;DIEGO;-9,2783089;-40,71661953;NÃO INICIADA;;R$ 42.000,00;;;;;;;;;;;;;;;;;;;;;;;;;
1168621;04/01/2025;JUAZEIRO;ER-CIND-POV-SAO ROMAO-RURAL;CASA NOVA;MIGRAR;1;3;;;;;100%;08/05/2025;08/05/2025;AILTON;PAULO JUNIOR;DIEGO;-9,186586027;-40,8480501;NÃO INICIADA;;R$ 6.300,00;;;;;;;;;;;;;;;;;;;;;;;;;
1177525;04/01/2025;JUAZEIRO;AC-CIND-RUA- XIQUE XIQUE-CENTRO;PILÃO ARCADO;NÃO DEFINIDO;0;1;;;;;100%;14/04/2025;14/04/2025;DOMINGOS;PAULO JUNIOR;;-10,00231555;-42,4784534;NÃO INICIADA;;R$ 2.100,00;;;;;;;;;;;;;;;;;;;;;;;;;
1163633;04/01/2025;JUAZEIRO;ME CIND RUA CAIXA DAGUA1 CENTRO;CASA NOVA;MIGRADA;0;4;4;;;PLANO 8;100%;17/04/2025;17/04/2025;AILTON;PAULO JUNIOR;DIEGO;-8,7732182;-41,1549792;CONCLUIDA;;R$ 8.400,00;;;;;;;;;;;;;;;;;;;;;;;;;
1161869;04/01/2025;JUAZEIRO;ER-CIND-FAZ-MASSAYO -RURAL;JUAZEIRO;NÃO DEFINIDO;0;4;;;;PLANO 7;100%;14/04/2025;15/04/2025;PEPEU;ANDERSON;VICTOR;-9,475;-40,428328;NÃO INICIADA;;R$ 8.400,00;;;;;;;;;;;;;;;;;;;;;;;;;
1179431;04/01/2025;JUAZEIRO;UB-CIND-RUA-CAVA CH O-ALTO DO MALAQUIAS;UAUÁ;CONCLUIDA;0;3;3;;;;100%;11/04/2025;11/04/2025;MAURICIO;EDIE JONNES;;-9,833687497;-39,49020672;CONCLUIDA;;R$ 6.300,00;;;;;;;;;;;;;;;;;;;;;;;;;
1182129;04/01/2025;JUAZEIRO;ER-CCOL-POV-RIACHO D SOBRADO-RURAL;CASA NOVA;MIGRADA;3;3;3;;;PLANO 7;100%;23/04/2025;23/04/2025;AILTON;PAULO JUNIOR;DIEGO;-9,2685118;-40,7499962;CONCLUIDA;;R$ 6.300,00;;;;;;;;;;;;;;;;;;;;;;;;;
1172741;04/01/2025;JUAZEIRO;UB-CIND-AV-GIUSEPPE MUCCINI-PIRANGA;JUAZEIRO;abril-25;1;3;3;;;;100%;25/04/2025;25/04/2025;PAULO;SANTIAGO;;-9,433899;-40,521582;CONCLUIDA;;R$ 6.300,00;;;;;;;;;;;;;;;;;;;;;;;;;
1173888;04/01/2025;JUAZEIRO;UB-CIND-CJN-JUAZEIRO-JO O PAULO II;JUAZEIRO;abril-25;1;2;2;;;;100%;03/04/2025;03/04/2025;GISMARIO;EDIE JONNES;;-9,4737911;-40,4942233;CONCLUIDA;;R$ 4.200,00;;;;;;;;;;;;;;;;;;;;;;;;;
1165820;04/01/2025;JUAZEIRO;ER-CIND-POV-TIGRE 595-RURAL;CASA NOVA;MIGRAR;1;1;;;;;100%;09/05/2025;09/05/2025;DANIEL;PAULO JUNIOR;DIEGO;-9,1421534;-41,003163;NÃO INICIADA;;R$ 2.100,00;;;;;;;;;;;;;;;;;;;;;;;;;
1164868;04/01/2025;JUAZEIRO;ER-CIND-POV-GOIABEIRA II-GOIABEIRA II;JUAZEIRO;MIGRAR;2;5;;;;;100%;16/05/2025;16/05/2025;PEPEU;SANTIAGO;;-9,814038525;-40,6017323;NÃO INICIADA;;R$ 10.500,00;;;;;;;;;;;;;;;;;;;;;;;;;
1161619;04/01/2025;JUAZEIRO;ER-CIND-FAZ-MASSAYO-RURAL;JUAZEIRO;NÃO DEFINIDO;1;1;;;;PLANO 7;100%;08/04/2025;18/04/2025;PEPEU;ANDERSON;VICTOR;-9,372143;-40,349066;NÃO INICIADA;;R$ 2.100,00;;;;;;;;;;;;;;;;;;;;;;;;;
1173101;04/01/2025;JUAZEIRO;AC-CIND-FAZ-TESTA BRANCA-CALDEIRAO DO AL;UAUÁ;abril-25;1;2;2;;;;100%;14/04/2025;14/04/2025;MAURICIO;EDIE JONNES;;-9,995853;-39,536663;CONCLUIDA;;R$ 4.200,00;;;;;;;;;;;;;;;;;;;;;;;;;
1168500;04/01/2025;JUAZEIRO;AC-CIND-CA-ELLIS MARIA-RURAL DE CIMA;JUAZEIRO;MIGRAR;1;1;;;;;100%;13/05/2025;13/05/2025;PEPEU;SANTIAGO;;-9,453858;-40,5391525;NÃO INICIADA;;R$ 2.100,00;;;;;;;;;;;;;;;;;;;;;;;;;
1146819;04/01/2025;JUAZEIRO;NT-RECOND-MND-01N3-Q028290 -Q028297;CASA NOVA;NÃO DEFINIDO;0;2;;;;PLANO 8;100%;22/04/2025;22/04/2025;DANIEL;PAULO JUNIOR;DIEGO;-9,3531261;-40,8462015;NÃO INICIADA;;R$ 4.200,00;;;;;;;;;;;;;;;;;;;;;;;;;
1177220;04/01/2025;JUAZEIRO;ER-CCOL-POV-BREJO FORA-BREJO FORA;SOBRADINHO;MIGRADA;1;1;1;;;;100%;27/03/2025;03/04/2025;CARLOS ;SANTIAGO;;-9.533.277;-41.045.161;CONCLUIDA;;;;;;;;;;;;;;;;;;;;;;;;;;;
1189982;04/01/2025;JUAZEIRO;UB-CIND-ROD-235 KM-CENTRO-REMANSO;REMANSO;abril-25;1;1;1;;;;100%;;;MANUTENÇÃO;ANDERSON;DEBORA;-9,606204;-42,072652;CONCLUIDA;;R$ 2.100,00;;;;;;;;;;;;;;;;;;;;;;;;;
1157282;04/01/2025;JUAZEIRO;AL 06-NOVA TOUR O - CONSTRU  O 1 3;JUAZEIRO;PES 37149 / OC 1859 - 01/04;0;1;1;;;PLANO 1;100%;;;IVONALDO;RODRIGUES;SANDRO;-9,436886049;-40,38081355;CONCLUIDA;;;;;;;;;;;;;;;;;;;;;;;;;;;
1190937;04/01/2025;JUAZEIRO;ER-CCOL-POV-PATAMUTE-RURAL;CURAÇÁ;MIGRAR;1;31;;;;;100%;01/05/2025;03/05/2025;FABIO;SANTIAGO;;-9,044985;-39,482341;NÃO INICIADA;;R$ 65.100,00;;;;;;;;;;;;;;;;;;;;;;;;;
1041575;04/01/2025;JUAZEIRO;MP-CCOL-POV-SERROTIM-RURAL;CURAÇÁ;MIGRAR;1;15;;;;;100%;05/05/2025;08/05/2025;;;;-9,1440435;-39,840718;NÃO INICIADA;;;;;;;;;;;;;;;;;;;;;;;;;;;
1182461;04/01/2025;JUAZEIRO;UB-CIND-ROD-235 KM 01 23-CENTRO;REMANSO;MIGRADA;3;1;1;;;PLANO 7;100%;;;DOMINGOS;PAULO JUNIOR;DEBORA;-9,587614;-42,063516;CONCLUIDA;;;;;;;;;;;;;;;;;;;;;;;;;;;
1172617;04/01/2025;JUAZEIRO;UB-CIND-AV-POUSADA-CENTRO;UAUÁ;abril-25;1;1;1;;;;100%;12/04/2025;12/04/2025;MAURICIO;EDIE JONNES;;-9,83367;-39,4814945;CONCLUIDA;;R$ 2.100,00;;;;;;;;;;;;;;;;;;;;;;;;;
1175135;04/01/2025;JUAZEIRO;ER-CIND-POV-LAGOA DOS TINOS-RURAL;CASA NOVA;abril-25;1;1;1;;;;100%;22/04/2025;22/04/2025;AILTON;PAULO JUNIOR;DIEGO;-9,1970334;-41,012684;CONCLUIDA;;R$ 2.100,00;;;;;;;;;;;;;;;;;;;;;;;;;
1193657;04/01/2025;JUAZEIRO;RR-GRUA-FAZ-VERMELHO-RURAL;JUAZEIRO;MIGRAR;0;3;;;;PLANO 8;100%;19/05/2025;19/05/2025;PEPEU;EDIE JONNES;VICTOR;-9,3724885;-39,9368482;NÃO INICIADA;;R$ 6.300,00;;;;;;;;;;;;;;;;;;;;;;;;;
1169987;04/01/2025;JUAZEIRO;ER-CIND-SI-CRUZEIRO-RURAL;CASA NOVA;MIGRAR;1;8;;;;;100%;05/05/2025;07/05/2025;DANIEL;PAULO JUNIOR;DIEGO;-9,406432;-41,155454;NÃO INICIADA;;R$ 16.800,00;;;;;;;;;;;;;;;;;;;;;;;;;
1191968;04/01/2025;JUAZEIRO;ER-CIND-POV-LAGOA DOS CAVALOS-RURAL;JUAZEIRO;abril-25;1;1;1;;;;100%;24/04/2025;24/04/2025;PEPEU;ANDERSON;;-9,2796334;-40,0726729;CONCLUIDA;;R$ 2.100,00;;;;;;;;;;;;;;;;;;;;;;;;;
1176079;04/01/2025;JUAZEIRO;UB-CIND-ET-SERRA DA BATATEIRA-J PAULO II;JUAZEIRO;abril-25;1;0;0;;;;100%;04/04/2025;04/04/2025;CARLOS;SANTIAGO;VICTOR;-9,47910747;-40,4916073;CONCLUIDA;;R$ 0,00;;;;;;;;;;;;;;;;;;;;;;;;;
1177510;04/01/2025;JUAZEIRO;ER-CIND-POV-SANTA RITA-RURAL;CASA NOVA;NÃO DEFINIDO;1;1;;;;;100%;25/04/2025;25/04/2025;AILTON;PAULO JUNIOR;DIEGO;-9,0561578;-40,9252703;NÃO INICIADA;;R$ 2.100,00;;;;;;;;;;;;;;;;;;;;;;;;;
0884168;04/01/2025;JUAZEIRO;MP-CCOL-POV SALGADINHA-RURAL;CASA NOVA;MIGRAR;1;9;;;;PLANO 14;100%;10/05/2025;12/05/2025;AILTON;PAULO JUNIOR;DIEGO;-9,2064123;-40,8080123;NÃO INICIADA;;R$ 18.900,00;;;;;;;;;;;;;;;;;;;;;;;;;
1177596;04/01/2025;JUAZEIRO;UB-CIND RO BR 235 105 - CASA NOVA;CASA NOVA;NÃO DEFINIDO;1;0;;;;;100%;25/04/2025;25/04/2025;DANIEL;PAULO JUNIOR;DIEGO;-9,1794719;-40,9848238;NÃO INICIADA;;R$ 0,00;;;;;;;;;;;;;;;;;;;;;;;;;
1175531;04/01/2025;JUAZEIRO;ER-CIND-PR -CASTRO ALVES 7-MASSAROCA;JUAZEIRO;NÃO DEFINIDO;1;5;;;;;100%;25/04/2025;25/04/2025;PEPEU;ANDERSON;;-9,874565;-40,283335;NÃO INICIADA;;R$ 10.500,00;;;;;;;;;;;;;;;;;;;;;;;;;
1085103;04/01/2025;JUAZEIRO;AL - 01V2 - SE NOVA TOURÃO - EQUIP. Q008;JUAZEIRO;MIGRAR;0;2;;;;PLANO 1;100%;09/04/2025;25/04/2025;IVONALDO;RODRIGUES;SANDRO;;;NÃO INICIADA;;;;;;;;;;;;;;;;;;;;;;;;;;;
1191690;04/01/2025;JUAZEIRO;ME-COEL-ET-AGUAS BELAS-MALHADA DA AREIA;JUAZEIRO;MIGRAR;0;2;;;;;70%;01/05/2025;03/05/2025;JUAREZ;EDIE JONNES;;-9,4327488;-39,8540952;NÃO INICIADA;;R$ 4.200,00;;;;;;;;;;;;;;;;;;;;;;;;;
1144577;04/01/2025;JUAZEIRO;UB-CIND-AV-DEP R QUEIROZ-CENTRO;PILÃO ARCADO;NÃO DEFINIDO;1;2;;;;;100%;28/04/2025;28/04/2025;AILTON;PAULO JUNIOR;;-10,007021;-42,490931;NÃO INICIADA;;R$ 4.200,00;;;;;;;;;;;;;;;;;;;;;;;;;
1166759;04/01/2025;JUAZEIRO;AC-CIND-POV-PARA RURAL-BEM BOM;CASA NOVA;NÃO DEFINIDO;0;2;;;;;100%;28/04/2025;28/04/2025;DANIEL;PAULO JUNIOR;DIEGO;-9,629535;-41,839633;NÃO INICIADA;;R$ 4.200,00;;;;;;;;;;;;;;;;;;;;;;;;;
1185126;04/01/2025;JUAZEIRO;AC-CIND-SI-BARREIRINHO-RURAL-CASA NOVA;CASA NOVA;MIGRADA;1;0;0;;;PLANO 7;100%;04/04/2025;04/04/2025;DOMINGOS;PAULO JUNIOR;DIEGO;-9,184291284;-40,95207612;CONCLUIDA;;R$ 0,00;;;;;;;;;;;;;;;;;;;;;;;;;
1158033;04/01/2025;JUAZEIRO;MP-CIND-POV.GERGELIM 999-RURAL;CAMPO ALEGRE DE LOURDES;MIGRAR;3;34;;;;;100%;28/04/2025;16/05/2025;DOMINGOS;PAULO JUNIOR;DIEGO;-9,5673699;-42,9716946;NÃO INICIADA;;R$ 71.400,00;;;;;;;;;;;;;;;;;;;;;;;;;
1192300;04/01/2025;JUAZEIRO;AC-CIND-AV-MARAVILHA 1002-CENTRO-L PIRES;UAUÁ;abril-25;1;0;0;;;;100%;;;MAURICIO;EDIE JONNES;;-10,013852;-39,500342;CONCLUIDA;;R$ 0,00;;;;;;;;;;;;;;;;;;;;;;;;;
1163359;04/01/2025;JUAZEIRO;AC-CIND-POV- JAQUINICO-RURAL;CURAÇÁ;NÃO DEFINIDO;0;0;0;;;PLANO 7;100%;18/04/2025;22/04/2025;PEPEU;;CARLOS EDUARDO;-9,1621406;-39,5808077;CONCLUIDA;;;;;;;;;;;;;;;;;;;;;;;;;;;
1189586;04/01/2025;JUAZEIRO;ER-CIND-POV-FAZ SERRA DA ESPERANCA-RURAL;CASA NOVA;NÃO DEFINIDO;1;0;;;;;100%;30/04/2025;30/04/2025;DANIEL;PAULO JUNIOR;DIEGO;-9,306858;-40,929346;NÃO INICIADA;;R$ 0,00;;;;;;;;;;;;;;;;;;;;;;;;;
1177311;04/01/2025;JUAZEIRO;ER-CIND-POV-TANQUINHO-RURAL;CASA NOVA;NÃO DEFINIDO;1;2;;;;;100%;29/04/2025;29/04/2025;AILTON;PAULO JUNIOR;DIEGO;-8,7938755;-41,090002;NÃO INICIADA;;R$ 4.200,00;;;;;;;;;;;;;;;;;;;;;;;;;
1190119;04/01/2025;JUAZEIRO;UB-CIND-CA-J 357-PARQUE RESIDENCIAL;JUAZEIRO;abril-25;1;0;0;;;;100%;24/04/2025;24/04/2025;PAULO;SANTIAGO;;-9,476314;-40,49265;CONCLUIDA;;R$ 0,00;;;;;;;;;;;;;;;;;;;;;;;;;
1164542;04/01/2025;JUAZEIRO;ER-SEIN-RUA-DR TANCREDO NEVES-RURAL;SENTO SÉ;EMERSON;1;50;;;;;100%;01/04/2025;30/04/2025;EMERSON;EMERSON;;;;NÃO INICIADA;;R$ 105.000,00;;;;;;;;;;;;;;;;;;;;;;;;;
1162299;04/01/2025;JUAZEIRO;ER-CIND-POV-LAGOA DO GIL-LAGOA DO GIL;REMANSO;NÃO DEFINIDO;1;1;;;;;100%;15/04/2025;30/04/2025;DOMINGOS;PAULO JUNIOR;DEBORA;-9,534525;-42,281247;NÃO INICIADA;;R$ 2.100,00;;;;;;;;;;;;;;;;;;;;;;;;;
1053585;04/01/2025;JUAZEIRO;MP-CIND-POV-TRAIRAS-RURAL;SOBRADINHO;MIGRAR;1;14;;;;;100%;17/05/2025;21/05/2025;CARLOS ;SANTIAGO;;-9,631588;-40,918664;NÃO INICIADA;;R$ 29.400,00;;;;;;;;;;;;;;;;;;;;;;;;;
1161662;04/01/2025;JUAZEIRO;ME-COEL-RUA-TIRADENTES 1-CENTRO-C ALEGRE;CAMPO ALEGRE DE LOURDES;MIGRAR;0;3;;;;PLANO 8;100%;17/05/2025;17/05/2025;DOMINGOS;PAULO JUNIOR;DEBORA;-9,354759;-43,401637;NÃO INICIADA;;R$ 6.300,00;;;;;;;;;;;;;;;;;;;;;;;;;
1132936;04/01/2025;JUAZEIRO;MP CIND POV RIACHO SECO RURAL;CURAÇÁ;MIGRAR;2;16;;;;;100%;28/05/2025;31/05/2025;IVONALDO;SANTIAGO;;-8,832962;-39,6105526;NÃO INICIADA;;R$ 33.600,00;;;;;;;;;;;;;;;;;;;;;;;;;
1141818;04/01/2025;JUAZEIRO;ER-CIND-SI-PASCACIO-RURAL;CASA NOVA;NÃO DEFINIDO;0;0;;;;;100%;30/04/2025;30/04/2025;DANIEL / AILTON;PAULO JUNIOR;DIEGO;-9,3063835;-41,1366298;NÃO INICIADA;;R$ 0,00;;;;;;;;;;;;;;;;;;;;;;;;;
1146682;04/01/2025;JUAZEIRO;NT-RECOND-RMN-09X1-Q076416-Q076429;PILÃO ARCADO;NÃO DEFINIDO;0;4;;;;PLANO 8;100%;16/04/2025;30/04/2025;DOMINGOS;PAULO JUNIOR;DEBORA;-9,9609048;-42,4062434;NÃO INICIADA;;R$ 8.400,00;;;;;;;;;;;;;;;;;;;;;;;;;
1172946;04/01/2025;JUAZEIRO;IE-REGULADOR-RMN-09X1-Q076477;PILÃO ARCADO;NÃO DEFINIDO;0;2;;;;PLANO 8;100%;17/04/2025;30/04/2025;DOMINGOS;PAULO JUNIOR;DIEGO;-9,9975706;-42,4459334;NÃO INICIADA;;R$ 4.200,00;;;;;;;;;;;;;;;;;;;;;;;;;
1157069;04/01/2025;JUAZEIRO;ER-CIND-POV-BARRO VERMELHO-RURAL;CURAÇÁ;MIGRAR;1;42;;;;PLANO 7;100%;01/05/2025;10/05/2025;FABIO;SANTIAGO;CARLOS EDUARDO;-9,4421052;-39,7821061;NÃO INICIADA;;R$ 88.200,00;;;;;;;;;;;;;;;;;;;;;;;;;
1175314;04/01/2025;JUAZEIRO;IS-CIND-RUA-AGUAS BELAS-MALHADA DA AREIA;JUAZEIRO;MIGRAR;0;7;;;;;100%;15/05/2025;15/05/2025;PAULO;SANTIAGO;;-9,436534358;-40,475387;NÃO INICIADA;;R$ 14.700,00;;;;;;;;;;;;;;;;;;;;;;;;;
1115260;04/01/2025;JUAZEIRO;AC-CIND-RUA-PADRE JOAO FRE-CENTRO;PILÃO ARCADO;MIGRAR;1;4;;;;PLANO 7;100%;19/05/2025;20/05/2025;DOMINGOS;PAULO JUNIOR;DIEGO;-10,000539;-42,480473;NÃO INICIADA;;R$ 8.400,00;;;;;;;;;;;;;;;;;;;;;;;;;
1145056;04/01/2025;JUAZEIRO;RR-SEIN-POV-CALDEIRAOZINHO-RURAL;UAUÁ;RUBEM;11;149;;;;;25%;21/04/2025;31/05/2025;RUBENS;RUBENS;;-10,13720546;-39,45350936;NÃO INICIADA;;;;;;;;;;;;;;;;;;;;;;;;;;;
1159894;04/01/2025;JUAZEIRO;UB-CIND-RUA-JUAZEIRO-2;JUAZEIRO;MIGRAR;0;66;;;;;30%;22/04/2025;28/06/2025;GISMARIO;EDIE JONNES;;-9,4549199;-40,5358319;NÃO INICIADA;;R$ 138.600,00;;;;;;;;;;;;;;;;;;;;;;;;;
0515938;04/01/2025;JUAZEIRO;MP-CCOL-FAZ SERRA BRANCA E ARRED.-RURAL;REMANSO;JORGE;21;459;;;;;40%;01/04/2025;;JORGE;JORGE;DEBORA;;;NÃO INICIADA;;;;;;;;;;;;;;;;;;;;;;;;;;;
1157088;04/01/2025;JUAZEIRO;FVU-REGULADOR-MAC-09Z1-D693866;PAULO AFONSO;NÃO DEFINIDO;0;0;0;;;;100%;;;;;;;;CONCLUIDA;;;;;;;;;;;;;;;;;;;;;;;;;;;
1145201;05/01/2025;JUAZEIRO;ER-CIND-POV-RURAL-CASA NOVA;CASA NOVA;ENTREGA;1;7;7;;;PLANO 7;100%;12/05/2025;17/05/2025;DANIEL;PAULO JUNIOR;;;;;;R$ 11.900,00;;;;;;;;;;;;;;;;;;;;;;;;;
1198422;05/01/2025;JUAZEIRO;IT-CIND-FAZ-PROJ NILO COELHO-CASA NOVA;CASA NOVA;CONCLUIDA;0;0;0;;;PLANO 7;100%;08/05/2025;10/05/2025;LINHA VIVA;PAULO JUNIOR;;;;;;R$ 0,00;;;;;;;;;;;;;;;;;;;;;;;;;
1127131;05/01/2025;JUAZEIRO;AC-GRUA-CJN-PARATY ATACADO-MMGD;JUAZEIRO;CONCLUIDA;0;0;0;;;PLANO 7;100%;07/05/2025;15/05/2025;LINHA VIVA;EDIE JONNES;;;;;;R$ 0,00;;;;;;;;;;;;;;;;;;;;;;;;;
1170253;05/01/2025;JUAZEIRO;IE-RELIGADOR-CSN-01C6-J54312;CASA NOVA;ENTREGA;0;1;0;;;PLANO 8;100%;16/05/2025;31/05/2025;DANIEL;PAULO JUNIOR;;;;;;R$ 0,00;;;;;;;;;;;;;;;;;;;;;;;;;
1188323;05/01/2025;JUAZEIRO;UCIND-AV-GUISEPP MUCCINI-ARGEMIRO;JUAZEIRO;CONCLUIDA;0;0;0;;;PLANO 7;100%;08/05/2025;08/05/2025;GISMARIO;EDIE JONNES;;;;;;R$ 0,00;;;;;;;;;;;;;;;;;;;;;;;;;
1195911;05/01/2025;JUAZEIRO;UCIND-RUA-DAS MARGARIDAS 20-V MALVAO;CASA NOVA;CONCLUIDA;2;0;0;;;PLANO 7;100%;15/05/2025;17/05/2025;DANIEL;PAULO JUNIOR;;;;;;R$ 0,00;;;;;;;;;;;;;;;;;;;;;;;;;
1101591;05/01/2025;JUAZEIRO;IT-GRUA-FAZ-PROJETO NILO COELH-RURAL-MOD;CASA NOVA;AVANÇO;0;176;88;;;PLANO 7;50%;16/05/2025;30/06/2025;FERNANDO;PAULO JUNIOR;;;;;;R$ 149.600,00;;;;;;;;;;;;;;;;;;;;;;;;;
1195385;05/01/2025;JUAZEIRO;UCIND-RUA-COMISSAO DO VALE-PIRANGA;JUAZEIRO;PES 52486 OC 48953 - 15/05;1;0;0;;;PLANO 7;100%;13/05/2025;15/05/2025;GISMARIO;EDIE JONNES;;;;;;R$ 0,00;;;;;;;;;;;;;;;;;;;;;;;;;
1156209;05/01/2025;JUAZEIRO;AC REG FV CIND FAZ CAPUCHU 16 RURAL;CURAÇÁ;MIGRAR;2;37;37;;;PLANO 7;100%;19/05/2025;31/05/2025;IVONALDO;EDIE JONNES;;;;;;R$ 62.900,00;;;;;;;;;;;;;;;;;;;;;;;;;
1139392;05/01/2025;JUAZEIRO;MP CIND FAZ SURUBIM RURAL;CURAÇÁ;MIGRAR;2;25;25;;;PLANO 7;100%;09/05/2025;17/05/2025;IVONALDO;EDIE JONNES;;;;;;R$ 42.500,00;;;;;;;;;;;;;;;;;;;;;;;;;
1059076;05/01/2025;JUAZEIRO;MP-CCOL-POV-SERROTIM-RURAL;CURAÇÁ;CONCLUIDA;2;6;6;;;PLANO 14;100%;05/05/2025;09/05/2025;IVONALDO;EDIE JONNES;;;;;;R$ 10.200,00;;;;;;;;;;;;;;;;;;;;;;;;;
1157379;05/01/2025;JUAZEIRO;RS-COEL-SAIDA AL NOVA TOURAO;JUAZEIRO;CONCLUIDA;0;0;0;;;PLANO 1;100%;01/05/2025;15/05/2025;IVONALDO;SANTIAGO;;;;;;R$ 0,00;;;;;;;;;;;;;;;;;;;;;;;;;
1159894;05/01/2025;JUAZEIRO;UCIND-RUA-JUAZEIRO-2;JUAZEIRO;AVANÇO;0;66;33;;;PLANO 7;50%;12/05/2025;31/07/2025;PAULO;EDIE JONNES;;;;; ;R$ 56.100,00;;;;;;;;;;;;;;;;;;;;;;;;;
1096776;05/01/2025;JUAZEIRO;LD-CIND-FAZ.CURRALINHO-RURAL;CURAÇÁ;CONCLUIDA;1;1;1;;;PLANO 7;100%;13/05/2025;14/05/2025;FABIO;EDIE JONNES;;;;;;R$ 1.700,00;;;;;;;;;;;;;;;;;;;;;;;;;
1057733;05/01/2025;JUAZEIRO;MP-CIND-POV-CRUZ II-RIO RURAL;JUAZEIRO;MIGRAR;1;10;10;;;PLANO 14;100%;26/05/2025;31/05/2025;PEDRO BATISTA;ANDERSON;;;;;;R$ 17.000,00;;;;;;;;;;;;;;;;;;;;;;;;;
1180504;05/01/2025;JUAZEIRO;ER-CIND-RUA-SANTA INES-MATA BURRO;JUAZEIRO;CONCLUIDA;4;1;1;;;PLANO 7;100%;06/05/2025;09/05/2025;GISMARIO;EDIE JONNES;;;;;;R$ 1.700,00;;;;;;;;;;;;;;;;;;;;;;;;;
1135898;05/01/2025;JUAZEIRO;ER-CIND-POV-CARNAIBA DO SERTAO-RURAL;JUAZEIRO;MIGRAR;1;3;3;;;PLANO 7;100%;23/05/2025;28/05/2025;GISMARIO;EDIE JONNES;;;;;;R$ 5.100,00;;;;;;;;;;;;;;;;;;;;;;;;;
1087721;05/01/2025;JUAZEIRO;RU-CIND-LOT-ANTONIO GUILHERMINO;JUAZEIRO;ENTREGA;1;5;5;;;PLANO 7;100%;31/05/2025;31/05/2025;GISMARIO;EDIE JONNES;;;;;;R$ 8.500,00;;;;;;;;;;;;;;;;;;;;;;;;;
1181926;05/01/2025;JUAZEIRO;UCIND-RUA-ALTO LINDO-CENTRO;JUAZEIRO;CONCLUIDA;2;1;1;;;PLANO 7;100%;19/05/2025;23/05/2025;GISMARIO;EDIE JONNES;;;;;;R$ 1.700,00;;;;;;;;;;;;;;;;;;;;;;;;;
1136743;05/01/2025;JUAZEIRO;EQ-CIND-POV-CURAÇA PEQUENO-RURAL;JUAZEIRO;MIGRAR;0;2;2;;;PLANO 7;100%;23/05/2025;31/05/2025;FABIO;EDIE JONNES;;;;;;R$ 3.400,00;;;;;;;;;;;;;;;;;;;;;;;;;
1164542;05/01/2025;JUAZEIRO;ER-SEIN-RUA-DR TANCREDO NEVES-RURAL;SENTO SÉ;ENTREGA;1;50;50;;;;100%;01/05/2025;24/05/2025;EMERSON;EMERSON;;;;;;R$ 85.000,00;;;;;;;;;;;;;;;;;;;;;;;;;
1130105;05/01/2025;JUAZEIRO;IT-GRUA-ET-DISTRITO DE IRRIG-RURAL;JUAZEIRO;CONCLUIDA;0;0;0;;;PLANO 7;100%;05/05/2025;15/05/2025;LINHA VIVA;EDIE JONNES;;;;;;R$ 0,00;;;;;;;;;;;;;;;;;;;;;;;;;
1159829;05/01/2025;JUAZEIRO;ER-CIND-FAZ-PE DE MORRO-RURAL;JUAZEIRO;MIGRAR;2;0;0;;;PLANO 7;100%;23/05/2025;26/05/2025;GISMARIO;EDIE JONNES;;;;;;R$ 0,00;;;;;;;;;;;;;;;;;;;;;;;;;
1160624;05/01/2025;JUAZEIRO;ME-COEL-AG AGUAS BELAS-99999;JUAZEIRO;MIGRAR;1;13;13;;;PLANO 8;100%;20/05/2025;23/05/2025;GISMARIO;EDIE JONNES;;;;;;R$ 22.100,00;;;;;;;;;;;;;;;;;;;;;;;;;
1169864;05/01/2025;JUAZEIRO;IE-RELIGADOR-MAN-01W2-J02927;JUAZEIRO;ENTREGA;0;0;0;;;PLANO 8;100%;28/05/2025;31/05/2025;GISMARIO;EDIE JONNES;;;;;;R$ 0,00;;;;;;;;;;;;;;;;;;;;;;;;;
1170306;05/01/2025;JUAZEIRO;UCIND-RUA-ILHA SOLTEIRA-VILA S FRANC;SOBRADINHO;CONCLUIDA;1;1;1;;;PLANO 7;100%;08/05/2025;09/05/2025;JUAREZ;SANTIAGO;;;;;;R$ 1.700,00;;;;;;;;;;;;;;;;;;;;;;;;;
1165820;05/01/2025;JUAZEIRO;ER-CIND-POV-TIGRE 595-RURAL;CASA NOVA;CONCLUIDA;1;1;1;;;;100%;09/05/2025;10/05/2025;DANIEL/ AILTON;PAULO JUNIOR;;;;;;R$ 1.700,00;;;;;;;;;;;;;;;;;;;;;;;;;
1168500;05/01/2025;JUAZEIRO;AC-CIND-CA-ELLIS MARIA-RURAL DE CIMA;JUAZEIRO;CONCLUIDA;1;1;1;;;;100%;13/05/2025;16/05/2025;DOMINGOS;SANTIAGO;;;;;;R$ 1.700,00;;;;;;;;;;;;;;;;;;;;;;;;;
1197173;05/01/2025;JUAZEIRO;IS-COEL-AV-MARIA DA G DE JESUS-J VITOR;JUAZEIRO;AVANÇO;0;8;4,8;;;PLANO 8;60%;23/05/2025;26/05/2025;PEDRO BATISTA;ANDERSON;;;;;;R$ 8.160,00;;;;;;;;;;;;;;;;;;;;;;;;;
1201323;05/01/2025;JUAZEIRO;RR-CIND-POV-TOME-RURAL;JUAZEIRO;CONCLUIDA;2;23;23;;;;100%;07/05/2025;17/05/2025;GISMARIO;EDIE JONNES;;;;;;R$ 39.100,00;;;;;;;;;;;;;;;;;;;;;;;;;
1126041;05/01/2025;JUAZEIRO;IT CIND FAZ CURAÇA PEQUENO RURAL;JUAZEIRO;MIGRAR;0;95;95;;;PLANO 7;100%;14/05/2025;31/05/2025;FABIO;SANTIAGO;;;;;;R$ 161.500,00;;;;;;;;;;;;;;;;;;;;;;;;;
1193204;05/01/2025;JUAZEIRO;ER-CCOL-FAZ-ALEGRIA-DUNAS;CURAÇÁ;CONCLUIDA;1;2;2;;;PLANO 7;100%;12/05/2025;14/05/2025;GISMARIO;EDIE JONNES;;;;;;R$ 3.400,00;;;;;;;;;;;;;;;;;;;;;;;;;
0806660;05/01/2025;JUAZEIRO;MP-CCOL-POV. CHAMUSCADO-RURAL;PILÃO ARCADO;AVANÇO;19;208;104;;;PLANO 7;50%;12/05/2025;30/06/2025;EMERSON;EMERSON;;;;;;R$ 176.800,00;;;;;;;;;;;;;;;;;;;;;;;;;
0556240;05/01/2025;JUAZEIRO;RR-CCOL-POV.SÃO FRANCISCO-RURAL;REMANSO;ENTREGA;15;73;73;;;PLANO 14;100%;12/05/2025;28/05/2025;DOMINGOS ;PAULO JUNIOR;;;;;;R$ 124.100,00;;;;;;;;;;;;;;;;;;;;;;;;;
1058096;05/01/2025;JUAZEIRO;MP-CCOL-POV-PONTA DA SERRA-RURAL;REMANSO;AVANÇO;6;74;37;;;PLANO 14;50%;20/05/2025;30/06/2025;RUBEM;RUBEM;;;;;;R$ 62.900,00;;;;;;;;;;;;;;;;;;;;;;;;;
1058100;05/01/2025;JUAZEIRO;AC-CIND-POV-PONTA DA SERRA-RURAL;REMANSO;AVANÇO;59;380;76;;;PLANO 7;20%;20/05/2025;31/08/2025;RUBEM;RUBEM;;;;;;R$ 129.200,00;;;;;;;;;;;;;;;;;;;;;;;;;
1182615;05/01/2025;JUAZEIRO;UCIND-ROD-235 KM-CENTRO;REMANSO;ENTREGA;1;1;1;;;PLANO 7;100%;13/05/2025;23/05/2025;DOMINGOS ;PAULO JUNIOR;;;;;;R$ 1.700,00;;;;;;;;;;;;;;;;;;;;;;;;;
1183798;05/01/2025;JUAZEIRO;ER-CIND-POV-LAGOA DE S BENTO-RURAL;REMANSO;ENTREGA;3;18;18;;;PLANO 7;100%;31/05/2025;31/05/2025;AILTON;PAULO JUNIOR;;;;;;R$ 30.600,00;;;;;;;;;;;;;;;;;;;;;;;;;
0515938;05/01/2025;JUAZEIRO;MP-CCOL-FAZ SERRA BRANCA E ARRED.-RURAL;REMANSO;AVANÇO;21;1390;834;;;PLANO 14;60%;01/05/2025;30/06/2025;JORGE;JORGE;;;;;;R$ 1.417.800,00;;;;;;;;;;;;;;;;;;;;;;;;;
1181568;05/01/2025;JUAZEIRO;ER-CIND-POV-ILHA ANDORINHA-I ANDORINHA;SENTO SÉ;ENTREGA;3;19;19;;;PLANO 7;100%;27/05/2025;31/05/2025;CARLOS;SANTIAGO;;;;;;R$ 32.300,00;;;;;;;;;;;;;;;;;;;;;;;;;
1191690;05/01/2025;JUAZEIRO;ME-COEL-ET-AGUAS BELAS-MALHADA DA AREIA;JUAZEIRO;CONCLUIDA;0;2;2;;;;100%;01/05/2025;31/05/2025;IVONALDO;SANTIAGO;;;;;;R$ 3.400,00;;;;;;;;;;;;;;;;;;;;;;;;;
1093845;05/01/2025;JUAZEIRO;LD-CIND-POV LIMOEIRO-RURAL;SENTO SÉ;CONCLUIDA;1;12;13;;;PLANO 14;100%;22/05/2025;28/05/2025;CARLOS;SANTIAGO;;SANDRO;;;;R$ 20.400,00;;;;;;;;;;;;;;;;;;;;;;;;;
1064697;05/01/2025;JUAZEIRO;ER-CIND-POV-PINHOES-RURAL;JUAZEIRO;CONCLUIDA;1;3;3;;;PLANO 7;100%;05/05/2025;10/05/2025;GISMARIO;EDIE JONNES;;;;;;R$ 5.100,00;;;;;;;;;;;;;;;;;;;;;;;;;
1165609;05/01/2025;JUAZEIRO;LD-CIND-POV-DESENGANO-RURAL;SENTO SÉ;CONCLUIDA;1;11;11;;;PLANO 7;100%;01/05/2025;15/05/2025;EMERSON;EMERSON;;;;;;R$ 18.700,00;;;;;;;;;;;;;;;;;;;;;;;;;
1130721;05/01/2025;JUAZEIRO;ER-CIND-RUA-SANTO ANTONIO-QUIXABA;SENTO SÉ;ENTREGA;1;8;8;;;PLANO 7;100%;19/05/2025;23/05/2025;CARLOS;SANTIAGO;;;;;;R$ 13.600,00;;;;;;;;;;;;;;;;;;;;;;;;;
1142287;05/01/2025;JUAZEIRO;ME-INTERL-SBO-01S1-SBO-01S4;SOBRADINHO;AVANÇO;0;32;16;;;PLANO 8;50%;29/05/2025;31/05/2025;JUAREZ;SANTIAGO;;;;;;R$ 27.200,00;;;;;;;;;;;;;;;;;;;;;;;;;
1054973;05/01/2025;JUAZEIRO;MP-CIND-POV SANTA BARBARA-RURAL;SOBRADINHO;ENTREGA;2;20;20;;;PLANO 14;100%;14/05/2025;17/05/2025;FERNANDO;SANTIAGO;;;;;;R$ 34.000,00;;;;;;;;;;;;;;;;;;;;;;;;;
1045158;05/01/2025;JUAZEIRO;MP-CCOL-POV-CANAA CALDEIRAOZINHO RURAL;SOBRADINHO;MIGRAR;3;15;15;;;PLANO 14;100%;22/05/2025;30/05/2025;JUAREZ;SANTIAGO;;;;;;R$ 25.500,00;;;;;;;;;;;;;;;;;;;;;;;;;
1088191;05/01/2025;JUAZEIRO;AL - 01V8 - NOVA TOUR O - CONSTRU  O;JUAZEIRO;CONCLUIDA;0;3;3;;;PLANO 1;100%;01/05/2025;15/05/2025;IVONALDO;SANTIAGO;;;;;;R$ 5.100,00;;;;;;;;;;;;;;;;;;;;;;;;;
1164340;05/01/2025;JUAZEIRO;ER-CIND-POV-TATAUI-RURAL;SOBRADINHO;MIGRAR;2;4;4;;;PLANO 7;100%;12/05/2025;15/05/2025;FERNANDO;SANTIAGO;;;;;;R$ 6.800,00;;;;;;;;;;;;;;;;;;;;;;;;;
1168621;05/01/2025;JUAZEIRO;ER-CIND-POV-SAO ROMAO-RURAL;CASA NOVA;CONCLUIDA;1;3;3;;;;100%;08/05/2025;10/05/2025;DANIEL/ AILTON;PAULO JUNIOR;;;;;;R$ 5.100,00;;;;;;;;;;;;;;;;;;;;;;;;;
1189508;05/01/2025;JUAZEIRO;UCIND-RUA-11-VILA SAO JOAQUIM;SOBRADINHO;MIGRAR;3;2;2;;;PLANO 7;100%;09/05/2025;12/05/2025;JUAREZ;SANTIAGO;;;;;;R$ 3.400,00;;;;;;;;;;;;;;;;;;;;;;;;;
1191865;05/01/2025;JUAZEIRO;ER-CIND-POV-TATAUI-RURAL;SOBRADINHO;MIGRAR;2;9;9;;;PLANO 7;100%;05/05/2025;09/05/2025;JUAREZ;SANTIAGO;;;;;;R$ 15.300,00;;;;;;;;;;;;;;;;;;;;;;;;;
1148449;05/01/2025;JUAZEIRO;MP-CIND-FAZ.DOS LOIOLAS SITIO-RURAL;UAUÁ;ENTREGA;1;37;38;;;PLANO 7;100%;14/05/2025;31/05/2025;MAURICIO;EDIE JONNES;;;;;;R$ 62.900,00;;;;;;;;;;;;;;;;;;;;;;;;;
1161662;05/01/2025;JUAZEIRO;ME-COEL-RUA-TIRADENTES 1-CENTRO-C ALEGRE;CAMPO ALEGRE DE LOURDES;CONCLUIDA;0;3;7;;;PLANO 8;100%;01/05/2025;31/05/2025;DOMINGOS;PAULO JUNIOR;;;;;;R$ 11.900,00;;;;;;;;;;;;;;;;;;;;;;;;;
1189757;05/01/2025;JUAZEIRO;ME-COEL-RUA-AGUAS BELAS-MALHADA DA AREIA;JUAZEIRO;CONCLUIDA;0;4;4;;;PLANO 8;100%;01/05/2025;31/05/2025;MANUTENÇÃO;ANDERSON;;;;;;R$ 6.800,00;;;;;;;;;;;;;;;;;;;;;;;;;
1170180;05/01/2025;JUAZEIRO;RR-CIND-POV-PAREDAO-RURAL;UAUÁ;ENTREGA;1;5;5;;;PLANO 7;100%;12/05/2025;15/05/2025;MAURICIO;EDIE JONNES;;;;;;R$ 8.500,00;;;;;;;;;;;;;;;;;;;;;;;;;
1117371;05/01/2025;JUAZEIRO;ER-CIND-POV LOGRADOURO DE BAIXO-RURAL;UAUÁ;PES 53332 OC 52808 - 16/05;1;4;4;;;PLANO 14;100%;26/05/2025;29/05/2025;MAURICIO;EDIE JONNES;;;;;;R$ 6.800,00;;;;;;;;;;;;;;;;;;;;;;;;;
1145056;05/01/2025;JUAZEIRO;RR-SEIN-POV-CALDEIRAOZINHO-RURAL;UAUÁ;AVANÇO;11;149;149;;;PLANO 14;100%;01/05/2025;31/05/2025;RUBEM;RUBEM;;;;;;R$ 253.300,00;;;;;;;;;;;;;;;;;;;;;;;;;
1166496;05/01/2025;JUAZEIRO;ME-COEL-POV-SANTANA SOBRADO-RURAL;CASA NOVA;CONCLUIDA;0;5;5;;;PLANO 8;100%;12/05/2025;17/05/2025;AILTON;PAULO JUNIOR;;;;;;R$ 8.500,00;;;;;;;;;;;;;;;;;;;;;;;;;
1085220;05/01/2025;JUAZEIRO;AL - 01V3 - SE NOVA TOURÃO-EQUIP-Q008200;JUAZEIRO;ENTREGA;0;2;2;;;PLANO 1;100%;01/05/2025;15/05/2025;IVONALDO;SANTIAGO;;;;;;R$ 3.400,00;;;;;;;;;;;;;;;;;;;;;;;;;
1170229;05/01/2025;JUAZEIRO;UCIND-RUA-DO CEMITERIO -URBANA;SENTO SÉ;CONCLUIDA;1;5;5;;;PLANO 7;100%;21/05/2025;23/05/2025;CARLOS;SANTIAGO;;;;;;R$ 8.500,00;;;;;;;;;;;;;;;;;;;;;;;;;
1151835;05/01/2025;JUAZEIRO;AC-CIND-POV-ITAPICURU-RURAL;SENTO SÉ;CONCLUIDA;1;3;3;;;;100%;01/05/2025;14/05/2025;CARLOS;SANTIAGO;;;;;;R$ 5.100,00;;;;;;;;;;;;;;;;;;;;;;;;;
1127996;05/01/2025;JUAZEIRO;ER-CIND-POV-RIACHO JUAZEIRO 630 -A-RURAL;UAUÁ;PES 54985 oc 46702 - 14/05;1;5;5;;;PLANO 7;100%;16/05/2025;20/05/2025;MAURICIO;EDIE JONNES;;;;;;R$ 8.500,00;;;;;;;;;;;;;;;;;;;;;;;;;
1175314;05/01/2025;JUAZEIRO;IS-CIND-RUA-AGUAS BELAS-MALHADA DA AREIA;JUAZEIRO;CONCLUIDA;0;7;7;;;;100%;01/05/2025;15/05/2025;PAULO;SANTIAGO;;;;;;R$ 11.900,00;;;;;;;;;;;;;;;;;;;;;;;;;
1169987;05/01/2025;JUAZEIRO;ER-CIND-SI-CRUZEIRO-RURAL;CASA NOVA;CONCLUIDA;1;8;8;;;;100%;05/05/2025;09/05/2025;DANIEL/ AILTON;PAULO JUNIOR;;;;;;R$ 13.600,00;;;;;;;;;;;;;;;;;;;;;;;;;
1164868;05/01/2025;JUAZEIRO;ER-CIND-POV-GOIABEIRA II-GOIABEIRA II;JUAZEIRO;MIGRAR;2;5;5;;;;100%;16/05/2025;17/05/2025;PEDRO BATISTA;ANDERSON;;;;;;R$ 8.500,00;;;;;;;;;;;;;;;;;;;;;;;;;
0884168;05/01/2025;JUAZEIRO;MP-CCOL-POV SALGADINHA-RURAL;CASA NOVA;CONCLUIDA;1;9;9;;;PLANO 14;100%;10/05/2025;13/05/2025;DANIEL/ AILTON;PAULO JUNIOR;;;;;;R$ 15.300,00;;;;;;;;;;;;;;;;;;;;;;;;;
1194822;05/01/2025;JUAZEIRO;ER-SEIN-POV-DE RIO DE RANCHO-RURAL;UAUÁ;CONCLUIDA;3;11;12;;;PLANO 7;100%;05/05/2025;15/05/2025;MAURICIO;EDIE JONNES;;;;;;R$ 18.700,00;;;;;;;;;;;;;;;;;;;;;;;;;
1041575;05/01/2025;JUAZEIRO;MP-CCOL-POV-SERROTIM-RURAL;CURAÇÁ;ENTREGA;1;15;15;;;;100%;05/05/2025;12/05/2025;IVONALDO;EDIE JONNES;;;;;;R$ 25.500,00;;;;;;;;;;;;;;;;;;;;;;;;;
1193657;05/01/2025;JUAZEIRO;RR-GRUA-FAZ-VERMELHO-RURAL;JUAZEIRO;ENTREGA;0;3;3;;;PLANO 8;100%;01/05/2025;15/05/2025;PEDRO BATISTA;ANDERSON;;;;;;R$ 5.100,00;;;;;;;;;;;;;;;;;;;;;;;;;
1116730;05/01/2025;JUAZEIRO;ER-CIND-SI-BARREIRINHO-RURAL;CASA NOVA;CONCLUIDA;1;13;13;;;PLANO 14;100%;21/05/2025;28/05/2025;DANIEL;PAULO JUNIOR;;;;;;R$ 22.100,00;;;;;;;;;;;;;;;;;;;;;;;;;
1161408;05/01/2025;JUAZEIRO;ER-CIND-FAZ-BARRINHA-RURAL;SOBRADINHO;CONCLUIDA;8;13;15;;;PLANO 14;100%;12/05/2025;17/05/2025;JUAREZ;SANTIAGO;;;;;;R$ 25.500,00;;;;;;;;;;;;;;;;;;;;;;;;;
1085103;05/01/2025;JUAZEIRO;AL - 01V2 - SE NOVA TOURÃO - EQUIP. Q008;JUAZEIRO;ENTREGA;0;2;2;;;PLANO 1;100%;01/05/2025;31/05/2025;IVONALDO;SANTIAGO;;;;;;R$ 3.400,00;;;;;;;;;;;;;;;;;;;;;;;;;
1176266;05/01/2025;JUAZEIRO;RR-CIND-POV RIACHO DO SOBRADO-RURAL;CASA NOVA;CONCLUIDA;2;20;20;;;;100%;19/05/2025;24/05/2025;DANIEL/ AILTON;PAULO JUNIOR;;;;;;R$ 34.000,00;;;;;;;;;;;;;;;;;;;;;;;;;
1158033;05/01/2025;JUAZEIRO;MP-CIND-POV.GERGELIM 999-RURAL;CAMPO ALEGRE DE LOURDES;CONCLUIDA;3;34;34;;;;100%;01/05/2025;10/05/2025;DOMINGOS;PAULO JUNIOR;;;;;;R$ 57.800,00;;;;;;;;;;;;;;;;;;;;;;;;;
1009250;05/01/2025;JUAZEIRO;"ER CIND POV BREJO DE FORA RURAL
";SENTO SÉ;MIGRAR;;3;;;;PLANO 7;100%;;;;;;;;;;;;;;;;;;;;;;;;;;;;;;;;;;;
1164561;05/01/2025;JUAZEIRO;UCIND-RUA-5 987-CENTRO;SENTO SÉ;CONCLUIDA;3;1;1;;;PLANO 7;100%;01/05/2025;15/05/2025;EMERSON;EMERSON;;;;;;R$ 1.700,00;;;;;;;;;;;;;;;;;;;;;;;;;
1053585;05/01/2025;JUAZEIRO;MP-CIND-POV-TRAIRAS-RURAL;SOBRADINHO;ENTREGA;1;14;14;;;;100%;17/05/2025;23/05/2025;JUAREZ;SANTIAGO;;;;;;R$ 23.800,00;;;;;;;;;;;;;;;;;;;;;;;;;
0983487;05/01/2025;JUAZEIRO;MP CIND POV JUAZEIRO TOME RURAL;JUAZEIRO;CONCLUIDA;1;23;3;;;PLANO 14;100%;12/05/2025;15/05/2025;PEDRO BATISTA;ANDERSON;;;;;;R$ 39.100,00;;;;;;;;;;;;;;;;;;;;;;;;;
1132936;05/01/2025;JUAZEIRO;MP CIND POV RIACHO SECO RURAL;CURAÇÁ;ENTREGA;2;16;16;;;;100%;28/05/2025;31/05/2025;IVONALDO;EDIE JONNES;;;;;;R$ 27.200,00;;;;;;;;;;;;;;;;;;;;;;;;;
1190937;05/01/2025;JUAZEIRO;ER-CCOL-POV-PATAMUTE-RURAL;CURAÇÁ;CONCLUIDA;1;31;30;;;;100%;01/05/2025;08/05/2025;FERNANDO;SANTIAGO;;;;;;R$ 51.000,00;;;;;;;;;;;;;;;;;;;;;;;;;
0875302;05/01/2025;JUAZEIRO;MP-CCOL-POV.LAGOA DOS BOIS-RURAL;JUAZEIRO;CONCLUIDA;2;37;37;;;PLANO 14;100%;01/05/2025;10/05/2025;JUAREZ;EDIE JONNES;;;;;;R$ 62.900,00;;;;;;;;;;;;;;;;;;;;;;;;;
1115260;05/01/2025;JUAZEIRO;AC-CIND-RUA-PADRE JOAO FRE-CENTRO;PILÃO ARCADO;ENTREGA;1;4;4;;;PLANO 7;100%;01/05/2025;26/05/2025;DOMINGOS;PAULO JUNIOR;;;;;;R$ 6.800,00;;;;;;;;;;;;;;;;;;;;;;;;;
1157069;05/01/2025;JUAZEIRO;ER-CIND-POV-BARRO VERMELHO-RURAL;CURAÇÁ;CONCLUIDA;1;42;42;;;PLANO 7;100%;01/05/2025;10/05/2025;FABIO;SANTIAGO;;;;;;R$ 71.400,00;;;;;;;;;;;;;;;;;;;;;;;;;
1161619;05/01/2025;JUAZEIRO;ER-CIND-FAZ-MASSAYO-RURAL;JUAZEIRO;MIGRAR ;1;1;1;;;PLANO 7;100%;01/05/2025;31/05/2025;MANUTENÇÃO;ANDERSON;;;;;;R$ 1.700,00;;;;;;;;;;;;;;;;;;;;;;;;;
1185415;05/01/2025;JUAZEIRO;AC-CIND-POV-CHAPADINHA-RURAL-SOBRADINHO;SOBRADINHO;MIGRAR ;1;1;1;;;PLANO 7;100%;16/05/2025;16/05/2025;JUAREZ;SANTIAGO;;;;;;R$ 1.700,00;;;;;;;;;;;;;;;;;;;;;;;;;
1152296;05/01/2025;JUAZEIRO;ER-CCOL-FAZ-ROCADO-CORRENTEZA;SOBRADINHO;MIGRAR;4;6;;;;PLANO 7;100%;;;;;;;;;;R$ 0,00;;;;;;;;;;;;;;;;;;;;;;;;;
1086962;05/01/2025;JUAZEIRO;LD CIND POV QUIXABÁ RURAL;SENTO SÉ;CONCLUIDA;1;1;1;;;PLANO 7;100%;17/05/2025;20/05/2025;JACKSON;SANTIAGO;;;;;;R$ 1.700,00;;;;;;;;;;;;;;;;;;;;;;;;;
1165100;05/01/2025;JUAZEIRO;ER-CIND-POV-BAIXAO 2852-RURAL-CASA NOVA;CASA NOVA;CONCLUIDA;1;2;2;;;;100%;11/04/2025;11/04/2025;AILTON;PAULO JUNIOR;;DIEGO;-9,325327756;;;R$ 4.200,00;;;R$ 3.571,47;;;;;;;;;;;;;;;;;;;;;;
1175531;05/01/2025;JUAZEIRO;ER-CIND-PR -CASTRO ALVES 7-MASSAROCA;JUAZEIRO;CONCLUIDA;1;5;5;;;PLANO 7;100%;;;;ANDERSON;;;;;;R$ 10.500,00;;;R$ 5.998,83;;;;;;;;;;;;;;;;;;;;;;
1201535;05/01/2025;JUAZEIRO;AC-REGFV-CCOL-POV DESTERRO-CAI ARA-III;CASA NOVA;CONCLUIDA;53;94;94;;;PLANO 7;100%;;;JORGE;JORGE;;;;;;;;;;;;;;;;;;;;;;;;;;;;;;;
1183422;05/01/2025;JUAZEIRO;ER-CIND-POV-NEGROS-NEGROS;REMANSO;CONCLUIDA;7;20;20;;;PLANO 14;100%;;;JORGE;JORGE;;;;;;;;;;;;;;;;;;;;;;;;;;;;;;;
1183167;06/01/2025;JUAZEIRO;UB-CIND-CA-7 9995-JO O PAULO II;JUAZEIRO;MIGRAR ;1;0;0;;;PLANO 7;100%;18/06/2025;25/06/2025;PEDRO BATISTA;ANDERSON;;;;NÃO INICIADA;;R$ 0,00;;;;;;;;;;;;;;;;;;;;;;;;;
1145056;06/01/2025;JUAZEIRO;RR-SEIN-POV-CALDEIRAOZINHO-RURAL;UAUÁ;NÃO DEFINIDO;11;149;148;;;PLANO 14;100%;02/06/2025;21/06/2025;RUBEM;RUBEM;;;;CONCLUIDA;11/06/2025;R$ 253.300,00;;;;;;;;;;;;;;;;;;;;;;;;;
1126041;06/01/2025;JUAZEIRO;IT CIND FAZ CURAÇA PEQUENO RURAL;JUAZEIRO;MIGRAR;0;95;121;;;PLANO 7;100%;01/06/2025;28/06/2025;FABIO/ FERNANDO;SANTIAGO;;;;CONCLUIDA;30/06/2025;R$ 161.500,00;;;;;;;;;;;;;;;;;;;;;;;;;
1136743;06/01/2025;JUAZEIRO;EQ-CIND-POV-CURAÇA PEQUENO-RURAL;JUAZEIRO;MIGRAR;0;2;2;;;PLANO 7;100%;16/06/2025;30/06/2025;FABIO/ FERNANDO;SANTIAGO;;;;NÃO INICIADA;;R$ 3.400,00;;;;;;;;;;;;;;;;;;;;;;;;;
1127877;06/01/2025;JUAZEIRO;ER-CIND-POV-CURACA-RURAL;JUAZEIRO;MIGRAR;1;2;2;;;PLANO 7;100%;26/06/2025;30/06/2025;PEDRO BATISTA;ANDERSON;;;;NÃO INICIADA;;R$ 3.400,00;;;;;;;;;;;;;;;;;;;;;;;;;
0556240;06/01/2025;JUAZEIRO;RR-CCOL-POV.SÃO FRANCISCO-RURAL;REMANSO;ENTREGA;15;77;77;;;PLANO 14;100%;01/06/2025;23/06/2025;AILTON / DANIEL;PAULO JUNIOR;;;;CONCLUIDA;23/06/2025;R$ 130.900,00;;;;;;;;;;;;;;;;;;;;;;;;;
1196674;06/01/2025;JUAZEIRO;UB-CIND-RUA-DOS UMBUZEIROS-QUADRA 14;REMANSO;NÃO DEFINIDO;3;2;2;;;PLANO 7;100%;23/06 2025;28/06/2025;MANUTENÇÃO;ANDERSON;;;;NÃO INICIADA;;R$ 3.400,00;;;;;;;;;;;;;;;;;;;;;;;;;
1176366;06/01/2025;JUAZEIRO;RU-CIND-RUA-DAS PALMEIRAS-CENTRO;CAMPO ALEGRE DE LOURDES;MIGRAR;1;3;3;;;PLANO 7;100%;15/06/2025;30/06/2025;MANUTENÇÃO;ANDERSON;;;;NÃO INICIADA;;;;;;;;;;;;;;;;;;;;;;;;;;;
1073669;06/01/2025;JUAZEIRO;ER-CIND-POV S DA BATATEIRA-J PAULO-RURAL;JUAZEIRO;NÃO DEFINIDO;1;3;3;;;;100%;19/06/2025;21/06/2025;PEDRO BATISTA;ANDERSON;;;;NÃO INICIADA;;R$ 5.100,00;;;;;;;;;;;;;;;;;;;;;;;;;
1139392;06/01/2025;JUAZEIRO;MP CIND FAZ SURUBIM RURAL;CURAÇÁ;MIGRAR;2;25;25;;;PLANO 7;100%;01/06/2025;14/06/2025;GISMARIO;EDIE JONNES;;;;CONCLUIDA;19/06/2025;R$ 42.500,00;;;;;;;;;;;;;;;;;;;;;;;;;
1181568;06/01/2025;JUAZEIRO;ER-CIND-POV-ILHA ANDORINHA-I ANDORINHA;SENTO SÉ;ENTREGA;3;19;19;;;PLANO 7;100%;18/06/2025;25/06/2025;JACKSON;SANTIAGO;;;;CONCLUIDA;09/06/2025;R$ 32.300,00;;;;DESLIGAMENTO;;;;;;;;;;;;;;;;;;;;;
1165884;06/01/2025;JUAZEIRO;ER-CIND-FAZ-IPUEIRA-BARRO VERMELHO;CURAÇÁ;NÃO DEFINIDO;2;18;18;;;PLANO 7;100%;12/06/2025;25/06/2025;GISMARIO;EDIE JONNES;;;;CONCLUIDA;21/06/2025;R$ 30.600,00;;;;;;;;;;;;;;;;;;;;;;;;;
1183798;06/01/2025;JUAZEIRO;ER-CIND-POV-LAGOA DE S BENTO-RURAL;REMANSO;ENTREGA;3;18;18;;;PLANO 7;100%;02/06/2025;14/06/2025;AILTON;PAULO JUNIOR;;;;CONCLUIDA;05/06/2025;R$ 30.600,00;;;;;;;;;;;;;;;;;;;;;;;;;
1144743;06/01/2025;JUAZEIRO;MP CIND POV FIRMEZA ITAMOINGA RURAL;JUAZEIRO;OURO;1;17;17;;;PLANO 7;100%;19/06/2025;28/06/2025;DOMINGOS;SANTIAGO;;;;CONCLUIDA;;R$ 28.900,00;;;;;;;;;;;;;;;;;;;;;;;;;
1166752;06/01/2025;JUAZEIRO;ER-CIND-POV-LAGOA DO TOURO-SERTAOZINHO;JUAZEIRO;NÃO DEFINIDO;1;16;20;;;PLANO 7;100%;25/06/2025;30/06/2025;JACKSON;SANTIAGO;;;;CONCLUIDA;18/06/2025;R$ 27.200,00;;;;;;;;;;;;;;;;;;;;;;;;;
1045158;06/01/2025;JUAZEIRO;MP-CCOL-POV-CANAA CALDEIRAOZINHO RURAL;SOBRADINHO;MIGRAR;3;15;11;;;PLANO 14;100%;23/06/2025;27/06/2025;JUAREZ;SANTIAGO;;;;CONCLUIDA;27/06/2025;R$ 25.500,00;;;;LV;;;;;;;;;;;;;;;;;;;;;
1160624;06/01/2025;JUAZEIRO;ME-COEL-AG AGUAS BELAS-99999;JUAZEIRO;MIGRAR;1;13;13;;;PLANO 8;100%;03/06/2025;07/06/2025;IVONALDO;EDIE JONNES;;;;CONCLUIDA;07/06/2025;R$ 22.100,00;;;;;;;;;;;;;;;;;;;;;;;;;
1161420;06/01/2025;JUAZEIRO;ER-CIND-FAZ-BRANDAO-RURAL;CURAÇÁ / UAUÁ;NÃO DEFINIDO;1;12;12;;;PLANO 7;100%;03/06/2025;15/06/2025;JOÃO BATISTA;EDIE JONNES;;;;CONCLUIDA;12/06/2025;R$ 20.400,00;;;;;;;;;;;;;;;;;;;;;;;;;
1009250;06/01/2025;JUAZEIRO;ER CIND POV BREJO DE FORA RURAL;SENTO SÉ;MIGRAR;;3;3;;;PLANO 7;100%;15/06/2025;13/06/2025;JACKSON;SANTIAGO;;;;NÃO INICIADA;;R$ 5.100,00;;;;;;;;;;;;;;;;;;;;;;;;;
1135898;06/01/2025;JUAZEIRO;ER-CIND-POV-CARNAIBA DO SERTAO-RURAL;JUAZEIRO;MIGRAR;1;3;3;;;PLANO 7;100%;30/06/2025;30/06/2025;PEDRO BATISTA;ANDERSON;;;;NÃO INICIADA;;R$ 5.100,00;;;;;;;;;;;;;;;;;;;;;;;;;
1057733;06/01/2025;JUAZEIRO;MP-CIND-POV-CRUZ II-RIO RURAL;JUAZEIRO;MIGRAR;1;10;5;;;PLANO 14;100%;25/06/2025;30/06/2025;PEDRO BATISTA;ANDERSON;;;;CONCLUIDA;26/06/2025;R$ 17.000,00;;;;;;;;;;;;;;;;;;;;;;;;;
1191865;06/01/2025;JUAZEIRO;ER-CIND-POV-TATAUI-RURAL;SOBRADINHO;MIGRAR;2;9;9;;;PLANO 7;100%;18/06/2025;30/06/2025;JUAREZ;SANTIAGO;;;;CONCLUIDA;07/06/2025;R$ 15.300,00;;;;;;;;;;;;;;;;;;;;;;;;;
1152296;06/01/2025;JUAZEIRO;ER-CCOL-FAZ-ROCADO-CORRENTEZA;SOBRADINHO;NÃO DEFINIDO;4;6;6;;;PLANO 7;100%;16/06/2025;20/06/2025;JUAREZ;SANTIAGO;;;;CONCLUIDA;20/06/2025;R$ 10.200,00;;;;;;;;;;;;;;;;;;;;;;;;;
1197173;06/01/2025;JUAZEIRO;IS-COEL-AV-MARIA DA G  DE JESUS-J  VITOR;JUAZEIRO;MIGRAR;0;8;8;;;PLANO 8;100%;13/06/2025;30/06/2025;PEDRO BATISTA;ANDERSON;;;;NÃO INICIADA;;R$ 13.600,00;;;;;;;;;;;;;;;;;;;;;;;;;
1122838;06/01/2025;JUAZEIRO;RR-CIND-FAZ-PROJETO NILO COELHO-CASA NOV;CASA NOVA;NÃO DEFINIDO;0;10;10;;;PLANO 7;100%;25/06/2025;30/06/2025;DANIEL;PAULO JUNIOR;;;;NÃO INICIADA;;R$ 17.000,00;;;;;;;;;;;;;;;;;;;;;;;;;
1164868;06/01/2025;JUAZEIRO;ER-CIND-POV-GOIABEIRA II-GOIABEIRA II;JUAZEIRO;MIGRAR;2;5;5;;;;100%;04/06/2025;10/06/2025;PEDRO BATISTA;ANDERSON;;;;CONCLUIDA;04/06/2025;R$ 8.500,00;;;;;;;;;;;;;;;;;;;;;;;;;
1164340;06/01/2025;JUAZEIRO;ER-CIND-POV-TATAUI-RURAL;SOBRADINHO;MIGRAR;2;4;4;;;PLANO 7;100%;03/06/2025;07/06/2025;JUAREZ;SANTIAGO;;;;CONCLUIDA;04/06/2025;R$ 6.800,00;;;;;;;;;;;;;;;;;;;;;;;;;
1115260;06/01/2025;JUAZEIRO;AC-CIND-RUA-PADRE JOAO FRE-CENTRO;PILÃO ARCADO;ENTREGA;1;4;4;;;PLANO 7;100%;24/06/2025;28/06/2025;AILTON / DANIEL;PAULO JUNIOR;;;;CONCLUIDA;26/06/2025;R$ 6.800,00;;;;;;;;;;;;;;;;;;;;;;;;;
1129437;06/01/2025;JUAZEIRO;LD CIND FAZ MANI OBA VELHA RURAL;JUAZEIRO;NÃO DEFINIDO;1;15;15;;;PLANO 7;100%;12/06/2025;21/06/2025;DOMINGOS;SANTIAGO;;;;NÃO INICIADA;;R$ 25.500,00;;;;;;;;;;;;;;;;;;;;;;;;;
1193657;06/01/2025;JUAZEIRO;RR-GRUA-FAZ-VERMELHO-RURAL;JUAZEIRO;ENTREGA;0;3;3;;;PLANO 8;100%;01/06/2025;07/06/2025;LINHA VIVA;ANDERSON;;;;CONCLUIDA;05/06/2025;R$ 5.100,00;;;;;;;;;;;;;;;;;;;;;;;;;
1183616;06/01/2025;JUAZEIRO;UB-CIND-RUA- PROJETADA 21-M DA AREIA;JUAZEIRO;NÃO DEFINIDO;0;3;3;;;PLANO 7;100%;16/06/2025;20/06/2025;PEDRO BATISTA;ANDERSON;;;;CONCLUIDA;14/06/2025;R$ 5.100,00;;;;;;;;;;;;;;;;;;;;;;;;;
1092651;06/01/2025;JUAZEIRO;MP-CCOL-RUA DA CONCEIÇÃO-RURAL;SENTO SÉ;MIGRAR;3;15;15;;;PLANO 14;100%;04/06/2025;15/06/2025;JACKSON;SANTIAGO;;;;NÃO INICIADA;;R$ 25.500,00;;;;;;;;;;;;;;;;;;;;;;;;;
1177513;06/01/2025;JUAZEIRO;UB-CIND-LOT-QD QUIL 100-URBANA;JUAZEIRO;NÃO DEFINIDO;0;2;2;;;PLANO 7;100%;20/06/2025;27/06/2025;PEDRO BATISTA;ANDERSON;;;;CONCLUIDA;18/06/2025;R$ 3.400,00;;;;;;;;;;;;;;;;;;;;;;;;;
1132085;06/01/2025;JUAZEIRO;ER-SEIN-RUA-DAS FLORES-XIQUE-XIQUE;PILÃO ARCADO;OURO;11;26;13;;;PLANO 7;50%;25/06/2025;31/07/2025;AILTON / DANIEL;PAULO JUNIOR;;;;NÃO INICIADA;;;;;;;;;;;;;;;;;;;;;;;;;;;
1199748;06/01/2025;JUAZEIRO;UB-CIND-POV-NUCLEO-CENTRO-CURACA;JUAZEIRO;NÃO DEFINIDO;2;2;2;;;;100%;14/06/2025;20/06/2025;PEDRO BATISTA;ANDERSON;;;;CONCLUIDA;16/06/2025;R$ 3.400,00;;;;;;;;;;;;;;;;;;;;;;;;;
1157515;06/01/2025;JUAZEIRO;MP-CIND-POV.RURAL;CURAÇÁ;NÃO DEFINIDO;1;30;30;;;PLANO 7;100%;16/06/2025;30/06/2025;FABIO;EDIE JONNES;;;;EM EXECUÇÃO;;R$ 51.000,00;;;;;;;;;;;;;;;;;;;;;;;;;
1129174;06/01/2025;JUAZEIRO;MP CIND POV LAGOINHA RURAL;PILÃO ARCADO;MIGRAR;5;33;33;;;PLANO 7;100%;02/06/2025;30/06/2025;EMERSON;JORGE;;;;NÃO INICIADA;;;;;;;;;;;;;;;;;;;;;;;;;;;
1112429;06/01/2025;JUAZEIRO;MP-CIND-POV-JAZIDA RURAL;JUAZEIRO;NÃO DEFINIDO;3;33;33;;;PLANO 14;100%;03/06/2025;16/06/2025;DOMINGOS;SANTIAGO;;;;EM EXECUÇÃO;;R$ 56.100,00;;;;;;;;;;;;;;;;;;;;;;;;;
1156209;06/01/2025;JUAZEIRO;AC REG FV CIND FAZ CAPUCHU 16 RURAL;CURAÇÁ;MIGRAR;2;37;37;;;PLANO 7;100%;23/06/2025;30/06/2025;JOÃO BATISTA;EDIE JONNES;;;;NÃO INICIADA;;R$ 62.900,00;;;;;;;;;;;;;;;;;;;;;;;;;
1196129;06/01/2025;JUAZEIRO;ER-CIND-POV-POCO DANTAS-PEDRA BRANCA;PILÃO ARCADO;MIGRAR;2;41;41;;;PLANO 7;100%;11/06/2025;28/06/2025;DANIEL;PAULO JUNIOR;;;;EM EXECUÇÃO;;R$ 69.700,00;;;;;;;;;;;;;;;;;;;;;;;;;
1144577;06/01/2025;JUAZEIRO;UB-CIND-AV-DEP R QUEIROZ-CENTRO;REMANSO;NÃO DEFINIDO;1;2;2;;;;100%;25/06/2025;30/06/2025;MANUTENÇÃO;ANDERSON;;;;CONCLUIDA;26/06/2025;R$ 3.400,00;;;;;;;;;;;;;;;;;;;;;;;;;
1189508;06/01/2025;JUAZEIRO;UCIND-RUA-11-VILA SAO JOAQUIM;SOBRADINHO;MIGRAR;3;2;2;;;PLANO 7;100%;02/06/2025;03/06/2025;JUAREZ;SANTIAGO;;;;CONCLUIDA;02/06/2025;R$ 3.400,00;;;;;;;;;;;;;;;;;;;;;;;;;
1138495;06/01/2025;JUAZEIRO;ER-CIND-RUA-DA BARRAGEM-PEDRA GRANDE;UAUÁ;MIGRAR;1;41;41;;;PLANO 7;100%;10/06/2025;20/06/2025;JOÃO BATISTA;EDIE JONNES;;;;EM EXECUÇÃO;;R$ 69.700,00;;;;;;;;;;;;;;;;;;;;;;;;;
1085220;06/01/2025;JUAZEIRO;AL - 01V3 - SE NOVA TOURÃO-EQUIP-Q008200;JUAZEIRO;ENTREGA;0;2;2;;;PLANO 1;100%;01/06/2025;07/06/2025;IVONALDO;SANTIAGO;;;;CONCLUIDA;04/06/2025;R$ 3.400,00;;;;;;;;;;;;;;;;;;;;;;;;;
1179957;06/01/2025;JUAZEIRO;ER-CIND-POV-BAIX O-RURAL;CASA NOVA;NÃO DEFINIDO;1;2;2;;;7.1.2.3;100%;;;JORGE;JORGE;;DIEGO CARVALHO;0;CONCLUIDA;30/06/2025;R$ 3.400,00;;;R$ 6.824,91;;;;;;;;;;;;;;;;;;;;;;
1159894;06/01/2025;JUAZEIRO;UB-CIND-RUA-JUAZEIRO-2;JUAZEIRO;OURO;0;66;52,8;;;PLANO 7;80%;05/06/2025;31/07/2025;IVONALDO;EDIE JONNES;;;;NÃO INICIADA;;;;;;;;;;;;;;;;;;;;;;;;;;;
1137500;06/01/2025;JUAZEIRO;ER-CIND-POV-CURRAL-CURRAL VELHO;CURAÇÁ;NÃO DEFINIDO;1;1;1;;;PLANO 7;100%;18/06/2025;30/06/2025;GISMARIO;EDIE JONNES;;;;CONCLUIDA;18/06/2025;R$ 1.700,00;;;;;;;;;;;;;;;;;;;;;;;;;
0921232;06/01/2025;JUAZEIRO;ER-CIND-POV BARRO VERMELHO-BARRO-CRC;CURAÇÁ / UAUÁ;OURO;6;70;35;;;PLANO 14;50%;25/06/2025;30/07/2025;JOÃO BATISTA;EDIE JONNES;;;;NÃO INICIADA;;;;;;;;;;;;;;;;;;;;;;;;;;;
1183735;06/01/2025;JUAZEIRO;ER-CIND-POV-JUREMAL 1026-RURAL;JUAZEIRO;NÃO DEFINIDO;1;1;1;;;PLANO 7;100%;03/06/2025;06/06/2025;PEDRO BATISTA;ANDERSON;;;;CONCLUIDA;03/06/2025;R$ 1.700,00;;;;;;;;;;;;;;;;;;;;;;;;;
1062682;06/01/2025;JUAZEIRO;LD- CIND POV  MARCOS RURAL- REM;REMANSO;NÃO DEFINIDO;5;70;35;;;PLANO 14;50%;12/06/2025;31/07/2025;AILTON;PAULO JUNIOR;;;;EM EXECUÇÃO;;;;;;;;;;;;;;;;;;;;;;;;;;;
1058096;06/01/2025;JUAZEIRO;MP-CCOL-POV-PONTA DA SERRA-RURAL;REMANSO;NÃO DEFINIDO;6;74;55,5;;;PLANO 14;75%;02/06/2025;31/07/2025;RUBEM;RUBEM;;;;NÃO INICIADA;;;;;;;;;;;;;;;;;;;;;;;;;;;
1101591;06/01/2025;JUAZEIRO;IT-GRUA-FAZ-PROJETO NILO COELH-RURAL-MOD;CASA NOVA;NÃO DEFINIDO;0;176;132;;;PLANO 7;75%;03/06/2025;31/07/2025;FERNANDO;PAULO JUNIOR;;;;NÃO INICIADA;;R$ 299.200,00;;;;;;;;;;;;;;;;;;;;;;;;;
1168465;06/01/2025;JUAZEIRO;ER-CIND-POV-RURAL-LAGOA DOS CAVALOS;JUAZEIRO;NÃO DEFINIDO;1;1;1;;;PLANO 7;100%;05/06/2025;14/06/2025;PEDRO BATISTA;ANDERSON;;;;CONCLUIDA;10/06/2025;R$ 1.700,00;;;;;;;;;;;;;;;;;;;;;;;;;
1157956;06/01/2025;JUAZEIRO;ER-CIND-POV-MORCEGO-AGROVALE;JUAZEIRO;NÃO DEFINIDO;0;1;1;;;PLANO 7;100%;06/06/2025;12/06/2025;PEDRO BATISTA;ANDERSON;;;;CONCLUIDA;12/06/2025;R$ 1.700,00;;;;;;;;;;;;;;;;;;;;;;;;;
0806660;06/01/2025;JUAZEIRO;MP-CCOL-POV. CHAMUSCADO-RURAL;PILÃO ARCADO;OURO;19;208;104;;;PLANO 14;50%;02/06/2025;31/07/0205;EMERSON;EMERSON;;;;EM EXECUÇÃO;;;;;;;;;;;;;;;;;;;;;;;;;;;
1172482;06/01/2025;JUAZEIRO;IE-RELIGADOR-NCU-01Z4-J00704;JUAZEIRO;NÃO DEFINIDO;0;1;1;;;PLANO 8;100%;09/06/2025;28/06/2025;PEDRO BATISTA;ANDERSON;;;;CONCLUIDA;;R$ 1.700,00;;;;;;;;;;;;;;;;;;;;;;;;;
1159873;06/01/2025;JUAZEIRO;LD - CIND - POV - BARRA GRANDE - RURAL;JUAZEIRO;NÃO DEFINIDO;1;1;1;;;PLANO 7;100%;11/06/2025;16/06/2025;PEDRO BATISTA;ANDERSON;;;;CONCLUIDA;11/06/2025;R$ 1.700,00;;;;;;;;;;;;;;;;;;;;;;;;;
1160390;06/01/2025;JUAZEIRO;UB-CIND-AV.JORGE KHOURY VILA SANTANA;JUAZEIRO;NÃO DEFINIDO;1;1;1;;;PLANO 7;100%;12/06/2025;14/06/2025;PEDRO BATISTA;ANDERSON;;;;CONCLUIDA;13/06/2025;R$ 1.700,00;;;;;;;;;;;;;;;;;;;;;;;;;
1058100;06/01/2025;JUAZEIRO;AC-CIND-POV-PONTA DA SERRA-RURAL;REMANSO;NÃO DEFINIDO;59;380;0;;;PLANO 7;0%;;31/09/2025;RUBEM;RUBEM;;;;NÃO INICIADA;;;;;;;;;;;;;;;;;;;;;;;;;;;
1171264;06/01/2025;JUAZEIRO;IE-RELIGADOR-CSN-01C5-J05899;REMANSO;NÃO DEFINIDO;0;1;1;;;PLANO 8;100%;09/06/2025;11/06/2025;AILTON;PAULO JUNIOR;;;;CONCLUIDA;20/06/2025;R$ 1.700,00;;;;;;;;;;;;;;;;;;;;;;;;;
1180015;06/01/2025;JUAZEIRO;ER-CIND-AV-DR JORGE KHOURY-MATA BURRO;JUAZEIRO;NÃO DEFINIDO;1;1;0;;;PLANO 7;100%;27/06/2025;30/06/2025;PEDRO BATISTA;ANDERSON;;;;CONCLUIDA;28/06/2025;R$ 1.700,00;;;;;;;;;;;;;;;;;;;;;;;;;
1113834;06/01/2025;JUAZEIRO;AC-CIND ESCOLA MUN.DE BREJINHO-RURAL;PILÃO ARCADO;NÃO DEFINIDO;65;416;41,6;;;PLANO 7;10%;20/06/2025;30/08/2025;DANIEL;PAULO JUNIOR;;;;NÃO INICIADA;;;;;;;;;;;;;;;;;;;;;;;;;;;
1170871;06/01/2025;JUAZEIRO;IE-RELIGADOR-CSN-01C3-J06102;CASA NOVA;NÃO DEFINIDO;0;1;1;;;PLANO 8;100%;18/06/2025;21/06/2025;DANIEL / AILTON;PAULO JUNIOR;;;;CONCLUIDA;;;;;;;;;;;;;;;;;;;;;;;;;;;
1182613;06/01/2025;JUAZEIRO;AC-CIND-FAZ-RIO SALITRE-RURAL;JUAZEIRO;NÃO DEFINIDO;1;1;1;;;PLANO 7;100%;17/06/2025;23/06/2025;PEDRO BATISTA;ANDERSON;;;;CONCLUIDA;17/06/2025;R$ 1.700,00;;;;;;;;;;;;;;;;;;;;;;;;;
1161619;06/01/2025;JUAZEIRO;ER-CIND-FAZ-MASSAYO-RURAL;JUAZEIRO;MIGRAR ;1;1;1;;;PLANO 7;100%;15/06/2025;30/06/2025;MANUTEÇÃO;ANDERSON;;;;CONCLUIDA;12/06/2025;R$ 1.700,00;;;;;;;;;;;;;;;;;;;;;;;;;
1170266;06/01/2025;JUAZEIRO;IE-RELIGADOR-CSN-01C3-G58377;CASA NOVA;NÃO DEFINIDO;0;1;1;;;PLANO 8;100%;16/06/2025;19/06/2025;AILTON;PAULO JUNIOR;;;;CONCLUIDA;21/06/2025;R$ 1.700,00;;;;;;;;;;;;;;;;;;;;;;;;;
1185415;06/01/2025;JUAZEIRO;AC-CIND-POV-CHAPADINHA-RURAL-SOBRADINHO;SOBRADINHO;MIGRAR ;1;1;1;;;PLANO 7;100%;03/06/2025;03/06/2025;JUAREZ;SANTIAGO;;;;CONCLUIDA;03/06/2025;R$ 1.700,00;;;;;;;;;;;;;;;;;;;;;;;;;
0515938;06/01/2025;JUAZEIRO;MP-CCOL-FAZ SERRA BRANCA E ARRED.-RURAL;REMANSO;OURO;21;1392;835,2;;;PLANO 14;60%;02/06/2025;31/08/2025;JORGE;JORGE;;;;NÃO INICIADA;;;;;;;;;;;;;;;;;;;;;;;;;;;
1170253;06/01/2025;JUAZEIRO;IE-RELIGADOR-CSN-01C6-J54312;CASA NOVA;ENTREGA;0;1;1;;;PLANO 8;100%;02/06/2025;02/05/2025;DANIEL;PAULO JUNIOR;;;;CONCLUIDA;02/06/2025;R$ 1.700,00;;;;;;;;;;;;;;;;;;;;;;;;;
1151010;06/01/2025;JUAZEIRO;AC-REG.FV-CIND-POV PEDRA GRANDE 160-RURA;CASA NOVA;NÃO DEFINIDO;1;0;0;;;PLANO 7;100%;14/06/2025;14/06/2025;;;;;;CONCLUIDA;;;;;;;;;;;;;;;;;;;;;;;;;;;
1151587;06/01/2025;JUAZEIRO;ER-CIND-POV-MANICOBA 29-RURAL;JUAZEIRO;NÃO DEFINIDO;1;0;0;;;PLANO 7;100%;12/06/2025;16/06/2025;PEDRO BATISTA;ANDERSON;;;;CONCLUIDA;13/06/2025;R$ 0,00;;;;;;;;;;;;;;;;;;;;;;;;;
1176366;07/01/2025;JUAZEIRO;RU-CIND-RUA-DAS PALMEIRAS-CENTRO;CAMPO ALEGRE DE LOURDES;MIGRAR;1;3;3;;;PLANO 7;100%;15/07/2025;30/07/2025;MANUTENÇÃO;ANDERSON;;;;;;;;;;;;;;;;;;;;;;;;;;;;;;;
1170528;07/01/2025;JUAZEIRO;IE-RELIGADOR-SBC-09S1-N61190;CASA NOVA;EM EXECUÇÃO;0;1;1;;;8.2.2.3;100%;21/07/2025;22/07/2025;JUAREZ;PAULO JUNIOR;DIEGO CARVALHO;-9,13466;-41,6741;;;R$ 1.700,00;;;R$ 24.978,80;;;;;;;;;;;;;;;;;;;;;;
0806660;07/01/2025;JUAZEIRO;MP-CCOL-POV. CHAMUSCADO-RURAL;PILÃO ARCADO;OURO;19;205;205;;;14.4.12.1;100%;01/06/2025;20/07/2025;EMERSON;EMERSON;MARLOS LOPES;0;0;;;R$ 348.500,00;;;R$ 303.485,73;;;;;;;;;;;;;;;;;;;;;;
0224007;07/01/2025;JUAZEIRO;MP-CCOL-POV SANTANA DO SOBRADO -RURAL;CASA NOVA;OURO;3;27;27;;;;100%;21/07/2025;31/07/2025;MAURICIO;PAULO JUNIOR;DIEGO CARVALHO;-9,60687;-41,7955;;;R$ 45.900,00;;;R$ 52.920,50;;;;;;;;;;;;;;;;;;;;;;
1128536;07/01/2025;JUAZEIRO;MP-CCOL-POV-XIQUE XIQUE-RURAL;CASA NOVA;OURO;17;166;33,2;;;14.4.12.1;20%;28/07/2025;31/10/2025;AILTON / SILVONEY;PAULO JUNIOR;DIEGO CARVALHO;-9,62639;-41,8385;;;R$ 282.200,00;;;R$ 285.150,79;;;;;;;;;;;;;;;;;;;;;;
1101591;07/01/2025;JUAZEIRO;IT-GRUA-FAZ-PROJETO NILO COELH-RURAL-MOD;CASA NOVA;CONCLUIDA;0;168;168;;;PLANO 7;100%;03/06/2025;15/07/2025;FERNANDO;SANTIAGO;;;;;;R$ 285.600,00;;;;;;;;;;;;;;;;;;;;;;;;;
1187057;07/01/2025;JUAZEIRO;IE-RELIGADOR-NCU-01Z1-J51080;CURAÇÁ;NÃO INICIADA;0;1;1;;;8.2.2.3;100%;22/07/2025;23/07/2025;JUAREZ;PAULO JUNIOR;CARLOS EDUARDO;-9,05313;-39,956;;;R$ 1.700,00;;;R$ 22.030,70;;;;;;;;;;;;;;;;;;;;;;
1062682;07/01/2025;JUAZEIRO;LD- CIND POV MARCOS RURAL- REM;REMANSO;CONCLUIDA;5;76;76;;;;100%;01/07/2025;22/07/2025;AILTON / SILVONEY;PAULO JUNIOR;DEBORAH LUMA;-9,50688;-42,0601;;;R$ 129.200,00;;;R$ 96.039,20;;;;;;;;;;;;;;;;;;;;;;
1159828;07/01/2025;JUAZEIRO;ER-CIND-FAZ-ANGICO-ARVORE;CURAÇÁ;NÃO INICIADA;1;3;3;;;7.1.2.3;100%;30/07/2025;31/07/2025;FABIO;EDIE JONNES;CARLOS EDUARDO;-8,72027;-39,6778;;;R$ 5.100,00;;;R$ 5.720,02;;;;;;;;;;;;;;;;;;;;;;
1058096;07/01/2025;JUAZEIRO;MP-CCOL-POV-PONTA DA SERRA-RURAL;REMANSO;CONCLUIDA;6;74;75;;;14.4.12.1;100%;07/07/2025;31/08/2025;RUBEM;RUBEM;DEBORAH LUMA;-9,39231;-42,193;;;R$ 125.800,00;;;R$ 111.159,15;;;;;;;;;;;;;;;;;;;;;;
1202706;07/01/2025;JUAZEIRO;AC-CIND-RUA-LEOVIGILDO M ALMEIDA-CENTRO;CURAÇÁ;OURO;1;4;4;;;7.1.1.3;100%;24/07/2025;28/07/2025;FABIO;EDIE JONNES;CARLOS EDUARDO;-8,98791;-39,9066;;;R$ 6.800,00;;;R$ 12.477,04;;;;;;;;;;;;;;;;;;;;;;
1138495;07/01/2025;JUAZEIRO;ER-CIND-RUA-DA BARRAGEM-PEDRA GRANDE;UAUÁ;MIGRAR;1;41;41;;;PLANO 7;100%;01/07/2025;04/07/2025;JOÃO BATISTA;EDIE JONNES;CARLOS EDUARDO;;;;02/07/2025;R$ 69.700,00;;;;;;;;;;;;;;;;;;;;;;;;;
0960856;07/01/2025;JUAZEIRO;AC-REG-FV-CIND-POV BARRO VERMELHO-BARRO-;CURAÇÁ;EM EXECUÇÃO;7;27;27;;;7.1.2.3;100%;16/07/2025;29/07/2025;FABIO;EDIE JONNES;CARLOS EDUARDO;0;0;;;R$ 45.900,00;;;R$ 20.581,70;;;;;;;;;;;;;;;;;;;;;;
1156209;07/01/2025;JUAZEIRO;AC REG FV CIND FAZ CAPUCHU 16 RURAL;CURAÇÁ;MIGRAR;2;37;41;;;PLANO 7;100%;03/07/2025;20/07/2025;JOÃO BATISTA;EDIE JONNES;;;;;;R$ 62.900,00;;;;;;;;;;;;;;;;;;;;;;;;;
0921232;07/01/2025;JUAZEIRO;ER-CIND-POV BARRO VERMELHO-BARRO-CRC;CURAÇÁ;OURO;6;70;70;;;;100%;07/07/2025;31/07/2025;GISMARIO;EDIE JONNES;CARLOS EDUARDO;-9,43326;-39,8093;;;R$ 119.000,00;;;R$ 73.759,52;;;;;;;;;;;;;;;;;;;;;;
1196129;07/01/2025;JUAZEIRO;ER-CIND-POV-POCO DANTAS-PEDRA BRANCA;PILÃO ARCADO;MIGRAR;2;36;36;;;PLANO 7;100%;01/07/2025;26/07/2025;AILTON / SILVONEY;PAULO JUNIOR;;;;;;R$ 61.200,00;;;;;;;;;;;;;;;;;;;;;;;;;
1159894;07/01/2025;JUAZEIRO;UB-CIND-RUA-JUAZEIRO-2;JUAZEIRO;OURO;0;66;49,5;;;7.1.1.3;75%;01/07/2025;30/10/2025;IVONALDO;EDIE JONNES;VICTOR COSTA;-9,46654;-40,5;;;R$ 112.200,00;;;R$ 292.131,82;;;;;;;;;;;;;;;;;;;;;;
1162074;07/01/2025;JUAZEIRO;AC-CIND-FAZ-MASSAYO-RURAL;JUAZEIRO;OURO;0;65;32,5;;;7.1.2.3;50%;30/07/2025;31/08/2025;JUAREZ ;SANTIAGO;VICTOR COSTA;-9,45708;-40,3572;;;R$ 110.500,00;;;R$ 293.376,89;;;;;;;;;;;;;;;;;;;;;;
1152831;07/01/2025;JUAZEIRO;LD-CIND POV.CARNAIBA DO SERTÃO;JUAZEIRO;NÃO INICIADA;1;24;12;;;PLANO 14;50%;23/07/2025;31/08/2025;IVONALDO;EDIE JONNES;VICTOR COSTA;-9,5598;-40,4352;;;R$ 40.800,00;;;R$ 45.050,89;;;;;;;;;;;;;;;;;;;;;;
1137111;07/01/2025;JUAZEIRO;RR-CCOL-POV-MASSAPE-RURAL-BOQUEIRAO;JUAZEIRO;EM EXECUÇÃO;4;17;17;;;;100%;16/07/2025;26/07/2025;PAULO;EDIE JONNES;CARLOS EDUARDO;-9,37832;-40,2753;;;R$ 28.900,00;;;R$ 23.069,13;;;;;;;;;;;;;;;;;;;;;;
1112429;07/01/2025;JUAZEIRO;MP-CIND-POV-JAZIDA RURAL;JUAZEIRO;MIGRAR;3;35;35;;;PLANO 14;100%;03/06/2025;03/07/2025;JACSON;SANTIAGO;;;;;01/07/2025;R$ 59.500,00;;;;;;;;;;;;;;;;;;;;;;;;;
1129437;07/01/2025;JUAZEIRO;LD CIND FAZ MANI OBA VELHA RURAL;JUAZEIRO;MIGRAR;1;15;15;;;PLANO 7;100%;09/08/2025;15/08/2025;PEDRO LINO;ANDERSON;;;;;;R$ 25.500,00;;;;;;;;;;;;;;;;;;;;;;;;;
1119796;07/01/2025;JUAZEIRO;RR-CIND-FAZ-FRADE-CANOA;JUAZEIRO;MIGRAR;1;12;12;;;PLANO 14;100%;16/07/2025;25/07/2025;IVONALDO;EDIE JONNES;;;;;;R$ 20.400,00;;;;;;;;;;;;;;;;;;;;;;;;;
1157515;07/01/2025;JUAZEIRO;MP-CIND-POV.RURAL;CURAÇÁ;MIGRAR;1;31;31;;;PLANO 7;100%;01/07/2025;12/07/2025;GISMARIO;EDIE JONNES;;;;;;R$ 52.700,00;;;;;;;;;;;;;;;;;;;;;;;;;
1157155;07/01/2025;JUAZEIRO;UB-CIND-ROD-LOMANTO-CARNAIBA DO SERTAO;JUAZEIRO;ESCAVAÇÃO;1;3;3;;;7.1.1.3;100%;16/07/2025;25/07/2025;PEDRO BATISTA ;EDIE JONNES;VICTOR COSTA;-9,59304;-40,4201;;;R$ 5.100,00;;;R$ 8.413,07;;;;;;;;;;;;;;;;;;;;;;
1203210;07/01/2025;JUAZEIRO;ER-CIND-FAZ- LAPAO -RURAL;UAUÁ;CONCLUIDA;1;19;19;;;7.1.2.3;100%;18/07/2025;28/07/2025;JOÃO BATISTA;EDIE JONNES;CARLOS EDUARDO;-9,81495;-39,5477;;;R$ 32.300,00;;;R$ 19.751,92;;;;;;;;;;;;;;;;;;;;;;
1119499;07/01/2025;JUAZEIRO;RR-CIND-POV-CARNAIBA DE DENTRO-RURAL;JUAZEIRO;OURO;1;11;11;;;14.4.12.1;100%;03/07/2025;12/07/2025;PEDRO BATISTA;EDIE JONNES;VICTOR COSTA;-9,58219;-40,3779;;;R$ 18.700,00;;;R$ 17.454,12;;;;;;;;;;;;;;;;;;;;;;
1127877;07/01/2025;JUAZEIRO;ER-CIND-POV-CURACA-RURAL;JUAZEIRO;MIGRAR;1;2;2;;;PLANO 7;100%;17/07/2025;31/07/2025;PEDRO BATISTA;EDIE JONNES;;;;;;R$ 3.400,00;;;;;;;;;;;;;;;;;;;;;;;;;
1122838;07/01/2025;JUAZEIRO;RR-CIND-FAZ-PROJETO NILO COELHO-CASA NOV;CASA NOVA;CONCLUIDA;0;11;11;;;PLANO 7;100%;25/06/2025;21/07/2025;AILTON / SILVONEY;PAULO JUNIOR;;;;;;R$ 18.700,00;;;;;;;;;;;;;;;;;;;;;;;;;
1203217;07/01/2025;JUAZEIRO;AC-CIND-ROD-BA 210-VL TIRADENTES;JUAZEIRO;OURO;1;2;2;;;7.1.2.3;100%;17/07/2025;23/07/2025;PEDRO BATISTA;EDIE JONNES;DIEGO CARVALHO;0;0;;;R$ 3.400,00;;;R$ 8.697,37;;;;;;;;;;;;;;;;;;;;;;
1136743;07/01/2025;JUAZEIRO;EQ-CIND-POV-CURAÇA PEQUENO-RURAL;JUAZEIRO;MIGRAR;0;2;2;;;PLANO 7;100%;01/06/2025;20/07/2025;FABIO/ FERNANDO;SANTIAGO;;;;;;R$ 3.400,00;;;;;;;;;;;;;;;;;;;;;;;;;
1135898;07/01/2025;JUAZEIRO;ER-CIND-POV-CARNAIBA DO SERTAO-RURAL;JUAZEIRO;MIGRAR;1;6;6;;;PLANO 7;100%;30/06/2025;01/07/2025;PEDRO BATISTA;ANDERSON;;;;;01/07/2025;R$ 10.200,00;;;;;;;;;;;;;;;;;;;;;;;;;
1164275;07/01/2025;JUAZEIRO;IS-CIND-RUA-AGUAS BELAS-MALHADA DA AREIA;JUAZEIRO;CONCLUIDA;0;5;5;;;;100%;09/07/2025;15/07/2025;PEDRO BATISTA;EDIE JONNES;VICTOR COSTA;-9,43963;-40,5205;;;R$ 8.500,00;;;R$ 1.911,23;;;;;;;;;;;;;;;;;;;;;;
1182674;07/01/2025;JUAZEIRO;ER-CIND-POV-SERRA DOS ESPINHOS-RURAL;JUAZEIRO;MIGRAR;1;5;5;;;PLANO 7;100%;28/07/2025;29/07/2025;PAULO;EDIE JONNES;;;;;;R$ 8.500,00;;;;;;;;;;;;;;;;;;;;;;;;;
1145356;07/01/2025;JUAZEIRO;ER-CIND-SI-BARRO RACHADO 145 --A-RURAL;CASA NOVA;MIGRAR;1;4;4;;;PLANO 7;100%;01/07/2025;07/07/2025;JORGE;JORGE;;;;;01/07/2025;;;;;;;;;;;;;;;;;;;;;;;;;;
1188220;07/01/2025;JUAZEIRO;AC-CIND-RUA-TITO NUNES DE S-JARDIM FLOR;JUAZEIRO;CONCLUIDA;0;3;1;;;7.1.1.3;100%;22/07/2025;28/07/2025;PEDRO BATISTA ;EDIE JONNES;SANDRO DUARTE;-9,42992;-40,5102;;;R$ 5.100,00;;;R$ 13.881,88;;;;;;;;;;;;;;;;;;;;;;
1009250;07/01/2025;JUAZEIRO;ER CIND POV BREJO DE FORA RURAL;SENTO SÉ;MIGRAR;;3;3;;;PLANO 7;100%;23/07/2025;28/07/2025;JACSON;SANTIAGO;;;;;;R$ 5.100,00;;;;;;;;;;;;;;;;;;;;;;;;;
1183107;07/01/2025;JUAZEIRO;EQ-GRUA-CJN-MINERACAO CARAIBA-RURAL;JUAZEIRO;OURO;0;0;0;;;7.1.2.3;100%;30/07/2025;30/07/2025;PAULO;EDIE JONNES;CARLOS EDUARDO;-9,35344;-39,9153;;;R$ 0,00;;;R$ 135.490,97;;;;;;;;;;;;;;;;;;;;;;
1196624;07/01/2025;JUAZEIRO;AC-CIND-RUA-MALHADA DA AREIA-MALHADA DA;JUAZEIRO;NÃO INICIADA;1;0;0;;;7.1.1.3;100%;09/07/2025;16/07/2025;PEDRO BATISTA;EDIE JONNES;VICTOR COSTA;-9,44444;-40,5154;;;R$ 0,00;;;R$ 7.228,42;;;;;;;;;;;;;;;;;;;;;;
1196674;07/01/2025;JUAZEIRO;UB-CIND-RUA-DOS UMBUZEIROS-QUADRA 14;REMANSO;MIGRADA;3;2;2;;;PLANO 7;100%;23/06 2025;11/07/2025;MANUTENÇÃO;ANDERSON;;;;;;R$ 3.400,00;;;;;;;;;;;;;;;;;;;;;;;;;
1132085;07/01/2025;JUAZEIRO;ER-SEIN-RUA-DAS FLORES-XIQUE-XIQUE;PILÃO ARCADO;OURO;11;26;13;;;7.1.2.3;50%;07/07/2025;31/07/2025;MAURICIO;PAULO JUNIOR;DEBORAH LUMA;-10,5569;-42,6234;;;R$ 44.200,00;;;R$ 48.714,18;;;;;;;;;;;;;;;;;;;;;;
1207050;07/01/2025;JUAZEIRO;ER-CIND-RUA 6-CURRAL VELHO-RURAL;JUAZEIRO;CONCLUIDA;13;2;2;;;;100%;24/07/2025;28/04/2025;PEDRO BATISTA;EDIE JONNES;SANDRO DUARTE;-9,91528;-40,6487;;;R$ 3.400,00;;;R$ 2.205,53;;;;;;;;;;;;;;;;;;;;;;
1113834;07/01/2025;JUAZEIRO;AC-CIND ESCOLA MUN.DE BREJINHO-RURAL;PILÃO ARCADO;EM EXECUÇÃO;65;416;208;;;7.1.2.3;50%;10/07/2025;31/10/2025;AILTON / SILVONEY;PAULO JUNIOR;DEBORAH LUMA;-9,93313;-42,9012;;;R$ 707.200,00;;;R$ 1.057.333,53;;;;;;;;;;;;;;;;;;;;;;
1195081;07/01/2025;JUAZEIRO;EQ COEL ROD BR 324 RURAL;REMANSO;NÃO INICIADA;0;2;2;;;7.1.2.3;100%;24/07/2025;25/07/2025;JUAREZ;PAULO JUNIOR;DEBORAH LUMA;-9,60195;-42,0841;;;R$ 3.400,00;;;R$ 57.971,55;;;;;;;;;;;;;;;;;;;;;;
1206107;07/01/2025;JUAZEIRO;ER-CIND-FAZ-ROCA BICO-CARNAIBA DO SERTAO;JUAZEIRO;CONCLUIDA;2;1;1;;;7.1.2.3;100%;21/07/2025;26/07/2025;PEDRO BATISTA;EDIE JONNES;VICTOR COSTA;-9,60562;-40,4067;;;R$ 1.700,00;;;R$ 3.939,39;;;;;;;;;;;;;;;;;;;;;;
1187055;07/01/2025;JUAZEIRO;UB-CIND-AV-COMISSAO DO VALE-PIRANGA;JUAZEIRO;CONCLUIDA;1;1;1;;;7.1.1.3;100%;23/07/2025;30/07/2025;PEDRO BATISTA;EDIE JONNES;SANDRO DUARTE;-9,43129;-40,5087;;;R$ 1.700,00;;;R$ 5.581,80;;;;;;;;;;;;;;;;;;;;;;
1198630;07/01/2025;JUAZEIRO;AC-CIND-AV-S O FRANCISCO-CENTRO;JUAZEIRO;CONCLUIDA;0;1;1;;;7.1.1.3;100%;30/07/2025;31/07/2025;PEDRO BATISTA;EDIE JONNES;VICTOR COSTA;-9,44907;-40,4818;;;R$ 1.700,00;;;R$ 7.096,69;;;;;;;;;;;;;;;;;;;;;;
1125892;07/01/2025;JUAZEIRO;ER-CIND-ROD-BR 349 KM 20 20-RURAL;CASA NOVA;OURO;1;0;0;;;7.1.2.3;100%;18/07/2025;24/07/2025;JUAREZ;SANTIAGO;DIEGO CARVALHO;-9,35989;-40,7906;;;R$ 0,00;;;R$ 4.670,11;;;;;;;;;;;;;;;;;;;;;;
1119147;07/01/2025;JUAZEIRO;MP - CIND - POV. JATOBÁ - RURAL;REMANSO;NÃO INICIADA;10;73;24,09;;;;33%;30/07/2025;26/09/2025;SILVONEY;PAULO JUNIOR;DEBORAH LUMA;-9,59217;-42,2454;;MES 08 E 09 GEOX;R$ 124.100,00;;;R$ 196.488,85;;;;;;;;;;;;;;;;;;;;;;
1201511;07/01/2025;JUAZEIRO;AC-CIND-RUA-SOLEVANTE-TABULEIRO;JUAZEIRO;CONCLUIDA;1;0;0;;;7.1.1.3;100%;28/07/2025;31/07/2025;PEDRO BATISTA;EDIE JONNES;CARLOS EDUARDO;-9,43767;-40,483;;;R$ 0,00;;;R$ 10.101,94;;;;;;;;;;;;;;;;;;;;;;
1173188;07/01/2025;JUAZEIRO;UB-CIND-ROD-BR 407-TANCREDO NEVES;JUAZEIRO;CONCLUIDA;1;0;0;;;;100%;31/07/2025;31/07/2025;PAULO;EDIE JONNES;VICTOR COSTA;-9,4673;-40,4815;;;R$ 0,00;;;R$ 4.902,00;;;;;;;;;;;;;;;;;;;;;;
1183167;07/01/2025;JUAZEIRO;UB-CIND-CA-7 9995-JO O PAULO II;JUAZEIRO;MIGRAR ;1;0;0;;;PLANO 7;100%;10/07/2025;30/07/2025;PEDRO BATISTA;EDIE JONNES;;;;;;R$ 0,00;;;;;;;;;;;;;;;;;;;;;;;;;
1198678;07/01/2025;JUAZEIRO;AC-CIND-AV-C LT 01-TABULEIRO;JUAZEIRO;CONCLUIDA;1;0;0;;;7.1.1.3;100%;11/07/2025;18/07/2025;PEDRO BATISTA;EDIE JONNES;DIEGO CARVALHO;-11,9383;-38,914;;;R$ 0,00;;;R$ 8.910,61;;;;;;;;;;;;;;;;;;;;;;
1173964;07/01/2025;JUAZEIRO;RR-CIND-POV-SALINA GRANDE-RURAL;REMANSO;OURO;36;227;90,8;;;7.1.2.3;40%;10/07/2025;30/09/2025;JORGE;JORGE;DEBORAH LUMA;0;0;;;R$ 385.900,00;;;R$ 271.282,90;;;;;;;;;;;;;;;;;;;;;;
1058100;07/01/2025;JUAZEIRO;AC-CIND-POV-PONTA DA SERRA-RURAL;REMANSO;NÃO INICIADA;59;380;38;;;7.1.2.3;10%;07/07/2025;30/12/2025;RUBEM;RUBEM;DEBORAH LUMA;-9,39231;-42,193;;;R$ 646.000,00;;;R$ 800.317,66;;;;;;;;;;;;;;;;;;;;;;
0515938;07/01/2025;JUAZEIRO;MP-CCOL-FAZ SERRA BRANCA E ARRED.-RURAL;REMANSO;OURO;93;454;408,6;;;14.4.12.1;90%;05/05/2025;30/08/2025;JORGE;JORGE;DEBORAH LUMA;0;0;;;R$ 771.800,00;;;R$ 1.988.141,27;;;;;;;;;;;;;;;;;;;;;;
1205972;07/01/2025;JUAZEIRO;ER-CIND-ROD-DIST IND JUAZEIRO 3-URBANO;JUAZEIRO;CONCLUIDA;1;0;0;;;7.1.1.3;100%;18/07/2025;26/07/2025;PEDRO BATISTA;EDIE JONNES;DIEGO CARVALHO;-9,453;-40,4976;;;R$ 0,00;;;R$ 5.332,80;;;;;;;;;;;;;;;;;;;;;;
1185092;07/01/2025;JUAZEIRO;AC-CIND-RUA-NAPOLEAO LAUREANO-SANTO ANTO;JUAZEIRO;CONCLUIDA;1;0;0;;;7.1.2.3;100%;31/07/2025;31/07/2025;PEDRO BATISTA;EDIE JONNES;VICTOR COSTA;#N/D;#N/D;;;R$ 0,00;;;R$ 6.318,97;;;;;;;;;;;;;;;;;;;;;;
1171233;07/01/2025;JUAZEIRO;IE-RELIGADOR-STS-09L1-G08894;SENTO SÉ;CONCLUIDA;0;0;0;;;8.2.1.3;100%;28/07/2025;30/07/2025;JUAREZ;SANTIAGO;SANDRO DUARTE;-9,74328;-41,8911;;;R$ 0,00;;;R$ 23.604,58;;;;;;;;;;;;;;;;;;;;;;
1092651;07/01/2025;JUAZEIRO;MP-CCOL-RUA DA CONCEIÇÃO-RURAL;SENTO SÉ;MIGRAR;3;15;15;;;PLANO 14;100%;16/07/2025;26/07/2025;JACSON;SANTIAGO;;;;;;R$ 25.500,00;;;;;;;;;;;;;;;;;;;;;;;;;
1120277;07/01/2025;JUAZEIRO;MP-CCOL-RUA 03-RURAL;SENTO SÉ;NÃO INICIADA;1;23;23;;;7.1.2.3;100%;24/07/2025;31/07/2025;JACSON;SANTIAGO;SANDRO DUARTE;-9,75338;-41,8858;;;R$ 39.100,00;;;R$ 43.020,64;;;;;;;;;;;;;;;;;;;;;;
1087208;07/01/2025;JUAZEIRO;LD CIND ROD BA 210 RURAL;SENTO SÉ;OURO;4;32;16;;;;50%;16/07/2025;31/07/2025;FERNANDO;SANTIAGO;SANDRO DUARTE;-9,86279;-41,7992;;;R$ 54.400,00;;;R$ 48.915,18;;;;;;;;;;;;;;;;;;;;;;
1175575;07/01/2025;JUAZEIRO;AC-CIND-POV-LAGOA GRANDE-RURAL;SOBRADINHO;ESCAVAÇÃO;1;5;5;;;7.1.2.3;100%;30/07/2025;31/07/2025;FERNANDO;SANTIAGO;SANDRO DUARTE;-9,50951;-40,7745;;;R$ 8.500,00;;;R$ 13.107,89;;;;;;;;;;;;;;;;;;;;;;
1196624;08/01/2025;JUAZEIRO;AC-CIND-RUA-MALHADA DA AREIA-MALHADA DA;JUAZEIRO;MIGRAR;1;0;;;;7.1.1.3;100%;27/08/2025;27/08/2025;MANUTENÇÃO;ANDERSON;VICTOR COSTA;-9,44444;-40,5154;NÃO INICIADA;;R$ 0,00;;;;;;;;;;;;;;;;;;;;;;;;;
1192026;08/01/2025;JUAZEIRO;UB-CIND-TRV-ALVORADA 10-CENTRO;CAMPO ALEGRE DE LOURDES;NÃO DEFINIDO;1;1;1;;;7.1.1.3;100%;19/08/2025;30/08/2025;MANUTENÇÃO;ANDERSON;MARLOS PEREIRA;-9,5169571;-43,0130178;CONCLUIDA;08/08/2025;R$ 1.700,00;;;;;;;;;;;;;;;;;;;;;;;;;
1190765;08/01/2025;JUAZEIRO;ER-CIND-SI-MARTINS DO CORDEIRO-V DE CIMA;CAMPO ALEGRE DE LOURDES;NÃO DEFINIDO;1;2;2;;;14.4.12.1;100%;18/08/2025;29/08/2025;MANUTENÇÃO;ANDERSON;MARLOS PEREIRA;-9,5649037;-43,042686;CONCLUIDA;;R$ 3.400,00;;;;;;;;;;;;;;;;;;;;;;;;;
1157820;08/01/2025;JUAZEIRO;UB-CIND-RUA-21 DE ABRIL-CAMPO ALEGRE;CAMPO ALEGRE DE LOURDES;NÃO DEFINIDO;1;2;2;;;7.1.1.3;100%;;;MANUTENÇÃO;PAULO JUNIOR;MARLOS PEREIRA;-9,5165197;-43,0080393;CONCLUIDA;;R$ 3.400,00;;;;;;;;;;;;;;;;;;;;;;;;;
1141818;08/01/2025;JUAZEIRO;ER-CIND-SI-PASCACIO-RURAL;CASA NOVA;MIGRAR;0;0;;;;7.1.2.2;100%;;;;PAULO JUNIOR;DIEGO CARVALHO;-9,3099092;-41,138693;NÃO INICIADA;;R$ 0,00;;;;;;;;;;;;;;;;;;;;;;;;;
1170528;08/01/2025;JUAZEIRO;IE-RELIGADOR-SBC-09S1-N61190;CASA NOVA;NÃO DEFINIDO;0;0;0;;;8.2.2.3;100%;;;JUAREZ;PAULO JUNIOR;DIEGO CARVALHO;-9,13466;-41,6741;CONCLUIDA;;R$ 0,00;;;R$ 24.978,80;;;;;;;;;;;;;;;;;;;;;;
1190327;08/01/2025;JUAZEIRO;RC-CIND-FAZ-CASA NOVA-RURAL;CASA NOVA;NÃO DEFINIDO;0;0;0;;;8.3.2.3;100%;22/08/2025;22/08/2025;MANUTENÇÃO;ANDERSON;DIEGO CARVALHO;0;0;CONCLUIDA;;R$ 0,00;;;;;;;;;;;;;;;;;;;;;;;;;
1177596;08/01/2025;JUAZEIRO;UB-CIND RO BR 235 105 - CASA NOVA;CASA NOVA;NÃO DEFINIDO;1;0;0;;;7.1.1.3;100%;;;;PAULO JUNIOR;DIEGO CARVALHO;-9,179506;-40,9848067;CONCLUIDA;;R$ 0,00;;;;;;;;;;;;;;;;;;;;;;;;;
1202267;08/01/2025;JUAZEIRO;ER-CIND-ROD-CASA NOVA-RURAL-CASA NOVA;CASA NOVA;NÃO DEFINIDO;2;1;1;;;7.1.2.3;100%;;;MANUTENÇÃO;PAULO JUNIOR;DIEGO CARVALHO;-9,3161817;-40,7362754;CONCLUIDA;;R$ 1.700,00;;;;;;;;;;;;;;;;;;;;;;;;;
1169812;08/01/2025;JUAZEIRO;IE-RELIGADOR-BMB-01F1-J52477;CASA NOVA;NÃO DEFINIDO;0;1;1;;;8.2.2.3;100%;11/08/2025;22/08/2025;MANUTENÇÃO;ANDERSON;MARLOS LOPES;-9,6148791;-41,8016296;CONCLUIDA;;R$ 1.700,00;;;;;;;;;;;;;;;;;;;;;;;;;
1178531;08/01/2025;JUAZEIRO;UB-CIND-RUA-DA AREIA-PAU A PIQUE;CASA NOVA;NÃO DEFINIDO;1;1;1;;;7.1.1.3;100%;;;;PAULO JUNIOR;DIEGO CARVALHO;-9,6160048;-41,6163648;CONCLUIDA;;R$ 1.700,00;;;;;;;;;;;;;;;;;;;;;;;;;
1173795;08/01/2025;JUAZEIRO;RR CIND SI PASCACIO RURAL;CASA NOVA;NÃO DEFINIDO;1;3;2;;;7.1.2.3;100%;;;FERNANDO;SANTIAGO;DIEGO CARVALHO;-9,2749398;-41,1308252;CONCLUIDA;;R$ 5.100,00;;;;;;;;;;;;;;;;;;;;;;;;;
0224007;08/01/2025;JUAZEIRO;MP-CCOL-POV SANTANA DO SOBRADO -RURAL;CASA NOVA;NÃO DEFINIDO;3;27;26;;;;100%;01/08/2025;16/08/2025;FERNANDO;PAULO JUNIOR;DIEGO CARVALHO;-9,60687;-41,7955;CONCLUIDA;;R$ 45.900,00;;;;;;;;;;;;;;;;;;;;;;;;;
1170083;08/01/2025;JUAZEIRO;ER-CIND-POV-SEROTIM-RURAL;CURAÇÁ;NÃO DEFINIDO;1;1;1;;;7.1.2.3;100%;28/08/2025;30/08/2025;PEDRO LINO;ANDERSON;CARLOS EDUARDO;-9,1034972;-39,9332619;CONCLUIDA;;R$ 1.700,00;;;;;;;;;;;;;;;;;;;;;;;;;
1190660;08/01/2025;JUAZEIRO;AC-CIND-FAZ-JACARE-RURAL;CURAÇÁ;NÃO DEFINIDO;1;2;2;;;7.1.2.3;100%;29/08/2025;30/08/2025;JUAREZ;EDIE JONNES;CARLOS EDUARDO;-9,1100092;-40,1397842;CONCLUIDA;;R$ 3.400,00;;;;;;;;;;;;;;;;;;;;;;;;;
1174527;08/01/2025;JUAZEIRO;ER-CIND-FAZ-OITEIRO 5-RURAL;CURAÇÁ;NÃO DEFINIDO;1;2;2;;;7.1.2.3;100%;27/08/2025;30/08/2025;PAULO;EDIE JONNES;CARLOS EDUARDO;-8,8222191;-39,7946197;CONCLUIDA;;R$ 3.400,00;;;;;;;;;;;;;;;;;;;;;;;;;
1202706;08/01/2025;JUAZEIRO;AC-CIND-RUA-LEOVIGILDO M ALMEIDA-CENTRO;CURAÇÁ;DETONAÇÃO;1;4;4;;;7.1.1.3;100%;13/08/2025;15/08/2025;PEDRO LINO;EDIE JONNES;CARLOS EDUARDO;-8,98791;-39,9066;CONCLUIDA;;R$ 6.800,00;;;;;;;;;;;;;;;;;;;;;;;;;
0960856;08/01/2025;JUAZEIRO;AC-REG-FV-CIND-POV BARRO VERMELHO-BARRO-;CURAÇÁ;NÃO DEFINIDO;7;27;27;;;7.1.2.3;100%;01/08/2025;27/08/2025;GISMARIO;EDIE JONNES;CARLOS EDUARDO;0;0;CONCLUIDA;;R$ 45.900,00;;;;;;;;;;;;;;;;;;;;;;;;;
0921232;08/01/2025;JUAZEIRO;ER-CIND-POV BARRO VERMELHO-BARRO-CRC;CURAÇÁ;NÃO DEFINIDO;6;70;70;;;14.4.12.1;100%;01/08/2025;27/08/2025;GISMARIO;EDIE JONNES;CARLOS EDUARDO;-9,43326;-39,8093;CONCLUIDA;;R$ 119.000,00;;;;;;;;;;;;;;;;;;;;;;;;;
1183107;08/01/2025;JUAZEIRO;EQ-GRUA-CJN-MINERACAO CARAIBA-RURAL;JUAZEIRO;NÃO DEFINIDO;0;0;0;;;7.1.2.3;100%;25/08/2025;30/08/2025;GISMARIO;EDIE JONNES;CARLOS EDUARDO;-9,35344;-39,9153;CONCLUIDA;08/08/2025;R$ 0,00;;;;;;;;;;;;;;;;;;;;;;;;;
1191216;08/01/2025;JUAZEIRO;IE-RELIGADOR-NCU-01Z5-G08787;JUAZEIRO;NÃO DEFINIDO;0;1;0;;;8.2.2.3;100%;08/08/2025;22/08/2025;MANUTENÇÃO;ANDERSON;CARLOS EDUARDO;-9,1658459;-40,0614361;CONCLUIDA;01/08/2025;R$ 1.700,00;;;;;;;;;;;;;;;;;;;;;;;;;
1211880;08/01/2025;JUAZEIRO;UB-CIND-RUA-CODEVASF-PIRANGA;JUAZEIRO;NÃO DEFINIDO;1;1;1;;;7.1.1.3;;;;MICHEL;MICHEL;;;;CONCLUIDA;04/08/2025;;;;;;;;;;;;;;;;;;;;;;;;;;
1141807;08/01/2025;JUAZEIRO;ER-CIND-POV-ENTRONCAMENTO-RECREIO;CASA NOVA;NÃO DEFINIDO;1;2;;;;7.1.2.3;100%;;;;PAULO JUNIOR;DIEGO CARVALHO;-9,318951;-41,123503;NÃO INICIADA;;R$ 3.400,00;;;;;;;;;;;;;;;;;;;;;;;;;
1203217;08/01/2025;JUAZEIRO;AC-CIND-ROD-BA 210-VL TIRADENTES;JUAZEIRO;NÃO DEFINIDO;1;2;2;;;7.1.2.3;100%;01/08/2025;01/08/2025;IVONALDO;EDIE JONNES;DIEGO CARVALHO;0;0;CONCLUIDA;;R$ 3.400,00;;;;;;;;;;;;;;;;;;;;;;;;;
1136743;08/01/2025;JUAZEIRO;EQ-CIND-POV-CURAÇA PEQUENO-RURAL;JUAZEIRO;NÃO DEFINIDO;0;2;2;;;7.1.2.3;100%;04/08/2025;15/08/2025;RICARDO LV;SANTIAGO;CARLOS EDUARDO;0;0;CONCLUIDA;;R$ 3.400,00;;;;;;;;;;;;;;;;;;;;;;;;;
1204052;08/01/2025;JUAZEIRO;ME-COEL-FAZ-POR DO SOL-RURAL-CURACA;CURAÇÁ;NÃO DEFINIDO;0;2;;;;8.4.1.1 ;100%;;;MANUTENÇÃO;ANDERSON;;;;NÃO INICIADA;;;;;;;;;;;;;;;;;;;;;;;;;;;
1180213;08/01/2025;JUAZEIRO;ER-CIND-FAZ SAO JOAO 3-RURAL;JUAZEIRO;NÃO DEFINIDO;1;2;2;;;7.1.1.3;100%;09/08/2025;14/08/2025;PEDRO LINO;ANDERSON;VICTOR COSTA;0;0;CONCLUIDA;;R$ 3.400,00;;;;;;;;;;;;;;;;;;;;;;;;;
1157155;08/01/2025;JUAZEIRO;UB-CIND-ROD-LOMANTO-CARNAIBA DO SERTAO;JUAZEIRO;NÃO DEFINIDO;1;3;3;;;7.1.1.3;100%;19/08/2025;20/08/2025;PEDRO LINO;ANDERSON;VICTOR COSTA;-9,59304;-40,4201;CONCLUIDA;;R$ 5.100,00;;;;;;;;;;;;;;;;;;;;;;;;;
1173180;08/01/2025;JUAZEIRO;UB-CIND-SI-DA TININHA-DOM JOSE RODRIGUES;JUAZEIRO;NÃO DEFINIDO;1;9;9;;;;100%;05/08/2025;09/08/2025;PEDRO LINO;ANDERSON;VICTOR COSTA;-9,4595326;-40,5170832;CONCLUIDA;;R$ 15.300,00;;;;;;;;;;;;;;;;;;;;;;;;;
1119796;08/01/2025;JUAZEIRO;RR-CIND-FAZ-FRADE-CANOA;JUAZEIRO;NÃO DEFINIDO;1;12;12;;;14.4.12.1;100%;20/08/2025;29/08/2025;PAULO;EDIE JONNES;VICTOR COSTA;-9,8586256;-40,216032;CONCLUIDA;;R$ 20.400,00;;;;;;;;;;;;;;;;;;;;;;;;;
1137111;08/01/2025;JUAZEIRO;RR-CCOL-POV-MASSAPE-RURAL-BOQUEIRAO;JUAZEIRO;NÃO DEFINIDO;4;17;17;;;14.4.12.1;100%;13/08/2025;23/08/2025;PAULO;EDIE JONNES;CARLOS EDUARDO;-9,37832;-40,2753;CONCLUIDA;;R$ 28.900,00;;;;;;;;;;;;;;;;;;;;;;;;;
1176366;08/01/2025;JUAZEIRO;RU-CIND-RUA-DAS PALMEIRAS-CENTRO;CAMPO ALEGRE DE LOURDES;NÃO DEFINIDO;1;3;;;;PLANO 7;100%;13/08/2025;27/08/2025;MANUTENÇÃO;ANDERSON;;;;NÃO INICIADA;;R$ 5.100,00;;;;;;;;;;;;;;;;;;;;;;;;;
1152831;08/01/2025;JUAZEIRO;LD-CIND POV.CARNAIBA DO SERTÃO;JUAZEIRO;NÃO DEFINIDO;1;24;24;;;14.4.12.1;100%;04/08/2025;15/08/2025;PAULO;EDIE JONNES;VICTOR COSTA;-9,5597985;-40,4351991;CONCLUIDA;;R$ 40.800,00;;;;;;;;;;;;;;;;;;;;;;;;;
1177525;08/01/2025;JUAZEIRO;AC-CIND-RUA- XIQUE XIQUE-CENTRO;PILÃO ARCADO;NÃO DEFINIDO;0;1;1;;;7.1.2.3;100%;;;;RUBEM;RUBEM;-10,0018269;-42,4756757;CONCLUIDA;;R$ 1.700,00;;;;;;;;;;;;;;;;;;;;;;;;;
1173082;08/01/2025;JUAZEIRO;ER-CIND-POV-SÃO PEDRO-RURAL;SENTO SÉ;NÃO DEFINIDO;1;3;;;;7.1.2.3;100%;18/08/2025;23/08/2025;JACSON;RODRIGUES;SANDRO DUARTE;0;0;NÃO INICIADA;;R$ 5.100,00;;;;;;;;;;;;;;;;;;;;;;;;;
1191081;08/01/2025;JUAZEIRO;IE-RELIGADOR-RMN-09X1-D611928;PILÃO ARCADO;NÃO DEFINIDO;0;1;0;;;8.2.2.3;100%;10/08/2025;20/08/2025;;PAULO JUNIOR;MARLOS PEREIRA;-9,9992998;-42,471481;CONCLUIDA;;R$ 1.700,00;;;;;;;;;;;;;;;;;;;;;;;;;
1128925;08/01/2025;JUAZEIRO;LD-CIND-POV BAIXAO-RURAL-CSN;CASA NOVA;NÃO DEFINIDO;1;6;;;;7.1.2.3;100%;;;;PAULO JUNIOR;DIEGO CARVALHO;-9,3252248;-41,0629379;NÃO INICIADA;;R$ 10.200,00;;;;;;;;;;;;;;;;;;;;;;;;;
1173776;08/01/2025;JUAZEIRO;RR-GRUA-FAZ-VERMELHO-RURAL;JUAZEIRO;NÃO DEFINIDO;0;6;;;;;100%;12/08/2025;18/08/2025;GISMARIO;EDIE JONNES;VICTOR COSTA;-9,4324292;-39,7844031;NÃO INICIADA;;R$ 10.200,00;;;;;;;;;;;;;;;;;;;;;;;;;
1197173;08/01/2025;JUAZEIRO;IS-COEL-AV-MARIA DA G DE JESUS-J VITOR;JUAZEIRO;NÃO DEFINIDO;0;8;;;;;100%;04/08/2025;20/08/2025;MANUTENÇÃO;ANDERSON;DIEGO CARVALHO;-9,4257618;-40,5179067;EM EXECUÇÃO;;R$ 13.600,00;;;;;;;;;;;;;;;;;;;;;;;;;
1129174;08/01/2025;JUAZEIRO;MP CIND POV LAGOINHA RURAL;PILÃO ARCADO;DETONAÇÃO;5;36;36;24;9;14.4.12.1;100%;04/08/2025;30/08/2025;AILTON / MAURICIO;PAULO JUNIOR;MARLOS PEREIRA;-9,7333667;-42,6795551;CONCLUIDA;;R$ 61.200,00;;;;;;;;;;;;;;;;;;;;;;;;;
1171596;08/01/2025;JUAZEIRO;ER-CIND-POV-BARRA GRANDE-RURAL;CURAÇÁ;NÃO DEFINIDO;1;12;;;;7.1.2.3;100%;18/08/2025;22/08/2025;JUAREZ;EDIE JONNES;CARLOS EDUARDO;-9,0727654;-39,9699296;NÃO INICIADA;;R$ 20.400,00;;;;;;;;;;;;;;;;;;;;;;;;;
1205921;08/01/2025;JUAZEIRO;ER-CIND-POV-TELHEIRO-TELHEIRO;REMANSO;NÃO DEFINIDO;1;1;1;;;7.1.2.3;100%;;;;JORGE;MARLOS PEREIRA;-9,9187261;-42,3338458;CONCLUIDA;;R$ 1.700,00;;;;;;;;;;;;;;;;;;;;;;;;;
1129437;08/01/2025;JUAZEIRO;LD CIND FAZ MANI OBA VELHA RURAL;JUAZEIRO;NÃO DEFINIDO;1;15;;;;;100%;11/08/2025;15/08/2025;PEDRO LINO;EDIE JONNES;VICTOR COSTA;-9,2458864;-40,2915467;NÃO INICIADA;;R$ 25.500,00;;;;;;;;;;;;;;;;;;;;;;;;;
1092651;08/01/2025;JUAZEIRO;MP-CCOL-RUA DA CONCEIÇÃO-RURAL;SENTO SÉ;NÃO DEFINIDO;3;15;;;;14.4.12.1;100%;06/08/2025;14/08/2025;JACSON;RODRIGUES;SANDRO DUARTE;-9,8048531;-41,4354007;NÃO INICIADA;;R$ 25.500,00;;;;;;;;;;;;;;;;;;;;;;;;;
1187854;08/01/2025;JUAZEIRO;AC-CIND-POV CURRAL RAMOS-CURRAL RAMOS;REMANSO;NÃO DEFINIDO;1;2;2;;;7.1.1.3;100%;;;;PAULO JUNIOR;MARLOS PEREIRA;0;0;CONCLUIDA;;R$ 3.400,00;;;;;;;;;;;;;;;;;;;;;;;;;
1198350;08/01/2025;JUAZEIRO;ER-CCOL-RUA-04 AGROVILA-PEDRA BRANCA;CURAÇÁ;NÃO DEFINIDO;0;18;;;;7.1.2.3;100%;15/08/2025;23/08/2025;JUAREZ;EDIE JONNES;CARLOS EDUARDO;-8,6656868;-39,4263194;NÃO INICIADA;;R$ 30.600,00;;;;;;;;;;;;;;;;;;;;;;;;;
1120277;08/01/2025;JUAZEIRO;MP-CCOL-RUA 03-RURAL;SENTO SÉ;NÃO DEFINIDO;1;23;;;;7.1.2.3;100%;18/08/2025;27/08/2025;FABIO;RODRIGUES;SANDRO DUARTE;-9,75338;-41,8858;EM EXECUÇÃO;;R$ 39.100,00;;;;;;;;;;;;;;;;;;;;;;;;;
1116565;08/01/2025;JUAZEIRO;MP-CIND-POV-MALVINAS 1000-RURAL-MOD;SENTO SÉ;NÃO DEFINIDO;1;23;;;;7.1.2.3;100%;25/08/2025;30/08/2025;FABIO;RODRIGUES;SANDRO DUARTE;-10,1037102;-42,1469957;NÃO INICIADA;;R$ 39.100,00;;;;;;;;;;;;;;;;;;;;;;;;;
1119147;08/01/2025;JUAZEIRO;MP - CIND - POV. JATOBÁ - RURAL;REMANSO;NÃO DEFINIDO;10;73;73;;;14.4.12.1;100%;30/07/2025;20/08/2025;SILVONEY;PAULO JUNIOR;MARLOS PEREIRA;-9,5921738;-42,2453811;CONCLUIDA;;R$ 124.100,00;;;;;;;;;;;;;;;;;;;;;;;;;
1175810;08/01/2025;JUAZEIRO;ER-CIND-RUA-DO ASFALTO-PIRI;SENTO SÉ;NÃO DEFINIDO;3;30;30;;;14.4.12.1;100%;15/08/2025;23/08/2025;JACSON;RODRIGUES;SANDRO DUARTE;-9,804664;-41,4405946;CONCLUIDA;;R$ 51.000,00;;;;;;;;;;;;;;;;;;;;;;;;;
1118538;08/01/2025;JUAZEIRO;ER-CIND-POV-PINHOES-CENTRO;JUAZEIRO;NÃO DEFINIDO;1;24;;;;;100%;25/08/2025;30/08/2025;PAULO;EDIE JONNES;VICTOR COSTA;-9,5667254;-39,9208861;NÃO INICIADA;;R$ 40.800,00;;;;;;;;;;;;;;;;;;;;;;;;;
1132085;08/01/2025;JUAZEIRO;ER-SEIN-RUA-DAS FLORES-XIQUE-XIQUE;PILÃO ARCADO;NÃO DEFINIDO;11;26;;;;14.4.12.1;50%;;;;PAULO JUNIOR;DEBORAH LUMA;-10,5569;-42,6234;NÃO INICIADA;;R$ 44.200,00;;;;;;;;;;;;;;;;;;;;;;;;;
1087208;08/01/2025;JUAZEIRO;LD CIND ROD BA 210 RURAL;SENTO SÉ;NÃO DEFINIDO;4;32;29;;;14.4.12.1;100%;05/08/2025;20/08/2025;FABIO;RODRIGUES;SANDRO DUARTE;-9,8627895;-41,7991658;CONCLUIDA;;R$ 54.400,00;;;;;;;;;;;;;;;;;;;;;;;;;
1167478;08/01/2025;JUAZEIRO;ER-CIND-POV-CANAA 3-RURAL;SOBRADINHO;NÃO DEFINIDO;0;0;0;;;7.1.2.3;100%;05/08/2025;11/08/2025;PEDRO LINO ;ANDERSON;SANDRO DUARTE;-9,5178207;-40,8168339;CONCLUIDA;;R$ 0,00;;;;;;;;;;;;;;;;;;;;;;;;;
1189286;08/01/2025;JUAZEIRO;AC-CIND-POV-ALGODAO VELHO-ALGODAO VELHO;SOBRADINHO;NÃO DEFINIDO;1;0;0;;;7.1.2.3;100%;25/08/2025;26/08/2025;PEDRO LINO ;ANDERSON;SANDRO DUARTE;-9,4892458;-40,9372263;CONCLUIDA;;R$ 0,00;;;;;;;;;;;;;;;;;;;;;;;;;
1173118;08/01/2025;JUAZEIRO;ER-CIND-FAZ-SERRA BRANCA-RURAL-SENTO SE;SENTO SÉ;NÃO DEFINIDO;1;31;;;;14.4.12.1;50%;25/08/2025;29/09/2025;JACSON;RODRIGUES;SANDRO DUARTE;-10,6688349;-41,7234453;NÃO INICIADA;;R$ 52.700,00;;;;;;;;;;;;;;;;;;;;;;;;;
1203075;08/01/2025;JUAZEIRO;UB-CIND-RUA-05 QDA-VILA SAO JOAQUIM;SOBRADINHO;NÃO DEFINIDO;2;2;2;;;7.1.1.3;100%;04/08/2025;09/08/2025;JUAREZ;RODRIGUES;SANDRO DUARTE;-9,4707912;-40,7903158;CONCLUIDA;;R$ 3.400,00;;;;;;;;;;;;;;;;;;;;;;;;;
1180176;08/01/2025;JUAZEIRO;ER-CIND-FAZ-OURICURI-UAUA;UAUÁ;NÃO DEFINIDO;1;1;1;;;7.1.2.3;100%;15/08/2025;23/08/2025;MANUTENÇÃO;ANDERSON;CARLOS EDUARDO;-9,8461864;-39,6618246;CONCLUIDA;;R$ 1.700,00;;;;;;;;;;;;;;;;;;;;;;;;;
1193249;08/01/2025;JUAZEIRO;UB-CIND-RUA-S O PAULO 999-D-CENTRO;UAUÁ;NÃO DEFINIDO;1;1;1;;;7.1.1.3;100%;18/08/2025;23/08/2025;RUBEILTON;EDIE JONNES;CARLOS EDUARDO;-9,8368676;-39,4781102;CONCLUIDA;;R$ 1.700,00;;;;;;;;;;;;;;;;;;;;;;;;;
0997469;08/01/2025;JUAZEIRO;ER-CIND-POV-ALMAS-ALEGRE;SENTO SÉ;NÃO DEFINIDO;2;43;;;;7.1.2.3;50%;;;ESCAVAÇÃO;RODRIGUES;SANDRO DUARTE;-10,2638619;-41,3329393;NÃO INICIADA;;R$ 73.100,00;;;;;;;;;;;;;;;;;;;;;;;;;
1159894;08/01/2025;JUAZEIRO;UB-CIND-RUA-JUAZEIRO-2;JUAZEIRO;NÃO DEFINIDO;0;66;;;;7.1.1.3;25%;04/08/2025;29/11/2025;IVONALDO;SANTIAGO;VICTOR COSTA;-9,4665442;-40,4999899;NÃO INICIADA;;R$ 112.200,00;;;;;;;;;;;;;;;;;;;;;;;;;
1103537;08/01/2025;JUAZEIRO;MP-CIND-FAZ-DOS LOIOLAS-RURAL;UAUÁ;NÃO DEFINIDO;1;23;23;;;14.4.12.1;100%;23/08/2025;29/08/2025;JUAREZ;EDIE JONNES;CARLOS EDUARDO;-10,1413335;-39,485266;CONCLUIDA;;R$ 39.100,00;;;;;;;;;;;;;;;;;;;;;;;;;
1194918;08/01/2025;JUAZEIRO;ER-SEIN-FAZ-ALGODAO-ALGODAO;UAUÁ;NÃO DEFINIDO;0;31;32;;;7.1.2.3;100%;08/08/2025;19/08/2025;RUBEILTON;EDIE JONNES;CARLOS EDUARDO;-9,8305908;-39,25449;CONCLUIDA;;R$ 52.700,00;;;;;;;;;;;;;;;;;;;;;;;;;
1120926;08/01/2025;JUAZEIRO;MP CIND POV MANTEIGA RURAL MOD;REMANSO;NÃO DEFINIDO;17;111;;;;14.4.12.1;33%;21/08/2025;30/09/2025;SILVONEY;PAULO JUNIOR;MARLOS PEREIRA;-9,5834495;-42,1018369;NÃO INICIADA;;R$ 188.700,00;;;;;;;;;;;;;;;;;;;;;;;;;
1128536;08/01/2025;JUAZEIRO;MP-CCOL-POV-XIQUE XIQUE-RURAL;CASA NOVA;NÃO DEFINIDO;17;166;;;;14.4.12.1;40%;18/08/2025;27/12/2025;FERNANDO;SANTIAGO;DIEGO CARVALHO;-9,6263923;-41,838502;NÃO INICIADA;;R$ 282.200,00;;;;;;;;;;;;;;;;;;;;;;;;;
1146087;08/01/2025;JUAZEIRO;MP-CCOL-FAZ.NOVA TAPUA-RURAL;REMANSO;NÃO DEFINIDO;12;172;;;;7.1.2.3;10%;;;;JORGE;;;;EM EXECUÇÃO;;;;;;;;;;;;;;;;;;;;;;;;;;;
1173964;08/01/2025;JUAZEIRO;RR-CIND-POV-SALINA GRANDE-RURAL;REMANSO;NÃO DEFINIDO;36;227;;;;14.4.12.1;50%;;;JORGE;JORGE;MARLOS PEREIRA;0;0;NÃO INICIADA;;R$ 385.900,00;;;;;;;;;;;;;;;;;;;;;;;;;
1058100;08/01/2025;JUAZEIRO;AC-CIND-POV-PONTA DA SERRA-RURAL;REMANSO;NÃO DEFINIDO;59;380;;;;7.1.2.3;40%;;;RUBEM;RUBEM;MARLOS PEREIRA;-9,392305;-42,1929795;NÃO INICIADA;;R$ 646.000,00;;;;;;;;;;;;;;;;;;;;;;;;;
1113834;08/01/2025;JUAZEIRO;AC-CIND ESCOLA MUN.DE BREJINHO-RURAL;PILÃO ARCADO;NÃO DEFINIDO;65;416;;;;7.1.2.3;75%;;30/09/2025;AILTON / MAURICIO;PAULO JUNIOR;MARLOS PEREIRA;-9,9331343;-42,9012232;EM EXECUÇÃO;;R$ 707.200,00;;;;;;;;;;;;;;;;;;;;;;;;;
0515938;08/01/2025;JUAZEIRO;MP-CCOL-FAZ SERRA BRANCA E ARRED.-RURAL;REMANSO;NÃO DEFINIDO;93;1392;;;;14.4.12.1;100%;;;JORGE;JORGE;MARLOS PEREIRA;0;0;NÃO INICIADA;;R$ 2.366.400,00;;;;;;;;;;;;;;;;;;;;;;;;;
1101887;08/01/2025;JUAZEIRO;IE 01V2 NOVA TOURÃO RURAL EQUIP  N61580;JUAZEIRO;NÃO DEFINIDO;0;2;2;;;PLANO 1;100%;;;IVONALDO;SANTIAGO;;;;EM EXECUÇÃO;;R$ 3.400,00;;;;;;;;;;;;;;;;;;;;;;;;;
1219676;08/01/2025;JUAZEIRO;ER-CIND-POV-SABIA II-RURAL;JUAZEIRO;OURO;1;2;;;;7.1.2.3;100%;01/09/2025;01/09/2025;MICHEL;MICHEL;VICTOR BARROS;#N/D;#N/D;CONCLUIDA;26/08/2025;;;;;;;;;;;;;;;;;;;;;;;;;;
1197173;09/01/2025;JUAZEIRO;IS-COEL-AV-MARIA DA G DE JESUS-J VITOR;JUAZEIRO;NÃO DEFINIDO;0;8;;;;8.6.2003;100%;01/09/2025;05/09/2025;PEDRO LINO;ANDERSON;VICTOR BARROS;-9.425685;-40.5172658;CONCLUIDA;;R$ 13.600,00;;;;;;04/09/2025;;;;;;;;;;;;;;;;;;;
1166448;09/01/2025;JUAZEIRO;RU-CIND-AV-1-QDL-N33-DESTRITO INDUSTRIAL;JUAZEIRO;NÃO DEFINIDO;1;0;;;;7.1.1.3;100%;05/09/2025;05/09/2025;ITALO LV;ANDERSON;SANDRO SANTOS;-9.45761486;-40.487645;CONCLUIDA;;R$ 0,00;;;R$ 1.606,00;;;;;;;;;;;;;;;;;;;;;;
1196624;09/01/2025;JUAZEIRO;AC-CIND-RUA-MALHADA DA AREIA-MALHADA DA;JUAZEIRO;NÃO DEFINIDO;1;0;;;;7.1.1.3;100%;27/08/2025;06/09/2025;MANUTENÇÃO;ANDERSON;VICTOR BARROS;-9.4449179;-40.5157863;EM EXECUÇÃO;;R$ 0,00;;;;;;27/09/2025;;;;;;;;;;;;;;;;;;;
1182387;09/01/2025;JUAZEIRO;ER-CIND-FAZ-TOGUEMBURGO-SANTANA RURAL;SOBRADINHO;NÃO DEFINIDO;1;2;;;;7.1.2.3;100%;06/09/2025;06/09/2025;PEDRO LINO;ANDERSON;DIEGO ALMEIDA;-9,525592;-40,7644843;CONCLUIDA;;R$ 3.400,00;;;;;;;;;;;;;;;;;;;;;;;;;
1212274;09/01/2025;JUAZEIRO;ER-CIND-POV-LAGOA GRANDE 9999-RURAL;SOBRADINHO;NÃO DEFINIDO;;2;;;;14.7.2003;100%;06/09/2025;06/09/2025;PEDRO LINO;ANDERSON;DIEGO ALMEIDA;-9.5719662;-40.7752113;CONCLUIDA;;R$ 3.400,00;;;;;;;;;;;;;;;;;;;;;;;;;
1032275;09/01/2025;JUAZEIRO;ER-CIND-POV-PONTAL-RURAL;JUAZEIRO;OURO;1;6;;;;14.4.12.1;100%;02/09/2025;10/09/2025;PEDRO LINO;ANDERSON;VICTOR BARROS;-9,0742368;-40,2047431;EM EXECUÇÃO;;R$ 10.200,00;;;;;;03/09/2025;;;;;;;;;;;;;;;;;;;
1142581;09/01/2025;JUAZEIRO;RC-CIND-AV-08 150-QUIDE;JUAZEIRO;OURO;0;5;8;;;8.3.2.3;100%;04/09/2025;10/09/2025;PEDRO LINO;ANDERSON;VICTOR BARROS;0;0;CONCLUIDA;;R$ 8.500,00;;;;;;05/09/2025;;;;;;;;;;;;;;;;;;;
1217996;09/01/2025;JUAZEIRO;IT-CIND-RUA-CINCO-CENTRO;JUAZEIRO;OURO;0;6;;;;7.1.1.3;100%;01/09/2025;12/09/2025;PEDRO LINO;ANDERSON;VICTOR BARROS;#N/D;#N/D;ESCAVAÇÃO;;R$ 10.200,00;;;;;;;;;;;;;;;;;;;;;;;;;
1187735;09/01/2025;JUAZEIRO;AC-CIND-AV-BARAO DO RIO B-QUADRA 19;REMANSO;NÃO DEFINIDO;0;1;;;;7.1.1.3;100%;16/09/2025;16/09/2025;MANUTENÇÃO;ANDERSON;MARLOS LOPES ;-9,6172162;-42,0840119;ESCAVAÇÃO;;R$ 1.700,00;;;;;;;;;;;;;;;;;;;;;;;;;
1209983;09/01/2025;JUAZEIRO;AC-CIND-RUA-05 QDA N 22-VILA SAO JOAQUIM;SOBRADINHO;NÃO DEFINIDO;1;3;;;;7.1.1.3;100%;15/09/2025;16/09/2025;PEDRO LINO;ANDERSON;DIEGO ALMEIDA;-9,4673387;-40,7933262;NÃO INICIADA;;R$ 5.100,00;;;;;;;;;;;;;;;;;;;;;;;;;
1195222;09/01/2025;JUAZEIRO;UB-CIND-RUA-02 QSA S 19-VILA S O JOAQUIM;SOBRADINHO;NÃO DEFINIDO;1;3;;;;7.1.1.3;100%;17/09/2025;18/09/2025;PEDRO LINO;ANDERSON;DIEGO ALMEIDA;-9,4702329;-40,7949487;NÃO INICIADA;;R$ 5.100,00;;;;;;;;;;;;;;;;;;;;;;;;;
1146807;09/01/2025;JUAZEIRO;NT-RECOND-SBO-01S4-D134830-Q023936;SOBRADINHO;NÃO DEFINIDO;0;2;;;;8.4.1.1;100%;10/09/2025;19/09/2025;MANUTENÇÃO;ANDERSON;DIEGO ALMEIDA;-9,5366625;-40,9057719;NÃO INICIADA;;R$ 3.400,00;;;;;;;;;;;;;;;;;;;;;;;;;
1185166;09/01/2025;JUAZEIRO;AC-CIND-FAZ-SÃO JOAQUIM-RURAL;SOBRADINHO;NÃO DEFINIDO;1;3;;;;7.1.2.3;100%;19/09/2025;20/09/2025;PEDRO LINO;ANDERSON;DIEGO ALMEIDA;-9,4627287;-40,8772378;NÃO INICIADA;;R$ 5.100,00;;;;;;;;;;;;;;;;;;;;;;;;;
1184453;09/01/2025;JUAZEIRO;ER-CIND-POV-PINHOES-PINHOES;JUAZEIRO;NÃO DEFINIDO;1;4;;;;7.1.2.3;100%;15/09/2025;20/09/2025;MANUTENÇÃO;ANDERSON;VICTOR BARROS;-9,5304595;-39,9539396;NÃO INICIADA;;R$ 6.800,00;;;;;;;;;;;;;;;;;;;;;;;;;
1198741;09/01/2025;JUAZEIRO;UB-CIND-RCL-RUA-RUA DILSON VIEIRA-VILA;REMANSO;NÃO DEFINIDO;11;10;;;;7.1.1.3;100%;01/09/2025;20/09/2025;MANUTENÇÃO;ANDERSON;MARLOS LOPES ;-9,6063923;-42,0927632;NÃO INICIADA;;R$ 17.000,00;;;;;;;;;;;;;;;;;;;;;;;;;
1176249;09/01/2025;JUAZEIRO;ER-CIND-POV-TATAUI-RURAL-SOBRADINHO;SOBRADINHO;NÃO DEFINIDO;0;4;;;;7.1.2.3;100%;22/09/2025;22/09/2025;PEDRO LINO;ANDERSON;DIEGO ALMEIDA;-9,524956;-40,8539064;NÃO INICIADA;;R$ 6.800,00;;;;;;;;;;;;;;;;;;;;;;;;;
1211884;09/01/2025;JUAZEIRO;AC-GRUA-AV-RAUL ALVES-SANTO ANTONIO;JUAZEIRO;NÃO DEFINIDO;;1;;;;7.1.1.3;100%;23/09/2025;23/09/2025;PEDRO LINO;ANDERSON;VICTOR BARROS;-9.4180224;-40.507459;NÃO INICIADA;;R$ 1.700,00;;;;;;;;;;;;;;;;;;;;;;;;;
1163416;09/01/2025;JUAZEIRO;ER CIND POV JUNCO SALITRE RURAL;JUAZEIRO;NÃO DEFINIDO;1;4;;;;14.4.12.1;100%;24/09/2025;25/09/2025;PEDRO LINO;ANDERSON;SANDRO SANTOS;-9.6748125;-40.6029115;NÃO INICIADA;;R$ 6.800,00;;;;;;;;;;;;;;;;;;;;;;;;;
1205723;09/01/2025;JUAZEIRO;AC-CIND-POV-PINHOES-PINHOES;JUAZEIRO;NÃO DEFINIDO;1;0;;;;7.1.2.3;100%;09/09/2025;26/09/2025;PEDRO LINO;ANDERSON;VICTOR BARROS;0;0;CONCLUIDA;;R$ 0,00;;;;;;;;;;;;;;;;;;;;;;;;;
1195081;09/01/2025;JUAZEIRO;EQ COEL ROD BR 324 RURAL;REMANSO;NÃO DEFINIDO;0;2;;;;7.1.2.3;100%;10/09/2025;27/09/2025;MANUTENÇÃO;ANDERSON;MARLOS LOPES ;-9,6019523;-42,0840707;NÃO INICIADA;;R$ 3.400,00;;;;;;;;;;;;;;;;;;;;;;;;;
1175575;09/01/2025;JUAZEIRO;AC-CIND-POV-LAGOA GRANDE-RURAL;SOBRADINHO;NÃO DEFINIDO;1;5;;;;7.1.2.3;100%;10/09/2025;29/09/2025;PEDRO LINO;ANDERSON;DIEGO ALMEIDA;-9,5095062;-40,7745147;NÃO INICIADA;;R$ 8.500,00;;;;;;;;;;;;;;;;;;;;;;;;;
1211868;09/01/2025;JUAZEIRO;ER-CIND-POV-SALGADINHA-SALGADINHA;SOBRADINHO;NÃO DEFINIDO;1;2;;;;7.1.2.3;100%;30/09/2025;30/09/2025;PEDRO LINO;ANDERSON;DIEGO ALMEIDA;0;0;NÃO INICIADA;;R$ 3.400,00;;;;;;;;;;;;;;;;;;;;;;;;;
1171596;09/01/2025;JUAZEIRO;ER-CIND-POV-BARRA GRANDE-RURAL;CURAÇÁ;NÃO DEFINIDO;1;12;;;;14.7.2003;100%;18/09/2025;06/09/2025;FABIO;EDIE JONNES;CARLOS EDUARDO;-9.0727654;-39.9699296;CONCLUIDA;;R$ 20.400,00;;;;;;23/09/2025;;;;;;;;;;;;;;;;;;;
1165158;09/01/2025;JUAZEIRO;IE-RUA-DO CONSELHEIRO-RURAL;UAUÁ;NÃO DEFINIDO;0;3;;;;1.2.1.1.3;50%;08/09/2025;09/09/2025;JUAREZ;EDIE JONNES;CARLOS EDUARDO;-9,9754872;-39,4990407;NÃO INICIADA;;R$ 5.100,00;;;;;;;;;;;;;;;;;;;;;;;;;
1182181;09/01/2025;JUAZEIRO;ER-CIND-FAZ-DO CANTO 1-A-RURAL-CURACA;CURAÇÁ;NÃO DEFINIDO;1;1;;;;7.1.2.3;100%;10/09/2025;10/09/2025;FABIO;EDIE JONNES;CARLOS EDUARDO;-9,0139747;-39,9234207;NÃO INICIADA;;R$ 1.700,00;;;;;;;;;;;;;;;;;;;;;;;;;
1206271;09/01/2025;JUAZEIRO;UB-CIND-AV-ACM 425-CURACA 1;CURAÇÁ;NÃO DEFINIDO;1;4;;;;7.1.1.3;100%;12/09/2025;12/09/2025;FABIO;EDIE JONNES;CARLOS EDUARDO;-8,9974759;-39,9028056;NÃO INICIADA;;R$ 6.800,00;;;;;;;;;;;;;;;;;;;;;;;;;
1178440;09/01/2025;JUAZEIRO;AC-CIND-REG FV-POV-TANQUE NOVO-RURAL;JUAZEIRO;NÃO DEFINIDO;1;26;;;;7.1.2.3;100%;03/09/2025;15/09/2025;GISMARIO;EDIE JONNES;VICTOR BARROS;-9,447105;-39,86499;NÃO INICIADA;;R$ 44.200,00;;;;;;;;;;;;;;;;;;;;;;;;;
1088643;09/01/2025;JUAZEIRO;MP CIND FAZ CARIRI RURAL;UAUÁ;OURO;1;29;;;;14.4.12.1;100%;12/09/2025;15/09/2025;JUAREZ;EDIE JONNES;CARLOS EDUARDO;-9,9090698;-39,357881;NÃO INICIADA;;R$ 49.300,00;;;;;;;;;;;;;;;;;;;;;;;;;
1215350;09/01/2025;JUAZEIRO;AC-GOVE-RUA-7 DE SETEMBRO-CENTRO;UAUÁ;NÃO DEFINIDO;0;2;;;;7.1.1.3;100%;16/09/2025;16/09/2025;JUAREZ;EDIE JONNES;CARLOS EDUARDO;0;0;NÃO INICIADA;;R$ 3.400,00;;;;;;;;;;;;;;;;;;;;;;;;;
1199956;09/01/2025;JUAZEIRO;ER-CIND-FAZ-MACAMBIRA-RURAL;CURAÇÁ;NÃO DEFINIDO;1;6;;;;7.1.2.3;100%;15/09/2025;16/09/2025;FABIO;EDIE JONNES;CARLOS EDUARDO;-8,9702533;-39,823905;NÃO INICIADA;;R$ 10.200,00;;;;;;;;;;;;;;;;;;;;;;;;;
1206677;09/01/2025;JUAZEIRO;RR CIND FZ MACHADO PINHOES;JUAZEIRO;NÃO DEFINIDO;1;2;;;;7.1.2.3;100%;16/09/2025;16/09/2025;GISMARIO;EDIE JONNES;VICTOR BARROS;-9,5913002;-39,8762128;NÃO INICIADA;;R$ 3.400,00;;;;;;;;;;;;;;;;;;;;;;;;;
1216207;09/01/2025;JUAZEIRO;AC-CIND-FAZ-SURUBIM 33-RURAL;CURAÇÁ;NÃO DEFINIDO;0;1;;;;7.1.2.3;100%;17/09/2025;17/09/2025;FABIO;EDIE JONNES;CARLOS EDUARDO;0;0;NÃO INICIADA;;R$ 1.700,00;;;;;;;;;;;;;;;;;;;;;;;;;
1170033;09/01/2025;JUAZEIRO;ER-CIND-RUA-S O PAULO-CENTRO-LA DO PIRES;UAUÁ;NÃO DEFINIDO;1;10;;;;37816;100%;15/09/2025;18/09/2025;TURMA NOVA;EDIE JONNES;CARLOS EDUARDO;-10,0160719;-39,488488;NÃO INICIADA;;R$ 17.000,00;;;;;;;;;;;;;;;;;;;;;;;;;
1209633;09/01/2025;JUAZEIRO;ER-CIND-POV-CARRO QUEBRADO-RURAL;UAUÁ;NÃO DEFINIDO;1;1;;;;7.1.2.3;100%;19/09/2025;19/09/2025;JUAREZ;EDIE JONNES;CARLOS EDUARDO;-9,7212662;-39,4896367;NÃO INICIADA;;R$ 1.700,00;;;;;;;;;;;;;;;;;;;;;;;;;
1194738;09/01/2025;JUAZEIRO;ER-CIND-POV-CALDEIRAO DO LALAU-CALDEIRAO;UAUÁ;NÃO DEFINIDO;1;4;;;;7.1.2.3;100%;23/09/2025;23/09/2025;JUAREZ;EDIE JONNES;CARLOS EDUARDO;-9,7860976;-39,6467436;NÃO INICIADA;;R$ 6.800,00;;;;;;;;;;;;;;;;;;;;;;;;;
1173811;09/01/2025;JUAZEIRO;ER-CIND-FAZ-LAPAO-RURAL;UAUÁ;NÃO DEFINIDO;0;2;;;;7.1.2.3;100%;24/09/2025;24/09/2025;JUAREZ;EDIE JONNES;CARLOS EDUARDO;-9,810783;-39,600581;NÃO INICIADA;;R$ 3.400,00;;;;;;;;;;;;;;;;;;;;;;;;;
1139386;09/01/2025;JUAZEIRO;MP-CIND-POV PINHOES-RURAL;JUAZEIRO;NÃO DEFINIDO;1;23;;;;7.1.2.3;100%;15/09/2025;24/09/2025;GISMARIO;EDIE JONNES;VICTOR BARROS;-9,5917851;-39,8765429;NÃO INICIADA;;R$ 39.100,00;;;;;;;;;;;;;;;;;;;;;;;;;
1200943;09/01/2025;JUAZEIRO;AC-CIND-FAZ-JURITI I-RURAL CURACA;CURAÇÁ;NÃO DEFINIDO;0;3;;;;7.1.2.3;100%;11/09/2025;26/09/2025;FABIO;EDIE JONNES;CARLOS EDUARDO;-9,043645;-39,9484788;NÃO INICIADA;;R$ 5.100,00;;;;;;11/09/2025;;;;;;;;;;;;;;;;;;;
1206973;09/01/2025;JUAZEIRO;RR-GRUA-FAZ-JURITI-RURAL-CURACA;CURAÇÁ;OURO;0;4;;;;7.1.2.3;100%;03/09/2025;26/09/2025;FABIO;EDIE JONNES;CARLOS EDUARDO;-9,055737;-39,9652039;NÃO INICIADA;;R$ 6.800,00;;;;;;05/09/2025;;;;;;;;;;;;;;;;;;;
1177271;09/01/2025;JUAZEIRO;RR-GRUA-POV-CURACA EB 06 KM085-RURAL;CURAÇÁ;OURO;0;6;;;;7.1.2.3;100%;24/09/2025;26/09/2025;FABIO;EDIE JONNES;CARLOS EDUARDO;-9,0731065;-39,9175208;NÃO INICIADA;;R$ 10.200,00;;;;;;;;;;;;;;;;;;;;;;;;;
1173776;09/01/2025;JUAZEIRO;RR-GRUA-FAZ-VERMELHO-RURAL;JUAZEIRO;NÃO DEFINIDO;;6;;;;8.6.2003;100%;12/08/2025;27/09/2025;GISMARIO;EDIE JONNES;CARLOS EDUARDO;-9.4328027;-39.7841685;CONCLUIDA;;R$ 10.200,00;;;;;;;;;;;;;;;;;;;;;;;;;
1195955;09/01/2025;JUAZEIRO;ER-CIND-POV-MARIA PRETA 200-MARIA PRETA;UAUÁ;NÃO DEFINIDO;1;6;;;;7.1.2.3;100%;12/09/2025;30/09/2025;JUAREZ;EDIE JONNES;CARLOS EDUARDO;-9,8345323;-39,4149137;NÃO INICIADA;;R$ 10.200,00;;;;;;;;;;;;;;;;;;;;;;;;;
1118538;09/01/2025;JUAZEIRO;ER-CIND-POV-PINHOES-CENTRO;JUAZEIRO;NÃO DEFINIDO;1;24;;;;14.7.2003;100%;25/08/2025;30/09/2025;GISMARIO;EDIE JONNES;VICTOR BARROS;-9.5667254;-39.9208861;NÃO INICIADA;;R$ 40.800,00;;;;;;;;;;;;;;;;;;;;;;;;;
1141961;09/01/2025;JUAZEIRO;MP-CIND-FAZ RIACHO DO SALGADO-RURAL;UAUÁ;NÃO DEFINIDO;1;14;;;;37451;100%;22/09/2025;30/09/2025;TURMA NOVA;EDIE JONNES;CARLOS EDUARDO;-10,0231278;-39,4902749;NÃO INICIADA;;R$ 23.800,00;;;;;;;;;;;;;;;;;;;;;;;;;
1172124;09/01/2025;JUAZEIRO;RR-CIND-FAZ-MELANCIA-RURAL;CURAÇÁ;NÃO DEFINIDO;3;30;;;;7.1.2.3;100%;24/09/2025;30/09/2025;FABIO;EDIE JONNES;CARLOS EDUARDO;-9,2082716;-39,8343706;NÃO INICIADA;;R$ 51.000,00;;;;;;;;;;;;;;;;;;;;;;;;;
1210327;09/01/2025;JUAZEIRO;ER-CIND-POV-CAITITUS-CAITITUS;UAUÁ;NÃO DEFINIDO;1;20;;;;7.1.2.3;80%;15/09/2025;15/10/2025;AVANÇO;EDIE JONNES;CARLOS EDUARDO;-9,9312168;-39,3249672;NÃO INICIADA;;R$ 34.000,00;;;;;;;;;;;;;;;;;;;;;;;;;
1198350;09/01/2025;JUAZEIRO;ER-CCOL-RUA-04 AGROVILA-PEDRA BRANCA;CURAÇÁ;NÃO DEFINIDO;;18;;;;14.4.12.1;25%;15/08/2025;31/10/2025;AVANÇO;EDIE JONNES;CARLOS EDUARDO;-8.6656868;-39.4263194;NÃO INICIADA;;R$ 30.600,00;;;;;;;;;;;;;;;;;;;;;;;;;
1153460;09/01/2025;JUAZEIRO;MP-CIND-RUA-DOS VERMELHOS-RURAL;JUAZEIRO;NÃO DEFINIDO;3;26;;;;7.1.2.3;80%;01/09/2025;31/10/2025;AVANÇO;EDIE JONNES;VICTOR BARROS;-9,5992005;-40,3925912;NÃO INICIADA;;R$ 44.200,00;;;;;;;;;;;;;;;;;;;;;;;;;
1181008;09/01/2025;JUAZEIRO;RR-CIND-FAZ-S O PEDRO 11-S O PEDRO;JUAZEIRO;NÃO DEFINIDO;1;21;;;;7.1.2.3;80%;01/09/2025;31/10/2025;AVANÇO;EDIE JONNES;VICTOR BARROS;-9,5961849;-40,4236876;NÃO INICIADA;;R$ 35.700,00;;;;;;;;;;;;;;;;;;;;;;;;;
0515938;09/01/2025;JUAZEIRO;MP-CCOL-FAZ SERRA BRANCA E ARRED.-RURAL;REMANSO;NÃO DEFINIDO;93;1392;;;;14.4.12.1;100%;;30/09/2025;JORGE;JORGE;MARLOS LOPES ;;;NÃO INICIADA;;R$ 2.366.400,00;;;;;;;;;;;;;;;;;;;;;;;;;
1146087;09/01/2025;JUAZEIRO;MP-CCOL-FAZ.NOVA TAPUA-RURAL;REMANSO;NÃO DEFINIDO;12;172;;;;7.1.2.3;60%;;AVANÇO;JORGE;JORGE;MARLOS LOPES ;-9,4735036;-42,2501527;NÃO INICIADA;;R$ 292.400,00;;;;;;;;;;;;;;;;;;;;;;;;;
1173964;09/01/2025;JUAZEIRO;RR-CIND-POV-SALINA GRANDE-RURAL;REMANSO;OURO;36;227;;;;14.4.12.1;60%;;AVANÇO;JORGE;JORGE;MARLOS LOPES ;0;0;NÃO INICIADA;;R$ 385.900,00;;;;;;;;;;;;;;;;;;;;;;;;;
1187240;09/01/2025;JUAZEIRO;ER-CINDQD Z 10-BEM BOM;CASA NOVA;NÃO DEFINIDO;1;2;;;;37816;100%;12/09/2025;12/09/2025;MANUTENÇÃO;PAULO JUNIOR;DIEGO ALMEIDA;0;0;NÃO INICIADA;;R$ 3.400,00;;;;;;;;;;;;;;;;;;;;;;;;;
1141807;09/01/2025;JUAZEIRO;ER-CIND-POV-ENTRONCAMENTO-RECREIO;CASA NOVA;NÃO DEFINIDO;;2;;;;7.1.2.3;100%;10/09/2025;26/09/2025;AILTON;PAULO JUNIOR;SANDRO SANTOS;-9.318951;-41.123503;NÃO INICIADA;;R$ 3.400,00;;;;;;;;;;;;;;;;;;;;;;;;;
1141818;09/01/2025;JUAZEIRO;ER-CIND-SI-PASCACIO-RURAL;CASA NOVA;NÃO DEFINIDO;;0;;;;7.1.2.2;100%;10/09/2025;26/09/2025;AILTON;PAULO JUNIOR;SANDRO SANTOS;-9.3099092;-41.138693;NÃO INICIADA;;R$ 0,00;;;;;;;;;;;;;;;;;;;;;;;;;
1132085;09/01/2025;JUAZEIRO;ER-SEIN-RUA-DAS FLORES-XIQUE-XIQUE;PILÃO ARCADO;OURO;11;26;;;;7.1.2.3;100%;20/09/2025;30/09/2025;;PAULO JUNIOR;MARLOS LOPES ;-10,5568842;-42,6234047;NÃO INICIADA;;R$ 44.200,00;;;;;;;;;;;;;;;;;;;;;;;;;
1128925;09/01/2025;JUAZEIRO;LD-CIND-POV BAIXAO-RURAL-CSN;CASA NOVA;NÃO DEFINIDO;1;6;;;;37451;100%;15/09/2025;30/09/2025;SILVONEY;PAULO JUNIOR;SANDRO SANTOS;-9.3139292;-41.0714687;NÃO INICIADA;;R$ 10.200,00;;;;;;;;;;;;;;;;;;;;;;;;;
1113834;09/01/2025;JUAZEIRO;AC-CIND ESCOLA MUN.DE BREJINHO-RURAL;PILÃO ARCADO;NÃO DEFINIDO;65;416;217;;;7.1.2.3;80%;01/09/2025;30/10/2025;AILTON;PAULO JUNIOR;MARLOS LOPES ;#N/D;#N/D;NÃO INICIADA;;R$ 707.200,00;;;;;;;;;;;;;;;;;;;;;;;;;
1145786;09/01/2025;JUAZEIRO;AC CIND POV XIQUE XIQUE RURAl;CASA NOVA;OURO;18;29;;;;7.1.2.3;20%;22/09/2025;31/10/2025;FERNANDO;PAULO JUNIOR;DIEGO ALMEIDA;#N/D;#N/D;NÃO INICIADA;;R$ 49.300,00;;;;;;;;;;;;;;;;;;;;;;;;;
1128536;09/01/2025;JUAZEIRO;MP-CCOL-POV-XIQUE XIQUE-RURAL;CASA NOVA;OURO;17;166;;;;14.4.12.1;70%;07/08/2025;31/10/2025;FERNANDO;PAULO JUNIOR;DIEGO ALMEIDA;-9,6263923;-41,838502;NÃO INICIADA;;R$ 282.200,00;;;;;;;;;;;;;;;;;;;;;;;;;
1146131;09/01/2025;JUAZEIRO;AC-REGFV-CCOL-POV DESTERRO-CAI ARA-III;CASA NOVA;OURO;141;394;;;;7.1.2.3;25%;;30/12/2025;FERNANDO;PAULO JUNIOR;DIEGO ALMEIDA;-9,335318;-41,8057884;NÃO INICIADA;;R$ 669.800,00;;;;;;;;;;;;;;;;;;;;;;;;;
0763601;09/01/2025;JUAZEIRO;MP-CCOL-POV CANOINHA-RURAL;CASA NOVA;OURO;25;541;;;;37816;10%;;AVANÇO;FERNANDO;PAULO JUNIOR;DIEGO ALMEIDA;-9,1657286;-41,3927492;NÃO INICIADA;;R$ 919.700,00;;;;;;;;;;;;;;;;;;;;;;;;;
1120277;09/01/2025;JUAZEIRO;MP-CCOL-RUA 03-RURAL;SENTO SÉ;NÃO DEFINIDO;1;23;28;;;7.1.2.3;100%;;03/09/2025;FABIO;RODRIGUES;SANDRO SANTOS;-9.75338;-41.8858;CONCLUIDA;03/09/2025;R$ 39.100,00;;;;;;;;;;;;;;;;;;;;;;;;;
1092651;09/01/2025;JUAZEIRO;MP-CCOL-RUA DA CONCEIÇÃO-RURAL;SENTO SÉ;NÃO DEFINIDO;3;15;15;;;14.4.12.1 ;100%;06/08/2025;04/09/2025;JACSON;RODRIGUES;SANDRO SANTOS;-9.8048531;-41.4354007;CONCLUIDA;04/09/2025;R$ 25.500,00;;;;;;;;;;;;;;;;;;;;;;;;;
1129183;09/01/2025;JUAZEIRO;MP-CCOL-POV.MANTEIGA-RURAL;REMANSO;NÃO DEFINIDO;3;46;;;;7.1.2.3;100%;01/09/2025;30/09/2025;RUBEM;RUBEM;MARLOS LOPES ;-9,5839657;-42,1016911;NÃO INICIADA;;R$ 78.200,00;;;;;;;;;;;;;;;;;;;;;;;;;
1058100;09/01/2025;JUAZEIRO;AC-CIND-POV-PONTA DA SERRA-RURAL;REMANSO;NÃO DEFINIDO;59;380;;;;7.1.2.3;55%;;30/11/2025;RUBEM;RUBEM;MARLOS LOPES ;-9,392305;-42,1929795;NÃO INICIADA;;R$ 646.000,00;;;;;;;;;;;;;;;;;;;;;;;;;
1191546;09/01/2025;JUAZEIRO;IE-RELIGADOR-NCU-01Z4-B360628;JUAZEIRO;RELIGADOR;0;1;;;;8.2.2.3;100%;05/09/2025;05/09/2025;IVONALDO;SANTIAGO;VICTOR BARROS;-9,172178;-40,0666537;CONCLUIDA;;R$ 1.700,00;;;;;;09/09/2025;;;;;;;;;;;;;;;;;;;
1211795;09/01/2025;JUAZEIRO;ER-CIND-POV-DE MARI 17-MARI;JUAZEIRO;NÃO DEFINIDO;1;5;;;;7.1.2.3;100%;08/09/2025;09/09/2025;IVONALDO;SANTIAGO;VICTOR BARROS;0;0;NÃO INICIADA;;R$ 8.500,00;;;;;;;;;;;;;;;;;;;;;;;;;
1221851;09/01/2025;JUAZEIRO;ER-CIND-SI-S O JOSE-RURAL;JUAZEIRO;NÃO DEFINIDO;3;11;;;;7.1.2.3;100%;25/08/2025;11/09/2025;IVONALDO;SANTIAGO;VICTOR BARROS;-9.4558324;-40.4694899;NÃO INICIADA;;R$ 18.700,00;;;;;;;;;;;;;;;;;;;;;;;;;
1144796;09/01/2025;JUAZEIRO;MP-CCOL-POV.LAGOA DOS CAVALOS-RURAL;JUAZEIRO;NÃO DEFINIDO;2;19;;;;7.1.2.3;100%;10/09/2025;16/09/2025;IVONALDO;SANTIAGO;VICTOR BARROS;-9,2880477;-40,0738188;NÃO INICIADA;;R$ 32.300,00;;;;;;;;;;;;;;;;;;;;;;;;;
1144762;09/01/2025;JUAZEIRO;PT UAU 34 5 13 8KV;UAUÁ;NÃO DEFINIDO;0;6;;;;1.2.2.2.3;50%;15/09/2025;17/09/2025;JUAREZ;SANTIAGO;CARLOS EDUARDO;-9,8468026;-39,4664253;NÃO INICIADA;;R$ 10.200,00;;;;;;;;;;;;;;;;;;;;;;;;;
1129437;09/01/2025;JUAZEIRO;LD CIND FAZ MANI OBA VELHA RURAL;JUAZEIRO;NÃO DEFINIDO;1;15;;;;14.7.2003;100%;01/09/2025;18/09/2025;PAULO;SANTIAGO;VICTOR BARROS;;;NÃO INICIADA;;R$ 25.500,00;;;;;;;;;;;;;;;;;;;;;;;;;
1212994;09/01/2025;JUAZEIRO;RR-CIND-POV-ALMAS-ALMAS;SENTO SÉ;OURO;0;35;;;;37816;100%;04/09/2025;22/09/2025;JACSON;SANTIAGO;DIEGO ALMEIDA;-10,2842731;-41,3726258;NÃO INICIADA;;R$ 59.500,00;;;;;;;;;;;;;;;;;;;;;;;;;
1214805;09/01/2025;JUAZEIRO;ER-CIND-FAZ-BARRA BONITA-RURAL;JUAZEIRO;OURO;3;44;;;;37816;100%;17/09/2025;30/09/2025;IVONALDO;SANTIAGO;VICTOR BARROS;0;0;NÃO INICIADA;;R$ 74.800,00;;;;;;;;;;;;;;;;;;;;;;;;;
0997469;09/01/2025;JUAZEIRO;ER-CIND-POV-ALMAS-ALEGRE;SENTO SÉ;OURO;2;43;;;;37816;100%;23/09/2025;30/09/2025;JACSON;SANTIAGO;DIEGO ALMEIDA;-10,2638619;-41,3329393;NÃO INICIADA;;R$ 73.100,00;;;;;;;;;;;;;;;;;;;;;;;;;
1159894;09/01/2025;JUAZEIRO;UB-CIND-RUA-JUAZEIRO-2;JUAZEIRO;OURO;0;66;;;;7.1.1.3;40%;01/09/2025;31/10/2025;PAULO;SANTIAGO;VICTOR BARROS;-9,4665442;-40,4999899;NÃO INICIADA;;R$ 112.200,00;;;;;;;;;;;;;;;;;;;;;;;;;
1120926;09/01/2025;JUAZEIRO;MP CIND POV MANTEIGA RURAL MOD;REMANSO;NÃO DEFINIDO;17;111;;;;37816;100%;22/08/2025;AVANÇO;;;MARLOS LOPES ;-9,5834495;-42,1018369;NÃO INICIADA;;R$ 188.700,00;;;;;;;;;;;;;;;;;;;;;;;;;
0515938;;JUAZEIRO;;REMANSO;CONCLUIDA;;1.392;1619;;;14.4.12.1;100%;;;JORGE;JORGE;;;;;04/10/2025;;;;;;;;MP-CCOL-FAZ SERRA BRANCA E ARRED.-RURAL;;CONCLUÍDA;;;MARLOS LOPES ;93;;;24/10/2025;;;SIM;;Ver no Mapa;05/04/2025;04/10/2025;06/10/2025;
1233696;;JUAZEIRO;;CAMPO ALEGRE DE LOURDES;CONCLUIDA;;2;;;;8.3.2.3;100%;;;JACSON;SANTIAGO;;-9.5010346;-43.010159;;17/12/2025;;;;;;;;RC-GOVE-ROD-BR 020-CENTRO;GOVERNO;CONCLUÍDA;COMPLETO;;MARLOS LOPES ;0;;;17/12/2025;;NÃO;NÃO;;Ver no Mapa;17/12/2025;17/12/2025;SIM;
1189551;;JUAZEIRO;;CASA NOVA;CONCLUIDA;;2;2;;;7.1.1.3;100%;;;FABIO;SANTIAGO;;-9.2935056;-40.8191625;;25/11/2025;;;;;;;;UB-CIND-RUA-DO ASFALTO 10-CENTRO;PRIORIDADE PLANO ANEEL;ENERGIZADA;COMPLETO;;MARLOS LOPES ;;;26/11/2025;26/11/2025;;;NÃO;;Ver no Mapa;25/11/2025;25/11/2025;SIM;
1201544;;JUAZEIRO;;CASA NOVA;CONCLUIDA;;2;;;;7.1.2.3;100%;;;JACSON;EDIE JONNES;;-9.303507;-40.8318994;;16/12/2025;;;;;;;;ER-CIND-SI-STA LUZIA-RR-SAO LUIZ;PRIORIDADE PLANO ANEEL;CONCLUÍDA;COMPLETO;;DIEGO ALMEIDA;1;;02/12/2025;06/12/2025;;SIM;SIM;;Ver no Mapa;10/12/2025;16/12/2025;SIM;
1128536;;JUAZEIRO;;CASA NOVA;CONCLUIDA;;166;178;;;14.4.12.1;100%;;;FERNANDO;PAULO JUNIOR;;-9.6263923;-41.838502;;31/10/2025;;;;;;;;MP-CCOL-POV-XIQUE XIQUE-RURAL;;CONCLUÍDA;;OURO;DIEGO ALMEIDA;8;;07/08/2025;31/10/2025;;;SIM;;Ver no Mapa;07/08/2025;31/10/2025;31/10/2025;
1120926;;JUAZEIRO;;REMANSO;CONCLUIDA;;111;;;;14.4.12.1;100%;;;RUBEM;RUBEM;;-9.5834495;-42.1018369;;30/09/2025;;;;;;;;MP CIND POV MANTEIGA RURAL MOD;;CONCLUÍDA;;;MARLOS LOPES ;17;;22/08/2025;;;;;;Ver no Mapa;02/09/2025;30/09/2025;01/10/2025;
1229077;;JUAZEIRO;;CASA NOVA;PROGRAMADA;;2;;;;7.1.2.3;100%;;;;MICHEL;;-9.394975;-41.230686;;;;;;;;;;ER-CIND-POV-BAIXAO-RURAL;OBRAS ÁGEIS;NÃO INICIADA;COMPLETO;;DIEGO ALMEIDA;1;;11/12/2025;11/12/2025;;;NÃO;;Ver no Mapa;;;;
1189586;;JUAZEIRO;;CASA NOVA;CONCLUIDA;;0;;;;7.1.2.3;100%;;;JUAREZ;EDIE JONNES;;-9.3070009;-40.9293817;;15/12/2025;;;;;;;;ER-CIND-POV-FAZ SERRA DA ESPERANCA-RURAL;PRIORIDADE PLANO ANEEL;CONCLUÍDA;COMPLETO;;DIEGO ALMEIDA;1;;12/12/2025;12/12/2025;;;NÃO;;Ver no Mapa;12/12/2025;15/12/2025;SIM;
1183301;;JUAZEIRO;;CASA NOVA;CONCLUIDA;;1;1;;;7.1.1.10;100%;;;JACSON;SANTIAGO;;-9.299753;-40.81499;;26/11/2025;;;;;;;;UB-CIND CJ-HABITACIONAL-BORGES;PRIORIDADE PLANO ANEEL;ENERGIZADA;COMPLETO;;MARLOS LOPES ;;;27/11/2025;27/11/2025;;;NÃO;;Ver no Mapa;26/11/2025;26/11/2025;SIM;
1129183;;JUAZEIRO;;REMANSO;CONCLUIDA;;46;;;;14.4.12.1;100%;;;RUBEM;RUBEM;;-9.5839657;-42.1016911;;30/09/2025;;;;;;;;MP-CCOL-POV.MANTEIGA-RURAL;;CONCLUÍDA;;;MARLOS LOPES ;3;;;;;;;;Ver no Mapa;02/09/2025;30/09/2025;01/10/2025;
1161341;;JUAZEIRO;;CASA NOVA;CONCLUIDA;;35;;;;7.1.2.3;100%;;;FABIO;EDIE JONNES;;-9.2813404;-40.7610571;;24/12/2025;;;;;;;;MP CIND POV RIACHO DO SOBRADO RURAL;QLP;CONCLUÍDA;PARCIAL;FALTA TRAFO DE 10;DIEGO ALMEIDA;1;;01/12/2025;13/12/2025;;SIM;NÃO;;Ver no Mapa;04/12/2025;24/12/2025;SIM;
1166759;;JUAZEIRO;;CASA NOVA;PROGRAMADA;;2;;;;7.1.2.3;100%;;;PAULO;SANTIAGO;;-9.6295349;-41.8396333;;;;;;;;;;AC-CIND-POV-PARA RURAL-BEM BOM 📸;QLP;NÃO INICIADA;COMPLETO;;DIEGO ALMEIDA;0;;22/12/2025;22/12/2025;;;NÃO;;Ver no Mapa;;;;
1176138;;JUAZEIRO;;CASA NOVA;PROGRAMADA;;1;;;;7.1.2.3;100%;;;PAULO;SANTIAGO;;-9.618595;-41.6521913;;;;;;;;;;IT-CIND-POV-PAU A PIQUE-RURAL;RECLAMAÇÃO;NÃO INICIADA;COMPLETO;;DIEGO ALMEIDA;0;;18/12/2025;24/12/2025;;SIM;NÃO;;Ver no Mapa;;;;
1146806;;JUAZEIRO;;CASA NOVA;EM EXECUÇÃO;;2;;;;8.4.1.2;100%;;;PEDRO LINO;ANDERSON;;-9.266944;-41.011611;;;;;;;;;;NT-RECOND-CSN-01C3-D166353-D166406;EQUIPAMENTO;EQUIPAMENTO;COMPLETO;;DIEGO ALMEIDA;1;;19/12/2025;24/12/2025;;SIM;SIM;;Ver no Mapa;;;;
1226976;;JUAZEIRO;;CASA NOVA;CONCLUIDA;;7;;;;7.1.2.3;100%;;;FABIO;EDIE JONNES;;-9.0246061;-41.062166;;22/12/2025;;;;;;;;ER-CIND-POV-BARRA-RURAL;QLP;CONCLUÍDA;COMPLETO;;DIEGO ALMEIDA;1;;15/12/2025;24/12/2025;;;NÃO;;Ver no Mapa;20/12/2025;22/12/2025;SIM;
1146090;;JUAZEIRO;;CASA NOVA;CONCLUIDA;;8;;;;7.1.2.3;100%;;;;PAULO JUNIOR;;-8.9256379;-41.4202716;;22/12/2025;;;;;;;;ME REFO ADF MP CIND POV XIQUE XIQUE RR;INSTITUCIONAL;CONCLUÍDA;COMPLETO;;DIEGO ALMEIDA;0;;15/12/2025;24/12/2025;;;NÃO;;Ver no Mapa;17/12/2025;22/12/2025;SIM;
1172245;;JUAZEIRO;;SENTO SÉ;CONCLUIDA;;17;17;;;14.7.3;100%;;;FABIO;SANTIAGO;;-10.1193568;-41.6873124;;14/11/2025;;;;;;;;RR - CIND - POV LAGOA DO MARY - RURAL;LPT;ENERGIZADA;COMPLETO;JACSON / FABIO;SANDRO SANTOS;2;;04/11/2025;11/11/2025;;SIM;NÃO;;Ver no Mapa;04/11/2025;14/11/2025;SIM;
1204722;;JUAZEIRO;;SENTO SÉ;CONCLUIDA;;7;8;;;14.7.3;100%;;;FABIO;SANTIAGO;;-10.3146872;-41.8565518;;17/11/2025;;;;;;;;ER-CIND-POV-CAPIM GROSSO-RURAL;LPT;ENERGIZADA;COMPLETO;PLANO 7;SANDRO SANTOS;1;;18/11/2025;19/11/2025;;SIM;NÃO;;Ver no Mapa;17/11/2025;17/11/2025;SIM;
1204112;;JUAZEIRO;;SENTO SÉ;CONCLUIDA;;6;6;;;7.1.2.3;100%;;;JACSON;SANTIAGO;;-9.8443662;-41.802745;;13/11/2025;;;;;;;;ER-CIND-POV-DE CAPEADO-CAPEADO;QLA;ENERGIZADA;COMPLETO;;SANDRO SANTOS;1;;12/11/2025;12/11/2025;;SIM;NÃO;;Ver no Mapa;10/11/2025;13/11/2025;SIM;
1172124;;JUAZEIRO;;CURAÇÁ;CONCLUIDA;;30;;;;7.1.2.3;100%;;;FABIO;EDIE JONNES;;-9.2082716;-39.8343706;;30/09/2025;;;;;;;;RR-CIND-FAZ-MELANCIA-RURAL;;CONCLUÍDA;;;CARLOS EDUARDO;3;;24/09/2025;30/09/2025;;SIM;NÃO;;Ver no Mapa;24/09/2025;30/09/2025;01/10/2025;
1145786;;JUAZEIRO;;CASA NOVA;CONCLUIDA;;29;29;;;7.1.2.3;50%;;;FERNANDO;PAULO JUNIOR;;-9.1657286;-41.3927492;;31/10/2025;;;;;;;;AC CIND POV XIQUE XIQUE RURAl;;CONCLUÍDA;;OURO;DIEGO ALMEIDA;18;;22/09/2025;31/10/2025;;;NÃO;;Ver no Mapa;22/09/2025;31/10/2025;31/10/2025;
1088643;;JUAZEIRO;;UAUÁ;CONCLUIDA;;29;;;;14.4.12.1;100%;;;JUAREZ;EDIE JONNES;;-9.9090698;-39.357881;;19/09/2025;;;;;;;;MP CIND FAZ CARIRI RURAL;;CONCLUÍDA;;OURO;CARLOS EDUARDO;1;;12/09/2025;15/09/2025;;SIM;;;Ver no Mapa;;18/09/2025;19/09/2025;
1144487;;JUAZEIRO;;CASA NOVA;CONCLUIDA;;44;;;;7.1.2.3;100%;;;PAULO;SANTIAGO;;-9.6189714;-41.660065;;06/01/2026;;;;;;;;MP CIND POV PAU A PIQUE RURAL;QLP;CONCLUÍDA;COMPLETO;;DIEGO ALMEIDA;1;;09/12/2025;26/12/2025;;SIM;NÃO;;Ver no Mapa;;;SIM;
1198348;;JUAZEIRO;;SENTO SÉ;CONCLUIDA;;4;4;;;7.1.2.3;100%;;;FABIO;SANTIAGO;;-9.7547425;-41.8846474;;13/11/2025;;;;;;;;ER-CIND-RUA-03-RURAL;QLA;ENERGIZADA;COMPLETO;;SANDRO SANTOS;1;;13/11/2025;13/11/2025;;SIM;NÃO;;Ver no Mapa;13/11/2025;14/11/2025;SIM;
1146806;;JUAZEIRO;;CASA NOVA;MIGRAR;;2;;;;8.4.1.2;100%;;;PEDRO LINO;ANDERSON;;-9.266944;-41.011611;;;;;;;;;;NT-RECOND-CSN-01C3-D166353-D166406;EQUIPAMENTO;EQUIPAMENTO;A SOLICITAR;;DIEGO ALMEIDA;1;;24/11/2025;25/11/2025;;SIM;SIM;;Ver no Mapa;;;;
1042855;;JUAZEIRO;;CASA NOVA;CONCLUIDA;;44;;;;7.1.2.3;100%;;;FERNANDO;PAULO JUNIOR;;-9.070033;-41.454250;;23/12/2025;;;;;;;;AC CIND-POV-BAIXAO DOS CABLOCOS RURAL;GOVERNO;CONCLUÍDA;COMPLETO;;DIEGO ALMEIDA;3;;;30/12/2025;;;NÃO;;Ver no Mapa;22/11/2025;23/12/2025;SIM;
1178440;;JUAZEIRO;;JUAZEIRO;CONCLUIDA;;26;26;;;7.1.2.3;100%;;;GISMARIO;EDIE JONNES;;-9.447105;-39.86499;;13/09/2025;;;;;;;;AC-CIND-REG FV-POV-TANQUE NOVO-RURAL;;LIGAÇÃO DE CLIENTES;;;VICTOR BARROS;1;12/09/2025;03/09/2025;15/09/2025;;;NÃO;;Ver no Mapa;04/09/2025;13/09/2025;15/09/2025;
1118538;;JUAZEIRO;;JUAZEIRO;CONCLUIDA;;24;;;;LPT;100%;;;GISMARIO;EDIE JONNES;;-9.5667254;-39.9208861;;01/10/2025;;;;;;;;ER-CIND-POV-PINHOES-CENTRO;;CONCLUÍDA;;;VICTOR BARROS;1;;04/09/2025;30/09/2025;;SIM;SIM;;Ver no Mapa;19/09/2025;30/09/2025;01/10/2025;
1139386;;JUAZEIRO;;JUAZEIRO;CONCLUIDA;;23;25;;;7.1.2.3;100%;;;GISMARIO;EDIE JONNES;;-9.5917851;-39.8765429;;25/09/2025;;;;;;;;MP-CIND-POV PINHOES-RURAL;;CONCLUÍDA;;;VICTOR BARROS;1;;15/09/2025;24/09/2025;;;;;Ver no Mapa;;25/09/2025;01/10/2025;
1181008;;JUAZEIRO;;JUAZEIRO;CONCLUIDA;;21;22;;;7.1.2.3;100%;;;PAULO;SANTIAGO;;-9.5961849;-40.4236876;;31/10/2025;;;;;;;;RR-CIND-FAZ-S O PEDRO 11-S O PEDRO;;CONCLUÍDA;;PAULO / CARLOS EDUARDO;VICTOR BARROS;1;;07/10/2025;31/10/2025;31/10/2025;NÃO;NÃO;;Ver no Mapa;07/10/2025;31/10/2025;31/10/2025;
1129437;;JUAZEIRO;;JUAZEIRO;CONCLUIDA;;15;22;;;14.7.3;100%;;;PAULO;SANTIAGO;;-9.2458864;-40.2915467;;26/09/2025;;;;;;;;LD CIND FAZ MANI OBA VELHA RURAL;;CONCLUÍDA;;;VICTOR BARROS;1;;16/09/2025;18/09/2025;18/09/2025;SIM;SIM;;Ver no Mapa;;26/09/2025;26/09/2025;
1195826;;JUAZEIRO;;SENTO SÉ;CONCLUIDA;;4;4;;;7.1.2.3;100%;;;JACSON;SANTIAGO;;-9.7547425;-41.8846474;;14/11/2025;;;;;;;;ER-CIND-RUA-03-CICERO BORGES;QLA;ENERGIZADA;COMPLETO;;SANDRO SANTOS;1;;22/11/2025;22/11/2025;;SIM;NÃO;;Ver no Mapa;12/11/2025;14/11/2025;SIM;
1214805;;JUAZEIRO;;JUAZEIRO;CONCLUIDA;;20;20;;;LPT;100%;;;IVONALDO;SANTIAGO;;-9.3149446;-40.0475408;;18/10/2025;;;;;;;;ER-CIND-FAZ-BARRA BONITA-RURAL;;CONCLUÍDA;;OURO / VAI SER 22 POSTE;VICTOR BARROS;3;;17/09/2025;18/10/2025;;SIM;NÃO;;Ver no Mapa;29/09/2025;18/10/2025;20/10/2025;
1171602;;JUAZEIRO;;CASA NOVA;CONCLUIDA;;5;5;;;7.1.2.3;100%;;;FABIO;SANTIAGO;;-9.198882;-41.0174;;29/11/2025;;;;;;;;LD-CIND ROD.PETROLINA C.NOVA KM-65RURAL 📸;PRIORIDADE PLANO ANEEL;ENERGIZADA;COMPLETO;OBRA EM CAMPO DIFERENTE DO PROJETADO;;1;;25/11/2025;25/11/2025;;;NÃO;;Ver no Mapa;27/11/2025;29/11/2025;SIM;
1144796;;JUAZEIRO;;JUAZEIRO;CONCLUIDA;;19;;;;7.1.2.3;100%;;;IVONALDO;SANTIAGO;;-9.2880477;-40.0738188;;23/09/2025;;;;;;;;MP-CCOL-POV.LAGOA DOS CAVALOS-RURAL;;CONCLUÍDA;;;VICTOR BARROS;2;;10/09/2025;16/09/2025;;SIM;NÃO;;Ver no Mapa;17/09/2025;23/09/2025;23/09/2025;
1201544;;JUAZEIRO;;CASA NOVA;MIGRAR;;2;;;;7.1.2.3;100%;;;JACSON;SANTIAGO;;-9.303507;-40.8318994;;;;;;;;;;ER-CIND-SI-STA LUZIA-RR-SAO LUIZ;PRIORIDADE PLANO ANEEL;ESCAVAÇÃO;COMPLETO;rede cladestina;;1;;27/11/2025;27/11/2025;;;NÃO;;Ver no Mapa;;;;
1146806;;JUAZEIRO;;CASA NOVA;MIGRAR;;2;;;;8.4.1.2;100%;;;PEDRO LINO;ANDERSON;;-9.2764992;-41.0348078;;;;;;;;;;NT-RECOND-CSN-01C3-D166353-D166406;EQUIPAMENTO;EQUIPAMENTO;;;DIEGO ALMEIDA;1;;28/10/2025;29/10/2025;05/11 Á 05/11;SIM;NÃO;;Ver no Mapa;;;;
1186775;;JUAZEIRO;;SENTO SÉ;CONCLUIDA;;2;2;;;7.1.2.3;100%;;;JACSON;SANTIAGO;;-9.9179862;-42.0964309;;27/11/2025;;;;;;;;ER-CIND-RUA-DAS FLORES-RETIRO DE BAIXO;QLA;ENERGIZADA;COMPLETO;;SANDRO SANTOS;1;;18/11/2025;18/11/2025;;SIM;NÃO;;Ver no Mapa;26/11/2025;26/11/2025;SIM;
1149130;;JUAZEIRO;;CASA NOVA;MIGRAR;;1;;;;8.4.1.3;100%;;;PEDRO LINO;ANDERSON;;-9.3690855;-40.7984526;;;;;;;;;;IE-BANCO CAPACITOR-MND-01N4 📸;EQUIPAMENTO;EQUIPAMENTO;;;DIEGO ALMEIDA;1;;03/11/2025;03/11/2025;03/11 Á 03/11;SIM;NÃO;;Ver no Mapa;;;;
0763601;;JUAZEIRO;;CASA NOVA;EM EXECUÇÃO;;541;;;;14.7.2.3;20%;;;FERNANDO;PAULO JUNIOR;;-9.1112573;-41.3759639;;;;;;;;;;MP-CCOL-POV CANOINHA-RURAL;;IMPLANTAÇÃO;;OURO;DIEGO ALMEIDA;25;;;;;;NÃO;;Ver no Mapa;;;;
1146131;;JUAZEIRO;;CASA NOVA;AVANÇO;;394;;;;7.1.2.3;50%;;;FERNANDO;PAULO JUNIOR;;-9.335318;-41.8057884;;;;;;;;;;AC-REGFV-CCOL-POV DESTERRO-CAI ARA-III;;IMPLANTAÇÃO;;OURO;DIEGO ALMEIDA;141;;;;;;NÃO;;Ver no Mapa;;;;
1184428;;JUAZEIRO;;JUAZEIRO;CONCLUIDA;;14;14;;;7.1.2.3;100%;;;PAULO;SANTIAGO;;-9.1167108;-40.0359691;;31/10/2025;;;;;;;;ER-CIND-CJN-PROJETO CURACA-CURACA 1;;CONCLUÍDA;;CARLOS EDUARDO;MARLOS LOPES ;1;;28/10/2025;28/10/2025;;;NÃO;;Ver no Mapa;27/10/2025;31/10/2025;31/10/2025;
1141961;;JUAZEIRO;;UAUÁ;CONCLUIDA;;14;14;;;14.7.2;100%;;;DOMINGOS;RODRIGUES;;-10.0231278;-39.4902749;;31/10/2025;;;;;;;;MP-CIND-FAZ RIACHO DO SALGADO-RURAL 🚩;;CONCLUÍDA;;;CARLOS EDUARDO;1;;29/10/2025;31/10/2025;;;SIM;;Ver no Mapa;23/10/2025;31/10/2025;31/10/2025;
1227534;;JUAZEIRO;;CASA NOVA;CONCLUIDA;;0;;;;7.1.2.3;100%;;;FABIO;SANTIAGO;;-9.363677;-40.792213;;29/11/2025;;;;;;;;ER-CIND-ROD-BR 349 -RURAL;QLA NOVO ENTRANTE;ENERGIZADA;COMPLETO;NILO COELHO;MARLOS LOPES ;1;;24/11/2025;24/11/2025;;SIM;NÃO;;Ver no Mapa;28/11/2025;29/11/2505;SIM;
1199938;;JUAZEIRO;;CASA NOVA;CONCLUIDA;;2;2;;;7.1.2.3;100%;;;JACSON;SANTIAGO;;-9.3134985;-40.8283833;;29/11/2025;;;;;;;;ER-CIND-FAZ-RIACHINHO-MASSANGANO;PRIORIDADE PLANO ANEEL;ENERGIZADA;COMPLETO;;SANDRO SANTOS;;;28/11/2025;28/11/2025;;;NÃO;;Ver no Mapa;27/11/2025;29/11/2025;SIM;
1149130;;JUAZEIRO;;CASA NOVA;CONCLUIDA;;1;1;;;8.4.1.3;100%;;;PEDRO LINO;ANDERSON;;-9.3690855;-40.7984526;;04/11/2025;;;;;;;;IE-BANCO CAPACITOR-MND-01N4📸;EQUIPAMENTO;ENERGIZADA;COMPLETO;;DIEGO ALMEIDA;1;;03/11/2025;03/11/2025;;SIM;SIM;;Ver no Mapa;04/11/2025;04/11/2025;SIM;
0763601;;JUAZEIRO;;CASA NOVA;AVANÇO;;541;;;;14.7.3;30%;;;FERNANDO;PAULO JUNIOR;;-9.1112573;-41.3759639;;;;;;;;;;MP-CCOL-POV CANOINHA-RURAL;REPUTACIONAL;IMPLANTAÇÃO;PARCIAL;;DIEGO ALMEIDA;25;;;;;;NÃO;;Ver no Mapa;;;;
1177271;;JUAZEIRO;;CURAÇÁ;MIGRAR;;6;;;;7.1.1.3;100%;;;PEDRO LINO;ANDERSON;;-9.0731065;-39.9175208;;;;;;;;;;RR-GRUA-POV-CURACA EB 06 KM085-RURAL;EQUIPAMENTO;EQUIPAMENTO;;OURO;CARLOS EDUARDO;1;;08/10/2025;10/10/2025;22/10 Á 24/10;SIM;SIM;;Ver no Mapa;;;;
1196006;;JUAZEIRO;;CURAÇÁ;MIGRAR;;1;;;;7.1.2.3;100%;;;JUAREZ;EDIE JONNES;;-8.799146;-39.752865;;;;;;;;;;ER-CIND-POV-FERRETE-RURAL;QLP;NÃO INICIADA;;;CARLOS EDUARDO;1;;14/10/2025;14/10/2025;;SIM;NÃO;;Ver no Mapa;;;;
1207626;;JUAZEIRO;;CURAÇÁ;MIGRAR;;1;;;;0;100%;;;GISMARIO;EDIE JONNES;;-9.50239;-39.449466;;;;;;;;;;ER-CIND-POV-BRJEO SECO 440-PATAMUTE;QLP;NÃO INICIADA;;;CARLOS EDUARDO;1;;22/10/2025;22/10/2025;;SIM;NÃO;;Ver no Mapa;;;;
1206973;;JUAZEIRO;;CURAÇÁ;MIGRAR;;4;;;;7.1.2.3;100%;;;PEDRO LINO;ANDERSON;;-9.055737;-39.9652039;;;;;;;;;;RR-GRUA-FAZ-JURITI-RURAL-CURACA;EQUIPAMENTO;EQUIPAMENTO;;OURO;CARLOS EDUARDO;1;;23/10/2025;24/10/2025;;SIM;SIM;;Ver no Mapa;;;;
1198350;;JUAZEIRO;;CURAÇÁ;MIGRAR;;18;;;;14.4.12.1;100%;;;;SANTIAGO;;-8.6656868;-39.4263194;;;;;;;;;;ER-CCOL-RUA-04 AGROVILA-PEDRA BRANCA;;NÃO INICIADA;;;CARLOS EDUARDO;1;;;;;;NÃO;;Ver no Mapa;;;;
1172120;;JUAZEIRO;;CURAÇÁ;AVANÇO;;23;;;;7.1.2.3;100%;;;PAULO;SANTIAGO;;-9.4842407;-39.705201;;;;;;;;;;RR-CCOL-FAZ-SANTO ANTONIO-RURAL;;NÃO INICIADA;;;CARLOS EDUARDO;3;;;;;;NÃO;;Ver no Mapa;;;;
1156700;;JUAZEIRO;;CURAÇÁ;MIGRAR;;37;;;;7.1.2.3;100%;;;PAULO;SANTIAGO;;-9.4842407;-39.705201;;;;;;;;;;MP-CCOL-FAZ-SANTO ANTONIO-RURAL;REVISÃO DE ORÇAMEN;NÃO INICIADA;;;CARLOS EDUARDO;2;;;;;;NÃO;;Ver no Mapa;;;;
1161341;;JUAZEIRO;;CASA NOVA;AVANÇO;;35;;;;7.1.2.3;50%;;;FABIO;SANTIAGO;;-9.2813404;-40.7610571;;;;;;;;;;MP CIND POV RIACHO DO SOBRADO RURAL;PRIORIDADE PLANO ANEEL;ESCAVAÇÃO;COMPLETO;;DIEGO ALMEIDA;;;21/11/2025;12/12/2025;;;NÃO;;Ver no Mapa;;;;
1171596;;JUAZEIRO;;CURAÇÁ;CONCLUIDA;;12;12;;;;100%;;;FABIO;EDIE JONNES;;-9.0727654;-39.9699296;;11/09/2025;;;;;;;;ER-CIND-POV-BARRA GRANDE-RURAL;;CONCLUÍDA;;;CARLOS EDUARDO;1;;18/09/2025;23/09/2025;;SIM;SIM;;Ver no Mapa;28/08/2025;11/09/2025;11/09/2025;
1212597;;JUAZEIRO;;JUAZEIRO;CONCLUIDA;;11;12;;;7;100%;;;CARLOS EDUARDO;RODRIGUES;;-9.1131829;-40.1285536;;31/10/2025;;;;;;;;ER-CIND-POV-GUANHAES 8-RURAL;;CONCLUÍDA;;PAULO / CARLOS EDUARDO;MARLOS LOPES ;1;;22/10/2025;22/10/2025;;;NÃO;;Ver no Mapa;23/10/2025;31/10/2025;31/10/2025;
1146131;;JUAZEIRO;;CASA NOVA;CONCLUIDA;;394;248;;;7.1.2.3;100%;;;FERNANDO;PAULO JUNIOR;;-9.335318;-41.8057884;;20/12/2025;;;;;;;;AC-REGFV-CCOL-POV DESTERRO-CAI ARA-III;GOVERNO;CONCLUÍDA;COMPLETO;;DIEGO ALMEIDA;141;;;30/12/2025;;SIM;NÃO;;Ver no Mapa;05/08/2025;20/12/2025;SIM;
1221999;;JUAZEIRO;;SENTO SÉ;CONCLUIDA;;3;3;;;7.1.2.3;100%;;;JACSON;SANTIAGO;;-9.7632378;-41.9321487;;29/11/2025;;;;;;;;IT-GRUA-POV-ITAPERA 1888-RURAL;GRUPO A;ENERGIZADA;COMPLETO;IMPLANTAR 3 POSTE;SANDRO SANTOS;1;;20/11/2025;20/11/2025;;SIM;NÃO;;Ver no Mapa;26/11/2025;29/11/2025;SIM;
1211209;;JUAZEIRO;;JUAZEIRO;CONCLUIDA;;11;11;;;7.1.2.3;100%;;;PAULO;RODRIGUES;;-9.5594681;-40.530802;;24/10/2025;;;;;;;;RR-CIND-POV-BX UMBUZEIRO-RURAL;;CONCLUÍDA;;PAULO / CARLOS EDUARDO;VICTOR BARROS;1;22/10/2025;22/10/2025;22/10/2025;;SIM;NÃO;;Ver no Mapa;21/10/2025;24/10/2025;25/10/2025;
1174777;;JUAZEIRO;;JUAZEIRO;CONCLUIDA;;10;10;;;7.1.2.3;100%;;;JUAREZ;EDIE JONNES;;-9.5376924;-40.3745686;;29/10/2025;;;;;;;;ER-CIND-SI-RENASCER I-LAJES;;CONCLUÍDA;;;VICTOR BARROS;1;24/10/2025;29/10/2025;29/10/2025;29/10/2025;;NÃO;;Ver no Mapa;27/10/2025;29/10/2025;30/10/2025;
1198741;;JUAZEIRO;;REMANSO;CONCLUIDA;;10;10;;;7.1.1.3;100%;;;MANUTENÇÃO;ANDERSON;;-9.6063923;-42.0927632;;16/09/2025;;;;;;;;UB-CIND-RCL-RUA-RUA DILSON VIEIRA-VILA;;CONCLUÍDA;;;MARLOS LOPES ;11;;;;;NÃO;NÃO;;Ver no Mapa;14/09/2025;16/09/2025;17/09/2025;
1177187;;JUAZEIRO;;CASA NOVA;AVANÇO;;40;;;;7.1.2.3;100%;;;FABIO;EDIE JONNES;;-9.278338;-40.716318;;;;;;;;;;RR-CIND-POV-SANTANA SOBRADO-RURAL;QLP;NÃO INICIADA;COMPLETO;;DIEGO ALMEIDA;4;;15/12/2025;30/12/2025;;;NÃO;;Ver no Mapa;;;;
1221851;;JUAZEIRO;;JUAZEIRO;CONCLUIDA;;11;9;;;7.1.2.3;100%;;;PAULO;SANTIAGO;;-9.4558323;-40.4694898;;13/09/2025;;;;;;;;ER-CIND-SI-S O JOSE-RURAL;;LIGAÇÃO DE CLIENTES;;;VICTOR BARROS;;11/09/2025;25/08/2025;11/09/2025;;SIM;;;Ver no Mapa;11/09/2025;13/09/2025;15/09/2025;EVIDÊNCIAS DE CAVAS ESTA NO PROJETO 1190607
1170033;;JUAZEIRO;;UAUÁ;CONCLUIDA;;10;9;;;14.7.3;100%;;;JUAREZ;EDIE JONNES;;-10.0160719;-39.488488;;26/09/2025;;;;;;;;ER-CIND-RUA-S O PAULO-CENTRO-LA DO PIRES;;CONCLUÍDA;;;CARLOS EDUARDO;1;;15/09/2025;18/09/2025;;SIM;NÃO;;Ver no Mapa;24/09/2025;26/09/2025;30/09/2025;
1171363;;JUAZEIRO;;SENTO SÉ;CONCLUIDA;;3;3;;;0;100%;;;FABIO;SANTIAGO;;-9.7891719;-41.9595363;;27/11/2025;;;;;;;;ER-CIND-SI-S O GERALDO-RURAL;QLA;ENERGIZADA;COMPLETO;30/11/2025;SANDRO SANTOS;1;;14/11/2025;17/11/2025;;SIM;NÃO;;Ver no Mapa;21/11/2025;26/11/2025;SIM;
1197173;;JUAZEIRO;;JUAZEIRO;CONCLUIDA;;8;8;;;8.6.2003;100%;;;MANUTENÇÃO;ANDERSON;;-9.425685;-40.5172658;;10/09/2025;;;;;;;;IS-COEL-AV-MARIA DA G DE JESUS-J VITOR;;ENERGIZADA;;;VICTOR BARROS;0;;;;05/09/2025 / 11/09/2025;SIM;SIM;;Ver no Mapa;15/07/2025;10/09/2025;10/09/2025;
1146090;;JUAZEIRO;;CASA NOVA;AVANÇO;;8;;;;7.1.2.3;30%;;;;PAULO JUNIOR;;-8.9257103;-41.4200356;;;;;;;;;;ME REFO ADF MP CIND POV XIQUE XIQUE RR;REPUTACIONAL;VISITA PRÉVIA;A SOLICITAR;;;0;;;;;;NÃO;;Ver no Mapa;;;;
1175881;;JUAZEIRO;;JUAZEIRO;CONCLUIDA;;7;7;;;14.4.12.1;100%;;;JUAREZ;EDIE JONNES;;-9.3979818;-40.4010788;;23/10/2025;;;;;;;;ER-CIND-POV PROJETO MANDACARU-RURAL;;CONCLUÍDA;;JUAREZ/ GISMARIO;MARLOS LOPES ;1;23/10/2025;23/10/2025;23/10/2025;;;NÃO;;Ver no Mapa;23/10/2025;23/10/2025;24/10/2025;
1142581;;JUAZEIRO;;JUAZEIRO;CONCLUIDA;;5;7;;;8.3.2.3;100%;;;PEDRO LINO;ANDERSON;;-9.4324305;-40.5217568;;10/09/2025;;;;;;;;RC-CIND-AV-08 150-QUIDE;;CONCLUÍDA;;OURO;VICTOR BARROS;1;;04/09/2025;05/09/2025;10/09/2025;;NÃO;;Ver no Mapa;04/09/2025;10/09/2025;11/09/2025;
0763601;;JUAZEIRO;;CASA NOVA;EM EXECUÇÃO;;541;;;;14.7.3;50%;;;FERNANDO;PAULO JUNIOR;;-9.1112573;-41.3759639;;;;;;;;;;MP-CCOL-POV CANOINHA-RURAL;REPUTACIONAL;NÃO INICIADA;PARCIAL;;DIEGO ALMEIDA;25;;;;;SIM;NÃO;;Ver no Mapa;;;;
1146131;;JUAZEIRO;;CASA NOVA;AVANÇO;;394;;;;7.1.2.3;75%;;;FERNANDO;PAULO JUNIOR;;-9.335318;-41.8057884;;;;;;;;;;AC-REGFV-CCOL-POV DESTERRO-CAI ARA-III;GOVERNO;IMPLANTAÇÃO;PARCIAL;;DIEGO ALMEIDA;141;;;;;;NÃO;;Ver no Mapa;;;;
1188190;;JUAZEIRO;;JUAZEIRO;CONCLUIDA;;6;6;;;7.1.2.3;100%;;;JUAREZ;EDIE JONNES;;-9.5034191;-40.5139496;;;;;;;;;;ER-CIND-ET-SERRA DA BATATEIRA-JOAO PAUL;;CONCLUÍDA;;DUAS EQUIPE JUAREZ / GISMARIO;VICTOR BARROS;1;20/10/2025;20/10/2025;20/10/2025;;NÃO;NÃO;;Ver no Mapa;20/10/2025;;;
1042855;;JUAZEIRO;;CASA NOVA;AVANÇO;;44;;;;7.1.2.3;80%;;;;PAULO JUNIOR;;-9.070033;-41.454250;;;;;;;;;;AC CIND-POV-BAIXAO DOS CABLOCOS RURAL;PRIORIDADE PLANO ANEEL;ESCAVAÇÃO;COMPLETO;DIVERGÊNCIA DE POSTE ;DIEGO ALMEIDA;3;;;;;;NÃO;;Ver no Mapa;;;;
1116690;;JUAZEIRO;;CASA NOVA;CONCLUIDA;;1;0;;;7.1.2.3;;;;PAULO ORCA LV;ANDERSON;;-9.3723572;-40.7748641;;18/11/2025;;;;;;;;EQ-GRUA-FAZ-NILO COELHO-RURAL -COMPL;MELHORIA;ENERGIZADA;COMPLETO;LV DA ORCA;SANDRO SANTOS;;;26/11/2025;27/11/2025;;;;;Ver no Mapa;18/11/2025;18/11/2025;SIM;
1198350;;JUAZEIRO;;CURAÇÁ;CONCLUIDA;;18;19;;;7.1.2.3;100%;;;CARLOS EDUARDO;EDIE JONNES;;-8.6656868;-39.4263194;;14/11/2025;;;;;;;;ER-CCOL-RUA-04 AGROVILA-PEDRA BRANCA;;ENERGIZADA;COMPLETO;;CARLOS EDUARDO;;;15/08/2025;31/10/2025;;;;;Ver no Mapa;05/11/2025;14/11/2025;SIM;
1172120;;JUAZEIRO;;CURAÇÁ;CONCLUIDA;;23;25;;;7.1.2.3;100%;;;PAULO;RODRIGUES;;-9.4842407;-39.705201;;29/11/2025;;;;;;;;RR-CCOL-FAZ-SANTO ANTONIO-RURAL;;ENERGIZADA;COMPLETO;;CARLOS EDUARDO;3;;03/11/2025;03/11/2025;;SIM;SIM;;Ver no Mapa;11/11/2025;29/11/2025;SIM;
1032275;;JUAZEIRO;;JUAZEIRO;CONCLUIDA;;6;6;;;14.4.12.1;100%;;;GISMARIO;EDIE JONNES;;-9.0742368;-40.2047431;;31/10/2025;;;;;;;;ER-CIND-POV-PONTAL-RURAL;JUDICIAL;CONCLUÍDA;;OURO;VICTOR BARROS;1;;16/10/2025;31/10/2025;;SIM;SIM;;Ver no Mapa;31/10/2025;31/10/2025;31/10/2025;
1177271;;JUAZEIRO;;CURAÇÁ;CONCLUIDA;;6;6;;;7.1.1.3;100%;;;PEDRO LINO;ANDERSON;;-9.0731065;-39.9175208;;05/12/2025;;;;;;;;RR-GRUA-POV-CURACA EB 06 KM085-RURAL;EQUIPAMENTO;CONCLUÍDA;COMPLETO;EQUIPAMENTO;CARLOS EDUARDO;1;;;08/12/2025;;SIM;SIM;;Ver no Mapa;18/10/2025;05/12/2025;SIM;
1156700;;JUAZEIRO;;CURAÇÁ;CONCLUIDA;;37;38;;;7.1.2.3;100%;;;PAULO;RODRIGUES;;-9.4842407;-39.705201;;29/11/2025;;;;;;;;MP-CCOL-FAZ-SANTO ANTONIO-RURAL;;ENERGIZADA;COMPLETO;;CARLOS EDUARDO;2;;03/11/2025;29/11/2025;;SIM;SIM;;Ver no Mapa;07/11/2025;29/11/2025;SIM;
1177271;;JUAZEIRO;;CURAÇÁ;MIGRAR;;6;6;;;7.1.1.3;100%;;;PEDRO LINO;ANDERSON;;-9.0731065;-39.9175208;;;;;;;;;;RR-GRUA-POV-CURACA EB 06 KM085-RURAL;EQUIPAMENTO;EQUIPAMENTO;COMPLETO;OURO;CARLOS EDUARDO;1;;08/10/2025;;;SIM;SIM;;Ver no Mapa;;;;
1206973;;JUAZEIRO;;CURAÇÁ;MIGRAR;;4;1;;;7.1.2.3;100%;;;PEDRO LINO;ANDERSON;;-9.055737;-39.9652039;;;;;;;;;;RR-GRUA-FAZ-JURITI-RURAL-CURACA;EQUIPAMENTO;EQUIPAMENTO;COMPLETO;OURO;CARLOS EDUARDO;1;;23/10/2025;;;SIM;SIM;;Ver no Mapa;;;;
1195955;;JUAZEIRO;;UAUÁ;CONCLUIDA;;6;6;;;7.1.2.4;100%;;;JUAREZ;EDIE JONNES;;-9.8345324;-39.4149138;;17/10/2025;;;;;;;;ER-CIND-POV-MARIA PRETA 200-MARIA PRETA;;CONCLUÍDA;;3 EQUIPES;CARLOS EDUARDO;2;;11/10/2025;17/10/2025;17/10/2025;SIM;SIM;;Ver no Mapa;12/09/2025;17/10/2025;20/10/2025;
1225553;;JUAZEIRO;;CURAÇÁ;CONCLUIDA;;4;3;;;7.1.2.3;100%;;;DOMINGOS;RODRIGUES;;-9.517583;-39.4681431;;14/11/2025;;;;;;;;ER-CIND-FAZ MATIAIS DA ROCHA-SAO MATEUS;PRIORIDADE PLANO ANEEL;ENERGIZADA;COMPLETO;;CARLOS EDUARDO;1;;12/11/2025;13/11/2025;;SIM;NÃO;;Ver no Mapa;13/11/2025;13/11/2025;SIM;
1190871;;JUAZEIRO;;CURAÇÁ;CONCLUIDA;;1;1;;;8.2.2.2;100%;;;PEDRO LINO;ANDERSON;;-8.6731137;-39.4382469;;;;;;;;;;IE-RELIGADOR-PDB-01P3-T18756;EQUIPAMENTO;ENERGIZADA;COMPLETO;;CARLOS EDUARDO;1;;18/11/2025;19/11/2025;;SIM;NÃO;;Ver no Mapa;;;;
1144762;;JUAZEIRO;;UAUÁ;CONCLUIDA;;6;6;;;1.2.2.2.3;100%;;;MANUTENÇÃO;ANDERSON;;-9.8468026;-39.4664253;;30/10/2025;;;;;;;;PT UAU 34 5 13 8KV;EQUIPAMENTO;CONCLUÍDA;;OURO;CARLOS EDUARDO;1;;13/10/2025;15/10/2025;;SIM;NÃO;;Ver no Mapa;23/10/2025;30/10/2025;31/10/2025;
1128925;;JUAZEIRO;;CASA NOVA;CONCLUIDA;;6;6;;;14.7.3;100%;;;IVONALDO;SANTIAGO;;-9.3139292;-41.0714687;;30/09/2025;;;;;;;;LD-CIND-POV BAIXAO-RURAL-CSN;;CONCLUÍDA;;2 EQUIPES ADC;SANDRO SANTOS;;15/09/2025;;;;NÃO;SIM;;Ver no Mapa;15/09/2025;27/09/2025;30/09/2025;
1199956;;JUAZEIRO;;CURAÇÁ;CONCLUIDA;;6;6;;;7.1.2.3;100%;;;FABIO;EDIE JONNES;;-8.9702533;-39.823905;;12/09/2025;;;;;;;;ER-CIND-FAZ-MACAMBIRA-RURAL;;LIGAÇÃO DE CLIENTES;;;CARLOS EDUARDO;1;;15/09/2025;16/09/2025;;;;;Ver no Mapa;13/09/2025;12/09/2025;15/09/2025;
1160650;;JUAZEIRO;;JUAZEIRO;AVANÇO;;37;;;;7.1.2.3;50%;;;;SANTIAGO;;-9.862428;-40.4118214;;;;;;;;;;LD-CIND-FAZ FORTALEZA-RURAL;;NÃO INICIADA;;;VICTOR BARROS;2;;;;;;NÃO;;Ver no Mapa;;;;
1162074;;JUAZEIRO;;JUAZEIRO;AVANÇO;;45;;;;7.1.2.3;10%;;;;SANTIAGO;;-9.4570754;-40.3571651;;;;;;;;;;AC-CIND-FAZ-MASSAYO-RURAL;;NÃO INICIADA;;;VICTOR BARROS;1;;;;;;NÃO;;Ver no Mapa;;;;
1159894;;JUAZEIRO;;JUAZEIRO;EM EXECUÇÃO;;66;;;;7.1.1.3;70%;;;IVONALDO;SANTIAGO;;-9.4665442;-40.4999899;;;;;;;;;;UB-CIND-RUA-JUAZEIRO-2;;LANÇAMENTO;;OURO;VICTOR BARROS;1;;;28/11/2025;;SIM;SIM;;Ver no Mapa;19/08/2025;;;
1202786;;JUAZEIRO;;JUAZEIRO;MIGRAR;;13;;;;7.1.2.3;100%;;;PAULO;SANTIAGO;;-9.370671;-40.277251;;;;;;;;;;ER-CIND-POV-MULUNGU-RURAL;;IMPLANTAÇÃO;;PAULO / CARLOS EDUARDO;MARLOS LOPES ;1;;23/10/2025;24/10/2025;;;NÃO;;Ver no Mapa;;;;
1153460;;JUAZEIRO;;JUAZEIRO;MIGRAR;;26;;;;7.1.2.3;100%;;;PAULO;SANTIAGO;;-9.5992005;-40.3925912;;;;;;;;;;MP-CIND-RUA-DOS VERMELHOS-RURAL;;IMPLANTAÇÃO;;PAULO / CARLOS EDUARDO;VICTOR BARROS;3;;29/10/2025;13/11/2025;;NÃO;;;Ver no Mapa;;;;
1113834;;JUAZEIRO;;PILÃO ARCADO;MIGRAR;;416;;;;7.1.2.3;100%;;;AILTON;PAULO JUNIOR;;-9.9331343;-42.9012232;;;;;;;;;;AC-CIND ESCOLA MUN.DE BREJINHO-RURAL;;LANÇAMENTO;;;MARLOS LOPES ;65;17/09/2025;;30/10/2025;;SIM;NÃO;;Ver no Mapa;;;;
1132085;;JUAZEIRO;;PILÃO ARCADO;AVANÇO;;26;;;;14.4.12.1;100%;;;;SANTIAGO;;-10.5568842;-42.6234047;;;;;;;;;;ER-SEIN-RUA-DAS FLORES-XIQUE-XIQUE;;VISITA PRÉVIA;;OURO;MARLOS LOPES ;11;;;;;;SIM;;Ver no Mapa;;;;
1217996;;JUAZEIRO;;JUAZEIRO;CONCLUIDA;;6;6;;;7.1.1.3;100%;;;PEDRO LINO;ANDERSON;;-9.441304;-40.5175529;;13/09/2025;;;;;;;;IT-CIND-RUA-CINCO-CENTRO;;LIGAÇÃO DE CLIENTES;;OURO;VICTOR BARROS;0;12/09/2025;11/09/2025;12/09/2025;;SIM;;;Ver no Mapa;11/09/2025;13/09/2025;15/09/2025;
1173776;;JUAZEIRO;;JUAZEIRO;CONCLUIDA;;6;5;;;8.6.3;100%;;;GISMARIO;EDIE JONNES;;-9.4328027;-39.7841685;;10/09/2025;;;;;;;;RR-GRUA-FAZ-VERMELHO-RURAL;;ENERGIZADA;;PRIORIDADE;CARLOS EDUARDO;;;12/08/2025;27/09/2025;27/09/2025;SIM;SIM;;Ver no Mapa;;;11/09/2025;
1146087;;JUAZEIRO;;REMANSO;CONCLUIDA;;172;;;;14.4.12.1;60%;;;JORGE;JORGE;;-9.4735036;-42.2501527;;31/10/2025;;;;;;;;MP-CCOL-FAZ.NOVA TAPUA-RURAL;;CONCLUÍDA;;;MARLOS LOPES ;12;;;;;;NÃO;;Ver no Mapa;07/08/2025;31/10/2025;31/10/2025;
1212241;;JUAZEIRO;;JUAZEIRO;CONCLUIDA;;5;5;;;7.1.2.3;100%;;;JUAREZ;EDIE JONNES;;-9.2339443;-40.1204066;;07/10/2025;;;;;;;;ER-CIND-POV-CACIMBA DO SILVA-CACIMBA;;CONCLUÍDA;;DUAS EQUIPE JUAREZ / GISMARIO;MARLOS LOPES ;2;;07/10/2025;07/10/2025;;SIM;NÃO;;Ver no Mapa;07/10/2025;07/10/2025;08/10/2025;
1196006;;JUAZEIRO;;CURAÇÁ;CONCLUIDA;;1;1;;;7.1.2.3;100%;;;DOMINGOS;RODRIGUES;;-8.799146;-39.752865;;12/11/2025;;;;;;;;ER-CIND-POV-FERRETE-RURAL;QLP;ENERGIZADA;COMPLETO;;CARLOS EDUARDO;1;;14/11/2025;14/11/2025;;SIM;SIM;;Ver no Mapa;12/11/2025;12/11/2025;SIM;
1207626;;JUAZEIRO;;CURAÇÁ;CONCLUIDA;;1;1;;;7.1.2.3;100%;;;DOMINGOS;RODRIGUES;;-9.50239;-39.449466;;14/11/2025;;;;;;;;ER-CIND-POV-BRJEO SECO 440-PATAMUTE;QLP;ENERGIZADA;COMPLETO;;CARLOS EDUARDO;1;;12/11/2025;12/11/2025;;SIM;SIM;;Ver no Mapa;13/11/2025;13/11/2025;SIM;
1206973;;JUAZEIRO;;CURAÇÁ;CONCLUIDA;;4;1;;;7.1.2.3;100%;;;PEDRO LINO;ANDERSON;;-9.055737;-39.9652039;;09/12/2025;;;;;;;;RR-GRUA-FAZ-JURITI-RURAL-CURACA;EQUIPAMENTO;CONCLUÍDA;COMPLETO;EQUIPAMENTO;CARLOS EDUARDO;1;;;08/12/2025;;SIM;SIM;;Ver no Mapa;20/10/2025;09/12/2025;SIM;
1175575;;JUAZEIRO;;SOBRADINHO;CONCLUIDA;;5;5;;;7.1.2.3;100%;;;GISMARIO;EDIE JONNES;;-9.5095062;-40.7745147;;;;;;;;;;AC-CIND-POV-LAGOA GRANDE-RURAL;;CONCLUÍDA;;;SANDRO SANTOS;1;16/10/2025;13/10/2025;16/10/2025;;NÃO;SIM;;Ver no Mapa;;;;
1153460;;JUAZEIRO;;JUAZEIRO;CONCLUIDA;;26;26;;;7.1.2.3;100%;;;PAULO;RODRIGUES;;-9.5992005;-40.3925912;;03/11/2025;;;;;;;;MP-CIND-RUA-DOS VERMELHOS-RURAL;;ENERGIZADA;COMPLETO;PAULO / CARLOS EDUARDO;VICTOR BARROS;3;;29/10/2025;07/11/2025;;SIM;SIM;;Ver no Mapa;27/10/2025;03/11/2025;SIM;
1202786;;JUAZEIRO;;JUAZEIRO;CONCLUIDA;;13;13;;;7.1.2.3;100%;;;PAULO;RODRIGUES;;-9.370671;-40.277251;;03/11/2025;;;;;;;;ER-CIND-POV-MULUNGU-RURAL;QLP;ENERGIZADA;COMPLETO;PAULO / CARLOS EDUARDO;MARLOS LOPES ;1;;23/10/2025;24/10/2025;;SIM;SIM;;Ver no Mapa;23/10/2025;03/11/2025;SIM;
1195081;;JUAZEIRO;;REMANSO;MIGRAR;;2;;;;7.1.2.3;100%;;;PEDRO LINO;ANDERSON;;-9.6019523;-42.0840707;;;;;;;;;;EQ COEL ROD BR 324 RURAL;EQUIPAMENTO;EQUIPAMENTO;;;MARLOS LOPES ;1;;06/10/2025;07/10/2025;31/10 Á 01/10;SIM;NÃO;;Ver no Mapa;;;;
1228694;;JUAZEIRO;;REMANSO;MIGRAR;;;;;;;100%;;;MANUTENÇÃO;ANDERSON;;;;;;;;;;;;;REDE PEDAGOGICA REMANSO (COELBA);;NÃO INICIADA;;;;;;15/10/2025;22/10/2025;;NÃO;NÃO;;;;;;
1173964;;JUAZEIRO;;REMANSO;AVANÇO;;227;;;;14.4.12.1;60%;;;JORGE;JORGE;;-9.419018;-41.92037;;;;;;;;;;RR-CIND-POV-SALINA GRANDE-RURAL;JUDICIAL;LANÇAMENTO;;OURO;MARLOS LOPES ;36;;;;;;NÃO;;Ver no Mapa;;;;
1058100;;JUAZEIRO;;REMANSO;EM EXECUÇÃO;;380;;;;7.1.2.3;90%;;;RUBEM;RUBEM;;-9.392305;-42.1929795;;;;;;;;;;AC-CIND-POV-PONTA DA SERRA-RURAL;;LANÇAMENTO;;;MARLOS LOPES ;59;;;;;;;;Ver no Mapa;;;;
1221327;;JUAZEIRO;;JUAZEIRO;CONCLUIDA;;5;5;;;7.1.2.3;100%;;;JUAREZ;EDIE JONNES;;-9.7466774;-40.4149067;;08/11/2025;;;;;;;;ER-CIND-SI QUIXABEIRA-JUREMAL🚩;JUDICIAL;ENERGIZADA;COMPLETO;;VICTOR BARROS;1;;14/11/2025;17/11/2025;;NÃO;NÃO;;Ver no Mapa;07/10/2025;08/11/2025;SIM;
1211795;;JUAZEIRO;;JUAZEIRO;CONCLUIDA;;5;5;;;LPT;100%;;;IVONALDO;SANTIAGO;;-9.2859987;-39.9964594;;16/09/2025;;;;;;;;ER-CIND-POV-DE MARI 17-MARI;;ENERGIZADA;;;VICTOR BARROS;1;;08/09/2025;09/09/2025;;NÃO;NÃO;;Ver no Mapa;16/09/2025;16/09/2025;17/09/2025;
1201831;;JUAZEIRO;;JUAZEIRO;CONCLUIDA;;3;3;;;7.1.1.3;100%;;;JUAREZ;EDIE JONNES;;-9.422268;-40.5278411;;27/11/2025;;;;;;;;AC-CIND-AV-SEBASTIAO ALMEIDA B-PEDRA D L;PRIORIDADE PLANO ANEEL;ENERGIZADA;COMPLETO;;VICTOR BARROS;1;;17/11/2025;18/11/2025;26/11/2025;SIM;NÃO;;Ver no Mapa;17/11/2025;27/11/2025;SIM;
1161869;;JUAZEIRO;;JUAZEIRO;MIGRAR;;4;;;;7.1.2.3;100%;;;JUAREZ;EDIE JONNES;;-9.4692888;-40.4739534;;;;;;;;;;ER-CIND-FAZ-MASSAYO -RURAL📸;REPUTACIONAL;ESCAVAÇÃO;COMPLETO;;VICTOR BARROS;0;;26/11/2025;28/11/2025;;SIM;NÃO;;Ver no Mapa;;;;
1162074;;JUAZEIRO;;JUAZEIRO;AVANÇO;;46;;;;7.1.2.3;25%;;;CARLOS EDUARDO;EDIE JONNES;;-9.4570754;-40.3571651;;;;;;;;;;AC-CIND-FAZ-MASSAYO-RURAL;;NÃO INICIADA;SO CONCRETO;SOLICITAR POSTE ;VICTOR BARROS;1;;;;;SIM;NÃO;;Ver no Mapa;;;;
1101655;;JUAZEIRO;;JUAZEIRO;AVANÇO;;75;;;;7.1.6.3 ;30%;;;DOMINGOS;RODRIGUES;;;;;;;;;;;;;AL - GRUA - ENT. JUNCO SALITRE - RURAL;;NÃO INICIADA;A SOLICITAR;PROJETO VAI PARA REVISÃO;;0;;24/11/2025;31/01/2026;;;;;Ver no Mapa;;;;
1204826;;JUAZEIRO;;JUAZEIRO;CONCLUIDA;;1;1;;;7.1.1.3;100%;;;JUAREZ;EDIE JONNES;;-9.4510479;-40.4962497;;25/11/2025;;;;;;;;UB-CCOL-CJN-QD QI-M-TANCREDO NEVES 🕯️;PRIORIDADE PLANO ANEEL;ENERGIZADA;COMPLETO;;VICTOR BARROS;0;;20/11/2025;21/11/2025;;SIM;NÃO;;Ver no Mapa;25/11/2025;25/11/2025;SIM;
1225153;;JUAZEIRO;;JUAZEIRO;CONCLUIDA;;1;1;;;8.3.2.3;100%;;;JUAREZ;EDIE JONNES;;-9.432285;-40.4977978;;04/11/2025;;;;;;;;RC-PREF-AV-JOAO DURVAL-JOAO XXIII 🚩;;ENERGIZADA;COMPLETO;;VICTOR BARROS;1;;03/11/2025;03/11/2025;;NÃO;NÃO;;Ver no Mapa;04/11/2025;04/11/2025;SIM;
1225908;;JUAZEIRO;;JUAZEIRO;CONCLUIDA;;1;;;;7.1.2.3;100%;;;JUAREZ;EDIE JONNES;;-9.4881409;-40.4917585;;10/11/2025;;;;;;;;ER-CIND-ET-BATATEIRA-RURAL 🕯️;QLP;ENERGIZADA;COMPLETO;;VICTOR BARROS;1;10/11/2025;10/11/2025;10/11/2025;;NÃO;NÃO;;Ver no Mapa;10/11/2025;10/11/2025;SIM;
1206271;;JUAZEIRO;;CURAÇÁ;CONCLUIDA;;4;4;;;7.1.1.3;100%;;;FABIO;EDIE JONNES;;-8.9974759;-39.9028056;;12/09/2025;;;;;;;;UB-CIND-AV-ACM 425-CURACA 1;;LIGAÇÃO DE CLIENTES;;;CARLOS EDUARDO;1;;12/09/2025;12/09/2025;;;NÃO;;Ver no Mapa;;12/092025;15/09/2025;
1184453;;JUAZEIRO;;JUAZEIRO;CONCLUIDA;;4;4;;;7.1.2.3;100%;;;MANUTENÇÃO;ANDERSON;;-9.5304595;-39.9539396;;16/09/2025;;;;;;;;ER-CIND-POV-PINHOES-PINHOES;;CONCLUÍDA;;INICIAR ESCAVAÇÃO 09/09;VICTOR BARROS;1;;20/09/2025;20/09/2025;;SIM;NÃO;;Ver no Mapa;15/09/2025;16/09/2025;17/09/2025;
1194738;;JUAZEIRO;;UAUÁ;CONCLUIDA;;4;4;;;7.1.2.3;100%;;;JUAREZ;EDIE JONNES;;-9.7860976;-39.6467436;;23/09/2025;;;;;;;;ER-CIND-POV-CALDEIRAO DO LALAU-CALDEIRAO;;CONCLUÍDA;;;CARLOS EDUARDO;1;23/09/2025;23/09/2025;23/09/2025;;NÃO;;;Ver no Mapa;23/09/2025;23/09/2025;24/09/2025;
1209583;;JUAZEIRO;;SENTO SÉ;CONCLUIDA;;2;2;;;14.7.3;100%;;;FABIO;SANTIAGO;;-9.7523435;-41.9239541;;18/11/2025;;;;;;;;ER-CIND-POV-ITAPERA-RURAL SENTO SE;LPT;ENERGIZADA;COMPLETO;PLANO 7;SANDRO SANTOS;1;;11/11/2025;11/11/2025;18/11/2025;SIM;NÃO;;Ver no Mapa;17/11/2025;18/11/2025;SIM;
1225040;;JUAZEIRO;;JUAZEIRO;CONCLUIDA;;1;1;;;8.3.2.3;100%;;;IVONALDO;RODRIGUES;;-9.420931;-40.505917;;06/11/2025;;;;;;;;RC-PREF-TRV-DA MARAVILHA-ALAGADICO🚩 ;;ENERGIZADA;COMPLETO;;VICTOR BARROS;1;;06/11/2025;06/11/2025;;NÃO;NÃO;;Ver no Mapa;06/11/2025;06/11/2025;SIM;
1163416;;JUAZEIRO;;JUAZEIRO;CONCLUIDA;;4;;;;LPT;100%;;;PEDRO LINO;ANDERSON;;-9.6748125;-40.6029115;;26/09/2025;;;;;;;;ER CIND POV JUNCO SALITRE RURAL;;ENERGIZADA;;OURO;SANDRO SANTOS;1;;24/09/2025;25/09/2025;;SIM;NÃO;;Ver no Mapa;25/06/2025;26/09/2025;26/09/2025;
1176249;;JUAZEIRO;;SOBRADINHO;CONCLUIDA;;4;;;;7.1.2.3;100%;;;PEDRO LINO;ANDERSON;;-9.524956;-40.8539064;;;;;;;;;;ER-CIND-POV-TATAUI-RURAL-SOBRADINHO;;CONCLUÍDA;;;DIEGO ALMEIDA;1;22/09/2025;22/09/2025;22/09/2025;;SIM;NÃO;;Ver no Mapa;;;;
1159828;;JUAZEIRO;;CURAÇÁ;CONCLUIDA;;3;3;;;14.7.3;100%;;;JUAREZ;EDIE JONNES;;-8.7202699;-39.6777811;;27/10/2025;;;;;;;;ER-CIND-FAZ-ANGICO-ARVORE;RECLAMAÇÃO;CONCLUÍDA;;;CARLOS EDUARDO;1;;13/10/2025;14/10/2025;;SIM;NÃO;;Ver no Mapa;20/10/2025;27/10/2025;28/10/2025;
1209668;;JUAZEIRO;;JUAZEIRO;CONCLUIDA;;3;3;;;7.1.1.3;100%;;;GISMARIO;EDIE JONNES;;-9.458881;-40.5430434;;08/10/2025;;;;;;;;UB-CIND-RUA-F ROD BA 210-NOVO JUAZEIRO;;CONCLUÍDA;;;MARLOS LOPES ;1;08/10/2025;07/10/2025;08/10/2025;;NÃO;NÃO;;Ver no Mapa;08/10/2025;08/10/2025;09/10/2025;
1173577;;JUAZEIRO;;JUAZEIRO;CONCLUIDA;;3;3;;;7.1.2.3;100%;;;GISMARIO;EDIE JONNES;;-9.5957529;-40.6042778;;08/10/2025;;;;;;;;ER-CIND-POV-LAGOA SALITRE-RURAL;;CONCLUÍDA;;;MARLOS LOPES ;1;;09/10/2025;09/10/2025;;NÃO;NÃO;;Ver no Mapa;07/10/2025;08/10/2025;13/10/2025;
1165158;;JUAZEIRO;;UAUÁ;CONCLUIDA;;3;3;;;1.2.1.1.3;100%;;;PEDRO LINO;ANDERSON;;-9.9754872;-39.4990407;;31/10/2025;;;;;;;;IE-RUA-DO CONSELHEIRO-RURAL;EQUIPAMENTO;CONCLUÍDA;;;CARLOS EDUARDO;1;;16/10/2025;17/10/2025;;SIM;NÃO;;Ver no Mapa;27/10/2025;31/10/2025;31/10/2025;
1187240;;JUAZEIRO;;CASA NOVA;CONCLUIDA;;3;3;;;14.7.2.3;100%;;;MANUTENÇÃO;PAULO JUNIOR;;-9.629342;-41.832579;;19/09/2025;;;;;;;;ER-CINDQD Z 10-BEM BOM;;CONCLUÍDA;;OURO;DIEGO ALMEIDA;1;;12/09/2025;12/09/2025;;SIM;;;Ver no Mapa;17/09/2025;19/09/2025;19/09/2025;
1231775;;JUAZEIRO;;JUAZEIRO;CONCLUIDA;;1;1;;;7.1.2.3;100%;;;JUAREZ;EDIE JONNES;;-9.419390375;-40.4991534;;21/11/2025;;;;;;;;UB-PREF-RUA-DO JAPAO-COREIA;URGÊNCIA;ENERGIZADA;COMPLETO;;VICTOR BARROS;1;;21/11/2025;21/11/2025;;SIM;NÃO;;Ver no Mapa;21/11/2025;21/11/2025;SIM;
1162058;;JUAZEIRO;;JUAZEIRO;AVANÇO;;37;;;;7.1.2.3;75%;;;DOMINGOS;RODRIGUES;;-9.4555291;-40.3651228;;;;;;;;;;ER-CIND-FAZ-MASSAYO-RURAL;;NÃO INICIADA;COMPLETO;SOLICITAR POSTE;VICTOR BARROS;1;;24/11/2025;26/12/2025;;;NÃO;;Ver no Mapa;;;;
1199744;;JUAZEIRO;;JUAZEIRO;CONCLUIDA;;0;0;;;7.1.2.3;100%;;;JUAREZ;EDIE JONNES;;-9.5930566;-39.9018315;;11/11/2025;;;;;;;;ER-CIND-POV-PINHOES-PINHOES ;RECLAMAÇÃO;ENERGIZADA;COMPLETO;;VICTOR BARROS;1;;08/11/2025;15/11/2025;;NÃO;NÃO;;Ver no Mapa;08/11/2025;11/11/2025;SIM;
1159894;;JUAZEIRO;;JUAZEIRO;AVANÇO;;66;;;;7.1.1.4;80%;;;IVONALDO;SANTIAGO;;-9.454890;-40.514309;;;;;;;;;;UB-CIND-RUA-JUAZEIRO-2;GOVERNO;LANÇAMENTO;PARCIAL;OURO;VICTOR BARROS;0;;19/08/2025;26/12/2025;;SIM;NÃO;;Ver no Mapa;19/08/2025;;;
1195929;;JUAZEIRO;;JUAZEIRO;CONCLUIDA;;0;0;;;7.1.2.3;100%;;;JUAREZ;EDIE JONNES;;-9.4881693;-39.9859078;;11/11/2025;;;;;;;;ER-CIND-POV-TANQUE NOVO-RURAL 🕯️;RECLAMAÇÃO;ENERGIZADA;COMPLETO;;VICTOR BARROS;1;;08/11/2025;15/11/2025;;SIM;NÃO;;Ver no Mapa;08/11/2025;11/11/2025;SIM;
1204722;;JUAZEIRO;;SENTO SÉ;MIGRAR;;7;;;;14.7.3;100%;;;JUAREZ;EDIE JONNES;;-10.3146872;-41.8565518;;;;;;;;;;ER-CIND-POV-CAPIM GROSSO-RURAL;;NÃO INICIADA;;TIRAR DA CARTEIRA;SANDRO SANTOS;1;;;;;;NÃO;;Ver no Mapa;;;;
1177841;;JUAZEIRO;;JUAZEIRO;AVANÇO;;;;;;8.6.3;50%;;;;RODRIGUES;;-9.2871692;-40.3059911;;;;;;;;;;IS-COEL-AV-AGUAS BELAS-MALHADA DA AREIA;INTERV SEGURANÇA;NÃO INICIADA;A SOLICITAR;FRUSTOU DESLIGAMENTO;VICTOR BARROS;;;;;;;;;Ver no Mapa;;;;
1204112;;JUAZEIRO;;SENTO SÉ;MIGRAR;;6;;;;7.1.2.3;100%;;;JUAREZ;EDIE JONNES;;-9.8443662;-41.802745;;;;;;;;;;ER-CIND-POV-DE CAPEADO-CAPEADO;;ESCAVAÇÃO;;;SANDRO SANTOS;1;31/10/2025;12/11/2025;14/11/2025;;;NÃO;;Ver no Mapa;;;;
1205670;;JUAZEIRO;;JUAZEIRO;CONCLUIDA;;0;0;;;7.1.1.3;100%;;;JUAREZ;EDIE JONNES;;-9.419093;-40.4885182;;11/11/2025;;;;;;;;UB-CIND-AV-ENG EDGAR-UNIVERSITARIOS 🕯️;QLP;ENERGIZADA;COMPLETO;;VICTOR BARROS;1;11/11/2025;12/11/2025;12/11/2025;;NÃO;NÃO;;Ver no Mapa;11/11/2025;11/11/2025;SIM;
1209583;;JUAZEIRO;;SENTO SÉ;MIGRAR;;2;;;;14.7.3;100%;;;GISMARIO;EDIE JONNES;;-9.7523435;-41.9239541;;;;;;;;;;ER-CIND-POV-ITAPERA-RURAL SENTO SE;;NÃO INICIADA;;TIRAR DA CARTEIRA;SANDRO SANTOS;1;;;;;;NÃO;;Ver no Mapa;;;;
1195826;;JUAZEIRO;;SENTO SÉ;MIGRAR;;4;;;;7.1.2.3;100%;;;;EDIE JONNES;;-9.7547425;-41.8846474;;;;;;;;;;ER-CIND-RUA-03-CICERO BORGES;;VISITA PRÉVIA;;;SANDRO SANTOS;1;;06/11/2025;07/11/2025;;;NÃO;;Ver no Mapa;;;;
1120283;;JUAZEIRO;;JUAZEIRO;AVANÇO;;45;;;;8.3.2.3;50%;;;GISMARIO;SANTIAGO;;-9.4250931;-40.5049497;;;;;;;;;;RC-CIND-AV-DR ADOLFO VIANA-CENTRO;GOVERNO;IMPLANTAÇÃO;PARCIAL;;CARLOS EDUARDO;;;04/11/2025;30/12/2025;;SIM;NÃO;;Ver no Mapa;;;;
1222499;;JUAZEIRO;;JUAZEIRO;CONCLUIDA;;0;0;;;7.1.2.3;100%;;;;EDIE JONNES;;-9.5161659;-40.6538312;;22/11/2025;;;;;;;;AC-CIND-POV-SABIA 10-RURAL🕯️;QLP;ENERGIZADA;COMPLETO;;VICTOR BARROS;0;;22/11/2025;22/11/2025;;NÃO;NÃO;;Ver no Mapa;22/11/2025;22/11/2025;SIM;
1200943;;JUAZEIRO;;CURAÇÁ;CONCLUIDA;;3;3;;;7.1.2.3;100%;;;FABIO;EDIE JONNES;;-9.043645;-39.9484788;;25/09/2025;;;;;;;;AC-CIND-FAZ-JURITI I-RURAL CURACA;;CONCLUÍDA;;OURO;CARLOS EDUARDO;1;11/09/2025;11/09/2025;11/09/2025;26/09/2025;NÃO;NÃO;;Ver no Mapa;25/09/2025;25/09/2025;26/09/2025;
1209550;;JUAZEIRO;;JUAZEIRO;CONCLUIDA;;9;2;;;8.2.1.3;100%;;;JUAREZ;EDIE JONNES;;-9.4622266;-40.4784266;;25/10/2025;;;;;;;;ME-COEL-ET-AGUAS BELAS-MALHADA AREIA;;CONCLUÍDA;;OURO;VICTOR BARROS;1;25/10/2025;24/10/2025;25/10/2025;;;NÃO;;Ver no Mapa;24/10/2025;25/10/2025;27/10/2025;
1202754;;JUAZEIRO;;JUAZEIRO;CONCLUIDA;;0;0;;;7.1.1.3;100%;;;JUAREZ;EDIE JONNES;;-9.4402388;-40.5119868;;12/11/2025;;;;;;;;AC-CIND-RUA-CRISTALINA-MALHADA  🕯️;RECLAMAÇÃO;ENERGIZADA;COMPLETO;;VICTOR BARROS;0;;12/11/2025;12/11/2025;;NÃO;NÃO;;Ver no Mapa;12/11/2025;12/11/2025;SIM;
1205827;;JUAZEIRO;;JUAZEIRO;CONCLUIDA;;0;0;;;7.1.2.3;100%;;;JUAREZ;EDIE JONNES;;-9.4656173;-40.4817206;;21/11/2025;;;;;;;;IT-CIND-ROD-BR 407-DISTRITO INDUSTRIAL 🕯️;REPUTACIONAL;ENERGIZADA;COMPLETO;;VICTOR BARROS;0;;21/11/2025;21/11/2025;;SIM;NÃO;;Ver no Mapa;21/11/2025;21/11/2025;SIM;
1198348;;JUAZEIRO;;SENTO SÉ;MIGRAR;;4;;;;7.1.2.3;100%;;;;EDIE JONNES;;-9.7547425;-41.8846474;;;;;;;;;;ER-CIND-RUA-03-RURAL;;NÃO INICIADA;;;SANDRO SANTOS;1;;08/11/2025;10/11/2025;;;NÃO;;Ver no Mapa;;;;
1186775;;JUAZEIRO;;SENTO SÉ;MIGRAR;;2;;;;7.1.2.3;100%;;;GISMARIO;EDIE JONNES;;-9.9179862;-42.0964309;;;;;;;;;;ER-CIND-RUA-DAS FLORES-RETIRO DE BAIXO;;ESCAVAÇÃO;;;SANDRO SANTOS;1;;18/11/2025;19/11/2025;;;NÃO;;Ver no Mapa;;;;
1171363;;JUAZEIRO;;SENTO SÉ;MIGRAR;;3;;;;0;100%;;;;EDIE JONNES;;-9.7891719;-41.9595363;;;;;;;;;;ER-CIND-SI-S O GERALDO-RURAL;;NÃO INICIADA;;;SANDRO SANTOS;1;;17/11/2025;18/11/2025;;;NÃO;;Ver no Mapa;;;;
1221999;;JUAZEIRO;;SENTO SÉ;MIGRAR;;3;;;;;100%;;;;EDIE JONNES;;-9.470451;-40.498518;;;;;;;;;;IT-GRUA-POV-ITAPERA 1888-RURAL;;NÃO INICIADA;;;SANDRO SANTOS;1;;11/11/2025;11/11/2025;;;NÃO;;Ver no Mapa;;;;
1116565;;JUAZEIRO;;SENTO SÉ;MIGRAR;;23;;;;7.1.2.3;100%;;;FABIO;SANTIAGO;;-10.1037102;-42.1469957;;;;;;;;;;MP-CIND-POV-MALVINAS 1000-RURAL-MOD;;ESCAVAÇÃO;;;SANDRO SANTOS;1;;21/10/2025;25/10/2025;;;NÃO;;Ver no Mapa;;;;
1172245;;JUAZEIRO;;SENTO SÉ;MIGRAR;;17;;;;14.7.3;100%;;;FABIO;SANTIAGO;;-10.1193568;-41.6873124;;;;;;;;;;RR - CIND - POV LAGOA DO MARY - RURAL;;ESCAVAÇÃO;;;SANDRO SANTOS;2;;27/10/2025;27/10/2025;;;NÃO;;Ver no Mapa;;;;
1172127;;JUAZEIRO;;SENTO SÉ;MIGRAR;;1;;;;7.1.1.3;100%;;;JUAREZ;EDIE JONNES;;-9.8360102;-41.7652151;;;;;;;;;;UB CIND RUA DO CASCALHO - CENTRO;;LOCADA;;;SANDRO SANTOS;1;30/10/2025;10/11/2025;10/11/2025;;;NÃO;;Ver no Mapa;;;;
1195222;;JUAZEIRO;;SOBRADINHO;CONCLUIDA;;3;;;;7.1.1.3;100%;;;PEDRO LINO;ANDERSON;;-9.4702329;-40.7949487;;18/09/2025;;;;;;;;UB-CIND-RUA-02 QSA S 19-VILA S O JOAQUIM;;CONCLUÍDA;;;DIEGO ALMEIDA;1;11/09/2025;11/09/2025;12/09/2025;;SIM;NÃO;;Ver no Mapa;17/09/2025;18/09/2025;;
0994094;;JUAZEIRO;;PILÃO ARCADO;AVANÇO;;81;;;;14.7.3;50%;;;JACSON;SANTIAGO;;-9.9189224;-42.7500441;;;;;;;;;;MP-CIND-POV LAGOA DO BENEDITO- LAGOA;REPUTACIONAL;NÃO INICIADA;COMPLETO;CARRETA DE POSTE DESCARREGADA;;19;;;;;;NÃO;;Ver no Mapa;;;;
1201007;;JUAZEIRO;;PILÃO ARCADO;CONCLUIDA;;2;2;;;7.1.1.3;100%;;;FERNANDO;PAULO JUNIOR;;-10.0009;-42.4794;;27/11/2025;;;;;;;;AC-CIND-RUA-S 1-CENTRO-PILAO ARCADO;PRIORIDADE PLANO ANEEL;ENERGIZADA;COMPLETO;2 EQUIPE PARA ESSE DESLIGAMENTO;MARLOS LOPES ;;;13/11/2025;27/11/2025;;NÃO;NÃO;;Ver no Mapa;13/11/2025;27/11/2025;SIM;
1209983;;JUAZEIRO;;SOBRADINHO;CONCLUIDA;;3;;;;7.1.1.3;100%;;;PEDRO LINO;ANDERSON;;-9.4673387;-40.7933262;;18/09/2025;;;;;;;;AC-CIND-RUA-05 QDA N 22-VILA SAO JOAQUIM;;CONCLUÍDA;;;DIEGO ALMEIDA;1;16/09/2025;15/09/2025;16/09/2025;;SIM;NÃO;;Ver no Mapa;16/09/2025;18/09/2025;18/09/2025;
1185166;;JUAZEIRO;;SOBRADINHO;CONCLUIDA;;3;;;;7.1.2.3;100%;;;PEDRO LINO;ANDERSON;;-9.4627287;-40.8772378;;30/09/2025;;;;;;;;AC-CIND-FAZ-SÃO JOAQUIM-RURAL;;CONCLUÍDA;;;DIEGO ALMEIDA;1;20/09/2025;19/09/2025;20/09/2025;;NÃO;NÃO;;Ver no Mapa;20/09/2025;30/9/2025;01/10/2025;
1229394;;JUAZEIRO;;CURAÇÁ;A PROGRAMAR;;4;;;;7.1.2.3;100%;;;;;;-8.710615;-39.439593;;;;;;;;;;ER-CIND-POV-PEDRA BRANCA-RURAL;QLP;NÃO INICIADA;A SOLICITAR;;CARLOS EDUARDO;17;;16/12/2025;16/12/2025;;;NÃO;;Ver no Mapa;;;;
1113834;;JUAZEIRO;;PILÃO ARCADO;AVANÇO;;416;;;;7.1.2.3;100%;;;AILTON;PAULO JUNIOR;;-9.9331343;-42.9012232;;;;;;;;;;AC-CIND ESCOLA MUN.DE BREJINHO-RURAL;QLP;LANÇAMENTO;PARCIAL;;MARLOS LOPES ;65;;;30/10/2025;;SIM;NÃO;;Ver no Mapa;;;;
1146807;;JUAZEIRO;;SOBRADINHO;MIGRAR;;2;;;;8.4.1.1;100%;;;PEDRO LINO;ANDERSON;;-9.5366625;-40.9057719;;;;;;;;;;NT-RECOND-SBO-01S4-D134830-Q023936;EQUIPAMENTO;EQUIPAMENTO;;;DIEGO ALMEIDA;1;;29/10/2025;30/10/2025;29/10 Á 30/10;SIM;NÃO;;Ver no Mapa;;;;
1127877;;JUAZEIRO;;JUAZEIRO;CONCLUIDA;;2;2;;;7.1.2.3;100%;;;JUAREZ;EDIE JONNES;;-9.1338841;-39.9841666;;20/10/0205;;;;;;;;ER-CIND-POV-CURACA-RURAL;;CONCLUÍDA;;;MARLOS LOPES ;1;;27/10/2025;27/10/2025;27/10/2025;SIM;NÃO;;Ver no Mapa;14/10/2025;18/10/2025;20/10/2025;
1212958;;JUAZEIRO;;JUAZEIRO;CONCLUIDA;;2;2;;;7.1.2.3;100%;;;JUAREZ;EDIE JONNES;;-9.1813549;-40.0585027;;27/10/2025;;;;;;;;AC-CIND-POV-PROJETO CURACA-RURAL;;CONCLUÍDA;;;MARLOS LOPES ;1;27/10/2025;27/10/2025;27/10/2025;;;NÃO;;Ver no Mapa;27/10/2025;27/10/2025;28/10/2025;
1209467;;JUAZEIRO;;JUAZEIRO;CONCLUIDA;;2;2;;;;100%;;;JUAREZ;EDIE JONNES;;;;;29/10/2025;;;;;;;;UB-CCOL-RUA-MERCADO PRODUTOR-T  NEVES;;CONCLUÍDA;;;VICTOR BARROS;1;;29/10/2025;29/10/2025;;SIM;NÃO;;Ver no Mapa;29/10/2025;29/10/2025;30/10/2025;
1058100;;JUAZEIRO;;REMANSO;CONCLUIDA;;380;427;;;7.1.2.3;100%;;;RUBEM;RUBEM;;-9.39231;-42.193;;;;;;;;;;AC-CIND-POV-PONTA DA SERRA-RURAL;PRIORIDADE PLANO ANEEL;ENERGIZADA;COMPLETO;;MARLOS LOPES ;59;;03/11/2025;07/11/2025;;;NÃO;;Ver no Mapa;;;;
1145935;;JUAZEIRO;;REMANSO;CONCLUIDA;;62;47;;;14.7.2;100%;;;JORGE;JORGE;;-9.4735;-42.2502;;03/11/2025;;;;;;;;AC CIND FAZ NOVA TABUA (REGUL. FV) RURAL;QLP;ENERGIZADA;COMPLETO;;MARLOS LOPES ;15;;;20/11/2025;;NÃO;NÃO;;Ver no Mapa;22/10/2025;03/11/2025;SIM;
1195623;;JUAZEIRO;;JUAZEIRO;CONCLUIDA;;2;2;;;7.1.2.3;100%;;;GISMARIO;EDIE JONNES;;-9.1132413;-40.1270647;;30/10/2025;;;;;;;;RR-CIND-POV-ARUEIRA-RURAL;;CONCLUÍDA;CONCLUIDO;GISMARIO E JUAREZ/ ADC;MARLOS LOPES ;1;15/10 E 31/10;15/10/2025;30/10/2025;;;NÃO;;Ver no Mapa;15/10/2025;30/10/2025;31/10/2025;
1173964;;JUAZEIRO;;REMANSO;CONCLUIDA;;227;234;;;14.4.12.1;100%;;;JORGE;JORGE;;-9.41902;-41.9204;;25/11/2025;;;;;;;;RR-CIND-POV-SALINA GRANDE-RURAL;JUDICIAL;ENERGIZADA;COMPLETO;OURO;MARLOS LOPES ;36;;;20/11/2025;;;NÃO;;Ver no Mapa;17/07/2025;25/11/2025;SIM;
1228694;;JUAZEIRO;;REMANSO;AVANÇO;;;;;;;100%;;;MANUTENÇÃO;ANDERSON;;-9.6277730;-42.081040;;;;;;;;;;REDE PEDAGOGICA REMANSO (COELBA);COELBA;ESCAVAÇÃO;PARCIAL;;MARLOS LOPES ;;;10/11/2025;21/11/2025;;NÃO;SIM;;Ver no Mapa;;;;
1210327;;JUAZEIRO;;UAUÁ;AVANÇO;;20;;;;7.1.2.3;100%;;;;SANTIAGO;;-9.9312168;-39.3249672;;;;;;;;;;ER-CIND-POV-CAITITUS-CAITITUS;;ESCAVAÇÃO;;;CARLOS EDUARDO;1;;28/10/2025;;;;SIM;;Ver no Mapa;;;;
1218769;;JUAZEIRO;;REMANSO;CONCLUIDA;;6;6;;;8.2.2.3;100%;;;PEDRO LINO;ANDERSON;;-9.482037;-43.396138;;29/11/2025;;;;;;;;ME-COEL-POV-AZULAO-ALTO DA BELA VISTA;EQUIPAMENTO;ENERGIZADA;VIA E-MAIL;;MARLOS LOPES ;0;;10/11/2025;15/11/2025;;SIM;NÃO;;Ver no Mapa;17/11/2025;28/11/2025;SIM;
1211868;;JUAZEIRO;;SOBRADINHO;CONCLUIDA;;2;2;;;7.1.2.3;100%;;;JUAREZ;EDIE JONNES;;-9.7731554;-40.9472304;;21/10/2025;;;;;;;;ER-CIND-POV-SALGADINHA-SALGADINHA;;CONCLUÍDA;;;DIEGO ALMEIDA;1;;21/10/2025;21/10/2025;;NÃO;SIM;;Ver no Mapa;21/10/2025;21/10/2025;22/10/2025;
1128536;;JUAZEIRO;;CASA NOVA;EM EXECUÇÃO;;166;;;;14.4.12.1;70%;;;FERNANDO;PAULO JUNIOR;;-9.6263923;-41.838502;;;;;;;;;;MP-CCOL-POV-XIQUE XIQUE-RURAL;;IMPLANTAÇÃO;;OURO;DIEGO ALMEIDA;;;07/08/2025;31/10/2025;;;SIM;;Ver no Mapa;;;;
1173811;;JUAZEIRO;;UAUÁ;CONCLUIDA;;2;2;;;7.1.2.3;100%;;;JUAREZ;EDIE JONNES;;-9.810783;-39.600581;;22/10/2025;;;;;;;;ER-CIND-FAZ-LAPAO-RURAL;;CONCLUÍDA;;GISMARIO / JUAREZ;CARLOS EDUARDO;1;;22/10/2025;22/10/2025;;SIM;SIM;;Ver no Mapa;22/10/2025;22/10/2025;24/10/2025;
1195081;;JUAZEIRO;;REMANSO;MIGRAR;;2;;;;7.1.2.3;100%;;;PEDRO LINO;ANDERSON;;-9.6019523;-42.0840707;;;;;;;;;;EQ COEL ROD BR 324 RURAL;EQUIPAMENTO;EQUIPAMENTO;PARCIAL;;MARLOS LOPES ;1;;26/11/2025;27/11/2025;;SIM;NÃO;;Ver no Mapa;;;;
1063289;;JUAZEIRO;;CURAÇÁ;CONCLUIDA;;3;;;;7.1.1.3;100%;;;JUAREZ;IVONALDO;;-9.1907879;-40.0569772;;15/12/2025;;;;;;;;AC-CIND-FAZ-S O JOSE-RURAL 📸;QLP;CONCLUÍDA;COMPLETO;;CARLOS EDUARDO;0;;17/12/2025;17/12/2025;;;NÃO;;Ver no Mapa;15/12/2025;15/12/2025;SIM;
1232883;;JUAZEIRO;;CURAÇÁ;CONCLUIDA;;1;;;;7.1.1.3;100%;;;;MICHEL;;-8.9968976;-39.8994757;;;;;;;;;;UB-CIND-LOT-SALVADOR PEREIRA LIMA-SALVAD;OBRAS ÁGEIS;CONCLUÍDA;A SOLICITAR;;;3;;15/12/2025;16/12/2025;;;NÃO;;Ver no Mapa;;;;
1107206;;JUAZEIRO;;JUAZEIRO;CONCLUIDA;;0;0;;;7.1.1.3;100%;;;PEDRO LINO;ANDERSON;;-9.1174707;-40.0885124;;04/12/2025;;;;;;;;AC-CIND-CJN-PROJETO-CURACA 📸;QLP;CONCLUÍDA;COMPLETO;;CARLOS EDUARDO;1;;04/12/2025;04/12/2025;;;NÃO;;Ver no Mapa;04/12/2025;04/12/2025;SIM;
1214081;;JUAZEIRO;;JUAZEIRO;CONCLUIDA;;3;;;;7.1.1.3;100%;;;JUAREZ;IVONALDO;;-9.4221055;-40.5236038;;20/12/2025;;;;;;;;UB-CIND-RUA-3-PALMARES;PRIORIDADE PLANO ANEEL;CONCLUÍDA;COMPLETO;não finalizada no prazo por falta de material;VICTOR BARROS;1;04/12/2025;04/12/2025;04/12/2025;;;NÃO;;Ver no Mapa;04/12/2025;20/12/2025;SIM;
1225098;;JUAZEIRO;;REMANSO;AVANÇO;;6;;;;8.2.2.3;50%;;;PEDRO LINO;ANDERSON;;-9.514847;-43.309865;;;;;;;;;;ME-COEL-REATOR PG B707030-RMN-09X3;EQUIPAMENTO;EQUIPAMENTO;VIA E-MAIL;;MARLOS LOPES ;0;;17/11/2025;21/11/2025;;SIM;NÃO;;Ver no Mapa;;;;
1145786;;JUAZEIRO;;CASA NOVA;EM EXECUÇÃO;;29;;;;7.1.2.3;20%;;;FERNANDO;PAULO JUNIOR;;-9.1657286;-41.3927492;;;;;;;;;;AC CIND POV XIQUE XIQUE RURAl;;NÃO INICIADA;;OURO;DIEGO ALMEIDA;18;;22/09/2025;30/09/2025;;;;;Ver no Mapa;;;;
1141807;;JUAZEIRO;;CASA NOVA;CONCLUIDA;;2;2;;;7.1.2.3;100%;;;FERNANDO;SANTIAGO;;-9.318951;-41.123503;;;;;;;;;;ER-CIND-POV-ENTRONCAMENTO-RECREIO;;CONCLUÍDA;; 3 EQUIPES ADC;SANDRO SANTOS;;10/09/2025;10/09/2025;26/09/2025;;NÃO;SIM;;Ver no Mapa;10/09/2025;29/09/2025;;
1146131;;JUAZEIRO;;CASA NOVA;EM EXECUÇÃO;;394;;;;7.1.2.3;25%;;;FERNANDO;PAULO JUNIOR;;-9.335318;-41.8057884;;;;;;;;;;AC-REGFV-CCOL-POV DESTERRO-CAI ARA-III;;IMPLANTAÇÃO;;OURO;DIEGO ALMEIDA;141;;;;;;;;Ver no Mapa;;;;
0763601;;JUAZEIRO;;CASA NOVA;EM EXECUÇÃO;;541;;;;14.7.2.3;10%;;;FERNANDO;PAULO JUNIOR;;-9.1112573;-41.3759639;;;;;;;;;;MP-CCOL-POV CANOINHA-RURAL;;NÃO INICIADA;;OURO;DIEGO ALMEIDA;25;;;;;;;;Ver no Mapa;;;;
1206677;;JUAZEIRO;;JUAZEIRO;CONCLUIDA;;2;;;;7.1.2.3;100%;;;GISMARIO;EDIE JONNES;;-9.5913002;-39.8762128;;23/09/2025;;;;;;;;RR CIND FZ MACHADO PINHOES;;CONCLUÍDA;;INICIAR ESCAVAÇÃO 09/09;VICTOR BARROS;1;;16/09/2025;16/09/2025;;SIM;NÃO;;Ver no Mapa;23/09/2025;23/09/2025;23/09/2025;
1182387;;JUAZEIRO;;SOBRADINHO;CONCLUIDA;;2;2;;;7.1.2.3;100%;;;PEDRO LINO;ANDERSON;;-9.525592;-40.7644843;;11/09/2025;;;;;;;;ER-CIND-FAZ-TOGUEMBURGO-SANTANA RURAL;;CONCLUÍDA;;;DIEGO ALMEIDA;1;06/03/2025;06/09/2025;06/09/2025;;NÃO;NÃO;;Ver no Mapa;06/09/2025;11/09/2025;12/09/2025;
1212274;;JUAZEIRO;;SOBRADINHO;CONCLUIDA;;2;2;;;14.7.2.3;100%;;;PEDRO LINO;ANDERSON;;-9.5719662;-40.7752113;;12/09/2025;;;;;;;;ER-CIND-POV-LAGOA GRANDE 9999-RURAL;;CONCLUÍDA;;;DIEGO ALMEIDA;;06/09/2025;06/09/2025;06/09/2025;;SIM;NÃO;;Ver no Mapa;06/09/2025;11/09/2025;12/09/2025;
1206973;;JUAZEIRO;;CURAÇÁ;MIGRAR;;4;;;;7.1.2.3;100%;;;FABIO;EDIE JONNES;;-9.055737;-39.9652039;;;;;;;;;;RR-GRUA-FAZ-JURITI-RURAL-CURACA;;EQUIPAMENTO;;OURO MUDANÇA DE LOCALIDADE;CARLOS EDUARDO;1;;03/09/2025;05/09/2025;26/09/2025;SIM;;;Ver no Mapa;;;;
1215350;;JUAZEIRO;;UAUÁ;CONCLUIDA;;2;2;;;7.1.1.3;100%;;;JUAREZ;EDIE JONNES;;-10.0114557;-39.4956916;;16/09/2025;;;;;;;;AC-GOVE-RUA-7 DE SETEMBRO-CENTRO;;CONCLUÍDA;;;CARLOS EDUARDO;1;16/09/2025;16/09/2025;16/09/2025;;SIM;NÃO;;Ver no Mapa;16/09/2025;16/09/2025;16/09/2025;
1227157;;JUAZEIRO;;JUAZEIRO;CONCLUIDA;;6;7;;;7.1.1.3;100%;;;JUAREZ;IVONALDO;;-9.450665;-40.521059;;02/12/2025;;;;;;;;UB-CIND-ROD-JUAZEIRO SOBRADIN 11-A-D J R;INSTITUCIONAL;CONCLUÍDA;COMPLETO;;VICTOR BARROS;1;;02/12/2025;05/12/2025;;SIM;NÃO;;Ver no Mapa;02/12/2025;02/12/2025;SIM;
1177271;;JUAZEIRO;;CURAÇÁ;MIGRAR;;6;;;;7.1.1.3;100%;;;FABIO;EDIE JONNES;;-9.0731065;-39.9175208;;;;;;;;;;RR-GRUA-POV-CURACA EB 06 KM085-RURAL;;NÃO INICIADA;;OURO;CARLOS EDUARDO;1;;24/09/2025;26/09/2025;26/09/2025;SIM;;;Ver no Mapa;;;;
1095451;;JUAZEIRO;;JUAZEIRO;CONCLUIDA;;3;2;;;7.1.2.3;100%;;;JUAREZ;IVONALDO;;-9.549811;-40.6425938;;08/12/2025;;;;;;;;AC-CIND-POV HORTO DO SALITRE-RURAL 📸;QLP;CONCLUÍDA;COMPLETO;ADC DUAS TURMAS ;VICTOR BARROS;1;08/12/2025;08/12/2025;09/12/2025;;SIM;NÃO;;Ver no Mapa;08/12/2025;08/12/2025;SIM;
1198350;;JUAZEIRO;;CURAÇÁ;AVANÇO;;18;;;;7.1.2.3;25%;;;TURMA NOVA;EDIE JONNES;;-8.6656868;-39.4263194;;;;;;;;;;ER-CCOL-RUA-04 AGROVILA-PEDRA BRANCA;;NÃO INICIADA;;;CARLOS EDUARDO;;;15/08/2025;31/10/2025;;;;;Ver no Mapa;;;;
1204135;;JUAZEIRO;;REMANSO;CONCLUIDA;;2;2;;;7.1.1.3;100%;;;MANUTENÇÃO;ANDERSON;;-9.61832;-42.0875;;19/11/2025;;;;;;;;UB-CIND-RUA-DOS COQUEIROS-QUADRA 14 🕯️;QLP;ENERGIZADA;COMPLETO;;MARLOS LOPES ;1;19/11/2025;19/11/2025;20/11/2025;;NÃO;NÃO;;Ver no Mapa;19/11/2025;19/11/2025;SIM;
1032275;;JUAZEIRO;;JUAZEIRO;MIGRAR;;6;;;;14.4.12.1;100%;;;MANUTENÇÃO;ANDERSON;;-9.0742368;-40.2047431;;;;;;;;;;ER-CIND-POV-PONTAL-RURAL;;VISITA PRÉVIA;;OURO;VICTOR BARROS;1;;02/09/2025;03/09/2025;10/09/2025;;;;Ver no Mapa;;;;
1149015;;JUAZEIRO;;CASA NOVA;CONCLUIDA;;1;1;;;8.4.1.3;100%;;;PEDRO LINO;ANDERSON;;-9.3690855;-40.7984526;;31/10/2025;;;;;;;;IE-BANCO CAPACITOR-MND-01N3 📸;EQUIPAMENTO;CONCLUÍDA;;;DIEGO ALMEIDA;1;;27/10/2025;27/10/2025;04/11 Á 04/11;SIM;NÃO;;Ver no Mapa;31/10/2025;31/10/2025;31/10/2025;
1214805;;JUAZEIRO;;JUAZEIRO;MIGRAR;;44;;;;LPT;100%;;;IVONALDO;SANTIAGO;;-9.3149446;-40.0475408;;;;;;;;;;ER-CIND-FAZ-BARRA BONITA-RURAL;;LOCADA;;OURO / VAI SER 22 POSTE;VICTOR BARROS;3;;17/09/2025;24/10/2025;;;;;Ver no Mapa;;;;
1179465;;JUAZEIRO;;CURAÇÁ;CONCLUIDA;;1;1;;;0;100%;;;JUAREZ;EDIE JONNES;;-8.5983057;-39.4422582;;25/10/2025;;;;;;;;ER-CIND-POV-CALCADO 552-RURAL;QLP;CONCLUÍDA;;;CARLOS EDUARDO;1;;13/10/2025;13/10/2025;;SIM;NÃO;;Ver no Mapa;25/10/2025;25/10/2025;27/10/2025;
1204645;;JUAZEIRO;;JUAZEIRO;CONCLUIDA;;1;1;;;7.1.1.3;100%;;;PEDRO LINO;ANDERSON;;-9.4513069;-40.4975867;;03/10/2025;;;;;;;;AC-CIND-ROD-BA 210-DISTRITO INDUSTRIAL;;CONCLUÍDA;;;MARLOS LOPES ;1;03/10/2025;03/10/2025;03/10/2025;;SIM;NÃO;;Ver no Mapa;03/10/2025;03/10/2025;06/10/2025;
1159894;;JUAZEIRO;;JUAZEIRO;AVANÇO;;66;;;;7.1.1.5;40%;;;IVONALDO;SANTIAGO;;-9.4665442;-40.4999899;;;;;;;;;;UB-CIND-RUA-JUAZEIRO-2;;IMPLANTAÇÃO;PARCIAL;OURO;VICTOR BARROS;1;;;;;;SIM;;Ver no Mapa;19/08/2025;;;
1203125;;JUAZEIRO;;JUAZEIRO;CONCLUIDA;;1;1;;;7.1.2.3;100%;;;GISMARIO;EDIE JONNES;;-9.9229584;-40.3748457;;13/10/2025;;;;;;;;ER-CIND-POV-SERRA DA BOA VISTA 3-RURAL;;CONCLUÍDA;;;VICTOR BARROS;1;;10/10/2025;10/10/2025;;SIM;NÃO;;Ver no Mapa;13/10/2025;13/10/2025;14/10/2025;
1212624;;JUAZEIRO;;JUAZEIRO;CONCLUIDA;;1;1;;;7.1.2.3;100%;;;GISMARIO;EDIE JONNES;;-9.3657259;-40.2655602;;14/10/2025;;;;;;;;AC-CIND-POV-CAMPOS-CAMPOS;;CONCLUÍDA;;;MARLOS LOPES ;1;;14/10/2025;14/10/2025;;;NÃO;;Ver no Mapa;14/10/2025;14/10/2025;15/10/2025;
1116565;;JUAZEIRO;;SENTO SÉ;CONCLUIDA;;23;23;;;7.1.2.3;100%;;;JACSON;SANTIAGO;;-10.1037102;-42.1469957;;29/11/2025;;;;;;;;MP-CIND-POV-MALVINAS 1000-RURAL-MOD;QLA;ENERGIZADA;COMPLETO;JACSON / FABIO;SANDRO SANTOS;1;;20/11/2025;22/11/2025;;SIM;NÃO;;Ver no Mapa;20/11/2025;29/11/2025;SIM;
1187735;;JUAZEIRO;;REMANSO;CONCLUIDA;;1;1;;;7.1.1.3;100%;;;MANUTENÇÃO;ANDERSON;;-9.6172162;-42.0840119;;10/10/2025;;;;;;;;AC-CIND-AV-BARAO DO RIO B-QUADRA 19;;CONCLUÍDA;;;MARLOS LOPES ;1;;10/10/2025;10/10/2025;;NÃO;NÃO;2025-110663;Ver no Mapa;25/09/2025;10/10/2025;10/10/2025;
1181008;;JUAZEIRO;;JUAZEIRO;AVANÇO;;21;;;;7.1.2.3;80%;;;TURMA NOVA;EDIE JONNES;;-9.5961849;-40.4236876;;;;;;;;;;RR-CIND-FAZ-S O PEDRO 11-S O PEDRO;;NÃO INICIADA;;;VICTOR BARROS;1;08/10/2025;01/10/2025;08/10/2025;;NÃO;;;Ver no Mapa;;;;
1153460;;JUAZEIRO;;JUAZEIRO;AVANÇO;;26;;;;7.1.2.3;90%;;;TURMA NOVA;EDIE JONNES;;-9.5992005;-40.3925912;;;;;;;;;;MP-CIND-RUA-DOS VERMELHOS-RURAL;;NÃO INICIADA;;;VICTOR BARROS;3;18/10/2025;09/10/2025;18/10/2025;;NÃO;;;Ver no Mapa;;;;
1132085;;JUAZEIRO;;PILÃO ARCADO;MIGRAR;;26;;;;14.4.12.1;100%;;;;;;-10.5568842;-42.6234047;;;;;;;;;;ER-SEIN-RUA-DAS FLORES-XIQUE-XIQUE;;VISITA PRÉVIA;;OURO;MARLOS LOPES ;11;;;;;;;;Ver no Mapa;;;;
1113834;;JUAZEIRO;;PILÃO ARCADO;AVANÇO;;416;;;;7.1.2.3;80%;;;AILTON;PAULO JUNIOR;;-9.9331343;-42.9012232;;;;;;;;;;AC-CIND ESCOLA MUN.DE BREJINHO-RURAL;;IMPLANTAÇÃO;;;MARLOS LOPES ;65;17/09/2025;;30/10/2025;;SIM;NÃO;;Ver no Mapa;;;;
1172127;;JUAZEIRO;;SENTO SÉ;CONCLUIDA;;1;1;;;7.1.1.3;100%;;;JACSON;SANTIAGO;;-9.8360102;-41.7652151;;13/11/2025;;;;;;;;UB CIND RUA DO CASCALHO - CENTRO;QLA;ENERGIZADA;COMPLETO;;SANDRO SANTOS;1;;17/11/2025;17/11/2025;;SIM;NÃO;;Ver no Mapa;13/11/2025;13/11/2025;SIM;
0997469;;JUAZEIRO;;SENTO SÉ;CONCLUIDA;;43;43;;;14.7.3;100%;;;JACSON;SANTIAGO;;-10.2638619;-41.3329393;;27/10/2025;;;;;;;;ER-CIND-POV-ALMAS-ALEGRE;;CONCLUÍDA;;OURO;DIEGO ALMEIDA;2;;23/09/2025;16/10/2025;;SIM;SIM;;Ver no Mapa;15/10/2025;27/10/2025;27/10/2025;
1211778;;JUAZEIRO;;SENTO SÉ;CONCLUIDA;;40;40;;;7.1.2.3;100%;;;FABIO;SANTIAGO;;-9.790585;-41.377931;;28/10/2025;;;;;;;;ER-CIND-POV-DO PREDIO-PIRI;;CONCLUÍDA;;FABIO / TURMA NOVA;SANDRO SANTOS;1;;07/10/2025;16/10/2025;;SIM;NÃO;;Ver no Mapa;07/10/2025;28/10/2025;28/10/2025;
1212994;;JUAZEIRO;;SENTO SÉ;CONCLUIDA;;35;35;;;14.7.3;100%;;;JACSON;SANTIAGO;;-10.2842731;-41.3726258;;27/10/2025;;;;;;;;RR-CIND-POV-ALMAS-ALMAS;;CONCLUÍDA;;OURO;DIEGO ALMEIDA;1;;04/09/2025;16/10/2025;;SIM;SIM;;Ver no Mapa;15/10/2025;24/10/2025;27/10/2025;
1126389;;JUAZEIRO;;SENTO SÉ;CONCLUIDA;;23;21;;;7.1.2.3;100%;;;JACSON;SANTIAGO;;-9.8162726;-41.7899309;;31/10/2025;;;;;;;;LD-CCOL-FAZ.RIACHO-RURAL;;CONCLUÍDA;;;SANDRO SANTOS;4;;20/10/2025;28/10/2025;;;NÃO;;Ver no Mapa;23/10/2025;31/10/2025;31/10/2025;
1195081;;JUAZEIRO;;REMANSO;MIGRAR;;2;;;;7.1.2.3;100%;;;MANUTENÇÃO;ANDERSON;;-9.6019523;-42.0840707;;;;;;;;;;EQ COEL ROD BR 324 RURAL;;NÃO INICIADA;;;MARLOS LOPES ;1;;10/09/2025;27/09/2025;;SIM;NÃO;;Ver no Mapa;;;;
1187735;;JUAZEIRO;;REMANSO;MIGRAR;;1;;;;7.1.1.3;100%;;;MANUTENÇÃO;ANDERSON;;-9.6172162;-42.0840119;;;;;;;;;;AC-CIND-AV-BARAO DO RIO B-QUADRA 19;;NÃO INICIADA;;;MARLOS LOPES ;1;25/09/2025;25/09/2025;25/09/2025;;;;2025-110663;Ver no Mapa;;;;
1218118;;JUAZEIRO;;SENTO SÉ;CONCLUIDA;;11;12;;;7.1.2.3;100%;;;FABIO;SANTIAGO;;-9.8167446;-41.7887758;;30/10/2025;;;;;;;;ER-CIND-FAZ-RIACHAO -RURAL;;CONCLUÍDA;;;SANDRO SANTOS;1;;29/10/2025;31/10/2025;;;NÃO;;Ver no Mapa;30/10/2025;30/10/2025;31/10/2025;
1146087;;JUAZEIRO;;REMANSO;AVANÇO;;172;;;;14.4.12.1;60%;;;JORGE;JORGE;;-9.4735036;-42.2501527;;;;;;;;;;MP-CCOL-FAZ.NOVA TAPUA-RURAL;;LANÇAMENTO;;;MARLOS LOPES ;12;;;;;;NÃO;;Ver no Mapa;;;;
1173964;;JUAZEIRO;;REMANSO;AVANÇO;;227;;;;14.4.12.1;60%;;;JORGE;JORGE;;-9.419018;-41.92037;;;;;;;;;;RR-CIND-POV-SALINA GRANDE-RURAL;;LANÇAMENTO;;OURO;MARLOS LOPES ;36;;;;;;NÃO;;Ver no Mapa;;;;
1194453;;JUAZEIRO;;SENTO SÉ;CONCLUIDA;;8;8;;;14.7.3;100%;;;FABIO;SANTIAGO;;-9.7826969;-41.3917713;;28/10/2025;;;;;;;;ER-CIND-POV-PIRI 2---A-RURAL;;CONCLUÍDA;;;SANDRO SANTOS;1;;16/10/2025;17/10/2025;;;NÃO;;Ver no Mapa;22/10/2025;28/10/2025;29/10/2025;
1058100;;JUAZEIRO;;REMANSO;AVANÇO;;380;;;;7.1.2.3;55%;;;RUBEM;RUBEM;;-9.392305;-42.1929795;;;;;;;;;;AC-CIND-POV-PONTA DA SERRA-RURAL;;VISITA PRÉVIA;;;MARLOS LOPES ;59;;;;;;;;Ver no Mapa;;;;
0515938;;JUAZEIRO;;REMANSO;MIGRAR;;1.392;;;;14.4.12.1;100%;;;JORGE;JORGE;;;;;;;;;;;;;MP-CCOL-FAZ SERRA BRANCA E ARRED.-RURAL;;LANÇAMENTO;;;MARLOS LOPES ;93;;;;;;SIM;;Ver no Mapa;;;;
1219902;;JUAZEIRO;;SENTO SÉ;CONCLUIDA;;8;3;;;7.1.2.3;100%;;;FABIO;SANTIAGO;;-9.8046956;-41.4393394;;31/10/2025;;;;;;;;ER-CCOL-POV-PIRI-PIRI;;CONCLUÍDA;;;SANDRO SANTOS;1;;27/10/2025;27/10/2025;;;NÃO;;Ver no Mapa;27/10/2025;31/10/2025;31/10/2025;
1221230;;JUAZEIRO;;SOBRADINHO;CONCLUIDA;;1;1;;;7.1.2.3;100%;;;JUAREZ;EDIE JONNES;;-9.4871816;-40.9838061;;13/10/2025;;;;;;;;ER-CIND-POV-DE ALGODAO NOVO 76-RURAL;;CONCLUÍDA;;;SANDRO SANTOS;1;;09/10/2025;09/10/2025;;SIM;NÃO;;Ver no Mapa;13/10/2025;13/10/2025;14/10/2025;
1221127;;JUAZEIRO;;SOBRADINHO;CONCLUIDA;;1;1;;;7.1.2.3;100%;;;JUAREZ;EDIE JONNES;;-9.448421;-40.762391;;14/10/2025;;;;;;;;AC-CIND-FAZ-TATAUI 1-RURAL;;CONCLUÍDA;;;SANDRO SANTOS;1;;09/10/2025;09/10/2025;;SIM;NÃO;;Ver no Mapa;09/10/2025;14/10/2025;14/10/2025;
1212994;;JUAZEIRO;;SENTO SÉ;MIGRAR;;35;;;;14.7.3;100%;;;JACSON;SANTIAGO;;-10.2842731;-41.3726258;;;;;;;;;;RR-CIND-POV-ALMAS-ALMAS;;IMPLANTAÇÃO;;OURO;DIEGO ALMEIDA;1;;04/09/2025;22/09/2025;;NÃO;;;Ver no Mapa;;;;
1217896;;JUAZEIRO;;SENTO SÉ;CONCLUIDA;;0;0;;;7.1.2.3;100%;;;JACSON;SANTIAGO;;-10.3131784;-41.8590184;;30/10/2025;;;;;;;;ER-CIND-POV-CAPIM GROSSO-CAPIM GROSSO;;CONCLUÍDA;;;SANDRO SANTOS;1;;30/10/2025;30/10/2025;;;NÃO;;Ver no Mapa;30/10/2025;30/10/2025;31/10/2025;
1182181;;JUAZEIRO;;CURAÇÁ;CONCLUIDA;;1;1;;;7.1.2.3;100%;;;FABIO;EDIE JONNES;;-9.0139747;-39.9234207;;19/09/2025;;;;;;;;ER-CIND-FAZ-DO CANTO 1-A-RURAL-CURACA;;CONCLUÍDA;;;CARLOS EDUARDO;1;;10/09/2025;10/09/2025;;SIM;NÃO;;Ver no Mapa;19/09/2025;19/09/2025;19/09/2025;
0997469;;JUAZEIRO;;SENTO SÉ;MIGRAR;;43;;;;14.7.3;100%;;;JACSON;SANTIAGO;;-10.2638619;-41.3329393;;;;;;;;;;ER-CIND-POV-ALMAS-ALEGRE;;LOCADA;;OURO;DIEGO ALMEIDA;2;;23/09/2025;30/09/2025;;NÃO;;;Ver no Mapa;;;;
1175575;;JUAZEIRO;;SOBRADINHO;MIGRAR;;5;;;;7.1.2.3;100%;;;PEDRO LINO;ANDERSON;;-9.5095062;-40.7745147;;;;;;;;;;AC-CIND-POV-LAGOA GRANDE-RURAL;;VISITA PRÉVIA;;;DIEGO ALMEIDA;1;10/09/2025;10/09/2025;29/09/2025;;;;;Ver no Mapa;;;;
1216207;;JUAZEIRO;;CURAÇÁ;CONCLUIDA;;1;1;;;7.1.2.3;100%;;;FABIO;EDIE JONNES;;-8.8554171;-39.8999118;;30/09/2025;;;;;;;;AC-CIND-FAZ-SURUBIM 33-RURAL;;CONCLUÍDA;;;CARLOS EDUARDO;1;;17/09/2025;17/09/2025;;SIM;NÃO;;Ver no Mapa;30/09/2025;30/09/2025;01/10/2025;
1191546;;JUAZEIRO;;JUAZEIRO;CONCLUIDA;;1;1;;;8.2.2.3;100%;;;PAULO;SANTIAGO;;-9.5864444;-40.6077291;;11/09/2025;;;;;;;;IE-RELIGADOR-NCU-01Z4-B360628;;ENERGIZADA;;EQUIPAMENTO;VICTOR BARROS;1;;05/09/2025;09/09/2025;;SIM;;;Ver no Mapa;;;12/09/2025;
1146807;;JUAZEIRO;;SOBRADINHO;MIGRAR;;2;;;;8.4.1.1;100%;;;MANUTENÇÃO;ANDERSON;;-9.5366625;-40.9057719;;;;;;;;;;NT-RECOND-SBO-01S4-D134830-Q023936;;ESCAVAÇÃO;;FALTOU POSTE;DIEGO ALMEIDA;1;;10/09/2025;11/09/2025;19/09/2025;SIM;;;Ver no Mapa;;;;
1211868;;JUAZEIRO;;SOBRADINHO;MIGRAR;;2;;;;7.1.2.3;100%;;;PEDRO LINO;ANDERSON;;-9.7731554;-40.9472304;;;;;;;;;;ER-CIND-POV-SALGADINHA-SALGADINHA;;NÃO INICIADA;;;DIEGO ALMEIDA;1;30/09/2025;30/09/2025;30/09/2025;;;;;Ver no Mapa;;;;
1120277;;JUAZEIRO;;SENTO SÉ;CONCLUIDA;;23;28;;;7.1.2.3;100%;;;FABIO;SANTIAGO;;-9.75338;-41.8858;;03/09/2025;;;;;;;;MP-CCOL-RUA 03-RURAL;;ENERGIZADA;;;SANDRO SANTOS;1;;;;;SIM;SIM;;Ver no Mapa;;;03/09/2025;
1207641;;JUAZEIRO;;JUAZEIRO;CONCLUIDA;;1;0;;;7.1.1.3;100%;;;PEDRO LINO;ANDERSON;;-9.4575426;-40.4847795;;04/10/2025;;;;;;;;AC-CIND-ROD-LOMANTO JUNIOR-D INDUST;;CONCLUÍDA;;;VICTOR BARROS;1;04/10/2025;04/10/2025;04/10/2025;;SIM;NÃO;;Ver no Mapa;04/10/2025;04/10/2025;06/10/2025;
1211884;;JUAZEIRO;;JUAZEIRO;CONCLUIDA;;1;;;;7.1.1.3;100%;;;PEDRO LINO;ANDERSON;;-9.4180224;-40.507459;;;;;;;;;;AC-GRUA-AV-RAUL ALVES-SANTO ANTONIO;;CONCLUÍDA;;;VICTOR BARROS;;;23/09/2025;23/09/2025;;SIM;NÃO;;Ver no Mapa;;;;
1182825;;JUAZEIRO;;SOBRADINHO;CONCLUIDA;;5;5;;;14.4.12.1;100%;;;JUAREZ;EDIE JONNES;;-9.5313599;-40.8351835;;14/11/2025;;;;;;;;ER-CIND-POV-TATAUI-RURAL- SOBRADINHO;GOVERNO;ENERGIZADA;COMPLETO;;SANDRO SANTOS;1;;17/11/2025;18/11/2025;;NÃO;NÃO;;Ver no Mapa;10/11/2025;14/11/2025;SIM;
1209633;;JUAZEIRO;;UAUÁ;CONCLUIDA;;1;;;;7.1.2.3;100%;;;JUAREZ;EDIE JONNES;;-9.7212662;-39.4896367;;19/09/2025;;;;;;;;ER-CIND-POV-CARRO QUEBRADO-RURAL;;CONCLUÍDA;;;CARLOS EDUARDO;1;19/09/2025;19/09/2025;19/09/2025;;SIM;NÃO;;Ver no Mapa;19/09/2025;19/09/2025;19/09/2025;
1129557;;JUAZEIRO;;JUAZEIRO;CONCLUIDA;;1;;;;7.1.6.3;100%;;;ITALO LV;ANDERSON;;-9.456333;-40.710528;;22/09/2025;;;;;;;;IT-GRUA-FAZ-SAO GONCALO-RURAL;;CONCLUÍDA;;SOLICITAÇÃO EDVALDO 18/09 SO LV;;1;;;;;SIM;NÃO;;Ver no Mapa;23/07/2025;22/09/2025;23/09/2025;
1195955;;JUAZEIRO;;UAUÁ;MIGRAR;;6;;;;7.1.2.3;100%;;;JUAREZ;EDIE JONNES;;-9.8345323;-39.4149137;;;;;;;;;;ER-CIND-POV-MARIA PRETA 200-MARIA PRETA;;LANÇAMENTO;;;CARLOS EDUARDO;1;12/09/2025 E 30/09/2025;12/09/2025;30/09/2025;;NÃO;;;Ver no Mapa;;;;
1144762;;JUAZEIRO;;UAUÁ;AVANÇO;;6;;;;1.2.2.2.3;50%;;;JUAREZ;SANTIAGO;;-9.8468026;-39.4664253;;;;;;;;;;PT UAU 34 5 13 8KV;;VISITA PRÉVIA;;;CARLOS EDUARDO;1;17/09/2025;15/09/2025;17/09/2025;;NÃO;;;Ver no Mapa;;;;
1210327;;JUAZEIRO;;UAUÁ;AVANÇO;;20;;;;7.1.2.3;80%;;;JUAREZ;EDIE JONNES;;-9.9312168;-39.3249672;;;;;;;;;;ER-CIND-POV-CAITITUS-CAITITUS;;VISITA PRÉVIA;;;CARLOS EDUARDO;1;;15/09/2025;15/10/2025;;;;;Ver no Mapa;;;;
1141961;;JUAZEIRO;;UAUÁ;MIGRAR;;14;;;;14.7.2;100%;;;;EDIE JONNES;;-10.0231278;-39.4902749;;;;;;;;;;MP-CIND-FAZ RIACHO DO SALGADO-RURAL;;NÃO INICIADA;;;CARLOS EDUARDO;1;;22/09/2025;20/10/2025;;;;;Ver no Mapa;;;;
1165158;;JUAZEIRO;;UAUÁ;AVANÇO;;3;;;;1.2.1.1.3;50%;;;JUAREZ;EDIE JONNES;;-9.9754872;-39.4990407;;;;;;;;;;IE-RUA-DO CONSELHEIRO-RURAL;;NÃO INICIADA;;;CARLOS EDUARDO;1;;08/09/2025;09/09/2025;;SIM;;;Ver no Mapa;;;;
1081812;;JUAZEIRO;;JUAZEIRO;CONCLUIDA;;2;;;;7.1.1.3;100%;;;JUAREZ;IVONALDO;;-9.4223662;-40.5323639;;09/12/2025;;;;;;;;AC-CIND-CO-COLINA DO RIO-PEDRA DO LORD 📸;QLP;CONCLUÍDA;COMPLETO;;VICTOR BARROS;1;09/12/2025;09/12/2025;09/12/2025;;;NÃO;;Ver no Mapa;09/12/2025;09/12/2025;SIM;
1173811;;JUAZEIRO;;UAUÁ;MIGRAR;;2;;;;7.1.2.3;100%;;;JUAREZ;EDIE JONNES;;-9.810783;-39.600581;;;;;;;;;;ER-CIND-FAZ-LAPAO-RURAL;;NÃO INICIADA;;;CARLOS EDUARDO;1;24/09/2025;24/09/2025;24/09/2025;;NÃO;;;Ver no Mapa;;;;
1216145;;JUAZEIRO;;JUAZEIRO;CONCLUIDA;;1;;;;7.1.2.3;100%;;;PEDRO LINO;IVONALDO;;-9.2795581;-40.3088353;;12/12/2025;;;;;;;;ER-CIND-POV- ITAMOTINGA-JUAZEIRO;PRIORIDADE PLANO ANEEL;CONCLUÍDA;COMPLETO;;VICTOR BARROS;1;;05/12/2025;09/12/2025;;SIM;NÃO;;Ver no Mapa;11/12/2025;11/12/2025;SIM;
1222325;;JUAZEIRO;;JUAZEIRO;CONCLUIDA;;0;;;;;100%;;;JUAREZ;IVONALDO;;-9.4304034;-40.51559041;;22/12/2025;;;;;;;;AC-CIND-LOT-N SRA DAS GROTAS-QUIDE;PRIORIDADE PLANO ANEEL;CONCLUÍDA;COMPLETO;NOVO DESLIGAMENTO/ SEM CABO E TRAFO;VICTOR BARROS;1;10/12/2025;10/12/2025;10/12/2025;;;NÃO;;Ver no Mapa;10/12/2025;22/12/2025;SIM;
1182439;;JUAZEIRO;;JUAZEIRO;CONCLUIDA;;0;0;;;7.1.2.3;100%;;;GISMARIO;EDIE JONNES;;-9.5016769;-40.4351111;;;;;;;;;;AC-CIND-ET-DA ADUT CARAIBA 100-CH UNIDAS;;CONCLUÍDA;;;VICTOR BARROS;1;06/10/2025;06/10/2025;06/10/2025;;NÃO;NÃO;;Ver no Mapa;;;;
1198655;;JUAZEIRO;;JUAZEIRO;CONCLUIDA;;0;0;;;7.1.2.3;100%;;;JUAREZ;EDIE JONNES;;-9.142107;-40.09028;;14/10/2025;;;;;;;;ER-CIND-CJN-PROJETO CURACA 2-CT-CURACA I;;CONCLUÍDA;;;MARLOS LOPES ;1;10/10/2025;10/10/2025;10/10/2025;;SIM;NÃO;;Ver no Mapa;10/10/2025;14/10/2025;14/10/2025;
1161869;;JUAZEIRO;;JUAZEIRO;CONCLUIDA;;4;;;;7.1.2.3;100%;;;PEDRO LINO;IVONALDO;;-9.4692888;-40.4739534;;16/12/2025;;;;;;;;ER-CIND-FAZ-MASSAYO -RURAL📸;REPUTACIONAL;CONCLUÍDA;COMPLETO;;VICTOR BARROS;0;;08/12/2025;12/12/2025;;SIM;SIM;;Ver no Mapa;04/12/2025;16/12/2025;SIM;
1172044;;JUAZEIRO;;JUAZEIRO;PROGRAMADA;;27;;;;14.7.3;100%;;;CARLOS EDUARDO;RODRIGUES;;-9.2331809;-40.2847471;;;;;;;;;;RR - CIND FAZ RURAL - SISTEMA MANICOBA;PRIORIDADE PLANO ANEEL;NÃO INICIADA;;;CARLOS EDUARDO;2;;15/12/2025;30/12/2025;;;NÃO;;Ver no Mapa;;;;
1177841;;JUAZEIRO;;JUAZEIRO;PROGRAMADA;;6;;;;8.6.3;100%;;;DOMINGOS;IVONALDO;;-9.2871692;-40.3059911;;;;;;;;;;IS-COEL-AV-AGUAS BELAS-MALHADA DA AREIA;INTERV SEGURANÇA;NÃO INICIADA;PARCIAL;3 EQUIPES PARA O DESLIGAMENTO;VICTOR BARROS;0;11/12/2025;;30/12/2025;;SIM;NÃO;;Ver no Mapa;;;;
1162058;;JUAZEIRO;;JUAZEIRO;MIGRAR;;37;;;;7.1.2.3;100%;;;CARLOS EDUARDO;RODRIGUES;;-9.464869;-40.3234571;;;;;;;;;;ER-CIND-FAZ-MASSAYO-RURAL;REPUTACIONAL;ESCAVAÇÃO;;chi elevado não consegue desligamento esse ano;VICTOR BARROS;0;;03/12/2025;31/12/2025;;;NÃO;;Ver no Mapa;;;;
1212150;;JUAZEIRO;;JUAZEIRO;CONCLUIDA;;0;0;;;7.1.1.3;100%;;;GISMARIO;EDIE JONNES;;-9.495093;-40.478214;;21/10/2025;;;;;;;;UB-CIND-ET SERRA DA BATATEIRA-JOAO PAULO;;CONCLUÍDA;;DUAS TURMAS GISMARIO/ JUAREZ;VICTOR BARROS;1;21/10/2025;21/10/2025;21/10/2025;;NÃO;NÃO;;Ver no Mapa;21/10/2025;21/10/2025;22/10/2025;
1162074;;JUAZEIRO;;JUAZEIRO;MIGRAR;;46;;;;7.1.2.3;100%;;;DOMINGOS;RODRIGUES;;-9.4570754;-40.3571651;;;;;;;;;;AC-CIND-FAZ-MASSAYO-RURAL;REPUTACIONAL;IMPLANTAÇÃO;SO CONCRETO;Material retirado para o reator / MARCAR DESLIGAMENTO;VICTOR BARROS;0;;03/12/2025;31/12/2025;;SIM;NÃO;;Ver no Mapa;;;;
1169873;;JUAZEIRO;;JUAZEIRO;CONCLUIDA;;0;0;;;8.2.2.3;100%;;;PEDRO LINO;ANDERSON;;-9.2096117;-40.2906998;;31/10/2025;;;;;;;;IE-RELIGADOR-MAN-01W2-N76854;EQUIPAMENTO;CONCLUÍDA;;OURO;MARLOS LOPES ;1;30/10/2025;30/10/2025;30/10/2025;;SIM;NÃO;;Ver no Mapa;;31/10/2025;31/10/2025;
1159894;;JUAZEIRO;;JUAZEIRO;EM EXECUÇÃO;;66;;;;7.1.1.3;100%;;;JUAREZ;IVONALDO;;-9.454890;-40.514309;;;;;;;;;;UB-CIND-RUA-JUAZEIRO-2;GOVERNO;NÃO INICIADA;PARCIAL;;VICTOR BARROS;0;;;30/01/2026;;;NÃO;;Ver no Mapa;;;;
1120283;;JUAZEIRO;;JUAZEIRO;EM EXECUÇÃO;;45;;;;8.3.2.3;80%;;;GISMARIO;EDIE JONNES;;-9.4250931;-40.5049497;;;;;;;;;;RC-CIND-AV-DR ADOLFO VIANA-CENTRO;INSTITUCIONAL;NÃO INICIADA;PARCIAL;;CARLOS EDUARDO;0;;;31/01/2026;;;NÃO;;Ver no Mapa;;;;
1160900;;JUAZEIRO;;JUAZEIRO;AVANÇO;;43;;;;7.1.2.3;50%;;;;EDIE JONNES;;-9.4726482;-40.545248;;;;;;;;;;IT-GRUA-ET-JUNCO SALITRE 4512-JUNCO;MMGD;NÃO INICIADA;COMPLETO;SERÁ ENVIADO PARA REVISÃO;VICTOR BARROS;0;;;27/02/2026;;;NÃO;;Ver no Mapa;;;;
1101655;;JUAZEIRO;;JUAZEIRO;AVANÇO;;75;;;;7.1.6.3;60%;;;;EDIE JONNES;;-9.5121801;-40.6138554;;;;;;;;;;AL - GRUA - ENT. JUNCO SALITRE - RURAL;MMGD;NÃO INICIADA;A SOLICITAR;ENTRAR 2 TURMA EM JANEIRO;VICTOR BARROS;0;;;;;;NÃO;;Ver no Mapa;;;;
0994094;;JUAZEIRO;;PILÃO ARCADO;CONCLUIDA;;162;;;;14.7.3;100%;;;JACSON;SANTIAGO;;-9.9189224;-42.7500441;;27/12/2025;;;;;;;;MP-CIND-POV LAGOA DO BENEDITO- LAGOA;INSTITUCIONAL;CONCLUÍDA;COMPLETO;;MARLOS LOPES ;19;;24/11/2025;31/12/2025;;SIM;NÃO;;Ver no Mapa;25/11/2025;27/12/2025;SIM;
1113834;;JUAZEIRO;;PILÃO ARCADO;AVANÇO;;416;;;;7.1.2.3;100%;;;;PAULO JUNIOR;;-9.9331343;-42.9012232;;;;;;;;;;AC-CIND ESCOLA MUN.DE BREJINHO-RURAL;QLP;NÃO INICIADA;A SOLICITAR;;DIEGO ALMEIDA;65;;;;;SIM;NÃO;;Ver no Mapa;;;;
1195081;;JUAZEIRO;;REMANSO;AVANÇO;;2;;;;7.1.2.3;50%;;;PEDRO LINO;ANDERSON;;-9.6019523;-42.0840707;;;;;;;;;;EQ COEL ROD BR 324 RURAL;EQUIPAMENTO;ESCAVAÇÃO;A SOLICITAR;REMOVIDO EM CONJUNTO COM COELBA ;MARLOS LOPES ;1;;15/12/2025;20/12/2025;;SIM;SIM;;Ver no Mapa;;;;
1228689;;JUAZEIRO;;REMANSO;CONCLUIDA;;3;;;;7.1.1.3;100%;;;;MICHEL;;-9.6116806;-42.079253;;;;;;;;;;UB-CIND-RUA-B-J ESPLANADA;OBRAS ÁGEIS;CONCLUÍDA;A SOLICITAR;;MARLOS LOPES ;1;;15/12/2025;16/12/2025;;;NÃO;;Ver no Mapa;;;;
1225098;;JUAZEIRO;;REMANSO;EM EXECUÇÃO;;6;;;;8.2.2.3;100%;;;;SANTIAGO;;-9.514847;-43.309865;;;;;;;;;;ME-COEL-REATOR PG B707030-RMN-09X3;EQUIPAMENTO;EQUIPAMENTO;VIA E-MAIL;;MARLOS LOPES ;0;;17/12/2025;22/12/2025;;SIM;NÃO;;Ver no Mapa;;;;
1146807;;JUAZEIRO;;SOBRADINHO;CONCLUIDA;;2;2;;;8.4.1.1;100%;;;PEDRO LINO;ANDERSON;;-9.5366625;-40.9057719;;03/11/2025;;;;;;;;NT-RECOND-SBO-01S4-D134830-Q023936;EQUIPAMENTO;ENERGIZADA;COMPLETO;;DIEGO ALMEIDA;1;;29/10/2025;21/11/2025;;SIM;NÃO;;Ver no Mapa;08/10/2025;03/11/2025;SIM;
1170764;;JUAZEIRO;;UAUÁ;AVANÇO;;25;;;;8.2.1.3;50%;;;DOMINGOS;RODRIGUES;;-9.8301307;-39.4773741;;;;;;;;;;ME-COEL-RUA-PAULO MACHADO -357 🕯️;;IMPLANTAÇÃO;COMPLETO;;CARLOS EDUARDO;0;13/11/2025;20/11/2025;26/12/2025;;;NÃO;;Ver no Mapa;;;;
1225155;;JUAZEIRO;;REMANSO;EM EXECUÇÃO;;5;;;;8.2.2.3;100%;;;;SANTIAGO;;-9.4888497;-43.515759;;;;;;;;;;ME-COEL-POV-AZULAO-ALTO DA BELA VISTA;MELHORIA;EQUIPAMENTO;COMPLETO;;MARLOS LOPES ;0;;;30/12/2025;;SIM;NÃO;;Ver no Mapa;;;;
1210327;;JUAZEIRO;;UAUÁ;CONCLUIDA;;20;20;;;7.1.2.3;100%;;;DOMINGOS;RODRIGUES;;-9.9312168;-39.3249672;;19/11/2025;;;;;;;;ER-CIND-POV-CAITITUS-CAITITUS 🕯️;QLP;ENERGIZADA;COMPLETO;;CARLOS EDUARDO;1;19/11/2025;05/11/2025;11/11/2025;;SIM;SIM;;Ver no Mapa;05/11/2025;19/11/2025;SIM;
1144762;;JUAZEIRO;;UAUÁ;CONCLUIDA;;1;5;;;1.2.2.2.3;100%;;;PEDRO LINO;ANDERSON;;-9.8468026;-39.4664253;;06/11/2025;;;;;;;;SE UAU 34 5 13 8KV;;ENERGIZADA;COMPLETO;;CARLOS EDUARDO;0;;;;;SIM;NÃO;;Ver no Mapa;23/10/2025;06/11/2025;SIM;
1228505;;JUAZEIRO;;UAUÁ;CONCLUIDA;;5;5;;;7.1.2.3 ;100%;;;DOMINGOS;RODRIGUES;;-10.1044118;-39.4941886;;18/11/2025;;;;;;;;ER-CIND-POV-S O PAULO-RURAL;JUDICIAL;ENERGIZADA;COMPLETO;;CARLOS EDUARDO;1;;14/11/2025;17/11/2025;;;;;Ver no Mapa;17/11/2025;18/11/2025;18/11/2025;
1092651;;JUAZEIRO;;SENTO SÉ;CONCLUIDA;;15;15;;;14.4.12.1;100%;;;JACSON;SANTIAGO;;-9.8048531;-41.4354007;;04/09/2025;;;;;;;;MP-CCOL-RUA DA CONCEIÇÃO-RURAL;;ENERGIZADA;;;SANDRO SANTOS;3;;06/08/2025;04/09/2025;04/09/2025;SIM;SIM;;Ver no Mapa;;;04/09/2025;
1141818;;JUAZEIRO;;CASA NOVA;CONCLUIDA;;0;0;;;7.1.2.2;100%;;;IVONALDO;SANTIAGO;;-9.3099092;-41.138693;;29/09/2025;;;;;;;;ER-CIND-SI-PASCACIO-RURAL;;CONCLUÍDA;;IVONALDO / FERNANDO;SANDRO SANTOS;;26/09/2025;10/09/2025;26/09/2025;;NÃO;SIM;;Ver no Mapa;10/09/2025;26/09/2025;29/09/2025;
1196624;;JUAZEIRO;;JUAZEIRO;CONCLUIDA;;0;;;;7.1.1.3;100%;;;MANUTENÇÃO;ANDERSON;;-9.4449179;-40.5157863;;19/09/2025;;;;;;;;AC-CIND-RUA-MALHADA DA AREIA-MALHADA DA;;CONCLUÍDA;;;VICTOR BARROS;1;1;27/08/2025;27/09/2025;;SIM;SIM;;Ver no Mapa;13/08/2025;19/09/2025;19/09/2025;
1166448;;JUAZEIRO;;JUAZEIRO;CONCLUIDA;;0;0;;;7.1.1.3;100%;;;RICARDO LV;ANDERSON;;-9.45761486;-40.487645;;09/09/2025;;;;;;;;RU-CIND-AV-1-QDL-N33-DESTRITO INDUSTRIAL;;ENERGIZADA;;OURO;SANDRO SANTOS;;;05/09/2025;05/09/2025;;SIM;NÃO;;Ver no Mapa;05/09/2025;09/09/2025;09/09/2025;
1205723;;JUAZEIRO;;JUAZEIRO;CONCLUIDA;;0;0;;;7.1.2.3;100%;;;PEDRO LINO;ANDERSON;;-9.5855604;-39.8828214;;09/09/2025;;;;;;;;AC-CIND-POV-PINHOES-PINHOES;;CONCLUÍDA;;IVONALDO/ PEPEU;VICTOR BARROS;1;09/09/2025;09/09/2025;26/09/2025;;SIM;;;Ver no Mapa;;;10/09/2025;
1203100;;JUAZEIRO;;UAUÁ;CONCLUIDA;;0;;;;7.1.2.3;100%;;;MANUTENÇÃO;ANDERSON;;;;;26/09/2025;;;;;;;;AC-CIND-RUA-ANGELO PEREIRA SILVA-RURAL;;CONCLUÍDA;;SOLICITAÇÃO DANIELA;;1;;26/09/2025;26/09/2025;;NÃO;NÃO;;;26/09/2025;26/09/2025;29/09/2025;
1233002;;JUAZEIRO;;REMANSO;AVANÇO;;5;;;;8.2.2.3;80%;;;;ANDERSON;;-9,508105;-43,0387036;;;;;;;;;;ME-COEL-POV-AZULAO-ALTO DO BELA VISTA;MELHORIA;NÃO INICIADA;;;MARLOS LOPES ;0;;;;;SIM;NÃO;;Ver no Mapa;;;;
1233010;;JUAZEIRO;;REMANSO;AVANÇO;;4;;;;8.2.2.3;80%;;;;ANDERSON;;-9,5572145;-43,054515;;;;;;;;;;ME-CIND-RUA- AZULAO-ALTO DA BELA VISTA;MELHORIA;NÃO INICIADA;;;MARLOS LOPES ;0;;;;;SIM;NÃO;;Ver no Mapa;;;;
1225098;;JUAZEIRO;;REMANSO;AVANÇO;;6;;;;8.2.2.3;80%;;;;ANDERSON;;-9,5148474;-43,3098654;;;;;;;;;;ME-COEL-REATOR PG B707030-RMN-09X3;MELHORIA;NÃO INICIADA;;;MARLOS LOPES ;0;;;;;SIM;NÃO;;Ver no Mapa;;;;
1227190;;JUAZEIRO;;SOBRADINHO;CONCLUIDA;;15;;;;7.1.2.3;100%;;;JUAREZ;EDIE JONNES;;-9.4727577;-40.9236716;;19/12/2025;;;;;;;;ER-CIND-POV-ALGODAO VELHO-RURAL;QLP;CONCLUÍDA;COMPLETO;3 EQUIPES;SANDRO SANTOS;1;;18/12/2025;19/12/2025;;SIM;NÃO;;Ver no Mapa;16/12/2025;19/12/2025;SIM;
1044215;;JUAZEIRO;;SOBRADINHO;CONCLUIDA;;11;;;;7.1.2.3;100%;;;JUAREZ;EDIE JONNES;;-9.5955852;-41.0431487;;23/12/2025;;;;;;;;AC-CIND-POV-BREJO DE DENTRO-RURAL;QLP;CONCLUÍDA;COMPLETO;3 EQUIPES ;SANDRO SANTOS;0;;22/12/2025;23/12/2025;;NÃO;NÃO;;Ver no Mapa;22/12/2025;23/12/2025;SIM;
1170764;;JUAZEIRO;;UAUÁ;CONCLUIDA;;25;;;;8.2.1.3;100%;;;CARLOS EDUARDO;RODRIGUES;;-9.8301307;-39.4773741;;23/11/2025;;;;;;;;ME-COEL-RUA-PAULO MACHADO -357🕯️;NOVOS QUESTIONAMENTOS ANEEL;CONCLUÍDA;COMPLETO;;CARLOS EDUARDO;0;;;24/12/2025;;;NÃO;;Ver no Mapa;20/11/2025;23/11/2025;SIM;
1184625;;JUAZEIRO;;CASA NOVA;CONCLUIDA;;1;;;;7.1.2.3;100%;;;PAULO;SANTIAGO;;-9.283943;-41.029831;;;;;;;;;;ER-CIND-POV-MALVAO-RURAL;PRIORIDADE PLANO ANEEL;NÃO INICIADA;COMPLETO;;DIEGO ALMEIDA;1;;15/01/2026;15/01/2026;;;NÃO;;Ver no Mapa;;;;
1198610;;JUAZEIRO;;CASA NOVA;CONCLUIDA;;5;;;;7.1.2.3;100%;;;PAULO;SANTIAGO;;-9.157261;-41.023223;;;;;;;;;;ER-CIND-ET-LAD SAO VITOR-RURAL-CASA NOVA;PRIORIDADE PLANO ANEEL;CONCLUÍDA;COMPLETO;;DIEGO ALMEIDA;1;;19/01/2026;20/01/2026;;;NÃO;;Ver no Mapa;09/01/2026;10/1/2026;12/01/2026;
1224493;;JUAZEIRO;;CASA NOVA;PROGRAMADA;;24;;;;7.1.2.3;100%;;;PAULO;SANTIAGO;;-9.12067;-41.164259;;;;;;;;;;ER-CIND-SI-ALGODAO-LAGEDO;INSTITUCIONAL;NÃO INICIADA;COMPLETO;;DIEGO ALMEIDA;2;;;30/01/2026;;;NÃO;;Ver no Mapa;;;;
0269848;;JUAZEIRO;;CASA NOVA;AVANÇO;;49;;;;14.7.3;40%;;;;PAULO JUNIOR;;-9.081642;-41.084308;;;;;;;;;;RR - SÍTIO PAU FERRO;INSTITUCIONAL;NÃO INICIADA;A SOLICITAR;;DIEGO ALMEIDA;4;;25/01/2026;23/04/2026;;;NÃO;;Ver no Mapa;;;;
1200696;;JUAZEIRO;;CASA NOVA;AVANÇO;;80;;;;7.1.2.3;25%;;;PAULO;SANTIAGO;;-9.239918;-41.429965;;;;;;;;;;AC-CIND REG FV. SI BARRA - RURAL;GOVERNO;NÃO INICIADA;A SOLICITAR;;MARLOS LOPES ;5;;19/01/2026;26/02/2026;;;NÃO;;Ver no Mapa;;;;
1146117;;JUAZEIRO;;CASA NOVA;AVANÇO;;455;;;;14.7.1;40%;;;;PAULO JUNIOR;;-9.239698;-41.78977;;;;;;;;;;MP-CCOL-POV DESTERRO-CAI ARA-RURAL-II;GOVERNO;NÃO INICIADA;A SOLICITAR;;DIEGO ALMEIDA;14;;08/01/2026;26/04/2026;;;NÃO;;Ver no Mapa;;;;
0763601;;JUAZEIRO;;CASA NOVA;AVANÇO;;541;;;;14.7.3;65%;;;;PAULO JUNIOR;;-9.1112573;-41.3759639;;;;;;;;;;MP-CCOL-POV CANOINHA-RURAL;REPUTACIONAL;NÃO INICIADA;A SOLICITAR;;;25;;04/10/2026;18/03/2026;;;NÃO;;Ver no Mapa;;;;
0724125;;JUAZEIRO;;CASA NOVA;AVANÇO;;715;;;;14.7.3;40%;;;;PAULO JUNIOR;;-9.244758;-41.26074;;;;;;;;;;MP-CCOL-REG PEDRA DO BATISTA-RURAL;REPUTACIONAL;NÃO INICIADA;A SOLICITAR;;MARLOS LOPES ;36;;30/01/2026;30/04/2026;;;NÃO;;Ver no Mapa;;;;
0852090;;JUAZEIRO;;CURAÇÁ;AVANÇO;;300;;;;14.7.3;40%;;;;;;-9.130781;-39.697986;;;;;;;;;;MP-CCOL-FAZ CARAÍBA-RURAL;INSTITUCIONAL;NÃO INICIADA;A SOLICITAR;;CARLOS EDUARDO;27;;23/01/2026;17/05/2026;;;NÃO;;Ver no Mapa;;;;
1160620;;JUAZEIRO;;CURAÇÁ;PROGRAMADA;;24;;;;7.1.2.3;100%;;;EDVALDO;RODRIGUES;;-8.659391;-39.542661;;;;;;;;;;ER-CIND-POV-MATINHA-RURAL-ARVORE;PRIORIDADE PLANO ANEEL;NÃO INICIADA;COMPLETO;;CARLOS EDUARDO;2;;06/01/2026;19/01/2026;19/01/2026;;NÃO;;Ver no Mapa;;;;
1210465;;JUAZEIRO;;CURAÇÁ;AVANÇO;;31;;;;14.7.3;40%;;;;;;-9.384679;-39.695157;;;;;;;;;;ER-CIND-FAZ-LAMINHA-RURAL;AVIFAUNA;NÃO INICIADA;COMPLETO;;CARLOS EDUARDO;3;;31/01/2026;27/02/2026;;;NÃO;;Ver no Mapa;;;;
0982827;;JUAZEIRO;;CURAÇÁ;AVANÇO;;5;;;;7.1.2.3;25%;;;;;;-9.128851;-39.694123;;;;;;;;;;RR-CIND-POV-BAIXA DAS QUIXADEIRAS-RURAL;;NÃO INICIADA;A SOLICITAR;;CARLOS EDUARDO;1;;29/01/2026;26/02/2026;;;NÃO;;Ver no Mapa;;;;
1235808;;JUAZEIRO;;JUAZEIRO;CONCLUIDA;;1;;;;7.1.2.3;100%;;;PEDRO LINO;IVONALDO;;-9.448104;-40.507741;;06/01/2026;;;;;;;;UB-CIND-AV-IRMA DULCE 10-URBANA;PRIORIDADE PLANO ANEEL;CONCLUÍDA;COMPLETO;;VICTOR BARROS;7;;06/01/2026;06/01/2026;;NÃO;NÃO;;Ver no Mapa;05/01/2026;06/01/2026;SIM;
1161591;;JUAZEIRO;;JUAZEIRO;CONCLUIDA;;4;;;;7.1.2.3;100%;;;NELSON;EDIE JONNES;;-9.225329;-40.295462;;;;;;;;;;RR-CIND-FAZ-MANICOBA VELHA-SISTEMA M;PRIORIDADE PLANO ANEEL;ESCAVAÇÃO;COMPLETO;;DIEGO ALMEIDA;1;;06/01/2026;07/01/2026;;NÃO;NÃO;;Ver no Mapa;;;;
1145919;;JUAZEIRO;;JUAZEIRO;CONCLUIDA;;15;;;;7.1.2.3;100%;;;FABIO;EDIE JONNES;;-9.201209;-40.236227;;;;;;;;;;MP CIND POV JUREMA VERMELHA RURAL;RECLAMAÇÃO;CONCLUÍDA;COMPLETO;;DIEGO ALMEIDA;;;06/01/2026;17/01/2026;;SIM;NÃO;;Ver no Mapa;;;;
1206096;;JUAZEIRO;;JUAZEIRO;PROGRAMADA;;2;;;;8.2.1.3;100%;;;NELSON;IVONALDO;;-9.4220855;-40.493182;;;;;;;;;;ME-COEL-CJN-QD D 20-SAO GERALDO;NOVOS QUESTIONAMENTOS ANEEL;ESCAVAÇÃO;COMPLETO;;VICTOR BARROS;0;;07/01/2026;12/01/2026;;NÃO;NÃO;;Ver no Mapa;;;;
1171777;;JUAZEIRO;;JUAZEIRO;CONCLUIDA;;1;;;;14.4.12.1;100%;;;NELSON;EDIE JONNES;;-9.060874;-40.230229;;;;;;;;;;ER - CIND POV PONTAL 22 -RURAL;JUDICIAL;CONCLUÍDA;COMPLETO;;CARLOS EDUARDO;1;;08/01/2026;08/01/2026;;NÃO;NÃO;;Ver no Mapa;;;;
1211449;;JUAZEIRO;;JUAZEIRO;CONCLUIDA;;2;;;;7.1.2.3;100%;;;NELSON;IVONALDO;;-9.190403;-40.285133;;;;;;;;;;AC-CIND-FAZ-MANICOBA-SISTEMA MANICOBA;PRIORIDADE PLANO ANEEL;CONCLUÍDA;COMPLETO;;DIEGO ALMEIDA;1;;08/01/2026;12/01/2026;;NÃO;NÃO;;Ver no Mapa;;10/01/2026;;
1229081;;JUAZEIRO;;JUAZEIRO;CONCLUIDA;;0;;;;7.1.2.3;100%;;;DOMINGOS;IVONALDO;;-9.511133;-39.950607;;;;;;;;;;ER-CIND-POV-TANQUE NOVO-RURAL;QLA;CONCLUÍDA;COMPLETO;;CARLOS EDUARDO;;;10/01/2026;12/01/2026;;NÃO;NÃO;;Ver no Mapa;;;;
1205091;;JUAZEIRO;;JUAZEIRO;PROGRAMADA;;0;;;;7.1.2.3;100%;;;FABIO;IVONALDO;;-9.32959;-40.297117;;;;;;;;;;AC-CIND-AV-JORGE KHOURY-VILA SANTA INES;PRIORIDADE PLANO ANEEL;NÃO INICIADA;COMPLETO;;DIEGO ALMEIDA;1;;12/01/2026;12/01/2026;;NÃO;NÃO;;Ver no Mapa;;;;
1182462;;JUAZEIRO;;JUAZEIRO;CONCLUIDA;;1;;;;7.1.2.3;100%;;;NELSON;IVONALDO;;-9.498119;-40.186957;;;;;;;;;;ER-CIND-POV-LAGOA DOS BOIS 23-RURAL;PRIORIDADE PLANO ANEEL;CONCLUÍDA;COMPLETO;;SANDRO SANTOS;1;;12/01/2026;12/01/2026;;NÃO;NÃO;;Ver no Mapa;;;;
1203240;;JUAZEIRO;;JUAZEIRO;CONCLUIDA;;1;;;;7.1.2.3;100%;;;JUAREZ;IVONALDO;;-9.420795;-40.512504;;;;;;;;;;AC-CIND-RUA-MARIA D LEITE 37-A-J VITORIA;PRIORIDADE PLANO ANEEL;CONCLUÍDA;COMPLETO;;SANDRO SANTOS;1;;12/01/2026;12/01/2026;;SIM;NÃO;;Ver no Mapa;;;;
1214239;;JUAZEIRO;;JUAZEIRO;CONCLUIDA;;1;;;;7.1.2.3;100%;;;PEDRO LINO;ANDERSON;;-9.402634;-40.351189;;;;;;;;;;IE-RELIGADOR-ROD. BA210-SPECIAL FRUIT;REPUTACIONAL;EQUIPAMENTO;COMPLETO;;DIEGO ALMEIDA;0;;13/01/2026;14/01/2026;;NÃO;NÃO;;Ver no Mapa;;;;
1210502;;JUAZEIRO;;JUAZEIRO;CONCLUIDA;;1;;;;7.1.2.3;100%;;;PEDRO LINO;EDIE JONNES;;-9.247476;-40.299739;;;;;;;;;;ER-CIND-FAZ-MANICOBA VELHA I 10-SISTEMA;PRIORIDADE PLANO ANEEL;NÃO INICIADA;COMPLETO;;DIEGO ALMEIDA;1;;15/01/2026;15/01/2026;;SIM;NÃO;;Ver no Mapa;;;;
1182483;;JUAZEIRO;;JUAZEIRO;CONCLUIDA;;3;;;;7.1.2.3;100%;;;NELSON;EDIE JONNES;;-9.241409;-40.240577;;;;;;;;;;AC-CIND-POV-JAZIDA 07-JAZIDA;PRIORIDADE PLANO ANEEL;NÃO INICIADA;COMPLETO;;DIEGO ALMEIDA;1;;16/01/2026;16/01/2026;;NÃO;NÃO;;Ver no Mapa;;;;
1235654;;JUAZEIRO;;JUAZEIRO;CONCLUIDA;;1;;;;7.1.2.3;100%;;;JOSE DA SILVA;IVONALDO;;-9.621671;-40.54422;;;;;;;;;;ER-CIND-FAZ-MANGA-RIO SALITRE;JUDICIAL;CONCLUÍDA;COMPLETO;;SANDRO SANTOS;1;;17/01/2026;17/01/2026;;NÃO;NÃO;;Ver no Mapa;;13/01/2026;;
1215540;;JUAZEIRO;;JUAZEIRO;CONCLUIDA;;3;;;;7.1.2.3;100%;;;NELSON;IVONALDO;;-9.473941;-40.677269;;;;;;;;;;AC-PREF-POV-SAO GONCALO 17-SAO GONCALO;GOVERNO;CONCLUÍDA;COMPLETO;;SANDRO SANTOS;1;30/01/2026;19/01/2026;20/01/2026;;NÃO;NÃO;;Ver no Mapa;;;;
1231940;;JUAZEIRO;;JUAZEIRO;CONCLUIDA;;5;;;;8.2.1.3;100%;;;NELSON;IVONALDO;;-9.425472;-40.510967;;;;;;;;;;ME-COEL-AV-2-LOT SOL LEVANTE;NOVOS QUESTIONAMENTOS ANEEL;CONCLUÍDA;COMPLETO;;SANDRO SANTOS;0;;20/01/2026;20/01/2026;;NÃO;NÃO;;Ver no Mapa;;;;
1234127;;JUAZEIRO;;JUAZEIRO;PROGRAMADA;;35;;;;8.3.2.3;100%;;;NELSON;IVONALDO;;-9.4342076;-40.501419;;;;;;;;;;RC-PREF-AV-B ALMEIDA MORAES-J S PAULO;GOVERNO;NÃO INICIADA;A SOLICITAR;;SANDRO SANTOS;0;;12/01/2026;31/01/2026;;NÃO;NÃO;;Ver no Mapa;;;;
1048624;;JUAZEIRO;;JUAZEIRO;EM EXECUÇÃO;;34;;;;14.7.3;100%;;;FABIO;EDIE JONNES;;-9.232949;-40.234116;;;;;;;;;;MP-CCOL-POV-JAZILDA-RURAL;SOLICITAÇÃO ATENDIMENTO;ESCAVAÇÃO;COMPLETO;;CARLOS EDUARDO;2;;19/01/2026;30/01/2026;;NÃO;NÃO;;Ver no Mapa;;;;
1167094;;JUAZEIRO;;JUAZEIRO;AVANÇO;;33;;;;14.4.12.1;50%;;;;IVONALDO;;-9.800948;-40.344051;;;;;;;;;;MP CIND FAZ. CIPO JUREMAL RURAL;JUDICIAL;NÃO INICIADA;COMPLETO;;SANDRO SANTOS;1;;28/01/2026;28/02/2026;;NÃO;NÃO;;Ver no Mapa;;;;
1024327;;JUAZEIRO;;JUAZEIRO;AVANÇO;;41;;;;14.7.3;40%;;;;EDIE JONNES;;-9.3835;-40.275377;;;;;;;;;;ER-CIND-POV-CALDEIRAOZINHO-RURAL;SOLICITAÇÃO ATENDIMENTO;NÃO INICIADA;A SOLICITAR;;CARLOS EDUARDO;5;;26/01/2026;05/03/2026;;NÃO;NÃO;;Ver no Mapa;;;;
1120283;;JUAZEIRO;;JUAZEIRO;EM EXECUÇÃO;;45;;;;8.3.2.3;100%;;;GISMARIO;EDIE JONNES;;-9.4250931;-40.5049497;;;;;;;;;;RC-CIND-AV-DR ADOLFO VIANA-CENTRO;INSTITUCIONAL;NÃO INICIADA;COMPLETO;;CARLOS EDUARDO;0;;;28/02/2026;;NÃO;NÃO;;Ver no Mapa;;;;
1159894;;JUAZEIRO;;JUAZEIRO;EM EXECUÇÃO;;66;;;;7.1.1.3;100%;;;JUAREZ;IVONALDO;;-9.454890;-40.514309;;;;;;;;;;UB-CIND-RUA-JUAZEIRO-2;GOVERNO;NÃO INICIADA;PARCIAL;;VICTOR BARROS;0;;;30/01/2026;;SIM;SIM;;Ver no Mapa;;;;
1162058;;JUAZEIRO;;JUAZEIRO;EM EXECUÇÃO;;37;;;;7.1.2.3;100%;;;CARLOS EDUARDO;RODRIGUES;;-9.464869;-40.3234571;;;;;;;;;;ER-CIND-FAZ-MASSAYO-RURAL;REPUTACIONAL;ESCAVAÇÃO;PARCIAL;chi elevado não consegue desligamento esse ano;VICTOR BARROS;0;;;31/01/2026;;SIM;SIM;;Ver no Mapa;;;;
1162074;;JUAZEIRO;;JUAZEIRO;EM EXECUÇÃO;;46;;;;7.1.2.3;100%;;;CARLOS EDUARDO;RODRIGUES;;-9.4570754;-40.3571651;;;;;;;;;;AC-CIND-FAZ-MASSAYO-RURAL;REPUTACIONAL;IMPLANTAÇÃO;SO CONCRETO;Material retirado para o reator / MARCAR DESLIGAMENTO;VICTOR BARROS;0;;;31/01/2026;;SIM;SIM;;Ver no Mapa;;;;
1176752;;JUAZEIRO;;PILÃO ARCADO;CONCLUIDA;;1;;;;7.1.2.3;100%;;;JACSON;SANTIAGO;;-10.243537;-43.676564;;;;;;;;;;ER-CIND-POV-LAGOA REDONDA-RURAL;PRIORIDADE PLANO ANEEL;CONCLUÍDA;COMPLETO;;MARLOS LOPES ;1;15/01/2026;15/01/2026;15/01/2026;;;NÃO;;Ver no Mapa;;;;
1225928;;JUAZEIRO;;PILÃO ARCADO;CONCLUIDA;;13;;;;7.1.2.3;100%;;;JACSON;SANTIAGO;;-9.756372;-42.594717;;;;;;;;;;ER-CIND-SI-BARRERINHO-RURAL-PILAO ARCADO;PRIORIDADE PLANO ANEEL;NÃO INICIADA;COMPLETO;;MARLOS LOPES ;4;29/01/2026;26/01/2026;30/01/2026;;;NÃO;;Ver no Mapa;;;;
1113834;;JUAZEIRO;;PILÃO ARCADO;A PROGRAMAR;;20;;;;7.1.2.3;100%;;;;SANTIAGO;;-9.9331343;-43.902232;;;;;;;;;;AC-CIND ESCOLA MUN.DE BREJINHO-RURAL;PRIORIDADE PLANO ANEEL;NÃO INICIADA;A SOLICITAR;;;65;;08/07/2025;28/02/2026;;;NÃO;;Ver no Mapa;;;;
1067400;;JUAZEIRO;;PILÃO ARCADO;AVANÇO;;331;;;;7.1.2.3;40%;;;JACSON;SANTIAGO;;-10.426101;-42.569698;;;;;;;;;;MP CIND CIND POV QUEIMADAS RURAL;JUDICIAL;NÃO INICIADA;A SOLICITAR;;MARLOS LOPES ;106;;29/01/2026;29/04/2026;;;NÃO;;Ver no Mapa;;;;
0478517;;JUAZEIRO;;REMANSO;AVANÇO;;580;;;;14.7.3;40%;;;;PAULO JUNIOR;;-9.614871;-41.801225;;;;;;;;;;MP-CCOL-POV. DE MONTE ALEGRE-RURAL;JUDICIAL;NÃO INICIADA;A SOLICITAR;;MARLOS LOPES ;52;;25/01/2026;27/06/2026;;;NÃO;;Ver no Mapa;;;;
1200645;;JUAZEIRO;;REMANSO;PROGRAMADA;;8;;;;7.1.2.3;100%;;;;PAULO JUNIOR;;-9.42607;-42.387157;;;;;;;;;;AC-CIND- POV.MORRO BRANCO (F.V.)-RURAL;PRIORIDADE PLANO ANEEL;NÃO INICIADA;COMPLETO;;MARLOS LOPES ;1;;12/01/2026;30/01/2026;;;NÃO;;Ver no Mapa;;;;
1233002;;JUAZEIRO;;REMANSO;PROGRAMADA;;5;;;;8.2.2.3;100%;;;PEDRO LINO;ANDERSON;;-9.5572145;-43.054515;;;;;;;;;;ME-COEL-POV-AZULAO-ALTO DO BELA VISTA;EQUIPAMENTO;NÃO INICIADA;A SOLICITAR;SERÁ EXECUTADA A PARTIR DE FEVEREIRO ;MARLOS LOPES ;0;;;26/01/2026;31/01/2026;;NÃO;;Ver no Mapa;;;;
1233010;;JUAZEIRO;;REMANSO;PROGRAMADA;;4;;;;8.2.2.3;100%;;;PEDRO LINO;ANDERSON;;-9.5572145;-43.054515;;;;;;;;;;ME-CIND-RUA- AZULAO-ALTO DA BELA VISTA;EQUIPAMENTO;NÃO INICIADA;A SOLICITAR;SERÁ EXECUTADA A PARTIR DE FEVEREIRO ;MARLOS LOPES ;0;;;19/01/2026;23/01/2026;;NÃO;;Ver no Mapa;;;;
1167101;;JUAZEIRO;;REMANSO;A PROGRAMAR;;28;;;;14.7.3;100%;;;;PAULO JUNIOR;;-9.418078;-42.371301;;;;;;;;;;MP CIND POV MORRO BRANCO MORRO BRANCO RU;LPT;NÃO INICIADA;COMPLETO;;MARLOS LOPES ;4;;12/01/2026;30/01/2026;;;NÃO;;Ver no Mapa;;;;
1024327;;JUAZEIRO;;JUAZEIRO;PROGRAMADA;;41;;;;14.7.3;50%;;;;EDIE JONNES;;-9,3837713;-40,2750484;;;;;;;;;;ER-CIND-POV-CALDEIRAOZINHO-RURAL;SOLICITAÇÃO ATENDIMENTO;ESCAVAÇÃO;A SOLICITAR;;CARLOS EDUARDO;5;;26/01/2026;05/03/2026;;;NÃO;;;;;;
1195628;;JUAZEIRO;;REMANSO;CONCLUIDA;;1;;;;7.1.2.3;100%;;;MAURICIO;PAULO JUNIOR;;-9.8978826;-42.2925298;;;;;;;;;;ER-CIND-POV-MALHADINHA-NOVA ESPERANCA;PRIORIDADE PLANO ANEEL;CONCLUÍDA;COMPLETO;;MARLOS LOPES ;1;;;21/01/2026;21/01/2026;;NÃO;;Ver no Mapa;;;;
1200640;;JUAZEIRO;;REMANSO;A PROGRAMAR;;26;;;;14.7.3;100%;;;JACSON;SANTIAGO;;-9.42323989;-42.3867945;;;;;;;;;;RR-CIND-POV-MORRO BRANCO-RURAL;LPT;NÃO INICIADA;COMPLETO;;MARLOS LOPES ;2;;12/01/2026;31/01/2026;;;NÃO;;Ver no Mapa;;;;
1126380;;JUAZEIRO;;SENTO SÉ;CONCLUIDA;;19;;;;7.1.2.3;100%;;;WAGNER;EDIE JONNES;;-9.826315;-41.4656082;;;;;;;;;;LD-CIND-FAZ S O JOAO-RURAL-STS;JUDICIAL;NÃO INICIADA;COMPLETO;;SANDRO SANTOS;2;;21/01/2026;26/01/2026;;;NÃO;;Ver no Mapa;;;;
1225704;;JUAZEIRO;;SENTO SÉ;PROGRAMADA;;14;;;;7.1.2.3;100%;;;WAGNER;EDIE JONNES;;-9.873594;-41.081387;;;;;;;;;;ER-CIND-POV-JUNCO 10-JUNCO;QLP;NÃO INICIADA;COMPLETO;;SANDRO SANTOS;1;;23/01/2026;27/01/2026;;;NÃO;;Ver no Mapa;;;;
1173082;;JUAZEIRO;;SENTO SÉ;PROGRAMADA;;3;;;;14.4.12.1;100%;;;WAGNER;EDIE JONNES;;-10.315422;-41.8298749;;;;;;;;;;ER-CIND-POV-SÃO PEDRO-RURAL;RECLAMAÇÃO;NÃO INICIADA;COMPLETO;;SANDRO SANTOS;1;;27/01/2026;28/01/2026;;;NÃO;;Ver no Mapa;;;;
1225301;;JUAZEIRO;;SENTO SÉ;PROGRAMADA;;8;;;;7.1.2.3;100%;;;WAGNER;EDIE JONNES;;-9.738677;-41.977129;;;;;;;;;;ER-CIND-POV-ILHA ANDORINHA-RURAL;QLP;NÃO INICIADA;COMPLETO;;SANDRO SANTOS;2;;28/01/2026;31/01/2026;;;NÃO;;Ver no Mapa;;;;
1226571;;JUAZEIRO;;SENTO SÉ;PROGRAMADA;;3;;;;7.1.2.3;100%;;;WAGNER;EDIE JONNES;;-9.863622;-41.793853;;;;;;;;;;RR-CIND-FAZ-SANDRA -RURAL;PRIORIDADE PLANO ANEEL;NÃO INICIADA;COMPLETO;PENDENTE TRAFO;SANDRO SANTOS;1;;29/01/2026;30/01/2026;;;NÃO;;Ver no Mapa;;;;
1117330;;JUAZEIRO;;UAUÁ;CONCLUIDA;;12;;;;14.4.12.1;100%;;;DOMINGOS;RODRIGUES;;-10.01758;-39.545825;;;;;;;;;;LD - CIND - POV TESTA BRANCA - RURAL;SOLICITAÇÃO ATENDIMENTO;CONCLUÍDA;COMPLETO;;CARLOS EDUARDO;1;;06/01/2026;10/1/2026;;SIM;NÃO;;Ver no Mapa;;;;
1234256;;JUAZEIRO;;UAUÁ;CONCLUIDA;;0;;;;7.1.2.3;100%;;;DOMINGOS;RODRIGUES;;-9.891204;-39.491032;;;;;;;;;;ER-CIND-FAZ-PRACA DOS MENEZES-RURAL;PRIORIDADE PLANO ANEEL;CONCLUÍDA;COMPLETO;;CARLOS EDUARDO;1;;12/01/2026;12/01/2026;;;NÃO;;Ver no Mapa;;;;
1234504;;JUAZEIRO;;UAUÁ;CONCLUIDA;;3;;;;7.1.2.3;100%;;;DOMINGOS;RODRIGUES;;-10.049202;-39.508504;;;;;;;;;;ER-CIND-FAZ-SERRA DO SOBRADO-RURAL;PRIORIDADE PLANO ANEEL;NÃO INICIADA;COMPLETO;;CARLOS EDUARDO;1;;13/01/2026;13/01/2026;;;NÃO;;Ver no Mapa;;;;
1202932;;JUAZEIRO;;UAUÁ;AVANÇO;;5;;;;8.6.3;50%;;;DOMINGOS;RODRIGUES;;-9.95468;-39.207082;;;;;;;;;;IS-COEL-POV-ALTO-DO CONCELHEIRO;GOVERNO;NÃO INICIADA;COMPLETO;;CARLOS EDUARDO;0;3 DESLIGAMENTOS;14/01/2026;26/01/2026;;;NÃO;;Ver no Mapa;;;;
1233357;;JUAZEIRO;;UAUÁ;CONCLUIDA;;5;;;;7.1.2.3;100%;;;DOMINGOS;RODRIGUES;;-9.843976;-39.489286;;;;;;;;;;UB-CIND-RUA-BELA VISTA-CENTRO;PRIORIDADE PLANO ANEEL;CONCLUÍDA;COMPLETO;;CARLOS EDUARDO;1;;16/01/2026;16/01/2026;;;NÃO;;Ver no Mapa;;;;
1211540;;JUAZEIRO;;JUAZEIRO;CONCLUIDA;;2;;;;8.3.2.3;100%;;;NELSON;IVONALDO;;-9.425352;-40.490752;;;;;;;;;;ME-COEL-RUA-AGUAS BELAS-M AREIA-URBANA;AL/MELHORAMENTO;CONCLUÍDA;COMPLETO;;DIEGO ALMEIDA;0;30/01;29/01/2026;07/02/2026;;;NÃO;;Ver no Mapa;;;;
1211728;;JUAZEIRO;;JUAZEIRO;CONCLUIDA;;1;;;;8.3.2.3;100%;;;NELSON;IVONALDO;;-9.492639;-40.4701646;;;;;;;;;;ME-COEL-TRAF J01059-DIJ-01J2;AL/MELHORAMENTO;CONCLUÍDA;COMPLETO;;DIEGO ALMEIDA;0;DESLIGAMENTO DIA 22/01;;;;;NÃO;;Ver no Mapa;;;;
1189765;;JUAZEIRO;;JUAZEIRO;A PROGRAMAR;;1;;;;8.2.1.3;100%;;;NELSON;IVONALDO;;-9.4141514;-40.5052186;;;;;;;;;;ME-COEL-AV-AGUAS BELAS-MALHADA DA AREIA;AL/MELHORAMENTO;NÃO INICIADA;COMPLETO;;SANDRO SANTOS;0;DESLIGAMENTO DIA 28/01;27/01/2026;27/01/2026;;;NÃO;;Ver no Mapa;;;;
1238850;;JUAZEIRO;;SENTO SÉ;PROGRAMADA;;0;;;;8.1.4.2;100%;;;WAGNER ;EDIE JONNES;;-9.7618919;-41.9323564;;;;;;;;;;EQ-CIND-POV-ITAPERA-RURAL;REPUTACIONAL;NÃO INICIADA;COMPLETO;;SANDRO SANTOS;0;;23/01/2026;30/01/2026;;;NÃO;;;;;;
1194018;;JUAZEIRO;;JUAZEIRO;CONCLUIDA;;1;;;;8.2.1.3;100%;;;NELSON;IVONALDO;;-9.4165651;-40.5247917;;;;;;;;;;ME-COEL-AG AGUAS BELAS-MALHADA DA AREIA;;CONCLUÍDA;COMPLETO;;SANDRO SANTOS;0;DESLIGAMENTO DIA 26/01;28/01/2026;28/01/2026;;;NÃO;;Ver no Mapa;;;;
1229077;;JUAZEIRO;;CASA NOVA;CONCLUIDA;;2;;;;7.1.2.3;100%;;;;MICHEL;;-9.394975;-41.230686;;;;;;;;;;ER-CIND-POV-BAIXAO-RURAL;OBRAS ÁGEIS;CONCLUÍDA;COMPLETO;;DIEGO ALMEIDA;1;;30/01/2026;30/01/2026;;;NÃO;;Ver no Mapa;;;;
1195081;;JUAZEIRO;;REMANSO;PROGRAMADA;;2;;;;7.1.2.3;100%;;;PEDRO LINO;ANDERSON;;-9.6019523;-42.0840707;;;;;;;;;;EQ COEL ROD BR 324 RURAL;EQUIPAMENTO;ESCAVAÇÃO;COMPLETO;;MARLOS LOPES ;1;;10/01/2026;30/01/2026;;SIM;SIM;;Ver no Mapa;;;;
1166759;;JUAZEIRO;;CASA NOVA;CONCLUIDA;;2;;;;7.1.2.3;100%;;;PAULO;SANTIAGO;;-9.6295349;-41.8396333;;16/01/2026;;;;;;;;AC-CIND-POV-PARA RURAL-BEM BOM 📸;QLP;CONCLUÍDA;COMPLETO;;DIEGO ALMEIDA;0;;16/01/2026;16/01/2026;;;NÃO;;Ver no Mapa;;16/01/2026;;
1176138;;JUAZEIRO;;CASA NOVA;CONCLUIDA;;1;;;;7.1.2.3;100%;;;PAULO;SANTIAGO;;-9.618595;-41.6521913;;;;;;;;;;IT-CIND-POV-PAU A PIQUE-RURAL;RECLAMAÇÃO;CONCLUÍDA;COMPLETO;;DIEGO ALMEIDA;0;;;;;SIM;NÃO;;Ver no Mapa;;;;
1229394;;JUAZEIRO;;CURAÇÁ;CONCLUIDA;;4;;;;7.1.2.3;100%;;;DOMINGOS;RODRIGUES;;-8.710615;-39.439593;;;;;;;;;;ER-CIND-POV-PEDRA BRANCA-RURAL;QLP;ESCAVAÇÃO;COMPLETO;;CARLOS EDUARDO;17;;15/01/2026;23/01/2026;;;NÃO;;Ver no Mapa;;;;
1225098;;JUAZEIRO;;REMANSO;EM EXECUÇÃO;;6;;;;8.2.2.3;100%;;;;SANTIAGO;;-9.514847;-43.309865;;;;;;;;;;ME-COEL-REATOR PG B707030-RMN-09X3;EQUIPAMENTO;EQUIPAMENTO;VIA E-MAIL;;MARLOS LOPES ;0;;17/12/2025;22/12/2025;;SIM;NÃO;;Ver no Mapa;;;;
1225155;;JUAZEIRO;;REMANSO;CONCLUIDA;;5;;;;8.2.2.3;100%;;;;SANTIAGO;;-9.4888497;-43.515759;;;;;;;;;;ME-COEL-POV-AZULAO-ALTO DA BELA VISTA;MELHORIA;EQUIPAMENTO;COMPLETO;;MARLOS LOPES ;0;;;30/12/2025;;SIM;NÃO;;Ver no Mapa;;;;
1246076;;JUAZEIRO;;JUAZEIRO;CONCLUIDA;;3;;;;;100%;;;GISMARIO;EDIE JONNES;;;;;;;;;;;;;RC-PREF-TRV-ALTO DA -MARAVILHA;OBRA DE URGÊNCIA;;;;SANDRO SANTOS;1;;;;;;;;Ver no Mapa;;;;
