CRITÉRIO;NOTA;PROJETO;TÍTULO;MUNICIPIO;SEPARAR MATERIAL;STATUS;SITUAÇÃO;DATA DESLIG;STATUS 1;CLIET.;PSTP;PST REALZ;PST EXEC;CAVA PRONTA;CAVA P/ DETON;PLANO;AVANÇO;V. PROJETO;VALOR 30%;PV. INÍCIO;PV. FIM;ENCARREGADO;SUPERVISOR;AR;LATITUDE;LONGITUDE;SITUAÇÃO.1;CARTEIRA;OBRAS SIMPLIFICADAS;TECNICO FECHAMENTO;VISITA PRÉVIA;PRÉ FECHAMENTO;SI PG;PG INICIAL;PG FINAL;ORIGEM_ETL;VALOR 25%;LINK MAPS;PRE FECHAMENTO;OBS;TITULO;STATUS 1.1;DATA DE ENERG.;VALOR/PST;Unnamed: 5;GPM;VALOR A FATURAR;TITULO.1;STATUS 2;REPROGRAMAÇÃO;CRITERIO;ESTÁGIO DE OBRAS;RESPONSÁVEL;CLIENTE;PSTP INICIAL;PSTP FINAL;DESLIGAMENTO PROGRAMADO;DATA INICIO PROGRAMADA;DATA FINAL PROGRAMADA;DATA DE REPROGRAMAÇÃO;SERVIÇO COM LV;OBRA MIGRADA;PES;MAPS;DATA INICIAL REAL;DATA FINAL REAL;ENERGIZAÇÃO;ENERG. INFORMADA;OBS.1
REPUTACIONAL;9002801571;237059;MP-CCOL-POV DESTERRO-CAIÇARA-RURAL;CASA NOVA;;LV APENAS;;;NÃO INICIADA;66;733;367;;;;PLANO 14;50%;R$ 4.373.226,44;R$ 1.311.967,93;01/01/2025;31/03/2025;JORGE;JORGE;DIEGO;-9,31621797;-41,81448;;jan.-25;FALSE;;FALSE;FALSE;APROVADA;E680195;E680939;Janeiro 25;;;;;;;;;;;;;;;;;;;;;;;;;;;;;;;;;
REPUTACIONAL;9101940561;1093655;AL - GRUA - FAZ. BAIXA - RURAL;JUAZEIRO;ALIMENTADOR;;MIGRAR;;EM EXECUÇÃO;0;188;141;;;;PLANO 7;100%;R$ 3.555.398,98;R$ 1.066.619,69;13/01/2025;28/02/2025;CARLOS / PAULO;SANTIAGO;VICTOR;-9,5502028;-40,5219799;;jan.-25;FALSE;;FALSE;FALSE;APROVADA;E628933;E629122;Janeiro 25;;;;;;;;;;;;;;;;;;;;;;;;;;;;;;;;;
JUDICIAL;9101937359;1097831;ER-CIND-POV-TAPARICA-RURAL;JUAZEIRO;08/01;LV;MIGRAR;;NÃO INICIADA;1;3;3;;;;PLANO 7;100%;R$ 33.577,54;R$ 8.394,39;10/01/2025;18/01/2025;GERALDO;EDIE JONNES;CARLOS EDUARDO;-9,10517;-40,275412;;jan.-25;FALSE;;FALSE;FALSE;1013573/APROVADA;E681541;E681544;Janeiro 25;;;;;;;;;;;;;;;;;;;;;;;;;;;;;;;;;
LPT;9101964733;1108281;ER-CIND-POV-PAUDARCO-MUQUEM;JUAZEIRO;08/01;EXT BT;MIGRAR;;NÃO INICIADA;1;8;8;;;;PLANO 14;100%;R$ 24.317,68;R$ 6.079,42;13/01/2025;25/01/2025;GERALDO;EDIE JONNES;CARLOS EDUARDO;-9,287844172;-39,96277385;;jan.-25;FALSE;;FALSE;FALSE;959519/APROVADA;E420795;E420803;Janeiro 25;;;;;;;;;;;;;;;;;;;;;;;;;;;;;;;;;
REPUTACIONAL;9102008167;1125306;RR-SEIN-RUA-JOSE CARLOS-PEDRA GRANDE;UAUÁ;10/01;POSSIVEL DL MT 7 UCS;MIGRAR;;NÃO INICIADA;1;38;38;;;;PLANO 14;100%;R$ 192.848,09;R$ 57.854,43;15/01/2025;30/01/2025;MAURICIO;EDIE JONNES;CARLOS EDUARDO;-9,919625;-39,542327;;jan.-25;FALSE;;FALSE;FALSE;1016703/APROVADA;E710556;E710600;Janeiro 25;;;;;;;;;;;;;;;;;;;;;;;;;;;;;;;;;
SOLICITAÇÃO ATENDIMENTO;9101977212;1115260;AC-CIND-RUA-PADRE JOAO FRE-CENTRO;PILÃO ARCADO;21/01;PES REMAT;MIGRAR;06/02;EM EXECUÇÃO;1;4;4;;;;PLANO 7;100%;R$ 69.502,35;R$ 17.375,59;18/01/2025;31/01/2025;DOMINGOS;PAULO JUNIOR / RODRIGUES;DIEGO;-10,000539;-42,480473;;jan.-25;FALSE;;FALSE;FALSE;1016690/APROVADA;E710834;E710841;Janeiro 25;;;;;;;;;;;;;;;;;;;;;;;;;;;;;;;;;
REPUTACIONAL;9101757730;1043511;MP-CCOL-POV-SANTA RITA-RURAL;CASA NOVA;21/01; POSSIVEL DL MT 21 UCS;MIGRAR;;EM EXECUÇÃO;2;30;30;;;;PLANO 14;100%;R$ 369.654,25;R$ 92.413,56;01/10/2025;28/01/2025;DANIEL;PAULO JUNIOR / RODRIGUES;DIEGO;-9,023164033;-40,92362632;;jan.-25;FALSE;;FALSE;FALSE;1016656/APROVADA;E710440;E710474;Janeiro 25;;;;;;;;;;;;;;;;;;;;;;;;;;;;;;;;;
REPUTACIONAL;9102041484;1135698;MP CIND POV LAGOA CANAFISTA RURAL;PILÃO ARCADO;15/01;POSSIVEL DL MT 5 UCS;ENTREGA 31/01;;CONCLUIDA;19;47;47;;;;PLANO 14;100%;R$ 514.349,86;R$ 128.587,47;13/01/2025;29/01/2025;DOMINGOS;PAULO JUNIOR / RODRIGUES;DIEGO;-10,01191718;-42,54126269;;jan.-25;FALSE;;FALSE;FALSE;1016657/APROVADO ;E710475;E710529;Janeiro 25;;;;;;;;;;;;;;;;;;;;;;;;;;;;;;;;;
LPT;9101886245;1077021;ER-CIND-FAZ-MACAMBIRA 52-RURAL;CURAÇÁ;;EXT BT;;;NÃO INICIADA;1;6;6;;;;PLANO 14;100%;R$ 20.555,43;R$ 6.166,63;10/01/2025;17/01/2025;EMERSON;EMERSON;CARLOS EDUARDO;-8,979004;-39,840509;;jan.-25;FALSE;;FALSE;FALSE;1016659/APROVADA;E710530;E710539;Janeiro 25;;;;;;;;;;;;;;;;;;;;;;;;;;;;;;;;;
REPUTACIONAL;9101905381;1090457;MP-CIND-POV-TRAIRAS-RURAL;SENTO SÉ;09/01;PG+ENCABÇ (LV);ENTREGA 31/01;;CONCLUIDA;1;14;14;;;;PLANO 7;100%;R$ 141.631,29;R$ 35.407,82;13/01/2025;28/01/2025;FABIO;SANTIAGO;SANDRO;-9,839898;-41,660409;;jan.-25;FALSE;;FALSE;FALSE;1016660/APROVADA;E710540;E710555;Janeiro 25;;;;;;;;;;;;;;;;;;;;;;;;;;;;;;;;;
LPT;9102012198;1124543;LD - CIND - FAZ RANCHO VELHO - RURAL;JUAZEIRO;;POSSIVEL DL MT 10 UCS;MIGRAR;22/01;NÃO INICIADA;1;7;7;;;;PLANO 14;100%;R$ 84.941,86;R$ 25.482,56;13/01/2025;22/01/2025;PEPEU;EDIE JONNES / ANDERSON;CARLOS EDUARDO;-9,480355;-40,14202;;jan.-25;FALSE;;FALSE;FALSE;1016668/APROVADA;E710807;E710814;Janeiro 25;;;;;;;;;;;;;;;;;;;;;;;;;;;;;;;;;
REPUTACIONAL;9102140320;1171632;ER-CIND-FAZ-BEIRA RIO-SANTA TEREZINHA;UAUÁ;10/01;EXT BT;MIGRAR;;NÃO INICIADA;2;16;16;;;;PLANO 7;100%;R$ 96.099,88;R$ 24.024,97;15/01/2025;25/01/2025;MAURICIO;EDIE JONNES;CARLOS EDUARDO;-10,021087;-39,258733;;jan.-25;FALSE;;FALSE;FALSE;1017632/APROVADO ;E711871;E711886;Janeiro 25;;;;;;;;;;;;;;;;;;;;;;;;;;;;;;;;;
REPUTACIONAL;9102094308;1153137;ER-CCOL-SI-FELICIANO-FELICIANO;UAUÁ;10/01;POSSIVEL DL MT 6 UCS;ENTREGA 31/01;;CONCLUIDA;6;31;31;;;;PLANO 7;100%;R$ 187.168,14;R$ 46.792,04;15/01/2025;30/01/2025;MAURICIO;EDIE JONNES;CARLOS EDUARDO;-9,853718;-39,434687;;jan.-25;FALSE;;FALSE;FALSE;1016704/APROVADA;E710631;E710668;Janeiro 25;;;;;;;;;;;;;;;;;;;;;;;;;;;;;;;;;
JUDICIAL;9101972316;1111815;LD - CIND - FAZ VERMELHO - RURAL;JUAZEIRO;08/01;DESLIG BT;ENTREGA 31/01;24/01;CONCLUIDA;2;16;16;;;;PLANO 14;100%;R$ 197.295,38;R$ 49.323,85;13/01/2025;29/01/2025;GERALDO;EDIE JONNES;CARLOS EDUARDO;-9,290996;-39,917513;;jan.-25;FALSE;;FALSE;FALSE;1016661/APROVADA;E710669;E710686;Janeiro 25;;;;;;;;;;;;;;;;;;;;;;;;;;;;;;;;;
RECLAMAÇÃO REITERADA;9101982721;1122163;ER-CIND-POV-TOME 11-RURAL;JUAZEIRO;13/01;SEM ACESSO;MIGRAR;15/01 / 28/01;EM EXECUÇÃO;1;6;6;;;;PLANO 14;100%;R$ 74.332,27;R$ 18.583,07;10/01/2025;15/01/2025;PEPEU;EDIE JONNES / ANDERSON;VICTOR;-9,433107;-40,284259;;jan.-25;FALSE;;FALSE;FALSE;1016663/APROVADA ;E710687;E710694;Janeiro 25;;;;;;;;;;;;;;;;;;;;;;;;;;;;;;;;;
REPUTACIONAL;9102027642;1127953;MP-SEIN-FAZ-BOQUEIRAO 1800 --W-RURAL;CURAÇÁ;;POSSIVEL DL MT 25 UCS (PG+ENCABÇ);;;NÃO INICIADA;9;71;36;;;;PLANO 14;50%;R$ 375.226,34;R$ 112.567,90;10/01/2025;15/02/2025;EMERSON;EMERSON;CARLOS EDUARDO;-8,9086063;-39,8259879;;jan.-25;FALSE;;FALSE;FALSE;1016714/APROVADA;E710695;E710774;Janeiro 25;;;;;;;;;;;;;;;;;;;;;;;;;;;;;;;;;
AL/MELHORAMENTO;9101909684;1085090;AL-01V2-NOVA TOURÃO-CONSTRUÇÃO (ITEM 2);JUAZEIRO;;;;;NÃO INICIADA;0;41;;;;;;75%;R$ 717.378,39;R$ 215.213,52;01/01/2025;28/02/2025;;;SANDRO DUARTE;-9,436886049;-40,38081355;;;FALSE;;FALSE;FALSE;1017649/APROVADA ;E711976;E712016;Janeiro 25;;;;;;;;;;;;;;;;;;;;;;;;;;;;;;;;;
LPT;9101952332;1103386;ER-CIND-SI-MORADA NOVA-RURAL SISTEMA MAN;JUAZEIRO;08/01;EXT BT;;;CONCLUIDA;1;7;7;;;;PLANO 14;100%;R$ 22.464,98;R$ 5.616,25;13/01/2025;22/01/2025;GERALDO;EDIE JONNES;VICTOR;-9,2609408;-40,2261639;;jan.-25;FALSE;;FALSE;FALSE;1016665/APROVADA;E710775;E710782;Janeiro 25;;;;;;;;;;;;;;;;;;;;;;;;;;;;;;;;;
LPT;9102014140;1123817;ER CIND POV POÇO DE DENTRO RURAL CRC;CURAÇÁ;;LV;;;NÃO INICIADA;1;8;8;;;;PLANO 14;100%;R$ 50.364,62;R$ 15.109,39;10/01/2025;23/01/2025;EMERSON;EMERSON;CARLOS EDUARDO;-9,6221324;-39,7727407;;jan.-25;FALSE;;FALSE;FALSE;1016686/APROVADA;E710783;E710790;Janeiro 25;;;;;;;;;;;;;;;;;;;;;;;;;;;;;;;;;
AL/MELHORAMENTO;9101909686;1085374;AL-01V3-NOVA TOURÃO-CONSTRUÇÃO ITEM 1, 2;JUAZEIRO;;;;;NÃO INICIADA;0;10;;;;;;75%;R$ 491.175,01;R$ 147.352,50;01/01/2025;31/01/2025;;;SANDRO DUARTE;-9,436886049;-40,38081355;;;FALSE;;FALSE;FALSE;1010296;;;Janeiro 25;;;;;;;;;;;;;;;;;;;;;;;;;;;;;;;;;
QLP;9101974951;1115227;ER-CIND-POV-SITIO FORMOSO-SITIO FORMOSO;CAMPO ALEGRE DE LOURDES;13/01;LV;ENTREGA 31/01;;CONCLUIDA;1;12;12;;;;PLANO 7;100%;R$ 199.757,49;R$ 49.939,37;13/01/2025;30/01/2025;AILTON;PAULO JUNIOR / RODRIGUES;DIEGO;-9,734801;-43,19299;;jan.-25;FALSE;;FALSE;FALSE;1016682/APROVADA;E710791;E710806;Janeiro 25;;;;;;;;;;;;;;;;;;;;;;;;;;;;;;;;;
AL/MELHORAMENTO;9101909688;1085227;AL - 01V4 - NOVA TOURÃO - CONSTRUÇÃO;JUAZEIRO;;;;;NÃO INICIADA;0;2;;;;;;75%;R$ 450.205,34;R$ 135.061,60;01/01/2025;28/02/2025;;;SANDRO DUARTE;-9,436886049;-40,38081355;;;FALSE;;FALSE;FALSE;1017645/2025;E711971;E711972;Janeiro 25;;;;;;;;;;;;;;;;;;;;;;;;;;;;;;;;;
QLP;9101827904;1045844;AC-CCOL-POV.ENTRONCAMENTO-REG.FV-RURAL;CASA NOVA;;LV+LM;MIGRAR;;NÃO INICIADA;15;40;20;;;;PLANO 7;50%;R$ 485.086,60;R$ 145.525,98;12/01/2025;31/01/2025;JORGE;JORGE;DIEGO;-9,306105312;-41,15838127;;jan.-25;FALSE;;FALSE;FALSE;1016654;E710395;E710439;Janeiro 25;;;;;;;;;;;;;;;;;;;;;;;;;;;;;;;;;
JUDICIAL;9102042683;1131422;LD - CIND POV  LAGEDO - RURAL;SENTO SÉ;09/01;pes 5847, oc 86180 - 23/01;;15/01;CONCLUIDA;1;1;0;;;;PLANO 7;100%;R$ 33.082,28;R$ 8.270,57;13/01/2025;15/01/2025;FABIO;SANTIAGO;SANDRO;-10,261539;-41,294504;;jan.-25;FALSE;;FALSE;FALSE;1016696/APROVADA;E710817;E710818;Janeiro 25;;;;;;;;;;;;;;;;;;;;;;;;;;;;;;;;;
QLP;9101693797;1003084;IT-CIND-FAZ-JURITI-RURAL;CURAÇÁ;;VERIFICAR NOTA;;;NÃO INICIADA;0;1;1;;;;PLANO 7;100%;R$ 6.396,29;R$ 1.918,89;;;EMERSON;EMERSON;CARLOS EDUARDO;-9,0490943;-39,9517277;;jan.-25;FALSE;;FALSE;FALSE;APROVADA;E681678;E681679;Janeiro 25;;;;;;;;;;;;;;;;;;;;;;;;;;;;;;;;;
LPT;9102098911;1157071;ER-CIND-POV-JUREMAL-RURAL;JUAZEIRO;08/01;EXT BT;;;CONCLUIDA;1;2;2;;;;PLANO 14;100%;R$ 7.300,62;R$ 1.825,16;10/01/2025;13/01/2025;PEPEU;EDIE JONNES / ANDERSON;EDVALDO;-9,729372;-40,36558;;jan.-25;FALSE;;FALSE;FALSE;1016673/APROVADO ;E710819;E710821;Janeiro 25;;;;;;;;;;;;;;;;;;;;;;;;;;;;;;;;;
EQUIPAMENTO;9102089653;1148050;IE-REGULADOR SE:CNN ALIM:01C3-RURAL;CASA NOVA;;LV+LM;MIGRAR;;NÃO INICIADA;0;2;2;;;;PLANO 8;100%;R$ 336.662,56;R$ 100.998,77;01/01/2025;31/01/2025;DANIEL;PAULO JUNIOR / RODRIGUES;DIEGO;-9,1847286;-41,0068512;;jan.-25;FALSE;;FALSE;FALSE;1016689/APROVADA;E710864;E710867;Janeiro 25;;;;;;;;;;;;;;;;;;;;;;;;;;;;;;;;;
RECLAMAÇÃO;9102047558;1130857;RC-CIND-RUA-JOAQUIM CARDOSO 571-CENTRO;UAUÁ;10/01;pes 3540, oc 85910 - 23/01;;23/01;CONCLUIDA;1;1;2;;;;PLANO 8;100%;R$ 3.585,16;R$ 896,29;14/01/2025;15/01/2025;MAURICIO;EDIE JONNES;CARLOS EDUARDO;-9,840855;-39,481041;;jan.-25;FALSE;;FALSE;FALSE;1016705/APROVADA;E710822;E710823;Janeiro 25;;;;;;;;;;;;;;;;;;;;;;;;;;;;;;;;;
FATURA PG CLIENTE;9102040988;1137653;AC-CIND-FAZ-PROJETO CURACA-RURAL;JUAZEIRO;08/01;LM PG E LV ENCABÇ;ENTREGA 31/01;;CONCLUIDA;2;2;2;;;;PLANO 7;100%;R$ 39.100,45;R$ 9.775,11;13/01/2025;23/01/2025;GERALDO;EDIE JONNES;EDVALDO;-9,122282;-40,090877;;jan.-25;FALSE;;FALSE;FALSE;1013610/APROVADA ;E681605;E681607;Janeiro 25;;;;;;;;;;;;;;;;;;;;;;;;;;;;;;;;;
ESTRATÉGICA;9101979029;1112593;UB-CIND-RUA-NOSSA S  DE NAZARE-PALMARES;JUAZEIRO;11/01;pes 3678, oc 87207 - 23/01;;;CONCLUIDA;16;9;9;;;;PLANO 7;100%;R$ 32.553,04;R$ 8.138,26;13/01/2025;28/01/2025;PEPEU;EDIE JONNES / ANDERSON;VICTOR;-9,433927;-40,523223;;jan.-25;FALSE;;FALSE;FALSE;1016674/APROVADA;E710824;E710833;Janeiro 25;;;;;;;;;;;;;;;;;;;;;;;;;;;;;;;;;
PRIORIDADE PLANO ANEEL;9102070311;1143605;ER-CIND-POV-CALDEIRAO DA ONCA-CAMPO GRAN;PILÃO ARCADO;;;MIGRAR;;NÃO INICIADA;1;1;;;;;;100%;R$ 16.361,47;R$ 4.090,37;30/01/2025;15/01/2025;;;DIEGO DE CARVALHO;;;;;;;;;APROVADA ;E663597;E663598;Janeiro 25;;;;;;;;;;;;;;;;;;;;;;;;;;;;;;;;;
SOLICITAÇÃO ATENDIMENTO;9102011034;1122838;RR-CIND-FAZ-PROJETO NILO COELHO-CASA NOV;CASA NOVA;;LV APENAS;MIGRAR;;PARALIZADA;0;10;10;;;;PLANO 7;100%;R$ 151.350,89;R$ 45.405,27;01/01/2025;31/01/2025;DANIEL;PAULO JUNIOR / RODRIGUES;DIEGO;-9,3623562;-40,751915;;jan.-25;FALSE;;FALSE;FALSE;APROVADA ;E681297;E681307;Janeiro 25;;;;;;;;;;;;;;;;;;;;;;;;;;;;;;;;;
LPT;9102056031;1136433;ER-CIND-POV-JAZIDA-RURAL;JUAZEIRO;08/01;EXT BT;;;CONCLUIDA;1;6;6;;;;PLANO 14;100%;R$ 19.450,28;R$ 4.862,57;10/01/2025;18/01/2025;GERALDO;EDIE JONNES;VICTOR;-9,240037101;-40,2438927;;jan.-25;FALSE;;FALSE;FALSE;1016677/APROVADA ;E710855;E710861;Janeiro 25;;;;;;;;;;;;;;;;;;;;;;;;;;;;;;;;;
REPUTACIONAL;9102065798;1142928;RR-CIND-FAZ-LAGOS-RURAL;CURAÇÁ;EMERSON;pes 4209, oc 88812 - 24/01;ENTREGA 31/01;;CONCLUIDA;0;1;1;;;;PLANO 7;100%;R$ 10.982,21;R$ 2.745,55;13/01/2025;18/01/2025;EMERSON;EMERSON;CARLOS EDUARDO;-8,8179616;-39,832914;;jan.-25;FALSE;;FALSE;FALSE;1016715/APROVADA;E710862;E710863;Janeiro 25;;;;;;;;;;;;;;;;;;;;;;;;;;;;;;;;;
ESTRATÉGICA;9101893156;1084183;RR-CCOL-RCL-POV-DE LAJES-LAJES;JUAZEIRO;;DL BT(APENAS SECCIONAR);MIGRAR;;NÃO INICIADA;75;55;55;;;;PLANO 7;50%;R$ 274.737,62;R$ 82.421,29;13/01/2025;22/02/2025;JUAREZ;SANTIAGO;SANDRO;-9,479125;-40,506838;;jan.-25;FALSE;;FALSE;FALSE;1016647/APROVADA;E710334;E710393;Janeiro 25;;;;;;;;;;;;;;;;;;;;;;;;;;;;;;;;;
REPUTACIONAL;9102094171;1149341;RR-SEIN-RUA-DO CEMITERIO-RETIRO DE CIMA;SENTO SÉ;09/01;LV;ENTREGA 31/01;;CONCLUIDA;18;24;24;;;;PLANO 7;100%;R$ 135.640,45;R$ 33.910,11;13/01/2025;30/01/2025;FABIO;SANTIAGO;SANDRO;-9,980689652;-42,1290698;;jan.-25;FALSE;;FALSE;FALSE;1016697/APROVADO ;E710838;E710897;Janeiro 25;;;;;;;;;;;;;;;;;;;;;;;;;;;;;;;;;
RECLAMAÇÃO;9102092784;1151682;UB-CIND-RUA-B-CENTRO;JUAZEIRO;13/01;LV+LM;ENTREGA 31/01;;CONCLUIDA;45;7;7;;;;PLANO 7;100%;R$ 72.090,21;R$ 18.022,55;13/01/2025;29/01/2025;PEPEU;EDIE JONNES / ANDERSON;VICTOR;-9,438884;-40,502059;;jan.-25;FALSE;;FALSE;FALSE;1017629/APROVADA ;E711864;E711870;Janeiro 25;;;;;;;;;;;;;;;;;;;;;;;;;;;;;;;;;
LPT;9102105678;1157330;ER-CIND-SI-SOCORRO-CHACARAS UNIDAS;JUAZEIRO;11/01;EXT BT;;;CONCLUIDA;1;6;0;;;;PLANO 14;100%;R$ 20.325,05;R$ 5.081,26;13/01/2025;24/01/2025;PEPEU;EDIE JONNES / ANDERSON;VICTOR;-9,513265;-40,43766;;jan.-25;FALSE;;FALSE;FALSE;SEM SI;E688593;E688598;Janeiro 25;;;;;;;;;;;;;;;;;;;;;;;;;;;;;;;;;
SOLICITAÇÃO ATENDIMENTO;9102122526;1160450;RR-CIND-FAZ-DUNAS-RURAL;CURAÇÁ;;pes 5057, oc 87233 - 23/01;;;CONCLUIDA;1;1;1;;;;PLANO 7;100%;R$ 14.634,85;R$ 3.658,71;14/01/2025;20/01/2025;EMERSON;EMERSON;CARLOS EDUARDO;-8,9442269;-39,8760226;;jan.-25;FALSE;;FALSE;FALSE;1016716/APROVADA;E710908;E710909;Janeiro 25;;;;;;;;;;;;;;;;;;;;;;;;;;;;;;;;;
RECLAMAÇÃO;9101900453;1090033;MP-CIND-RUA DANTA CATARINA BAZUCA-RURAL;SENTO SÉ;09/01;POSSIVEL DL MT 4 UCS;MIGRAR;;NÃO INICIADA;1;22;22;;;;PLANO 14;100%;R$ 211.069,41;R$ 63.320,82;13/01/2025;28/01/2025;FABIO;SANTIAGO;SANDRO;-9,801903;-41,554951;;jan.-25;FALSE;;FALSE;FALSE;APROVADA;E663478;E663505;Janeiro 25;;;;;;;;;;;;;;;;;;;;;;;;;;;;;;;;;
EQUIPAMENTO;9102125740;1161662;ME-COEL-RUA-TIRADENTES 1-CENTRO-C ALEGRE;CAMPO ALEGRE DE LOURDES;;LV+LM;;;RETIRADA ;0;3;3;;;;PLANO 8;100%;R$ 803.302,22;R$ 240.990,67;;;AILTON;PAULO JUNIOR / RODRIGUES;DIEGO;-9,354759;-43,401637;;jan.-25;FALSE;;FALSE;FALSE;CANCELADA;;;Janeiro 25;;;;;;;;;;;;;;;;;;;;;;;;;;;;;;;;;
QLP;9101955953;1106668;ER-PREF-POV-CANAL DA BATATEIRA-RURAL;SOBRADINHO;;LV+LM;MIGRAR;;NÃO INICIADA;1;1;1;;;;PLANO 7;100%;R$ 22.297,35;R$ 5.574,34;13/01/2025;18/01/2025;FERNANDO;PAULO JUNIOR / RODRIGUES;SANDRO;-9,504162;-40,84397;;jan.-25;FALSE;;FALSE;FALSE;APROVADA;E681680;E681681;Janeiro 25;;;;;;;;;;;;;;;;;;;;;;;;;;;;;;;;;
REPUTACIONAL;9101987109;1113589;IE ENT JUNCO SALITRE (RELIGADOR )ITEM 03;JUAZEIRO;;LV+LM;MIGRAR;;NÃO INICIADA;0;1;1;;;;PLANO 7;100%;R$ 107.292,93;R$ 32.187,88;13/01/2025;30/01/2025;PEPEU;EDIE JONNES / ANDERSON;SANDRO;-9,510815;-40,59996;;jan.-25;FALSE;;FALSE;FALSE;CANCELADA ;;;Janeiro 25;;;;;;;;;;;;;;;;;;;;;;;;;;;;;;;;;
JUDICIAL;9102130283;1165337;RC-CIND-AV-DA POUSADA-NOBRE;UAUÁ;10/01;pes 2220, oc 82931 - 22/01;;22/01;CONCLUIDA;0;2;2;;;;PLANO 8;100%;R$ 11.719,28;R$ 2.929,82;20/01/2025;22/01/2025;MAURICIO;EDIE JONNES;CARLOS EDUARDO;-9,834556023;-39,48345248;;jan.-25;FALSE;;FALSE;FALSE;1016707/APROVADO ;E710933;E710934;Janeiro 25;;;;;;;;;;;;;;;;;;;;;;;;;;;;;;;;;
ESTRATÉGICA;9102125395;1166448;RU-CIND-AV-1-QDL-N33-DESTRITO INDUSTRIAL;JUAZEIRO;;NOTA INTERROMPIDA;;;PARALIZADA;0;0;0;;;;PLANO 7;100%;R$ 10.018,73;R$ 3.005,62;;;PEPEU;EDIE JONNES / ANDERSON;SANDRO;-9,457314;-40,487222;;jan.-25;FALSE;;FALSE;FALSE;CANCELADA;;;Janeiro 25;;;;;;;;;;;;;;;;;;;;;;;;;;;;;;;;;
REPUTACIONAL;9102130864;1164126;ER-CIND-POV-ALTO MULUNGU-RURAL;SENTO SÉ;09/01;POSSIVEL DL 21 UCS (6 VIP 8);MIGRAR;;NÃO INICIADA;1;7;7;;;;PLANO 7;100%;R$ 39.878,44;R$ 11.963,53;13/01/2025;25/01/2025;FABIO;SANTIAGO;SANDRO;-9,704572;-41,293141;;jan.-25;FALSE;;FALSE;FALSE;1016699/APROVADA ;E710923;E710932;Janeiro 25;;;;;;;;;;;;;;;;;;;;;;;;;;;;;;;;;
GOVERNO;9102096483;1132085;ER-SEIN-RUA-DAS FLORES-XIQUE-XIQUE;PILÃO ARCADO;;LV+LM;;;RETIRADA ;11;26;26;;;;PLANO 7;100%;R$ 191.541,40;R$ 57.462,42;;;;;DIEGO;-10,5568842;-42,6234047;;jan.-25;FALSE;;FALSE;FALSE;CANCELADA;;;Janeiro 25;;;;;;;;;;;;;;;;;;;;;;;;;;;;;;;;;
SOLICITAÇÃO ATENDIMENTO;9101949445;1101591;IT-GRUA-FAZ-PROJETO NILO COELH-RURAL-MOD;CASA NOVA;;NOTA INTERROMPIDA;;;PARALIZADA;0;174;74;;;;PLANO 7;75%;R$ 2.747.325,73;R$ 824.197,72;;;FERNANDO;PAULO JUNIOR / RODRIGUES;SANDRO;-9,3695686;-40,79822;;jan.-25;FALSE;;FALSE;FALSE;APROVADA;E480960;E481159;Janeiro 25;;;;;;;;;;;;;;;;;;;;;;;;;;;;;;;;;
REPUTACIONAL;9101980372;1115402;AC-GRUA-AV-DES OUVALDO-CENTRO;SENTO SÉ;09/01;DL MT;;10/01;CONCLUIDA;0;1;1;;;;PLANO 7;100%;R$ 12.576,55;R$ 3.144,14;13/01/2025;10/01/2025;FABIO;SANTIAGO;SANDRO;-9,744120357;-41,89289758;;jan.-25;FALSE;;FALSE;FALSE;CONCLUIDA;;;Janeiro 25;;;;;;;;;;;;;;;;;;;;;;;;;;;;;;;;;
SOLICITAÇÃO ATENDIMENTO;9102099889;1158206;AC-GRUA-FAZ-MASSAYIO-RURAL-MOD;JUAZEIRO;;SEM PROJETO;;;RETIRADA ;0;0;0;;;;PLANO 7;100%;R$ 0,00;R$ 0,00;;;PEPEU;EDIE JONNES / ANDERSON;VICTOR;;;;jan.-25;FALSE;;FALSE;FALSE;CANCELADA;;;Janeiro 25;;;;;;;;;;;;;;;;;;;;;;;;;;;;;;;;;
REPUTACIONAL;9102079755;1143104;IT-CIND-CEMCO-REMANSO;REMANSO;;LV+LM;ENTREGA 31/01;;CONCLUIDA;0;1;1;;;;PLANO 7;100%;R$ 8.586,11;R$ 2.146,53;13/01/2025;25/01/2025;AILTON;PAULO JUNIOR / RODRIGUES;DIEGO;-9,683899;-42,252442;;jan.-25;FALSE;;FALSE;FALSE;1016693/APROVADA ;E710955;E710958;Janeiro 25;;;;;;;;;;;;;;;;;;;;;;;;;;;;;;;;;
SOLICITAÇÃO ATENDIMENTO;9102075349;1167687;RC-CIND-RUA-J SEABRA-CENTRO CAMPO;CAMPO ALEGRE DE LOURDES;09/01;10/01;;10/01;CONCLUIDA;0;2;2;;;;PLANO 8;100%;R$ 12.698,37;R$ 3.174,59;08/01/2025;10/01/2025;AILTON;PAULO JUNIOR / RODRIGUES;DIEGO;-9,516134645;-43,0082721;;jan.-25;FALSE;;FALSE;FALSE;1016685;;;Janeiro 25;;;;;;;;;;;;;;;;;;;;;;;;;;;;;;;;;
SOLICITAÇÃO ATENDIMENTO;9102106541;1157017;ER-CIND-POV-MARRUA-RURAL;JUAZEIRO;21/01;DL BT;;21/01;CONCLUIDA;1;0;0;;;;PLANO 7;100%;R$ 32.978,80;R$ 8.244,70;13/01/2025;21/01/2025;PEPEU;EDIE JONNES / ANDERSON;VICTOR;-9,7641693;-40,6022083;;jan.-25;FALSE;;FALSE;FALSE;0 POSTE;;;Janeiro 25;;;;;;;;;;;;;;;;;;;;;;;;;;;;;;;;;
REPUTACIONAL;9102083111;1144762;PT UAU 34 5 13 8KV;UAUÁ;;;;;RETIRADA ;0;6;;;;;;100%;R$ 458.444,21;;;;;;CARLOS EDUARDO;;;;jan.-26;FALSE;;FALSE;FALSE;CANCELADA;;;Janeiro 25;;;;;;;;;;;;;;;;;;;;;;;;;;;;;;;;;
REPUTACIONAL;9101953723;1103577;MP CIND FAZ SOSSEGO CACIMBA DOS PANDUS;JUAZEIRO;;DESLIG MT;;08/01;CONCLUIDA;1;14;14;;;;;100%;R$ 270.528,29;R$ 67.632,07;01/01/2025;08/01/2025;PAULO;SANTIAGO;VICTOR COSTA;;;;jan.-27;FALSE;;FALSE;FALSE;;;;Janeiro 25;;;;;;;;;;;;;;;;;;;;;;;;;;;;;;;;;
AL/MELHORAMENTO;9101909683;1085504;AL - 01V1 - NOVA TOURÃO - CONSTRUÇÃO;JUAZEIRO;;;MIGRAR;;NÃO INICIADA;0;19;;;;;;100%;R$ 482.460,21;R$ 144.738,06;01/01/2025;31/01/2025;;;SANDRO DUARTE;-9,436886049;-40,38081355;;;FALSE;;FALSE;FALSE;1017639/2025;;;Janeiro 25;;;;;;;;;;;;;;;;;;;;;;;;;;;;;;;;;
ESTRATÉGICA;9101751200;1015820;IT-GOVE-RUA-QUADRA N 24-VILA S O JOAQUIM;SOBRADINHO;SACADO;;ENTREGA 31/01;;CONCLUIDA;0;144;155;;;;;100%;R$ 1.307.124,22;R$ 326.781,06;01/01/2026;30/01/2025;;;SANDRO DUARTE;;;;;FALSE;;FALSE;FALSE;APROVADA ;E612120;E612279;Janeiro 25;;;;;;;;;;;;;;;;;;;;;;;;;;;;;;;;;
GOVERNO;9102157612;1172946;IE-REGULADOR-RMN-09X1-Q076477;PILÃO ARCADO;;LM+LV;;;NÃO INICIADA;0;2;2;;;;PLANO 8;100%;R$ 189.769,75;R$ 56.930,93;31/01/2025;29/01/2025;DOMINGOS;PAULO JUNIOR / RODRIGUES;DIEGO;-9,997571;-42,445933;;jan.-25;FALSE;;FALSE;FALSE;1017633/APROVADA;E709267;E709268;Janeiro 25;;;;;;;;;;;;;;;;;;;;;;;;;;;;;;;;;
LPT;9101867167;1062389;LD - CIND POV. LAGES VELHA - RURAL;REMANSO;;;;;NÃO INICIADA;1;13;;;;;;100%;R$ 90.568,07;;13/01/2025;31/01/2025;;;DIEGO DE CARVALHO;;;;;FALSE;;FALSE;FALSE;APROVADA/854583-2022;E180283;E180297;Janeiro 25;;;;;;;;;;;;;;;;;;;;;;;;;;;;;;;;;
LPT;9102004827;1125533;MP CIND FAZ NOVA TABUA RURAL;REMANSO;;;;;CONCLUIDA;1;2;2;;;;;100%;R$ 42.443,95;R$ 10.610,99;01/01/2025;08/01/2025;;;DIEGO DE CARVALHO;;;;;FALSE;;FALSE;FALSE;;;;Janeiro 25;;;;;;;;;;;;;;;;;;;;;;;;;;;;;;;;;
PRIORIDADE PLANO ANEEL;9102083974;1149164;RR-CIND-POV-SALINA DA BRICA 3437 --H-URB;CASA NOVA;;;;;CONCLUIDA;1;11;11;;;;;100%;R$ 81.040,62;R$ 20.260,16;01/01/2025;15/01/2025;;;DIEGO DE CARVALHO;;;;;FALSE;;FALSE;FALSE;APROVADA ;E663412;E663423;Janeiro 25;;;;;;;;;;;;;;;;;;;;;;;;;;;;;;;;;
PRIORIDADE PLANO ANEEL;9102098572;1151932;ER-CIND-POV-SANTA RITA -SANTA;CURAÇÁ;;;;;CONCLUIDA;3;15;15;;;;;100%;R$ 81.578,24;R$ 20.394,56;01/01/2025;08/01/2025;;;CARLOS EDUARDO;;;;;FALSE;;FALSE;FALSE;;;;Janeiro 25;;;;;;;;;;;;;;;;;;;;;;;;;;;;;;;;;
LPT;9101982917;1117684;LD - CIND - SIT BOM CONSELHO - RURAL;JUAZEIRO;;;;;CONCLUIDA;5;13;13;;;;;100%;R$ 122.477,36;R$ 30.619,34;01/01/2025;08/01/2025;;;VICTOR COSTA;;;;;FALSE;;FALSE;FALSE;;;;Janeiro 25;;;;;;;;;;;;;;;;;;;;;;;;;;;;;;;;;
PRIORIDADE PLANO ANEEL;9102104016;1152313;ER-CCOL-POV-CURRAL VELHO-RURAL;CURAÇÁ;;ALTERAR PROJETO B-1177891;;;CONCLUIDA;2;10;10;;;;;100%;R$ 54.533,10;R$ 13.633,28;01/01/2025;08/01/2025;;;CARLOS EDUARDO;;;;;FALSE;;FALSE;FALSE;APROVADA;E681084;E681095;Janeiro 25;;;;;;;;;;;;;;;;;;;;;;;;;;;;;;;;;
AL/MELHORAMENTO;9101915080;1088197;AL - 01V5 - NOVA TOUR O - CONSTRU  O;JUAZEIRO;;;MIGRAR;;NÃO INICIADA;0;27;;;;;;100%;R$ 321.424,67;R$ 96.427,40;01/01/2025;31/01/2025;;;SANDRO DUARTE;-9,436886049;-40,38081355;;;FALSE;;FALSE;FALSE;1017641/2025;;;Janeiro 25;;;;;;;;;;;;;;;;;;;;;;;;;;;;;;;;;
AL/MELHORAMENTO;9101915089;1088191;AL - 01V8 - NOVA TOUR O - CONSTRU  O;JUAZEIRO;;;MIGRAR;;NÃO INICIADA;0;3;;;;;;100%;R$ 224.034,66;R$ 67.210,40;01/01/2025;31/01/2025;;;SANDRO DUARTE;-9,436886049;-40,38081355;;;FALSE;;FALSE;FALSE;APROVADA;E658360;E658475;Janeiro 25;;;;;;;;;;;;;;;;;;;;;;;;;;;;;;;;;
PRIORIDADE PLANO ANEEL;9102072423;1149197;ER-CIND-FAZ-CAMPO LARGO-RURAL-TABULEIRO;REMANSO;;;;;NÃO INICIADA;1;4;;;;;;100%;R$ 14.896,19;;13/01/2025;25/01/2025;;;DIEGO DE CARVALHO;;;;;FALSE;;FALSE;FALSE;APROVADA;E681513;E681517;Janeiro 25;;;;;;;;;;;;;;;;;;;;;;;;;;;;;;;;;
AL/MELHORAMENTO;9102006139;1157379;RS-COEL-SAIDA AL NOVA TOURAO;JUAZEIRO;;;MIGRAR;;NÃO INICIADA;0;0;;;;;;100%;R$ 1.159.132,21;R$ 347.739,66;01/01/2025;31/01/2025;;;SANDRO DUARTE;-9,436886049;-40,38081355;;;FALSE;;FALSE;FALSE;0 POSTE;;;Janeiro 25;;;;;;;;;;;;;;;;;;;;;;;;;;;;;;;;;
AL/MELHORAMENTO;9102006140;1157282;AL 06-NOVA TOUR O - CONSTRU  O 1 3;JUAZEIRO;;;MIGRAR;;NÃO INICIADA;0;1;;;;;;100%;R$ 15.075,30;R$ 4.522,59;01/01/2025;31/01/2025;;;SANDRO DUARTE;-9,436886049;-40,38081355;;;FALSE;;FALSE;FALSE;FAZER;;;Janeiro 25;;;;;;;;;;;;;;;;;;;;;;;;;;;;;;;;;
PRIORIDADE PLANO ANEEL;9101792296;1035173;ER-CIND-POV-MALHADINHA-RURAL;REMANSO;;PENDENTE LV;;;CONCLUIDA;1;3;3;;;;;100%;R$ 24.707,26;;13/01/2025;22/01/2025;;;DIEGO DE CARVALHO;;;;;FALSE;;FALSE;FALSE;APROVADA/1013566-2024;E681525;E681528;Janeiro 25;;;;;;;;;;;;;;;;;;;;;;;;;;;;;;;;;
PRIORIDADE PLANO ANEEL;9102083347;1146821;ER-CIND-POV-CURRAL VELHO-RURAL;CURAÇÁ;;;;;CONCLUIDA;1;2;2;;;;;100%;R$ 27.787,06;R$ 6.946,77;01/01/2025;07/01/2025;;;CARLOS EDUARDO;;;;;FALSE;;FALSE;FALSE;;;;Janeiro 25;;;;;;;;;;;;;;;;;;;;;;;;;;;;;;;;;
GOVERNO;9102125670;1159894;UB-CIND-RUA-JUAZEIRO-2;JUAZEIRO;;;MIGRAR;;NÃO INICIADA;0;66;17;;;;PLANO 7;25%;R$ 1.402.835,24;R$ 420.850,57;13/01/2025;30/04/2025;GISMARIO;EDIE JONNES;VICTOR;-9,4486895;-40,5232215;;jan.-25;FALSE;;FALSE;FALSE;1016645/APROVADA ;E710264 ;E710333;Janeiro 25;;;;;;;;;;;;;;;;;;;;;;;;;;;;;;;;;
ESTRATÉGICA;9102046058;1131135;EQ-CIND-ROD-JUAZEIRO CURACA-RURAL;JUAZEIRO;;;MIGRAR;;NÃO INICIADA;0;3;;;;;;100%;R$ 366.663,28;R$ 91.665,82;01/01/2025;31/01/2025;;;VICTOR COSTA;;;;;FALSE;;FALSE;FALSE;APROVADA;E647095;E647097;Janeiro 25;;;;;;;;;;;;;;;;;;;;;;;;;;;;;;;;;
REPUTACIONAL;9102125688;1161869;ER-CIND-FAZ-MASSAYO -RURAL;JUAZEIRO;;REGULADOR LM+LV;;;NÃO INICIADA;0;4;4;;;;PLANO 7;100%;R$ 362.692,55;R$ 108.807,77;15/01/2025;29/01/2025;PEPEU;EDIE JONNES / ANDERSON;VICTOR;-9,475;-40,428328;;jan.-25;FALSE;;FALSE;FALSE;1016681/APROVADA;E710917;E710922;Janeiro 25;;;;;;;;;;;;;;;;;;;;;;;;;;;;;;;;;
MELHORIA;9102159911;1175928;IE - CJ DE MEDI  O - D005912;JUAZEIRO;;;;;PARALIZADA;1;3;;;;;;100%;R$ 207.307,57;R$ 62.192,27;01/01/2025;31/01/2025;;;VICTOR COSTA;;;;;FALSE;;FALSE;FALSE;FAZER;;;Janeiro 25;;;;;;;;;;;;;;;;;;;;;;;;;;;;;;;;;
EQUIPAMENTO;9102166175;1182070;IE-BC AUTOMATICO-RMN-01Z1-B781463;REMANSO;;;;;CONCLUIDA;0;0;0;;;;;100%;R$ 73.310,79;R$ 18.327,70;08/01/2025;15/01/2025;;;DIEGO DE CARVALHO;;;;;FALSE;;FALSE;FALSE;;;;Janeiro 25;;;;;;;;;;;;;;;;;;;;;;;;;;;;;;;;;
EQUIPAMENTO;9102166174;1182052;IE-BC AUTOMATICO-RMN-01Z2-B000000;REMANSO;;;;;CONCLUIDA;0;0;0;;;;;100%;R$ 73.310,79;R$ 18.327,70;08/01/2025;15/01/2025;;;DIEGO DE CARVALHO;;;;;FALSE;;FALSE;FALSE;0 POSTE;;;Janeiro 25;;;;;;;;;;;;;;;;;;;;;;;;;;;;;;;;;
EQUIPAMENTO;9102166173;1182027;IE-BC AUTOMATICO-RMN-01Z2-B781464;REMANSO;;;;;CONCLUIDA;0;1;1;;;;;100%;R$ 78.117,80;R$ 19.529,45;10/01/2025;22/01/2025;;;DIEGO DE CARVALHO;;;;;FALSE;;FALSE;FALSE;1017647/2025;;;Janeiro 25;;;;;;;;;;;;;;;;;;;;;;;;;;;;;;;;;
REPUTACIONAL;9102132629;1161619;ER-CIND-FAZ-MASSAYO-RURAL;JUAZEIRO;;RL - LV+LM;;;NÃO INICIADA;1;1;1;;;;PLANO 7;100%;R$ 91.201,34;R$ 27.360,40;15/01/2025;30/01/2025;PEPEU;EDIE JONNES / ANDERSON;VICTOR;-9,372143;-40,349066;;jan.-25;FALSE;;FALSE;FALSE;1016680/APROVADA;E710910;E710911;Janeiro 25;;;;;;;;;;;;;;;;;;;;;;;;;;;;;;;;;
LPT;9101960412;1113349;ER-CIND-POV-LAGOA SALITRE-LAGOA;JUAZEIRO;SACADO;PENDENTE LV;ENTREGA 31/01;;CONCLUIDA;8;4;4;;;;PLANO 14;100%;R$ 26.673,94;R$ 6.668,49;;;FABIO;SANTIAGO;VICTOR;-9,4910748;-40,63034;;;FALSE;;FALSE;FALSE;APROVADA/1013554;E681434;E681438;Janeiro 25;;;;;;;;;;;;;;;;;;;;;;;;;;;;;;;;;
DIA C;9102008575;1123063;ER-CIND-POV-ANGICO DOS DIAS-ANGICO;CAMPO ALEGRE DE LOURDES;;  ;ENTREGA 31/01;29/01;CONCLUIDA;1;4;4;;;;;100%;R$ 44.126,44;R$ 11.031,61;;;DOMINGOS;PAULO JUNIOR;DIEGO;-9,349527;-43,4020049;;;FALSE;;FALSE;FALSE;;;;Janeiro 25;;;;;;;;;;;;;;;;;;;;;;;;;;;;;;;;;
DIA C;9101862889;1070825;AC-PREF-RUA-LAGOA DE PEDRA -LAGOA DE PED;CAMPO ALEGRE DE LOURDES;;;ENTREGA 31/01;30/01;CONCLUIDA;1;1;1;;;;;100%;R$ 8.364,79;R$ 2.091,20;;;DOMINGOS;PAULO JUNIOR;DIEGO;-9,748747;-42,8311133;;;FALSE;;FALSE;FALSE;LISTA DE PG;E688644;E688645;Janeiro 25;;;;;;;;;;;;;;;;;;;;;;;;;;;;;;;;;
;;;;;;;;;;;;;;;;;;;;;;;;;;;;;;;;;;;;Janeiro 25;;;;;;;;;;;;;;;;;;;;;;;;;;;;;;;;;
;;;;;;;;;;;;;50;30;60,00%;;;;;;;;;;;;;;;;;;;;;Janeiro 25;;;;;;;;;;;;;;;;;;;;;;;;;;;;;;;;;
;;;;;;;;;;;;;;;;;;;;;;;;;;;;;;;;;;;;Janeiro 25;;;;;;;;;;;;;;;;;;;;;;;;;;;;;;;;;
;;;;;;;;;;;;;56;36;64,29%;;;;;;;;;;;;;;;;;;;;;Janeiro 25;;;;;;;;;;;;;;;;;;;;;;;;;;;;;;;;;
;;;;;;;;;;;;;;417;;;;;;;;;;;;;;;;;;;;;;Janeiro 25;;;;;;;;;;;;;;;;;;;;;;;;;;;;;;;;;
;;;;;;;;;;;;;66;36;54,55%;;;;;;;;;;;;;;;;;;;;;Janeiro 25;;;;;;;;;;;;;;;;;;;;;;;;;;;;;;;;;
;;;;;;;;;;;;;;273;;;;;;;;;;;;;;;;;;;;;;Janeiro 25;;;;;;;;;;;;;;;;;;;;;;;;;;;;;;;;;
REPUTACIONAL;9002801571;237059;MP-CCOL-POV DESTERRO-CAIÇARA-RURAL;CASA NOVA;;AVANÇO;;;NÃO INICIADA;66;733;;;;;PLANO 14;60%;R$ 4.373.226,44;;01/02/2025;31/03/2025;JORGE;JORGE;DIEGO;;;;fev.-25;FALSE;;FALSE;FALSE;APROVADA;E680195;E680939;Fevereiro 25;R$ 1.093.306,61;;;;;;;;;;;;;;;;;;;;;;;;;;;;;;;;
NOVOS QUESTIONAMENTOS ANEEL;9101575275;1040604;MP-CCOL-POV DESENGANO-RURAL;SENTO SÉ;;AVANÇO;;;NÃO INICIADA;32;278;;;;;PLANO 14;20%;R$ 2.756.104,87;;17/02/2025;30/03/2025;EMERSON;EMERSON;SANDRO;-9,7533815;-41,8857659;;fev.-25;FALSE;;FALSE;FALSE;1019161/APROVADA;E724391;E724668;Fevereiro 25;R$ 689.026,22;https://maps.app.goo.gl/9EQsCG7L6GFLusNs6;;;;;;;;;;;;;;;;;;;;;;;;;;;;;;;
REPUTACIONAL;9101940561;1093655;AL - GRUA - FAZ. BAIXA - RURAL;JUAZEIRO;SACADO;MIGRAR;;;NÃO INICIADA;0;188;;;;;PLANO 7;100%;R$ 3.555.398,98;;01/02/2025;22/02/2025;PAULO / CARLOS;SANTIAGO;VICTOR;-9,5502028;-40,5219799;;;;;;;APROVADA;E628933;E629122;Fevereiro 25;R$ 1.066.619,69;;;;;;;;;;;;;;;;;;;;;;;;;;;;;;;;
ESTRATÉGICA;9101751200;1015820;IT-GOVE-RUA-QUADRA N 24-VILA S O JOAQUIM;SOBRADINHO;SACADO;;;;CONCLUIDA;0;155;;;;;;100%;R$ 1.307.124,22;;;;JUAREZ;SANTIAGO;SANDRO DUARTE;;;;;;;;;APROVADA ;E612120;E612279;Fevereiro 25;R$ 326.781,06;;;;;;;;;;;;;;;;;;;;;;;;;;;;;;;;
REPUTACIONAL;9102027642;1127953;MP-SEIN-FAZ-BOQUEIRAO 1800 --W-RURAL;CURAÇÁ;;ENTREGA;;;CONCLUIDA;9;71;;;;;PLANO 14;100%;R$ 375.226,34;;03/02/2025;28/02/2025;EMERSON;EMERSON;CARLOS EDUARDO;-8,9086063;-39,8259879;;fev.-25;FALSE;;FALSE;FALSE;1016714/APROVADA;E710695;E710774;Fevereiro 25;R$ 93.806,59;https://maps.app.goo.gl/pZ8zRr7EMRB6BJPS6;;;;;;;;;;;;;;;;;;;;;;;;;;;;;;;
GOVERNO;9102125670;1159894;UB-CIND-RUA-JUAZEIRO-2;JUAZEIRO;;AVANÇO;;;NÃO INICIADA;0;66;;;;;PLANO 7;50%;R$ 1.402.835,24;;15/02/2025;31/05/2025;GISMARIO;EDIE JONNES;VICTOR;-9,46663;-40,4997943;;fev.-25;FALSE;;FALSE;FALSE;1016645/APROVADA ;E710264 ;E710333;Fevereiro 25;R$ 350.708,81;https://maps.app.goo.gl/8jsdC8pjdtr6ARU38;;;;;;;;;;;;;;;;;;;;;;;;;;;;;;;
ESTRATÉGICA;9101893156;1084183;RR-CCOL-RCL-POV-DE LAJES-LAJES;JUAZEIRO;;AVANÇO;;;NÃO INICIADA;75;55;;;;;PLANO 7;50%;R$ 274.737,62;;17/02/2025;31/03/2025;JUAREZ;EDIE JONNES;VICTOR;-9,4790867;-40,5060819;;fev.-25;FALSE;;FALSE;FALSE;1019173/APROVADA;E724694;E724750;Fevereiro 25;R$ 68.684,41;https://maps.app.goo.gl/BfMTiBAKX6n2Bryx9;;;;;;;;;;;;;;;;;;;;;;;;;;;;;;;
AL/MELHORAMENTO;9101909684;1085090;AL-01V2-NOVA TOURÃO-CONSTRUÇÃO (ITEM 2);JUAZEIRO;;MIGRAR;;25/02;NÃO INICIADA;0;41;;;;;PLANO 8;100%;R$ 717.378,39;;01/02/2025;28/02/2025;IVONALDO;SANTIAGO;SANDRO;-9,436886049;-40,38081355;;fev.-25;FALSE;;FALSE;FALSE;1019622;;;Fevereiro 25;R$ 179.344,60;;;;;;;;;;;;;;;;;;;;;;;;;;;;;;;;
QLP;9101827904;1045844;AC-CCOL-POV.ENTRONCAMENTO-REG.FV-RURAL;CASA NOVA;;ENTREGA 26/02;;;CONCLUIDA;15;40;;;;;PLANO 7;100%;R$ 485.086,60;;10/02/2025;25/02/2025;JORGE;JORGE;DIEGO;-9,29959;-41,1599821;;fev.-25;FALSE;;FALSE;FALSE;1016654/APROVADA;E710395;E710439;Fevereiro 25;R$ 121.271,65;https://maps.app.goo.gl/GB2TTVP97MzZ8D7s6;;;;;;;;;;;;;;;;;;;;;;;;;;;;;;;
REPUTACIONAL;9102008167;1125306;RR-SEIN-RUA-JOSE CARLOS-PEDRA GRANDE;UAUÁ;SACADO;ENTREGA;;;CONCLUIDA;1;38;;;;;PLANO 14;100%;R$ 192.848,09;;13/02/2025;27/02/2025;MAURICIO ;EDIE JONNES;CARLOS EDUARDO;-9,919625;-39,542327;;;;;;;1016703/APROVADA;E710556;E710600;Fevereiro 25;R$ 48.212,02;;;;;;;;;;;;;;;;;;;;;;;;;;;;;;;;
LPT;9101503225;984432;RR-CIND-POV-SAO MIGUEL-RURAL;CASA NOVA;;LV ;;;RETIRADA ;1;35;;;;;PLANO 14;100%;R$ 210.818,71;;;;;PAULO JUNIOR;DIEGO;-9,2419512;-41,4160863;;fev.-25;FALSE;;FALSE;FALSE;1019178;;;Fevereiro 25;R$ 52.704,68;https://maps.app.goo.gl/R3h9T6RAojyvqtiS6;;;;;;;;;;;;;;;;;;;;;;;;;;;;;;;
JUDICIAL;9101772675;1024582;ER CIND POV MALHADA DA AREIA RURAL;JUAZEIRO;;AVANÇO;;;NÃO INICIADA;1;35;;;;;PLANO 14;50%;R$ 276.441,01;;17/02/2025;27/02/2025;CARLOS / PAULO;EDIE JONNES / SANTIAGO;VICTOR;-9,5731822;-40,1167404;;;;;;;1019631/APROVADA;E724751;E724785;Fevereiro 25;R$ 69.110,25;https://maps.app.goo.gl/SHuPqzUnNvLDvTxt9;;;;;;;;;;;;;;;;;;;;;;;;;;;;;;;
JUDICIAL;9102145299;1173118;ER-CIND-FAZ-SERRA BRANCA-RURAL-SENTO SE;SENTO SÉ;;AVANÇO;;;NÃO INICIADA;1;31;;;;;PLANO 14;50%;R$ 228.569,67;;25/02/2025;31/03/2025;FABIO / FERNANDO;SANTIAGO;SANDRO;-10,550458;-41,847607;;;;;;;1019884;;;Fevereiro 25;R$ 57.142,42;https://maps.app.goo.gl/6U9P9kH75TKuESsBA;;;;;;;;;;;;;;;;;;;;;;;;;;;;;;;
REPUTACIONAL;9101757730;1043511;MP-CCOL-POV-SANTA RITA-RURAL;CASA NOVA;SACADO;;;;CONCLUIDA;2;30;;;;;PLANO 14;100%;R$ 369.654,25;;;;;PAULO JUNIOR;DIEGO;-9,023164033;-40,92362632;;;;;;;1016656/APROVADA;E710440;E710474;Fevereiro 25;R$ 92.413,56;;;;;;;;;;;;;;;;;;;;;;;;;;;;;;;;
AL/MELHORAMENTO;9101915080;1088197;AL - 01V5 - NOVA TOUR O - CONSTRU  O;JUAZEIRO;;MIGRAR;;;NÃO INICIADA;0;27;;;;;PLANO 1;100%;R$ 321.516,58;;01/02/2025;28/02/2025;IVONALDO;SANTIAGO;SANDRO;-9,436886049;-40,38081355;;;;;;;1017641/APROVADA;E711944;E711970;Fevereiro 25;R$ 80.379,15;;;;;;;;;;;;;;;;;;;;;;;;;;;;;;;;
REPUTACIONAL;9101993671;1121713;ER-CIND-POV-ALTAO 600-PAPAGAIO;UAUÁ;17/02;ENTREGA;;;CONCLUIDA;1;25;;;;;PLANO 14;100%;R$ 143.990,76;;22/02/2025;26/02/2025;MAURICIO ;EDIE JONNES;CARLOS EDUARDO;-9,9232761;-39,4793267;;fev.-25;FALSE;;FALSE;FALSE;1019196/APROVADA;E725719;E725743;Fevereiro 25;R$ 35.997,69;https://maps.app.goo.gl/9ZFYMK2nmMiYAi9g9;;;;;;;;;;;;;;;;;;;;;;;;;;;;;;;
REPUTACIONAL;9102030558;1122206;AL GRUA ROD BR 324 RURAL;REMANSO;;AVANÇO;;;NÃO INICIADA;0;25;;;;;PLANO 7;50%;R$ 503.024,54;;20/02/2025;31/03/2025;;PAULO JUNIOR;DEBORA;-9,6020105;-42,0841233;;fev.-25;FALSE;;FALSE;FALSE;1019168/APROVADA;E724669;E724693;Fevereiro 25;R$ 125.756,14;https://maps.app.goo.gl/A4T6HkdpGguU5Pe77;;;;;;;;;;;;;;;;;;;;;;;;;;;;;;;
QLP;9102097507;1155600;LD CIND RUA DO POÇO VELHO RURAL;CASA NOVA;;OUROLANDIA;;;RETIRADA ;2;23;;;;;PLANO 7;100%;R$ 217.628,58;;;;;PAULO JUNIOR;DIEGO;;;;fev.-25;FALSE;;FALSE;FALSE;;;;Fevereiro 25;R$ 54.407,15;;;;;;;;;;;;;;;;;;;;;;;;;;;;;;;;
RECLAMAÇÃO;9101900453;1090033;MP-CIND-RUA DANTA CATARINA BAZUCA-RURAL;SENTO SÉ;07/02;ENTREGA 25/02;;;CONCLUIDA;1;22;;;;;PLANO 14;100%;R$ 211.069,41;;01/02/2025;22/02/2025;FABIO / FERNANDO;SANTIAGO;SANDRO;-9,801903;-41,554951;;;;;;;APROVADA;E663478;E663505;Fevereiro 25;R$ 52.767,35;;;;;;;;;;;;;;;;;;;;;;;;;;;;;;;;
AL/MELHORAMENTO;9101909683;1085504;AL - 01V1 - NOVA TOURÃO - CONSTRUÇÃO;JUAZEIRO;;MIGRAR;;;NÃO INICIADA;0;19;;;;;PLANO 8;100%;R$ 609.832,67;;01/02/2025;28/02/2025;IVONALDO;SANTIAGO;SANDRO;-9,436886049;-40,38081355;;;;;;;1017639;;;Fevereiro 25;R$ 152.458,17;;;;;;;;;;;;;;;;;;;;;;;;;;;;;;;;
ESTRATÉGICA;9101963531;1106990;UB-COEL-RCL-AV-JORGE KHOURY-QUIDE;JUAZEIRO;13/02;ENTREGA;;;NÃO INICIADA;45;17;;4;;;PLANO 7;100%;R$ 90.640,50;;17/02/2025;22/02/2025;CARLOS / PAULO;EDIE JONNES / SANTIAGO;VICTOR;-9,426099;-40,5204124;;fev.-25;FALSE;;FALSE;FALSE;DA PLANILHA ;E710944;E711828;Fevereiro 25;R$ 22.660,13;https://maps.app.goo.gl/uomEHKtg9E6ZFUmz5;;;;;;;;;;;;;;;;;;;;;;;;;;;;;;;
REPUTACIONAL;9102140320;1171632;ER-CIND-FAZ-BEIRA RIO-SANTA TEREZINHA;UAUÁ;SACADO;;;;CONCLUIDA;2;16;;;;;PLANO 7;100%;R$ 96.099,88;;03/02/2025;11/02/2025;MAURICIO GERALDO;EDIE JONNES;CARLOS EDUARDO;-10,021087;-39,258733;;;;;;;1017632/APROVADA;E711871;E711886;Fevereiro 25;R$ 24.024,97;;;;;;;;;;;;;;;;;;;;;;;;;;;;;;;;
LPT;9102044194;1132153;ER-CIND-POV-LAGOA DO PEIXE 10-RURAL;CASA NOVA;;LM ;;;CONCLUIDA;1;13;;;;;PLANO 14;100%;R$ 44.761,47;;03/02/2025;13/02/2025;;PAULO JUNIOR;DIEGO;-9,2369508;-41,1979035;;fev.-25;FALSE;;FALSE;FALSE;1019872/APROVADA;E725755;E725767;Fevereiro 25;R$ 11.190,37;https://maps.app.goo.gl/k5jGvDXPK87mFh5j8;;;;;;;;;;;;;;;;;;;;;;;;;;;;;;;
LPT;9101731670;1041388;MP CIND POV. BARRA POÇO DA PEDRA RURAL;CASA NOVA;;LV;;;RETIRADA ;1;13;;;;;PLANO 14;100%;R$ 133.578,06;;;;;PAULO JUNIOR;DIEGO;-9,0240293;-41,0531992;;fev.-25;FALSE;;FALSE;FALSE;1019188;;;Fevereiro 25;R$ 33.394,52;https://maps.app.goo.gl/dCorPDrwdeYZmy1H9;;;;;;;;;;;;;;;;;;;;;;;;;;;;;;;
LPT;9101867167;1062389;LD - CIND POV. LAGES VELHA - RURAL;REMANSO;;7970 / 46920 / 18/02;;;CONCLUIDA;1;13;;;;;PLANO 14;100%;R$ 90.568,07;;;;;PAULO JUNIOR;DIEGO;;;;fev.-28;FALSE;;FALSE;FALSE;854583/APROVADA;E180283;E180295;Fevereiro 25;R$ 22.642,02;;;;;;;;;;;;;;;;;;;;;;;;;;;;;;;;
LPT;9101924775;1093845;LD-CIND-POV LIMOEIRO-RURAL;SENTO SÉ;;LV;;;RETIRADA ;1;12;;;;;PLANO 14;100%;R$ 167.005,37;;;;FABIO / FERNANDO;;SANDRO;-10,0744655;-41,3705398;;fev.-25;FALSE;;FALSE;FALSE;;;;Fevereiro 25;R$ 41.751,34;https://maps.app.goo.gl/d7yRWrc151o7qxSL6;;;;;;;;;;;;;;;;;;;;;;;;;;;;;;;
QLP;9102102966;1157357;RR-CIND-POV-POCO DE PEDRA-RURAL-CASA NOV;CASA NOVA;;LV+LM;;;RETIRADA ;1;12;;;;;PLANO 7;100%;R$ 89.399,76;;;;;PAULO JUNIOR;DIEGO;-8,9763479;-41,0178819;;fev.-25;FALSE;;FALSE;FALSE;;;;Fevereiro 25;R$ 22.349,94;https://maps.app.goo.gl/jVv4wkqWz2i3Zevz9;;;;;;;;;;;;;;;;;;;;;;;;;;;;;;;
QLP;9102124586;1161420;ER-CIND-FAZ-BRANDAO-RURAL;CURAÇÁ/UAUA;;LV+LM;;;RETIRADA ;1;12;;;;;PLANO 7;100%;R$ 75.221,06;;;;MAURICIO GERALDO;EDIE JONNES;CARLOS EDUARDO;-9,7416471;-39,6509647;;fev.-25;FALSE;;FALSE;FALSE;;;;Fevereiro 25;R$ 18.805,27;https://maps.app.goo.gl/dXiuoQ6LuEBv9GNB6;;;;;;;;;;;;;;;;;;;;;;;;;;;;;;;
LPT;9102041735;1132752;ER-CIND-POV-OURICURI-RURAL;CASA NOVA;;19336 - 44195 - 17/02;;;CONCLUIDA;1;11;;;;;PLANO 14;100%;R$ 89.659,07;;01/02/2025;15/02/2025;;PAULO JUNIOR;DIEGO;-8,9619109;-41,3678994;;fev.-25;FALSE;;FALSE;FALSE;1019868/APROVADA;E725744;E725754;Fevereiro 25;R$ 22.414,77;https://maps.app.goo.gl/DkMdzjKfBqT8EhkV6;;;;;;;;;;;;;;;;;;;;;;;;;;;;;;;
LPT;9101743901;1058016;MP-CIND POV-MARAVILHA-RURAL;REMANSO;;DL REALOCAR RD;;;RETIRADA ;1;11;;;;;PLANO 14;100%;R$ 94.874,50;;;;;PAULO JUNIOR;DEBORA;-9,7565455;-42,5074212;;fev.-25;FALSE;;FALSE;FALSE;;;;Fevereiro 25;R$ 23.718,63;https://maps.app.goo.gl/ZboThX527ADbx1Nq5;;;;;;;;;;;;;;;;;;;;;;;;;;;;;;;
QLP;9102070977;1157044;MP-CIND -POV-SERRA DA B VISTA -RURAL;JUAZEIRO;;LV;;;RETIRADA ;1;11;;;;;PLANO 7;100%;R$ 122.571,24;;;;CARLOS / PAULO;;EDVALDO;-9,9115869;-40,3273726;;fev.-25;FALSE;;FALSE;FALSE;1019182;;;Fevereiro 25;R$ 30.642,81;https://maps.app.goo.gl/9XvnkqTSpd4TF8HVA;;;;;;;;;;;;;;;;;;;;;;;;;;;;;;;
LPT;9102039855;1135743;ER-CIND-FAZ-QUEIMADAS DOS LOIOLAS-RURAL;UAUÁ;;LV+LM;;;RETIRADA ;8;10;;;;;PLANO 14;100%;R$ 65.779,41;;;;MAURICIO GERALDO;EDIE JONNES;CARLOS EDUARDO;-9,8115887;-39,4774961;;fev.-25;FALSE;;FALSE;FALSE;;;;Fevereiro 25;R$ 16.444,85;https://maps.app.goo.gl/i8rA1gJwPdyR5xJF8;;;;;;;;;;;;;;;;;;;;;;;;;;;;;;;
QLP;9102139875;1173044;ER-CIND-POV-CAMPOS-CAMPOS;JUAZEIRO;;LM;;;RETIRADA ;1;10;;;;;PLANO 7;100%;R$ 48.513,48;;;;CARLOS / PAULO;;CARLOS EDUARDO;-9,377967;-40,2530841;;fev.-25;FALSE;;FALSE;FALSE;;;;Fevereiro 25;R$ 12.128,37;https://maps.app.goo.gl/nVYuQQiThEnbXyyW6 ;;;;;;;;;;;;;;;;;;;;;;;;;;;;;;;
AL/MELHORAMENTO;9101909686;1085374;AL-01V3-NOVA TOURÃO-CONSTRUÇÃO ITEM 1, 2;JUAZEIRO;;MIGRAR;;;NÃO INICIADA;0;10;;;;;PLANO 8;100%;R$ 491.175,01;;01/02/2025;28/02/2025;IVONALDO;SANTIAGO;SANDRO;-9,436886049;-40,38081355;;fev.-25;FALSE;;FALSE;FALSE;1019623;;;Fevereiro 25;R$ 122.793,75;;;;;;;;;;;;;;;;;;;;;;;;;;;;;;;;
LPT;9101205768;884168;MP-CCOL-POV SALGADINHA-RURAL;CASA NOVA;;LV+LM;;;RETIRADA ;1;9;;;;;PLANO 14;100%;R$ 48.586,56;;;;;PAULO JUNIOR;DIEGO;-9,2064123;-40,8080123;;fev.-25;FALSE;;FALSE;FALSE;1019191;;;Fevereiro 25;R$ 12.146,64;https://maps.app.goo.gl/PogbnBzGx5Uc6ZeU8;;;;;;;;;;;;;;;;;;;;;;;;;;;;;;;
LPT;9100838148;728506;MP-CIND-SIT TANQUINHO DO ROMAO-RURAL;CASA NOVA;;;;;RETIRADA ;1;9;;;;;PLANO 14;100%;R$ 44.489,82;;;;;PAULO JUNIOR;DIEGO;;;;fev.-25;FALSE;;FALSE;FALSE;;;;Fevereiro 25;R$ 11.122,46;;;;;;;;;;;;;;;;;;;;;;;;;;;;;;;;
LPT;9101964733;1108281;ER-CIND-POV-PAUDARCO-MUQUEM;JUAZEIRO;SACADO;LM (ENCABEÇAR RD);;;CONCLUIDA;1;8;;;;;PLANO 14;100%;R$ 24.317,68;;01/02/2025;19/02/2025;MANUTENÇÃO;ANDERSON / EDIE JONNES;CARLOS EDUARDO;-9,287844172;-39,96277385;;;;;;;959519/APROVADA;E420795;E420803;Fevereiro 25;R$ 6.079,42;;;;;;;;;;;;;;;;;;;;;;;;;;;;;;;;
LPT;9102014140;1123817;ER CIND POV POÇO DE DENTRO RURAL CRC;CURAÇÁ/UAUA;;;;;RETIRADA ;1;8;;;;;PLANO 14;100%;R$ 50.364,62;;;;MAURICIO GERALDO;EDIE JONNES;CARLOS EDUARDO;-9,6221324;-39,7727407;;;;;;;;;;Fevereiro 25;R$ 12.591,16;https://maps.app.goo.gl/JKA2DkTTmJWLx4r58;;;;;;;;;;;;;;;;;;;;;;;;;;;;;;;
LPT;9101437623;945802;RR-CIND-FAZ JUREMAL-ITAPERA;SENTO SÉ;19/02;MIGRAR;;;NÃO INICIADA;1;8;;;;;PLANO 14;100%;R$ 29.017,36;;22/02/2025;26/02/2025;FABIO / FERNANDO;SANTIAGO;SANDRO;-9,755965;-41,9242724;;fev.-25;FALSE;;FALSE;FALSE;1019907;;;Fevereiro 25;R$ 7.254,34;https://maps.app.goo.gl/EVeVs3HVHQ8JbCov9;;;;;;;;;;;;;;;;;;;;;;;;;;;;;;;
QLP;9102129602;1161606;ER-CIND-FAZ-POCINHO 70-RURAL;UAUÁ;;LV+LM;;;RETIRADA ;1;8;;;;;PLANO 7;100%;R$ 49.405,65;;;;MAURICIO GERALDO;EDIE JONNES;CARLOS EDUARDO;-10,005654;-39,2632219;;fev.-25;FALSE;;FALSE;FALSE;;;;Fevereiro 25;R$ 12.351,41;https://maps.app.goo.gl/8rhn3crv7qGbgMkd9;;;;;;;;;;;;;;;;;;;;;;;;;;;;;;;
GOVERNO;9102104318;1157570;ER-CCOL-RUA-DO ASFALTO -PIRI - RURAL;SENTO SÉ;07/02 - POSTE;13335 - 43626 - 17/02;;;CONCLUIDA;1;7;;;;;PLANO 7;100%;R$ 49.679,93;;10/02/2025;15/02/2025;FABIO / FERNANDO;SANTIAGO;SANDRO;-9,7823852;-41,415294;;fev.-25;FALSE;;FALSE;FALSE;DA PLANILHA ;E688666;E688672;Fevereiro 25;R$ 12.419,98;https://maps.app.goo.gl/1vLk6aSopkkVaEvXA;;;;;;;;;;;;;;;;;;;;;;;;;;;;;;;
SOLICITAÇÃO ATENDIMENTO;9102095232;1152297;RU-PREF-CA-DAS AVES-PARQUE UMBUZEIROS;UAUÁ;07/02;LV;;;CONCLUIDA;1;7;;;;;PLANO 7;100%;R$ 52.216,95;;10/02/2025;17/02/2025;MAURICIO GERALDO;EDIE JONNES;CARLOS EDUARDO;-9,836194;-39,48777;;fev.-25;FALSE;;FALSE;FALSE;DA PLANILHA;E710936;E710942;Fevereiro 25;R$ 13.054,24;https://maps.app.goo.gl/PjHtQsMdRg15gwTh9;;;;;;;;;;;;;;;;;;;;;;;;;;;;;;;
LPT;9101872943;1074313;ER-CIND-POV-L  DO BARRO -BARRO DOS BAIOS;REMANSO;;LV;;;RETIRADA ;1;7;;;;;PLANO 14;100%;R$ 50.505,91;;;;;PAULO JUNIOR;DEBORA;-9,5270265;-42,5103315;;fev.-25;FALSE;;FALSE;FALSE;;;;Fevereiro 25;R$ 12.626,48;https://maps.app.goo.gl/RG6bEvrJToHFctnH6;;;;;;;;;;;;;;;;;;;;;;;;;;;;;;;
LPT;9101982936;1117258;LD-CIND-POV DESENGANO-RURAL;SENTO SÉ;;ENTREGA;;;CONCLUIDA;1;7;;;;;PLANO 14;100%;R$ 94.178,01;;15/02/2025;28/02/2025;EMERSON;EMERSON;SANDRO;-9,8503651;-41,8163697;;fev.-25;FALSE;;FALSE;FALSE;1019184/APROVADA;E725711;E725717;Fevereiro 25;R$ 23.544,50;https://maps.app.goo.gl/oj27cqeS7QnxmAVb6;;;;;;;;;;;;;;;;;;;;;;;;;;;;;;;
REPUTACIONAL;9102130864;1164126;ER-CIND-POV-ALTO MULUNGU-RURAL;SENTO SÉ;SACADO;;;;CONCLUIDA;1;7;;;;;PLANO 7;100%;R$ 39.878,44;;;;FABIO / FERNANDO;SANTIAGO;SANDRO;-9,7047012;-41,2933329;;;;;;;;;;Fevereiro 25;R$ 9.969,61;;;;;;;;;;;;;;;;;;;;;;;;;;;;;;;;
SOLICITAÇÃO ATENDIMENTO;9102138571;1166776;ER-CIND-POV-NOVO MARCOS-MARCOS;REMANSO;;ENTREGA;;;CONCLUIDA;1;7;;;;;;100%;R$ 89.583,34;;;;DOMINGOS;PAULO JUNIOR;DEBORA;-9,5633678;-42,0505186;;fev.-25;FALSE;;FALSE;FALSE;1020095/APROVADA;E725904;E725910;Fevereiro 25;R$ 22.395,84;https://maps.app.goo.gl/eKhXz3ySFBcsJmqT6 ;;;;;;;;;;;;;;;;;;;;;;;;;;;;;;;
QLP;9102127351;1164987;UB-CIND-RUA 628 LOT HUMBERTO PEREIRA CEN;JUAZEIRO;12/02;DL REALOCAR RD;;13/02;CONCLUIDA;6;6;;;;;PLANO 7;100%;R$ 88.864,72;;05/02/2025;15/02/2025;CARLOS / PAULO;EDIE JONNES / SANTIAGO;VICTOR;-9,460531;-40,5304727;;fev.-25;FALSE;;FALSE;FALSE;DA PLANILHA;E688646;E688651;Fevereiro 25;R$ 22.216,18;https://maps.app.goo.gl/g1R2Gsz35qXNmnoj9;;;;;;;;;;;;;;;;;;;;;;;;;;;;;;;
LPT;9101886245;1077021;ER-CIND-FAZ-MACAMBIRA 52-RURAL;CURAÇÁ;;;;;CONCLUIDA;1;6;;;;;PLANO 14;100%;R$ 20.555,43;;;;EMERSON;EMERSON;CARLOS EDUARDO;-8,979004;-39,840509;;;;;;;;;;Fevereiro 25;R$ 5.138,86;https://maps.app.goo.gl/vrP748rXKPPBQ6Ea6;;;;;;;;;;;;;;;;;;;;;;;;;;;;;;;
RECLAMAÇÃO REITERADA;9101982721;1122163;ER-CIND-POV-TOME 11-RURAL;JUAZEIRO;SACADO;;;;CONCLUIDA;1;6;;;;;PLANO 14;100%;R$ 74.332,27;;;;GISMARIO;EDIE JONNES;VICTOR;-9,433107;-40,284259;;;;;;;1016663/APROVADA ;E710687;E710694;Fevereiro 25;R$ 18.583,07;;;;;;;;;;;;;;;;;;;;;;;;;;;;;;;;
QLP;9102099917;1158859;ER-CIND-POV-RURAL-ESFOMEADO;CURAÇÁ/UAUA;;LV+LM;;;RETIRADA ;1;5;;;;;PLANO 7;100%;R$ 29.480,87;;;;MAURICIO GERALDO;EDIE JONNES;CARLOS EDUARDO;-9,6597732;-39,8303821;;fev.-25;FALSE;;FALSE;FALSE;;;;Fevereiro 25;R$ 7.370,22;https://maps.app.goo.gl/p94PbMpxyGEfqS5u9;;;;;;;;;;;;;;;;;;;;;;;;;;;;;;;
QLP;9102131257;1163416;ER CIND POV JUNCO SALITRE RURAL;JUAZEIRO;;LV+LM;;;RETIRADA ;1;5;;;;;PLANO 7;100%;R$ 52.884,17;;;;CARLOS / PAULO;;VICTOR;-9,6748125;-40,6029115;;fev.-25;FALSE;;FALSE;FALSE;;;;Fevereiro 25;R$ 13.221,04;https://maps.app.goo.gl/LjnP7TZ9WBrJPu8K7;;;;;;;;;;;;;;;;;;;;;;;;;;;;;;;
QLP;9102141835;1173393;ER-CIND-POV-S O DOMINGOS-RURAL;CURAÇÁ/UAUA;;LM;;;RETIRADA ;1;5;;;;;PLANO 7;100%;R$ 22.376,37;;;;MAURICIO GERALDO;EDIE JONNES;CARLOS EDUARDO;-9,5295794;-39,7842152;;fev.-25;FALSE;;FALSE;FALSE;;;;Fevereiro 25;R$ 5.594,09;https://maps.app.goo.gl/ZV8XgQmkBfNxdoku5;;;;;;;;;;;;;;;;;;;;;;;;;;;;;;;
QLP;9102151774;1177448;UB-CIND-RUA-E 35-URBANO;JUAZEIRO;07/02;;;;CONCLUIDA;5;5;;;;;PLANO 7;100%;R$ 32.180,80;;;07/08/2025;CARLOS / PAULO;EDIE JONNES / SANTIAGO;VICTOR;-9,4596513;-40,5112049;;;;;;;DA PLANILHA;E688655;E688659;Fevereiro 25;R$ 8.045,20;;;;;;;;;;;;;;;;;;;;;;;;;;;;;;;;
LPT;9101783582;1028355;ER-CIND-POV-SANTA BARBARA-RURAL;SOBRADINHO;;LV+LM;;;RETIRADA ;1;4;;;;;PLANO 14;100%;R$ 25.946,33;;;;FABIO / FERNANDO;;SANDRO;-9,4641322;-40,8145123;;fev.-25;FALSE;;FALSE;FALSE;1019185;;;Fevereiro 25;R$ 6.486,58;https://maps.app.goo.gl/A99qyP9rqVY8aA868;;;;;;;;;;;;;;;;;;;;;;;;;;;;;;;
AL/MELHORAMENTO;9101909688;1085227;AL - 01V4 - NOVA TOURÃO - CONSTRUÇÃO;JUAZEIRO;;MIGRAR;;;NÃO INICIADA;0;4;;;;;PLANO 8;100%;R$ 616.794,25;;03/02/2025;28/02/2025;IVONALDO;SANTIAGO;SANDRO;-9,4307884;-40,3956456;;fev.-25;FALSE;;FALSE;FALSE;1017645/APROVADA;E711971;E711972;Fevereiro 25;R$ 154.198,56;https://maps.app.goo.gl/fKjeR4jXpmznhD6L6;;;;;;;;;;;;;;;;;;;;;;;;;;;;;;;
AIC OBJETIVO;9102089651;1146682;NT-RECOND-RMN-09X1-Q076416-Q076429;PILÃO ARCADO;;MIGRAR;;;NÃO INICIADA;0;4;;;;;PLANO 8;100%;R$ 473.229,74;;15/02/2025;28/02/2025;;PAULO JUNIOR;DEBORA;-9,9609048;-42,4062434;;fev.-25;FALSE;;FALSE;FALSE;1019014/APROVADA ;E725862;E725865;Fevereiro 25;R$ 118.307,44;https://maps.app.goo.gl/4Vv98j2JQceokfvD7;;;;;;;;;;;;;;;;;;;;;;;;;;;;;;;
REPUTACIONAL;9102125688;1161869;ER-CIND-FAZ-MASSAYO -RURAL;JUAZEIRO;26/02;MIGRAR;;;NÃO INICIADA;0;4;;;;;PLANO 7;100%;R$ 362.692,55;;15/02/2025;28/02/2025;CARLOS / PAULO;EDIE JONNES / SANTIAGO;VICTOR;-9,475;-40,428328;;;;;;;1020086/APROVADA;E725899;E725902;Fevereiro 25;R$ 90.673,14;;;;;;;;;;;;;;;;;;;;;;;;;;;;;;;;
RECLAMAÇÃO;9102129630;1163633;ME CIND RUA CAIXA DAGUA1 CENTRO;CASA NOVA;;MIGRAR;;;NÃO INICIADA;0;4;;;;;PLANO 8;100%;R$ 113.399,53;;15/02/2025;28/02/2025;;PAULO JUNIOR;DIEGO;-8,7732182;-41,1549792;;fev.-25;FALSE;;FALSE;FALSE;1020096/APROVADA;E725914;E725917;Fevereiro 25;R$ 28.349,88;https://maps.app.goo.gl/LHtcvD548ZdW6oug7;;;;;;;;;;;;;;;;;;;;;;;;;;;;;;;
RECLAMAÇÃO;9102040265;1133629;RR-CIND-FAZ-FLORESTA ALGODAO VELHO-RR;SOBRADINHO;;MIGRAR;;;NÃO INICIADA;1;4;;;;;PLANO 14;100%;R$ 44.411,86;;27/02/2025;28/02/2025;FABIO / FERNANDO;SANTIAGO;SANDRO;-9,4790199;-41,0293723;;fev.-25;FALSE;;FALSE;FALSE;1020099;;;Fevereiro 25;R$ 11.102,97;https://maps.app.goo.gl/qTsQosNdEjNC5VWz9;;;;;;;;;;;;;;;;;;;;;;;;;;;;;;;
QLP;9102053189;1137789;ER-CIND-POV-TANQUE NOVO-TANQUE NOVO;REMANSO;;MIGRAR;;;NÃO INICIADA;1;4;;;;;PLANO 7;100%;R$ 41.046,53;;;;;PAULO JUNIOR;DEBORA;-9,6285372;-42,1992858;;fev.-25;FALSE;;FALSE;FALSE;1019899/APROVADA;E725866;E725869;Fevereiro 25;R$ 10.261,63;https://maps.app.goo.gl/9M7di5wWG5hHfw2T9 ;;;;;;;;;;;;;;;;;;;;;;;;;;;;;;;
SOLICITAÇÃO ATENDIMENTO;9101977212;1115260;AC-CIND-RUA-PADRE JOAO FRE-CENTRO;PILÃO ARCADO;SACADO;MIGRAR;;;NÃO INICIADA;1;4;;;;;PLANO 7;100%;R$ 69.502,35;;;;;PAULO JUNIOR;DIEGO;-10,000539;-42,480473;;;;;;;1016690/APROVADA;E710834;E710841;Fevereiro 25;R$ 17.375,59;;;;;;;;;;;;;;;;;;;;;;;;;;;;;;;;
PRIORIDADE PLANO ANEEL;9102072423;1149197;ER-CIND-FAZ-CAMPO LARGO-RURAL-TABULEIRO;REMANSO;;;;;CONCLUIDA;1;4;;;;;;100%;R$ 14.896,19;;;;;PAULO JUNIOR;DIEGO DE CARVALHO;;;;;;;;;APROVADA;E681513;E681517;Fevereiro 25;R$ 326.781,06;;;;;;;;;;;;;;;;;;;;;;;;;;;;;;;;
MELHORIA;9102159911;1175928;IE - CJ DE MEDI  O - D005912;JUAZEIRO;SACADO;MIGRAR;;;NÃO INICIADA;1;3;;;;;;100%;R$ 207.307,57;;03/02/2025;22/02/2025;MANUTENÇÃO;ANDERSON / EDIE JONNES;VICTOR COSTA;-9,356053936;-40,4164879;;;;;;;DA PLANILHA ;E688663;E688665;Fevereiro 25;R$ 62.192,27;;;;;;;;;;;;;;;;;;;;;;;;;;;;;;;;
RECLAMAÇÃO;9101898474;1082680;LD CIND PO JUREMA VERMELHA;JUAZEIRO;24/02;ENTREGA;;;CONCLUIDA;1;3;;;;;PLANO 7;100%;R$ 49.436,01;;22/02/2025;22/02/2025;MANUTENÇÃO;ANDERSON;VICTOR;-9,1648856;-40,2654863;;fev.-25;FALSE;;FALSE;FALSE;1019613/APROVADA;E725911;E725913;Fevereiro 25;R$ 12.359,00;https://maps.app.goo.gl/EXN3daSU1fuEefdQ9;;;;;;;;;;;;;;;;;;;;;;;;;;;;;;;
QLP;9102096422;1157169;AC-CIND-RUA-BLOCO E-VILA SANTANA;SOBRADINHO;24/02;MIGRAR;;25/02;NÃO INICIADA;0;3;;;;;PLANO 7;100%;R$ 48.070,15;;25/02/2025;25/02/2025;FABIO / FERNANDO;SANTIAGO;SANDRO;-9,4539071;-40,8271665;;fev.-25;FALSE;;FALSE;FALSE;1020101;;;Fevereiro 25;R$ 12.017,54;https://maps.app.goo.gl/dU8Djrs1wZDSjpsV7;;;;;;;;;;;;;;;;;;;;;;;;;;;;;;;
AL/MELHORAMENTO;9101915089;1088191;AL - 01V8 - NOVA TOUR O - CONSTRU  O;JUAZEIRO;;MIGRAR;;;NÃO INICIADA;0;3;;;;;PLANO 1;100%;R$ 224.034,66;;03/02/2025;28/02/2025;IVONALDO;SANTIAGO;SANDRO;-9,436886049;-40,38081355;;;;;;;1010298;;;Fevereiro 25;R$ 56.008,67;;;;;;;;;;;;;;;;;;;;;;;;;;;;;;;;
QLP;9102045961;1135898;ER-CIND-POV-CARNAIBA DO SERTAO-RURAL;JUAZEIRO;;LM ;;;RETIRADA ;1;3;;;;;PLANO 7;100%;R$ 13.874,74;;;;CARLOS / PAULO;;EDVALDO;-9,5961728;-40,4185877;;fev.-25;FALSE;;FALSE;FALSE;;;;Fevereiro 25;R$ 3.468,69;https://maps.app.goo.gl/iKapupto4QnY9KTM8;;;;;;;;;;;;;;;;;;;;;;;;;;;;;;;
JUDICIAL;9101937359;1097831;ER-CIND-POV-TAPARICA-RURAL;JUAZEIRO;SACADO;;;;CONCLUIDA;1;3;;;;;PLANO 7;100%;R$ 33.577,54;;;;MANUTENÇÃO;ANDERSON;CARLOS EDUARDO;-9,10517;-40,275412;;;;;;;1013573/APROVADA;E681541;E681544;Fevereiro 25;R$ 8.394,39;;;;;;;;;;;;;;;;;;;;;;;;;;;;;;;;
ESTRATÉGICA;9102046058;1131135;EQ-CIND-ROD-JUAZEIRO CURACA-RURAL;JUAZEIRO;;;;;CANCELADA;0;3;;;;;;100%;R$ 366.663,28;;;;MANUTENÇÃO;ANDERSON / EDIE JONNES;VICTOR COSTA;-9,355608;-40,4160904;;;;;;;APROVADA;E647095;E647097;Fevereiro 25;R$ 91.665,82;;;;;;;;;;;;;;;;;;;;;;;;;;;;;;;;
QLP;9102003734;1125229;ER-CIND-AG 04 29-AGROVILA PEDRA BRANCA 0;CURAÇÁ;;LM ;;;CONCLUIDA;1;2;;;;;PLANO 7;100%;R$ 8.145,11;;10/02/2025;22/02/2025;EMERSON;EMERSON;CARLOS EDUARDO;-8,665675;-39,4272457;;fev.-25;FALSE;;FALSE;FALSE;1019909/APROVADA ;E725890;E725891;Fevereiro 25;R$ 2.036,28;https://maps.app.goo.gl/mKToLfK3LFQHo3UM9;;;;;;;;;;;;;;;;;;;;;;;;;;;;;;;
GOVERNO;9102034602;1132575;RC-PREF-RUA-RAUL ALVES DE SOUZA-CENTRO;SENTO SÉ;19/02;ENTREGA;;27/02;CONCLUIDA;0;2;;;;;PLANO 8;100%;R$ 7.489,61;;18/02/2025;22/02/2025;FABIO ;SANTIAGO;SANDRO;-9,746955;-41,8809545;;fev.-25;FALSE;;FALSE;FALSE;1020104;;;Fevereiro 25;R$ 1.872,40;https://maps.app.goo.gl/TRp4B8RdLGhK7cxL6;;;;;;;;;;;;;;;;;;;;;;;;;;;;;;;
QLP;9102097307;1156234;ER-CIND-POV-TATAUI 3-RURAL;SOBRADINHO;;LV+LM;;;RETIRADA ;2;2;;;;;PLANO 7;100%;R$ 18.305,76;;;;FABIO / FERNANDO;;SANDRO;-9,5376671;-40,8320017;;fev.-25;FALSE;;FALSE;FALSE;;;;Fevereiro 25;R$ 4.576,44;https://maps.app.goo.gl/D2Z7uDmz36fs48BZ7;;;;;;;;;;;;;;;;;;;;;;;;;;;;;;;
EQUIPAMENTO;9102089653;1148050;IE-REGULADOR SE:CNN ALIM:01C3-RURAL;CASA NOVA;;MIGRAR;;;NÃO INICIADA;0;2;;;;;PLANO 8;100%;R$ 336.662,56;;05/02/2025;27/02/2025;;PAULO JUNIOR;DIEGO;;;;fev.-27;FALSE;;FALSE;FALSE;1019875/APROVADA ;E725809;E755810;Fevereiro 25;R$ 84.165,64;;;;;;;;;;;;;;;;;;;;;;;;;;;;;;;;
QLP;9102107113;1157820;UB-CIND-RUA-21 DE ABRIL-CAMPO ALEGRE;CAMPO ALEGRE DE LOURDES;;DL ;;;RETIRADA ;1;2;;;;;PLANO 7;100%;R$ 48.467,63;;;;;PAULO JUNIOR;DEBORA;-9,5163487;-43,0075864;;fev.-25;FALSE;;FALSE;FALSE;;;;Fevereiro 25;R$ 12.116,91;https://maps.app.goo.gl/FC84hbfghdeeNuJe8;;;;;;;;;;;;;;;;;;;;;;;;;;;;;;;
QLP;9102126239;1161975;ER CIND SITIO NOVO RURAL;UAUÁ;;LV;;;RETIRADA ;1;2;;;;;PLANO 7;100%;R$ 32.184,30;;;;MAURICIO GERALDO;EDIE JONNES;CARLOS EDUARDO;-10,0722696;-39,563685;;fev.-25;FALSE;;FALSE;FALSE;;;;Fevereiro 25;R$ 8.046,08;https://maps.app.goo.gl/bvEzYQWafn7dg8AN7;;;;;;;;;;;;;;;;;;;;;;;;;;;;;;;
SOLICITAÇÃO ATENDIMENTO;9102099889;1183243;AC-GRUA - FAZ. MASSAYO - RURAL;JUAZEIRO;;DL;;28/02;CANCELADA;0;2;;;;;;100%;R$ 48.263,35;;03/02/2025;28/02/2025;MANUTENÇÃO;ANDERSON / EDIE JONNES;VICTOR COSTA;-9,457915;-40,4390327;;;;;;;1020118/APROVADA;E725953;E725954;Fevereiro 25;R$ 62.192,27;;;;;;;;;;;;;;;;;;;;;;;;;;;;;;;;
AIC OBJETIVO;9102089657;1146819;NT-RECOND-MND-01N3-Q028290 -Q028297;CASA NOVA;;MIGRAR;;;NÃO INICIADA;0;2;;;;;PLANO 8;100%;R$ 221.908,41;;15/02/2025;28/02/2025;;PAULO JUNIOR;DIEGO;-9,3531261;-40,8462015;;fev.-25;FALSE;;FALSE;FALSE;1019155/APROVADA;E752880;E755881;Fevereiro 25;R$ 55.477,10;https://maps.app.goo.gl/eSJfeLhTy1bFg16h8;;;;;;;;;;;;;;;;;;;;;;;;;;;;;;;
QLP;9102134938;1171528;ER-CIND-SI-FERNANDO BENEVIDES 8-RURAL;CASA NOVA;;LM;;;RETIRADA ;2;2;;;;;PLANO 7;100%;R$ 14.698,40;;;;;PAULO JUNIOR;DIEGO;-9,1576681;-41,0152376;;fev.-25;FALSE;;FALSE;FALSE;;;;Fevereiro 25;R$ 3.674,60;https://maps.app.goo.gl/vJtQDTzv2wpc7KGPA;;;;;;;;;;;;;;;;;;;;;;;;;;;;;;;
QLP;9102125755;1162925;ER-CIND-POV-PINHOES-RURAL;JUAZEIRO;;LV+LM;;;RETIRADA ;2;2;;;;;PLANO 7;100%;R$ 26.412,06;;;;CARLOS / PAULO;;VICTOR;-9,5703319;-39,9111348;;fev.-25;FALSE;;FALSE;FALSE;;;;Fevereiro 25;R$ 6.603,02;https://maps.app.goo.gl/BA2mUM4yaYW7NPwx6 ;;;;;;;;;;;;;;;;;;;;;;;;;;;;;;;
SOLICITAÇÃO ATENDIMENTO;9102093083;1148458;IS-COEL-AV-AGUAS BELAS-MALHADA DA AREIA;JUAZEIRO;;LM;;OBRA JA EXECUTADA;CANCELADA;1;2;;;;;PLANO 8;100%;R$ 10.051,45;;;;CARLOS / PAULO;EDIE JONNES / SANTIAGO;VICTOR;-9,4421728;-40,5041418;;fev.-25;FALSE;;FALSE;FALSE;1019625;;;Fevereiro 25;R$ 2.512,86;https://maps.app.goo.gl/JwAJL1DjUBuNwKTH7;;;;;;;;;;;;;;;;;;;;;;;;;;;;;;;
GOVERNO;9102157612;1172946;IE-REGULADOR-RMN-09X1-Q076477;PILÃO ARCADO;;MIGRAR;;;NÃO INICIADA;0;2;;;;;PLANO 8;100%;R$ 189.769,75;;15/03/2025;28/02/2025;;PAULO JUNIOR;DIEGO;;;;fev.-26;FALSE;;FALSE;FALSE;1020107/APROVADA;E725932;E725933;Fevereiro 25;R$ 47.442,44;;;;;;;;;;;;;;;;;;;;;;;;;;;;;;;;
QLP;9101693797;1003084;IT-CIND-FAZ-JURITI-RURAL;CURAÇÁ;;LV;;;CONCLUIDA;0;1;;;;;PLANO 7;100%;R$ 6.396,29;;03/02/2025;12/02/2024;EMERSON;EMERSON;CARLOS EDUARDO;-9,0490943;-39,9517277;;;;;;;APROVADA;E681678;E681679;Fevereiro 25;R$ 1.918,89;;;;;;;;;;;;;;;;;;;;;;;;;;;;;;;;
QLP;9102104328;1157410;ER-CIND-POV-JUNCO 7 SN-JUNCO;SENTO SÉ;;Pes 16576 / oc 45736 - 18/02;;;CONCLUIDA;1;1;;;;;PLANO 7;100%;R$ 19.704,12;;17/02/2025;20/02/2025;FABIO / FERNANDO;SANTIAGO;SANDRO;-10,3059369;-41,8705767;;fev.-25;FALSE;;FALSE;FALSE;1020108;E725934;E725934;Fevereiro 25;R$ 4.926,03;https://maps.app.goo.gl/zBVnwMFp9QzjqoZD8;;;;;;;;;;;;;;;;;;;;;;;;;;;;;;;
SOLICITAÇÃO ATENDIMENTO;9102149066;1171279;RR-CIND-POV-RODEADOURO 300-RURAL;JUAZEIRO;19/02;LV;;;CONCLUIDA;1;1;;;;;PLANO 7;100%;R$ 9.025,18;;19/02/2025;22/02/2025;ANDERSON/MANUTENÇÃO;ANDERSON/MANUTENÇÃO;VICTOR;-9,4839376;-40,5803548;;fev.-25;FALSE;;FALSE;FALSE;1019620/APROVADA;E725928;E725928;Fevereiro 25;R$ 2.256,30; https://maps.app.goo.gl/TPkqdAZG25Kxxp9A8;;;;;;;;;;;;;;;;;;;;;;;;;;;;;;;
QLP;9101955953;1106668;ER-PREF-POV-CANAL DA BATATEIRA-RURAL;SOBRADINHO;SACADO;LM + LV;;;CONCLUIDA;1;1;;;;;PLANO 7;100%;R$ 22.297,35;;22/02/2025;22/02/2025;FABIO / FERNANDO;SANTIAGO;SANDRO;-9,504162;-40,84397;;;;;;;APROVADA;E681680;E681681;Fevereiro 25;R$ 5.574,34;;;;;;;;;;;;;;;;;;;;;;;;;;;;;;;;
GOVERNO;9102141330;1171691;AC-PREF RUA ANTONIO GUILHERMINO 3-URBANO;JUAZEIRO;19/02;DL TRAFO + LV;;21/02;CONCLUIDA;1;1;;;;;PLANO 7;100%;R$ 41.913,92;;21/02/2025;23/02/2025;CARLOS / PAULO;EDIE JONNES / SANTIAGO;VICTOR;-9,4641539;-40,4958867;;fev.-25;FALSE;;FALSE;FALSE;1019617/APROVADA;E725923;E725923;Fevereiro 25;R$ 10.478,48;https://maps.app.goo.gl/PQo6KsoQ3pdgyf7C8 ;;;;;;;;;;;;;;;;;;;;;;;;;;;;;;;
GOVERNO;9102145210;1171627;ER-SEIN-FAZ-FZ ROMPEDOR 1800-RURAL;CURAÇÁ;;OBRA COCNCLUIDA;;;CANCELADA;1;1;;;;;PLANO 7;100%;R$ 29.463,94;;;;EMERSON;EMERSON;CARLOS EDUARDO;-8,9308931;-39,8715633;;fev.-25;TRUE;;TRUE;TRUE;;;;Fevereiro 25;R$ 7.365,99;https://maps.app.goo.gl/uW3Hr3i9kGuuByMm8;;;;;;;;;;;;;;;;;;;;;;;;;;;;;;;
QLP;9102098830;1156043;ER-CIND-POV- LOGO VEM 1226-LOGO VEM;CASA NOVA;;LV;;;RETIRADA ;1;1;;;;;PLANO 7;100%;R$ 17.496,10;;;;;PAULO JUNIOR;DIEGO;-9,1226207;-40,916031;;fev.-25;FALSE;;FALSE;FALSE;1019194;;;Fevereiro 25;R$ 4.374,03;https://maps.app.goo.gl/G3XZCZah8B6URdPT6;;;;;;;;;;;;;;;;;;;;;;;;;;;;;;;
REPUTACIONAL;9102132629;1161619;ER-CIND-FAZ-MASSAYO-RURAL;JUAZEIRO;26/02;MIGRAR;;;NÃO INICIADA;1;1;;;;;PLANO 7;100%;R$ 91.201,34;;03/02/2025;28/02/2025;CARLOS / PAULO;EDIE JONNES / SANTIAGO;VICTOR;-9,372143;-40,349066;;;;;;;1020103/APROVADA;E725929;E725929;Fevereiro 25;R$ 22.800,34;;;;;;;;;;;;;;;;;;;;;;;;;;;;;;;;
QLP;9102114048;1158653;UB-CIND-RUA-QD M 3-A-S O FRANCISCO;CASA NOVA;;LV+LM;;;RETIRADA ;1;1;;;;;PLANO 7;100%;R$ 28.673,93;;;;;PAULO JUNIOR;DIEGO;-9,1551405;-40,9621058;;fev.-25;FALSE;;FALSE;FALSE;;;;Fevereiro 25;R$ 7.168,48;https://maps.app.goo.gl/9bsi7GjQFv99MedA6;;;;;;;;;;;;;;;;;;;;;;;;;;;;;;;
AL/MELHORAMENTO;9102006140;1157282;AL 06-NOVA TOUR O - CONSTRU  O 1 3;JUAZEIRO;;MIGRAR;;;NÃO INICIADA;0;1;;;;;PLANO 1;100%;R$ 15.075,30;;03/02/2025;28/02/2025;IVONALDO;SANTIAGO;SANDRO;-9,436886049;-40,38081355;;;;;;;1020110;;;Fevereiro 25;R$ 3.768,83;;;;;;;;;;;;;;;;;;;;;;;;;;;;;;;;
QLP;9102126554;1160765;ER-CIND-POV-VOLTA DE BAIXO-GENIPAPINHO;CAMPO ALEGRE DE LOURDES;;LM;;;RETIRADA ;1;1;;;;;PLANO 7;100%;R$ 12.311,42;;;;;PAULO JUNIOR;DEBORA;-9,6355781;-42,9968411;;fev.-25;FALSE;;FALSE;FALSE;;;;Fevereiro 25;R$ 3.077,86;https://maps.app.goo.gl/ZaD7n7gXfMx6Fsi59;;;;;;;;;;;;;;;;;;;;;;;;;;;;;;;
QLP;9102103367;1157956;ER-CIND-POV-MORCEGO-AGROVALE;JUAZEIRO;;LV;;;RETIRADA ;0;1;;;;;PLANO 7;100%;R$ 22.412,74;;;;CARLOS / PAULO;;VICTOR;-9,5432491;-40,0846643;;fev.-25;FALSE;;FALSE;FALSE;;;;Fevereiro 25;R$ 5.603,19;https://maps.app.goo.gl/GeR2dZswjxH3bc169;;;;;;;;;;;;;;;;;;;;;;;;;;;;;;;
GOVERNO;9102074025;1140190;AC-CIND-POV-LAGOINHA-RURAL;JUAZEIRO;25/02;ENTREGA;;26/02;CONCLUIDA;0;1;;;;;PLANO 7;100%;R$ 36.390,95;;26/02/2025;28/02/2025;CARLOS / PAULO;EDIE JONNES / SANTIAGO;VICTOR;-9,8519905;-40,2561437;;fev.-25;FALSE;;FALSE;FALSE;1019619/APROVADA;E725924;E725924;Fevereiro 25;R$ 9.097,74;https://maps.app.goo.gl/Ek1nHvgRxyYMyyK88 ;;;;;;;;;;;;;;;;;;;;;;;;;;;;;;;
QLP;9102146132;1171777;ER - CIND POV PONTAL 22  -RURAL;JUAZEIRO;;LV;;;RETIRADA ;1;1;;;;;;100%;R$ 5.022,75;;;;CARLOS / PAULO;;CARLOS EDUARDO;-9,0599915;-40,2332085;;fev.-25;FALSE;;FALSE;FALSE;;;;Fevereiro 25;R$ 1.255,69;https://maps.app.goo.gl/irCyMUZUZE4SyuBB6;;;;;;;;;;;;;;;;;;;;;;;;;;;;;;;
TRANSGRESSÃO;9102127849;1165218;ER-CIND-RUA-S O FRANCISCO-CENTRO;REMANSO;;MIGRAR;;;NÃO INICIADA;0;1;;;;;PLANO 7;100%;R$ 31.777,61;;;;;PAULO JUNIOR;DEBORA;-9,5642758;-42,0376227;;fev.-25;FALSE;;FALSE;FALSE;1020093/APROVADA;E725903;E725903;Fevereiro 25;R$ 7.944,40;https://maps.app.goo.gl/CJ4FhBqnN84uTQpx6;;;;;;;;;;;;;;;;;;;;;;;;;;;;;;;
GOVERNO;9102149154;1173382;UB-PREF-RUA WILSON C BRANCO-QUADRA 16;REMANSO;;POSSIVEL DL ;;;CONCLUIDA;1;1;;;;;PLANO 7;100%;R$ 37.941,14;;;;;PAULO JUNIOR;DEBORA;-9,6157369;-42,0835201;;fev.-25;FALSE;;FALSE;FALSE;1020100/APROVADA;E725922;E725922;Fevereiro 25;R$ 9.485,29;https://maps.app.goo.gl/vGodWZyZMoxSUC9J7;;;;;;;;;;;;;;;;;;;;;;;;;;;;;;;
PRIORIDADE PLANO ANEEL;9102070311;1143605;ER-CIND-POV-CALDEIRAO DA ONCA-CAMPO GRAN;PILÃO ARCADO;;ENTREGA;;;CONCLUIDA;1;1;;;;;;100%;R$ 16.361,47;;;;;PAULO JUNIOR;DIEGO DE CARVALHO;;;;;;;;;APROVADA ;E663597;E663598;Fevereiro 25;R$ 4.090,37;;;;;;;;;;;;;;;;;;;;;;;;;;;;;;;;
RECLAMAÇÃO;9102134612;1163359;AC-CIND-POV- JAQUINICO-RURAL;CURAÇÁ;;DESLIGAMENTO;;20/02 e 27/02;CANCELADA;0;0;;;;;PLANO 7;100%;R$ 34.425,82;;20/02/2025;27/02/2028;EMERSON;EMERSON;CARLOS EDUARDO;-9,1621406;-39,5808077;;fev.-25;FALSE;;FALSE;FALSE;0 POSTE ;;;Fevereiro 25;R$ 8.606,46;https://maps.app.goo.gl/K74eKa2tzY53MNRf7;;;;;;;;;;;;;;;;;;;;;;;;;;;;;;;
AL/MELHORAMENTO;9102006139;1157379;RS-COEL-SAIDA AL NOVA TOURAO;JUAZEIRO;;MIGRAR;;;NÃO INICIADA;0;0;;;;;PLANO 1;100%;R$ 1.374.462,12;;03/02/2025;28/02/2025;IVONALDO;SANTIAGO;SANDRO;-9,436886049;-40,38081355;;fev.-25;FALSE;;FALSE;FALSE;0 POSTE;;;Fevereiro 25;R$ 343.615,53;;;;;;;;;;;;;;;;;;;;;;;;;;;;;;;;
JUDICIAL;9102095200;1151835;AC-CIND-POV-ITAPICURU-RURAL;SENTO SÉ;11/02;AVANÇO;;;NÃO INICIADA;1;0;;;;;PLANO 7;50%;R$ 112.962,82;;12/02/2025;31/03/2025;FABIO / FERNANDO;SANTIAGO;SANDRO;-10,548659;-41,84232;;;;;;;0 POSTE;;;Fevereiro 25;R$ 28.240,71;https://maps.app.goo.gl/R1D4niojfsv8RQYU9;;;;;;;;;;;;;;;;;;;;;;;;;;;;;;;
QLP;9102089916;1151587;ER-CIND-POV-MANICOBA 29-RURAL;JUAZEIRO;;EXT BT ;;;RETIRADA ;1;0;;;;;PLANO 7;100%;R$ 5.026,97;;;;CARLOS / PAULO;;CARLOS EDUARDO;-9,315707;-40,2881403;;fev.-25;FALSE;;FALSE;FALSE;O PG ;;;Fevereiro 25;R$ 1.256,74;https://maps.app.goo.gl/QzBnKuuQJfmA1qcF7;;;;;;;;;;;;;;;;;;;;;;;;;;;;;;;
QLP;9102098277;1159829;ER-CIND-FAZ-PE DE MORRO-RURAL;JUAZEIRO;;LV+LM;;;RETIRADA ;2;0;;;;;PLANO 7;100%;R$ 29.249,57;;;;CARLOS / PAULO;;VICTOR;-9,4105264;-40,294958;;fev.-25;FALSE;;FALSE;FALSE;;;;Fevereiro 25;R$ 7.312,39;https://maps.app.goo.gl/437uZaK5b7kVuNrq9;;;;;;;;;;;;;;;;;;;;;;;;;;;;;;;
QLP;9102142158;1170155;ER-CIND-POV-LADEIRA GRANDE-RURAL;CASA NOVA;;LM;;;RETIRADA ;1;0;;;;;PLANO 7;100%;R$ 14.887,10;;;;;PAULO JUNIOR;DIEGO;-9,3730079;-41,4765986;;fev.-25;FALSE;;FALSE;FALSE;;;;Fevereiro 25;R$ 3.721,78;https://maps.app.goo.gl/8QVaYBrXFgs7xRUz5;;;;;;;;;;;;;;;;;;;;;;;;;;;;;;;
SOLICITAÇÃO ATENDIMENTO;9102106541;1157017;ER-CIND-POV-MARRUA-RURAL;JUAZEIRO;;LM;;;RETIRADA ;0;0;;;;;PLANO 7;100%;R$ 32.978,80;;;;CARLOS / PAULO;;VICTOR;-9,7641693;-40,6022083;;fev.-25;FALSE;;FALSE;FALSE;;;;Fevereiro 25;R$ 8.244,70;https://maps.app.goo.gl/uYuSZWXuzR9M7iJR8 ;;;;;;;;;;;;;;;;;;;;;;;;;;;;;;;
;;;;;;;;;;;;;;;;;;;;;;;;;;;;;;;;;;;;Fevereiro 25;;;;;;;;;;;;;;;;;;;;;;;;;;;;;;;;;
;;;;;;;;;;;878;;;;;305;;23;;;;;;;;;;;;;;;;;;Fevereiro 25;;;;;;;;;;;;;;;;;;;;;;;;;;;;;;;;;
;;;;;;;;;;;;;;;;234;;12;;;;;;;;;;;;;;;;;;Fevereiro 25;2;;;;;;;;;;;;;;;;;;;;;;;;;;;;;;;;
;;;;;;;;;;;;;;;;539;61,39%;35;;0,6034482759;;;;;;;;;;;;;;;;Fevereiro 25;58;;;;;;;;;;;;;;;;;;;;;;;;;;;;;;;;
;;;;;;;;;;;;;;;;200;;;;;;;;;;;;;;;;;;;;Fevereiro 25;;;;;;;;;;;;;;;;;;;;;;;;;;;;;;;;;
REPUTACIONAL;9002801571;237059;MP-CCOL-POV DESTERRO-CAIÇARA-RURAL;CASA NOVA;;ENTREGAR;;;CONCLUIDA;66;733;;;;;PLANO 14;100%;R$ 4.373.226,44;;01/03/2025;31/03/2025;JORGE;JORGE;DIEGO;-9,235169;-41,7628759;;fev.-25;FALSE;;FALSE;FALSE;APROVADA;E680195;E680939;Março 25;R$ 1.093.306,61;;;;;;;;;;;;;;;;;;;;;;;;;;;;;;;;
NOVOS QUESTIONAMENTOS ANEEL;9101575275;1040604;MP-CCOL-POV DESENGANO-RURAL;SENTO SÉ;;ENTREGA;;;CONCLUIDA;32;278;;;;;PLANO 14;20%;R$ 2.756.104,87;;01/03/2025;31/03/2025;;EMERSON;SANDRO;-9,7533815;-41,8857659;;fev.-25;FALSE;;FALSE;FALSE;1019161/APROVADA;E724391;E724668;Março 25;R$ 689.026,22;;;;;;;;;;;;;;;;;;;;;;;;;;;;;;;;
REPUTACIONAL;9101940561;1093655;AL - GRUA - FAZ. BAIXA - RURAL;JUAZEIRO;;ENERGIZADA;;;CONCLUIDA;1;200;;;;;PLANO 7;100%;R$ 3.555.398,98;;01/03/2025;05/03/2025;PAULO / JUAREZ;SANTIAGO;VICTOR;-9,5502028;-40,5219799;;;;;;;APROVADA;E628933;E629122;Março 25;R$ 1.066.619,69;;;;;;;;;;;;;;;;;;;;;;;;;;;;;;;;
NOVOS QUESTIONAMENTOS ANEEL;9102025347;1126041;IT CIND FAZ CURAÇA PEQUENO RURAL;JUAZEIRO;;ENTREGA;;;ESCAVAÇÃO;0;108;;48;;;PLANO 7;100%;R$ 1.565.846,66;;05/03/2025;31/03/2025;FABIO;SANTIAGO;CARLOS EDUARDO;-9,1258481;-40,0323912;;mar.-25;;;;;DA PLANILHA;E619540;E619634;Março 25;;;;;;;;;;;;;;;;;;;;;;;;;;;;;;;;;
GOVERNO;9102125670;1159894;UB-CIND-RUA-JUAZEIRO-2;JUAZEIRO;;AVANÇO;;;NÃO INICIADA;0;66;;;;;PLANO 7;75%;R$ 1.402.835,24;;01/03/2025;31/05/2025;GISMARIO;EDIE JONNES;VICTOR;-9,46663;-40,4997943;;fev.-25;FALSE;;FALSE;FALSE;1016645/APROVADA ;E710264 ;E710333;Março 25;R$ 350.708,81;;;;;;;;;;;;;;;;;;;;;;;;;;;;;;;;
ESTRATÉGICA;9101893156;1084183;RR-CCOL-RCL-POV-DE LAJES-LAJES;JUAZEIRO;13/03;ENTREGA;;;NÃO INICIADA;75;55;;51;19/03;;PLANO 7;100%;R$ 274.737,62;;01/03/2025;31/03/2025;PAULO;EDIE JONNES;VICTOR;-9,4790867;-40,5060819;;fev.-25;TRUE;;FALSE;FALSE;1019173/APROVADA;E724694;E724750;Março 25;R$ 68.684,41;;;;;;;;;;;;;;;;;;;;;;;;;;;;;;;;
JUDICIAL;9101664952;997469;ER-CIND-POV-ALMAS-ALEGRE;SENTO SÉ;;S/ ACESSO;;;NÃO INICIADA;1;43;;;;;PLANO 7;50%;R$ 169.739,61;;24/03/2025;30/04/2025;CARLOS/FERNANDO;SANTIAGO;SANDRO;-10,2638619;-41,3329393;;mar.-25;;;;;DA PLANILHA;E619755;E619797;Março 25;;;;;;;;;;;;;;;;;;;;;;;;;;;;;;;;;
JUDICIAL;9102103285;1157069;ER-CIND-POV-BARRO VERMELHO-RURAL;CURAÇÁ;;AVANÇO;;;NÃO INICIADA;1;42;;;;;PLANO 7;50%;R$ 235.113,59;;;;;;CARLOS EDUARDO;;;;mar.-25;;;;;DA PLANILHA ;E619712;E619753;Março 25;;;;;;;;;;;;;;;;;;;;;;;;;;;;;;;;;
AL/MELHORAMENTO;9101909684;1085090;AL-01V2-NOVA TOURÃO-CONSTRUÇÃO (ITEM 2);JUAZEIRO;;ENTREGA;;13/03 - 19/03;EM EXECUÇÃO;0;41;;;;;PLANO 8;100%;R$ 717.378,39;;01/03/2025;31/03/2025;IVONALDO;RODRIGUES;SANDRO;-9,436886049;-40,38081355;;fev.-25;FALSE;;FALSE;FALSE;DA PLANILHA ;E619983;E620023;Março 25;R$ 179.344,60;;;;;;;;;;;;;;;;;;;;;;;;;;;;;;;;
SOLICITAÇÃO ATENDIMENTO;9101190009;875302;MP-CCOL-POV.LAGOA DOS BOIS-RURAL;JUAZEIRO;;AVANÇO;;;NÃO INICIADA;2;37;MANTER;;;;PLANO 14;50%;R$ 394.092,32;;01/03/2025;30/04/2025;;EDIE JONNES;VICTOR;;;;mar.-25;;;;;DA PLANILHA ;E619663;E619699;Março 25;;;;;;;;;;;;;;;;;;;;;;;;;;;;;;;;;
LPT;9101503225;984432;RR-CIND-POV-SAO MIGUEL-RURAL;CASA NOVA;;AVANÇO;;;NÃO INICIADA;1;35;;;;;PLANO 14;50%;R$ 210.818,71;;17/03/2024;24/03/2025;;PAULO JUNIOR;DIEGO;-9,2419512;-41,4160863;;mar.-25;;;;;DA PLANILHA ;E619494;E619528;Março 25;;;;;;;;;;;;;;;;;;;;;;;;;;;;;;;;;
JUDICIAL;9102154209;1183249;RR-CIND-POV-ALMAS-ALMAS;SENTO SÉ;;S/ ACESSO;;18/03;NÃO INICIADA;1;35;;;;;PLANO 7;100%;R$ 209.623,78;;05/03/2025;18/03/2025;CARLOS/FERNANDO;SANTIAGO;SANDRO;-10,2825125;-41,3736722;;mar.-25;;;;;DA PLANILHA;E619804;E619838;Março 25;;;;;;;;;;;;;;;;;;;;;;;;;;;;;;;;;
JUDICIAL;9101772675;1024582;ER CIND POV MALHADA DA AREIA RURAL;JUAZEIRO;14/03;ENTREGA;;;CONCLUIDA;1;35;;35;21;14;PLANO 14;100%;R$ 276.441,01;;13/03/2025;25/03/2025;JUAREZ;EDIE JONNES;VICTOR;-9,5731822;-40,1167404;;;;;;;1019631/APROVADA;E724751;E724785;Março 25;R$ 69.110,25;;ok;;;;;;;;;;;;;;;;;;;;;;;;;;;;;;
JUDICIAL;9102145299;1173118;ER-CIND-FAZ-SERRA BRANCA-RURAL-SENTO SE;SENTO SÉ;;PARALIZADA;;;PARALIZADA;1;31;;;;;PLANO 14;100%;R$ 228.569,67;;01/03/2025;28/03/2025;CARLOS/FERNANDO;SANTIAGO;SANDRO;-10,550458;-41,847607;;;;;;;1019884;;;Março 25;R$ 57.142,42;;;;;;;;;;;;;;;;;;;;;;;;;;;;;;;;
AL/MELHORAMENTO;9101915080;1088197;AL - 01V5 - NOVA TOUR O - CONSTRU  O;JUAZEIRO;;ENTREGA;;;EM EXECUÇÃO;0;27;;;;;PLANO 1;100%;R$ 321.516,58;;01/03/2025;31/03/2025;IVONALDO;RODRIGUES;SANDRO;-9,436886049;-40,38081355;;;;;;;DA PLANILHA ;E620024;E620050;Março 25;R$ 80.379,15;;;;;;;;;;;;;;;;;;;;;;;;;;;;;;;;
SOLICITAÇÃO ATENDIMENTO;9101732105;1007462;ER-CIND-POV-MASSAPE-BOQUEIRAO;JUAZEIRO;11/03;ENERGIZADA;;14/03;CONCLUIDA;1;26;20;16;20;;PLANO 14;100%;R$ 92.870,13;;10/03/2025;14/03/2025;GISMARIO;EDIE JONNES;VICTOR;;;;mar.-25;;;;; 10 +11 DA PLANILHA ;E725847/E725892;E725856/E724371;Março 25;;;OK;;;;;;;;;;;;;;;;;;;;;;;;;;;;;;
REPUTACIONAL;9102030558;1122206;AL GRUA ROD BR 324 RURAL;REMANSO;;ENERGIZADA;;;CONCLUIDA;0;25;;;;;PLANO 7;100%;R$ 503.024,54;;01/03/2025;31/03/2025;;PAULO JUNIOR;DEBORA;-9,6020105;-42,0841233;;fev.-25;FALSE;;FALSE;FALSE;1019168/APROVADA;E724669;E724693;Março 25;R$ 125.756,14;;;;;;;;;;;;;;;;;;;;;;;;;;;;;;;;
AL/MELHORAMENTO;9101909683;1085504;AL - 01V1 - NOVA TOURÃO - CONSTRUÇÃO;JUAZEIRO;;ENTREGA;;;CONCLUIDA;0;19;;;;;PLANO 8;100%;R$ 609.832,67;;01/03/2025;31/03/2025;IVONALDO;RODRIGUES;SANDRO;-9,436886049;-40,38081355;;;;;;;DA PLANILHA ;E620051;E620069;Março 25;R$ 152.458,17;;;;;;;;;;;;;;;;;;;;;;;;;;;;;;;;
ESTRATÉGICA;9101963531;1106990;UB-COEL-RCL-AV-JORGE KHOURY-QUIDE;JUAZEIRO;13/02;ENERGIZADA;;;CONCLUIDA;45;17;;4;;;PLANO 7;100%;R$ 90.640,50;;17/02/2025;22/02/2025;CARLOS / PAULO;EDIE JONNES / SANTIAGO;VICTOR;-9,426099;-40,5204124;;fev.-25;FALSE;;FALSE;FALSE;DA PLANILHA ;E710944;E711828;Março 25;R$ 22.660,13;;OK;https://maps.app.goo.gl/uomEHKtg9E6ZFUmz5;;;;;;;;;;;;;;;;;;;;;;;;;;;;;
RECLAMAÇÃO;9101899704;1078188;ER-CIND-SI-MONTE ALEGRE-BARAUNA RURAL;JUAZEIRO;;ENTREGA;;;CONCLUIDA;1;14;;;;;PLANO 14;100%;R$ 84.598,67;;26/03/2025;31/03/2025;JUAREZ;EDIE JONNES;CARLOS EDUARDO;;;;mar.-25;;;;;DA PLANILHA;E619839;E619852;Março 25;;;;;;;;;;;;;;;;;;;;;;;;;;;;;;;;;
LPT;9101731670;1041388;MP CIND POV. BARRA POÇO DA PEDRA RURAL;CASA NOVA;;ENERGIZADA;;;CONCLUIDA;1;13;;;;;PLANO 14;100%;R$ 133.578,06;;13/03/2025;15/03/2025;;PAULO JUNIOR;DIEGO;-9,0240293;-41,0531992;;mar.-25;;;;;DA PLANILHA ;E619650;E619662;Março 25;;;;;;;;;;;;;;;;;;;;;;;;;;;;;;;;;
QLP;9102102966;1157357;RR-CIND-POV-POCO DE PEDRA-RURAL-CASA NOV;CASA NOVA;;ENERGIZADA;;;CONCLUIDA;1;12;;;;;PLANO 7;100%;R$ 89.399,76;;25/03/2025;26/03/2025;;PAULO JUNIOR;DIEGO;-8,975079444;-41,01734895;;mar.-25;;;;;DA PLANILHA;E619887;E619898;Março 25;;;;;;;;;;;;;;;;;;;;;;;;;;;;;;;;;
QLP;9102124586;1161420;ER-CIND-FAZ-BRANDAO-RURAL;CURAÇÁ;;RETIRADA;;;PARALIZADA;1;12;;;;;PLANO 7;100%;R$ 75.221,06;;22/03/2025;27/03/2025;MAURICIO;EDIE JONNES;CARLOS EDUARDO;;;;mar.-25;;;;;DA PLANILHA;E620089;E620100;Março 25;;;;;;;;;;;;;;;;;;;;;;;;;;;;;;;;;
LPT;9101924775;1093845;LD-CIND-POV LIMOEIRO-RURAL;SENTO SÉ;;ENTREGA;;;ESCAVAÇÃO;1;12;;;12;;PLANO 14;100%;R$ 167.046,83;;17/03/2025;24/03/2025;FERNANDO;SANTIAGO;SANDRO;-10,073223;-41,370786;;mar.-25;;;;;DA PLANILHA;E619929;E619940;Março 25;;;;;;;;;;;;;;;;;;;;;;;;;;;;;;;;;
QLP;9102070977;1157044;MP-CIND -POV-SERRA DA B VISTA -RURAL;JUAZEIRO;24/03;ENTREGA;;27/03;CONCLUIDA;1;11;;;;;PLANO 7;100%;R$ 122.571,24;;25/03/2025;27/03/2025;PAULO;EDIE JONNES;EDVALDO;-9,9115869;-40,3273726;;mar.-25;;;;;DA PLAHILHA ;E619529;E619539;Março 25;;;OK;;;;;;;;;;;;;;;;;;;;;;;;;;;;;;
REPUTACIONAL;9100416051;587070;MP-CIND-FAZ CAPIM RURAL;UAUÁ;11/03;ENTREGA;;;CONCLUIDA;2;11;;9;10;1;PLANO 14;100%;R$ 105.002,47;;10/03/2025;14/03/2025;MAURICIO;EDIE JONNES;CARLOS EDUARDO;-9,8738187;-39,4868025;;mar.-25;;;;;DA PLANILHA ;E619639;E619649;Março 25;;;OK;;;;;;;;;;;;;;;;;;;;;;;;;;;;;;
LPT;9101743901;1058016;MP-CIND POV-MARAVILHA-RURAL;REMANSO;;;;31/03;CONCLUIDA;1;11;;;;;PLANO 14;100%;R$ 94.874,50;;10/03/2025;13/03/2025;;;DEBORA;-9,7560937;-42,5065905;;mar.-25;;;;;DA PLANILHA;E619853;E619863;Março 25;;;;;;;;;;;;;;;;;;;;;;;;;;;;;;;;;
SOLICITAÇÃO ATENDIMENTO;9101956047;1101459;ER-CIND-POV-PROJ MANICOBA-RURAL;JUAZEIRO;22/03;ENTREGA;;22/03;CONCLUIDA;0;10;;;10;;PLANO 14;100%;R$ 66.363,08;;20/03/2025;22/03/2025;GISMARIO;EDIE JONNES;VICTOR;;;;mar.-25;;;;;DA PLANILHA;E619874;E619883;Março 25;;;OK;;;;;;;;;;;;;;;;;;;;;;;;;;;;;;
QLP;9102139875;1173044;ER-CIND-POV-CAMPOS-CAMPOS;JUAZEIRO;;;;;CANCELADA;1;10;;;;;PLANO 7;100%;R$ 48.513,48;;17/03/2025;25/03/2025;GISMARIO;EDIE JONNES;CARLOS EDUARDO;;;;mar.-25;;;;;;;;Março 25;;;;;;;;;;;;;;;;;;;;;;;;;;;;;;;;;
AL/MELHORAMENTO;9101909686;1085374;AL-01V3-NOVA TOURÃO-CONSTRUÇÃO ITEM 1, 2;JUAZEIRO;;ENTREGA;;;EM EXECUÇÃO;0;10;;;;;PLANO 8;100%;R$ 491.175,01;;01/03/2025;31/03/2025;IVONALDO;RODRIGUES;SANDRO;-9,436886049;-40,38081355;;fev.-25;FALSE;;FALSE;FALSE;DA PLANILHA ;E620070;E620079;Março 25;R$ 122.793,75;;;;;;;;;;;;;;;;;;;;;;;;;;;;;;;;
LPT;9102039855;1135743;ER-CIND-FAZ-QUEIMADAS DOS LOIOLAS-RURAL;UAUÁ;11/03;ENTREGA;;;CONCLUIDA;8;10;;9;10;;PLANO 7;100%;R$ 65.779,41;;05/03/2025;14/03/2025;MAURICIO;EDIE JONNES;CARLOS EDUARDO;-9,812386398;-39,4779562;;mar.-25;;;;;DA PLANILHA ;E725857;E725845;Março 25;;;OK;;;;;;;;;;;;;;;;;;;;;;;;;;;;;;
LPT;9101205768;884168;MP-CCOL-POV SALGADINHA-RURAL;CASA NOVA;;ENTREGAR;;;NÃO INICIADA;1;9;;;;;PLANO 14;100%;R$ 48.586,56;;25/03/2025;27/03/2025;;PAULO JUNIOR;DIEGO;-9,2064123;-40,8080123;;mar.-25;;;;;DA PLANILHA ;E619700;E619708;Março 25;;;;;;;;;;;;;;;;;;;;;;;;;;;;;;;;;
SOLICITAÇÃO ATENDIMENTO;9102026111;1127945;RR-CIND-FAZ-CAPELA CEMITERIO-RURAL;JUAZEIRO;;;;;RETIRADA ;1;9;;;;;PLANO 14;100%;R$ 64.374,08;;;;;;VICTOR;;;;mar.-25;;;;;;;;Março 25;;;;;;;;;;;;;;;;;;;;;;;;;;;;;;;;;
GRUPO A;9102144836;1173776;RR-GRUA-FAZ-VERMELHO-RURAL;JUAZEIRO;;;;;RETIRADA ;0;9;;;;;PLANO 8;100%;R$ 311.745,73;;;;;;VICTOR;;;;mar.-25;;;;;;;;Março 25;;;;GERÊNCIA COELBA REMOVEU DA GRADE ;;;;;;;;;;;;;;;;;;;;;;;;;;;;;
QLP;9102129602;1161606;ER-CIND-FAZ-POCINHO 70-RURAL;UAUÁ;11/03;ENTREGA;;;CONCLUIDA;1;8;;;1;7;PLANO 7;100%;R$ 49.405,65;;17/03/2025;24/03/2025;MAURICIO;EDIE JONNES;CARLOS EDUARDO;-10,004961;-39,264103;;mar.-25;;;;;DA PLANILHA;E619899;E619906;Março 25;;;OK;;;;;;;;;;;;;;;;;;;;;;;;;;;;;;
LPT;9101437623;945802;RR-CIND-FAZ JUREMAL-ITAPERA;SENTO SÉ;SEPARADO;ENERGIZADA;;;CONCLUIDA;1;8;;;;;PLANO 14;100%;R$ 29.017,36;;05/03/2025;08/03/2025;FABIO;SANTIAGO;SANDRO;-9,755965;-41,9242724;;fev.-25;FALSE;;FALSE;FALSE;DA PLANILHA ;E180297;E724375;Março 25;R$ 7.254,34;;OK;;;;;;;;;;;;;;;;;;;;;;;;;;;;;;
RECLAMAÇÃO;9101959815;1105624;ER-CIND-SI-BOM CONSELHO-RURAL-RIO SALITR;JUAZEIRO;;;;;RETIRADA ;1;7;;;;;PLANO 14;100%;R$ 52.854,69;;;;;;VICTOR;;;;mar.-25;;;;;;;;Março 25;;;;;;;;;;;;;;;;;;;;;;;;;;;;;;;;;
LPT;9101872943;1074313;ER-CIND-POV-L DO BARRO -BARRO DOS BAIOS;REMANSO;;ENERGIZADA;;;CONCLUIDA;1;7;;;;;PLANO 14;100%;R$ 50.505,91;;17/03/2025;18/03/2025;;;DEBORA;-9,530342588;-42,5111883;;mar.-25;;;;;DA PLANILHA;E619867;E619873;Março 25;;;;;;;;;;;;;;;;;;;;;;;;;;;;;;;;;
PRIORIDADE PLANO ANEEL;9102152452;1180643;ER-CIND-POV-ACUDE PEDRA-CASA NOVA;CASA NOVA;;ENERGIZADA;;;CONCLUIDA;1;7;;;;;PLANO 7;100%;R$ 28.904,00;;21/03/2025;22/03/2025;;PAULO JUNIOR;DIEGO;-9,1099577;-41,2943878;;mar.-25;;;;;DA PLANILHA;E619951;E619957;Março 25;;;;;;;;;;;;;;;;;;;;;;;;;;;;;;;;;
RECLAMAÇÃO;9102153527;1175314;IS-CIND-RUA-AGUAS BELAS-MALHADA DA AREIA;JUAZEIRO;;AVANÇO;;;NÃO INICIADA;0;7;;;;;PLANO 8;50%;R$ 61.369,62;;10/03/2025;29/03/2025;GISMARIO;EDIE JONNES;VICTOR;;;;mar.-25;;;;;DA PLANILHA ;E619973;E619979;Março 25;;;;;;;;;;;;;;;;;;;;;;;;;;;;;;;;;
RECLAMAÇÃO;9102093371;1153621;ER-CIND-POV-LAGOA GRANDE-RURAL;JUAZEIRO;;ENTREGA;;25/03;CONCLUIDA;1;6;;;6;;PLANO 7;100%;R$ 60.071,04;;24/03/2025;31/03/2025;GISMARIO;EDIE JONNES;VICTOR;;;;mar.-25;;;;;DA PLANILHA;E619798;E619803;Março 25;;;;;;;;;;;;;;;;;;;;;;;;;;;;;;;;;
PRIORIDADE PLANO ANEEL;9102164073;1183031;UB-CIND-RUA-03 2154-CICERO BORGES;SENTO SÉ;12/03;ENERGIZADA;;;CONCLUIDA;1;6;;;6;;PLANO 7;100%;R$ 35.386,04;;21/03/2025;24/03/2025;CARLOS;SANTIAGO;SANDRO;-9,7556812;-41,8843704;;mar.-25;;;;;DA PLANILHA ;E619488;E619493;Março 25;;;;;;;;;;;;;;;;;;;;;;;;;;;;;;;;;
PRIORIDADE PLANO ANEEL;9102157802;1182825;ER-CIND-POV-TATAUI-RURAL- SOBRADINHO;SOBRADINHO;;;;;RETIRADA ;1;5;;;;;PLANO 7;100%;R$ 23.580,44;;;;;;SANDRO;-9,53129111;-40,8355194;;mar.-25;;;;;;;;Março 25;;;;GERÊNCIA COELBA REMOVEU DA GRADE ;;;;;;;;;;;;;;;;;;;;;;;;;;;;;
QLP;9102131257;1163416;ER CIND POV JUNCO SALITRE RURAL;JUAZEIRO;;PES 31292 OC 76842;;;RETIRADA ;1;5;;;;;PLANO 7;100%;R$ 52.884,17;;;;;;VICTOR;;;;mar.-25;;;;;;;;Março 25;;;;;;;;;;;;;;;;;;;;;;;;;;;;;;;;;
LPT;9102099917;1158859;ER-CIND-POV-RURAL-ESFOMEADO;CURAÇÁ;;ENTREGA;;26/03;CONCLUIDA;1;5;;;5;;PLANO 14;100%;R$ 29.480,87;;05/03/2025;26/03/2025;MAURICIO;EDIE JONNES;CARLOS EDUARDO;;;;mar.-25;;;;;DA PLANILHA;E619917;E619921;Março 25;;;;;;;;;;;;;;;;;;;;;;;;;;;;;;;;;
QLP;9102141835;1173393;ER-CIND-POV-S O DOMINGOS-RURAL;CURAÇÁ;;ENTREGA;;;CONCLUIDA;1;5;;;;5;PLANO 7;100%;R$ 22.376,37;;27/03/2025;27/03/2025;MAURICIO;EDIE JONNES;CARLOS EDUARDO;;;;mar.-25;;;;;DA PLANILHA;E619941;E619945;Março 25;;;;;;;;;;;;;;;;;;;;;;;;;;;;;;;;;
PRIORIDADE PLANO ANEEL;9102157797;1182944;ER-CIND-POV-ALGODAO DE CIMA 1452-AL CIMA;CASA NOVA;;MIGRAR;;;NÃO INICIADA;1;5;;;;;PLANO 7;100%;R$ 35.896,88;;01/03/2025;31/03/2025;;PAULO JUNIOR;DIEGO;;;;mar.-25;;;;;DA PLANILHA ;E619966;E619970;Março 25;;;;;;;;;;;;;;;;;;;;;;;;;;;;;;;;;
PRIORIDADE PLANO ANEEL;9102136087;1165511;UB-CIND-RUA-VILA AZUL 446-VILA AZUL;CASA NOVA;;ENERGIZADA;;;CONCLUIDA;1;4;;;;;PLANO 7;100%;R$ 28.146,21;;10/03/2025;10/03/2025;;PAULO JUNIOR;DIEGO;-9.153.372.297;-409.676.876;;mar.-25;;;;;DA PLANILHA ;E619635;E619638;Março 25;;;;;;;;;;;;;;;;;;;;;;;;;;;;;;;;;
PRIORIDADE PLANO ANEEL;9102131071;1158075;ER-CIND-AV-UAUA-CENTRO;UAUÁ;SACADO;ENERGIZADA;;;CONCLUIDA;1;4;;4;4;;PLANO 7;100%;R$ 14.010,82;;08/03/2025;08/03/2025;MAURICIO;EDIE JONNES;CARLOS EDUARDO;-9,753309758;-39,6413751;;mar.-25;;;;;DA PLANILHA ;E725842;E725845;Março 25;;;OK;;;;;;;;;;;;;;;;;;;;;;;;;;;;;;
LPT;9101783582;1028355;ER-CIND-POV-SANTA BARBARA-RURAL;SOBRADINHO;22/03;ENTREGA;;;NÃO INICIADA;1;4;;;2;;PLANO 14;100%;R$ 25.946,33;;27/03/2025;28/03/2025;CARLOS;SANTIAGO;SANDRO;-9,4638721;-40,8140499;;mar.-25;;;;;DA PLANILHA;E619911;E619914;Março 25;;;OK;;;;;;;;;;;;;;;;;;;;;;;;;;;;;;
AL/MELHORAMENTO;9101909688;1085227;AL - 01V4 - NOVA TOURÃO - CONSTRUÇÃO;JUAZEIRO;;ENTREGA;;;EM EXECUÇÃO;0;4;;;;;PLANO 8;100%;R$ 616.794,25;;01/03/2025;31/03/2025;IVONALDO;RODRIGUES;SANDRO;-9,4307884;-40,3956456;;fev.-25;FALSE;;FALSE;FALSE;1017645/APROVADA;E711971;E711972;Março 25;R$ 154.198,56;;;;;;;;;;;;;;;;;;;;;;;;;;;;;;;;
AIC OBJETIVO;9102089651;1146682;NT-RECOND-RMN-09X1-Q076416-Q076429;PILÃO ARCADO;;MIGRAR;;;NÃO INICIADA;0;4;;;;;PLANO 8;100%;R$ 473.229,74;;01/03/2025;31/03/2025;;PAULO JUNIOR;DEBORA;-9,9609048;-42,4062434;;fev.-25;FALSE;;FALSE;FALSE;1019014/APROVADA ;E725862;E725865;Março 25;R$ 118.307,44;;;;;;;;;;;;;;;;;;;;;;;;;;;;;;;;
REPUTACIONAL;9102125688;1161869;ER-CIND-FAZ-MASSAYO -RURAL;JUAZEIRO;;ENTREGA;;;NÃO INICIADA;0;4;;;;;PLANO 7;100%;R$ 362.692,55;;01/03/2025;28/03/2025;CARLOS / PAULO;ANDERSON;VICTOR;-9,475;-40,428328;;;;;;;1020086/APROVADA;E725899;E725902;Março 25;R$ 90.673,14;;;;;;;;;;;;;;;;;;;;;;;;;;;;;;;;
RECLAMAÇÃO;9102129630;1163633;ME CIND RUA CAIXA DAGUA1 CENTRO;CASA NOVA;;ENTREGAR;;29/03;NÃO INICIADA;0;4;;;;;PLANO 8;100%;R$ 113.399,53;;01/03/2025;15/03/2025;;PAULO JUNIOR;DIEGO;-8,7732182;-41,1549792;;fev.-25;FALSE;;FALSE;FALSE;1020096/APROVADA;E725914;E725917;Março 25;R$ 28.349,88;;;;;;;;;;;;;;;;;;;;;;;;;;;;;;;;
RECLAMAÇÃO;9102040265;1133629;RR-CIND-FAZ-FLORESTA ALGODAO VELHO-RR;SOBRADINHO;22/03;ENTREGA;;;CONCLUIDA;1;4;;;4;;PLANO 7;100%;R$ 44.411,86;;01/03/2025;22/03/2025;FERNANDO;SANTIAGO;SANDRO;-9,4790199;-41,0293723;;fev.-25;FALSE;;FALSE;FALSE;DA PLANILHA ;E620084;E620087;Março 25;R$ 11.102,97;;OK;;;;;;;;;;;;;;;;;;;;;;;;;;;;;;
SOLICITAÇÃO ATENDIMENTO;9101977212;1115260;AC-CIND-RUA-PADRE JOAO FRE-CENTRO;PILÃO ARCADO;;ENTREGAR;;25/03;NÃO INICIADA;1;4;;;;;PLANO 7;100%;R$ 69.502,35;;01/03/2025;25/03/2025;;PAULO JUNIOR;DIEGO;-10,000539;-42,480473;;;;;;;1016690/APROVADA;E710834;E710841;Março 25;R$ 17.375,59;;;;;;;;;;;;;;;;;;;;;;;;;;;;;;;;
RECLAMAÇÃO;9102051837;1139824;RR-CIND-POV- TIGRE -RURAL;CASA NOVA;;ENERGIZADA;;;CONCLUIDA;1;3;;;;;PLANO 7;100%;R$ 36.755,22;;11/03/2025;11/03/2025;;PAULO JUNIOR;DIEGO;-9,124540464;-40,9898488;;mar.-25;;;;;DA PLANILHA ;E619709;E619711;Março 25;;;;;;;;;;;;;;;;;;;;;;;;;;;;;;;;;
QLP;9102045961;1135898;ER-CIND-POV-CARNAIBA DO SERTAO-RURAL;JUAZEIRO;;;;;RETIRADA ;1;3;;;;;PLANO 7;100%;R$ 13.874,74;;;;;;EDVALDO;;;;mar.-25;;;;;;;;Março 25;;;;;;;;;;;;;;;;;;;;;;;;;;;;;;;;;
AL/MELHORAMENTO;9102125740;1161662;ME-COEL-RUA-TIRADENTES 1-CENTRO-C ALEGRE;CAMPO ALEGRE DE LOURDES;;MIGRAR;;;NÃO INICIADA;0;3;;;;;PLANO 8;100%;R$ 803.302,22;;14/03/2025;15/03/2025;;;DEBORA;-9,354759;-43,401637;;mar.-25;;;;;DA PLANILHA;E619864;E619866;Março 25;;;;;;;;;;;;;;;;;;;;;;;;;;;;;;;;;
GRUPO A;9102238566;1193657;RR-GRUA-FAZ-VERMELHO-RURAL;JUAZEIRO;;CAPACITOR 29/03;;;NÃO INICIADA;0;3;;;;;PLANO 8;100%;;;10/03/2025;14/03/2025;JUAREZ;EDIE JONNES;VICTOR;;;;mar.-25;;;;;DA PLANILHA;E619946;E619948;Março 25;;;;;;;;;;;;;;;;;;;;;;;;;;;;;;;;;
PRIORIDADE PLANO ANEEL;9102155833;1182129;ER-CCOL-POV-RIACHO D SOBRADO-RURAL;CASA NOVA;;MIGRAR;;;NÃO INICIADA;3;3;;;;;PLANO 7;100%;R$ 16.429,42;;01/03/2025;29/03/2025;;PAULO JUNIOR;DIEGO;;;;mar.-25;;;;;DA PLANILHA ;E619958;E619960;Março 25;;;;;;;;;;;;;;;;;;;;;;;;;;;;;;;;;
DIA C;9102135946;1164443;ER-CCOL-RUA-GUTEMBERG FERRAZ-RURAL;SOBRADINHO;11/03;PES 37102 OC 77298;;31/03;CONCLUIDA;1;3;;3;;2;PLANO 7;100%;R$ 38.322,04;;14/03/2025;14/03/2025;FERNANDO;SANTIAGO;SANDRO;-9,454806;-40,827582;;mar.-25;;;;;DA PLANILHA;E619963;E619965;Março 25;;;ok;;;;;;;;;;;;;;;;;;;;;;;;;;;;;;
PRIORIDADE PLANO ANEEL;9102158911;1183616;UB-CIND-RUA- PROJETADA 21-M DA AREIA;JUAZEIRO;;;;;RETIRADA ;0;3;;;;;PLANO 7;100%;R$ 17.036,78;;;;;;EDVALDO;;;;mar.-25;;;;;;;;Março 25;;;;;;;;;;;;;;;;;;;;;;;;;;;;;;;;;
MELHORIA;9102159911;1175928;IE - CJ DE MEDI  O - D005912;JUAZEIRO;;ENERGIZADA;;;CONCLUIDA;1;3;;;;;;100%;R$ 207.307,57;;01/03/2025;05/03/2025;GISMARIO;ANDERSON;VICTOR COSTA;-9,356053936;-40,4164879;;;;;;;DA PLANILHA ;E688663;E688665;Março 25;R$ 62.192,27;;;;;;;;;;;;;;;;;;;;;;;;;;;;;;;;
AL/MELHORAMENTO;9101915089;1088191;AL - 01V8 - NOVA TOUR O - CONSTRU  O;JUAZEIRO;;ENTREGA;;;EM EXECUÇÃO;0;3;;;;;PLANO 1;100%;R$ 224.034,66;;01/03/2025;31/03/2025;IVONALDO;RODRIGUES;SANDRO;-9,436886049;-40,38081355;;;;;;;DA PLANILHA ;E620080;E620082;Março 25;R$ 56.008,67;;;;;;;;;;;;;;;;;;;;;;;;;;;;;;;;
QLP;9102107113;1157820;UB-CIND-RUA-21 DE ABRIL-CAMPO ALEGRE;CAMPO ALEGRE DE LOURDES;;MIGRAR;;27/03;NÃO INICIADA;1;2;;;;;PLANO 7;100%;R$ 48.467,63;;19/03/2025;19/03/2025;;;DEBORA;-9,516961181;-43,0084584;;mar.-25;;;;;DA PLANILHA;E619884;E619885;Março 25;;;;;;;;;;;;;;;;;;;;;;;;;;;;;;;;;
QLP;9102126239;1161975;ER CIND SITIO NOVO RURAL;UAUÁ;11/03;ENTREGA;;19/03;CONCLUIDA;1;2;;;;2;PLANO 7;100%;R$ 32.184,30;;19/03/2025;19/03/2025;MAURICIO;EDIE JONNES;CARLOS EDUARDO;-10,0710066;-39,5645079;;mar.-25;;;;;DA PLANILHA;E619915;E619916;Março 25;;;OK;;;;;;;;;;;;;;;;;;;;;;;;;;;;;;
QLP;9102125755;1162925;ER-CIND-POV-PINHOES-RURAL;JUAZEIRO;;TURMA REALOCADA PARA AL DE TOURÃO;;;RETIRADA ;2;2;;;;;PLANO 7;100%;R$ 26.412,06;;;;;;CARLOS EDUARDO;;;;mar.-25;;;;;;;;Março 25;;;;;;;;;;;;;;;;;;;;;;;;;;;;;;;;;
QLP;9102134938;1171528;ER-CIND-SI-FERNANDO BENEVIDES 8-RURAL;CASA NOVA;;ENERGIZADA;;;CONCLUIDA;2;2;;;;;PLANO 7;100%;R$ 14.698,40;;16/03/2025;16/03/2025;;PAULO JUNIOR;DIEGO;-9,158855;-41,015926;;mar.-25;;;;;DA PLANILHA;E619927;E619928;Março 25;;;;;;;;;;;;;;;;;;;;;;;;;;;;;;;;;
PRIORIDADE PLANO ANEEL;9102157193;1180209;ER-CIND-POV-CURRAL VELHO-RURAL;CURAÇÁ;;PES 35663 - OC 70342 - 28/03;;;CONCLUIDA;1;2;;;;2;PLANO 7;100%;R$ 14.696,52;;21/03/2025;21/03/2025;MAURICIO;EDIE JONNES;CARLOS EDUARDO;;;;mar.-25;;;;;DA PLANILHA;E619949;E619950;Março 25;;;;;;;;;;;;;;;;;;;;;;;;;;;;;;;;;
QLP;9102097307;1156234;ER-CIND-POV-TATAUI 3-RURAL;SOBRADINHO;22/03;ENTREGA;;;CONCLUIDA;2;2;;;2;;PLANO 7;100%;R$ 18.305,76;;24/03/2025;24/03/2025;FERNANDO;SANTIAGO;SANDRO;-9,5381138;-40,8321472;;mar.-25;;;;;DA PLANILHA ;E619971;E619972;Março 25;;;OK;;;;;;;;;;;;;;;;;;;;;;;;;;;;;;
EQUIPAMENTO;9102089653;1148050;IE-REGULADOR SE:CNN ALIM:01C3-RURAL;CASA NOVA;;MIGRAR;;;NÃO INICIADA;0;2;;;;;PLANO 8;100%;R$ 336.662,56;;01/03/2025;31/03/2025;;PAULO JUNIOR;DIEGO;;;;fev.-27;FALSE;;FALSE;FALSE;1019875/APROVADA ;E725809;E755810;Março 25;R$ 84.165,64;;;;;;;;;;;;;;;;;;;;;;;;;;;;;;;;
AL/MELHORAMENTO;9101909685;1085103;AL - 01V2 - SE NOVA TOURÃO - EQUIP. Q008;JUAZEIRO;;ENTREGA;;;NÃO INICIADA;0;2;;;;;PLANO 1;100%;R$ 75.636,00;;11/03/2025;28/03/2025;IVONALDO;RODRIGUES;SANDRO;;;;mar.-25;;;;;DA PLANILHA;E619907;E619908;Março 25;;;;;;;;;;;;;;;;;;;;;;;;;;;;;;;;;
AL/MELHORAMENTO;9101909687;1085220;AL - 01V3 - SE NOVA TOURÃO-EQUIP-Q008200;JUAZEIRO;;ENTREGA;;;EM EXECUÇÃO;0;2;;;;;PLANO 1;100%;R$ 90.897,71;;11/03/2025;28/03/2025;IVONALDO;RODRIGUES;SANDRO;;;;mar.-25;;;;;DA PLANILHA;E619909;E619910;Março 25;;;;;;;;;;;;;;;;;;;;;;;;;;;;;;;;;
AIC OBJETIVO;9102089657;1146819;NT-RECOND-MND-01N3-Q028290 -Q028297;CASA NOVA;;MIGRAR;;;NÃO INICIADA;0;2;;;;;PLANO 8;100%;R$ 221.908,41;;01/03/2025;31/03/2025;;PAULO JUNIOR;DIEGO;-9,3531261;-40,8462015;;fev.-25;FALSE;;FALSE;FALSE;1019155/APROVADA;E752880;E755881;Março 25;R$ 55.477,10;;;;;;;;;;;;;;;;;;;;;;;;;;;;;;;;
GOVERNO;9102157612;1172946;IE-REGULADOR-RMN-09X1-Q076477;PILÃO ARCADO;;MIGRAR;;;NÃO INICIADA;0;2;;;;;PLANO 8;100%;R$ 189.769,75;;01/03/2025;31/03/2025;;PAULO JUNIOR;DIEGO;-9,9975706;-42,4459334;;fev.-26;FALSE;;FALSE;FALSE;1020107/APROVADA;E725932;E725933;Março 25;R$ 47.442,44;;;;;;;;;;;;;;;;;;;;;;;;;;;;;;;;
QLP;9102098830;1156043;ER-CIND-POV- LOGO VEM 1226-LOGO VEM;CASA NOVA;;ENERGIZADA;;;CONCLUIDA;1;1;;;;;PLANO 7;100%;R$ 17.496,10;;12/03/2025;13/03/2025;;PAULO JUNIOR;DIEGO;-9,1226207;-40,916031;;mar.-25;;;;;DA PLANILHA ;E619754;E619754;Março 25;;;;;;;;;;;;;;;;;;;;;;;;;;;;;;;;;
QLP;9102146132;1171777;ER - CIND POV PONTAL 22 -RURAL;JUAZEIRO;;;;;RETIRADA ;1;1;;;;;PLANO 7;100%;R$ 5.022,75;;;;;;CARLOS EDUARDO;;;;mar.-25;;;;;;;;Março 25;;;;;;;;;;;;;;;;;;;;;;;;;;;;;;;;;
REPUTACIONAL;9102147611;1171680;UB - CIND RUA MARIA AURORA 58 - URBANO;JUAZEIRO;;ENTREGA;;;CONCLUIDA;0;1;;;;;PLANO 7;100%;R$ 7.133,75;;;22/03/2025;;;VICTOR;;;;mar.-25;;;;;;;;Março 25;;;;;;;;;;;;;;;;;;;;;;;;;;;;;;;;;
QLP;9102114048;1158653;UB-CIND-RUA-QD M 3-A-S O FRANCISCO;CASA NOVA;;ENERGIZADA;;;CONCLUIDA;1;1;;;;;PLANO 7;100%;R$ 28.673,93;;12/03/2025;12/03/2025;;PAULO JUNIOR;DIEGO;-9,155140;-40,962106;;mar.-25;;;;;DA PLANILHA;E619886;E619886;Março 25;;;;;;;;;;;;;;;;;;;;;;;;;;;;;;;;;
QLP;9102103367;1157956;ER-CIND-POV-MORCEGO-AGROVALE;JUAZEIRO;;TURMA REALOCADA PARA AL DE TOURÃO;;;RETIRADA ;0;1;;;;;PLANO 7;100%;R$ 22.412,74;;;;;;VICTOR;;;;mar.-25;;;;;;;;Março 25;;;;;;;;;;;;;;;;;;;;;;;;;;;;;;;;;
QLP;9102126554;1160765;ER-CIND-POV-VOLTA DE BAIXO-GENIPAPINHO;CAMPO ALEGRE DE LOURDES;;MIGRAR;;;NÃO INICIADA;1;1;;;;;PLANO 7;100%;R$ 12.311,42;;20/03/2025;20/03/2025;;;DEBORA;-9,635209248;-42,9970517;;mar.-25;;;;;DA PLANILHA ;E619922;E619922;Março 25;;;;;;;;;;;;;;;;;;;;;;;;;;;;;;;;;
RECLAMAÇÃO;9102067805;1144563;RC-CIND-RUA-ALTO DO CONSELHEIRO-CENTRO;UAUÁ;11/03;ENERGIZADA;;20/03;CONCLUIDA;0;1;;;1;;PLANO 8;100%;R$ 4.004,37;;20/03/2025;20/03/2025;MAURICIO;EDIE JONNES;CARLOS EDUARDO;-9,84292565;-39,4890833;;mar.-25;;;;;DA PLANILHA;E619923;E619923;Março 25;;;OK;;;;;;;;;;;;;;;;;;;;;;;;;;;;;;
EQUIPAMENTO;9102136937;1170528;IE-RELIGADOR-SBC-09S1-G45489;CASA NOVA;;MIGRAR;;;NÃO INICIADA;0;1;;;;;PLANO 8;100%;R$ 124.894,00;;01/03/2025;31/03/2025;;PAULO JUNIOR;DIEGO;-9,15514;-40,916031;;mar.-25;;;;;DA PLANILHA;E619924;E619924;Março 25;;;;;;;;;;;;;;;;;;;;;;;;;;;;;;;;;
EQUIPAMENTO;9102136954;1170871;IE-RELIGADOR-CSN-01C3-J06102;CASA NOVA;;MIGRAR;;;NÃO INICIADA;0;1;;;;;PLANO 8;100%;R$ 102.337,61;;01/03/2025;31/03/2025;;PAULO JUNIOR;DIEGO;-9,206043;-41,008986;;mar.-25;;;;;DA PLANILHA;E619925;E619925;Março 25;;;;;;;;;;;;;;;;;;;;;;;;;;;;;;;;;
EQUIPAMENTO;9102140367;1171264;IE-RELIGADOR-CSN-01C5-J05899;REMANSO;;MIGRAR;;;NÃO INICIADA;0;1;;;;;PLANO 8;100%;R$ 97.309,03;;01/03/2025;31/03/2025;;;DEBORA;-9,22023;-40,870501;;mar.-25;;;;;DA PLANILHA;E619926;E619926;Março 25;;;;;;;;;;;;;;;;;;;;;;;;;;;;;;;;;
PRIORIDADE PLANO ANEEL;9102159864;1180504;ER-CIND-RUA-SANTA INES-MATA BURRO;JUAZEIRO;;;;;RETIRADA ;4;1;;;;;PLANO 7;100%;R$ 6.287,31;;;;;;VICTOR;;;;mar.-25;;;;;;;;Março 25;;;;;;;;;;;;;;;;;;;;;;;;;;;;;;;;;
PRIORIDADE PLANO ANEEL;9102157259;1181926;UB-CIND-RUA-ALTO LINDO-CENTRO;JUAZEIRO;;;;;RETIRADA ;2;1;;;;;PLANO 7;100%;R$ 6.132,08;;;;;;VICTOR;;;;mar.-25;;;;;;;;Março 25;;;;;;;;;;;;;;;;;;;;;;;;;;;;;;;;;
PRIORIDADE PLANO ANEEL;9102164042;1182461;UB-CIND-ROD-235 KM 01 23-CENTRO;REMANSO;;ENTREGAR;;;NÃO INICIADA;3;1;;;;;PLANO 7;100%;R$ 33.926,10;;01/03/2025;29/03/2025;;;DEBORA;;;;mar.-25;;;;;DA PLANILHA ;E619961;E619961;Março 25;;;;;;;;;;;;;;;;;;;;;;;;;;;;;;;;;
PRIORIDADE PLANO ANEEL;9102163554;1182582;ER-CIND-SI ASSENT SAO JOSE-RURAL;CASA NOVA;;ENERGIZADA;;;CONCLUIDA;1;1;;;;;PLANO 7;100%;R$ 4.265,79;;24/03/2025;24/03/2025;;PAULO JUNIOR;DIEGO;;;;mar.-25;;;;;DA PLANILHA ;E619962;E619962;Março 25;;;;;;;;;;;;;;;;;;;;;;;;;;;;;;;;;
PRIORIDADE PLANO ANEEL;9102153932;1182613;AC-CIND-FAZ-RIO SALITRE-RURAL;JUAZEIRO;;;;;RETIRADA ;1;1;;;;;PLANO 7;100%;R$ 24.931,23;;;;;;VICTOR;;;;mar.-25;;;;;;;;Março 25;;;;;;;;;;;;;;;;;;;;;;;;;;;;;;;;;
PRIORIDADE PLANO ANEEL;9102156418;1183735;ER-CIND-POV-JUREMAL 1026-RURAL;JUAZEIRO;;;;;RETIRADA ;1;1;;;;;PLANO 7;100%;R$ 6.723,11;;;;;;EDVALDO;;;;mar.-25;;;;;;;;Março 25;;;;;;;;;;;;;;;;;;;;;;;;;;;;;;;;;
REPUTACIONAL;9102132629;1161619;ER-CIND-FAZ-MASSAYO-RURAL;JUAZEIRO;;ENTREGA;;;NÃO INICIADA;1;1;;;;;PLANO 7;100%;R$ 91.201,34;;01/03/2025;28/03/2025;;ANDERSON;VICTOR;-9,372143;-40,349066;;;;;;;1020103/APROVADA;E725929;E725929;Março 25;R$ 22.800,34;;;;;;;;;;;;;;;;;;;;;;;;;;;;;;;;
AL/MELHORAMENTO;9102006140;1157282;AL 06-NOVA TOUR O - CONSTRU  O 1 3;JUAZEIRO;;PES 37074 OC 533;;01/04;NÃO INICIADA;0;1;;;;;PLANO 1;100%;R$ 15.075,30;;01/03/2025;31/03/2025;IVONALDO;RODRIGUES;SANDRO;-9,436886049;-40,38081355;;;;;;;DA PLANILHA ;E620083;E620083;Março 25;R$ 3.768,83;;;;;;;;;;;;;;;;;;;;;;;;;;;;;;;;
;9102146389;1177220;ER-CCOL-POV-BREJO FORA-BREJO FORA;SOBRADINHO;22/03;ENTREGA;;;ESCAVAÇÃO;1;1;;;1;;;100%;;;27/03/2025;29/03/20225;FERNANDO;SANTIAGO;;-9.533.277;-41.045.161;;;FALSE;;FALSE;FALSE;DA PLANILHA ;E620088;E620088;Março 25;;;OK;;;;;;;;;;;;;;;;;;;;;;;;;;;;;;
QLP;9102089916;1151587;ER-CIND-POV-MANICOBA 29-RURAL;JUAZEIRO;;;;;RETIRADA ;1;0;;;;;PLANO 7;100%;R$ 5.026,97;;;;;;VICTOR;;;;mar.-25;;;;;;;;Março 25;;;;;;;;;;;;;;;;;;;;;;;;;;;;;;;;;
QLP;9102098277;1159829;ER-CIND-FAZ-PE DE MORRO-RURAL;JUAZEIRO;;;;;RETIRADA ;2;0;;;;;PLANO 7;100%;R$ 29.249,57;;;;;;VICTOR;;;;mar.-25;;;;;;;;Março 25;;;;;;;;;;;;;;;;;;;;;;;;;;;;;;;;;
QLP;9102142158;1170155;ER-CIND-POV-LADEIRA GRANDE-RURAL;CASA NOVA;;ENERGIZADA;;;CONCLUIDA;1;0;;;;;PLANO 7;100%;R$ 14.887,10;;16/03/2025;16/03/2025;;PAULO JUNIOR;DIEGO;-9,367907548;-41,4836263;;mar.-25;;;;;0 POSTE ;;;Março 25;;;;;;;;;;;;;;;;;;;;;;;;;;;;;;;;;
SOLICITAÇÃO ATENDIMENTO;9102154178;1182418;UB-CIND-CJN-QD A 1-VILA ISABEL;CASA NOVA;;PES 36829 OC 77157;;31/03;CONCLUIDA;1;0;;;;;PLANO 7;100%;R$ 16.369,50;;29/03/2025;29/03/2025;;PAULO JUNIOR;DIEGO;-9,182235;-40,977159;;mar.-25;;;;;0 POSTE;;;Março 25;;;;;;;;;;;;;;;;;;;;;;;;;;;;;;;;;
PRIORIDADE PLANO ANEEL;9102166517;1183167;UB-CIND-CA-7 9995-JO O PAULO II;JUAZEIRO;;;;;RETIRADA ;1;0;;;;;PLANO 7;100%;R$ 6.393,82;;;;;;EDVALDO;;;;mar.-25;;;;;;;;Março 25;;;;;;;;;;;;;;;;;;;;;;;;;;;;;;;;;
PRIORIDADE PLANO ANEEL;9102169053;1184513;ER-CIND-POV-MANGUEIRA II-MANGUEIRAS;CASA NOVA;;ENERGIZADA;;;CONCLUIDA;1;0;;;;;PLANO 7;100%;R$ 11.503,88;;25/03/2025;25/03/2025;;PAULO JUNIOR;DIEGO;-8,995543;-40,973823;;mar.-25;;;;;0 POSTE;;;Março 25;;;;;;;;;;;;;;;;;;;;;;;;;;;;;;;;;
PRIORIDADE PLANO ANEEL;9102157989;1185126;AC-CIND-SI-BARREIRINHO-RURAL-CASA NOVA;CASA NOVA;;MIGRAR;;;NÃO INICIADA;1;0;;;;;PLANO 7;100%;R$ 23.282,58;;01/03/2025;31/03/2025;;PAULO JUNIOR;DIEGO;;;;mar.-25;;;;;0 POSTE;;;Março 25;;;;;;;;;;;;;;;;;;;;;;;;;;;;;;;;;
QLP;9102096422;1157169;AC-CIND-RUA-BLOCO E-VILA SANTANA;SOBRADINHO;SEPARADO;ENERGIZADA;;14/03;CONCLUIDA;1;0;;;;1;PLANO 7;100%;R$ 48.070,15;;14/03/2025;15/03/2025;CARLOS;SANTIAGO;SANDRO;-9,4539071;-40,8271665;;fev.-25;FALSE;;FALSE;FALSE;DA PLANILHA ;E619980;E619982;Março 25;R$ 12.017,54;;OK;;;;;;;;;;;;;;;;;;;;;;;;;;;;;;
AL/MELHORAMENTO;9102006139;1157379;RS-COEL-SAIDA AL NOVA TOURAO;JUAZEIRO;;ENTREGA;;;EM EXECUÇÃO;0;0;;;;;PLANO 1;100%;R$ 1.374.462,12;;01/03/2025;31/03/2025;IVONALDO;RODRIGUES;SANDRO;-9,436886049;-40,38081355;;fev.-25;FALSE;;FALSE;FALSE;0 POSTE;;;Março 25;R$ 343.615,53;;;;;;;;;;;;;;;;;;;;;;;;;;;;;;;;
JUDICIAL;9102095200;1151835;AC-CIND-POV-ITAPICURU-RURAL;SENTO SÉ;;AVANÇO;;;EM EXECUÇÃO;1;0;;;;;PLANO 7;50%;R$ 112.962,82;;01/03/2025;28/03/2025;CARLOS/FERNANDO;SANTIAGO;SANDRO;-10,548659;-41,84232;;;;;;;0 POSTE;;;Março 25;R$ 28.240,71;;;;;;;;;;;;;;;;;;;;;;;;;;;;;;;;
NOVOS QUESTIONAMENTOS ANEEL;9101575275;1040604;;SENTO SÉ;;MIGRADA;;;;32;278;;278;;;PLANO 14;20%;R$ 2.756.104,87;;01/04/2025;19/04/2025;EMERSON;EMERSON;SANDRO;-9,7533815;-41,8857659;;fev.-25;FALSE;;FALSE;FALSE;1019161/APROVADA;E724391;E724668;Abril 25;;;EMERSON;;MP-CCOL-POV DESENGANO-RURAL;CONCLUIDA;;;;;;;;;;;;;;;;;;;;;;;;;;;
ESTRATÉGICA;9101893156;1084183;;JUAZEIRO;SACADO;MIGRADA;;;;87;60;;60;;;PLANO 7;100%;R$ 274.737,62;;;02/04/2025;PAULO;SANTIAGO;VICTOR;-9,4790867;-40,5060819;;fev.-25;TRUE;;FALSE;FALSE;1019173/APROVADA;E724694;E724750;Abril 25;R$ 68.684,41;;;;RR-CCOL-RCL-POV-DE LAJES-LAJES;CONCLUIDA;;;;;;;;;;;;;;;;;;;;;;;;;;;
AIC OBJETIVO;9101897106;1077990;;UAUÁ;;abril-25;;;;5;24;RETIRAR;;;;;100%;R$ 312.622,22;;;;MAURICIO;EDIE JONNES;;-9,853845;-39,4340092;;;;;;;DA PLANILHA ;E749837;E749860;Abril 25;R$ 78.155,56;;;;MP CIND SITIO FELICIANO RURAL;CANCELADA;;;;;;;;;;;;;;;;;;;;;;;;;;;
AL/MELHORAMENTO;9101909684;1085090;;JUAZEIRO;;PES 38272 / OC 6336 - 03/04;;13/03 - 19/03;;0;51;;51;;;PLANO 8;100%;R$ 717.378,39;;01/04/2025;20/04/2025;IVONALDO;RODRIGUES;SANDRO;-9,436886049;-40,38081355;;fev.-25;FALSE;;FALSE;FALSE;DA PLANILHA ;E619983;E620023;Abril 25;R$ 179.344,60;;;;AL-01V2-NOVA TOURÃO-CONSTRUÇÃO (ITEM 2);CONCLUIDA;;;;;;;;;;;;;;;;;;;;;;;;;;;
AIC OBJETIVO;9101649848;1032702;;JUAZEIRO;04/04;abril-25;;;;2;32;;28;;;;100%;R$ 440.383,01;;05/04/2025;19/04/2025;GISMARIO;EDIE JONNES;;-9,4410603;-40,285742;;;;;;;DA PLANILHA ;E750042;E750075;Abril 25;R$ 110.095,75;;OK;;MP CIND POV TOME RURAL;CONCLUIDA;;R$ 67.200,00;;;;;;;;;;;;;;;;;;;;;;;;;
JUDICIAL OURO;9102072295;1146501;;REMANSO;;PENDENTE CABO 1x25;;;;9;30;;4;;;;100%;R$ 196.015,59;;08/04/2025;12/04/2025;DOMINGOS / AILTON;PAULO JUNIOR;DEBORA;-9,6723986;-42,1921106;;;;;;;DA PLANILHA ;E750478;E750507;Abril 25;R$ 49.003,90;;OK;;LD - CIND RUA BOA SORTE - RURAL;CONCLUIDA;;R$ 63.000,00;;;;;;;;;;;;;;;;;;;;;;;;;
AL/MELHORAMENTO;9101915080;1088197;;JUAZEIRO;;PES 38276 / OC 7332 - 03/04;;;;0;27;;27;;;PLANO 1;100%;R$ 321.516,58;;01/04/2025;21/04/2025;IVONALDO;RODRIGUES;SANDRO;-9,436886049;-40,38081355;;;;;;;DA PLANILHA ;E620024;E620050;Abril 25;R$ 80.379,15;;;;AL - 01V5 - NOVA TOUR O - CONSTRU  O;CONCLUIDA;;;;;;;;;;;;;;;;;;;;;;;;;;;
AIC OBJETIVO;9101744304;1015836;;JUAZEIRO;04/04;PENDENTE CABO 1x25;;;;5;25;;25;;;;100%;R$ 220.850,04;;01/04/2025;12/04/2025;JUAREZ;EDIE JONNES;;-9,5726189;-39,9000523;;;;;;;DA PLANILHA ;E749877/E750169;E749896/E750173;Abril 25;R$ 55.212,51;;OK;;ER-CCOL-SI-JUAZEIRO-PINHOES;CONCLUIDA;;R$ 52.500,00;;;;;;;;;;;;;;;;;;;;;;;;;
AIC OBJETIVO;9101858658;1083865;;UAUÁ;;abril-25;;;;6;14;;14;;;;100%;R$ 147.918,91;;12/04/2025;25/04/2025;MAURICIO;EDIE JONNES;;-9,8445915;-39,50630863;;;;;;;DA PLANILHA ;E749861;E749874;Abril 25;R$ 36.979,73;;OK;;MP-CIND-FAZ. RODEADOURO-RURAL;CONCLUIDA;;R$ 29.400,00;;;;;;;;;;;;;;;;;;;;;;;;;
JUDICIAL OURO;9101726710;1054419;;UAUÁ;;ENERGIZA 11/04;;;;1;13;;13;;;;100%;R$ 167.451,27;;04/04/2025;12/04/2025;MAURICIO;EDIE JONNES;;-9,8645634;-39,6571608;;;;;;;DA PLANILHA ;E749824;E749836;Abril 25;R$ 41.862,82;;OK;;MP-CIND-POV. SANTANA-RURAL;CONCLUIDA;;R$ 27.300,00;;;;;;;;;;;;;;;;;;;;;;;;;
AIC OBJETIVO;9102126768;1161990;;UAUÁ;;abril-25;;;;2;13;;13;;;;100%;R$ 101.480,32;;14/04/2025;17/04/2025;MAURICIO;EDIE JONNES;EDVALDO;-9,84933752;-39,4703284;;;;;;;da PLANILHA ;E749897;E749909;Abril 25;R$ 25.370,08;;OK;;LD-CCOL-FAZ.SÃO BENTO-RURAL;CONCLUIDA;;R$ 27.300,00;;;;;;;;;;;;;;;;;;;;;;;;;
JUDICIAL OURO;9101664952;997469;;SENTO SÉ;;abril-25;;;;1;43;RETIRAR;;;;;100%;R$ 169.739,61;;;;RETIRAR (REVISAR ACESSO);;;-10,263861;-41,332939;;;;;;;DA PLANILHA ;E749973;E750015;Abril 25;R$ 42.434,90;;;;ER-CIND-POV-ALMAS-ALEGRE;RETIRADA ;;R$ 90.300,00;;;;;;;;;;;;;;;;;;;;;;;;;
AIC OBJETIVO;9101066125;814100;;JUAZEIRO;;abril-25;;;;8;11;;11;;;;100%;R$ 102.926,64;;09/04/2025;28/04/2025;PEPEU;ANDERSON;;-9,5114581;-40,505111;;;;;;;DA PLANILHA ;E750149;E750159;Abril 25;R$ 25.731,66;;OK;;LD-CIND-ET SERRA DA BATATEIRA-RURAL;CONCLUIDA;;R$ 23.100,00;;;;;;;;;;;;;;;;;;;;;;;;;
AL/MELHORAMENTO;9101909686;1085374;;JUAZEIRO;SACADO;PES 37430 / OC 1529 - 01/04;;;;0;10;;10;;;PLANO 8;100%;R$ 491.175,01;;;;IVONALDO;RODRIGUES;SANDRO;-9,436886049;-40,38081355;;fev.-25;FALSE;;FALSE;FALSE;DA PLANILHA ;E620070;E620079;Abril 25;R$ 122.793,75;;;;AL-01V3-NOVA TOURÃO-CONSTRUÇÃO ITEM 1, 2;CONCLUIDA;;;;;;;;;;;;;;;;;;;;;;;;;;;
JUDICIAL OURO;9101769040;1021872;;JUAZEIRO;;abril-25;;;;1;9;;9;;;;100%;R$ 34.445,62;;14/04/2025;22/04/2025;GISMARIO;EDIE JONNES;;-9,8253289;-40,192637;;;;;;;da PLANILHA ;E750160;E750168;Abril 25;R$ 8.611,41;;OK;;ER-CIND-POV-CALDEIRAO GRANDE-CURRAL NOVO;CONCLUIDA;;R$ 18.900,00;;;;;;;;;;;;;;;;;;;;;;;;;
RECLAMAÇÃO;9101978067;1113335;;CURAÇÁ;;abril-25;;;;1;8;;8;;;;100%;R$ 64.859,04;;12/04/2025;16/04/2025;FERNANDO;SANTIAGO;;-9,2682018;-39,8037415;;;;;;;DA PLANILHA ;E750019;E750026;Abril 25;R$ 16.214,76;;OK;;MP-CIND-FAZ-BANGUE 1250-RURAL;CONCLUIDA;;R$ 16.800,00;;;;;;;;;;;;;;;;;;;;;;;;;
QLP;9102126489;1165825;;UAUÁ;;abril-25;;;;1;7;;7;;;;100%;R$ 55.021,09;;28/04/2025;30/04/2025;MAURICIO;EDIE JONNES;;-9,718006;-39,276716;;;;;;;DA PLANILHA ;E749910;E749916;Abril 25;R$ 13.755,27;;OK;;ER-CIND-POV-CURUNDUNDUN-RURAL;CONCLUIDA;;R$ 14.700,00;;;;;;;;;;;;;;;;;;;;;;;;;
AL/MELHORAMENTO;9102006139;1157379;;JUAZEIRO;SACADO;;;;MIGRAR;0;0;;;;;PLANO 1;100%;R$ 1.374.462,12;;04/04/2025;20/04/2025;IVONALDO;RODRIGUES;SANDRO;-9,436886049;-40,38081355;;fev.-25;FALSE;;FALSE;FALSE;0 POSTE;;;Abril 25;;;OK;;RS-COEL-SAIDA AL NOVA TOURAO;EM EXECUÇÃO;;;;;;;;;;;;;;;;;;;;;;;;;;;
AL/MELHORAMENTO;9101909687;1085220;;JUAZEIRO;SACADO;;;;MIGRAR;0;2;;;;;PLANO 1;100%;R$ 90.897,71;;03/04/2025;20/04/2025;IVONALDO;RODRIGUES;SANDRO;-9,4335364;-40,3828412;;mar.-25;;;;;DA PLANILHA;E619909;E619910;Abril 25;;;OK;;AL - 01V3 - SE NOVA TOURÃO-EQUIP-Q008200;EM EXECUÇÃO;;;;;;;;;;;;;;;;;;;;;;;;;;;
AL/MELHORAMENTO;9101915089;1088191;;JUAZEIRO;SACADO;;;;MIGRAR;0;3;;;;;PLANO 1;100%;R$ 224.034,66;;02/04/2025;20/04/2025;IVONALDO;RODRIGUES;SANDRO;-9,436886049;-40,38081355;;;;;;;DA PLANILHA ;E620080;E620082;Abril 25;;;OK;;AL - 01V8 - NOVA TOUR O - CONSTRU  O;EM EXECUÇÃO;;;;;;;;;;;;;;;;;;;;;;;;;;;
JUDICIAL;9102095200;1151835;;SENTO SÉ;;;;;MIGRAR;1;3;;;;;;100%;R$ 112.962,82;;14/05/2025;15/05/2025;CARLOS;SANTIAGO;SANDRO;-10,548659;-41,84232;;;;;;;DA PLANILHA ;E750016;E750018;Abril 25;R$ 28.240,71;;OK;;AC-CIND-POV-ITAPICURU-RURAL;EM EXECUÇÃO;;R$ 6.300,00;;;;;;;;;;;;;;;;;;;;;;;;;
AIC OBJETIVO;9101899666;1077391;;JUAZEIRO;;abril-25;;;;2;5;;5;;;;100%;R$ 50.561,40;;12/04/2025;28/04/2025;JUAREZ;EDIE JONNES;;-9,49175927;-40,2001457;;;;;;;DA PLANILHA;E750668;E750672;Abril 25;R$ 12.640,35;;OK;;LD-CIND-POV LAGOA DOS BOIS-LAGOA DOS BO;CONCLUIDA;;;;;;;;;;;;;;;;;;;;;;;;;;;
LPT;9101924775;1093845;;SENTO SÉ;;;;;MIGRAR;1;12;;;;;PLANO 14;100%;R$ 167.046,83;;22/05/2025;26/05/2025;CARLOS;SANTIAGO;SANDRO;-10,073223;-41,370786;;mar.-25;;;;;DA PLANILHA;E619929;E619940;Abril 25;;;OK;;LD-CIND-POV LIMOEIRO-RURAL;ESCAVAÇÃO;;R$ 25.200,00;;;;;;;;;;;;;;;;;;;;;;;;;
AIC OBJETIVO;9102038108;1131343;;CURAÇÁ;;abril-25;;;;3;21;;;;;;100%;R$ 255.583,37;;11/04/2025;23/04/2025;FABIO;SANTIAGO;;-8,6949968;-39,668458;;;;;;;DA PLANILHA ;E750526;E750546;Abril 25;R$ 63.895,84;;;;LD CIND POV SACO DA CANOA RURAL;CANCELADA;;R$ 44.100,00;;;;;;;;;;;;;;;;;;;;;;;;;
TRANSGRESSÃO;9102109004;1157325;;CASA NOVA;;abril-25;;;;1;5;;5;;;;100%;R$ 39.143,31;;16/04/2025;16/04/2025;AILTON;PAULO JUNIOR;DIEGO;-9,296343;-40,834028;;;;;;;DA PLANILHA;E750226;E750230;Abril 25;R$ 9.785,83;;OK;;RR-CIND-POV-SANTANA SOBRADO-RR-CASA NOVA;CONCLUIDA;;R$ 10.500,00;;;;;;;;;;;;;;;;;;;;;;;;;
AIC OBJETIVO;9101932015;1092651;;SENTO SÉ;;abril-25;;;;3;15;RETIRAR;;;;;100%;R$ 192.622,38;;;;EMERSON;;;-9,8136126;-41,434043;;;;;;;DA PLANILHA ;E750027;E750041;Abril 25;R$ 48.155,60;;;;MP-CCOL-RUA DA CONCEIÇÃO-RURAL;RETIRADA ;;;;;;;;;;;;;;;;;;;;;;;;;;;
SOLICITAÇÃO ATENDIMENTO;9101190009;875302;;JUAZEIRO;;;;;MIGRAR;2;37;;;;;PLANO 14;100%;R$ 394.092,32;;12/04/2025;02/05/2025;JUAREZ;EDIE JONNES;VICTOR;-9,42475819;-40,242379;;mar.-25;;;;;DA PLANILHA ;E619663;E619699;Abril 25;R$ 98.523,08;;OK;;MP-CCOL-POV.LAGOA DOS BOIS-RURAL;ESCAVAÇÃO;;R$ 77.700,00;;;;;;;;;;;;;;;;;;;;;;;;;
NOVOS QUESTIONAMENTOS ANEEL;9102025347;1126041;;JUAZEIRO;SACADO;;;;MIGRAR;0;108;;82;;;PLANO 7;100%;R$ 1.565.846,66;;15/03/2024;31/05/2025;FERNANDO/FABIO;SANTIAGO;CARLOS EDUARDO;-9,1258481;-40,0323912;;mar.-25;;;;;DA PLANILHA;E619540;E619634;Abril 25;R$ 200.000,00;;OK;;IT CIND FAZ CURAÇA PEQUENO RURAL;ESCAVAÇÃO;;R$ 0,00;;;;;;;;;;;;;;;;;;;;;;;;;
QLP;9102125866;1165100;;CASA NOVA;;;;;;1;2;;;;;;100%;R$ 14.285,89;;11/04/2025;11/04/2025;AILTON;PAULO JUNIOR;DIEGO;-9,325327756;-41,0751019;;;;;;;DA PLANILHA;E750231;E750232;Abril 25;R$ 3.571,47;;OK;;ER-CIND-POV-BAIXAO 2852-RURAL-CASA NOVA;NÃO INICIADA;;R$ 4.200,00;;;;;;;;;;;;;;;;;;;;;;;;;
AIC OBJETIVO;9101503225;984432;;CASA NOVA;;abril-25;;;;1;35;;;;;;100%;R$ 210.818,71;;;;;;;;;;;;;;;DA PLANILHA ;E619494;E619528;Abril 25;R$ 52.704,68;;;;RR-CIND-POV-SAO MIGUEL-RURAL;CANCELADA;;R$ 73.500,00;;;;;;;;;;;;;;;;;;;;;;;;;
AIC OBJETIVO;9102095255;1151010;;CASA NOVA;;abril-25;;;;1;0;RETIRAR;;;;;100%;R$ 48.317,61;;;;;;;;;;;;;;;0 POSTE;;;Abril 25;R$ 12.079,40;;;;AC-REG.FV-CIND-POV PEDRA GRANDE 160-RURA;RETIRADA ;;;;;;;;;;;;;;;;;;;;;;;;;;;
PRIORIDADE PLANO ANEEL;9102157797;1182944;;CASA NOVA;;MIGRADA;;;;1;5;;5;;;PLANO 7;100%;R$ 35.896,88;;28/04/2025;29/04/2025;AILTON;PAULO JUNIOR;DIEGO;-9,200843;-41,226521;;mar.-25;;;;;DA PLANILHA ;E619966;E619970;Abril 25;R$ 8.974,22;;OK;;ER-CIND-POV-ALGODAO DE CIMA 1452-AL CIMA;CONCLUIDA;;R$ 10.500,00;;;;;;;;;;;;;;;;;;;;;;;;;
QLP;9102130886;1165605;;JUAZEIRO;;abril-25;;;;1;5;;5;;;;100%;R$ 59.184,78;;28/04/2025;29/04/2025;PAULO;SANTIAGO;;-9,4515829;-40,507978;;;;;;;DA PLANILHA;E750182;E750186;Abril 25;R$ 14.796,20;;OK;;AC-CIND-LOT-PEDRO RAIMUND-MALHAD DA AREI;CONCLUIDA;;R$ 10.500,00;;;;;;;;;;;;;;;;;;;;;;;;;
AIC OBJETIVO;9102009695;1123781;;JUAZEIRO;;abril-25;;;;10;9;RETIRAR;;;;;100%;R$ 95.868,64;;;;;;;-9,4879231;-40,502768;;;;;;;;;;Abril 25;R$ 23.967,16;;;;LD- CIND - SIT - VENEZA - RURAL;RETIRADA ;;;;;;;;;;;;;;;;;;;;;;;;;;;
AL/MELHORAMENTO;9101909688;1085227;;JUAZEIRO;SACADO;PES 38257 / OC 7264 - 03/04;;;;0;4;;4;;;PLANO 8;100%;R$ 616.794,25;;01/04/2025;20/04/2025;IVONALDO;RODRIGUES;SANDRO;-9,4307884;-40,3956456;;fev.-25;FALSE;;FALSE;FALSE;1017645/APROVADA;E711971;E711972;Abril 25;R$ 154.198,56;;;;AL - 01V4 - NOVA TOURÃO - CONSTRUÇÃO;CONCLUIDA;;;;;;;;;;;;;;;;;;;;;;;;;;;
LPT;9101783582;1028355;;SOBRADINHO;;MIGRADA;;;;1;4;;4;;;PLANO 14;100%;R$ 25.946,33;;;;CARLOS;SANTIAGO;SANDRO;-9,4638721;-40,8140499;;mar.-25;;;;;DA PLANILHA;E619911;E619914;Abril 25;R$ 6.486,58;;;;ER-CIND-POV-SANTA BARBARA-RURAL;CONCLUIDA;;;;;;;;;;;;;;;;;;;;;;;;;;;
AIC OBJETIVO;9102091293;1152118;;CASA NOVA;;abril-25;;;;1;9;RETIRAR;;;;;100%;R$ 42.951,57;;;;;;;;;;;;;;;;;;Abril 25;R$ 10.737,89;;;;ER-CIND-POV-LAGOA DOS TITINOS-RURAL;RETIRADA ;;;;;;;;;;;;;;;;;;;;;;;;;;;
AIC OBJETIVO;9102087522;1145356;;CASA NOVA;;abril-25;;;;1;4;RETIRAR;;;;;100%;R$ 28.486,72;;;;;;;;;;;;;;;;;;Abril 25;R$ 7.121,68;;;;ER-CIND-SI-BARRO RACHADO 145 --A-RURAL;RETIRADA ;;;;;;;;;;;;;;;;;;;;;;;;;;;
QLP;9102139593;1166997;;JUAZEIRO;;PENDENTE CABO 1x25;;;;1;4;;4;;;;100%;R$ 26.297,22;;11/04/2025;11/04/2025;PAULO;SANTIAGO;;-9,2659955;-40,0584022;;;;;;;DA PLANILHA;E750199;E750202;Abril 25;R$ 6.574,31;;OK;;UB-CIND-SI BELO JARDIM-ITAMOTINGA;CONCLUIDA;;R$ 8.400,00;;;;;;;;;;;;;;;;;;;;;;;;;
QLP;9102139564;1176266;;CASA NOVA;;;;;MIGRAR;2;20;;;;;;100%;R$ 136.471,64;;20/05/2025;20/05/2025;DANIEL/ AILTON;PAULO JUNIOR;DIEGO;-9,2783089;-40,71661953;;;;;;;DA PLANILHA;E750206;E750225;Abril 25;R$ 34.117,91;;OK;;RR-CIND-POV RIACHO DO SOBRADO-RURAL;NÃO INICIADA;;R$ 42.000,00;;;;;;;;;;;;;;;;;;;;;;;;;
QLP;9102142635;1168621;;CASA NOVA;;;;;MIGRAR;1;3;;;;;;100%;R$ 32.526,25;;08/05/2025;08/05/2025;AILTON;PAULO JUNIOR;DIEGO;-9,186586027;-40,8480501;;;;;;;DA PLANILHA;E750238;E750240;Abril 25;R$ 8.131,56;;OK;;ER-CIND-POV-SAO ROMAO-RURAL;NÃO INICIADA;;R$ 6.300,00;;;;;;;;;;;;;;;;;;;;;;;;;
AL/MELHORAMENTO;9101915087;1101887;;JUAZEIRO;;abril-25;;;;0;2;RETIRAR;;;;;100%;R$ 350.594,72;;;;;;;-9,487905;-40,2186154;;;;;;;;;;Abril 25;R$ 87.648,68;;;;IE 01V2 NOVA TOURÃO RURAL EQUIP N61580;CANCELADA;;;;;;;;;;;;;;;;;;;;;;;;;;;
RECLAMAÇÃO;9102149813;1177525;;PILÃO ARCADO;;;;;;0;1;;;;;;100%;R$ 18.370,16;;14/04/2025;14/04/2025;DOMINGOS;PAULO JUNIOR;;-10,00231555;-42,4784534;;;;;;;DA PLANILHA ;E750525;E750525;Abril 25;R$ 4.592,54;;OK;;AC-CIND-RUA- XIQUE XIQUE-CENTRO;NÃO INICIADA;;R$ 2.100,00;;;;;;;;;;;;;;;;;;;;;;;;;
RECLAMAÇÃO;9102129630;1163633;;CASA NOVA;;MIGRADA;;;;0;4;;4;;;PLANO 8;100%;R$ 113.399,53;;17/04/2025;17/04/2025;AILTON;PAULO JUNIOR;DIEGO;-8,7732182;-41,1549792;;fev.-25;FALSE;;FALSE;FALSE;1020096/APROVADA;E725914;E725917;Abril 25;R$ 28.349,88;;OK;;ME CIND RUA CAIXA DAGUA1 CENTRO;CONCLUIDA;;R$ 8.400,00;;;;;;;;;;;;;;;;;;;;;;;;;
REPUTACIONAL;9102125688;1161869;;JUAZEIRO;;;;;;0;4;;;;;PLANO 7;100%;R$ 362.692,55;;14/04/2025;15/04/2025;PEPEU;ANDERSON;VICTOR;-9,475;-40,428328;;;;;;;1020086/APROVADA;E725899;E725902;Abril 25;;;;;ER-CIND-FAZ-MASSAYO -RURAL;NÃO INICIADA;;R$ 8.400,00;;;;;;;;;;;;;;;;;;;;;;;;;
PRIORIDADE PLANO ANEEL;9102160501;1179431;;UAUÁ;;CONCLUIDA;;;;0;3;;3;;;;100%;R$ 18.857,60;;11/04/2025;11/04/2025;MAURICIO;EDIE JONNES;;-9,833687497;-39,49020672;;;;;;;DA PLANILHA ;E749917;E749919;Abril 25;R$ 4.714,40;;OK;;UB-CIND-RUA-CAVA CH O-ALTO DO MALAQUIAS;CONCLUIDA;;R$ 6.300,00;;;;;;;;;;;;;;;;;;;;;;;;;
PRIORIDADE PLANO ANEEL;9102155833;1182129;;CASA NOVA;;MIGRADA;;;;3;3;;3;;;PLANO 7;100%;R$ 16.429,42;;23/04/2025;23/04/2025;AILTON;PAULO JUNIOR;DIEGO;-9,2685118;-40,7499962;;mar.-25;;;;;DA PLANILHA ;E619958;E619960;Abril 25;R$ 4.107,36;;OK;;ER-CCOL-POV-RIACHO D SOBRADO-RURAL;CONCLUIDA;;R$ 6.300,00;;;;;;;;;;;;;;;;;;;;;;;;;
JUDICIAL OURO;9101920740;1093148;;SENTO SÉ;;;;;;1;0;;;;;;100%;R$ 9.423,55;;16/04/2025;16/04/2025;CARLOS;SANTIAGO;SANDRO;-9,865641;-42,086597;;;;;;;0 POSTE;;;Abril 25;;;OK;;ER-CIND--FAZ ALDEIA-RURAL-ITAPERA;PARALIZADA;;R$ 0,00;;;;;;;;;;;;;;;;;;;;;;;;;
RECLAMAÇÃO;9102139849;1172741;;JUAZEIRO;;abril-25;;;;1;3;;3;;;;100%;R$ 18.646,18;;25/04/2025;25/04/2025;PAULO;SANTIAGO;;-9,433899;-40,521582;;;;;;;DA PLANILHA;E750203;E750205;Abril 25;R$ 4.661,55;;;;UB-CIND-AV-GIUSEPPE MUCCINI-PIRANGA;CONCLUIDA;;R$ 6.300,00;;;;;;;;;;;;;;;;;;;;;;;;;
AIC OBJETIVO;9102124064;1159873;;JUAZEIRO;;abril-25;;;;1;1;RETIRAR;;;;;100%;R$ 16.265,67;;;;;;;-9,1007513;-39,98775476;;;;;;;;;;Abril 25;R$ 4.066,42;;;;LD - CIND - POV - BARRA GRANDE - RURAL;RETIRADA ;;;;;;;;;;;;;;;;;;;;;;;;;;;
AIC OBJETIVO;9102126865;1164431;;JUAZEIRO;;abril-25;;;;1;1;RETIRAR;;;;;100%;R$ 18.478,58;;;;;;;-9,61138872;-40,212929;;;;;;;;;;Abril 25;R$ 4.619,65;;;;LD - CIND - POV - CIFRAS RURAL;RETIRADA ;;;;;;;;;;;;;;;;;;;;;;;;;;;
AIC OBJETIVO;9102125568;1160390;;JUAZEIRO;;abril-25;;;;1;1;RETIRAR;;;;;100%;R$ 11.532,89;;;;;;;-9,3191481;-40,2939043;;;;;;;;;;Abril 25;R$ 2.883,22;;;;UB-CIND-AV.JORGE KHOURY VILA SANTANA;RETIRADA ;;;;;;;;;;;;;;;;;;;;;;;;;;;
AIC OBJETIVO;9102134442;1165621;;JUAZEIRO;;abril-25;;;;1;1;RETIRAR;;;;;100%;R$ 16.278,47;;;;;;;-9,3474918;-40,3081754;;;;;;;;;;Abril 25;R$ 4.069,62;;;;LD- CIND- POV - PROJETO MANICOBA-RURAL;RETIRADA ;;;;;;;;;;;;;;;;;;;;;;;;;;;
PRIORIDADE PLANO ANEEL;9102145754;1173888;;JUAZEIRO;01/04;abril-25;;;;1;2;;2;;;;100%;R$ 12.095,63;;03/04/2025;03/04/2025;GISMARIO;EDIE JONNES;;-9,4737911;-40,4942233;;;;;;;DA PLANILHA;E749875;E749876;Abril 25;R$ 3.023,91;;OK;;UB-CIND-CJN-JUAZEIRO-JO O PAULO II;CONCLUIDA;;R$ 4.200,00;;;;;;;;;;;;;;;;;;;;;;;;;
QLP;9102130432;1168465;;JUAZEIRO;;abril-25;;;;1;1;RETIRAR;;;;;100%;R$ 21.798,86;;;;;;;-9,275464;-40,068237;;;;;;;;;;Abril 25;R$ 5.449,72;;;;ER-CIND-POV-RURAL-LAGOA DOS CAVALOS;RETIRADA ;;;;;;;;;;;;;;;;;;;;;;;;;;;
QLP;9102130358;1165820;;CASA NOVA;;;;;MIGRAR;1;1;;;;;;100%;R$ 18.841,24;;09/05/2025;09/05/2025;DANIEL;PAULO JUNIOR;DIEGO;-9,1421534;-41,003163;;;;;;;DA PLANILHA;E750235;E750235;Abril 25;R$ 4.710,31;;OK;;ER-CIND-POV-TIGRE 595-RURAL;NÃO INICIADA;;R$ 2.100,00;;;;;;;;;;;;;;;;;;;;;;;;;
QLP;9102128878;1164868;;JUAZEIRO;;;;;MIGRAR;2;5;;;;;;100%;R$ 62.327,12;;16/05/2025;16/05/2025;PEPEU;SANTIAGO;;-9,814038525;-40,6017323;;;;;;;DA PLANILHA;E750187;E750191;Abril 25;R$ 15.581,78;;OK;;ER-CIND-POV-GOIABEIRA II-GOIABEIRA II;NÃO INICIADA;;R$ 10.500,00;;;;;;;;;;;;;;;;;;;;;;;;;
REPUTACIONAL;9102132629;1161619;;JUAZEIRO;;;;;;1;1;;;;;PLANO 7;100%;R$ 91.201,34;;08/04/2025;18/04/2025;PEPEU;ANDERSON;VICTOR;-9,372143;-40,349066;;;;;;;1020103/APROVADA;E725929;E725929;Abril 25;;;;;ER-CIND-FAZ-MASSAYO-RURAL;NÃO INICIADA;;R$ 2.100,00;;;;;;;;;;;;;;;;;;;;;;;;;
PRIORIDADE PLANO ANEEL;9102140429;1173101;;UAUÁ;;abril-25;;;;1;2;;2;;;;100%;R$ 7.943,54;;14/04/2025;14/04/2025;MAURICIO;EDIE JONNES;;-9,995853;-39,536663;;;;;;;DA PLANILHA ;E749920;E749921;Abril 25;R$ 1.985,89;;OK;;AC-CIND-FAZ-TESTA BRANCA-CALDEIRAO DO AL;CONCLUIDA;;R$ 4.200,00;;;;;;;;;;;;;;;;;;;;;;;;;
QLP;9102135898;1168500;;JUAZEIRO;;;;;MIGRAR;1;1;;;;;;100%;R$ 27.211,65;;13/05/2025;13/05/2025;PEPEU;SANTIAGO;;-9,453858;-40,5391525;;;;;;;DA PLANILHA;E750233;E750233;Abril 25;R$ 6.802,91;;OK;;AC-CIND-CA-ELLIS MARIA-RURAL DE CIMA;NÃO INICIADA;;R$ 2.100,00;;;;;;;;;;;;;;;;;;;;;;;;;
AIC OBJETIVO;9102089657;1146819;;CASA NOVA;;;;;;0;2;;;;;PLANO 8;100%;R$ 221.908,41;;22/04/2025;22/04/2025;DANIEL;PAULO JUNIOR;DIEGO;-9,3531261;-40,8462015;;fev.-25;FALSE;;FALSE;FALSE;1019155/APROVADA;E752880;E755881;Abril 25;;;;;NT-RECOND-MND-01N3-Q028290 -Q028297;NÃO INICIADA;;R$ 4.200,00;;;;;;;;;;;;;;;;;;;;;;;;;
PRIORIDADE PLANO ANEEL;9102155193;1178762;;JUAZEIRO;01/04;abril-25;;;;1;0;RETIRAR;;;;;100%;R$ 1.760,56;;;;;;;-9,322835448;-40,26427697;;;;;;;;;;Abril 25;R$ 440,14;;OK;;AC-CIND-POV-NUCLEO HABITACIONAL-RURAL;RETIRADA ;;;;;;;;;;;;;;;;;;;;;;;;;;;
;9102146389;1177220;;SOBRADINHO;;MIGRADA;;;;1;1;;1;;;;100%;R$ 6.810,47;;27/03/2025;03/04/2025;CARLOS ;SANTIAGO;;-9.533.277;-41.045.161;;;FALSE;;FALSE;FALSE;DA PLANILHA ;E620088;E620088;Abril 25;R$ 1.702,62;;;;ER-CCOL-POV-BREJO FORA-BREJO FORA;CONCLUIDA;;;;;;;;;;;;;;;;;;;;;;;;;;;
PRIORIDADE PLANO ANEEL;9102209027;1189982;;REMANSO;;abril-25;;;;1;1;;1;;;;100%;R$ 9.587,30;;;;MANUTENÇÃO;ANDERSON;DEBORA;-9,606204;-42,072652;;;;;;;DA PLANILHA ;E749674;E749674;Abril 25;R$ 2.396,83;;;;UB-CIND-ROD-235 KM-CENTRO-REMANSO;CONCLUIDA;;R$ 2.100,00;;;;;;;;;;;;;;;;;;;;;;;;;
AL/MELHORAMENTO;9102006140;1157282;;JUAZEIRO;;PES 37149 / OC 1859 - 01/04;;01/04;;0;1;;1;;;PLANO 1;100%;R$ 15.075,30;;;;IVONALDO;RODRIGUES;SANDRO;-9,436886049;-40,38081355;;;;;;DA PLANILHA ;E620083;E620083;;Abril 25;R$ 3.768,83;;;;AL 06-NOVA TOUR O - CONSTRU  O 1 3;CONCLUIDA;;;;;;;;;;;;;;;;;;;;;;;;;;;
GOVERNO OURO;9102167302;1190937;;CURAÇÁ;;;;;MIGRAR;1;31;;;;;;100%;R$ 264.976,91;;01/05/2025;03/05/2025;FABIO;SANTIAGO;;-9,044985;-39,482341;;;;;;;DA PLANILHA ;E750118;E750148;Abril 25;R$ 66.244,23;;OK;;ER-CCOL-POV-PATAMUTE-RURAL;NÃO INICIADA;;R$ 65.100,00;;;;;;;;;;;;;;;;;;;;;;;;;
AIC OBJETIVO;9101811791;1041575;;CURAÇÁ;;;;;MIGRAR;1;15;;;;;;100%;R$ 150.289,62;;05/05/2025;08/05/2025;;;;-9,1440435;-39,840718;;;;;;;;;;Abril 25;R$ 37.572,41;;;;MP-CCOL-POV-SERROTIM-RURAL;NÃO INICIADA;;;;;;;;;;;;;;;;;;;;;;;;;;;
PRIORIDADE PLANO ANEEL;9102164042;1182461;;REMANSO;;MIGRADA;;;;3;1;;1;;;PLANO 7;100%;R$ 33.926,10;;;;DOMINGOS;PAULO JUNIOR;DEBORA;-9,587614;-42,063516;;mar.-25;;;;;DA PLANILHA ;E619961;E619961;Abril 25;R$ 8.481,53;;;;UB-CIND-ROD-235 KM 01 23-CENTRO;CONCLUIDA;;;;;;;;;;;;;;;;;;;;;;;;;;;
LPT;9102156151;1178236;;CASA NOVA;;abril-25;;;;1;3;RETIRAR;;;;;100%;R$ 18.662,58;;;;;;;;;;;;;;;;;;Abril 25;R$ 4.665,65;;;;ER-CIND-POV-STA RITA-CASA NOVA;RETIRADA ;;;;;;;;;;;;;;;;;;;;;;;;;;;
PRIORIDADE PLANO ANEEL;9102145707;1172617;;UAUÁ;;abril-25;;;;1;1;;1;;;;100%;R$ 5.110,28;;12/04/2025;12/04/2025;MAURICIO;EDIE JONNES;;-9,83367;-39,4814945;;;;;;;DA PLANILHA ;E749922;E749922;Abril 25;R$ 1.277,57;;OK;;UB-CIND-AV-POUSADA-CENTRO;CONCLUIDA;;R$ 2.100,00;;;;;;;;;;;;;;;;;;;;;;;;;
PRIORIDADE PLANO ANEEL;9102143475;1175135;;CASA NOVA;;abril-25;;;;1;1;;1;;;;100%;R$ 27.682,00;;22/04/2025;22/04/2025;AILTON;PAULO JUNIOR;DIEGO;-9,1970334;-41,012684;;;;;;;DA PLANILHA;E750241;E750241;Abril 25;R$ 6.920,50;;OK;;ER-CIND-POV-LAGOA DOS TINOS-RURAL;CONCLUIDA;;R$ 2.100,00;;;;;;;;;;;;;;;;;;;;;;;;;
GRUPO A;9102238566;1193657;;JUAZEIRO;;;;;MIGRAR;0;3;;;;;PLANO 8;100%;R$ 255.026,24;;19/05/2025;19/05/2025;PEPEU;EDIE JONNES;VICTOR;-9,3724885;-39,9368482;;mar.-25;;;;;DA PLANILHA;E619946;E619948;Abril 25;;;;;RR-GRUA-FAZ-VERMELHO-RURAL;NÃO INICIADA;;R$ 6.300,00;;;;;;;;;;;;;;;;;;;;;;;;;
PRIORIDADE PLANO ANEEL;9102168277;1190765;;CAMPO ALEGRE DE LOURDES;;abril-25;;;;1;2;RETIRAR;;;;;100%;R$ 24.073,78;;12/04/2025;12/04/2025;AILTON;PAULO JUNIOR;DIEGO;;;;;;;;;;;;Abril 25;R$ 6.018,45;;;;ER-CIND-SI-MARTINS DO CORDEIRO-V DE CIMA;RETIRADA ;;;;;;;;;;;;;;;;;;;;;;;;;;;
PRIORIDADE PLANO ANEEL;9102227609;1192026;;CAMPO ALEGRE DE LOURDES;;abril-25;;;;1;1;RETIRAR;;;;;100%;R$ 8.612,93;;;;;;;;;;;;;;;;;;Abril 25;R$ 2.153,23;;;;UB-CIND-TRV-ALVORADA 10-CENTRO;RETIRADA ;;;;;;;;;;;;;;;;;;;;;;;;;;;
REPUTACIONAL;9102138779;1169987;;CASA NOVA;;;;;MIGRAR;1;8;;;;;;100%;R$ 87.162,13;;05/05/2025;07/05/2025;DANIEL;PAULO JUNIOR;DIEGO;-9,406432;-41,155454;;;;;;;DA PLANILHA;E750174;E750181;Abril 25;R$ 21.790,53;;;;ER-CIND-SI-CRUZEIRO-RURAL;NÃO INICIADA;;R$ 16.800,00;;;;;;;;;;;;;;;;;;;;;;;;;
PRIORIDADE PLANO ANEEL;9102227081;1191968;;JUAZEIRO;;abril-25;;;;1;1;;1;;;;100%;R$ 20.158,01;;24/04/2025;24/04/2025;PEPEU;ANDERSON;;-9,2796334;-40,0726729;;;;;;;DA PLANILHA;E750234;E750234;Abril 25;R$ 5.039,50;;OK;;ER-CIND-POV-LAGOA DOS CAVALOS-RURAL;CONCLUIDA;;R$ 2.100,00;;;;;;;;;;;;;;;;;;;;;;;;;
QLP;9102107113;1157820;;CAMPO ALEGRE DE LOURDES;;MIGRADA;;;;1;2;RETIRAR;;;;PLANO 7;100%;R$ 48.467,63;;;;;;DEBORA;-9,516961181;-43,0084584;;mar.-25;;;;;DA PLANILHA;E619884;E619885;Abril 25;R$ 12.116,91;;;;UB-CIND-RUA-21 DE ABRIL-CAMPO ALEGRE;RETIRADA ;;;;;;;;;;;;;;;;;;;;;;;;;;;
QLP;9102126554;1160765;;CAMPO ALEGRE DE LOURDES;;MIGRADA;;;;1;1;RETIRAR;;;;PLANO 7;100%;R$ 12.311,42;;;;;;DEBORA;-9,635209248;-42,9970517;;mar.-25;;;;;DA PLANILHA ;E619922;E619922;Abril 25;R$ 3.077,86;;;;ER-CIND-POV-VOLTA DE BAIXO-GENIPAPINHO;RETIRADA ;;;;;;;;;;;;;;;;;;;;;;;;;;;
EQUIPAMENTO;9102136937;1170528;;CASA NOVA;;MIGRADA;;;;0;1;RETIRAR;;;;PLANO 8;100%;R$ 124.894,00;;;;;PAULO JUNIOR;DIEGO;-9,15514;-40,916031;;mar.-25;;;;;DA PLANILHA;E619924;E619924;Abril 25;R$ 31.223,50;;;;IE-RELIGADOR-SBC-09S1-G45489;RETIRADA ;;;;;;;;;;;;;;;;;;;;;;;;;;;
EQUIPAMENTO;9102136954;1170871;;CASA NOVA;;MIGRADA;;;;0;1;RETIRAR;;;;PLANO 8;100%;R$ 102.337,61;;;;;PAULO JUNIOR;DIEGO;-9,206043;-41,008986;;mar.-25;;;;;DA PLANILHA;E619925;E619925;Abril 25;R$ 25.584,40;;;;IE-RELIGADOR-CSN-01C3-J06102;RETIRADA ;;;;;;;;;;;;;;;;;;;;;;;;;;;
EQUIPAMENTO;9102140367;1171264;;REMANSO;;MIGRADA;;;;0;1;RETIRAR;;;;PLANO 8;100%;R$ 97.309,03;;;;;;DEBORA;-9,22023;-40,870501;;mar.-25;;;;;DA PLANILHA;E619926;E619926;Abril 25;R$ 24.327,26;;;;IE-RELIGADOR-CSN-01C5-J05899;RETIRADA ;;;;;;;;;;;;;;;;;;;;;;;;;;;
PRIORIDADE PLANO ANEEL;9102157501;1176079;;JUAZEIRO;01/04;abril-25;;;;1;0;;0;;;;100%;R$ 1.374,26;;04/04/2025;04/04/2025;CARLOS;SANTIAGO;VICTOR;-9,47910747;-40,4916073;;;;;;;0 POSTE;;;Abril 25;R$ 343,57;;OK;;UB-CIND-ET-SERRA DA BATATEIRA-J PAULO II;CONCLUIDA;;R$ 0,00;;;;;;;;;;;;;;;;;;;;;;;;;
PRIORIDADE PLANO ANEEL;9102150731;1177510;;CASA NOVA;;;;;;1;1;;;;;;100%;R$ 8.374,77;;25/04/2025;25/04/2025;AILTON;PAULO JUNIOR;DIEGO;-9,0561578;-40,9252703;;;;;;;DA PLANILHA;E750258;E750258;Abril 25;R$ 2.093,69;;;;ER-CIND-POV-SANTA RITA-RURAL;NÃO INICIADA;;R$ 2.100,00;;;;;;;;;;;;;;;;;;;;;;;;;
LPT;9101205768;884168;;CASA NOVA;;;;;MIGRAR;1;9;;;;;PLANO 14;100%;R$ 48.586,56;;10/05/2025;12/05/2025;AILTON;PAULO JUNIOR;DIEGO;-9,2064123;-40,8080123;;mar.-25;;;;;DA PLANILHA ;E619700;E619708;Abril 25;R$ 12.146,64;;OK;;MP-CCOL-POV SALGADINHA-RURAL;NÃO INICIADA;;R$ 18.900,00;;;;;;;;;;;;;;;;;;;;;;;;;
PRIORIDADE PLANO ANEEL;9102153977;1177596;;CASA NOVA;;;;;;1;0;;;;;;100%;R$ 46.530,49;;25/04/2025;25/04/2025;DANIEL;PAULO JUNIOR;DIEGO;-9,1794719;-40,9848238;;;;;;;0 POSTE;;;Abril 25;;;;;UB-CIND RO BR 235 105 - CASA NOVA;NÃO INICIADA;;R$ 0,00;;;;;;;;;;;;;;;;;;;;;;;;;
EQUIPAMENTO;9102089653;1148050;;CASA NOVA;;MIGRADA;;;;0;2;RETIRAR;;;;PLANO 8;100%;R$ 336.662,56;;;;;PAULO JUNIOR;DIEGO;;;;fev.-27;FALSE;;FALSE;FALSE;1019875/APROVADA ;E725809;E755810;Abril 25;R$ 84.165,64;;;;IE-REGULADOR SE:CNN ALIM:01C3-RURAL;RETIRADA ;;;;;;;;;;;;;;;;;;;;;;;;;;;
PRIORIDADE PLANO ANEEL;9102153549;1175531;;JUAZEIRO;;;;;;1;5;;;;;;100%;R$ 23.995,33;;25/04/2025;25/04/2025;PEPEU;ANDERSON;;-9,874565;-40,283335;;;;;;;DA PLANILHA;E750194;E750198;Abril 25;R$ 5.998,83;;OK;;ER-CIND-PR -CASTRO ALVES 7-MASSAROCA;NÃO INICIADA;;R$ 10.500,00;;;;;;;;;;;;;;;;;;;;;;;;;
AL/MELHORAMENTO;9101909685;1085103;;JUAZEIRO;;;;;MIGRAR;0;2;;;;;PLANO 1;100%;R$ 75.636,00;;09/04/2025;25/04/2025;IVONALDO;RODRIGUES;SANDRO;;;;;;;;;DA PLANILHA;E619907;E619908;Abril 25;;;;;AL - 01V2 - SE NOVA TOURÃO - EQUIP. Q008;NÃO INICIADA;;;;;;;;;;;;;;;;;;;;;;;;;;;
EQUIPAMENTO;9102170254;1191690;;JUAZEIRO;;;;;MIGRAR;0;2;;;;;;70%;R$ 444.810,94;;01/05/2025;03/05/2025;JUAREZ;EDIE JONNES;;-9,4327488;-39,8540952;;;;;;;1016645/APROVADA ;E710264 ;E710333;Abril 25;R$ 111.202,74;;OK;;ME-COEL-ET-AGUAS BELAS-MALHADA DA AREIA;NÃO INICIADA;;R$ 4.200,00;;;;;;;;;;;;;;;;;;;;;;;;;
QLP;9102081086;1144577;;PILÃO ARCADO;;;;;;1;2;;;;;;100%;R$ 43.544,14;;28/04/2025;28/04/2025;AILTON;PAULO JUNIOR;;-10,007021;-42,490931;;;;;;;DA PLANILHA ;E750523;E750524;Abril 25;R$ 10.886,04;;;;UB-CIND-AV-DEP R QUEIROZ-CENTRO;NÃO INICIADA;;R$ 4.200,00;;;;;;;;;;;;;;;;;;;;;;;;;
QLP;9102121948;1166759;;CASA NOVA;;;;;;0;2;;;;;;100%;R$ 43.453,82;;28/04/2025;28/04/2025;DANIEL;PAULO JUNIOR;DIEGO;-9,629535;-41,839633;;;;;;;DA PLANILHA;E750236;E750237;Abril 25;R$ 10.863,46;;;;AC-CIND-POV-PARA RURAL-BEM BOM;NÃO INICIADA;;R$ 4.200,00;;;;;;;;;;;;;;;;;;;;;;;;;
PRIORIDADE PLANO ANEEL;9102157989;1185126;;CASA NOVA;03/04;MIGRADA;;;;1;0;;0;;;PLANO 7;100%;R$ 23.282,58;;04/04/2025;04/04/2025;DOMINGOS;PAULO JUNIOR;DIEGO;-9,184291284;-40,95207612;;mar.-25;;;;;0 POSTE;;;Abril 25;R$ 5.820,65;;OK;;AC-CIND-SI-BARREIRINHO-RURAL-CASA NOVA;CONCLUIDA;;R$ 0,00;;;;;;;;;;;;;;;;;;;;;;;;;
REPUTACIONAL OURO;9102066379;1158033;;CAMPO ALEGRE DE LOURDES;;;;;MIGRAR;3;34;;;;;;100%;R$ 745.323,36;;28/04/2025;16/05/2025;DOMINGOS;PAULO JUNIOR;DIEGO;-9,5673699;-42,9716946;;;;;;;DA PLANILHA ;E750259;E750292;Abril 25;R$ 186.330,84;;OK;;MP-CIND-POV.GERGELIM 999-RURAL;NÃO INICIADA;;R$ 71.400,00;;;;;;;;;;;;;;;;;;;;;;;;;
PRIORIDADE PLANO ANEEL;9102181500;1192300;;UAUÁ;01/04;abril-25;;;;1;0;;0;;;;100%;R$ 25.729,88;;;;MAURICIO;EDIE JONNES;;-10,013852;-39,500342;;;;;;;0 POSTE;;;Abril 25;R$ 6.432,47;;OK;;AC-CIND-AV-MARAVILHA 1002-CENTRO-L PIRES;CONCLUIDA;;R$ 0,00;;;;;;;;;;;;;;;;;;;;;;;;;
JUDICIAL;9102154209;1183249;;SENTO SÉ;;MIGRADA;;18/03;;1;35;RETIRAR;;;;PLANO 7;100%;R$ 209.623,78;;;;CARLOS/FERNANDO;SANTIAGO;SANDRO;-10,2825125;-41,3736722;;mar.-25;;;;;DA PLANILHA;E619804;E619838;Abril 25;R$ 52.405,95;;;;RR-CIND-POV-ALMAS-ALMAS;RETIRADA ;;;;;;;;;;;;;;;;;;;;;;;;;;;
RECLAMAÇÃO;9102134612;1163359;;CURAÇÁ;;;;;;0;0;;0;;;PLANO 7;100%;R$ 34.425,82;;18/04/2025;22/04/2025;PEPEU;;CARLOS EDUARDO;-9,1621406;-39,5808077;;;;;;;;;;Abril 25;R$ 8.606,46;;;;AC-CIND-POV- JAQUINICO-RURAL;CONCLUIDA;;;;;;;;;;;;;;;;;;;;;;;;;;;
PRIORIDADE PLANO ANEEL;9102171191;1189586;;CASA NOVA;;;;;;1;0;;;;;;100%;R$ 17.436,33;;30/04/2025;30/04/2025;DANIEL;PAULO JUNIOR;DIEGO;-9,306858;-40,929346;;;;;;;0 POSTE;;;Abril 25;;;;;ER-CIND-POV-FAZ SERRA DA ESPERANCA-RURAL;NÃO INICIADA;;R$ 0,00;;;;;;;;;;;;;;;;;;;;;;;;;
PRIORIDADE PLANO ANEEL;9102153146;1177311;;CASA NOVA;;;;;;1;2;;;;;;100%;R$ 10.749,70;;29/04/2025;29/04/2025;AILTON;PAULO JUNIOR;DIEGO;-8,7938755;-41,090002;;;;;;;DA PLANILHA;E750192;E750193;Abril 25;R$ 2.687,43;;;;ER-CIND-POV-TANQUINHO-RURAL;NÃO INICIADA;;R$ 4.200,00;;;;;;;;;;;;;;;;;;;;;;;;;
PRIORIDADE PLANO ANEEL;9102162790;1190119;;JUAZEIRO;;abril-25;;;;1;0;;0;;;;100%;R$ 32.419,62;;24/04/2025;24/04/2025;PAULO;SANTIAGO;;-9,476314;-40,49265;;;;;;;0 POSTE;;;Abril 25;;;;;UB-CIND-CA-J 357-PARQUE RESIDENCIAL;CONCLUIDA;;R$ 0,00;;;;;;;;;;;;;;;;;;;;;;;;;
GOVERNO OURO;9102132731;1164542;;SENTO SÉ;;;;;EMERSON;1;50;;;;;;100%;R$ 411.392,31;;01/04/2025;30/04/2025;EMERSON;EMERSON;;;;;;;;;;DA PLANILHA ;E749923;E749972;Abril 25;R$ 102.848,08;;EMERSON;;ER-SEIN-RUA-DR TANCREDO NEVES-RURAL;NÃO INICIADA;;R$ 105.000,00;;;;;;;;;;;;;;;;;;;;;;;;;
ESTRATÉGICA;9102122743;1162299;;REMANSO;;;;;;1;1;;;;;;100%;R$ 107.513,65;;15/04/2025;30/04/2025;DOMINGOS;PAULO JUNIOR;DEBORA;-9,534525;-42,281247;;;;;;;DA PLANILHA ;E750508;E750508;Abril 25;R$ 26.878,41;;;;ER-CIND-POV-LAGOA DO GIL-LAGOA DO GIL;NÃO INICIADA;;R$ 2.100,00;;;;;;;;;;;;;;;;;;;;;;;;;
AIC OBJETIVO;9101611073;1053585;;SOBRADINHO;;;;;MIGRAR;1;14;;;;;;100%;R$ 123.165,81;;17/05/2025;21/05/2025;CARLOS ;SANTIAGO;;-9,631588;-40,918664;;;;;;;DA PLANILHA ;E750509;E750522;Abril 25;R$ 30.791,45;;;;MP-CIND-POV-TRAIRAS-RURAL;NÃO INICIADA;;R$ 29.400,00;;;;;;;;;;;;;;;;;;;;;;;;;
AL/MELHORAMENTO;9102125740;1161662;;CAMPO ALEGRE DE LOURDES;;;;;MIGRAR;0;3;;;;;PLANO 8;100%;R$ 803.302,22;;17/05/2025;17/05/2025;DOMINGOS;PAULO JUNIOR;DEBORA;-9,354759;-43,401637;;mar.-25;;;;;DA PLANILHA;E619864;E619866;Abril 25;R$ 200.825,56;;OK;;ME-COEL-RUA-TIRADENTES 1-CENTRO-C ALEGRE;NÃO INICIADA;;R$ 6.300,00;;;;;;;;;;;;;;;;;;;;;;;;;
AIC OBJETIVO;9102047690;1132936;;CURAÇÁ;;;;;MIGRAR;2;16;;;;;;100%;R$ 171.281,73;;28/05/2025;31/05/2025;IVONALDO;SANTIAGO;;-8,832962;-39,6105526;;;;;;;DA PLANILHA;E750242;E750257;Abril 25;R$ 42.820,43;;OK;;MP CIND POV RIACHO SECO RURAL;NÃO INICIADA;;R$ 33.600,00;;;;;;;;;;;;;;;;;;;;;;;;;
PRIORIDADE PLANO ANEEL;9102068123;1141818;;CASA NOVA;;;;ADC - FASE;;0;0;;;;;;100%;R$ 26.704,72;;30/04/2025;30/04/2025;DANIEL / AILTON;PAULO JUNIOR;DIEGO;-9,3063835;-41,1366298;;;;;;;0 POSTE ;;;Abril 25;;;;;ER-CIND-SI-PASCACIO-RURAL;NÃO INICIADA;;R$ 0,00;;;;;;;;;;;;;;;;;;;;;;;;;
AIC OBJETIVO;9102089651;1146682;;PILÃO ARCADO;;;;;;0;4;;;;;PLANO 8;100%;R$ 473.229,74;;16/04/2025;30/04/2025;DOMINGOS;PAULO JUNIOR;DEBORA;-9,9609048;-42,4062434;;fev.-25;FALSE;;FALSE;FALSE;1019014/APROVADA ;E725862;E725865;Abril 25;;;;;NT-RECOND-RMN-09X1-Q076416-Q076429;NÃO INICIADA;;R$ 8.400,00;;;;;;;;;;;;;;;;;;;;;;;;;
GOVERNO;9102157612;1172946;;PILÃO ARCADO;;;;;;0;2;;;;;PLANO 8;100%;R$ 189.769,75;;17/04/2025;30/04/2025;DOMINGOS;PAULO JUNIOR;DIEGO;-9,9975706;-42,4459334;;fev.-26;FALSE;;FALSE;FALSE;1020107/APROVADA;E725932;E725933;Abril 25;;;;;IE-REGULADOR-RMN-09X1-Q076477;NÃO INICIADA;;R$ 4.200,00;;;;;;;;;;;;;;;;;;;;;;;;;
JUDICIAL OURO;9102103285;1157069;;CURAÇÁ;;;;;MIGRAR;1;42;;;;;PLANO 7;100%;R$ 235.113,59;;01/05/2025;10/05/2025;FABIO;SANTIAGO;CARLOS EDUARDO;-9,4421052;-39,7821061;;mar.-25;;;;;DA PLANILHA ;E619712;E619753;Abril 25;R$ 58.778,40;;OK;;ER-CIND-POV-BARRO VERMELHO-RURAL;NÃO INICIADA;;R$ 88.200,00;;;;;;;;;;;;;;;;;;;;;;;;;
NOVOS QUESTIONAMENTOS ANEEL OURO;9102153527;1175314;;JUAZEIRO;;;;;MIGRAR;0;7;;;;;;100%;R$ 61.369,62;;15/05/2025;15/05/2025;PAULO;SANTIAGO;;-9,436534358;-40,475387;;;;;;;DA PLANILHA ;E619973;E619979;Abril 25;R$ 15.342,41;;OK;;IS-CIND-RUA-AGUAS BELAS-MALHADA DA AREIA;NÃO INICIADA;;R$ 14.700,00;;;;;;;;;;;;;;;;;;;;;;;;;
SOLICITAÇÃO ATENDIMENTO;9101977212;1115260;;PILÃO ARCADO;;;;;MIGRAR;1;4;;;;;PLANO 7;100%;R$ 69.502,35;;19/05/2025;20/05/2025;DOMINGOS;PAULO JUNIOR;DIEGO;-10,000539;-42,480473;;;;;;;1016690/APROVADA;E710834;E710841;Abril 25;R$ 17.375,59;;OK;;AC-CIND-RUA-PADRE JOAO FRE-CENTRO;NÃO INICIADA;;R$ 8.400,00;;;;;;;;;;;;;;;;;;;;;;;;;
GOVERNO;9102074965;1145056;;UAUÁ;;;;;RUBEM;11;149;;;;;;25%;R$ 932.642,15;;21/04/2025;31/05/2025;RUBENS;RUBENS;;-10,13720546;-39,45350936;;;;;;;DA PLANILHA ;E749675;E749823;Abril 25;;;OK;;RR-SEIN-POV-CALDEIRAOZINHO-RURAL;NÃO INICIADA;;;;;;;;;;;;;;;;;;;;;;;;;;;
GOVERNO OURO;9102125670;1159894;;JUAZEIRO;;;;;MIGRAR;0;66;;;;;;30%;R$ 1.402.835,24;;22/04/2025;28/06/2025;GISMARIO;EDIE JONNES;;-9,4549199;-40,5358319;;;;;;;DA PLANILHA ;E750526;E750585;Abril 25;R$ 350.708,81;;;;UB-CIND-RUA-JUAZEIRO-2;NÃO INICIADA;;R$ 138.600,00;;;;;;;;;;;;;;;;;;;;;;;;;
JUDICIAL OURO;9100096585;515938;;REMANSO;;;;;JORGE;21;459;;;;;;40%;R$ 3.562.538,12;;01/04/2025;;JORGE;JORGE;DEBORA;;;;;;;;;DA PLANILHA ;E618988;E619487;Abril 25;;;JORGE;;MP-CCOL-FAZ SERRA BRANCA E ARRED.-RURAL;NÃO INICIADA;;;;;;;;;;;;;;;;;;;;;;;;;;;
EQUIPAMENTO;;1157088;;PAULO AFONSO;;;;;;0;0;;0;;;;100%;;;;;;;;;;;;;;;;;;;Abril 25;;;;;FVU-REGULADOR-MAC-09Z1-D693866;CONCLUIDA;;;;;;;;;;;;;;;;;;;;;;;;;;;
AIC AUDITORIA;9101900625;1078423;;CASA NOVA;;;;;;2;28;;;;;PLANO 14;100%;R$ 235.817,85;;;;;;;;;;;;;;;DA PLANILHA;E774100;E774127;Maio 25;;;;;LD CIND PO SAO MIGUEL RURAL;RETIRADA ;;R$ 0,00;;;;;;;;;;;;;;;;;;;;;;;;;
RECLAMAÇÃO REITERADA;9101226053;886046;;CASA NOVA;;;;;;30;49;;;;;PLANO 7;100%;R$ 218.338,64;;;;;;;;;;;;;;;DA PLANILHA;E774202;E774250;Maio 25;;;;;AC-REG-FV- SITIO MELANCIA;RETIRADA ;;R$ 0,00;;;;;;;;;;;;;;;;;;;;;;;;;
QLP;9102080873;1145201;;CASA NOVA;;ENTREGA;;;;1;7;7;7;;;PLANO 7;100%;R$ 28.459,74;;12/05/2025;17/05/2025;DANIEL;PAULO JUNIOR;;;;;;;;;;DA PLANILHA;E774314;E774320;Maio 25;;;OK;;ER-CIND-POV-RURAL-CASA NOVA;CONCLUIDA;;R$ 11.900,00;;;;;;;;;;;;;;;;;;;;;;;;;
PRIORIDADE PLANO ANEEL OURO;9102084906;1145786;;CASA NOVA;;;;;;16;29;;0;;;PLANO 7;100%;R$ 184.243,28;;19/05/2025;29/05/2025;AILTON;PAULO JUNIOR;;;;;;;;;;DA PLANILHA;E774717;E774745;Maio 25;;;;;AC CIND POV XIQUE XIQUE RURAL;PARALIZADA;;R$ 0,00;;;;;;;;;;;;;;;;;;;;;;;;;
SOLICITAÇÃO ATENDIMENTO OURO;9102222856;1198422;;CASA NOVA;;;;;;0;0;0;0;;;PLANO 7;100%;R$ 4.802,63;;08/05/2025;10/05/2025;LINHA VIVA;PAULO JUNIOR;;;;;;;;;;0 POSTE;;;Maio 25;;;OK;;IT-CIND-FAZ-PROJ NILO COELHO-CASA NOVA;CONCLUIDA;;R$ 0,00;;;;;;;;;;;;;;;;;;;;;;;;;
TRANSGRESSÃO OURO;9102025249;1127131;;JUAZEIRO;;;;;;0;0;0;0;;;PLANO 7;100%;R$ 2.943,99;;07/05/2025;15/05/2025;LINHA VIVA;EDIE JONNES;;;;;;;;;;0 POSTE ;;;Maio 25;;;OK;;AC-GRUA-CJN-PARATY ATACADO-MMGD;CONCLUIDA;;R$ 0,00;;;;;;;;;;;;;;;;;;;;;;;;;
EQUIPAMENTO;9102136917;1170253;;CASA NOVA;;ENTREGA;;;;0;1;;0;;;PLANO 8;100%;R$ 93.430,26;;16/05/2025;31/05/2025;DANIEL;PAULO JUNIOR;;;;;;;;;;DA PLANILHA;E777196;E777196;Maio 25;;;OK;;IE-RELIGADOR-CSN-01C6-J54312;NÃO INICIADA;;R$ 0,00;;;;;;;;;;;;;;;;;;;;;;;;;
EQUIPAMENTO;9102136919;1170266;;CASA NOVA;;;;;;0;1;;0;;;PLANO 8;100%;R$ 98.146,95;;;;;PAULO JUNIOR;;;;;;;;;;DA PLANILHA;E777197;E777197;Maio 25;;;;;IE-RELIGADOR-CSN-01C3-G58377;RETIRADA ;;R$ 0,00;;;;;;;;;;;;;;;;;;;;;;;;;
REPUTACIONAL;9102164727;1188323;;JUAZEIRO;;;;;;0;0;0;0;;;PLANO 7;100%;R$ 6.354,88;;08/05/2025;08/05/2025;GISMARIO;EDIE JONNES;;;;;;;;;;0 POSTE;;;Maio 25;;;OK;;UCIND-AV-GUISEPP MUCCINI-ARGEMIRO;CONCLUIDA;;R$ 0,00;;;;;;;;;;;;;;;;;;;;;;;;;
QLP;9102225129;1195911;;CASA NOVA;;;;;;2;0;0;0;;;PLANO 7;100%;R$ 4.638,24;;15/05/2025;17/05/2025;DANIEL;PAULO JUNIOR;;;;;;;;;;0 POSTE;;;Maio 25;;;OK;;UCIND-RUA-DAS MARGARIDAS 20-V MALVAO;CONCLUIDA;;R$ 0,00;;;;;;;;;;;;;;;;;;;;;;;;;
REPUTACIONAL;9101949445;1101591;;CASA NOVA;;AVANÇO;;;;0;176;;88;;;PLANO 7;50%;R$ 3.149.119,15;;16/05/2025;30/06/2025;FERNANDO;PAULO JUNIOR;;;;;;;;;;DA PLANILHA;E777332;E777507;Maio 25;;;;;IT-GRUA-FAZ-PROJETO NILO COELH-RURAL-MOD;NÃO INICIADA;;R$ 149.600,00;;;;;;;;;;;;;;;;;;;;;;;;;
REPUTACIONAL OURO;9102211535;1195385;;JUAZEIRO;;PES 52486 OC 48953 - 15/05;;;;1;0;0;0;;;PLANO 7;100%;R$ 37.912,16;;13/05/2025;15/05/2025;GISMARIO;EDIE JONNES;;;;;;;;;;0 POSTE;;;Maio 25;;;OK;;UCIND-RUA-COMISSAO DO VALE-PIRANGA;CONCLUIDA;;R$ 0,00;;;;;;;;;;;;;;;;;;;;;;;;;
RECLAMAÇÃO;9102093355;1156209;;CURAÇÁ;;MIGRAR;;;;2;37;;37;;;PLANO 7;100%;R$ 374.111,28;;19/05/2025;31/05/2025;IVONALDO;EDIE JONNES;;;;;;;;;;DA PLANILHA;E773943;E773979;Maio 25;;;;;AC REG FV CIND FAZ CAPUCHU 16 RURAL;NÃO INICIADA;;R$ 62.900,00;;;;;;;;;;;;;;;;;;;;;;;;;
QLP;9102038108;1131343;;CURAÇÁ;;;;;;3;21;;21;;;PLANO 7;100%;R$ 255.583,37;;;;;EDIE JONNES;;;;;;;;;;da PLANILHA;E774251;E774271;Maio 25;;;;;LD CIND POV SACO DA CANOA RURAL;PARALIZADA;;R$ 35.700,00;;;;;;;;;;;;;;;;;;;;;;;;;
QLP;9102124885;1165884;;CURAÇÁ;;;;;;2;18;;18;;;PLANO 7;100%;R$ 184.818,91;;;;;EDIE JONNES;;;;;;;;;;DA PLANILHA;E774272;E774289;Maio 25;;;;;ER-CIND-FAZ-IPUEIRA-BARRO VERMELHO;RETIRADA ;;R$ 30.600,00;;;;;;;;;;;;;;;;;;;;;;;;;
QLP;9102039849;1139392;;CURAÇÁ;;MIGRAR;;;;2;25;;25;;;PLANO 7;100%;R$ 397.670,97;;09/05/2025;17/05/2025;IVONALDO;EDIE JONNES;;;;;;;;;;DA PLANILHA;E774321;E774345;Maio 25;;;OK;;MP CIND FAZ SURUBIM RURAL;NÃO INICIADA;;R$ 42.500,00;;;;;;;;;;;;;;;;;;;;;;;;;
AIC AUDITORIA;9101650436;1059076;;CURAÇÁ;;;;;;2;6;6;6;;;PLANO 14;100%;R$ 56.017,09;;05/05/2025;09/05/2025;IVONALDO;EDIE JONNES;;;;;;;;;;DA PLANILHA;E774707;E774712;Maio 25;;;OK;;MP-CCOL-POV-SERROTIM-RURAL;CONCLUIDA;;R$ 10.200,00;;;;;;;;;;;;;;;;;;;;;;;;;
AIC OBJETIVO;9102124690;1163090;;CURAÇÁ;;;;;;1;11;;11;;;PLANO 14;100%;R$ 92.642,17;;;;;EDIE JONNES;;;;;;;;;;DA PLANILHA;E774757;E774767;Maio 25;;;;;RR CIND SI RECANTO DA PAZ RUARL;RETIRADA ;;R$ 18.700,00;;;;;;;;;;;;;;;;;;;;;;;;;
RECLAMAÇÃO;9102112129;1159828;;CURAÇÁ;;;;;;1;3;;3;;;PLANO 7;100%;R$ 28.600,08;;;;;EDIE JONNES;;;;;;;;;;DA PLANILHA;E774798;E774800;Maio 25;;;;;ER-CIND-FAZ-ANGICO-ARVORE;RETIRADA ;;R$ 5.100,00;;;;;;;;;;;;;;;;;;;;;;;;;
AL/MELHORAMENTO;9102006139;1157379;;JUAZEIRO;;;;;MIGRAR;0;0;0;0;;;PLANO 1;100%;R$ 1.374.462,12;;01/05/2025;15/05/2025;IVONALDO;SANTIAGO;;;;;;;;;;0 POSTE;;;Maio 25;;;OK;;RS-COEL-SAIDA AL NOVA TOURAO;CONCLUIDA;;R$ 0,00;;;;;;;;;;;;;;;;;;;;;;;;;
QLP;9102088735;1144724;;CURAÇÁ;;;;;;3;27;;27;;;;100%;R$ 283.097,12;;;;;EDIE JONNES;;;;;;;;;;DA PLANILHA;E777267;E777293;Maio 25;;;;;AC CIND POV SÃO MATEUS (REGUL-FV) RURAL;RETIRADA ;;R$ 45.900,00;;;;;;;;;;;;;;;;;;;;;;;;;
GOVERNO OURO;9102125670;1159894;;JUAZEIRO;;AVANÇO;;;;0;66;;33;;;PLANO 7;50%;R$ 1.460.659,08;;12/05/2025;31/07/2025;PAULO;EDIE JONNES;;;;;;;;;;DA PLANILHA ;E750526;E750585;Maio 25;;;;;UCIND-RUA-JUAZEIRO-2;NÃO INICIADA; ;R$ 56.100,00;;;;;;;;;;;;;;;;;;;;;;;;;
JUDICIAL OURO;9101915314;1096776;;CURAÇÁ;;;;;;1;1;1;1;;;PLANO 7;100%;R$ 25.611,80;;13/05/2025;14/05/2025;FABIO;EDIE JONNES;;;;;;;;;;DA PLANILHA;E773701;E773701;Maio 25;;;OK;;LD-CIND-FAZ.CURRALINHO-RURAL;CONCLUIDA;;R$ 1.700,00;;;;;;;;;;;;;;;;;;;;;;;;;
AIC AUDITORIA;9101770901;1057733;;JUAZEIRO;;MIGRAR;;;;1;10;;10;;;PLANO 14;100%;R$ 202.269,44;;26/05/2025;31/05/2025;PEDRO BATISTA;ANDERSON;;;;;;;;;;DA PLANILHA;E774304;E774313;Maio 25;;;OK;;MP-CIND-POV-CRUZ II-RIO RURAL;NÃO INICIADA;;R$ 17.000,00;;;;;;;;;;;;;;;;;;;;;;;;;
QLP;9102159864;1180504;;JUAZEIRO;;;;;;4;1;1;1;;;PLANO 7;100%;R$ 6.287,31;;06/05/2025;09/05/2025;GISMARIO;EDIE JONNES;;;;;;;;;;DA PLANILHA;E777232;E777232;Maio 25;;;OK;;ER-CIND-RUA-SANTA INES-MATA BURRO;CONCLUIDA;;R$ 1.700,00;;;;;;;;;;;;;;;;;;;;;;;;;
QLP;9102045961;1135898;;JUAZEIRO;;MIGRAR;;;;1;3;;3;;;PLANO 7;100%;R$ 13.874,74;;23/05/2025;28/05/2025;GISMARIO;EDIE JONNES;;;;;;;;;;DA PLANILHA;E774746;E774748;Maio 25;;;OK;;ER-CIND-POV-CARNAIBA DO SERTAO-RURAL;NÃO INICIADA;;R$ 5.100,00;;;;;;;;;;;;;;;;;;;;;;;;;
GOVERNO;9101907964;1087721;;JUAZEIRO;;ENTREGA;;;;1;5;5;5;;;PLANO 7;100%;R$ 48.487,68;;31/05/2025;31/05/2025;GISMARIO;EDIE JONNES;;;;;;;;;;DA PLANILHA;E774749;E774753;Maio 25;;;OK;;RU-CIND-LOT-ANTONIO GUILHERMINO;CONCLUIDA;;R$ 8.500,00;;;;;;;;;;;;;;;;;;;;;;;;;
QLP;9102157259;1181926;;JUAZEIRO;;;;;;2;1;1;1;;;PLANO 7;100%;R$ 6.132,08;;19/05/2025;23/05/2025;GISMARIO;EDIE JONNES;;;;;;;;;;DA PLANILHA;E777233;E777233;Maio 25;;;OK;;UCIND-RUA-ALTO LINDO-CENTRO;CONCLUIDA;;R$ 1.700,00;;;;;;;;;;;;;;;;;;;;;;;;;
EQUIPAMENTO;9102103396;1136743;;JUAZEIRO;;MIGRAR;;;;0;2;;2;;;PLANO 7;100%;R$ 423.821,91;;23/05/2025;31/05/2025;FABIO;EDIE JONNES;;;;;;;;;;DA PLANILHA;E774768;E774769;Maio 25;;;;;EQ-CIND-POV-CURAÇA PEQUENO-RURAL;NÃO INICIADA;;R$ 3.400,00;;;;;;;;;;;;;;;;;;;;;;;;;
QLP;9102125755;1162925;;JUAZEIRO;;;;;;2;2;;2;;;PLANO 7;100%;R$ 26.412,06;;;;;;;;;;;;;;;;;;Maio 25;;;;;ER-CIND-POV-PINHOES-RURAL;CANCELADA;;R$ 3.400,00;;;;;;;;;;;;;;;;;;;;;;;;;
QLP;9102139875;1173044;;JUAZEIRO;;;;;;1;10;;10;;;PLANO 7;100%;R$ 48.513,48;;14/05/2025;23/05/2025;PEDRO BATISTA;ANDERSON;;;;;;;;;;DA PLANILHA;E774770;E774779;Maio 25;;;;;ER-CIND-POV-CAMPOS-CAMPOS;CANCELADA;;R$ 17.000,00;;;;;;;;;;;;;;;;;;;;;;;;;
GOVERNO OURO;9102132731;1164542;;SENTO SÉ;;ENTREGA;;;EMERSON;1;50;50;50;;;;100%;R$ 411.392,31;;01/05/2025;24/05/2025;EMERSON;EMERSON;;;;;;;;;;DA PLANILHA ;E749923;E749972;Maio 25;;;EMERSON;;ER-SEIN-RUA-DR TANCREDO NEVES-RURAL;CONCLUIDA;;R$ 85.000,00;;;;;;;;;;;;;;;;;;;;;;;;;
TRANSGRESSÃO OURO;9102040560;1130105;;JUAZEIRO;;;;;;0;0;0;0;;;PLANO 7;100%;R$ 52.218,19;;05/05/2025;15/05/2025;LINHA VIVA;EDIE JONNES;;;;;;;;;;0 POSTE;;;Maio 25;;;OK;;IT-GRUA-ET-DISTRITO DE IRRIG-RURAL;CONCLUIDA;;R$ 0,00;;;;;;;;;;;;;;;;;;;;;;;;;
QLP;9102098277;1159829;;JUAZEIRO;;MIGRAR;;;;2;0;0;0;;;PLANO 7;100%;R$ 29.249,57;;23/05/2025;26/05/2025;GISMARIO;EDIE JONNES;;;;;;;;;;0 POSTE;;;Maio 25;;;OK;;ER-CIND-FAZ-PE DE MORRO-RURAL;CONCLUIDA;;R$ 0,00;;;;;;;;;;;;;;;;;;;;;;;;;
AL/MELHORAMENTO;9102128052;1160624;;JUAZEIRO;;MIGRAR;;;;1;13;;13;;;PLANO 8;100%;R$ 127.773,10;;20/05/2025;23/05/2025;GISMARIO;EDIE JONNES;;;;;;;;;;DA PLANILHA;E774801;E774813;Maio 25;;;OK;;ME-COEL-AG AGUAS BELAS-99999;NÃO INICIADA;;R$ 22.100,00;;;;;;;;;;;;;;;;;;;;;;;;;
EQUIPAMENTO;9102136894;1169864;;JUAZEIRO;pes 62038 - oc 89671 - 30/05;ENTREGA;;;;0;0;0;0;;;PLANO 8;100%;R$ 86.767,58;;28/05/2025;31/05/2025;GISMARIO;EDIE JONNES;;;;;;;;;;0 POSTE;;;Maio 25;;;OK;;IE-RELIGADOR-MAN-01W2-J02927;CONCLUIDA;;R$ 0,00;;;;;;;;;;;;;;;;;;;;;;;;;
QLP;9102139750;1170306;;SOBRADINHO;;;;;;1;1;1;1;;;PLANO 7;100%;R$ 8.321,36;;08/05/2025;09/05/2025;JUAREZ;SANTIAGO;;;;;;;;;;DA PLANILHA;E777198;E777198;Maio 25;;;OK;;UCIND-RUA-ILHA SOLTEIRA-VILA S FRANC;CONCLUIDA;;R$ 1.700,00;;;;;;;;;;;;;;;;;;;;;;;;;
QLP;9102130358;1165820;;CASA NOVA;;;;;MIGRAR;1;1;1;1;;;;100%;R$ 18.841,24;;09/05/2025;10/05/2025;DANIEL/ AILTON;PAULO JUNIOR;;;;;;;;;;DA PLANILHA;E750235;E750235;Maio 25;;;OK;;ER-CIND-POV-TIGRE 595-RURAL;CONCLUIDA;;R$ 1.700,00;;;;;;;;;;;;;;;;;;;;;;;;;
QLP;9102135898;1168500;;JUAZEIRO;;;;;MIGRAR;1;1;1;1;;;;100%;R$ 27.211,65;;13/05/2025;16/05/2025;DOMINGOS;SANTIAGO;;;;;;;;;;DA PLANILHA;E750233;E750233;Maio 25;;;OK;;AC-CIND-CA-ELLIS MARIA-RURAL DE CIMA;CONCLUIDA;;R$ 1.700,00;;;;;;;;;;;;;;;;;;;;;;;;;
INTERV SEGURANÇA;9102244605;1197173;;JUAZEIRO;;AVANÇO;;;;0;8;;4,8;;;PLANO 8;60%;R$ 106.579,70;;23/05/2025;26/05/2025;PEDRO BATISTA;ANDERSON;;;;;;;;;;DA PLANILHA;E777259;E777266;Maio 25;;;;;IS-COEL-AV-MARIA DA G DE JESUS-J VITOR;NÃO INICIADA;;R$ 8.160,00;;;;;;;;;;;;;;;;;;;;;;;;;
QLP;9102069749;1201323;;JUAZEIRO;;;;;;2;23;23;23;;;;100%;R$ 233.043,39;;07/05/2025;17/05/2025;GISMARIO;EDIE JONNES;;;;;;;;;;DA PLANILHA;E777309;E777331;Maio 25;;;OK;;RR-CIND-POV-TOME-RURAL;CONCLUIDA;;R$ 39.100,00;;;;;;;;;;;;;;;;;;;;;;;;;
RECLAMAÇÃO REITERADA OURO;9102025347;1126041;;JUAZEIRO;;MIGRAR;;;;0;95;;95;;;PLANO 7;100%;R$ 1.638.439,13;;14/05/2025;31/05/2025;FABIO;SANTIAGO;;;;;;;;;;DA PLANILHA;E619540;E619634;Maio 25;;;OK;;IT CIND FAZ CURAÇA PEQUENO RURAL;NÃO INICIADA;;R$ 161.500,00;;;;;;;;;;;;;;;;;;;;;;;;;
GOVERNO OURO;9102208522;1193204;;CURAÇÁ;;;;;;1;2;2;2;;;PLANO 7;100%;R$ 9.710,21;;12/05/2025;14/05/2025;GISMARIO;EDIE JONNES;;;;;;;;;;DA PLANILHA;E777246;E777247;Maio 25;;;OK;;ER-CCOL-FAZ-ALEGRIA-DUNAS;CONCLUIDA;;R$ 3.400,00;;;;;;;;;;;;;;;;;;;;;;;;;
JUDICIAL OURO;9101038464;806660;;PILÃO ARCADO;;AVANÇO;;;;19;208;;104;;;PLANO 7;50%;R$ 915.701,36;;12/05/2025;30/06/2025;EMERSON;EMERSON;;;;;;;;;;DA PLANILHA ;E773493;E773700;Maio 25;;;EMERSON;;MP-CCOL-POV. CHAMUSCADO-RURAL;NÃO INICIADA;;R$ 176.800,00;;;;;;;;;;;;;;;;;;;;;;;;;
QLP;9101490078;957018;;PILÃO ARCADO;;;;;;10;60;;60;;;PLANO 14;100%;R$ 222.341,06;;;;;;;;;;;;;;;DA PLANILHA;E773734;E773793;Maio 25;;;;;RR-CIND-POV-BARREIRO DO VICENTE9999-FORT;RETIRADA ;;R$ 102.000,00;;;;;;;;;;;;;;;;;;;;;;;;;
JUDICIAL OURO;9101975110;1125376;;PILÃO ARCADO;;DANIELA SOLICITOU VIA E-MAIL;;;;19;98;;49;;;PLANO 14;50%;R$ 1.189.571,59;;27/05/2025;30/06/2025;DOMINGOS ;PAULO JUNIOR;;;;;;;;;;DA PLANILHA;E773831;E773928;Maio 25;;;;;MP CIND FAZ NOVA RURAL PIA;CANCELADA;;R$ 83.300,00;;;;;;;;;;;;;;;;;;;;;;;;;
GOVERNO;9100061120;556240;;REMANSO;;ENTREGA;;;;15;73;;73;;;PLANO 14;100%;R$ 416.825,23;;12/05/2025;28/05/2025;DOMINGOS ;PAULO JUNIOR;;;;;;;;;;DA PLANILHA;E774000;E774072;Maio 25;;;OK;;RR-CCOL-POV.SÃO FRANCISCO-RURAL;NÃO INICIADA;;R$ 124.100,00;;;;;;;;;;;;;;;;;;;;;;;;;
QLP;9101708533;1058096;;REMANSO;;AVANÇO;;;;6;74;;37;;;PLANO 14;50%;R$ 555.795,74;;20/05/2025;30/06/2025;RUBEM;RUBEM;;;;;;;;;;DA PLANILHA;E774128;E774201;Maio 25;;;RUBEM;;MP-CCOL-POV-PONTA DA SERRA-RURAL;NÃO INICIADA;;R$ 62.900,00;;;;;;;;;;;;;;;;;;;;;;;;;
QLP;9101867742;1058100;;REMANSO;;AVANÇO;;;;59;380;;76;;;PLANO 7;20%;R$ 4.001.588,32;;20/05/2025;31/08/2025;RUBEM;RUBEM;;;;;;;;;;DA PLANILHA;E774354;E774683;Maio 25;;;RUBEM;;AC-CIND-POV-PONTA DA SERRA-RURAL;NÃO INICIADA;;R$ 129.200,00;;;;;;;;;;;;;;;;;;;;;;;;;
AL/MELHORAMENTO;9102128377;1165136;;REMANSO;;;;;;0;2;;2;;;PLANO 8;100%;R$ 53.366,82;;;;;PAULO JUNIOR;;;;;;;;;;DA PLANILHA;E774818;E774819;Maio 25;;;;;ME-COEL-ROD-235 KM 01-CENTRO;RETIRADA ;;R$ 3.400,00;;;;;;;;;;;;;;;;;;;;;;;;;
GOVERNO OURO;9102158859;1182615;;REMANSO;;ENTREGA;;;;1;1;1;1;;;PLANO 7;100%;R$ 42.657,68;;13/05/2025;23/05/2025;DOMINGOS ;PAULO JUNIOR;;;;;;;;;;DA PLANILHA;E777234;E777234;Maio 25;;;OK;;UCIND-ROD-235 KM-CENTRO;CONCLUIDA;;R$ 1.700,00;;;;;;;;;;;;;;;;;;;;;;;;;
PRIORIDADE PLANO ANEEL;9102166569;1183798;;REMANSO;;ENTREGA;;;;3;18;;18;;;PLANO 7;100%;R$ 148.133,83;;31/05/2025;31/05/2025;AILTON;PAULO JUNIOR;;;;;;;;;;DA PLANILHA;E778042;E778059;Maio 25;;;OK;;ER-CIND-POV-LAGOA DE S BENTO-RURAL;NÃO INICIADA;;R$ 30.600,00;;;;;;;;;;;;;;;;;;;;;;;;;
QLP;9102155987;1183422;;REMANSO;;;;;;4;15;;15;;;PLANO 7;100%;R$ 155.145,69;;;;;PAULO JUNIOR;;;;;;;;;;DA PLANILHA;E777294;E777308;Maio 25;;;;;ER-CIND-POV-NEGROS-NEGROS;RETIRADA ;;R$ 25.500,00;;;;;;;;;;;;;;;;;;;;;;;;;
JUDICIAL OURO;9100096585;515938;;REMANSO;;AVANÇO;;;JORGE;21;1390;;834;;;PLANO 14;60%;R$ 3.562.538,12;;01/05/2025;30/06/2025;JORGE;JORGE;;;;;;;;;;DA PLANILHA ;E618988;E619487;Maio 25;;;JORGE;;MP-CCOL-FAZ SERRA BRANCA E ARRED.-RURAL;NÃO INICIADA;;R$ 1.417.800,00;;;;;;;;;;;;;;;;;;;;;;;;;
GOVERNO OURO;9102100239;1175810;;SENTO SÉ;;;;LV;;3;30;;30;;;PLANO 7;100%;R$ 242.277,60;;05/05/2025;17/05/2025;CARLOS;SANTIAGO;;;;;;;;;;DA PLANILHA;E777202;E777231;Maio 25;;;OK;;ER-CIND-RUA-DO ASFALTO-PIRI;CANCELADA;;R$ 51.000,00;;;;;;;;;;;;;;;;;;;;;;;;;
QLP;9102160548;1181568;;SENTO SÉ;;ENTREGA;;DESLIGAMENTO;;3;19;;19;;;PLANO 7;100%;R$ 137.245,97;;27/05/2025;31/05/2025;CARLOS;SANTIAGO;;;;;;;;;;DA PLANILHA;E777508;E777526;Maio 25;;;OK;;ER-CIND-POV-ILHA ANDORINHA-I ANDORINHA;NÃO INICIADA;;R$ 32.300,00;;;;;;;;;;;;;;;;;;;;;;;;;
EQUIPAMENTO;9102170254;1191690;;JUAZEIRO;;;;;MIGRAR;0;2;2;2;;;;100%;R$ 444.810,94;;01/05/2025;31/05/2025;IVONALDO;SANTIAGO;;;;;;;;;;1016645/APROVADA ;E710264 ;E710333;Maio 25;;;OK;;ME-COEL-ET-AGUAS BELAS-MALHADA DA AREIA;CONCLUIDA;;R$ 3.400,00;;;;;;;;;;;;;;;;;;;;;;;;;
LPT;9101924775;1093845;;SENTO SÉ;pes 61164 - oc 93058 - 31/05;;;LV;MIGRAR;1;12;13;12;;;PLANO 14;100%;R$ 167.046,83;;22/05/2025;28/05/2025;CARLOS;SANTIAGO;;SANDRO;;;;;;;;;;;Maio 25;;;OK;;LD-CIND-POV LIMOEIRO-RURAL;CONCLUIDA;;R$ 20.400,00;;;;;;;;;;;;;;;;;;;;;;;;;
JUDICIAL OURO;9101862682;1064697;;JUAZEIRO;;;;;;1;3;3;3;;;PLANO 7;100%;R$ 8.547,93;;05/05/2025;10/05/2025;GISMARIO;EDIE JONNES;;;;;;;;;;DA PLANILHA;E774754;E774756;Maio 25;;;OK;;ER-CIND-POV-PINHOES-RURAL;CONCLUIDA;;R$ 5.100,00;;;;;;;;;;;;;;;;;;;;;;;;;
QLP;9102126429;1165609;;SENTO SÉ;;;;;;1;11;11;11;;;PLANO 7;100%;R$ 58.958,21;;01/05/2025;15/05/2025;EMERSON;EMERSON;;;;;;;;;;DA PLANILHA;E774089;E774099;Maio 25;;;EMERSON;;LD-CIND-POV-DESENGANO-RURAL;CONCLUIDA;;R$ 18.700,00;;;;;;;;;;;;;;;;;;;;;;;;;
QLP;9102045025;1130721;;SENTO SÉ;pes 59305 - oc 84720 - 28/05;ENTREGA;;LV;;1;8;8;8;;;PLANO 7;100%;R$ 49.393,73;;19/05/2025;23/05/2025;CARLOS;SANTIAGO;;;;;;;;;;DA PLANILHA;E774346;E774353;Maio 25;;;OK;;ER-CIND-RUA-SANTO ANTONIO-QUIXABA;CONCLUIDA;;R$ 13.600,00;;;;;;;;;;;;;;;;;;;;;;;;;
AL/MELHORAMENTO;9102051310;1142287;;SOBRADINHO;;AVANÇO;;DESLIGAMENTO;;0;32;;16;;;PLANO 8;50%;R$ 302.798,40;;29/05/2025;31/05/2025;JUAREZ;SANTIAGO;;;;;;;;;;DA PLANILHA;E773702;E773733;Maio 25;;;;;ME-INTERL-SBO-01S1-SBO-01S4;NÃO INICIADA;;R$ 27.200,00;;;;;;;;;;;;;;;;;;;;;;;;;
RECLAMAÇÃO;9101817187;1054973;;SOBRADINHO;pes 62273 - oc 91192 - 30/05;ENTREGA;;DESLIGAMENTO + LV;;2;20;20;20;;;PLANO 14;100%;R$ 194.952,92;;14/05/2025;17/05/2025;FERNANDO;SANTIAGO;;;;;;;;;;DA PLANILHA;E773980;E773999;Maio 25;;;OK;;MP-CIND-POV SANTA BARBARA-RURAL;CONCLUIDA;;R$ 34.000,00;;;;;;;;;;;;;;;;;;;;;;;;;
RECLAMAÇÃO;9101769479;1045158;;SOBRADINHO;;MIGRAR;;LV;;3;15;;15;;;PLANO 14;100%;R$ 135.319,31;;22/05/2025;30/05/2025;JUAREZ;SANTIAGO;;;;;;;;;;DA PLANILHA;E774073;E774087;Maio 25;;;OK;;MP-CCOL-POV-CANAA CALDEIRAOZINHO RURAL;NÃO INICIADA;;R$ 25.500,00;;;;;;;;;;;;;;;;;;;;;;;;;
AL/MELHORAMENTO;9101915089;1088191;;JUAZEIRO;;;;;MIGRAR;0;3;3;3;;;PLANO 1;100%;R$ 224.034,66;;01/05/2025;15/05/2025;IVONALDO;SANTIAGO;;;;;;;;;;DA PLANILHA ;E620080;E620082;Maio 25;;;OK;;AL - 01V8 - NOVA TOUR O - CONSTRU  O;CONCLUIDA;;R$ 5.100,00;;;;;;;;;;;;;;;;;;;;;;;;;
QLP;9102131339;1164340;;SOBRADINHO;;MIGRAR;;;;2;4;;4;;;PLANO 7;100%;R$ 24.026,53;;12/05/2025;15/05/2025;FERNANDO;SANTIAGO;;;;;;;;;;DA PLANILHA;E774814;E774817;Maio 25;;;OK;;ER-CIND-POV-TATAUI-RURAL;NÃO INICIADA;;R$ 6.800,00;;;;;;;;;;;;;;;;;;;;;;;;;
QLP;9102142635;1168621;;CASA NOVA;;;;;MIGRAR;1;3;3;3;;;;100%;R$ 32.526,25;;08/05/2025;10/05/2025;DANIEL/ AILTON;PAULO JUNIOR;;;;;;;;;;DA PLANILHA;E750238;E750240;Maio 25;;;OK;;ER-CIND-POV-SAO ROMAO-RURAL;CONCLUIDA;;R$ 5.100,00;;;;;;;;;;;;;;;;;;;;;;;;;
RECLAMAÇÃO;9102160395;1189508;;SOBRADINHO;;MIGRAR;;;;3;2;;2;;;PLANO 7;100%;R$ 12.961,61;;09/05/2025;12/05/2025;JUAREZ;SANTIAGO;;;;;;;;;;DA PLANILHA;E777235;E777236;Maio 25;;;OK;;UCIND-RUA-11-VILA SAO JOAQUIM;NÃO INICIADA;;R$ 3.400,00;;;;;;;;;;;;;;;;;;;;;;;;;
QLP;9102195507;1191865;;SOBRADINHO;;MIGRAR;;;;2;9;;9;;;PLANO 7;100%;R$ 66.652,13;;05/05/2025;09/05/2025;JUAREZ;SANTIAGO;;;;;;;;;;DA PLANILHA;E777237;E777245;Maio 25;;;OK;;ER-CIND-POV-TATAUI-RURAL;NÃO INICIADA;;R$ 15.300,00;;;;;;;;;;;;;;;;;;;;;;;;;
AIC AUDITORIA;9102075175;1148449;;UAUÁ;;ENTREGA;;;;1;37;38;37;;;PLANO 7;100%;R$ 338.301,36;;14/05/2025;31/05/2025;MAURICIO;EDIE JONNES;;;;;;;;;;DA PLANILHA;E773794;E773830;Maio 25;;;OK;;MP-CIND-FAZ.DOS LOIOLAS SITIO-RURAL;CONCLUIDA;;R$ 62.900,00;;;;;;;;;;;;;;;;;;;;;;;;;
AIC AUDITORIA;9102047858;1141961;;UAUÁ;;;;;;1;14;;14;;;PLANO 14;100%;R$ 157.585,03;;;;;EDIE JONNES;;;;;;;;;;DA PLANILHA;E773929;E773942;Maio 25;;;;;MP-CIND-FAZ RIACHO DO SALGADO-RURAL;RETIRADA ;;R$ 23.800,00;;;;;;;;;;;;;;;;;;;;;;;;;
GOVERNO;9100344121;559977;;UAUÁ;;;;;;0;0;;0;;;PLANO 14;100%;R$ 19.506,45;;;;;EDIE JONNES;;;;;;;;;;0 POSTE;;;Maio 25;;;;;ME-DIST-SIT DO ZACARIAS-RURAL;RETIRADA ;;R$ 0,00;;;;;;;;;;;;;;;;;;;;;;;;;
AL/MELHORAMENTO;9102125740;1161662;;CAMPO ALEGRE DE LOURDES;;;;;MIGRAR;0;3;7;7;;;PLANO 8;100%;R$ 803.302,22;;01/05/2025;31/05/2025;DOMINGOS;PAULO JUNIOR;;;;;;;;;;DA PLANILHA;E741496;E741502;Maio 25;;;OK;;ME-COEL-RUA-TIRADENTES 1-CENTRO-C ALEGRE;CONCLUIDA;;R$ 11.900,00;;;;;;;;;;;;;;;;;;;;;;;;;
NOVOS QUESTIONAMENTOS ANEEL OURO;9102171131;1189757;;JUAZEIRO;;;;;;0;4;4;4;;;PLANO 8;100%;R$ 147.367,64;;01/05/2025;31/05/2025;MANUTENÇÃO;ANDERSON;;;;;;;;;;;;;Maio 25;;;OK;;ME-COEL-RUA-AGUAS BELAS-MALHADA DA AREIA;CONCLUIDA;;R$ 6.800,00;;;;;;;;;;;;;;;;;;;;;;;;;
AL/MELHORAMENTO;9102130579;1165158;;UAUÁ;;;;;;0;3;;3;;;PLANO 8;100%;R$ 347.546,76;;;;;EDIE JONNES;;;;;;;;;;DA PLANILHA;E774820;E774822;Maio 25;;;;;IE-RUA-DO CONSELHEIRO-RURAL;RETIRADA ;;R$ 5.100,00;;;;;;;;;;;;;;;;;;;;;;;;;
REPUTACIONAL OURO;9102139488;1170180;;UAUÁ;pes 62180 - oc 91397 - 30/05;ENTREGA;;;;1;5;5;5;;;PLANO 7;100%;R$ 31.517,78;;12/05/2025;15/05/2025;MAURICIO;EDIE JONNES;;;;;;;;;;DA PLANILHA;E777186;E777190;Maio 25;;;OK;;RR-CIND-POV-PAREDAO-RURAL;CONCLUIDA;;R$ 8.500,00;;;;;;;;;;;;;;;;;;;;;;;;;
AL/MELHORAMENTO;9102130576;1175705;;UAUÁ;;;;;;0;3;;3;;;PLANO 1;100%;R$ 351.258,72;;;;;EDIE JONNES;;;;;;;;;;DA PLANILHA;E777199;E777201;Maio 25;;;;;AL-UAU-01X1-EQUIPAMENTO;RETIRADA ;;R$ 5.100,00;;;;;;;;;;;;;;;;;;;;;;;;;
RECLAMAÇÃO;9101988722;1117371;;UAUÁ;;PES 53332 OC 52808 - 16/05;;;;1;4;4;4;;;PLANO 14;100%;R$ 33.172,55;;26/05/2025;29/05/2025;MAURICIO;EDIE JONNES;;;;;;;;;;DA PLANILHA;E774713;E774716;Maio 25;;;OK;;ER-CIND-POV LOGRADOURO DE BAIXO-RURAL;CONCLUIDA;;R$ 6.800,00;;;;;;;;;;;;;;;;;;;;;;;;;
GOVERNO OURO;9102074965;1145056;;UAUÁ;;AVANÇO;;;;11;149;;149;;;PLANO 14;100%;R$ 1.070.372,80;;01/05/2025;31/05/2025;RUBEM;RUBEM;;;;;;;;;;;;;Maio 25;;;OK;;RR-SEIN-POV-CALDEIRAOZINHO-RURAL;NÃO INICIADA;;R$ 253.300,00;;;;;;;;;;;;;;;;;;;;;;;;;
AL/MELHORAMENTO;9102136535;1166496;;CASA NOVA;;;;;;0;5;5;5;;;PLANO 8;100%;R$ 57.713,68;;12/05/2025;17/05/2025;AILTON;PAULO JUNIOR;;;;;;;;;;DA PLANILHA;E774823;E777185;Maio 25;;;OK;;ME-COEL-POV-SANTANA SOBRADO-RURAL;CONCLUIDA;;R$ 8.500,00;;;;;;;;;;;;;;;;;;;;;;;;;
AL/MELHORAMENTO;9101909687;1085220;;JUAZEIRO;;ENTREGA;;;;0;2;;2;;;PLANO 1;100%;R$ 90.897,71;;01/05/2025;15/05/2025;IVONALDO;SANTIAGO;;;;;;;;;;DA PLANILHA;E619909;E619910;Maio 25;;;OK;;AL - 01V3 - SE NOVA TOURÃO-EQUIP-Q008200;NÃO INICIADA;;R$ 3.400,00;;;;;;;;;;;;;;;;;;;;;;;;;
QLP;9102132996;1170229;;SENTO SÉ;;;;;;1;5;5;5;;;PLANO 7;100%;R$ 33.923,31;;21/05/2025;23/05/2025;CARLOS;SANTIAGO;;;;;;;;;;DA PLANILHA;E777191;E777195;Maio 25;;;OK;;UCIND-RUA-DO CEMITERIO -URBANA;CONCLUIDA;;R$ 8.500,00;;;;;;;;;;;;;;;;;;;;;;;;;
JUDICIAL;9102095200;1151835;;SENTO SÉ;;;;DESLIGAMENTO;MIGRAR;1;3;3;3;;;;100%;R$ 112.962,82;;01/05/2025;14/05/2025;CARLOS;SANTIAGO;;;;;;;;;;DA PLANILHA ;E750016;E750018;Maio 25;;;OK;;AC-CIND-POV-ITAPICURU-RURAL;CONCLUIDA;;R$ 5.100,00;;;;;;;;;;;;;;;;;;;;;;;;;
QLP;9102030575;1127996;;UAUÁ;;PES 54985 oc 46702 - 14/05;;;;1;5;5;5;;;PLANO 7;100%;R$ 17.403,64;;16/05/2025;20/05/2025;MAURICIO;EDIE JONNES;;;;;;;;;;DA PLANILHA;E774793;E774797;Maio 25;;;OK;;ER-CIND-POV-RIACHO JUAZEIRO 630 -A-RURAL;CONCLUIDA;;R$ 8.500,00;;;;;;;;;;;;;;;;;;;;;;;;;
NOVOS QUESTIONAMENTOS ANEEL OURO;9102153527;1175314;;JUAZEIRO;;;;;MIGRAR;0;7;7;7;;;;100%;R$ 61.369,62;;01/05/2025;15/05/2025;PAULO;SANTIAGO;;;;;;;;;;DA PLANILHA ;E619973;E619979;Maio 25;;;OK;;IS-CIND-RUA-AGUAS BELAS-MALHADA DA AREIA;CONCLUIDA;;R$ 11.900,00;;;;;;;;;;;;;;;;;;;;;;;;;
REPUTACIONAL;9102138779;1169987;;CASA NOVA;;;;;MIGRAR;1;8;8;8;;;;100%;R$ 87.162,13;;05/05/2025;09/05/2025;DANIEL/ AILTON;PAULO JUNIOR;;;;;;;;;;DA PLANILHA;E750174;E750181;Maio 25;;;OK;;ER-CIND-SI-CRUZEIRO-RURAL;CONCLUIDA;;R$ 13.600,00;;;;;;;;;;;;;;;;;;;;;;;;;
QLP;9102128878;1164868;;JUAZEIRO;;MIGRAR;;;MIGRAR;2;5;;5;;;;100%;R$ 62.327,12;;16/05/2025;17/05/2025;PEDRO BATISTA;ANDERSON;;;;;;;;;;DA PLANILHA;E750187;E750191;Maio 25;;;OK;;ER-CIND-POV-GOIABEIRA II-GOIABEIRA II;NÃO INICIADA;;R$ 8.500,00;;;;;;;;;;;;;;;;;;;;;;;;;
LPT;9101205768;884168;;CASA NOVA;;;;;MIGRAR;1;9;9;9;;;PLANO 14;100%;R$ 48.586,56;;10/05/2025;13/05/2025;DANIEL/ AILTON;PAULO JUNIOR;;;;;;;;;;DA PLANILHA ;E619700;E619708;Maio 25;;;OK;;MP-CCOL-POV SALGADINHA-RURAL;CONCLUIDA;;R$ 15.300,00;;;;;;;;;;;;;;;;;;;;;;;;;
GOVERNO OURO;9102223595;1194822;;UAUÁ;;;;;;3;11;12;11;;;PLANO 7;100%;R$ 92.829,69;;05/05/2025;15/05/2025;MAURICIO;EDIE JONNES;;;;;;;;;;DA PLANILHA;E777248;E777258;Maio 25;;;OK;;ER-SEIN-POV-DE RIO DE RANCHO-RURAL;CONCLUIDA;;R$ 18.700,00;;;;;;;;;;;;;;;;;;;;;;;;;
AIC OBJETIVO;9101811791;1041575;;CURAÇÁ;pes 61321 - oc 89465 - 30/05;ENTREGA;;;;1;15;15;15;;;;100%;R$ 150.289,62;;05/05/2025;12/05/2025;IVONALDO;EDIE JONNES;;;;;;;;;;DA PLANILHA;E777527;E777541;Maio 25;;;OK;;MP-CCOL-POV-SERROTIM-RURAL;CONCLUIDA;;R$ 25.500,00;;;;;;;;;;;;;;;;;;;;;;;;;
GRUPO A;9102238566;1193657;;JUAZEIRO;;ENTREGA;;;;0;3;;3;;;PLANO 8;100%;R$ 255.026,24;;01/05/2025;15/05/2025;PEDRO BATISTA;ANDERSON;;;;;;;;;;DA PLANILHA;E619946;E619948;Maio 25;;;OK;;RR-GRUA-FAZ-VERMELHO-RURAL;NÃO INICIADA;;R$ 5.100,00;;;;;;;;;;;;;;;;;;;;;;;;;
RECLAMAÇÃO;9101988655;1116730;;CASA NOVA;;;;;;1;13;13;13;;;PLANO 14;100%;R$ 81.171,15;;21/05/2025;28/05/2025;DANIEL;PAULO JUNIOR;;;;;;;;;;DA PLANILHA;E774780;E774792;Maio 25;;;OK;;ER-CIND-SI-BARREIRINHO-RURAL;CONCLUIDA;;R$ 22.100,00;;;;;;;;;;;;;;;;;;;;;;;;;
AIC AUDITORIA;9102121094;1161408;;SOBRADINHO;;;;DESLIGAMENTO;;8;13;15;15;;;PLANO 14;100%;R$ 69.589,61;;12/05/2025;17/05/2025;JUAREZ;SANTIAGO;;;;;;;;;;DA PLANILHA;E774290;E774302;Maio 25;;;OK;;ER-CIND-FAZ-BARRINHA-RURAL;CONCLUIDA;;R$ 25.500,00;;;;;;;;;;;;;;;;;;;;;;;;;
AL/MELHORAMENTO;9101909685;1085103;;JUAZEIRO;;ENTREGA;;;;0;2;2;2;;;PLANO 1;100%;R$ 75.636,00;;01/05/2025;31/05/2025;IVONALDO;SANTIAGO;;;;;;;;;;DA PLANILHA;E619907;E619908;Maio 25;;;OK;;AL - 01V2 - SE NOVA TOURÃO - EQUIP. Q008;CONCLUIDA;;R$ 3.400,00;;;;;;;;;;;;;;;;;;;;;;;;;
QLP;9102139564;1176266;;CASA NOVA;;;;;MIGRAR;2;20;20;20;;;;100%;R$ 136.471,64;;19/05/2025;24/05/2025;DANIEL/ AILTON;PAULO JUNIOR;;;;;;;;;;DA PLANILHA;E750206;E750225;Maio 25;;;OK;;RR-CIND-POV RIACHO DO SOBRADO-RURAL;CONCLUIDA;;R$ 34.000,00;;;;;;;;;;;;;;;;;;;;;;;;;
REPUTACIONAL OURO;9102066379;1158033;;CAMPO ALEGRE DE LOURDES;;;;;MIGRAR;3;34;34;34;;;;100%;R$ 745.323,36;;01/05/2025;10/05/2025;DOMINGOS;PAULO JUNIOR;;;;;;;;;;DA PLANILHA ;E750259;E750292;Maio 25;;;OK;;MP-CIND-POV.GERGELIM 999-RURAL;CONCLUIDA;;R$ 57.800,00;;;;;;;;;;;;;;;;;;;;;;;;;
QLA;9101725732;1009250;;SENTO SÉ;;MIGRAR;;;;;3;;;;;PLANO 7;100%;R$ 23.591,18;;;;;;;;;;;;;;;;;;Maio 25;;; ;;"ER CIND POV BREJO DE FORA RURAL
";NÃO INICIADA;;;;;;;;;;;;;;;;;;;;;;;;;;;
PRIORIDADE PLANO ANEEL;9102121279;1164561;;SENTO SÉ;;;;;;3;1;1;1;;;PLANO 7;100%;R$ 8.115,27;;01/05/2025;15/05/2025;EMERSON;EMERSON;;;;;;;;;;DA PLANILHA;E741478;E741478;Maio 25;;;OK;;UCIND-RUA-5 987-CENTRO;CONCLUIDA;;R$ 1.700,00;;;;;;;;;;;;;;;;;;;;;;;;;
AIC OBJETIVO;9101611073;1053585;;SOBRADINHO;;ENTREGA;;;;1;14;14;14;;;;100%;R$ 123.165,81;;17/05/2025;23/05/2025;JUAREZ;SANTIAGO;;;;;;;;;;DA PLANILHA ;E750509;E750522;Maio 25;;;OK;;MP-CIND-POV-TRAIRAS-RURAL;CONCLUIDA;;R$ 23.800,00;;;;;;;;;;;;;;;;;;;;;;;;;
SUBSÍDIO DE DEFESA;9101473034;983487;;JUAZEIRO;;;;;;1;23;3;23;;;PLANO 14;100%;R$ 234.811,03;;12/05/2025;15/05/2025;PEDRO BATISTA;ANDERSON;;;;;;;;;;DA PLANILHA;E774684;E774706;Maio 25;;;OK;;MP CIND POV JUAZEIRO TOME RURAL;CONCLUIDA;;R$ 39.100,00;;;;;;;;;;;;;;;;;;;;;;;;;
AIC OBJETIVO;9102047690;1132936;;CURAÇÁ;pes 62067 - oc 90872 - 30/05;ENTREGA;;;;2;16;16;16;;;;100%;R$ 171.281,73;;28/05/2025;31/05/2025;IVONALDO;EDIE JONNES;;;;;;;;;;DA PLANILHA;E750242;E750257;Maio 25;;;OK;;MP CIND POV RIACHO SECO RURAL;CONCLUIDA;;R$ 27.200,00;;;;;;;;;;;;;;;;;;;;;;;;;
GOVERNO OURO;9102167302;1190937;;CURAÇÁ;;;;;MIGRAR;1;31;30;30;;;;100%;R$ 264.976,91;;01/05/2025;08/05/2025;FERNANDO;SANTIAGO;;;;;;;;;;DA PLANILHA ;E750118;E750148;Maio 25;;;OK;;ER-CCOL-POV-PATAMUTE-RURAL;CONCLUIDA;;R$ 51.000,00;;;;;;;;;;;;;;;;;;;;;;;;;
SOLICITAÇÃO ATENDIMENTO;9101190009;875302;;JUAZEIRO;;;;;MIGRAR;2;37;37;37;;;PLANO 14;100%;R$ 394.092,32;;01/05/2025;10/05/2025;JUAREZ;EDIE JONNES;;;;;;;;;;DA PLANILHA ;E619663;E619699;Maio 25;;;OK;;MP-CCOL-POV.LAGOA DOS BOIS-RURAL;CONCLUIDA;;R$ 62.900,00;;;;;;;;;;;;;;;;;;;;;;;;;
SOLICITAÇÃO ATENDIMENTO;9101977212;1115260;;PILÃO ARCADO;;ENTREGA;;;;1;4;;4;;;PLANO 7;100%;R$ 69.502,35;;01/05/2025;26/05/2025;DOMINGOS;PAULO JUNIOR;;;;;;;;;;1016690/APROVADA;E710834;E710841;Maio 25;;;OK;;AC-CIND-RUA-PADRE JOAO FRE-CENTRO;NÃO INICIADA;;R$ 6.800,00;;;;;;;;;;;;;;;;;;;;;;;;;
JUDICIAL OURO;9102103285;1157069;;CURAÇÁ;;;;;MIGRAR;1;42;42;42;;;PLANO 7;100%;R$ 235.113,59;;01/05/2025;10/05/2025;FABIO;SANTIAGO;;;;;;;;;;DA PLANILHA ;E619712;E619753;Maio 25;;;OK;;ER-CIND-POV-BARRO VERMELHO-RURAL;CONCLUIDA;;R$ 71.400,00;;;;;;;;;;;;;;;;;;;;;;;;;
REPUTACIONAL;9102125688;1161869;;JUAZEIRO;;;;;MIGRAR;0;4;;4;;;PLANO 7;100%;R$ 362.692,55;;01/05/2025;31/05/2025;MANUTENÇÃO;ANDERSON;;;;;;;;;;;;;Maio 25;;;OK;;ER-CIND-FAZ-MASSAYO -RURAL;CANCELADA;;R$ 6.800,00;;;;;;;;;;;;;;;;;;;;;;;;;
REPUTACIONAL;9102132629;1161619;;JUAZEIRO;;MIGRAR ;;;;1;1;;1;;;PLANO 7;100%;R$ 91.201,34;;01/05/2025;31/05/2025;MANUTENÇÃO;ANDERSON;;;;;;;;;;1020103/APROVADA;E725929;E725929;Maio 25;;;OK;;ER-CIND-FAZ-MASSAYO-RURAL;NÃO INICIADA;;R$ 1.700,00;;;;;;;;;;;;;;;;;;;;;;;;;
RECLAMAÇÃO;9102163350;1185415;;SOBRADINHO;;MIGRAR ;;;;1;1;1;1;;;PLANO 7;100%;R$ 33.004,23;;16/05/2025;16/05/2025;JUAREZ;SANTIAGO;;;;;;;;;;DA PLANILHA;E778060;E778060;Maio 25;;;OK;;AC-CIND-POV-CHAPADINHA-RURAL-SOBRADINHO;EM EXECUÇÃO;;R$ 1.700,00;;;;;;;;;;;;;;;;;;;;;;;;;
;9102096113;1152296;;SOBRADINHO;;MIGRAR;;;;4;6;;;;;PLANO 7;100%;R$ 26.721,20;;;;;;;;;;;;;;;;;;Maio 25;;;;;ER-CCOL-FAZ-ROCADO-CORRENTEZA;NÃO INICIADA;;R$ 0,00;;;;;;;;;;;;;;;;;;;;;;;;;
QLP;9101913416;1086962;;SENTO SÉ;;;;LV;;1;1;1;1;;;PLANO 7;100%;R$ 39.454,90;;17/05/2025;20/05/2025;JACKSON;SANTIAGO;;;;;;;;;;DA PLANILHA;E774088;E774088;Maio 25;;;OK;;LD CIND POV QUIXABÁ RURAL;CONCLUIDA;;R$ 1.700,00;;;;;;;;;;;;;;;;;;;;;;;;;
QLP;9102125866;1165100;;CASA NOVA;;;;;;1;2;2;;;;;100%;R$ 14.285,89;;11/04/2025;11/04/2025;AILTON;PAULO JUNIOR;;DIEGO;-9,325327756;;-41,0751019;;;;;DA PLANILHA;E750231;E750232;Maio 25;;;;;ER-CIND-POV-BAIXAO 2852-RURAL-CASA NOVA;CONCLUIDA;;R$ 4.200,00;;;R$ 3.571,47;;;;;;;;;;;;;;;;;;;;;;
PRIORIDADE PLANO ANEEL;9102153549;1175531;;JUAZEIRO;;;;;;1;5;5;5;;;PLANO 7;100%;R$ 23.995,33;;;;;ANDERSON;;;;;;;;;;DA PLANILHA;E750194;E750198;Maio 25;;;OK;;ER-CIND-PR -CASTRO ALVES 7-MASSAROCA;CONCLUIDA;;R$ 10.500,00;;;R$ 5.998,83;;;;;;;;;;;;;;;;;;;;;;
REPUTACIONAL;9102243345;1201535;;CASA NOVA;;;;;;53;94;94;;;;PLANO 7;100%;R$ 769.784,85;;;;JORGE;JORGE;;;;;;;;;;;;;Maio 25;;;;;AC-REGFV-CCOL-POV DESTERRO-CAI ARA-III;CONCLUIDA;;;;;;;;;;;;;;;;;;;;;;;;;;;
PRIORIDADE PLANO ANEEL;9102155987;1183422;;REMANSO;;;;;;7;20;20;;;;PLANO 14;100%;R$ 155.145,69;;;;JORGE;JORGE;;;;;;;;;;;;;Maio 25;;;;;ER-CIND-POV-NEGROS-NEGROS;CONCLUIDA;;;;;;;;;;;;;;;;;;;;;;;;;;;
PRIORIDADE PLANO ANEEL;9102166517;1183167;;JUAZEIRO;;MIGRAR ;;;;1;0;;0;;;PLANO 7;100%;;;18/06/2025;25/06/2025;PEDRO BATISTA;ANDERSON;;;;;;;;;;0 POSTE;;;Junho 25;;;;;UB-CIND-CA-7 9995-JO O PAULO II;NÃO INICIADA;;R$ 0,00;;;;;;;;;;;;;;;;;;;;;;;;;
REPUTACIONAL;9102012793;1125892;;CASA NOVA;;OURO;;;DEPENDE NILO COELHO;1;1;;1;;;PLANO 7;100%;;;;;;;;;;;;;;;;;;;Junho 25;;;;;ER-CIND-ROD-BR 349 KM 20 20-RURAL;PARALIZADA;;R$ 1.700,00;;;;;;;;;;;;;;;;;;;;;;;;;
GOVERNO OURO;9102074965;1145056;;UAUÁ;;;;;;11;149;148;149;;;PLANO 14;100%;R$ 1.070.372,80;;02/06/2025;21/06/2025;RUBEM;RUBEM;;;;;;;;;;;;;Junho 25;;;OK;;RR-SEIN-POV-CALDEIRAOZINHO-RURAL;CONCLUIDA;11/06/2025;R$ 253.300,00;;;;;;;;;;;;;;;;;;;;;;;;;
RECLAMAÇÃO REITERADA OURO;9102025347;1126041;;JUAZEIRO;;MIGRAR;;;;0;95;121;95;;;PLANO 7;100%;R$ 1.638.439,13;;01/06/2025;28/06/2025;FABIO/ FERNANDO;SANTIAGO;;;;;;;;;;DA PLANILHA;E619540;E619634;Junho 25;;;OK;;IT CIND FAZ CURAÇA PEQUENO RURAL;CONCLUIDA;30/06/2025;R$ 161.500,00;;;;;;;;;;;;;;;;;;;;;;;;;
PRIORIDADE PLANO ANEEL;9102038108;1131343;;CURAÇÁ;;;;;;3;21;;21;;;PLANO 7;100%;;;;;;;;;;;;;;;;da PLANILHA;E774251;E774271;Junho 25;;;;;LD CIND POV SACO DA CANOA RURAL;CANCELADA;;R$ 35.700,00;;;;;;;;;;;;;;;;;;;;;;;;;
EQUIPAMENTO;9102103396;1136743;;JUAZEIRO;;MIGRAR;;;;0;2;;2;;;PLANO 7;100%;R$ 423.821,91;;16/06/2025;30/06/2025;FABIO/ FERNANDO;SANTIAGO;;;;;;;;;;DA PLANILHA;E774768;E774769;Junho 25;;;;;EQ-CIND-POV-CURAÇA PEQUENO-RURAL;NÃO INICIADA;;R$ 3.400,00;;;;;;;;;;;;;;;;;;;;;;;;;
QLP;9102019137;1127877;;JUAZEIRO;;MIGRAR;;;;1;2;;2;;;PLANO 7;100%;;;26/06/2025;30/06/2025;PEDRO BATISTA;ANDERSON;;;;;;;;;;DA PLANILHA;E799867;E799868;Junho 25;;;;;ER-CIND-POV-CURACA-RURAL;NÃO INICIADA;;R$ 3.400,00;;;;;;;;;;;;;;;;;;;;;;;;;
GOVERNO;9100061120;556240;;REMANSO;;ENTREGA;;;;15;77;77;77;;;PLANO 14;100%;R$ 416.825,23;;01/06/2025;23/06/2025;AILTON / DANIEL;PAULO JUNIOR;;;;;;;;;;DA PLANILHA;E774000;E774072;Junho 25;;;OK;;RR-CCOL-POV.SÃO FRANCISCO-RURAL;CONCLUIDA;23/06/2025;R$ 130.900,00;;;;;;;;;;;;;;;;;;;;;;;;;
PRIORIDADE PLANO ANEEL;9102223744;1196674;;REMANSO;;;;;;3;2;;2;;;PLANO 7;100%;;;23/06 2025;28/06/2025;MANUTENÇÃO;ANDERSON;;;;;;;;;;DA PLANILHA;E799935;E799936;Junho 25;;;;;UB-CIND-RUA-DOS UMBUZEIROS-QUADRA 14;NÃO INICIADA;;R$ 3.400,00;;;;;;;;;;;;;;;;;;;;;;;;;
AIC AUDITORIA;9102149357;1176366;;CAMPO ALEGRE DE LOURDES;;MIGRAR;;;;1;3;;3;;;PLANO 7;100%;;;15/06/2025;30/06/2025;MANUTENÇÃO;ANDERSON;;;;;;;;;;;;;Junho 25;;;;;RU-CIND-RUA-DAS PALMEIRAS-CENTRO;NÃO INICIADA;;;;;;;;;;;;;;;;;;;;;;;;;;;
QLP;9102083406;1145803;;JUAZEIRO;;;;;;1;19;;19;;;PLANO 7;100%;;;;;;;;;;;;;;;;;;;Junho 25;;;;;MP CIND POV TOME RURAL;CANCELADA;;;;;;;;;;;;;;;;;;;;;;;;;;;
PRIORIDADE PLANO ANEEL;9101883450;1073669;;JUAZEIRO;;;;;;1;3;;3;;;;100%;;;19/06/2025;21/06/2025;PEDRO BATISTA;ANDERSON;;;;;;;;;;DA PLANILHA;E799874;E799876;Junho 25;;;;;ER-CIND-POV S DA BATATEIRA-J PAULO-RURAL;NÃO INICIADA;;R$ 5.100,00;;;;;;;;;;;;;;;;;;;;;;;;;
QLP;9102039849;1139392;;CURAÇÁ;;MIGRAR;;;;2;25;25;25;;;PLANO 7;100%;R$ 397.670,97;;01/06/2025;14/06/2025;GISMARIO;EDIE JONNES;;;;;;;;;;DA PLANILHA;E774321;E774345;Junho 25;;;OK;;MP CIND FAZ SURUBIM RURAL;CONCLUIDA;19/06/2025;R$ 42.500,00;;;;;;;;;;;;;;;;;;;;;;;;;
QLP;9102160548;1181568;;SENTO SÉ;;ENTREGA;;;;3;19;19;19;;;PLANO 7;100%;R$ 137.245,97;;18/06/2025;25/06/2025;JACKSON;SANTIAGO;;;;;;;;;;DA PLANILHA;E777508;E777526;Junho 25;;;OK;;ER-CIND-POV-ILHA ANDORINHA-I ANDORINHA;CONCLUIDA;09/06/2025;R$ 32.300,00;;;;DESLIGAMENTO;;;;;;;;;;;;;;;;;;;;;
AIC OBJETIVO;9102091293;1152118;;CASA NOVA;;;;;;1;9;;9;;;PLANO 14;100%;;;;;;;;;;;;;;;;;;;Junho 25;;;;;ER-CIND-POV-LAGOA DOS TITINOS-RURAL;RETIRADA ;;;;;;;;;;;;;;;;;;;;;;;;;;;
QLP;9102124885;1165884;;CURAÇÁ;;;;;;2;18;18;18;;;PLANO 7;100%;;;12/06/2025;25/06/2025;GISMARIO;EDIE JONNES;;;;;;;;;;DA PLANILHA ;E799610;E799627;Junho 25;;;;;ER-CIND-FAZ-IPUEIRA-BARRO VERMELHO;CONCLUIDA;21/06/2025;R$ 30.600,00;;;;;;;;;;;;;;;;;;;;;;;;;
AIC OBJETIVO;9102087522;1145356;;CASA NOVA;;;;;;1;4;;4;;;PLANO 7;100%;;;;;;;;;;;;;;;;;;;Junho 25;;;;;ER-CIND-SI-BARRO RACHADO 145 --A-RURAL;RETIRADA ;;;;;;;;;;;;;;;;;;;;;;;;;;;
PRIORIDADE PLANO ANEEL;9102166569;1183798;;REMANSO;;ENTREGA;;;;3;18;18;18;;;PLANO 7;100%;R$ 148.133,83;;02/06/2025;14/06/2025;AILTON;PAULO JUNIOR;;;;;;;;;;DA PLANILHA;E778042;E778059;Junho 25;;;OK;;ER-CIND-POV-LAGOA DE S BENTO-RURAL;CONCLUIDA;05/06/2025;R$ 30.600,00;;;;;;;;;;;;;;;;;;;;;;;;;
PRIORIDADE PLANO ANEEL;9102048943;1144743;;JUAZEIRO;;OURO;;;;1;17;17;17;;;PLANO 7;100%;;;19/06/2025;28/06/2025;DOMINGOS;SANTIAGO;;;;;;;;;;DA PLANILHA;E800477;E800493;Junho 25;;;;;MP CIND POV FIRMEZA ITAMOINGA RURAL;CONCLUIDA;;R$ 28.900,00;;;;;;;;;;;;;;;;;;;;;;;;;
QLP;9102138659;1166752;;JUAZEIRO;;;;;;1;16;20;16;;;PLANO 7;100%;;;25/06/2025;30/06/2025;JACKSON;SANTIAGO;;;;;;;;;;DA PLANILHA;E800625;E800644;Junho 25;;;;;ER-CIND-POV-LAGOA DO TOURO-SERTAOZINHO;CONCLUIDA;18/06/2025;R$ 27.200,00;;;;;;;;;;;;;;;;;;;;;;;;;
RECLAMAÇÃO;9101769479;1045158;;SOBRADINHO;;MIGRAR;;;;3;15;11;15;;;PLANO 14;100%;R$ 135.319,31;;23/06/2025;27/06/2025;JUAREZ;SANTIAGO;;;;;;;;;;DA PLANILHA;E774073;E774087;Junho 25;;;OK;;MP-CCOL-POV-CANAA CALDEIRAOZINHO RURAL;CONCLUIDA;27/06/2025;R$ 25.500,00;;;;LV;;;;;;;;;;;;;;;;;;;;;
AL/MELHORAMENTO;9102128052;1160624;;JUAZEIRO;;MIGRAR;;;;1;13;13;13;;;PLANO 8;100%;R$ 127.773,10;;03/06/2025;07/06/2025;IVONALDO;EDIE JONNES;;;;;;;;;;DA PLANILHA;E774801;E774813;Junho 25;;;OK;;ME-COEL-AG AGUAS BELAS-99999;CONCLUIDA;07/06/2025;R$ 22.100,00;;;;;;;;;;;;;;;;;;;;;;;;;
PRIORIDADE PLANO ANEEL;9102124586;1161420;;CURAÇÁ / UAUÁ;;;;;;1;12;12;12;;;PLANO 7;100%;;;03/06/2025;15/06/2025;JOÃO BATISTA;EDIE JONNES;;;;;;;;;;DA PLANILHA;E799832;E799843;Junho 25;;;;;ER-CIND-FAZ-BRANDAO-RURAL;CONCLUIDA;12/06/2025;R$ 20.400,00;;;;;;;;;;;;;;;;;;;;;;;;;
QLA;9101725732;1009250;;SENTO SÉ;;MIGRAR;;;;;3;;3;;;PLANO 7;100%;R$ 23.591,18;;15/06/2025;13/06/2025;JACKSON;SANTIAGO;;;;;;;;;;DA PLANILHA;E800436;E800438;Junho 25;;; ;;ER CIND POV BREJO DE FORA RURAL;NÃO INICIADA;;R$ 5.100,00;;;;;;;;;;;;;;;;;;;;;;;;;
ESTRATÉGICA;9102045961;1135898;;JUAZEIRO;;MIGRAR;;;;1;3;;3;;;PLANO 7;100%;;;30/06/2025;30/06/2025;PEDRO BATISTA;ANDERSON;;;;;;;;;;DA PLANILHA;E774746;E774748;Junho 25;;;;;ER-CIND-POV-CARNAIBA DO SERTAO-RURAL;NÃO INICIADA;;R$ 5.100,00;;;;;;;;;;;;;;;;;;;;;;;;;
AIC AUDITORIA;9101770901;1057733;;JUAZEIRO;;MIGRAR;;;;1;10;5;10;;;PLANO 14;100%;R$ 202.269,44;;25/06/2025;30/06/2025;PEDRO BATISTA;ANDERSON;;;;;;;;;;DA PLANILHA;E774304;E774313;Junho 25;;;OK;;MP-CIND-POV-CRUZ II-RIO RURAL;CONCLUIDA;26/06/2025;R$ 17.000,00;;;;;;;;;;;;;;;;;;;;;;;;;
QLP;9102195507;1191865;;SOBRADINHO;;MIGRAR;;;;2;9;9;9;;;PLANO 7;100%;R$ 66.652,13;;18/06/2025;30/06/2025;JUAREZ;SANTIAGO;;;;;;;;;;DA PLANILHA;E777237;E777245;Junho 25;;;OK;;ER-CIND-POV-TATAUI-RURAL;CONCLUIDA;07/06/2025;R$ 15.300,00;;;;;;;;;;;;;;;;;;;;;;;;;
PRIORIDADE PLANO ANEEL;9102096113;1152296;;SOBRADINHO;;;;;;4;6;6;6;;;PLANO 7;100%;;;16/06/2025;20/06/2025;JUAREZ;SANTIAGO;;;;;;;;;;DA PLANILHA;E800471;E800476;Junho 25;;;;;ER-CCOL-FAZ-ROCADO-CORRENTEZA;CONCLUIDA;20/06/2025;R$ 10.200,00;;;;;;;;;;;;;;;;;;;;;;;;;
INTERV SEGURANÇA;9102244605;1197173;;JUAZEIRO;;MIGRAR;;;;0;8;;8;;;PLANO 8;100%;;;13/06/2025;30/06/2025;PEDRO BATISTA;ANDERSON;;;;;;;;;;DA PLANILHA;E777259;E777266;Junho 25;;;;;IS-COEL-AV-MARIA DA G  DE JESUS-J  VITOR;NÃO INICIADA;;R$ 13.600,00;;;;;;;;;;;;;;;;;;;;;;;;;
REPUTACIONAL;9102011034;1122838;;CASA NOVA;;;;;;0;10;;10;;;PLANO 7;100%;;;25/06/2025;30/06/2025;DANIEL;PAULO JUNIOR;;;;;;;;;;DA PLANILHA;E799849;E799858;Junho 25;;;;;RR-CIND-FAZ-PROJETO NILO COELHO-CASA NOV;NÃO INICIADA;;R$ 17.000,00;;;;;;;;;;;;;;;;;;;;;;;;;
QLP;9102128878;1164868;;JUAZEIRO;;MIGRAR;;;MIGRAR;2;5;5;5;;;;100%;R$ 62.327,12;;04/06/2025;10/06/2025;PEDRO BATISTA;ANDERSON;;;;;;;;;;DA PLANILHA;E750187;E750191;Junho 25;;;OK;;ER-CIND-POV-GOIABEIRA II-GOIABEIRA II;CONCLUIDA;04/06/2025;R$ 8.500,00;;;;;;;;;;;;;;;;;;;;;;;;;
QLP;9102107113;1157820;;CAMPO ALEGRE DE LOURDES;;;;;;1;2;;2;;;PLANO 7;100%;;;;;;;;;;;;;;;;;;;Junho 25;;;;;UB-CIND-RUA-21 DE ABRIL-CAMPO ALEGRE;RETIRADA ;;;;;;;;;;;;;;;;;;;;;;;;;;;
RECLAMAÇÃO;9102068123;1141818;;CASA NOVA;;;;;;0;0;;0;;;PLANO 7;100%;;;;;;;;;;;;;;;;0 POSTE ;;;Junho 25;;;;;ER-CIND-SI-PASCACIO-RURAL;RETIRADA ;;;;;;;;;;;;;;;;;;;;;;;;;;;
AL/MELHORAMENTO;9101915087;1101887;;JUAZEIRO;;;;;;0;2;;2;;;PLANO 1;100%;;;;;IVONALDO;SANTIAGO;;;;;;;;;;DA PLANILHA;E799863;E799864;Junho 25;;;;;IE 01V2 NOVA TOURÃO RURAL EQUIP  N61580;RETIRADA ;;R$ 3.400,00;;;;;;;;;;;;;;;;;;;;;;;;;
QLP;9102131339;1164340;;SOBRADINHO;;MIGRAR;;;;2;4;4;4;;;PLANO 7;100%;R$ 24.026,53;;03/06/2025;07/06/2025;JUAREZ;SANTIAGO;;;;;;;;;;DA PLANILHA;E774814;E774817;Junho 25;;;OK;;ER-CIND-POV-TATAUI-RURAL;CONCLUIDA;04/06/2025;R$ 6.800,00;;;;;;;;;;;;;;;;;;;;;;;;;
SOLICITAÇÃO ATENDIMENTO;9101977212;1115260;;PILÃO ARCADO;;ENTREGA;;;;1;4;4;4;;;PLANO 7;100%;R$ 69.502,35;;24/06/2025;28/06/2025;AILTON / DANIEL;PAULO JUNIOR;;;;;;;;;;1016690/APROVADA;E710834;E710841;Junho 25;;;OK;;AC-CIND-RUA-PADRE JOAO FRE-CENTRO;CONCLUIDA;26/06/2025;R$ 6.800,00;;;;;;;;;;;;;;;;;;;;;;;;;
RECLAMAÇÃO;9102149813;1177525;;PILÃO ARCADO;;;;;;0;1;;1;;;PLANO 7;100%;;;;;;;;;;;;;;;;DA PLANILHA ;E750525;E750525;Junho 25;;;;;AC-CIND-RUA- XIQUE XIQUE-CENTRO;RETIRADA ;;;;;;;;;;;;;;;;;;;;;;;;;;;
RECLAMAÇÃO;9102021225;1129437;;JUAZEIRO;;;;;;1;15;;15;;;PLANO 7;100%;;;12/06/2025;21/06/2025;DOMINGOS;SANTIAGO;;;;;;;;;;DA PLANILHA;E799948;E799948;Junho 25;;;;;LD CIND FAZ MANI OBA VELHA RURAL;NÃO INICIADA;;R$ 25.500,00;;;;;;;;;;;;;;;;;;;;;;;;;
ESTRATÉGICA;9102131257;1163416;;JUAZEIRO;;;;;;1;5;;5;;;PLANO 14;100%;;;;;PEDRO BATISTA;;;;;;;;;;;DA PLANILHA;E799877;E799881;Junho 25;;;;;ER CIND POV JUNCO SALITRE RURAL;RETIRADA ;;R$ 8.500,00;;;;;;;;;;;;;;;;;;;;;;;;;
GRUPO A;9102238566;1193657;;JUAZEIRO;;ENTREGA;;;;0;3;3;3;;;PLANO 8;100%;R$ 255.026,24;;01/06/2025;07/06/2025;LINHA VIVA;ANDERSON;;;;;;;;;;DA PLANILHA;E619946;E619948;Junho 25;;;OK;;RR-GRUA-FAZ-VERMELHO-RURAL;CONCLUIDA;05/06/2025;R$ 5.100,00;;;;;;;;;;;;;;;;;;;;;;;;;
PRIORIDADE PLANO ANEEL;9102158911;1183616;;JUAZEIRO;;;;;;0;3;3;3;;;PLANO 7;100%;;;16/06/2025;20/06/2025;PEDRO BATISTA;ANDERSON;;;;;;;;;;DA PLANILHA;E799871;E799873;Junho 25;;;;;UB-CIND-RUA- PROJETADA 21-M DA AREIA;CONCLUIDA;14/06/2025;R$ 5.100,00;;;;;;;;;;;;;;;;;;;;;;;;;
AIC OBJETIVO;9101932015;1092651;;SENTO SÉ;;MIGRAR;;;;3;15;;15;;;PLANO 14;100%;;;04/06/2025;15/06/2025;JACKSON;SANTIAGO;;;;;;;;;;DA PLANILHA ;E750027;E750041;Junho 25;;;;;MP-CCOL-RUA DA CONCEIÇÃO-RURAL;NÃO INICIADA;;R$ 25.500,00;;;;;;;;;;;;;;;;;;;;;;;;;
SOLICITAÇÃO ATENDIMENTO;9102157567;1177513;;JUAZEIRO;;;;;;0;2;2;2;;;PLANO 7;100%;;;20/06/2025;27/06/2025;PEDRO BATISTA;ANDERSON;;;;;;;;;;DA PLANILHA;E799865;E799866;Junho 25;;;;;UB-CIND-LOT-QD QUIL 100-URBANA;CONCLUIDA;18/06/2025;R$ 3.400,00;;;;;;;;;;;;;;;;;;;;;;;;;
PRIORIDADE PLANO ANEEL;9102168277;1190765;;CAMPO ALEGRE DE LOURDES;;;;;;1;2;;2;;;PLANO 7;100%;;;;;;;;;;;;;;;;;;;Junho 25;;;;;ER-CIND-SI-MARTINS DO CORDEIRO-V DE CIMA;RETIRADA ;;;;;;;;;;;;;;;;;;;;;;;;;;;
PRIORIDADE PLANO ANEEL;9102227609;1192026;;CAMPO ALEGRE DE LOURDES;;;;;;1;1;;1;;;PLANO 7;100%;;;;;;;;;;;;;;;;;;;Junho 25;;;;;UB-CIND-TRV-ALVORADA 10-CENTRO;RETIRADA ;;;;;;;;;;;;;;;;;;;;;;;;;;;
GOVERNO;9102096483;1132085;;PILÃO ARCADO;;OURO;;;EMERSON;11;26;;13;;;PLANO 7;50%;;;25/06/2025;31/07/2025;AILTON / DANIEL;PAULO JUNIOR;;;;;;;;;;DA PLANILHA;E799629;E799654;Junho 25;;;;;ER-SEIN-RUA-DAS FLORES-XIQUE-XIQUE;NÃO INICIADA;;;;;;;;;;;;;;;;;;;;;;;;;;;
RECLAMAÇÃO;9102158308;1182674;;JUAZEIRO;;MIGRAR;;;;1;5;;5;;;PLANO 7;100%;;;;;;;;;;;;;;;;DA PLANILHA;E799882;E799886;Junho 25;;;;;ER-CIND-POV-SERRA DOS ESPINHOS-RURAL;RETIRADA ;;R$ 8.500,00;;;;;;;;;;;;;;;;;;;;;;;;;
PRIORIDADE PLANO ANEEL;9102232840;1199748;;JUAZEIRO;;;;;;2;2;2;2;;;;100%;;;14/06/2025;20/06/2025;PEDRO BATISTA;ANDERSON;;;;;;;;;;DA PLANILHA;E799869;E799870;Junho 25;;;;;UB-CIND-POV-NUCLEO-CENTRO-CURACA;CONCLUIDA;16/06/2025;R$ 3.400,00;;;;;;;;;;;;;;;;;;;;;;;;;
RECLAMAÇÃO;9102156669;1178531;;CASA NOVA;;;;;;1;1;;1;;;PLANO 7;100%;;;;;;;;;;;;;;;;;;;Junho 25;;;;;UB-CIND-RUA-DA AREIA-PAU A PIQUE;RETIRADA ;;;;;;;;;;;;;;;;;;;;;;;;;;;
ESTRATÉGICA;9101959815;1105624;;JUAZEIRO;;;;;;1;7;;7;;;PLANO 14;100%;;;;;DOMINGOS;;;;;;;;;;;DA PLANILHA;E799887;E799893;Junho 25;;;;;ER-CIND-SI-BOM CONSELHO-RURAL-RIO SALITR;RETIRADA ;;R$ 11.900,00;;;;;;;;;;;;;;;;;;;;;;;;;
QLP;9102075676;1157515;;CURAÇÁ;;;;;;1;30;;30;;;PLANO 7;100%;;;16/06/2025;30/06/2025;FABIO;EDIE JONNES;;;;;;;;;;DA PLANILHA ;E799580;E799609;Junho 25;;;;;MP-CIND-POV.RURAL;EM EXECUÇÃO;;R$ 51.000,00;;;;;;;;;;;;;;;;;;;;;;;;;
AL/MELHORAMENTO;9102051310;1142287;;SOBRADINHO;;;;;;0;32;;32;;;PLANO 8;100%;;;03/06/2025;30/06/2025;JUAREZ;SANTIAGO;;;;;;;;;;DA PLANILHA;E800439;E800470;Junho 25;;;;;ME-INTERL-SBO-01S1-SBO-01S4;PARALIZADA;;R$ 54.400,00;;;;;;;;;;;;;;;;;;;;;;;;;
PRIORIDADE PLANO ANEEL;9102034008;1129174;;PILÃO ARCADO;;MIGRAR;;;EMERSON;5;33;;33;;;PLANO 7;100%;;;02/06/2025;30/06/2025;EMERSON;JORGE;;;;;;;;;;DA PLANILHA;E799655;E799687;Junho 25;;;;;MP CIND POV LAGOINHA RURAL;NÃO INICIADA;;;;;;;;;;;;;;;;;;;;;;;;;;;
RECLAMAÇÃO;9101967243;1112429;;JUAZEIRO;;;;;;3;33;;33;;;PLANO 14;100%;;;03/06/2025;16/06/2025;DOMINGOS;SANTIAGO;;;;;;;;;;DA PLANILHA;E800494;E800526;Junho 25;;;;;MP-CIND-POV-JAZIDA RURAL;EM EXECUÇÃO;;R$ 56.100,00;;;;;;;;;;;;;;;;;;;;;;;;;
RECLAMAÇÃO;9102093355;1156209;;CURAÇÁ;;MIGRAR;;;;2;37;;37;;;PLANO 7;100%;R$ 374.111,28;;23/06/2025;30/06/2025;JOÃO BATISTA;EDIE JONNES;;;;;;;;;;DA PLANILHA;E773943;E773979;Junho 25;;;;;AC REG FV CIND FAZ CAPUCHU 16 RURAL;NÃO INICIADA;;R$ 62.900,00;;;;;;;;;;;;;;;;;;;;;;;;;
SOLICITAÇÃO ATENDIMENTO;9102157612;1172946;;PILÃO ARCADO;;;;;;0;2;;2;;;PLANO 8;100%;;;;;;;;;;;;;;;;1020107/APROVADA;E725932;E725933;Junho 25;;;;;IE-REGULADOR-RMN-09X1-Q076477;RETIRADA ;;;;;;;;;;;;;;;;;;;;;;;;;;;
JUDICIAL;9102238517;1196129;;PILÃO ARCADO;;MIGRAR;;;OURO;2;41;;41;;;PLANO 7;100%;;;11/06/2025;28/06/2025;DANIEL;PAULO JUNIOR;;;;;;;;;;DA PLANILHA;E799894;E799934;Junho 25;;;;;ER-CIND-POV-POCO DANTAS-PEDRA BRANCA;EM EXECUÇÃO;;R$ 69.700,00;;;;;;;;;;;;;;;;;;;;;;;;;
ESTRATÉGICA;9102026111;1127945;;JUAZEIRO;;;;;;1;9;;9;;;PLANO 14;100%;;;;;DOMINGOS;;;;;;;;;;;DA PLANILHA;E799937;E799945;Junho 25;;;;;RR-CIND-FAZ-CAPELA CEMITERIO-RURAL;RETIRADA ;;R$ 15.300,00;;;;;;;;;;;;;;;;;;;;;;;;;
QLP;9102169524;1184428;;JUAZEIRO;;;;;;1;14;;14;;;PLANO 7;100%;;;;;PEDRO BATISTA;;;;;;;;;;;DA PLANILHA;E799947;E799947;Junho 25;;;;;ER-CIND-CJN-PROJETO CURACA-CURACA 1;RETIRADA ;;R$ 23.800,00;;;;;;;;;;;;;;;;;;;;;;;;;
PRIORIDADE PLANO ANEEL;9102088735;1144724;;CURAÇÁ;;;;;;3;27;;27;;;PLANO 7;100%;;;;;;;;;;;;;;;;DA PLANILHA;E777267;E777293;Junho 25;;;;;AC CIND POV SÃO MATEUS (REGUL-FV) RURAL;CANCELADA;;;;;;;;;;;;;;;;;;;;;;;;;;;
SOLICITAÇÃO ATENDIMENTO;9101996009;1119796;;JUAZEIRO;;;;;;1;12;;12;;;PLANO 14;100%;;;;;DOMINGOS;;;;;;;;;;;DA PLANILHA;E799946;E799946;Junho 25;;;;;RR-CIND-FAZ-FRADE-CANOA;RETIRADA ;;R$ 20.400,00;;;;;;;;;;;;;;;;;;;;;;;;;
PRIORIDADE PLANO ANEEL;9102081086;1144577;;REMANSO;;;;;;1;2;2;2;;;;100%;;;25/06/2025;30/06/2025;MANUTENÇÃO;ANDERSON;;;;;;;;;;DA PLANILHA ;E750523;E750524;Junho 25;;;;;UB-CIND-AV-DEP R QUEIROZ-CENTRO;CONCLUIDA;26/06/2025;R$ 3.400,00;;;;;;;;;;;;;;;;;;;;;;;;;
RECLAMAÇÃO;9102160395;1189508;;SOBRADINHO;;MIGRAR;;;;3;2;2;2;;;PLANO 7;100%;R$ 12.961,61;;02/06/2025;03/06/2025;JUAREZ;SANTIAGO;;;;;;;;;;DA PLANILHA;E777235;E777236;Junho 25;;;OK;;UCIND-RUA-11-VILA SAO JOAQUIM;CONCLUIDA;02/06/2025;R$ 3.400,00;;;;;;;;;;;;;;;;;;;;;;;;;
QLP;9102060561;1138495;;UAUÁ;;MIGRAR;;;;1;41;;41;;;PLANO 7;100%;;;10/06/2025;20/06/2025;JOÃO BATISTA;EDIE JONNES;;;;;;;;;;DA PLANILHA;E800584;E800624;Junho 25;;;;;ER-CIND-RUA-DA BARRAGEM-PEDRA GRANDE;EM EXECUÇÃO;;R$ 69.700,00;;;;;;;;;;;;;;;;;;;;;;;;;
PRIORIDADE PLANO ANEEL;9102033317;1128925;;CASA NOVA;;;;;;1;6;;6;;;PLANO 7;100%;;;;;;;;;;;;;;;;;;;Junho 25;;;;;LD-CIND-POV BAIXAO-RURAL-CSN;RETIRADA ;;;;;;;;;;;;;;;;;;;;;;;;;;;
PRIORIDADE PLANO ANEEL;9101980788;1116565;;SENTO SÉ;;;;;;1;23;;23;;;PLANO 7;100%;;;;;;;;;;;;;;;;;;;Junho 25;;;;;MP-CIND-POV-MALVINAS 1000-RURAL-MOD;RETIRADA ;;;;;;;;;;;;;;;;;;;;;;;;;;;
AL/MELHORAMENTO;9101909687;1085220;;JUAZEIRO;;ENTREGA;;;;0;2;2;2;;;PLANO 1;100%;R$ 90.897,71;;01/06/2025;07/06/2025;IVONALDO;SANTIAGO;;;;;;;;;;DA PLANILHA;E619909;E619910;Junho 25;;;OK;;AL - 01V3 - SE NOVA TOURÃO-EQUIP-Q008200;CONCLUIDA;04/06/2025;R$ 3.400,00;;;;;;;;;;;;;;;;;;;;;;;;;
PRIORIDADE PLANO ANEEL;9102156197;1179957;;CASA NOVA;;;;;;1;2;2;2;;;7.1.2.3;100%;R$ 34.124,54;;;;JORGE;JORGE;;DIEGO CARVALHO;0;;0;;;;;;;;Junho 25;;;;;ER-CIND-POV-BAIX O-RURAL;CONCLUIDA;30/06/2025;R$ 3.400,00;;;R$ 6.824,91;;;;;;;;;;;;;;;;;;;;;;
GOVERNO;9102125670;1159894;;JUAZEIRO;;OURO;;;;0;66;;52,8;;;PLANO 7;80%;;;05/06/2025;31/07/2025;IVONALDO;EDIE JONNES;;;;;;;;;;DA PLANILHA ;E750526;E750585;Junho 25;;;;;UB-CIND-RUA-JUAZEIRO-2;NÃO INICIADA;;;;;;;;;;;;;;;;;;;;;;;;;;;
PRIORIDADE PLANO ANEEL;9102052629;1137500;;CURAÇÁ;;;;;;1;1;1;1;;;PLANO 7;100%;;;18/06/2025;30/06/2025;GISMARIO;EDIE JONNES;;;;;;;;;;DA PLANILHA;E799628;E799628;Junho 25;;;;;ER-CIND-POV-CURRAL-CURRAL VELHO;CONCLUIDA;18/06/2025;R$ 1.700,00;;;;;;;;;;;;;;;;;;;;;;;;;
JUDICIAL;9101293497;921232;;CURAÇÁ / UAUÁ;;OURO;;;;6;70;;35;;;PLANO 14;50%;;;25/06/2025;30/07/2025;JOÃO BATISTA;EDIE JONNES;;;;;;;;;;DA PLANILHA;E799688;E799757;Junho 25;;;;;ER-CIND-POV BARRO VERMELHO-BARRO-CRC;NÃO INICIADA;;;;;;;;;;;;;;;;;;;;;;;;;;;
PRIORIDADE PLANO ANEEL;9102156418;1183735;;JUAZEIRO;;;;;;1;1;1;1;;;PLANO 7;100%;;;03/06/2025;06/06/2025;PEDRO BATISTA;ANDERSON;;;;;;;;;;DA PLANILHA;E799860;E799860;Junho 25;;;;;ER-CIND-POV-JUREMAL 1026-RURAL;CONCLUIDA;03/06/2025;R$ 1.700,00;;;;;;;;;;;;;;;;;;;;;;;;;
RECLAMAÇÃO;9101865235;1062682;;REMANSO;;;;;;5;70;;35;;;PLANO 14;50%;;;12/06/2025;31/07/2025;AILTON;PAULO JUNIOR;;;;;;;;;;DA PLANILHA;E800366;E800435;Junho 25;;;;;LD- CIND POV  MARCOS RURAL- REM;EM EXECUÇÃO;;;;;;;;;;;;;;;;;;;;;;;;;;;
ESTRATÉGICA;9101708533;1058096;;REMANSO;;;;;RUBEM;6;74;;55,5;;;PLANO 14;75%;;;02/06/2025;31/07/2025;RUBEM;RUBEM;;;;;;;;;;DA PLANILHA;E799758;E799831;Junho 25;;;;;MP-CCOL-POV-PONTA DA SERRA-RURAL;NÃO INICIADA;;;;;;;;;;;;;;;;;;;;;;;;;;;
REPUTACIONAL;9101949445;1101591;;CASA NOVA;;;;;;0;176;;132;;;PLANO 7;75%;;;03/06/2025;31/07/2025;FERNANDO;PAULO JUNIOR;;;;;;;;;;DA PLANILHA;E777332;E777507;Junho 25;;;;;IT-GRUA-FAZ-PROJETO NILO COELH-RURAL-MOD;NÃO INICIADA;;R$ 299.200,00;;;;;;;;;;;;;;;;;;;;;;;;;
QLP;9102130432;1168465;;JUAZEIRO;;;;;;1;1;1;1;;;PLANO 7;100%;;;05/06/2025;14/06/2025;PEDRO BATISTA;ANDERSON;;;;;;;;;;DA PLANILHA;E799848;E799848;Junho 25;;;;;ER-CIND-POV-RURAL-LAGOA DOS CAVALOS;CONCLUIDA;10/06/2025;R$ 1.700,00;;;;;;;;;;;;;;;;;;;;;;;;;
QLP;9102103367;1157956;;JUAZEIRO;;;;;;0;1;1;1;;;PLANO 7;100%;;;06/06/2025;12/06/2025;PEDRO BATISTA;ANDERSON;;;;;;;;;;DA PLANILHA;E799845;E799845;Junho 25;;;;;ER-CIND-POV-MORCEGO-AGROVALE;CONCLUIDA;12/06/2025;R$ 1.700,00;;;;;;;;;;;;;;;;;;;;;;;;;
JUDICIAL;9101038464;806660;;PILÃO ARCADO;;OURO;;;EMERSON;19;208;;104;;;PLANO 14;50%;;;02/06/2025;31/07/0205;EMERSON;EMERSON;;;;;;;;;;DA PLANILHA ;E773493;E773700;Junho 25;;;;;MP-CCOL-POV. CHAMUSCADO-RURAL;EM EXECUÇÃO;;;;;;;;;;;;;;;;;;;;;;;;;;;
PRIORIDADE PLANO ANEEL;9102044592;1130710;;SOBRADINHO;;;;;;3;57;;57;;;PLANO 7;100%;;;;;;;;;;;;;;;;DA PLANILHA;E800527;E800583;Junho 25;;;;;ER-CCOL-FAZ TATUI 15-RURAL-CORRENTEZA;CANCELADA;;R$ 96.900,00;;;;;;;;;;;;;;;;;;;;;;;;;
EQUIPAMENTO;9102137497;1172482;;JUAZEIRO;;;;;;0;1;1;1;;;PLANO 8;100%;;;09/06/2025;28/06/2025;PEDRO BATISTA;ANDERSON;;;;;;;;;;DA PLANILHA;E799844;E799844;Junho 25;;;;;IE-RELIGADOR-NCU-01Z4-J00704;CONCLUIDA;;R$ 1.700,00;;;;;;;;;;;;;;;;;;;;;;;;;
AIC OBJETIVO;9102124064;1159873;;JUAZEIRO;;;;;;1;1;1;1;;;PLANO 7;100%;;;11/06/2025;16/06/2025;PEDRO BATISTA;ANDERSON;;;;;;;;;;DA PLANILHA;E799847;E799847;Junho 25;;;;;LD - CIND - POV - BARRA GRANDE - RURAL;CONCLUIDA;11/06/2025;R$ 1.700,00;;;;;;;;;;;;;;;;;;;;;;;;;
AIC OBJETIVO;9102125568;1160390;;JUAZEIRO;;;;;;1;1;1;1;;;PLANO 7;100%;;;12/06/2025;14/06/2025;PEDRO BATISTA;ANDERSON;;;;;;;;;;DA PLANILHA;E799846;E799846;Junho 25;;;;;UB-CIND-AV.JORGE KHOURY VILA SANTANA;CONCLUIDA;13/06/2025;R$ 1.700,00;;;;;;;;;;;;;;;;;;;;;;;;;
QLP;9101867742;1058100;;REMANSO;;;;;RUBEM;59;380;;0;;;PLANO 7;0%;;;;31/09/2025;RUBEM;RUBEM;;;;;;;;;;DA PLANILHA;E774354;E774683;Junho 25;;;;;AC-CIND-POV-PONTA DA SERRA-RURAL;NÃO INICIADA;;;;;;;;;;;;;;;;;;;;;;;;;;;
EQUIPAMENTO;9102140367;1171264;;REMANSO;;;;;;0;1;1;1;;;PLANO 8;100%;;;09/06/2025;11/06/2025;AILTON;PAULO JUNIOR;;;;;;;;;;DA PLANILHA;E799862;E799862;Junho 25;;;;;IE-RELIGADOR-CSN-01C5-J05899;CONCLUIDA;20/06/2025;R$ 1.700,00;;;;;;;;;;;;;;;;;;;;;;;;;
SOLICITAÇÃO ATENDIMENTO;9102156696;1180015;;JUAZEIRO;;;;;;1;1;0;1;;;PLANO 7;100%;;;27/06/2025;30/06/2025;PEDRO BATISTA;ANDERSON;;;;;;;;;;DA PLANILHA;E799861;E799861;Junho 25;;;;;ER-CIND-AV-DR JORGE KHOURY-MATA BURRO;CONCLUIDA;28/06/2025;R$ 1.700,00;;;;;;;;;;;;;;;;;;;;;;;;;
QLP;9101976713;1113834;;PILÃO ARCADO;;;;;;65;416;;41,6;;;PLANO 7;10%;;;20/06/2025;30/08/2025;DANIEL;PAULO JUNIOR;;;;;;;;;;DA PLANILHA;E799950;E800365;Junho 25;;;;;AC-CIND ESCOLA MUN.DE BREJINHO-RURAL;NÃO INICIADA;;;;;;;;;;;;;;;;;;;;;;;;;;;
EQUIPAMENTO;9102136954;1170871;;CASA NOVA;;;;;;0;1;1;1;;;PLANO 8;100%;;;18/06/2025;21/06/2025;DANIEL / AILTON;PAULO JUNIOR;;;;;;;;;;;;;Junho 25;;;;;IE-RELIGADOR-CSN-01C3-J06102;CONCLUIDA;;;;;;;;;;;;;;;;;;;;;;;;;;;
PRIORIDADE PLANO ANEEL;9102153932;1182613;;JUAZEIRO;;;;;;1;1;1;1;;;PLANO 7;100%;;;17/06/2025;23/06/2025;PEDRO BATISTA;ANDERSON;;;;;;;;;;DA PLANILHA;E799859;E799859;Junho 25;;;;;AC-CIND-FAZ-RIO SALITRE-RURAL;CONCLUIDA;17/06/2025;R$ 1.700,00;;;;;;;;;;;;;;;;;;;;;;;;;
REPUTACIONAL;9102132629;1161619;;JUAZEIRO;;MIGRAR ;;;;1;1;1;1;;;PLANO 7;100%;R$ 91.201,34;;15/06/2025;30/06/2025;MANUTEÇÃO;ANDERSON;;;;;;;;;;1020103/APROVADA;E725929;E725929;Junho 25;;;OK;;ER-CIND-FAZ-MASSAYO-RURAL;CONCLUIDA;12/06/2025;R$ 1.700,00;;;;;;;;;;;;;;;;;;;;;;;;;
EQUIPAMENTO;9102136919;1170266;;CASA NOVA;;;;;;0;1;1;1;;;PLANO 8;100%;R$ 98.146,95;;16/06/2025;19/06/2025;AILTON;PAULO JUNIOR;;;;;;;;;;DA PLANILHA;E777197;E777197;Junho 25;;;;;IE-RELIGADOR-CSN-01C3-G58377;CONCLUIDA;21/06/2025;R$ 1.700,00;;;;;;;;;;;;;;;;;;;;;;;;;
RECLAMAÇÃO;9102163350;1185415;;SOBRADINHO;;MIGRAR ;;;;1;1;1;1;;;PLANO 7;100%;R$ 33.004,23;;03/06/2025;03/06/2025;JUAREZ;SANTIAGO;;;;;;;;;;DA PLANILHA;E778060;E778060;Junho 25;;;OK;;AC-CIND-POV-CHAPADINHA-RURAL-SOBRADINHO;CONCLUIDA;03/06/2025;R$ 1.700,00;;;;;;;;;;;;;;;;;;;;;;;;;
JUDICIAL;9100096585;515938;;REMANSO;;OURO;;;JORGE;21;1392;;835,2;;;PLANO 14;60%;;;02/06/2025;31/08/2025;JORGE;JORGE;;;;;;;;;;DA PLANILHA ;E618988;E619487;Junho 25;;;;;MP-CCOL-FAZ SERRA BRANCA E ARRED.-RURAL;NÃO INICIADA;;;;;;;;;;;;;;;;;;;;;;;;;;;
EQUIPAMENTO;9102136917;1170253;;CASA NOVA;;ENTREGA;;;;0;1;1;1;;;PLANO 8;100%;R$ 93.430,26;;02/06/2025;02/05/2025;DANIEL;PAULO JUNIOR;;;;;;;;;;DA PLANILHA;E777196;E777196;Junho 25;;;OK;;IE-RELIGADOR-CSN-01C6-J54312;CONCLUIDA;02/06/2025;R$ 1.700,00;;;;;;;;;;;;;;;;;;;;;;;;;
AIC OBJETIVO;9102095255;1151010;;CASA NOVA;;;;;;1;0;0;0;;;PLANO 7;100%;;;14/06/2025;14/06/2025;;;;;;;;;;;;;;;Junho 25;;;;;AC-REG.FV-CIND-POV PEDRA GRANDE 160-RURA;CONCLUIDA;;;;;;;;;;;;;;;;;;;;;;;;;;;
ESTRATÉGICA;9102089916;1151587;;JUAZEIRO;;;;;;1;0;0;0;;;PLANO 7;100%;;;12/06/2025;16/06/2025;PEDRO BATISTA;ANDERSON;;;;;;;;;;0 POSTE;;;Junho 25;;;;;ER-CIND-POV-MANICOBA 29-RURAL;CONCLUIDA;13/06/2025;R$ 0,00;;;;;;;;;;;;;;;;;;;;;;;;;
AIC AUDITORIA;9102149357;1176366;;CAMPO ALEGRE DE LOURDES;MIGRAR;MIGRAR;;;;1;3;;3;;;PLANO 7;100%;;;15/07/2025;30/07/2025;MANUTENÇÃO;ANDERSON;;;;;;;;;;DA PLANILHA;E800651;E800653;Julho 25;;;;;RU-CIND-RUA-DAS PALMEIRAS-CENTRO;EM EXECUÇÃO;;;;;;;;;;;;;;;;;;;;;;;;;;;
EQUIPAMENTO;9102136937;1170528;;CASA NOVA;ENTREGA;;;;;0;1;;1;;;8.2.2.3;100%;R$ 124.894,00;;21/07/2025;22/07/2025;JUAREZ;PAULO JUNIOR;DIEGO CARVALHO;-9,13466;-41,6741;;;;;;;DA PLANILHA;E819660;E819660;Julho 25;;;APP;;IE-RELIGADOR-SBC-09S1-N61190;EM EXECUÇÃO;;R$ 1.700,00;;;R$ 24.978,80;;;;;;;;;;;;;;;;;;;;;;
JUDICIAL;9101038464;806660;;PILÃO ARCADO;;OURO;;;;19;205;205;205;;;14.4.12.1;100%;R$ 1.517.428,63;;01/06/2025;20/07/2025;EMERSON;EMERSON;MARLOS LOPES;0;0;;;;;;;DA PLANILHA ;E773493;E773700;Julho 25;;;;;MP-CCOL-POV. CHAMUSCADO-RURAL;CONCLUIDA;;R$ 348.500,00;;;R$ 303.485,73;;;;;;;;;;;;;;;;;;;;;;
GOVERNO;9002156455;224007;;CASA NOVA;MIGRAR;OURO;;;DETONAÇÃO;3;27;;27;;;;100%;R$ 264.602,50;;21/07/2025;31/07/2025;MAURICIO;PAULO JUNIOR;DIEGO CARVALHO;-9,60687;-41,7955;;;;;;;DA PLANILHA;E819990;E820016;Julho 25;;;;;MP-CCOL-POV SANTANA DO SOBRADO -RURAL;EM EXECUÇÃO;;R$ 45.900,00;;;R$ 52.920,50;;;;;;;;;;;;;;;;;;;;;;
REPUTACIONAL;9102031594;1128536;;CASA NOVA;AVANÇO;OURO;;;;17;166;;33,2;;;14.4.12.1;20%;R$ 1.425.753,93;;28/07/2025;31/10/2025;AILTON / SILVONEY;PAULO JUNIOR;DIEGO CARVALHO;-9,62639;-41,8385;;;;;;;DA PLANILHA;E819709;E819874;Julho 25;;;;;MP-CCOL-POV-XIQUE XIQUE-RURAL;NÃO INICIADA;;R$ 282.200,00;;;R$ 285.150,79;;;;;;;;;;;;;;;;;;;;;;
REPUTACIONAL;9101949445;1101591;;CASA NOVA;;;;;;0;168;168;168;;;PLANO 7;100%;;;03/06/2025;15/07/2025;FERNANDO;SANTIAGO;;;;;;;;;;DA PLANILHA;E777332;E777507;Julho 25;;;;;IT-GRUA-FAZ-PROJETO NILO COELH-RURAL-MOD;CONCLUIDA;;R$ 285.600,00;;;;;;;;;;;;;;;;;;;;;;;;;
AL/MELHORAMENTO;9102150020;1187057;;CURAÇÁ;MIGRAR;;;;SEM ACESSO;0;1;;1;;;8.2.2.3;100%;R$ 110.153,52;;22/07/2025;23/07/2025;JUAREZ;PAULO JUNIOR;CARLOS EDUARDO;-9,05313;-39,956;;;;;;;DA PLANILHA;E819661;E819661;Julho 25;;;;;IE-RELIGADOR-NCU-01Z1-J51080;NÃO INICIADA;;R$ 1.700,00;;;R$ 22.030,70;;;;;;;;;;;;;;;;;;;;;;
SOLICITAÇÃO ATENDIMENTO;9102185500;1190327;;CASA NOVA;;;;;;0;0;;0;;;8.3.2.3;100%;R$ 10.062,33;;;;;;DIEGO CARVALHO;0;0;;;;;;;0 POSTE;;;Julho 25;;;;;RC-CIND-FAZ-CASA NOVA-RURAL;RETIRADA ;MES 08/2025 GEOX;R$ 0,00;;;R$ 2.012,47;;;;;;;;;;;;;;;;;;;;;;
RECLAMAÇÃO;9101865235;1062682;;REMANSO;;;;;;5;76;76;76;;;;100%;R$ 480.196,00;;01/07/2025;22/07/2025;AILTON / SILVONEY;PAULO JUNIOR;DEBORAH LUMA;-9,50688;-42,0601;;;;;;;DA PLANILHA;E800366;E800435;Julho 25;;;;;LD- CIND POV MARCOS RURAL- REM;CONCLUIDA;;R$ 129.200,00;;;R$ 96.039,20;;;;;;;;;;;;;;;;;;;;;;
RECLAMAÇÃO;9102112129;1159828;;CURAÇÁ;MIGRAR;;;;;1;3;;3;;;7.1.2.3;100%;R$ 28.600,08;;30/07/2025;31/07/2025;FABIO;EDIE JONNES;CARLOS EDUARDO;-8,72027;-39,6778;;;;;;;DA PLANILHA;E819657;E819659;Julho 25;;;;;ER-CIND-FAZ-ANGICO-ARVORE;NÃO INICIADA;;R$ 5.100,00;;;R$ 5.720,02;;;;;;;;;;;;;;;;;;;;;;
AIC OBJETIVO;9101708533;1058096;;REMANSO;;;;;RUBEM;6;74;75;74;;;14.4.12.1;100%;R$ 555.795,74;;07/07/2025;31/08/2025;RUBEM;RUBEM;DEBORAH LUMA;-9,39231;-42,193;;;;;;;DA PLANILHA;E799758;E799831;Julho 25;;;;;MP-CCOL-POV-PONTA DA SERRA-RURAL;CONCLUIDA;;R$ 125.800,00;;;R$ 111.159,15;;;;;;;;;;;;;;;;;;;;;;
GOVERNO;9102242592;1202706;;CURAÇÁ;MIGRAR;OURO;;;DETONAÇÃO;1;4;;4;;;7.1.1.3;100%;R$ 62.385,22;;24/07/2025;28/07/2025;FABIO;EDIE JONNES;CARLOS EDUARDO;-8,98791;-39,9066;;;;;;;DA PLANILHA;E819958;E819961;Julho 25;;;APP;;AC-CIND-RUA-LEOVIGILDO M ALMEIDA-CENTRO;ESCAVAÇÃO;;R$ 6.800,00;;;R$ 12.477,04;;;;;;;;;;;;;;;;;;;;;;
QLP;9102060561;1138495;;UAUÁ;;MIGRAR;;;;1;41;41;41;;;PLANO 7;100%;;;01/07/2025;04/07/2025;JOÃO BATISTA;EDIE JONNES;CARLOS EDUARDO;;;;;;;;;DA PLANILHA;E800584;E800624;Julho 25;;;OK;;ER-CIND-RUA-DA BARRAGEM-PEDRA GRANDE;CONCLUIDA;02/07/2025;R$ 69.700,00;;;;;;;;;;;;;;;;;;;;;;;;;
AL/MELHORAMENTO;9102089660;1149015;;CASA NOVA;;;;;;0;1;;1;;;8.4.1.3;100%;R$ 56.377,64;;;;;;DIEGO CARVALHO;-9,36909;-40,7985;;;;;;;DA PLANILHA;E819656;E819656;Julho 25;;;;;IE-BANCO CAPACITOR-MND-01N3;RETIRADA ;MES 09/2025 GEOX;R$ 1.700,00;;;R$ 11.275,53;;;;;;;;;;;;;;;;;;;;;;
QLP;9101561021;960856;;CURAÇÁ;MIGRAR;;;;DEPENDE ER;7;27;;27;;;7.1.2.3;100%;R$ 102.908,49;;16/07/2025;29/07/2025;FABIO;EDIE JONNES;CARLOS EDUARDO;0;0;;;;;;;DA PLANILHA;E819625;E819651;Julho 25;;;APP;;AC-REG-FV-CIND-POV BARRO VERMELHO-BARRO-;EM EXECUÇÃO;;R$ 45.900,00;;;R$ 20.581,70;;;;;;;;;;;;;;;;;;;;;;
RECLAMAÇÃO;9102093355;1156209;;CURAÇÁ;;MIGRAR;;;;2;37;41;37;;;PLANO 7;100%;R$ 374.111,28;;03/07/2025;20/07/2025;JOÃO BATISTA;EDIE JONNES;;;;;;;;;;DA PLANILHA;E773943;E773979;Julho 25;;;;;AC REG FV CIND FAZ CAPUCHU 16 RURAL;CONCLUIDA;;R$ 62.900,00;;;;;;;;;;;;;;;;;;;;;;;;;
PRIORIDADE PLANO ANEEL;9102143728;1172127;;SENTO SÉ;;;;;;1;1;;1;;;7.1.1.3;100%;R$ 37.881,75;;;;;;SANDRO DUARTE;-9,83601;-41,7652;;;;;;;DA PLANILHA;E819373;E819373;Julho 25;;;;;UB CIND RUA DO CASCALHO - CENTRO;RETIRADA ;MES 09/2025 GEOX;R$ 1.700,00;;;R$ 7.576,35;;;;;;;;;;;;;;;;;;;;;;
JUDICIAL;9101293497;921232;;CURAÇÁ;MIGRAR;OURO;;;DETONAÇÃO;6;70;;70;;;;100%;R$ 368.797,60;;07/07/2025;31/07/2025;GISMARIO;EDIE JONNES;CARLOS EDUARDO;-9,43326;-39,8093;;;;;;;DA PLANILHA;E799688;E799757;Julho 25;;;APP;;ER-CIND-POV BARRO VERMELHO-BARRO-CRC;EM EXECUÇÃO;;R$ 119.000,00;;;R$ 73.759,52;;;;;;;;;;;;;;;;;;;;;;
JUDICIAL;9102238517;1196129;;PILÃO ARCADO;;MIGRAR;;;OURO;2;36;36;36;;;PLANO 7;100%;;;01/07/2025;26/07/2025;AILTON / SILVONEY;PAULO JUNIOR;;;;;;;;;;DA PLANILHA;E799894;E799934;Julho 25;;;OK;;ER-CIND-POV-POCO DANTAS-PEDRA BRANCA;CONCLUIDA;;R$ 61.200,00;;;;;;;;;;;;;;;;;;;;;;;;;
GOVERNO;9102125670;1159894;;JUAZEIRO;AVANÇO;OURO;;;;0;66;;49,5;;;7.1.1.3;75%;R$ 1.460.659,08;;01/07/2025;30/10/2025;IVONALDO;EDIE JONNES;VICTOR COSTA;-9,46654;-40,5;;;;;;;DA PLANILHA ;E750526;E750585;Julho 25;;;;;UB-CIND-RUA-JUAZEIRO-2;NÃO INICIADA;;R$ 112.200,00;;;R$ 292.131,82;;;;;;;;;;;;;;;;;;;;;;
REPUTACIONAL;9102139558;1162074;;JUAZEIRO;AVANÇO;OURO;;;;0;65;;32,5;;;7.1.2.3;50%;R$ 1.466.884,47;;30/07/2025;31/08/2025;JUAREZ ;SANTIAGO;VICTOR COSTA;-9,45708;-40,3572;;;;;;;DA PLANILHA;E819397;E819461;Julho 25;;;;;AC-CIND-FAZ-MASSAYO-RURAL;NÃO INICIADA;;R$ 110.500,00;;;R$ 293.376,89;;;;;;;;;;;;;;;;;;;;;;
RECLAMAÇÃO;9102086709;1152831;;JUAZEIRO;AVANÇO;;;;;1;24;;12;;;PLANO 14;50%;R$ 225.254,43;;23/07/2025;31/08/2025;IVONALDO;EDIE JONNES;VICTOR COSTA;-9,5598;-40,4352;;;;;;;DA PLANILHA;E819561;E819584;Julho 25;;;APP;;LD-CIND POV.CARNAIBA DO SERTÃO;NÃO INICIADA;;R$ 40.800,00;;;R$ 45.050,89;;;;;;;;;;;;;;;;;;;;;;
RECLAMAÇÃO;9102034763;1137111;;JUAZEIRO;MIGRAR;;;;DETONAÇÃO;4;17;;17;;;;100%;R$ 115.345,67;;16/07/2025;26/07/2025;PAULO;EDIE JONNES;CARLOS EDUARDO;-9,37832;-40,2753;;;;;;;DA PLANILHA;E819585;E819601;Julho 25;;;;;RR-CCOL-POV-MASSAPE-RURAL-BOQUEIRAO;EM EXECUÇÃO;;R$ 28.900,00;;;R$ 23.069,13;;;;;;;;;;;;;;;;;;;;;;
AIC AUDITORIA;9102089656;1146808;;SOBRADINHO;;;;;;0;2;;2;;;8.4.1.1;100%;R$ 220.179,74;;;;;;SANDRO DUARTE;-9,5065;-40,9627;;;;;;;DA PLANILHA;E819652;E819653;Julho 25;;;;;NT-RECOND-SBO-01S4-Q026158-Q026726;RETIRADA ;MES 09/2025 GEOX;R$ 3.400,00;;;R$ 44.035,95;;;;;;;;;;;;;;;;;;;;;;
RECLAMAÇÃO;9101967243;1112429;;JUAZEIRO;;MIGRAR;;;;3;35;35;35;;;PLANO 14;100%;;;03/06/2025;03/07/2025;JACSON;SANTIAGO;;;;;;;;;;DA PLANILHA;E800494;E800526;Julho 25;;;OK;;MP-CIND-POV-JAZIDA RURAL;CONCLUIDA;01/07/2025;R$ 59.500,00;;;;;;;;;;;;;;;;;;;;;;;;;
RECLAMAÇÃO;9102021225;1129437;;JUAZEIRO;MIGRAR;MIGRAR;;;;1;15;;15;;;PLANO 7;100%;;;09/08/2025;15/08/2025;PEDRO LINO;ANDERSON;;;;;;;;;;;;;Julho 25;;;OK;;LD CIND FAZ MANI OBA VELHA RURAL;ESCAVAÇÃO;;R$ 25.500,00;;;;;;;;;;;;;;;;;;;;;;;;;
SOLICITAÇÃO ATENDIMENTO;9101996009;1119796;;JUAZEIRO;MIGRAR;MIGRAR;;;DETONAÇÃO;1;12;;12;;;PLANO 14;100%;;;16/07/2025;25/07/2025;IVONALDO;EDIE JONNES;;;;;;;;;;DA PLANILHA;E820164;E820175;Julho 25;;;OK;;RR-CIND-FAZ-FRADE-CANOA;ESCAVAÇÃO;;R$ 20.400,00;;;;;;;;;;;;;;;;;;;;;;;;;
INTERV SEGURANÇA;9102244605;1197173;;JUAZEIRO;MIGRAR;MIGRAR;;;MANOBRA;0;8;;8;;;PLANO 8;100%;;;15/07/2025;30/07/2025;PEDRO BATISTA;EDIE JONNES;;;;;;;;;;DA PLANILHA;E777259;E777266;Julho 25;;;OK;;IS-COEL-AV-MARIA DA G  DE JESUS-J  VITOR;RETIRADA ;;R$ 13.600,00;;;;;AGOSTO;;;;;;;;;;;;;;;;;;;;
QLP;9102075676;1157515;;CURAÇÁ;;MIGRAR;;;;1;31;31;31;;;PLANO 7;100%;;;01/07/2025;12/07/2025;GISMARIO;EDIE JONNES;;;;;;;;;;DA PLANILHA ;E799580;E799609;Julho 25;;;OK;;MP-CIND-POV.RURAL;CONCLUIDA;;R$ 52.700,00;;;;;;;;;;;;;;;;;;;;;;;;;
PRIORIDADE PLANO ANEEL;9102100385;1157155;;JUAZEIRO;MIGRAR;;;;DETONAÇÃO;1;3;;3;;;7.1.1.3;100%;R$ 42.065,35;;16/07/2025;25/07/2025;PEDRO BATISTA ;EDIE JONNES;VICTOR COSTA;-9,59304;-40,4201;;;;;;;DA PLANILHA;E820017;E820019;Julho 25;;;APP;;UB-CIND-ROD-LOMANTO-CARNAIBA DO SERTAO;ESCAVAÇÃO;;R$ 5.100,00;;;R$ 8.413,07;;;;;;;;;;;;;;;;;;;;;;
PRIORIDADE PLANO ANEEL;9102243605;1203210;;UAUÁ;;;;;;1;19;19;19;;;7.1.2.3;100%;R$ 98.759,62;;18/07/2025;28/07/2025;JOÃO BATISTA;EDIE JONNES;CARLOS EDUARDO;-9,81495;-39,5477;;;;;;;DA PLANILHA;E820037;E820063;Julho 25;;;APP;;ER-CIND-FAZ- LAPAO -RURAL;CONCLUIDA;;R$ 32.300,00;;;R$ 19.751,92;;;;;;;;;;;;;;;;;;;;;;
JUDICIAL;9101986443;1119499;;JUAZEIRO;;OURO;;;;1;11;11;11;;;14.4.12.1;100%;R$ 87.270,58;;03/07/2025;12/07/2025;PEDRO BATISTA;EDIE JONNES;VICTOR COSTA;-9,58219;-40,3779;;;;;;;DA PLANILHA;E819948;E819957;Julho 25;;;OK;;RR-CIND-POV-CARNAIBA DE DENTRO-RURAL;CONCLUIDA;;R$ 18.700,00;;;R$ 17.454,12;;;;;;;;;;;;;;;;;;;;;;
QLP;9102019137;1127877;;JUAZEIRO;MIGRAR;MIGRAR;;;DETONAÇÃO;1;2;;2;;;PLANO 7;100%;;;17/07/2025;31/07/2025;PEDRO BATISTA;EDIE JONNES;;;;;;;;;;DA PLANILHA;E799867;E799868;Julho 25;;;;;ER-CIND-POV-CURACA-RURAL;ESCAVAÇÃO;;R$ 3.400,00;;;;;;;;;;;;;;;;;;;;;;;;;
REPUTACIONAL;9102011034;1122838;;CASA NOVA;;;;;;0;11;11;11;;;PLANO 7;100%;;;25/06/2025;21/07/2025;AILTON / SILVONEY;PAULO JUNIOR;;;;;;;;;;DA PLANILHA;E799849;E799858;Julho 25;;;OK;;RR-CIND-FAZ-PROJETO NILO COELHO-CASA NOV;CONCLUIDA;;R$ 18.700,00;;;;;;;;;;;;;;;;;;;;;;;;;
REPUTACIONAL;9102248113;1203217;;JUAZEIRO;ENTREGA;OURO;;;;1;2;;2;;;7.1.2.3;100%;R$ 43.486,87;;17/07/2025;23/07/2025;PEDRO BATISTA;EDIE JONNES;DIEGO CARVALHO;0;0;;;;;;;DA PLANILHA;E820023;E820024;Julho 25;;;;;AC-CIND-ROD-BA 210-VL TIRADENTES;ESCAVAÇÃO;;R$ 3.400,00;;;R$ 8.697,37;;;;;;;;;;;;;;;;;;;;;;
EQUIPAMENTO;9102103396;1136743;;JUAZEIRO;MIGRAR;MIGRAR;;;;0;2;;2;;;PLANO 7;100%;R$ 423.821,91;;01/06/2025;20/07/2025;FABIO/ FERNANDO;SANTIAGO;;;;;;;;;;DA PLANILHA;E774768;E774769;Julho 25;;;OK;;EQ-CIND-POV-CURAÇA PEQUENO-RURAL;EM EXECUÇÃO;;R$ 3.400,00;;;;;;;;;;;;;;;;;;;;;;;;;
ESTRATÉGICA;9102045961;1135898;;JUAZEIRO;;MIGRAR;;;;1;6;6;6;;;PLANO 7;100%;;;30/06/2025;01/07/2025;PEDRO BATISTA;ANDERSON;;;;;;;;;;DA PLANILHA;E774746;E774748;Julho 25;;;OK;;ER-CIND-POV-CARNAIBA DO SERTAO-RURAL;CONCLUIDA;01/07/2025;R$ 10.200,00;;;;;;;;;;;;;;;;;;;;;;;;;
AL/MELHORAMENTO;9102083111;1144762;;UAUÁ;;;;;;0;6;;3;;;1.2.2.2.3;50%;R$ 458.444,21;;;;;;;-9,8468;-39,4664;;;;;;;DA PLANILHA;E800645;E800650;Julho 25;;;;;PT UAU 34 5 13 8KV;RETIRADA ;VIA E-MAIL;R$ 10.200,00;;;R$ 91.688,84;;;;;;;;;;;;;;;;;;;;;;
SOLICITAÇÃO ATENDIMENTO;9102128816;1164275;;JUAZEIRO;;;;;;0;5;5;5;;;;100%;R$ 9.556,13;;09/07/2025;15/07/2025;PEDRO BATISTA;EDIE JONNES;VICTOR COSTA;-9,43963;-40,5205;;;;;;;DA PLANILHA;E820025;E820026;Julho 25;;;OK;;IS-CIND-RUA-AGUAS BELAS-MALHADA DA AREIA;CONCLUIDA;;R$ 8.500,00;;;R$ 1.911,23;;;;;;;;;;;;;;;;;;;;;;
RECLAMAÇÃO;9102158308;1182674;;JUAZEIRO;;MIGRAR;;;;1;5;5;5;;;PLANO 7;100%;;;28/07/2025;29/07/2025;PAULO;EDIE JONNES;;;;;;;;;;DA PLANILHA;E799882;E799886;Julho 25;;;;;ER-CIND-POV-SERRA DOS ESPINHOS-RURAL;CONCLUIDA;;R$ 8.500,00;;;;;;;;;;;;;;;;;;;;;;;;;
AIC OBJETIVO;9102087522;1145356;;CASA NOVA;;MIGRAR;;;;1;4;4;4;;;PLANO 7;100%;;;01/07/2025;07/07/2025;JORGE;JORGE;;;;;;;;;;;;;Julho 25;;;OK;;ER-CIND-SI-BARRO RACHADO 145 --A-RURAL;CONCLUIDA;01/07/2025;;;;;;;;;;;;;;;;;;;;;;;;;;
PRIORIDADE PLANO ANEEL;9102163775;1188220;;JUAZEIRO;;;;;;0;3;1;3;;;7.1.1.3;100%;R$ 69.409,41;;22/07/2025;28/07/2025;PEDRO BATISTA ;EDIE JONNES;SANDRO DUARTE;-9,42992;-40,5102;;;;;;;DA PLANILHA;E820020;E820022;Julho 25;;;;;AC-CIND-RUA-TITO NUNES DE S-JARDIM FLOR;CONCLUIDA;;R$ 5.100,00;;;R$ 13.881,88;;;;;;;;;;;;;;;;;;;;;;
QLA;9101725732;1009250;;SENTO SÉ;;MIGRAR;;;;;3;3;3;;;PLANO 7;100%;R$ 23.591,18;;23/07/2025;28/07/2025;JACSON;SANTIAGO;;;;;;;;;;DA PLANILHA;E800436;E800438;Julho 25;;; ;;ER CIND POV BREJO DE FORA RURAL;CONCLUIDA;;R$ 5.100,00;;;;;;;;;;;;;;;;;;;;;;;;;
REPUTACIONAL;9102158345;1183107;;JUAZEIRO;MIGRAR;OURO;;;S/ EQUIPAMENTO;0;0;;0;;;7.1.2.3;100%;R$ 677.454,86;;30/07/2025;30/07/2025;PAULO;EDIE JONNES;CARLOS EDUARDO;-9,35344;-39,9153;;;;;;;0 POSTE;;;Julho 25;;;;;EQ-GRUA-CJN-MINERACAO CARAIBA-RURAL;NÃO INICIADA;;R$ 0,00;;;R$ 135.490,97;;;;;;;;;;;;;;;;;;;;;;
PRIORIDADE PLANO ANEEL;9102219759;1196624;;JUAZEIRO;MIGRAR;;;;;1;0;;0;;;7.1.1.3;100%;R$ 36.142,11;;09/07/2025;16/07/2025;PEDRO BATISTA;EDIE JONNES;VICTOR COSTA;-9,44444;-40,5154;;;;;;;0 POSTE;;;Julho 25;;;;;AC-CIND-RUA-MALHADA DA AREIA-MALHADA DA;NÃO INICIADA;;R$ 0,00;;;R$ 7.228,42;;;;;;;;;;;;;;;;;;;;;;
PRIORIDADE PLANO ANEEL;9102223744;1196674;;REMANSO;;MIGRADA;;;;3;2;2;2;;;PLANO 7;100%;;;23/06 2025;11/07/2025;MANUTENÇÃO;ANDERSON;;;;;;;;;;DA PLANILHA;E799935;E799936;Julho 25;;;OK;;UB-CIND-RUA-DOS UMBUZEIROS-QUADRA 14;CONCLUIDA;;R$ 3.400,00;;;;;;;;;;;;;;;;;;;;;;;;;
RECLAMAÇÃO;9101980788;1116565;;SENTO SÉ;;;;;;1;23;;23;;;7.1.2.3;100%;R$ 311.462,91;;;;;;SANDRO DUARTE;-10,1037;-42,147;;;;;;;DA PLANILHA;E819374;E819396;Julho 25;;;;;MP-CIND-POV-MALVINAS 1000-RURAL-MOD;RETIRADA ;MES 08/2025 GEOX;R$ 39.100,00;;;R$ 62.292,58;;;;;;;;;;;;;;;;;;;;;;
PRIORIDADE PLANO ANEEL;9102014842;1126389;;SENTO SÉ;;;;;;4;23;;23;;;7.1.2.3;100%;R$ 276.630,49;;;;;;SANDRO DUARTE;-9,81627;-41,7899;;;;;;;DA PLANILHA;E819602;E819624;Julho 25;;;;;LD-CCOL-FAZ.RIACHO-RURAL;RETIRADA ;MES 09/2025 GEOX;R$ 39.100,00;;;R$ 55.326,10;;;;;;;;;;;;;;;;;;;;;;
GOVERNO;9102096483;1132085;;PILÃO ARCADO;AVANÇO;OURO;;;;11;26;;13;;;7.1.2.3;50%;R$ 243.570,88;;07/07/2025;31/07/2025;MAURICIO;PAULO JUNIOR;DEBORAH LUMA;-10,5569;-42,6234;;;;;;;DA PLANILHA;E799629;E799654;Julho 25;;;;;ER-SEIN-RUA-DAS FLORES-XIQUE-XIQUE;NÃO INICIADA;;R$ 44.200,00;;;R$ 48.714,18;;;;;;;;;;;;;;;;;;;;;;
PRIORIDADE PLANO ANEEL;9102296030;1207050;;JUAZEIRO;;;;;;13;2;2;2;;;;100%;R$ 11.027,65;;24/07/2025;28/04/2025;PEDRO BATISTA;EDIE JONNES;SANDRO DUARTE;-9,91528;-40,6487;;;;;;;DA PLANILHA;E820027;E820028;Julho 25;;;APP;;ER-CIND-RUA 6-CURRAL VELHO-RURAL;CONCLUIDA;;R$ 3.400,00;;;R$ 2.205,53;;;;;;;;;;;;;;;;;;;;;;
QLP;9101976713;1113834;;PILÃO ARCADO;AVANÇO;;;;;65;416;;208;;;7.1.2.3;50%;R$ 5.286.667,64;;10/07/2025;31/10/2025;AILTON / SILVONEY;PAULO JUNIOR;DEBORAH LUMA;-9,93313;-42,9012;;;;;;;DA PLANILHA;E799950;E800365;Julho 25;;;;;AC-CIND ESCOLA MUN.DE BREJINHO-RURAL;EM EXECUÇÃO;;R$ 707.200,00;;;R$ 1.057.333,53;;;;;;;;;;;;;;;;;;;;;;
EQUIPAMENTO;9102237181;1195081;;REMANSO;MIGRAR;;;;;0;2;;2;;;7.1.2.3;100%;R$ 289.857,73;;24/07/2025;25/07/2025;JUAREZ;PAULO JUNIOR;DEBORAH LUMA;-9,60195;-42,0841;;;;;;;DA PLANILHA;E819654;E819655;Julho 25;;;APP;;EQ COEL ROD BR 324 RURAL;NÃO INICIADA;;R$ 3.400,00;;;R$ 57.971,55;;;;;;;;;;;;;;;;;;;;;;
RECLAMAÇÃO;9102238043;1196757;;REMANSO;MIGRAR;;;;;1;3;;3;;;7.1.2.3;100%;R$ 35.667,97;;30/07/2025;31/07/2025;MAURICIO;PAULO JUNIOR;DEBORAH LUMA;-9,41129;-42,2933;;;;;;;DA PLANILHA;E820034;E820036;Julho 25;;;;;ER-CIND-POV-NEGROS-RURAL;RETIRADA ;;R$ 5.100,00;;;R$ 7.133,59;;;;;;;;;;;;;;;;;;;;;;
PRIORIDADE PLANO ANEEL;9102243371;1206107;;JUAZEIRO;;;;;;2;1;1;1;;;7.1.2.3;100%;R$ 19.696,93;;21/07/2025;26/07/2025;PEDRO BATISTA;EDIE JONNES;VICTOR COSTA;-9,60562;-40,4067;;;;;;;DA PLANILHA;E820031;E820031;Julho 25;;;APP;;ER-CIND-FAZ-ROCA BICO-CARNAIBA DO SERTAO;CONCLUIDA;;R$ 1.700,00;;;R$ 3.939,39;;;;;;;;;;;;;;;;;;;;;;
PRIORIDADE PLANO ANEEL;9102162251;1187055;;JUAZEIRO;;;;;;1;1;1;1;;;7.1.1.3;100%;R$ 27.909,01;;23/07/2025;30/07/2025;PEDRO BATISTA;EDIE JONNES;SANDRO DUARTE;-9,43129;-40,5087;;;;;;;DA PLANILHA;E820032;E820032;Julho 25;;;OK;;UB-CIND-AV-COMISSAO DO VALE-PIRANGA;CONCLUIDA;;R$ 1.700,00;;;R$ 5.581,80;;;;;;;;;;;;;;;;;;;;;;
PRIORIDADE PLANO ANEEL;9102034008;1129174;;PILÃO ARCADO;;MIGRAR;;;;5;33;;33;;;PLANO 7;100%;;;;;EMERSON;EMERSON;;;;;;;;;;DA PLANILHA;E799655;E799687;Julho 25;;;;;MP CIND POV LAGOINHA RURAL;RETIRADA ;MES 09/2025 GEOX;;;;;;;;;;;;;;;;;;;;;;;;;;
PRIORIDADE PLANO ANEEL;9102226312;1198630;;JUAZEIRO;;;;;;0;1;1;1;;;7.1.1.3;100%;R$ 35.483,45;;30/07/2025;31/07/2025;PEDRO BATISTA;EDIE JONNES;VICTOR COSTA;-9,44907;-40,4818;;;;;;;DA PLANILHA;E820033;E820033;Julho 25;;;APP;;AC-CIND-AV-S O FRANCISCO-CENTRO;CONCLUIDA;;R$ 1.700,00;;;R$ 7.096,69;;;;;;;;;;;;;;;;;;;;;;
NOVOS QUESTIONAMENTOS ANEEL;9102012793;1125892;;CASA NOVA;;OURO;;;;1;0;0;0;;;7.1.2.3;100%;R$ 23.350,54;;18/07/2025;24/07/2025;JUAREZ;SANTIAGO;DIEGO CARVALHO;-9,35989;-40,7906;;;;;;;0 POSTE;;;Julho 25;;;OK;;ER-CIND-ROD-BR 349 KM 20 20-RURAL;CONCLUIDA;;R$ 0,00;;;R$ 4.670,11;;;;;;;;;;;;;;;;;;;;;;
RECLAMAÇÃO;9101976965;1119147;;REMANSO;AVANÇO;;;;;10;73;;24,09;;;;33%;R$ 982.444,23;;30/07/2025;26/09/2025;SILVONEY;PAULO JUNIOR;DEBORAH LUMA;-9,59217;-42,2454;;;;;;;DA PLANILHA;E819875;E819947;Julho 25;;;;;MP - CIND - POV. JATOBÁ - RURAL;NÃO INICIADA;MES 08 E 09 GEOX;R$ 124.100,00;;;R$ 196.488,85;;;;;;;;;;;;;;;;;;;;;;
PRIORIDADE PLANO ANEEL;9102245046;1201511;;JUAZEIRO;;;;;;1;0;0;0;;;7.1.1.3;100%;R$ 50.509,70;;28/07/2025;31/07/2025;PEDRO BATISTA;EDIE JONNES;CARLOS EDUARDO;-9,43767;-40,483;;;;;;;DA PLANILHA;E820029;E820030;Julho 25;;;APP;;AC-CIND-RUA-SOLEVANTE-TABULEIRO;CONCLUIDA;;R$ 0,00;;;R$ 10.101,94;;;;;;;;;;;;;;;;;;;;;;
PRIORIDADE PLANO ANEEL;9102093696;1150198;;CASA NOVA;;;;;;0;42;;42;;;7.1.2.3;100%;R$ 214.357,80;;;;;;DIEGO CARVALHO;-9,26344;-41,5417;;;;;;;DA PLANILHA;E819662;E819703;Julho 25;;;;;ER-CIND-POV-LAGEDO-RURAL;RETIRADA ;VIA EMAIL;R$ 71.400,00;;;R$ 42.871,56;;;;;;;;;;;;;;;;;;;;;;
PRIORIDADE PLANO ANEEL;9102254766;1205491;;JUAZEIRO;;;;;;1;44;;44;;;7.1.2.5;100%;R$ 124.874,66;;;;;;CARLOS EDUARDO;0;0;;;;;;;DA PLANILHA;E819462;E819505;Julho 25;;;;;MP-CIND-RUA CURACA PEQUENO 10-CENTRO;RETIRADA ;VIA E-MAIL;R$ 74.800,00;;;R$ 24.974,93;;;;;;;;;;;;;;;;;;;;;;
PRIORIDADE PLANO ANEEL;9102148206;1173188;;JUAZEIRO;;;;;;1;0;0;0;;;;100%;R$ 24.510,02;;31/07/2025;31/07/2025;PAULO;EDIE JONNES;VICTOR COSTA;-9,4673;-40,4815;;;;;;;0 POSTE;;;Julho 25;;;OK;;UB-CIND-ROD-BR 407-TANCREDO NEVES;CONCLUIDA;;R$ 0,00;;;R$ 4.902,00;;;;;;;;;;;;;;;;;;;;;;
PRIORIDADE PLANO ANEEL;9102166517;1183167;;JUAZEIRO;;MIGRAR ;;;;1;0;0;0;;;PLANO 7;100%;;;10/07/2025;30/07/2025;PEDRO BATISTA;EDIE JONNES;;;;;;;;;;0 POSTE;;;Julho 25;;;OK;;UB-CIND-CA-7 9995-JO O PAULO II;CONCLUIDA;;R$ 0,00;;;;;;;;;;;;;;;;;;;;;;;;;
RECLAMAÇÃO;9102228767;1198678;;JUAZEIRO;;;;;;1;0;0;0;;;7.1.1.3;100%;R$ 44.553,04;;11/07/2025;18/07/2025;PEDRO BATISTA;EDIE JONNES;DIEGO CARVALHO;-11,9383;-38,914;;;;;;;0 POSTE;;;Julho 25;;;OK;;AC-CIND-AV-C LT 01-TABULEIRO;CONCLUIDA;;R$ 0,00;;;R$ 8.910,61;;;;;;;;;;;;;;;;;;;;;;
JUDICIAL;9102151543;1173964;;REMANSO;AVANÇO;OURO;;;JORGE;36;227;;90,8;;;7.1.2.3;40%;R$ 1.356.414,52;;10/07/2025;30/09/2025;JORGE;JORGE;DEBORAH LUMA;0;0;;;;;;;;;;Julho 25;;;;;RR-CIND-POV-SALINA GRANDE-RURAL;NÃO INICIADA;;R$ 385.900,00;;;R$ 271.282,90;;;;;;;;;;;;;;;;;;;;;;
PRIORIDADE PLANO ANEEL;9101867742;1058100;;REMANSO;AVANÇO;;;;RUBEM;59;380;;38;;;7.1.2.3;10%;R$ 4.001.588,32;;07/07/2025;30/12/2025;RUBEM;RUBEM;DEBORAH LUMA;-9,39231;-42,193;;;;;;;DA PLANILHA;E774354;E774683;Julho 25;;;;;AC-CIND-POV-PONTA DA SERRA-RURAL;NÃO INICIADA;;R$ 646.000,00;;;R$ 800.317,66;;;;;;;;;;;;;;;;;;;;;;
JUDICIAL;9100096585;515938;;REMANSO;AVANÇO;OURO;;;JORGE;93;454;;408,6;;;14.4.12.1;90%;R$ 9.940.706,35;;05/05/2025;30/08/2025;JORGE;JORGE;DEBORAH LUMA;0;0;;;;;;;DA PLANILHA ;E618988;E619487;Julho 25;;;;;MP-CCOL-FAZ SERRA BRANCA E ARRED.-RURAL;EM EXECUÇÃO;;R$ 771.800,00;;;R$ 1.988.141,27;;;;;;;;;;;;;;;;;;;;;;
PRIORIDADE PLANO ANEEL;9102256684;1205972;;JUAZEIRO;;;;;;1;0;0;0;;;7.1.1.3;100%;R$ 26.663,98;;18/07/2025;26/07/2025;PEDRO BATISTA;EDIE JONNES;DIEGO CARVALHO;-9,453;-40,4976;;;;;;;0 POSTE;;;Julho 25;;;OK;;ER-CIND-ROD-DIST IND JUAZEIRO 3-URBANO;CONCLUIDA;;R$ 0,00;;;R$ 5.332,80;;;;;;;;;;;;;;;;;;;;;;
PRIORIDADE PLANO ANEEL;9102165588;1185092;;JUAZEIRO;;;;;;1;0;0;0;;;7.1.2.3;100%;R$ 31.594,83;;31/07/2025;31/07/2025;PEDRO BATISTA;EDIE JONNES;VICTOR COSTA;#N/D;#N/D;;;;;;;0 POSTE;;;Julho 25;;;OK;;AC-CIND-RUA-NAPOLEAO LAUREANO-SANTO ANTO;CONCLUIDA;;R$ 0,00;;;R$ 6.318,97;;;;;;;;;;;;;;;;;;;;;;
EQUIPAMENTO;9102140365;1171233;;SENTO SÉ;;;;;;0;0;0;0;;;8.2.1.3;100%;R$ 118.022,91;;28/07/2025;30/07/2025;JUAREZ;SANTIAGO;SANDRO DUARTE;-9,74328;-41,8911;;;;;;;0 POSTE ;;;Julho 25;;;APP;;IE-RELIGADOR-STS-09L1-G08894;CONCLUIDA;;R$ 0,00;;;R$ 23.604,58;;;;;;;;;;;;;;;;;;;;;;
AIC OBJETIVO;9101932015;1092651;;SENTO SÉ;MIGRAR;MIGRAR;;;;3;15;;15;;;PLANO 14;100%;;;16/07/2025;26/07/2025;JACSON;SANTIAGO;;;;;;;;;;DA PLANILHA ;E750027;E750041;Julho 25;;;OK;;MP-CCOL-RUA DA CONCEIÇÃO-RURAL;NÃO INICIADA;;R$ 25.500,00;;;;;;;;;;;;;;;;;;;;;;;;;
PRIORIDADE PLANO ANEEL;9101992624;1120277;;SENTO SÉ;MIGRAR;;;;;1;23;;23;;;7.1.2.3;100%;R$ 215.103,20;;24/07/2025;31/07/2025;JACSON;SANTIAGO;SANDRO DUARTE;-9,75338;-41,8858;;;;;;;DA PLANILHA;E819506;E819528;Julho 25;;;;;MP-CCOL-RUA 03-RURAL;NÃO INICIADA;;R$ 39.100,00;;;R$ 43.020,64;;;;;;;;;;;;;;;;;;;;;;
SUBSÍDIO DE DEFESA;9101906957;1087208;;SENTO SÉ;AVANÇO;OURO;;;;4;32;;16;;;;50%;R$ 244.575,89;;16/07/2025;31/07/2025;FERNANDO;SANTIAGO;SANDRO DUARTE;-9,86279;-41,7992;;;;;;;DA PLANILHA;E819529;E819560;Julho 25;;;;;LD CIND ROD BA 210 RURAL;NÃO INICIADA;;R$ 54.400,00;;;R$ 48.915,18;;;;;;;;;;;;;;;;;;;;;;
RECLAMAÇÃO;9102154509;1175575;;SOBRADINHO;MIGRAR;;;;;1;5;;5;;;7.1.2.3;100%;R$ 65.539,44;;30/07/2025;31/07/2025;FERNANDO;SANTIAGO;SANDRO DUARTE;-9,50951;-40,7745;;;;;;;DA PLANILHA;E819704;E819708;Julho 25;;;;;AC-CIND-POV-LAGOA GRANDE-RURAL;ESCAVAÇÃO;;R$ 8.500,00;;;R$ 13.107,89;;;;;;;;;;;;;;;;;;;;;;
;;;;;;;;;;;;;;;;;;;;;;;;;;;;;;;;;;;;Julho 25;;;;;;;;;;;;;;;;;;;;;;;;;;;;;;;;;
;;;;;;;;;;;;;;;;;;;;;;;;;;;;;;;;;;;;Julho 25;;;;;;;;;;;;;;;;;;;;;;;;;;;;;;;;;
;;;;;52;;;;31;;;;;;;;;;;;;;;;;;;;;;;;;;;Julho 25;;;;;;;;;;;;;59,62%;;;;;;;;;;;;;;;;;;;;
PRIORIDADE PLANO ANEEL;9102219759;1196624;;JUAZEIRO;;MIGRAR;;;;1;0;;;;;7.1.1.3;100%;R$ 36.142,11;;27/08/2025;27/08/2025;MANUTENÇÃO;ANDERSON;VICTOR COSTA;-9,44444;-40,5154;;;;;;;0 POSTE;;;Agosto 25;;;;;AC-CIND-RUA-MALHADA DA AREIA-MALHADA DA;NÃO INICIADA;;R$ 0,00;;;;;;;;;;;;;;;;;;;;;;;;;
PRIORIDADE PLANO ANEEL;9102227609;1192026;;CAMPO ALEGRE DE LOURDES;;;;;;1;1;1;;;;7.1.1.3;100%;R$ 8.612,93;;19/08/2025;30/08/2025;MANUTENÇÃO;ANDERSON;MARLOS PEREIRA;-9,5169571;-43,0130178;;;;;;;DA PLANILHA;E820324;E820324;Agosto 25;;;;;UB-CIND-TRV-ALVORADA 10-CENTRO;CONCLUIDA;08/08/2025;R$ 1.700,00;;;;;;;;;;;;;;;;;;;;;;;;;
PRIORIDADE PLANO ANEEL;9102168277;1190765;;CAMPO ALEGRE DE LOURDES;;;;;;1;2;2;;;;14.4.12.1;100%;R$ 24.073,78;;18/08/2025;29/08/2025;MANUTENÇÃO;ANDERSON;MARLOS PEREIRA;-9,5649037;-43,042686;;;;;;;DA PLANILHA;E820318;E820319;Agosto 25;;;;;ER-CIND-SI-MARTINS DO CORDEIRO-V DE CIMA;CONCLUIDA;;R$ 3.400,00;;;;;;;;;;;;;;;;;;;;;;;;;
PRIORIDADE PLANO ANEEL;9102107113;1157820;;CAMPO ALEGRE DE LOURDES;;;;;;1;2;2;;;;7.1.1.3;100%;R$ 48.467,63;;;;MANUTENÇÃO;PAULO JUNIOR;MARLOS PEREIRA;-9,5165197;-43,0080393;;;;;;;DA PLANILHA;E750754;E750755;Agosto 25;;;;;UB-CIND-RUA-21 DE ABRIL-CAMPO ALEGRE;CONCLUIDA;;R$ 3.400,00;;;;;;;;;;;;;;;;;;;;;;;;;
RECLAMAÇÃO;9102068123;1141818;;CASA NOVA;;MIGRAR;;;;0;0;;;;;7.1.2.2;100%;R$ 26.704,72;;;;;PAULO JUNIOR;DIEGO CARVALHO;-9,3099092;-41,138693;;;;;;;0 POSTE;;;Agosto 25;;;;;ER-CIND-SI-PASCACIO-RURAL;NÃO INICIADA;;R$ 0,00;;;;;;;;;;;;;;;;;;;;;;;;;
EQUIPAMENTO;9102136937;1170528;;CASA NOVA;;;;;;0;0;0;0;;;8.2.2.3;100%;R$ 124.894,00;;;;JUAREZ;PAULO JUNIOR;DIEGO CARVALHO;-9,13466;-41,6741;;;;;;;DA PLANILHA;E819660;E819660;Agosto 25;;;APP;;IE-RELIGADOR-SBC-09S1-N61190;CONCLUIDA;;R$ 0,00;;;R$ 24.978,80;;;;;;;;;;;;;;;;;;;;;;
SOLICITAÇÃO ATENDIMENTO;9102185500;1190327;;CASA NOVA;;;;;;0;0;0;;;;8.3.2.3;100%;R$ 10.062,33;;22/08/2025;22/08/2025;MANUTENÇÃO;ANDERSON;DIEGO CARVALHO;0;0;;;;;;;0 POSTE;;;Agosto 25;;;;;RC-CIND-FAZ-CASA NOVA-RURAL;CONCLUIDA;;R$ 0,00;;;;;;;;;;;;;;;;;;;;;;;;;
PRIORIDADE PLANO ANEEL;9102153977;1177596;;CASA NOVA;;;;;;1;0;0;;;;7.1.1.3;100%;R$ 46.530,49;;;;;PAULO JUNIOR;DIEGO CARVALHO;-9,179506;-40,9848067;;;;;;;0 POSTE;;;Agosto 25;;;;;UB-CIND RO BR 235 105 - CASA NOVA;CONCLUIDA;;R$ 0,00;;;;;;;;;;;;;;;;;;;;;;;;;
PRIORIDADE PLANO ANEEL;9102252143;1202267;;CASA NOVA;;;;;;2;1;1;;;;7.1.2.3;100%;R$ 9.559,76;;;;MANUTENÇÃO;PAULO JUNIOR;DIEGO CARVALHO;-9,3161817;-40,7362754;;;;;;;DA PLANILHA;E750758;E750758;Agosto 25;;;;;ER-CIND-ROD-CASA NOVA-RURAL-CASA NOVA;CONCLUIDA;;R$ 1.700,00;;;;;;;;;;;;;;;;;;;;;;;;;
EQUIPAMENTO;9102136887;1169812;;CASA NOVA;;;;;;0;1;1;;;;8.2.2.3;100%;R$ 103.188,08;;11/08/2025;22/08/2025;MANUTENÇÃO;ANDERSON;MARLOS LOPES;-9,6148791;-41,8016296;;;;;;;DA PLANILHA;E820247;E820247;Agosto 25;;;APP;;IE-RELIGADOR-BMB-01F1-J52477;CONCLUIDA;;R$ 1.700,00;;;;;;;;;;;;;;;;;;;;;;;;;
AL/MELHORAMENTO;9102150020;1187057;;CURAÇÁ;;;;;;0;1;;;;;8.2.2.3;100%;R$ 110.153,52;;11/08/2025;29/08/2025;MANUTENÇÃO ;ANDERSON;CARLOS EDUARDO;-9,05313;-39,956;;;;;;;DA PLANILHA;E819661;E819661;Agosto 25;;;;;IE-RELIGADOR-NCU-01Z1-J51080;RETIRADA ;SETEMBRO;R$ 1.700,00;;;;;;;;;;;;;;;;;;;;;;;;;
RECLAMAÇÃO;9102156669;1178531;;CASA NOVA;;;;;;1;1;1;;;;7.1.1.3;100%;R$ 35.607,56;;;;;PAULO JUNIOR;DIEGO CARVALHO;-9,6160048;-41,6163648;;;;;;;DA PLANILHA;E750768;E750768;Agosto 25;;;;;UB-CIND-RUA-DA AREIA-PAU A PIQUE;CONCLUIDA;;R$ 1.700,00;;;;;;;;;;;;;;;;;;;;;;;;;
SOLICITAÇÃO ATENDIMENTO;9102146718;1173795;;CASA NOVA;;;;;;1;3;2;;;;7.1.2.3;100%;R$ 52.531,45;;;;FERNANDO;SANTIAGO;DIEGO CARVALHO;-9,2749398;-41,1308252;;;;;;;DA PLANILHA;E750765;E750767;Agosto 25;;;;;RR CIND SI PASCACIO RURAL;CONCLUIDA;;R$ 5.100,00;;;;;;;;;;;;;;;;;;;;;;;;;
GOVERNO;9002156455;224007;;CASA NOVA;;;;;;3;27;26;;;;;100%;R$ 264.602,50;;01/08/2025;16/08/2025;FERNANDO;PAULO JUNIOR;DIEGO CARVALHO;-9,60687;-41,7955;;;;;;;DA PLANILHA;E819990;E820016;Agosto 25;;;APP;;MP-CCOL-POV SANTANA DO SOBRADO -RURAL;CONCLUIDA;;R$ 45.900,00;;;;;;;;;;;;;;;;;;;;;;;;;
PRIORIDADE PLANO ANEEL;9102147505;1170083;;CURAÇÁ;;;;;;1;1;1;;;;7.1.2.3;100%;R$ 18.148,90;;28/08/2025;30/08/2025;PEDRO LINO;ANDERSON;CARLOS EDUARDO;-9,1034972;-39,9332619;;;;;;;DA PLANILHA;E750785;E750785;Agosto 25;;;;;ER-CIND-POV-SEROTIM-RURAL;CONCLUIDA;;R$ 1.700,00;;;;;;;;;;;;;;;;;;;;;;;;;
PRIORIDADE PLANO ANEEL;9102154873;1190660;;CURAÇÁ;;;;;;1;2;2;;;;7.1.2.3;100%;R$ 40.104,54;;29/08/2025;30/08/2025;JUAREZ;EDIE JONNES;CARLOS EDUARDO;-9,1100092;-40,1397842;;;;;;;DA PLANILHA;E750769;E750770;Agosto 25;;;;;AC-CIND-FAZ-JACARE-RURAL;CONCLUIDA;;R$ 3.400,00;;;;;;;;;;;;;;;;;;;;;;;;;
SOLICITAÇÃO ATENDIMENTO;9102145393;1174527;;CURAÇÁ;;;;;;1;2;2;;;;7.1.2.3;100%;R$ 38.281,05;;27/08/2025;30/08/2025;PAULO;EDIE JONNES;CARLOS EDUARDO;-8,8222191;-39,7946197;;;;;;;DA PLANILHA;E750771;E750772;Agosto 25;;;;;ER-CIND-FAZ-OITEIRO 5-RURAL;CONCLUIDA;;R$ 3.400,00;;;;;;;;;;;;;;;;;;;;;;;;;
GOVERNO;9102242592;1202706;;CURAÇÁ;;DETONAÇÃO;;;;1;4;4;;;;7.1.1.3;100%;R$ 62.385,22;;13/08/2025;15/08/2025;PEDRO LINO;EDIE JONNES;CARLOS EDUARDO;-8,98791;-39,9066;;;;;;;DA PLANILHA;E819958;E819961;Agosto 25;;;APP;;AC-CIND-RUA-LEOVIGILDO M ALMEIDA-CENTRO;CONCLUIDA;;R$ 6.800,00;;;;;;;;;;;;;;;;;;;;;;;;;
QLP;9101561021;960856;;CURAÇÁ;;;;;;7;27;27;;;;7.1.2.3;100%;R$ 102.908,49;;01/08/2025;27/08/2025;GISMARIO;EDIE JONNES;CARLOS EDUARDO;0;0;;;;;;;DA PLANILHA;E819625;E819651;Agosto 25;;;APP;;AC-REG-FV-CIND-POV BARRO VERMELHO-BARRO-;CONCLUIDA;;R$ 45.900,00;;;;;;;;;;;;;;;;;;;;;;;;;
JUDICIAL;9101293497;921232;;CURAÇÁ;;;;;;6;70;70;;;;14.4.12.1;100%;R$ 368.797,60;;01/08/2025;27/08/2025;GISMARIO;EDIE JONNES;CARLOS EDUARDO;-9,43326;-39,8093;;;;;;;DA PLANILHA;E799688;E799757;Agosto 25;;;APP;;ER-CIND-POV BARRO VERMELHO-BARRO-CRC;CONCLUIDA;;R$ 119.000,00;;;;;;;;;;;;;;;;;;;;;;;;;
REPUTACIONAL;9102158345;1183107;;JUAZEIRO;;;;;;0;0;0;;;;7.1.2.3;100%;R$ 677.454,86;;25/08/2025;30/08/2025;GISMARIO;EDIE JONNES;CARLOS EDUARDO;-9,35344;-39,9153;;;;;;;0 POSTE;;;Agosto 25;;;;;EQ-GRUA-CJN-MINERACAO CARAIBA-RURAL;CONCLUIDA;08/08/2025;R$ 0,00;;;;;;;;;;;;;;;;;;;;;;;;;
AL/MELHORAMENTO;9102150088;1191216;;JUAZEIRO;;;;;;0;1;0;;;;8.2.2.3;100%;R$ 107.904,17;;08/08/2025;22/08/2025;MANUTENÇÃO;ANDERSON;CARLOS EDUARDO;-9,1658459;-40,0614361;;;;;;;DA PLANILHA;E820212;E820212;Agosto 25;;;APP;;IE-RELIGADOR-NCU-01Z5-G08787;CONCLUIDA;01/08/2025;R$ 1.700,00;;;;;;;;;;;;;;;;;;;;;;;;;
MAIS OBRAS;9102311033;1211880;;JUAZEIRO;;;;;;1;1;1;;;;7.1.1.3;;R$ 6.702,17;;;;MICHEL;MICHEL;;;;;;;;;;DA PLANILHA;E750812;E750812;Agosto 25;;;;;UB-CIND-RUA-CODEVASF-PIRANGA;CONCLUIDA;04/08/2025;;;;;;;;;;;;;;;;;;;;;;;;;;
RECLAMAÇÃO;9102080524;1141807;;CASA NOVA;;;;;;1;2;;;;;7.1.2.3;100%;R$ 54.390,13;;;;;PAULO JUNIOR;DIEGO CARVALHO;-9,318951;-41,123503;;;;;;;DA PLANILHA;E750756;E750757;Agosto 25;;;;;ER-CIND-POV-ENTRONCAMENTO-RECREIO;NÃO INICIADA;;R$ 3.400,00;;;;;;;;;;;;;;;;;;;;;;;;;
REPUTACIONAL;9102248113;1203217;;JUAZEIRO;;;;;;1;2;2;;;;7.1.2.3;100%;R$ 43.486,87;;01/08/2025;01/08/2025;IVONALDO;EDIE JONNES;DIEGO CARVALHO;0;0;;;;;;;DA PLANILHA;E820023;E820024;Agosto 25;;;APP;;AC-CIND-ROD-BA 210-VL TIRADENTES;CONCLUIDA;;R$ 3.400,00;;;;;;;;;;;;;;;;;;;;;;;;;
EQUIPAMENTO;9102103396;1136743;;JUAZEIRO;;;;;;0;2;2;;;;7.1.2.3;100%;R$ 423.821,91;;04/08/2025;15/08/2025;RICARDO LV;SANTIAGO;CARLOS EDUARDO;0;0;;;;;;;DA PLANILHA;E774768;E774769;Agosto 25;;;APP;;EQ-CIND-POV-CURAÇA PEQUENO-RURAL;CONCLUIDA;;R$ 3.400,00;;;;;;;;;;;;;;;;;;;;;;;;;
;;1204052;;CURAÇÁ;;;;;;0;2;;;;;8.4.1.1 ;100%;R$ 75.104,43;;;;MANUTENÇÃO;ANDERSON;;;;;;;;;;DA PLANILHA;E750786;E750787;Agosto 25;;;APP;;ME-COEL-FAZ-POR DO SOL-RURAL-CURACA;NÃO INICIADA;;;;;;;;;;;;;;;;;;;;;;;;;;;
SOLICITAÇÃO ATENDIMENTO;9102157200;1180213;;JUAZEIRO;;;;;;1;2;2;;;;7.1.1.3;100%;R$ 28.223,39;;09/08/2025;14/08/2025;PEDRO LINO;ANDERSON;VICTOR COSTA;0;0;;;;;;;DA PLANILHA;E820244;E820245;Agosto 25;;;;;ER-CIND-FAZ SAO JOAO 3-RURAL;CONCLUIDA;;R$ 3.400,00;;;;;;;;;;;;;;;;;;;;;;;;;
PRIORIDADE PLANO ANEEL;9102100385;1157155;;JUAZEIRO;;;;;;1;3;3;;;;7.1.1.3;100%;R$ 42.065,35;;19/08/2025;20/08/2025;PEDRO LINO;ANDERSON;VICTOR COSTA;-9,59304;-40,4201;;;;;;;DA PLANILHA;E820017;E820019;Agosto 25;;;APP;;UB-CIND-ROD-LOMANTO-CARNAIBA DO SERTAO;CONCLUIDA;;R$ 5.100,00;;;;;;;;;;;;;;;;;;;;;;;;;
INTERV SEGURANÇA;9102143355;1173180;;JUAZEIRO;;;;;;1;9;9;;;;;100%;R$ 42.204,03;;05/08/2025;09/08/2025;PEDRO LINO;ANDERSON;VICTOR COSTA;-9,4595326;-40,5170832;;;;;;;DA PLANILHA;E820176;E820184;Agosto 25;;;APP;;UB-CIND-SI-DA TININHA-DOM JOSE RODRIGUES;CONCLUIDA;;R$ 15.300,00;;;;;;;;;;;;;;;;;;;;;;;;;
QLP;9102019137;1127877;;JUAZEIRO;;;;;;1;2;;;;;PLANO 7;100%;;;18/08/2025;21/08/2025;PEDRO LINO;ANDERSON;;;;;;;;;;DA PLANILHA;E799867;E799868;Agosto 25;;;;;ER-CIND-POV-CURACA-RURAL;RETIRADA ;SETEMBRO;R$ 3.400,00;;;;;;;;;;;;;;;;;;;;;;;;;
PRIORIDADE PLANO ANEEL;9102169624;1186775;;SENTO SÉ;;;;;;1;2;;;;;7.1.2.3;100%;R$ 34.505,85;;27/08/2025;30/08/2025;FABIO;RODRIGUES;SANDRO DUARTE;-9,9179862;-42,0964309;;;;;;;DA PLANILHA;E751063;E751064;Agosto 25;;;;;ER-CIND-RUA-DAS FLORES-RETIRO DE BAIXO;RETIRADA ;;R$ 3.400,00;;;;;;;;;;;;;;;;;;;;;;;;;
SOLICITAÇÃO ATENDIMENTO;9101996009;1119796;;JUAZEIRO;;;;;;1;12;12;;;;14.4.12.1;100%;R$ 91.881,95;;20/08/2025;29/08/2025;PAULO;EDIE JONNES;VICTOR COSTA;-9,8586256;-40,216032;;;;;;;DA PLANILHA;E820164;E820175;Agosto 25;;;APP;;RR-CIND-FAZ-FRADE-CANOA;CONCLUIDA;;R$ 20.400,00;;;;;;;;;;;;;;;;;;;;;;;;;
EQUIPAMENTO;9102237181;1195081;;REMANSO;;;;;;0;2;;;;;7.1.2.3;100%;R$ 289.857,73;;;;;PAULO JUNIOR;DEBORAH LUMA;-9,60195;-42,0841;;;;;;;DA PLANILHA;E819654;E819655;Agosto 25;;;;;EQ COEL ROD BR 324 RURAL;RETIRADA ;SETEMBRO;R$ 3.400,00;;;;;;;;;;;;;;;;;;;;;;;;;
RECLAMAÇÃO;9102034763;1137111;;JUAZEIRO;;;;;;4;17;17;;;;14.4.12.1;100%;R$ 115.345,67;;13/08/2025;23/08/2025;PAULO;EDIE JONNES;CARLOS EDUARDO;-9,37832;-40,2753;;;;;;;DA PLANILHA;E819585;E819601;Agosto 25;;;APP;;RR-CCOL-POV-MASSAPE-RURAL-BOQUEIRAO;CONCLUIDA;;R$ 28.900,00;;;;;;;;;;;;;;;;;;;;;;;;;
AIC AUDITORIA;9102149357;1176366;;CAMPO ALEGRE DE LOURDES;;;;;;1;3;;;;;PLANO 7;100%;;;13/08/2025;27/08/2025;MANUTENÇÃO;ANDERSON;;;;;;;;;;DA PLANILHA;E819987;E819989;Agosto 25;;;;;RU-CIND-RUA-DAS PALMEIRAS-CENTRO;NÃO INICIADA;;R$ 5.100,00;;;;;;;;;;;;;;;;;;;;;;;;;
RECLAMAÇÃO;9102086709;1152831;;JUAZEIRO;;;;;;1;24;24;;;;14.4.12.1;100%;R$ 225.254,43;;04/08/2025;15/08/2025;PAULO;EDIE JONNES;VICTOR COSTA;-9,5597985;-40,4351991;;;;;;;DA PLANILHA;E819561;E819584;Agosto 25;;;APP;;LD-CIND POV.CARNAIBA DO SERTÃO;CONCLUIDA;;R$ 40.800,00;;;;;;;;;;;;;;;;;;;;;;;;;
RECLAMAÇÃO;9102112129;1159828;;CURAÇÁ;;;;;;1;3;;;;;7.1.2.3;100%;R$ 28.600,08;;26/08/2025;30/08/2025;JUAREZ;EDIE JONNES;CARLOS EDUARDO;-8,72027;-39,6778;;;;;;;DA PLANILHA;E819657;E819659;Agosto 25;;;;;ER-CIND-FAZ-ANGICO-ARVORE;RETIRADA ;SETEMBRO;R$ 5.100,00;;;;;;;;;;;;;;;;;;;;;;;;;
RECLAMAÇÃO;9102149813;1177525;;PILÃO ARCADO;;;;;;0;1;1;;;;7.1.2.3;100%;R$ 18.370,16;;;;;RUBEM;RUBEM;-10,0018269;-42,4756757;;;;;;;DA PLANILHA;E750813;E750813;Agosto 25;;;;;AC-CIND-RUA- XIQUE XIQUE-CENTRO;CONCLUIDA;;R$ 1.700,00;;;;;;;;;;;;;;;;;;;;;;;;;
PRIORIDADE PLANO ANEEL;9102148629;1173082;;SENTO SÉ;;;;;;1;3;;;;;7.1.2.3;100%;R$ 32.910,72;;18/08/2025;23/08/2025;JACSON;RODRIGUES;SANDRO DUARTE;0;0;;;;;;;DA PLANILHA;E820320;E820322;Agosto 25;;;;;ER-CIND-POV-SÃO PEDRO-RURAL;NÃO INICIADA;;R$ 5.100,00;;;;;;;;;;;;;;;;;;;;;;;;;
AL/MELHORAMENTO;9102150071;1191081;;PILÃO ARCADO;;;;;;0;1;0;;;;8.2.2.3;100%;R$ 145.417,78;;10/08/2025;20/08/2025;;PAULO JUNIOR;MARLOS PEREIRA;-9,9992998;-42,471481;;;;;;;DA PLANILHA;E820246;E820246;Agosto 25;;;APP;;IE-RELIGADOR-RMN-09X1-D611928;CONCLUIDA;;R$ 1.700,00;;;;;;;;;;;;;;;;;;;;;;;;;
RECLAMAÇÃO;9102154509;1175575;;SOBRADINHO;;;;;;1;5;;;;;7.1.2.3;100%;R$ 65.539,44;;27/08/2025;29/08/2025;PEDRO LINO;SANTIAGO;SANDRO DUARTE;-9,50951;-40,7745;;;;;;;DA PLANILHA;E819704;E819708;Agosto 25;;;;;AC-CIND-POV-LAGOA GRANDE-RURAL;RETIRADA ;SETEMBRO;R$ 8.500,00;;;;;;;;;;;;;;;;;;;;;;;;;
PRIORIDADE PLANO ANEEL;9102033317;1128925;;CASA NOVA;;;;;;1;6;;;;;7.1.2.3;100%;R$ 162.320,73;;;;;PAULO JUNIOR;DIEGO CARVALHO;-9,3252248;-41,0629379;;;;;;;DA PLANILHA;E750759;E750764;Agosto 25;;;;;LD-CIND-POV BAIXAO-RURAL-CSN;NÃO INICIADA;;R$ 10.200,00;;;;;;;;;;;;;;;;;;;;;;;;;
REPUTACIONAL;9102144836;1173776;;JUAZEIRO;;;;;;0;6;;;;;;100%;R$ 103.628,89;;12/08/2025;18/08/2025;GISMARIO;EDIE JONNES;VICTOR COSTA;-9,4324292;-39,7844031;;;;;;;DA PLANILHA;E820263;E820268;Agosto 25;;;;;RR-GRUA-FAZ-VERMELHO-RURAL;NÃO INICIADA;;R$ 10.200,00;;;;;;;;;;;;;;;;;;;;;;;;;
INTERV SEGURANÇA;9102244605;1197173;;JUAZEIRO;;;;;;0;8;;;;;;100%;R$ 106.579,70;;04/08/2025;20/08/2025;MANUTENÇÃO;ANDERSON;DIEGO CARVALHO;-9,4257618;-40,5179067;;;;;;;DA PLANILHA;E777259;E777266;Agosto 25;;;APP;;IS-COEL-AV-MARIA DA G DE JESUS-J VITOR;EM EXECUÇÃO;;R$ 13.600,00;;;;;;;;;;;;;;;;;;;;;;;;;
AIC AUDITORIA;9102034008;1129174;;PILÃO ARCADO;;DETONAÇÃO;;;;5;36;36;;24;9;14.4.12.1;100%;R$ 367.542,17;;04/08/2025;30/08/2025;AILTON / MAURICIO;PAULO JUNIOR;MARLOS PEREIRA;-9,7333667;-42,6795551;;;;;;;DA PLANILHA;E799655;E799687;Agosto 25;;;;;MP CIND POV LAGOINHA RURAL;CONCLUIDA;;R$ 61.200,00;;;;;;;;;;;;;;;;;;;;;;;;;
RECLAMAÇÃO;9102152928;1190607;;JUAZEIRO;;;;;;1;11;;;;;7.1.2.3;100%;R$ 100.819,97;;21/08/2025;26/08/2025;PEDRO LINO;EDIE JONNES;VICTOR COSTA;-9,4552515;-40,4720544;;;;;;;DA PLANILHA;E820325;E820335;Agosto 25;;;;;ER-CIND-SI-S O JOSE-RURAL;PARALIZADA;;R$ 18.700,00;;;;;;;;;;;;;;;;;;;;;;;;;
PRIORIDADE PLANO ANEEL;9102140321;1171596;;CURAÇÁ;;;;;;1;12;;;;;7.1.2.3;100%;R$ 127.556,34;;18/08/2025;22/08/2025;JUAREZ;EDIE JONNES;CARLOS EDUARDO;-9,0727654;-39,9699296;;;;;;;DA PLANILHA;E778177;E778188;Agosto 25;;;;;ER-CIND-POV-BARRA GRANDE-RURAL;NÃO INICIADA;;R$ 20.400,00;;;;;;;;;;;;;;;;;;;;;;;;;
PRIORIDADE PLANO ANEEL;9102251726;1205921;;REMANSO;;;;;;1;1;1;;;;7.1.2.3;100%;R$ 22.894,49;;;;;JORGE;MARLOS PEREIRA;-9,9187261;-42,3338458;;;;;;;DA PLANILHA;E750816;E750816;Agosto 25;;;;;ER-CIND-POV-TELHEIRO-TELHEIRO;CONCLUIDA;;R$ 1.700,00;;;;;;;;;;;;;;;;;;;;;;;;;
RECLAMAÇÃO;9102021225;1129437;;JUAZEIRO;;;;;;1;15;;;;;;100%;R$ 229.447,51;;11/08/2025;15/08/2025;PEDRO LINO;EDIE JONNES;VICTOR COSTA;-9,2458864;-40,2915467;;;;;;;DA PLANILHA;E820248;E820262;Agosto 25;;;OK - EMAIL;;LD CIND FAZ MANI OBA VELHA RURAL;NÃO INICIADA;;R$ 25.500,00;;;;;;;;;;;;;;;;;;;;;;;;;
AIC OBJETIVO;9101932015;1092651;;SENTO SÉ;;;;;;3;15;;;;;14.4.12.1;100%;R$ 192.622,38;;06/08/2025;14/08/2025;JACSON;RODRIGUES;SANDRO DUARTE;-9,8048531;-41,4354007;;;;;;;DA PLANILHA ;E750027;E750041;Agosto 25;;;APP;;MP-CCOL-RUA DA CONCEIÇÃO-RURAL;NÃO INICIADA;;R$ 25.500,00;;;;;;;;;;;;;;;;;;;;;;;;;
RECLAMAÇÃO;9102167747;1187854;;REMANSO;;;;;;1;2;2;;;;7.1.1.3;100%;R$ 19.303,31;;;;;PAULO JUNIOR;MARLOS PEREIRA;0;0;;;;;;;DA PLANILHA;E750814;E750815;Agosto 25;;;;;AC-CIND-POV CURRAL RAMOS-CURRAL RAMOS;CONCLUIDA;;R$ 3.400,00;;;;;;;;;;;;;;;;;;;;;;;;;
GOVERNO;9102230797;1198350;;CURAÇÁ;;;;;;0;18;;;;;7.1.2.3;100%;R$ 144.734,27;;15/08/2025;23/08/2025;JUAREZ;EDIE JONNES;CARLOS EDUARDO;-8,6656868;-39,4263194;;;;;;;DA PLANILHA;E820269;E820286;Agosto 25;;;;;ER-CCOL-RUA-04 AGROVILA-PEDRA BRANCA;NÃO INICIADA;;R$ 30.600,00;;;;;;;;;;;;;;;;;;;;;;;;;
PRIORIDADE PLANO ANEEL;9101992624;1120277;;SENTO SÉ;;;;;;1;23;;;;;7.1.2.3;100%;R$ 215.103,20;;18/08/2025;27/08/2025;FABIO;RODRIGUES;SANDRO DUARTE;-9,75338;-41,8858;;;;;;;DA PLANILHA;E819506;E819528;Agosto 25;;;;;MP-CCOL-RUA 03-RURAL;EM EXECUÇÃO;;R$ 39.100,00;;;;;;;;;;;;;;;;;;;;;;;;;
RECLAMAÇÃO;9101980788;1116565;;SENTO SÉ;;;;;;1;23;;;;;7.1.2.3;100%;R$ 337.870,70;;25/08/2025;30/08/2025;FABIO;RODRIGUES;SANDRO DUARTE;-10,1037102;-42,1469957;;;;;;;DA PLANILHA;E819374;E819396;Agosto 25;;;;;MP-CIND-POV-MALVINAS 1000-RURAL-MOD;NÃO INICIADA;;R$ 39.100,00;;;;;;;;;;;;;;;;;;;;;;;;;
RECLAMAÇÃO;9101976965;1119147;;REMANSO;;;;;;10;73;73;;;;14.4.12.1;100%;R$ 982.444,23;;30/07/2025;20/08/2025;SILVONEY;PAULO JUNIOR;MARLOS PEREIRA;-9,5921738;-42,2453811;;;;;;;DA PLANILHA;E819875;E819947;Agosto 25;;;APP;;MP - CIND - POV. JATOBÁ - RURAL;CONCLUIDA;;R$ 124.100,00;;;;;;;;;;;;;;;;;;;;;;;;;
PRIORIDADE PLANO ANEEL;9102100239;1175810;;SENTO SÉ;;;;;;3;30;30;;;;14.4.12.1;100%;R$ 242.277,60;;15/08/2025;23/08/2025;JACSON;RODRIGUES;SANDRO DUARTE;-9,804664;-41,4405946;;;;;;;DA PLANILHA;E820287;E820316;Agosto 25;;;APP;;ER-CIND-RUA-DO ASFALTO-PIRI;CONCLUIDA;;R$ 51.000,00;;;;;;;;;;;;;;;;;;;;;;;;;
SUBSÍDIO DE DEFESA;9101981354;1118538;;JUAZEIRO;;;;;;1;24;;;;;;100%;R$ 116.374,32;;25/08/2025;30/08/2025;PAULO;EDIE JONNES;VICTOR COSTA;-9,5667254;-39,9208861;;;;;;;DA PLANILHA;E750788;E750811;Agosto 25;;;;;ER-CIND-POV-PINHOES-CENTRO;NÃO INICIADA;;R$ 40.800,00;;;;;;;;;;;;;;;;;;;;;;;;;
RECLAMAÇÃO;9101959840;1105918;;CURAÇÁ;;;;;;1;25;;;;;14.4.12.1;100%;R$ 155.259,45;;06/08/2025;16/08/2025;JUAREZ;EDIE JONNES;CARLOS EDUARDO;-8,6583925;-39,5421395;;;;;;;DA PLANILHA;E820187;E820211;Agosto 25;;;;;ER-CIND-FAZ-MALHADA CRUZ MATINHA-RURAL;RETIRADA ;;R$ 42.500,00;;;;;;;;;;;;;;;;;;;;;;;;;
GOVERNO;9102096483;1132085;;PILÃO ARCADO;;;;;;11;26;;;;;14.4.12.1;50%;R$ 243.570,88;;;;;PAULO JUNIOR;DEBORAH LUMA;-10,5569;-42,6234;;;;;;;DA PLANILHA;E799629;E799654;Agosto 25;;;;;ER-SEIN-RUA-DAS FLORES-XIQUE-XIQUE;NÃO INICIADA;;R$ 44.200,00;;;;;;;;;;;;;;;;;;;;;;;;;
SUBSÍDIO DE DEFESA;9101906957;1087208;;SENTO SÉ;;;;;;4;32;29;29;;;14.4.12.1;100%;R$ 244.575,89;;05/08/2025;20/08/2025;FABIO;RODRIGUES;SANDRO DUARTE;-9,8627895;-41,7991658;;;;;;;DA PLANILHA;E819529;E819560;Agosto 25;;;APP;;LD CIND ROD BA 210 RURAL;CONCLUIDA;;R$ 54.400,00;;;;;;;;;;;;;;;;;;;;;;;;;
PRIORIDADE PLANO ANEEL;9102132923;1167478;;SOBRADINHO;;;;;;0;0;0;;;;7.1.2.3;100%;R$ 18.515,05;;05/08/2025;11/08/2025;PEDRO LINO ;ANDERSON;SANDRO DUARTE;-9,5178207;-40,8168339;;;;;;;0 POSTE;;;Agosto 25;;;APP;;ER-CIND-POV-CANAA 3-RURAL;CONCLUIDA;;R$ 0,00;;;;;;;;;;;;;;;;;;;;;;;;;
PRIORIDADE PLANO ANEEL;9102167799;1189286;;SOBRADINHO;;;;;;1;0;0;;;;7.1.2.3;100%;R$ 21.736,21;;25/08/2025;26/08/2025;PEDRO LINO ;ANDERSON;SANDRO DUARTE;-9,4892458;-40,9372263;;;;;;;0 POSTE;;;Agosto 25;;;;;AC-CIND-POV-ALGODAO VELHO-ALGODAO VELHO;CONCLUIDA;;R$ 0,00;;;;;;;;;;;;;;;;;;;;;;;;;
JUDICIAL;9102145299;1173118;;SENTO SÉ;;;;;;1;31;;;;;14.4.12.1;50%;R$ 228.569,67;;25/08/2025;29/09/2025;JACSON;RODRIGUES;SANDRO DUARTE;-10,6688349;-41,7234453;;;;;;;DA PLANILHA;E750989;E751019;Agosto 25;;;;;ER-CIND-FAZ-SERRA BRANCA-RURAL-SENTO SE;NÃO INICIADA;;R$ 52.700,00;;;;;;;;;;;;;;;;;;;;;;;;;
PRIORIDADE PLANO ANEEL;9102243208;1203075;;SOBRADINHO;;;;;;2;2;2;;;;7.1.1.3;100%;R$ 13.136,68;;04/08/2025;09/08/2025;JUAREZ;RODRIGUES;SANDRO DUARTE;-9,4707912;-40,7903158;;;;;;;DA PLANILHA;E820185;E820186;Agosto 25;;;APP;;UB-CIND-RUA-05 QDA-VILA SAO JOAQUIM;CONCLUIDA;;R$ 3.400,00;;;;;;;;;;;;;;;;;;;;;;;;;
PRIORIDADE PLANO ANEEL;9102145973;1180176;;UAUÁ;;;;;;1;1;1;;;;7.1.2.3;100%;R$ 6.556,76;;15/08/2025;23/08/2025;MANUTENÇÃO;ANDERSON;CARLOS EDUARDO;-9,8461864;-39,6618246;;;;;;;DA PLANILHA;E820317;E820317;Agosto 25;;;;;ER-CIND-FAZ-OURICURI-UAUA;CONCLUIDA;;R$ 1.700,00;;;;;;;;;;;;;;;;;;;;;;;;;
PRIORIDADE PLANO ANEEL;9102211531;1193249;;UAUÁ;;;;;;1;1;1;;;;7.1.1.3;100%;R$ 7.357,54;;18/08/2025;23/08/2025;RUBEILTON;EDIE JONNES;CARLOS EDUARDO;-9,8368676;-39,4781102;;;;;;;DA PLANILHA;E820323;E820323;Agosto 25;;;;;UB-CIND-RUA-S O PAULO 999-D-CENTRO;CONCLUIDA;;R$ 1.700,00;;;;;;;;;;;;;;;;;;;;;;;;;
JUDICIAL;9101664952;997469;;SENTO SÉ;;;;;;2;43;;;;;7.1.2.3;50%;R$ 431.856,15;;;;ESCAVAÇÃO;RODRIGUES;SANDRO DUARTE;-10,2638619;-41,3329393;;;;;;;DA PLANILHA;E751020;E751062;Agosto 25;;;;;ER-CIND-POV-ALMAS-ALEGRE;NÃO INICIADA;;R$ 73.100,00;;;;;;;;;;;;;;;;;;;;;;;;;
REPUTACIONAL;9102139558;1162074;;JUAZEIRO;;;;;;0;65;;;;;7.1.2.3;100%;R$ 1.466.884,47;;;;;SANTIAGO;VICTOR COSTA;-9,4570754;-40,3571651;;;;;;;DA PLANILHA;E819397;E819461;Agosto 25;;;;;AC-CIND-FAZ-MASSAYO-RURAL;RETIRADA ;EM REVISÃO;R$ 110.500,00;;;;;;;;;;;;;;;;;;;;;;;;;
GOVERNO;9102125670;1159894;;JUAZEIRO;;;;;;0;66;;;;;7.1.1.3;25%;R$ 1.460.659,08;;04/08/2025;29/11/2025;IVONALDO;SANTIAGO;VICTOR COSTA;-9,4665442;-40,4999899;;;;;;;DA PLANILHA ;E750526;E750585;Agosto 25;;;;;UB-CIND-RUA-JUAZEIRO-2;NÃO INICIADA;;R$ 112.200,00;;;;;;;;;;;;;;;;;;;;;;;;;
REPUTACIONAL;9101949328;1103537;;UAUÁ;;;;;;1;23;23;;;;14.4.12.1;100%;R$ 287.020,10;;23/08/2025;29/08/2025;JUAREZ;EDIE JONNES;CARLOS EDUARDO;-10,1413335;-39,485266;;;;;;;DA PLANILHA;E750731;E750753;Agosto 25;;;;;MP-CIND-FAZ-DOS LOIOLAS-RURAL;CONCLUIDA;;R$ 39.100,00;;;;;;;;;;;;;;;;;;;;;;;;;
GOVERNO;9102222606;1194918;;UAUÁ;;;;;;0;31;32;;;;7.1.2.3;100%;R$ 223.935,04;;08/08/2025;19/08/2025;RUBEILTON;EDIE JONNES;CARLOS EDUARDO;-9,8305908;-39,25449;;;;;;;DA PLANILHA;E820213;E820243;Agosto 25;;;;;ER-SEIN-FAZ-ALGODAO-ALGODAO;CONCLUIDA;;R$ 52.700,00;;;;;;;;;;;;;;;;;;;;;;;;;
RECLAMAÇÃO;9102030324;1120926;;REMANSO;;;;;;17;111;;;;;14.4.12.1;33%;R$ 1.228.147,83;;21/08/2025;30/09/2025;SILVONEY;PAULO JUNIOR;MARLOS PEREIRA;-9,5834495;-42,1018369;;;;;;;DA PLANILHA;E778061;E778176;Agosto 25;;;;;MP CIND POV MANTEIGA RURAL MOD;NÃO INICIADA;;R$ 188.700,00;;;;;;;;;;;;;;;;;;;;;;;;;
REPUTACIONAL;9102031594;1128536;;CASA NOVA;;;;;;17;166;;;;;14.4.12.1;40%;R$ 1.425.753,93;;18/08/2025;27/12/2025;FERNANDO;SANTIAGO;DIEGO CARVALHO;-9,6263923;-41,838502;;;;;;;DA PLANILHA;E819709;E819874;Agosto 25;;;;;MP-CCOL-POV-XIQUE XIQUE-RURAL;NÃO INICIADA;;R$ 282.200,00;;;;;;;;;;;;;;;;;;;;;;;;;
;9102069137;1146087;;REMANSO;;;;;;12;172;;;;;7.1.2.3;10%;R$ 1.518.885,35;;;;;JORGE;;;;;;;;;;DA PLANILHA ;E750817;E750988;Agosto 25;;;;;MP-CCOL-FAZ.NOVA TAPUA-RURAL;EM EXECUÇÃO;;;;;;;;;;;;;;;;;;;;;;;;;;;
JUDICIAL;9102151543;1173964;;REMANSO;;;;;;36;227;;;;;14.4.12.1;50%;R$ 1.356.414,52;;;;JORGE;JORGE;MARLOS PEREIRA;0;0;;;;;;;;;;Agosto 25;;;JORGE;;RR-CIND-POV-SALINA GRANDE-RURAL;NÃO INICIADA;;R$ 385.900,00;;;;;;;;;;;;;;;;;;;;;;;;;
PRIORIDADE PLANO ANEEL;9101867742;1058100;;REMANSO;;;;;;59;380;;;;;7.1.2.3;40%;R$ 4.341.201,10;;;;RUBEM;RUBEM;MARLOS PEREIRA;-9,392305;-42,1929795;;;;;;;DA PLANILHA;E774354;E774683;Agosto 25;;;RUBEM;;AC-CIND-POV-PONTA DA SERRA-RURAL;NÃO INICIADA;;R$ 646.000,00;;;;;;;;;;;;;;;;;;;;;;;;;
QLP;9101976713;1113834;;PILÃO ARCADO;;;;;;65;416;;;;;7.1.2.3;75%;R$ 5.716.579,81;;;30/09/2025;AILTON / MAURICIO;PAULO JUNIOR;MARLOS PEREIRA;-9,9331343;-42,9012232;;;;;;;DA PLANILHA;E799950;E800365;Agosto 25;;;APP;;AC-CIND ESCOLA MUN.DE BREJINHO-RURAL;EM EXECUÇÃO;;R$ 707.200,00;;;;;;;;;;;;;;;;;;;;;;;;;
JUDICIAL;9100096585;515938;;REMANSO;;;;;;93;1392;;;;;14.4.12.1;100%;R$ 10.351.277,04;;;;JORGE;JORGE;MARLOS PEREIRA;0;0;;;;;;;;;;Agosto 25;;;JORGE;;MP-CCOL-FAZ SERRA BRANCA E ARRED.-RURAL;NÃO INICIADA;;R$ 2.366.400,00;;;;;;;;;;;;;;;;;;;;;;;;;
AL/MELHORAMENTO;9101915087;1101887;;JUAZEIRO;;;;;;0;2;;2;;;PLANO 1;100%;;;;;IVONALDO;SANTIAGO;;;;;;;;;;DA PLANILHA;E799863;E799864;Agosto 25;;;;;IE 01V2 NOVA TOURÃO RURAL EQUIP  N61580;EM EXECUÇÃO;;R$ 3.400,00;;;;;;;;;;;;;;;;;;;;;;;;;
GOVERNO;9102329124;1219676;;JUAZEIRO;;OURO;;;;1;2;;;;;7.1.2.3;100%;R$ 15.190,27;;01/09/2025;01/09/2025;MICHEL;MICHEL;VICTOR BARROS;#N/D;#N/D;;;;;;;DA PLANILHA;E864175;E864176;Agosto 25;;;;;ER-CIND-POV-SABIA II-RURAL;CONCLUIDA;26/08/2025;;;;;;;;;;;;;;;;;;;;;;;;;;
;;;;;;;;;;;;;;;;;;;;;;;;;;;;;;;;;;;;Agosto 25;;;;;;;;;;;;;;;;;;;;;;;;;;;;;;;;;
;;;;;;;;;;;;;;;;;;;;;;;;;;;;;;;;;;;;Agosto 25;;;;;;;;;;;;;;;;;;;;;;;;;;;;;;;;;
;;;;;;;;;;;;;;;;;;;;;;;;;;;;;;;;;;;;Agosto 25;;;;;;;;;;;;;;;;;;;;;;;;;;;;;;;;;
;;;;;;;;;;;;;;;;;;;;;;;;;;;;;;;;;;;;Agosto 25;;;;;;;;;;;;;;;;;;;;;;;;;;;;;;;;;
;;;;;;;;;;;;;;;;;;;;;;;;;;;;;;;;;;;;Agosto 25;;;;;;;;;;;;;;;;;;;;;;;;;;;;;;;;;
;;;;;;;;;;;;;;;;;;;;;;;;;;;;;;;;;;;;Agosto 25;;;;;;;;;;;;;;;;;;;;;;;;;;;;;;;;;
;;;;;;;;;;;;;;;;;;;;;;;;;;;;;;;;;;;;Agosto 25;;;;;;;;;;;;;;;;;;;;;;;;;;;;;;;;;
;;;;;;;;;;;;;;;;;;;;;;;;;;;;;;;;;;;;Agosto 25;;;;;;;;;;;;;;;;;;;;;;;;;;;;;;;;;
;;;;;;;;;;;;;;;;;;;;;;;;;;;;;;;;;;;;Agosto 25;;;;;;;;;;;;;;;;;;;;;;;;;;;;;;;;;
;;;;;;;;;;;;;;;;;;;;;;;;;;;;;;;;;;;;Agosto 25;;;;;;;;;;;;;;;;;;;;;;;;;;;;;;;;;
;;;;;;;;;;;;;;;;;;;;;;;;;;;;;;;;;;;;Agosto 25;;;;;;;;;;;;;;;;;;;;;;;;;;;;;;;;;
;;;;;;;;;;;;;;;;;;;;;;;;;;;;;;;;;;;;Agosto 25;;;;;;;;;;;;;;;;;;;;;;;;;;;;;;;;;
;;;;;;;;;;;;;;;;;;;;;;;;;;;;;;;;;;;;Agosto 25;;;;;;;;;;;;;;;;;;;;;;;;;;;;;;;;;
;;;;;;;;;;;;;;;;;;;;;;;;;;;;;;;;;;;;Agosto 25;;;;;;;;;;;;;;;;;;;;;;;;;;;;;;;;;
;;;;;;;;;;;;;;;;;;;;;;;;;;;;;;;;;;;;Agosto 25;;;;;;;;;;;;;;;;;;;;;;;;;;;;;;;;;
;;;;;;;;;;;;;;;;;;;;;;;                       ;;;;;;;;;;;;;Agosto 25;;;;;;;;;;;;;;;;;;;;;;;;;;;;;;;;;
INTERV SEGURANÇA;9102244605;1197173;;JUAZEIRO;OK;;;;;0;8;;;;;8.6.2003;100%;R$ 106.553,46;;01/09/2025;05/09/2025;PEDRO LINO;ANDERSON;VICTOR BARROS;-9.425685;-40.5172658;;;;;;;;;;Setembro 25;;;;;IS-COEL-AV-MARIA DA G DE JESUS-J VITOR;CONCLUIDA;;R$ 13.600,00;;;;;;04/09/2025;;;;;;;;;;;;;;;;;;;
QLP;9102125395;1166448;;JUAZEIRO;OK;;;;;1;0;;;;;7.1.1.3;100%;R$ 10.018,73;;05/09/2025;05/09/2025;ITALO LV;ANDERSON;SANDRO SANTOS;-9.45761486;-40.487645;;;;;;;0 POSTE;;;Setembro 25;;;;;RU-CIND-AV-1-QDL-N33-DESTRITO INDUSTRIAL;CONCLUIDA;;R$ 0,00;;;R$ 1.606,00;;;;;;;;;;;;;;;;;;;;;;
PRIORIDADE PLANO ANEEL;9102219759;1196624;;JUAZEIRO;OK;;;;;1;0;;;;;7.1.1.3;100%;R$ 36.142,11;;27/08/2025;06/09/2025;MANUTENÇÃO;ANDERSON;VICTOR BARROS;-9.4449179;-40.5157863;;;;;;;;;;Setembro 25;;;;;AC-CIND-RUA-MALHADA DA AREIA-MALHADA DA;EM EXECUÇÃO;;R$ 0,00;;;;;;27/09/2025;;;;;;;;;;;;;;;;;;;
QLP;9102159954;1182387;;SOBRADINHO;OK;;;;;1;2;;;;;7.1.2.3;100%;R$ 33.321,44;;06/09/2025;06/09/2025;PEDRO LINO;ANDERSON;DIEGO ALMEIDA;-9,525592;-40,7644843;;;;;;;DA PLANILHA ;E864159;E864160;Setembro 25;;;;;ER-CIND-FAZ-TOGUEMBURGO-SANTANA RURAL;CONCLUIDA;;R$ 3.400,00;;;;;;;;;;;;;;;;;;;;;;;;;
QLP;9102314574;1212274;;SOBRADINHO;OK;;;;;;2;;;;;14.7.2003;100%;R$ 25.485,13;;06/09/2025;06/09/2025;PEDRO LINO;ANDERSON;DIEGO ALMEIDA;-9.5719662;-40.7752113;;;;;;;DA PLANILHA;E865109;E865110;Setembro 25;;;;;ER-CIND-POV-LAGOA GRANDE 9999-RURAL;CONCLUIDA;;R$ 3.400,00;;;;;;;;;;;;;;;;;;;;;;;;;
JUDICIAL;9101797572;1032275;;JUAZEIRO;OK;OURO;;;;1;6;;;;;14.4.12.1;100%;R$ 48.400,27;;02/09/2025;10/09/2025;PEDRO LINO;ANDERSON;VICTOR BARROS;-9,0742368;-40,2047431;;;;;;;DA PLANILHA ;E864199;E864204;Setembro 25;;;;;ER-CIND-POV-PONTAL-RURAL;EM EXECUÇÃO;;R$ 10.200,00;;;;;;03/09/2025;;;;;;;;;;;;;;;;;;;
JUDICIAL;9102073209;1142581;;JUAZEIRO;OK;OURO;;;;0;5;8;;;;8.3.2.3;100%;R$ 20.129,67;;04/09/2025;10/09/2025;PEDRO LINO;ANDERSON;VICTOR BARROS;0;0;;;;;;;DA PLANILHA;E864181;E864185;Setembro 25;;;;;RC-CIND-AV-08 150-QUIDE;CONCLUIDA;;R$ 8.500,00;;;;;;05/09/2025;;;;;;;;;;;;;;;;;;;
GOVERNO;9102332104;1217996;;JUAZEIRO;OK;OURO;;;;0;6;;;;;7.1.1.3;100%;R$ 69.318,59;;01/09/2025;12/09/2025;PEDRO LINO;ANDERSON;VICTOR BARROS;#N/D;#N/D;;;;;;;DA PLANILHA;E864222;E864227;Setembro 25;;;;;IT-CIND-RUA-CINCO-CENTRO;ESCAVAÇÃO;;R$ 10.200,00;;;;;;;;;;;;;;;;;;;;;;;;;
QLP;9102232005;1187735;;REMANSO;;;;;;0;1;;;;;7.1.1.3;100%;R$ 55.020,71;;16/09/2025;16/09/2025;MANUTENÇÃO;ANDERSON;MARLOS LOPES ;-9,6172162;-42,0840119;;;;;;;DA PLANILHA;E864279;E864279;Setembro 25;;;;;AC-CIND-AV-BARAO DO RIO B-QUADRA 19;ESCAVAÇÃO;;R$ 1.700,00;;;;;;;;;;;;;;;;;;;;;;;;;
PRIORIDADE PLANO ANEEL;9102288631;1209983;;SOBRADINHO;OK;;;;;1;3;;;;;7.1.1.3;100%;R$ 59.494,36;;15/09/2025;16/09/2025;PEDRO LINO;ANDERSON;DIEGO ALMEIDA;-9,4673387;-40,7933262;;;;;;;DA PLANILHA;E864196;E864198;Setembro 25;;;;;AC-CIND-RUA-05 QDA N 22-VILA SAO JOAQUIM;NÃO INICIADA;;R$ 5.100,00;;;;;;;;;;;;;;;;;;;;;;;;;
QLP;9102232122;1195222;;SOBRADINHO;;;;;;1;3;;;;;7.1.1.3;100%;R$ 32.872,25;;17/09/2025;18/09/2025;PEDRO LINO;ANDERSON;DIEGO ALMEIDA;-9,4702329;-40,7949487;;;;;;;DA PLANILHA;E864307;E864309;Setembro 25;;;;;UB-CIND-RUA-02 QSA S 19-VILA S O JOAQUIM;NÃO INICIADA;;R$ 5.100,00;;;;;;;;;;;;;;;;;;;;;;;;;
AL/MELHORAMENTO;9102089655;1146807;;SOBRADINHO;;;;;;0;2;;;;;8.4.1.1;100%;R$ 402.232,59;;10/09/2025;19/09/2025;MANUTENÇÃO;ANDERSON;DIEGO ALMEIDA;-9,5366625;-40,9057719;;;;;;;DA PLANILHA;E864186;E864187;Setembro 25;;;;;NT-RECOND-SBO-01S4-D134830-Q023936;NÃO INICIADA;;R$ 3.400,00;;;;;;;;;;;;;;;;;;;;;;;;;
QLP;9102161579;1185166;;SOBRADINHO;;;;;;1;3;;;;;7.1.2.3;100%;R$ 54.933,93;;19/09/2025;20/09/2025;PEDRO LINO;ANDERSON;DIEGO ALMEIDA;-9,4627287;-40,8772378;;;;;;;DA PLANILHA;E864274;E864276;Setembro 25;;;;;AC-CIND-FAZ-SÃO JOAQUIM-RURAL;NÃO INICIADA;;R$ 5.100,00;;;;;;;;;;;;;;;;;;;;;;;;;
QLP;9102163692;1184453;;JUAZEIRO;;;;;;1;4;;;;;7.1.2.3;100%;R$ 37.618,99;;15/09/2025;20/09/2025;MANUTENÇÃO;ANDERSON;VICTOR BARROS;-9,5304595;-39,9539396;;;;;;;DA PLANILHA;E864177;E864180;Setembro 25;;;;;ER-CIND-POV-PINHOES-PINHOES;NÃO INICIADA;;R$ 6.800,00;;;;;;;;;;;;;;;;;;;;;;;;;
PRIORIDADE PLANO ANEEL;9102237613;1198741;;REMANSO;;;;;;11;10;;;;;7.1.1.3;100%;R$ 59.217,22;;01/09/2025;20/09/2025;MANUTENÇÃO;ANDERSON;MARLOS LOPES ;-9,6063923;-42,0927632;;;;;;;DA PLANILHA;E864165;E864174;Setembro 25;;;;;UB-CIND-RCL-RUA-RUA DILSON VIEIRA-VILA;NÃO INICIADA;;R$ 17.000,00;;;;;;;;;;;;;;;;;;;;;;;;;
QLP;9102140891;1176249;;SOBRADINHO;OK;;;;;0;4;;;;;7.1.2.3;100%;R$ 44.370,35;;22/09/2025;22/09/2025;PEDRO LINO;ANDERSON;DIEGO ALMEIDA;-9,524956;-40,8539064;;;;;;;DA PLANILHA;E864217;E864220;Setembro 25;;;;;ER-CIND-POV-TATAUI-RURAL-SOBRADINHO;NÃO INICIADA;;R$ 6.800,00;;;;;;;;;;;;;;;;;;;;;;;;;
GOVERNO;9102305123;1211884;;JUAZEIRO;;;;;;;1;;;;;7.1.1.3;100%;R$ 14.808,32;;23/09/2025;23/09/2025;PEDRO LINO;ANDERSON;VICTOR BARROS;-9.4180224;-40.507459;;;;;;;DA PLANILHA;E876692;E876692;Setembro 25;;;;;AC-GRUA-AV-RAUL ALVES-SANTO ANTONIO;NÃO INICIADA;;R$ 1.700,00;;;;;;;;;;;;;;;;;;;;;;;;;
SLA;9102131257;1163416;;JUAZEIRO;;;;;;1;4;;;;;14.4.12.1;100%;R$ 52.884,17;;24/09/2025;25/09/2025;PEDRO LINO;ANDERSON;SANDRO SANTOS;-9.6748125;-40.6029115;;;;;;;DA PLANILHA;E876693;E876697;Setembro 25;;;;;ER CIND POV JUNCO SALITRE RURAL;NÃO INICIADA;;R$ 6.800,00;;;;;;;;;;;;;;;;;;;;;;;;;
PRIORIDADE PLANO ANEEL;9102250804;1205723;;JUAZEIRO;OK;;;;;1;0;;;;;7.1.2.3;100%;R$ 33.959,26;;09/09/2025;26/09/2025;PEDRO LINO;ANDERSON;VICTOR BARROS;0;0;;;;;;; 0 POSTE;;;Setembro 25;;;;;AC-CIND-POV-PINHOES-PINHOES;CONCLUIDA;;R$ 0,00;;;;;;;;;;;;;;;;;;;;;;;;;
EQUIPAMENTO;9102237181;1195081;;REMANSO;;;;;;0;2;;;;;7.1.2.3;100%;R$ 289.857,73;;10/09/2025;27/09/2025;MANUTENÇÃO;ANDERSON;MARLOS LOPES ;-9,6019523;-42,0840707;;;;;;;DA PLANILHA;E819654;E819655;Setembro 25;;;;;EQ COEL ROD BR 324 RURAL;NÃO INICIADA;;R$ 3.400,00;;;;;;;;;;;;;;;;;;;;;;;;;
RECLAMAÇÃO;9102154509;1175575;;SOBRADINHO;;;;;;1;5;;;;;7.1.2.3;100%;R$ 65.539,44;;10/09/2025;29/09/2025;PEDRO LINO;ANDERSON;DIEGO ALMEIDA;-9,5095062;-40,7745147;;;;;;;DA PLANILHA;E819704;E819708;Setembro 25;;;;;AC-CIND-POV-LAGOA GRANDE-RURAL;NÃO INICIADA;;R$ 8.500,00;;;;;;;;;;;;;;;;;;;;;;;;;
PRIORIDADE PLANO ANEEL;9102302023;1211868;;SOBRADINHO;;;;;;1;2;;;;;7.1.2.3;100%;R$ 28.894,27;;30/09/2025;30/09/2025;PEDRO LINO;ANDERSON;DIEGO ALMEIDA;0;0;;;;;;;DA PLANILHA;E864426;E864427;Setembro 25;;;;;ER-CIND-POV-SALGADINHA-SALGADINHA;NÃO INICIADA;;R$ 3.400,00;;;;;;;;;;;;;;;;;;;;;;;;;
JUDICIAL;9102145299;1173118;;SENTO SÉ;;OURO;;;;1;31;;;;;14.4.12.1;100%;R$ 228.569,67;;;;;;SANDRO SANTOS;-10,6688349;-41,7234453;;;;;;;DA PLANILHA;E750989;E751019;Setembro 25;;;;;ER-CIND-FAZ-SERRA BRANCA-RURAL-SENTO SE;RETIRADA ;;R$ 52.700,00;;;;;;;;;;;;;;;;;;;;;;;;;
PRIORIDADE PLANO ANEEL;9102140321;1171596;;CURAÇÁ;OK;;;;;1;12;;;;;14.7.2003;100%;R$ 127.556,34;;18/09/2025;06/09/2025;FABIO;EDIE JONNES;CARLOS EDUARDO;-9.0727654;-39.9699296;;;;;;;;;;Setembro 25;;;;;ER-CIND-POV-BARRA GRANDE-RURAL;CONCLUIDA;;R$ 20.400,00;;;;;;23/09/2025;;;;;;;;;;;;;;;;;;;
AL/MELHORAMENTO;9102130579;1165158;;UAUÁ;OK;;;;;0;3;;;;;1.2.1.1.3;50%;R$ 347.546,76;;08/09/2025;09/09/2025;JUAREZ;EDIE JONNES;CARLOS EDUARDO;-9,9754872;-39,4990407;;;;;;;DA PLANILHA;E864188;E864190;Setembro 25;;;;;IE-RUA-DO CONSELHEIRO-RURAL;NÃO INICIADA;;R$ 5.100,00;;;;;;;;;;;;;;;;;;;;;;;;;
QLP;9102156298;1182181;;CURAÇÁ;OK;;;;;1;1;;;;;7.1.2.3;100%;R$ 36.451,45;;10/09/2025;10/09/2025;FABIO;EDIE JONNES;CARLOS EDUARDO;-9,0139747;-39,9234207;;;;;;;DA PLANILHA;E864221;E864221;Setembro 25;;;;;ER-CIND-FAZ-DO CANTO 1-A-RURAL-CURACA;NÃO INICIADA;;R$ 1.700,00;;;;;;;;;;;;;;;;;;;;;;;;;
QLP;9102241837;1206271;;CURAÇÁ;OK;;;;;1;4;;;;;7.1.1.3;100%;R$ 24.118,01;;12/09/2025;12/09/2025;FABIO;EDIE JONNES;CARLOS EDUARDO;-8,9974759;-39,9028056;;;;;;;DA PLANILHA;E864491;E864494;Setembro 25;;;;;UB-CIND-AV-ACM 425-CURACA 1;NÃO INICIADA;;R$ 6.800,00;;;;;;;;;;;;;;;;;;;;;;;;;
QLP;9102096899;1178440;;JUAZEIRO;OK;;;;;1;26;;;;;7.1.2.3;100%;R$ 183.573,41;;03/09/2025;15/09/2025;GISMARIO;EDIE JONNES;VICTOR BARROS;-9,447105;-39,86499;;;;;;;DA PLANILHA;E864463;E864488;Setembro 25;;;;;AC-CIND-REG FV-POV-TANQUE NOVO-RURAL;NÃO INICIADA;;R$ 44.200,00;;;;;;;;;;;;;;;;;;;;;;;;;
REPUTACIONAL;9101896280;1088643;;UAUÁ;OK;OURO;;;;1;29;;;;;14.4.12.1;100%;R$ 307.839,74;;12/09/2025;15/09/2025;JUAREZ;EDIE JONNES;CARLOS EDUARDO;-9,9090698;-39,357881;;;;;;;DA PLANILHA;E864087;E864115;Setembro 25;;;;;MP CIND FAZ CARIRI RURAL;NÃO INICIADA;;R$ 49.300,00;;;;;;;;;;;;;;;;;;;;;;;;;
GOVERNO;9102310794;1215350;;UAUÁ;OK;;;;;0;2;;;;;7.1.1.3;100%;R$ 56.213,34;;16/09/2025;16/09/2025;JUAREZ;EDIE JONNES;CARLOS EDUARDO;0;0;;;;;;;DA PLANLHA;E864489;E864490;Setembro 25;;;;;AC-GOVE-RUA-7 DE SETEMBRO-CENTRO;NÃO INICIADA;;R$ 3.400,00;;;;;;;;;;;;;;;;;;;;;;;;;
PRIORIDADE PLANO ANEEL;9102236628;1199956;;CURAÇÁ;OK;;;;;1;6;;;;;7.1.2.3;100%;R$ 37.790,63;;15/09/2025;16/09/2025;FABIO;EDIE JONNES;CARLOS EDUARDO;-8,9702533;-39,823905;;;;;;;DA PLANILHA ;E864228;E864233;Setembro 25;;;;;ER-CIND-FAZ-MACAMBIRA-RURAL;NÃO INICIADA;;R$ 10.200,00;;;;;;;;;;;;;;;;;;;;;;;;;
QLP;9102286504;1206677;;JUAZEIRO;;;;;;1;2;;;;;7.1.2.3;100%;R$ 32.360,91;;16/09/2025;16/09/2025;GISMARIO;EDIE JONNES;VICTOR BARROS;-9,5913002;-39,8762128;;;;;;;DA PLANILHA;E864085;E864086;Setembro 25;;;;;RR CIND FZ MACHADO PINHOES;NÃO INICIADA;;R$ 3.400,00;;;;;;;;;;;;;;;;;;;;;;;;;
QLP;9102322040;1216207;;CURAÇÁ;;;;;;0;1;;;;;7.1.2.3;100%;R$ 48.703,49;;17/09/2025;17/09/2025;FABIO;EDIE JONNES;CARLOS EDUARDO;0;0;;;;;;;DA PLANILHA;E864164;E864164;Setembro 25;;;;;AC-CIND-FAZ-SURUBIM 33-RURAL;NÃO INICIADA;;R$ 1.700,00;;;;;;;;;;;;;;;;;;;;;;;;;
QLP;9102143598;1170033;;UAUÁ;;;;;;1;10;;;;;37816;100%;R$ 137.223,12;;15/09/2025;18/09/2025;TURMA NOVA;EDIE JONNES;CARLOS EDUARDO;-10,0160719;-39,488488;;;;;;;DA PLANILHA;E864205;E864214;Setembro 25;;;;;ER-CIND-RUA-S O PAULO-CENTRO-LA DO PIRES;NÃO INICIADA;;R$ 17.000,00;;;;;;;;;;;;;;;;;;;;;;;;;
PRIORIDADE PLANO ANEEL;9102297064;1209633;;UAUÁ;OK;;;;;1;1;;;;;7.1.2.3;100%;R$ 18.205,06;;19/09/2025;19/09/2025;JUAREZ;EDIE JONNES;CARLOS EDUARDO;-9,7212662;-39,4896367;;;;;;;DA PLANILHA;E864379;E864379;Setembro 25;;;;;ER-CIND-POV-CARRO QUEBRADO-RURAL;NÃO INICIADA;;R$ 1.700,00;;;;;;;;;;;;;;;;;;;;;;;;;
QLP;9102231573;1194738;;UAUÁ;;;;;;1;4;;;;;7.1.2.3;100%;R$ 51.825,89;;23/09/2025;23/09/2025;JUAREZ;EDIE JONNES;CARLOS EDUARDO;-9,7860976;-39,6467436;;;;;;;DA PLANILHA;E864303;E864306;Setembro 25;;;;;ER-CIND-POV-CALDEIRAO DO LALAU-CALDEIRAO;NÃO INICIADA;;R$ 6.800,00;;;;;;;;;;;;;;;;;;;;;;;;;
QLP;9102144868;1173811;;UAUÁ;;;;;;0;2;;;;;7.1.2.3;100%;R$ 25.939,53;;24/09/2025;24/09/2025;JUAREZ;EDIE JONNES;CARLOS EDUARDO;-9,810783;-39,600581;;;;;;;DA PLANILHA ;E864215;E864216;Setembro 25;;;;;ER-CIND-FAZ-LAPAO-RURAL;NÃO INICIADA;;R$ 3.400,00;;;;;;;;;;;;;;;;;;;;;;;;;
AIC AUDITORIA;9102044229;1139386;;JUAZEIRO;OK;;;;;1;23;;;;;7.1.2.3;100%;R$ 331.078,60;;15/09/2025;24/09/2025;GISMARIO;EDIE JONNES;VICTOR BARROS;-9,5917851;-39,8765429;;;;;;;DA PLANILHA;E864280;E864302;Setembro 25;;;;;MP-CIND-POV PINHOES-RURAL;NÃO INICIADA;;R$ 39.100,00;;;;;;;;;;;;;;;;;;;;;;;;;
REPUTACIONAL;9102243319;1200943;;CURAÇÁ;;;;;;0;3;;;;;7.1.2.3;100%;R$ 36.419,57;;11/09/2025;26/09/2025;FABIO;EDIE JONNES;CARLOS EDUARDO;-9,043645;-39,9484788;;;;;;;DA PLANILHA;E864161;E864163;Setembro 25;;;;;AC-CIND-FAZ-JURITI I-RURAL CURACA;NÃO INICIADA;;R$ 5.100,00;;;;;;11/09/2025;;;;;;;;;;;;;;;;;;;
REPUTACIONAL;9102280009;1206973;;CURAÇÁ;OK;OURO;;;;0;4;;;;;7.1.2.3;100%;R$ 84.188,49;;03/09/2025;26/09/2025;FABIO;EDIE JONNES;CARLOS EDUARDO;-9,055737;-39,9652039;;;;;;;DA PLANILHA;E864369;E864372;Setembro 25;;;;;RR-GRUA-FAZ-JURITI-RURAL-CURACA;NÃO INICIADA;;R$ 6.800,00;;;;;;05/09/2025;;;;;;;;;;;;;;;;;;;
RECLAMAÇÃO;;1190607;;JUAZEIRO;;;;;;;11;;;;;7.1.2.3;100%;R$ 100.819,97;;;CANCELADA;PAULO;SANTIAGO;VICTOR BARROS;-9.4558323;-40.4694898;;;;;;;;;;Setembro 25;;;;;ER-CIND-SI-S O JOSE-RURAL;RETIRADA ;;;;;;;;;;;;;;;;;;;;;;;;;;;
REPUTACIONAL;9102153628;1177271;;CURAÇÁ;;OURO;;;;0;6;;;;;7.1.2.3;100%;R$ 910.987,38;;24/09/2025;26/09/2025;FABIO;EDIE JONNES;CARLOS EDUARDO;-9,0731065;-39,9175208;;;;;;;DA PLANILHA;E864373;E864378;Setembro 25;;;;;RR-GRUA-POV-CURACA EB 06 KM085-RURAL;NÃO INICIADA;;R$ 10.200,00;;;;;;;;;;;;;;;;;;;;;;;;;
REPUTACIONAL;9102144836;1173776;;JUAZEIRO;OK;;;;;;6;;;;;8.6.2003;100%;R$ 103.944,38;;12/08/2025;27/09/2025;GISMARIO;EDIE JONNES;CARLOS EDUARDO;-9.4328027;-39.7841685;;;;;;;;;;Setembro 25;;;;;RR-GRUA-FAZ-VERMELHO-RURAL;CONCLUIDA;;R$ 10.200,00;;;;;;;;;;;;;;;;;;;;;;;;;
PRIORIDADE PLANO ANEEL;9102252531;1195955;;UAUÁ;OK;;;;;1;6;;;;;7.1.2.3;100%;R$ 79.693,50;;12/09/2025;30/09/2025;JUAREZ;EDIE JONNES;CARLOS EDUARDO;-9,8345323;-39,4149137;;;;;;;DA PLANILHA;E864310;E864315;Setembro 25;;;;;ER-CIND-POV-MARIA PRETA 200-MARIA PRETA;NÃO INICIADA;;R$ 10.200,00;;;;;;;;;;;;;;;;;;;;;;;;;
SUBSÍDIO DE DEFESA;9101981354;1118538;;JUAZEIRO;;;;;;1;24;;;;;14.7.2003;100%;R$ 116.374,32;;25/08/2025;30/09/2025;GISMARIO;EDIE JONNES;VICTOR BARROS;-9.5667254;-39.9208861;;;;;;;DA PLANILHA;E876698;E876723;Setembro 25;;;;;ER-CIND-POV-PINHOES-CENTRO;NÃO INICIADA;;R$ 40.800,00;;;;;;;;;;;;;;;;;;;;;;;;;
AIC AUDITORIA;9102047858;1141961;;UAUÁ;;;;;;1;14;;;;;37451;100%;R$ 157.585,03;;22/09/2025;30/09/2025;TURMA NOVA;EDIE JONNES;CARLOS EDUARDO;-10,0231278;-39,4902749;;;;;;;DA PLANILHA;E864070;E864083;Setembro 25;;;;;MP-CIND-FAZ RIACHO DO SALGADO-RURAL;NÃO INICIADA;;R$ 23.800,00;;;;;;;;;;;;;;;;;;;;;;;;;
QLP;9102134389;1172124;;CURAÇÁ;;;;;;3;30;;;;;7.1.2.3;100%;R$ 174.156,54;;24/09/2025;30/09/2025;FABIO;EDIE JONNES;CARLOS EDUARDO;-9,2082716;-39,8343706;;;;;;;DA PLANLHA;E864339;E864368;Setembro 25;;;;;RR-CIND-FAZ-MELANCIA-RURAL;NÃO INICIADA;;R$ 51.000,00;;;;;;;;;;;;;;;;;;;;;;;;;
QLP;9102299080;1210327;;UAUÁ;;;;;;1;20;;;;;7.1.2.3;80%;R$ 195.508,99;;15/09/2025;15/10/2025;AVANÇO;EDIE JONNES;CARLOS EDUARDO;-9,9312168;-39,3249672;;;;;;;DA PLANILHA;E864380;E864399;Setembro 25;;;;;ER-CIND-POV-CAITITUS-CAITITUS;NÃO INICIADA;;R$ 34.000,00;;;;;;;;;;;;;;;;;;;;;;;;;
GOVERNO;9102230797;1198350;;CURAÇÁ;;;;;;;18;;;;;14.4.12.1;25%;R$ 144.734,27;;15/08/2025;31/10/2025;AVANÇO;EDIE JONNES;CARLOS EDUARDO;-8.6656868;-39.4263194;;;;;;;DA PLANILHA;E876645;E876662;Setembro 25;;;;;ER-CCOL-RUA-04 AGROVILA-PEDRA BRANCA;NÃO INICIADA;;R$ 30.600,00;;;;;;;;;;;;;;;;;;;;;;;;;
AIC AUDITORIA;9102099436;1153460;;JUAZEIRO;;;;;;3;26;;;;;7.1.2.3;80%;R$ 252.443,76;;01/09/2025;31/10/2025;AVANÇO;EDIE JONNES;VICTOR BARROS;-9,5992005;-40,3925912;;;;;;;DA PLANILHA;E864400;E864425;Setembro 25;;;;;MP-CIND-RUA-DOS VERMELHOS-RURAL;NÃO INICIADA;;R$ 44.200,00;;;;;;;;;;;;;;;;;;;;;;;;;
QLP;9102158783;1181008;;JUAZEIRO;;;;;;1;21;;;;;7.1.2.3;80%;R$ 147.180,67;;01/09/2025;31/10/2025;AVANÇO;EDIE JONNES;VICTOR BARROS;-9,5961849;-40,4236876;;;;;;;DA PLANILHA;E864253;E864273;Setembro 25;;;;;RR-CIND-FAZ-S O PEDRO 11-S O PEDRO;NÃO INICIADA;;R$ 35.700,00;;;;;;;;;;;;;;;;;;;;;;;;;
JUDICIAL;9100096585;515938;;REMANSO;OK;;;;;93;1392;;;;;14.4.12.1;100%;R$ 11.815.100,10;;;30/09/2025;JORGE;JORGE;MARLOS LOPES ;;;;;;;;;;;;Setembro 25;;;;;MP-CCOL-FAZ SERRA BRANCA E ARRED.-RURAL;NÃO INICIADA;;R$ 2.366.400,00;;;;;;;;;;;;;;;;;;;;;;;;;
QLP;9102069137;1146087;;REMANSO;;;;;;12;172;;;;;7.1.2.3;60%;R$ 1.518.885,35;;;AVANÇO;JORGE;JORGE;MARLOS LOPES ;-9,4735036;-42,2501527;;;;;;;DA PLANILHA ;E750817;E750988;Setembro 25;;;;;MP-CCOL-FAZ.NOVA TAPUA-RURAL;NÃO INICIADA;;R$ 292.400,00;;;;;;;;;;;;;;;;;;;;;;;;;
JUDICIAL;9102151543;1173964;;REMANSO;;OURO;;;;36;227;;;;;14.4.12.1;60%;R$ 1.482.021,94;;;AVANÇO;JORGE;JORGE;MARLOS LOPES ;0;0;;;;;;;;;;Setembro 25;;;;;RR-CIND-POV-SALINA GRANDE-RURAL;NÃO INICIADA;;R$ 385.900,00;;;;;;;;;;;;;;;;;;;;;;;;;
TRANSGRESSÃO;9102160779;1187240;;CASA NOVA;OK;;;;;1;2;;;;;37816;100%;R$ 33.799,59;;12/09/2025;12/09/2025;MANUTENÇÃO;PAULO JUNIOR;DIEGO ALMEIDA;0;0;;;;;;;DA PLANILHA;E864277;E864278;Setembro 25;;;;;ER-CINDQD Z 10-BEM BOM;NÃO INICIADA;;R$ 3.400,00;;;;;;;;;;;;;;;;;;;;;;;;;
RECLAMAÇÃO;9102080524;1141807;;CASA NOVA;;;;;;;2;;;;;7.1.2.3;100%;R$ 54.390,13;;10/09/2025;26/09/2025;AILTON;PAULO JUNIOR;SANDRO SANTOS;-9.318951;-41.123503;;;;;;;DA PLANILHA;E876724;E876725;Setembro 25;;;;;ER-CIND-POV-ENTRONCAMENTO-RECREIO;NÃO INICIADA;;R$ 3.400,00;;;;;;;;;;;;;;;;;;;;;;;;;
RECLAMAÇÃO;9102068123;1141818;;CASA NOVA;OK;;;;;;0;;;;;7.1.2.2;100%;R$ 26.704,72;;10/09/2025;26/09/2025;AILTON;PAULO JUNIOR;SANDRO SANTOS;-9.3099092;-41.138693;;;;;;;;;;Setembro 25;;;;;ER-CIND-SI-PASCACIO-RURAL;NÃO INICIADA;;R$ 0,00;;;;;;;;;;;;;;;;;;;;;;;;;
GOVERNO;9102096483;1132085;;PILÃO ARCADO;;OURO;;;;11;26;;;;;7.1.2.3;100%;R$ 243.570,88;;20/09/2025;30/09/2025;;PAULO JUNIOR;MARLOS LOPES ;-10,5568842;-42,6234047;;;;;;;DA PLANILHA;E799629;E799654;Setembro 25;;;;;ER-SEIN-RUA-DAS FLORES-XIQUE-XIQUE;NÃO INICIADA;;R$ 44.200,00;;;;;;;;;;;;;;;;;;;;;;;;;
PRIORIDADE PLANO ANEEL;9102033317;1128925;;CASA NOVA;OK;;;;;1;6;;;;;37451;100%;R$ 175.752,82;;15/09/2025;30/09/2025;SILVONEY;PAULO JUNIOR;SANDRO SANTOS;-9.3139292;-41.0714687;;;;;;;DA PLANILHA;E876686;E876691;Setembro 25;;;;;LD-CIND-POV BAIXAO-RURAL-CSN;NÃO INICIADA;;R$ 10.200,00;;;;;;;;;;;;;;;;;;;;;;;;;
QLP;9101976713;1113834;;PILÃO ARCADO;OK;;;;;65;416;;217;;;7.1.2.3;80%;R$ 5.716.579,81;;01/09/2025;30/10/2025;AILTON;PAULO JUNIOR;MARLOS LOPES ;#N/D;#N/D;;;;;;;DA PLANILHA;E799950;E800365;Setembro 25;;;;;AC-CIND ESCOLA MUN.DE BREJINHO-RURAL;NÃO INICIADA;;R$ 707.200,00;;;;;;;;;;;;;;;;;;;;;;;;;
REPUTACIONAL;9102084906;1145786;;CASA NOVA;OK;OURO;;;;18;29;;;;;7.1.2.3;20%;R$ 184.243,28;;22/09/2025;31/10/2025;FERNANDO;PAULO JUNIOR;DIEGO ALMEIDA;#N/D;#N/D;;;;;;;DA PLANILHA;E865080;E865108;Setembro 25;;;;;AC CIND POV XIQUE XIQUE RURAl;NÃO INICIADA;;R$ 49.300,00;;;;;;;;;;;;;;;;;;;;;;;;;
REPUTACIONAL;9102031594;1128536;;CASA NOVA;OK;OURO;;;;17;166;;;;;14.4.12.1;70%;R$ 1.425.753,93;;07/08/2025;31/10/2025;FERNANDO;PAULO JUNIOR;DIEGO ALMEIDA;-9,6263923;-41,838502;;;;;;;DA PLANILHA;E819709;E819874;Setembro 25;;;;;MP-CCOL-POV-XIQUE XIQUE-RURAL;NÃO INICIADA;;R$ 282.200,00;;;;;;;;;;;;;;;;;;;;;;;;;
GOVERNO;9102092612;1146131;;CASA NOVA;;OURO;;;;141;394;;;;;7.1.2.3;25%;R$ 2.463.892,39;;;30/12/2025;FERNANDO;PAULO JUNIOR;DIEGO ALMEIDA;-9,335318;-41,8057884;;;;;;;DA PLANILHA;E863624;E864017;Setembro 25;;;;;AC-REGFV-CCOL-POV DESTERRO-CAI ARA-III;NÃO INICIADA;;R$ 669.800,00;;;;;;;;;;;;;;;;;;;;;;;;;
REPUTACIONAL;9100945323;763601;;CASA NOVA;;OURO;;;;25;541;;;;;37816;10%;R$ 3.490.517,75;;;AVANÇO;FERNANDO;PAULO JUNIOR;DIEGO ALMEIDA;-9,1657286;-41,3927492;;;;;;;DA PLANILHA;E864495;E865035;Setembro 25;;;;;MP-CCOL-POV CANOINHA-RURAL;NÃO INICIADA;;R$ 919.700,00;;;;;;;;;;;;;;;;;;;;;;;;;
PRIORIDADE PLANO ANEEL;9101992624;1120277;;SENTO SÉ;OK;;;;;1;23;28;;;;7.1.2.3;100%;R$ 215.103,20;;;03/09/2025;FABIO;RODRIGUES;SANDRO SANTOS;-9.75338;-41.8858;;;;;;;;;;Setembro 25;;;;;MP-CCOL-RUA 03-RURAL;CONCLUIDA;03/09/2025;R$ 39.100,00;;;;;;;;;;;;;;;;;;;;;;;;;
AIC OBJETIVO;9101932015;1092651;;SENTO SÉ;OK;;;;;3;15;15;;;;14.4.12.1 ;100%;R$ 202.401,98;;06/08/2025;04/09/2025;JACSON;RODRIGUES;SANDRO SANTOS;-9.8048531;-41.4354007;;;;;;;;;;Setembro 25;;;;;MP-CCOL-RUA DA CONCEIÇÃO-RURAL;CONCLUIDA;04/09/2025;R$ 25.500,00;;;;;;;;;;;;;;;;;;;;;;;;;
PRIORIDADE PLANO ANEEL;9102027760;1129183;;REMANSO;;;;;;3;46;;;;;7.1.2.3;100%;R$ 580.092,82;;01/09/2025;30/09/2025;RUBEM;RUBEM;MARLOS LOPES ;-9,5839657;-42,1016911;;;;;;;DA PLANILHA;E864024;E864069;Setembro 25;;;;;MP-CCOL-POV.MANTEIGA-RURAL;NÃO INICIADA;;R$ 78.200,00;;;;;;;;;;;;;;;;;;;;;;;;;
AIC AUDITORIA;9102134589;1172120;;CURAÇÁ;;;;;;3;23;;;;;7.1.2.3;100%;R$ 157.891,07;;;CANCELADA;;;CARLOS EDUARDO;-9,4842407;-39,705201;;;;;;;DA PLANILHA;E864316;E864338;Setembro 25;;;;;RR-CCOL-FAZ-SANTO ANTONIO-RURAL;RETIRADA ;;;;;;;;;;;;;;;;;;;;;;;;;;;
PRIORIDADE PLANO ANEEL;9101867742;1058100;;REMANSO;OK;;;;;59;380;;;;;7.1.2.3;55%;R$ 4.341.201,10;;;30/11/2025;RUBEM;RUBEM;MARLOS LOPES ;-9,392305;-42,1929795;;;;;;;DA PLANILHA;E774354;E774683;Setembro 25;;;;;AC-CIND-POV-PONTA DA SERRA-RURAL;NÃO INICIADA;;R$ 646.000,00;;;;;;;;;;;;;;;;;;;;;;;;;
AL/MELHORAMENTO;9102150089;1191546;;JUAZEIRO;OK;RELIGADOR;;;;0;1;;;;;8.2.2.3;100%;R$ 109.730,89;;05/09/2025;05/09/2025;IVONALDO;SANTIAGO;VICTOR BARROS;-9,172178;-40,0666537;;;;;;;DA PLANILHA;E864084;E864084;Setembro 25;;;;;IE-RELIGADOR-NCU-01Z4-B360628;CONCLUIDA;;R$ 1.700,00;;;;;;09/09/2025;;;;;;;;;;;;;;;;;;;
PRIORIDADE PLANO ANEEL;9102308523;1211795;;JUAZEIRO;OK;;;;;1;5;;;;;7.1.2.3;100%;R$ 26.426,38;;08/09/2025;09/09/2025;IVONALDO;SANTIAGO;VICTOR BARROS;0;0;;;;;;;DA PLANILHA;E864191;E864195;Setembro 25;;;;;ER-CIND-POV-DE MARI 17-MARI;NÃO INICIADA;;R$ 8.500,00;;;;;;;;;;;;;;;;;;;;;;;;;
REPUTACIONAL;9102152928;1221851;;JUAZEIRO;OK;;;;;3;11;;;;;7.1.2.3;100%;R$ 124.079,02;;25/08/2025;11/09/2025;IVONALDO;SANTIAGO;VICTOR BARROS;-9.4558324;-40.4694899;;;;;;;DA PLANILHA;E865111;E865121;Setembro 25;;;;;ER-CIND-SI-S O JOSE-RURAL;NÃO INICIADA;;R$ 18.700,00;;;;;;;;;;;;;;;;;;;;;;;;;
QLP;9102074566;1144796;;JUAZEIRO;OK;;;;;2;19;;;;;7.1.2.3;100%;R$ 136.998,34;;10/09/2025;16/09/2025;IVONALDO;SANTIAGO;VICTOR BARROS;-9,2880477;-40,0738188;;;;;;;DA PLANILHA;E864234;E864252;Setembro 25;;;;;MP-CCOL-POV.LAGOA DOS CAVALOS-RURAL;NÃO INICIADA;;R$ 32.300,00;;;;;;;;;;;;;;;;;;;;;;;;;
AL/MELHORAMENTO;9102083111;1144762;;UAUÁ;;;;;;0;6;;;;;1.2.2.2.3;50%;R$ 458.444,21;;15/09/2025;17/09/2025;JUAREZ;SANTIAGO;CARLOS EDUARDO;-9,8468026;-39,4664253;;;;;;;DA PLANILHA ;E864018;E864023;Setembro 25;;;;;PT UAU 34 5 13 8KV;NÃO INICIADA;;R$ 10.200,00;;;;;;;;;;;;;;;;;;;;;;;;;
RECLAMAÇÃO;9102021225;1129437;;JUAZEIRO;OK;;;;;1;15;;;;;14.7.2003;100%;R$ 210.471,66;;01/09/2025;18/09/2025;PAULO;SANTIAGO;VICTOR BARROS;;;;;;;;;DA PLANILHA;E876663;E876677;Setembro 25;;;;;LD CIND FAZ MANI OBA VELHA RURAL;NÃO INICIADA;;R$ 25.500,00;;;;;;;;;;;;;;;;;;;;;;;;;
JUDICIAL;9102154209;1212994;;SENTO SÉ;OK;OURO;;;;0;35;;;;;37816;100%;R$ 329.800,60;;04/09/2025;22/09/2025;JACSON;SANTIAGO;DIEGO ALMEIDA;-10,2842731;-41,3726258;;;;;;;DA PLANILHA;E864428;E864462;Setembro 25;;;;;RR-CIND-POV-ALMAS-ALMAS;NÃO INICIADA;;R$ 59.500,00;;;;;;;;;;;;;;;;;;;;;;;;;
QLP;9102316140;1214805;;JUAZEIRO;;OURO;;;;3;44;;;;;37816;100%;R$ 308.392,86;;17/09/2025;30/09/2025;IVONALDO;SANTIAGO;VICTOR BARROS;0;0;;;;;;;DA PLANILHA;E865036;E865079;Setembro 25;;;;;ER-CIND-FAZ-BARRA BONITA-RURAL;NÃO INICIADA;;R$ 74.800,00;;;;;;;;;;;;;;;;;;;;;;;;;
JUDICIAL;9101664952;997469;;SENTO SÉ;OK;OURO;;;;2;43;;;;;37816;100%;R$ 431.864,85;;23/09/2025;30/09/2025;JACSON;SANTIAGO;DIEGO ALMEIDA;-10,2638619;-41,3329393;;;;;;;DA PLANILHA;E864116;E864158;Setembro 25;;;;;ER-CIND-POV-ALMAS-ALEGRE;NÃO INICIADA;;R$ 73.100,00;;;;;;;;;;;;;;;;;;;;;;;;;
GOVERNO;9102125670;1159894;;JUAZEIRO;OK;OURO;;;;0;66;;;;;7.1.1.3;40%;R$ 1.460.659,08;;01/09/2025;31/10/2025;PAULO;SANTIAGO;VICTOR BARROS;-9,4665442;-40,4999899;;;;;;;DA PLANILHA ;E750526;E750585;Setembro 25;;;;;UB-CIND-RUA-JUAZEIRO-2;NÃO INICIADA;;R$ 112.200,00;;;;;;;;;;;;;;;;;;;;;;;;;
RECLAMAÇÃO;9102030324;1120926;;REMANSO;OK;;;;;17;111;;;;;37816;100%;R$ 1.228.147,83;;22/08/2025;AVANÇO;;;MARLOS LOPES ;-9,5834495;-42,1018369;;;;;;;DA PLANILHA;E778061;E778176;Setembro 25;;;;;MP CIND POV MANTEIGA RURAL MOD;NÃO INICIADA;;R$ 188.700,00;;;;;;;;;;;;;;;;;;;;;;;;;
;;;;;;;;;;;;;;;;;;;;;;;;;;;;;;;;;;;;Setembro 25;;;;;;;;;;;;;;;;;;;;;;;;;;;;;;;;;
;;;;;;;;;;;;;;;;;;;;;;;;;;;;;;;;;;;;Setembro 25;;;;;;;;;;;;;;;;;;;;;;;;;;;;;;;;;
;;;;;;;;;;;;;;;;;;;;;;;;;;;;;;;;;;;;Setembro 25;;;;;;;;;;;;;;;;;;;;;;;;;;;;;;;;;
;;;;;;;;;;;;;;;;;;;;;;;;;;;;;;;;;;;;Setembro 25;;;;;;;;;;;;;;;;;;;;;;;;;;;;;;;;;
;;;;;;;;;;;;;;;;;;;;;;;;;;;;;;;;;;;;Setembro 25;;;;;;;;;;;;;;;;;;;;;;;;;;;;;;;;;
;;;;;;;;;;;;;;;;;;;;;;;;;;;;;;;;;;;;Setembro 25;;;;;;;;;;;;;;;;;;;;;;;;;;;;;;;;;
;;;;;;;;;;;;;;;;;;;;;;;;;;;;;;;;;;;;Setembro 25;;;;;;;;;;;;;;;;;;;;;;;;;;;;;;;;;
;;;;;;;;;;;;;;;;;;;;;;;;;;;;;;;;;;;;Setembro 25;;;;;;;;;;;;;;;;;;;;;;;;;;;;;;;;;
;;;;;;;;;;;;;;;;;;;;;;;;;;;;;;;;;;;;Setembro 25;;;;;;;;;;;;;;;;;;;;;;;;;;;;;;;;;
;;;;;;;;;;;;;;;;;;;;;;;;;;;;;;;;;;;;Setembro 25;;;;;;;;;;;;;;;;;;;;;;;;;;;;;;;;;
;;;;;;;;;;;;;;;;;;;;;;;;;;;;;;;;;;;;Setembro 25;;;;;;;;;;;;;;;;;;;;;;;;;;;;;;;;;
;;;;;;;;;;;;;;;;;;;;;;;;;;;;;;;;;;;;Setembro 25;;;;;;;;;;;;;;;;;;;;;;;;;;;;;;;;;
;;;;;;;;;;;;;;;;;;;;;;;;;;;;;;;;;;;;Setembro 25;;;;;;;;;;;;;;;;;;;;;;;;;;;;;;;;;
;;;;;;;;;;;;;;;;;;;;;;;;;;;;;;;;;;;;Setembro 25;;;;;;;;;;;;;;;;;;;;;;;;;;;;;;;;;
;;;;;;;;;;;;;;;;;;;;;;;                       ;;;;;;;;;;;;;Setembro 25;;;;;;;;;;;;;;;;;;;;;;;;;;;;;;;;;
;;515938;;REMANSO;;CONCLUÍDA;;;;;;;;;;14.4.12.1;100%;;;;;JORGE;JORGE;;;;;OUTUBRO;;;;;;;;Novembro 25;;;;;MP-CCOL-FAZ SERRA BRANCA E ARRED.-RURAL;;;;;;;;;;;CONCLUÍDA;MARLOS LOPES ;93;1.392;1619;;;24/10/2025;;;SIM;;Ver no Mapa;05/04/2025;04/10/2025;04/10/2025;06/10/2025;
;;1233696;;CAMPO ALEGRE DE LOURDES;;CONCLUÍDA;;;;;;;;;;8.3.2.3;100%;;;;;JACSON;SANTIAGO;;-9.5010346;-43.010159;;DEZEMBRO;;;;;;;;Novembro 25;;;COMPLETO;;RC-GOVE-ROD-BR 020-CENTRO;;;;;;;;;;GOVERNO;CONCLUÍDA;MARLOS LOPES ;0;2;;;;17/12/2025;;NÃO;NÃO;;Ver no Mapa;17/12/2025;17/12/2025;17/12/2025;SIM;
;;1189551;;CASA NOVA;;CONCLUÍDA;;;;;;;;;;7.1.1.3;100%;;;;;FABIO;SANTIAGO;;-9.2935056;-40.8191625;;NOVEMBRO;;;;;;;;Novembro 25;;;COMPLETO;;UB-CIND-RUA-DO ASFALTO 10-CENTRO;;;;;;;;;;PRIORIDADE PLANO ANEEL;ENERGIZADA;MARLOS LOPES ;;2;2;;26/11/2025;26/11/2025;;;NÃO;;Ver no Mapa;25/11/2025;25/11/2025;25/11/2025;SIM;
;;806660;;PILÃO ARCADO;;CONCLUÍDA;;;;;;;;;;14.4.12.1;100%;;;;;EMERSON;;;;;;JULHO;;;;;;;;Novembro 25;;;;;MP-CCOL-POV. CHAMUSCADO-RURAL;;;;;;;;;;;;;19;140;205;;;;;;;;;;;;;
;;1201544;;CASA NOVA;;CONCLUÍDA;;;;;;;;;;7.1.2.3;100%;;;;;JACSON;EDIE JONNES;;-9.303507;-40.8318994;;DEZEMBRO;;;;;;;;Novembro 25;;;COMPLETO;;ER-CIND-SI-STA LUZIA-RR-SAO LUIZ;;;;;;;;;;PRIORIDADE PLANO ANEEL;CONCLUÍDA;DIEGO ALMEIDA;1;2;;;02/12/2025;06/12/2025;;SIM;SIM;;Ver no Mapa;10/12/2025;16/12/2025;16/12/2025;SIM;
;;1128536;;CASA NOVA;;CONCLUÍDA;;;;;;;;;;14.4.12.1;100%;;;;;FERNANDO;PAULO JUNIOR;;-9.6263923;-41.838502;;OUTUBRO;;;;;;;;Novembro 25;;;;OURO;MP-CCOL-POV-XIQUE XIQUE-RURAL;;;;;;;;;;;CONCLUÍDA;DIEGO ALMEIDA;8;166;178;;07/08/2025;31/10/2025;;;SIM;;Ver no Mapa;07/08/2025;31/10/2025;31/10/2025;31/10/2025;
;;1120926;;REMANSO;;CONCLUÍDA;;;;;;;;;;14.4.12.1;100%;;;;;RUBEM;RUBEM;;-9.5834495;-42.1018369;;SETEMBRO;;;;;;;;Novembro 25;;;;;MP CIND POV MANTEIGA RURAL MOD;;;;;;;;;;;CONCLUÍDA;MARLOS LOPES ;17;111;;;22/08/2025;;;;;;Ver no Mapa;02/09/2025;30/09/2025;30/09/2025;01/10/2025;
;;1229077;;CASA NOVA;;PROGRAMADA;;;;;;;;;;7.1.2.3;100%;;;;;;MICHEL;;-9.394975;-41.230686;;DEZEMBRO;;;;;;;;Novembro 25;;;COMPLETO;;ER-CIND-POV-BAIXAO-RURAL;;;;;;;;;;OBRAS ÁGEIS;NÃO INICIADA;DIEGO ALMEIDA;1;2;;;11/12/2025;11/12/2025;;;NÃO;;Ver no Mapa;;;;;
;;1058096;;REMANSO;;CONCLUÍDA;;;;;;;;;;14.4.12.1;100%;;;;;RUBEM;RUBEM;;;;;JULHO;;;;;;;;Novembro 25;;;;;MP-CCOL-POV-PONTA DA SERRA-RURAL;;;;;;;;;;;;;6;74;;;;;;;;;;;31/07/2025;31/07/2025;31/07/2025;
;;B-1105918;;CURAÇÁ;;RETIRADA COELBA;;;;;;;;;;14.4.12.1;100%;;;;;JUAREZ;;;;;;AGOSTO;;;;;;;;Novembro 25;;;;;ER-CIND-FAZ-MALHADA CRUZ MATINHA-RURAL;;;;;;;;;;;;;;25;;;06/08/2025;16/08/2025;;NÃO;;;;;;;;
;;B-1119147;;REMANSO;;CONCLUÍDA;;;;;;;;;;14.4.12.1;100%;;;;;SILVONEY;PAULO JUNIOR;;;;;AGOSTO;;;;;;;;Novembro 25;;;;;MP - CIND - POV. JATOBÁ - RURAL;;;;;;;;;;;;;10;73;;;30/07/2025;20/07/2025;;;;;Ver no Mapa;30/07/2025;;;;
;;921232;;CURAÇÁ;;CONCLUÍDA;;;;;;;;;;14.4.12.1;100%;;;;;GISMARIO;EDIE JONNES;;;;;JULHO;;;;;;;;Novembro 25;;;;;ER-CIND-POV BARRO VERMELHO-BARRO-CRC;;;;;;;;;;;;;6;70;;;01/08/2025;27/08/2025;;;;;;03/07/2025;30/08/2025;;;
;;1187057;;CURAÇÁ;;RETIRADA COELBA;;;;;;;;;;8.2.2.3;100%;;;;;;;;;;;AGOSTO;;;;;;;;Novembro 25;;;;;IE-RELIGADOR-NCU-01Z1-J51080;;;;;;;;;;;;;0;1;;;;;;NÃO;;;;;;;;
;;1189586;;CASA NOVA;;CONCLUÍDA;;;;;;;;;;7.1.2.3;100%;;;;;JUAREZ;EDIE JONNES;;-9.3070009;-40.9293817;;DEZEMBRO;;;;;;;;Novembro 25;;;COMPLETO;;ER-CIND-POV-FAZ SERRA DA ESPERANCA-RURAL;;;;;;;;;;PRIORIDADE PLANO ANEEL;CONCLUÍDA;DIEGO ALMEIDA;1;0;;;12/12/2025;12/12/2025;;;NÃO;;Ver no Mapa;12/12/2025;15/12/2025;15/12/2025;SIM;
;;1183301;;CASA NOVA;;CONCLUÍDA;;;;;;;;;;7.1.1.10;100%;;;;;JACSON;SANTIAGO;;-9.299753;-40.81499;;NOVEMBRO;;;;;;;;Novembro 25;;;COMPLETO;;UB-CIND CJ-HABITACIONAL-BORGES;;;;;;;;;;PRIORIDADE PLANO ANEEL;ENERGIZADA;MARLOS LOPES ;;1;1;;27/11/2025;27/11/2025;;;NÃO;;Ver no Mapa;26/11/2025;26/11/2025;26/11/2025;SIM;
;;1129183;;REMANSO;;CONCLUÍDA;;;;;;;;;;14.4.12.1;100%;;;;;RUBEM;RUBEM;;-9.5839657;-42.1016911;;SETEMBRO;;;;;;;;Novembro 25;;;;;MP-CCOL-POV.MANTEIGA-RURAL;;;;;;;;;;;CONCLUÍDA;MARLOS LOPES ;3;46;;;;;;;;;Ver no Mapa;02/09/2025;30/09/2025;30/09/2025;01/10/2025;
;;1161341;;CASA NOVA;;CONCLUÍDA;;;;;;;;;;7.1.2.3;100%;;;;;FABIO;EDIE JONNES;;-9.2813404;-40.7610571;;DEZEMBRO;;;;;;;;Novembro 25;;;PARCIAL;FALTA TRAFO DE 10;MP CIND POV RIACHO DO SOBRADO RURAL;;;;;;;;;;QLP;CONCLUÍDA;DIEGO ALMEIDA;1;35;;;01/12/2025;13/12/2025;;SIM;NÃO;;Ver no Mapa;04/12/2025;24/12/2025;24/12/2025;SIM;
;;1166759;;CASA NOVA;;PROGRAMADA;;;;;;;;;;7.1.2.3;100%;;;;;PAULO;SANTIAGO;;-9.6295349;-41.8396333;;DEZEMBRO;;;;;;;;Novembro 25;;;COMPLETO;;AC-CIND-POV-PARA RURAL-BEM BOM 📸;;;;;;;;;;QLP;NÃO INICIADA;DIEGO ALMEIDA;0;2;;;22/12/2025;22/12/2025;;;NÃO;;Ver no Mapa;;;;;
;;B-1175810;;SENTO SÉ;;CONCLUÍDA;;;;;;;;;;7.1.2.3;100%;;;;;JACSON;RODRIGUES;;;;;AGOSTO;;;;;;;;Novembro 25;;;;;ER-CIND-RUA-DO ASFALTO-PIRI;;;;;;;;;;;;;3;30;30;;15/08/2025;23/08/2025;;;;;;;;26/08/2025;27/08/2025;
;;1176138;;CASA NOVA;;PROGRAMADA;;;;;;;;;;7.1.2.3;100%;;;;;PAULO;SANTIAGO;;-9.618595;-41.6521913;;DEZEMBRO;;;;;;;;Novembro 25;;;COMPLETO;;IT-CIND-POV-PAU A PIQUE-RURAL;;;;;;;;;;RECLAMAÇÃO;NÃO INICIADA;DIEGO ALMEIDA;0;1;;;18/12/2025;24/12/2025;;SIM;NÃO;;Ver no Mapa;;;;;
;;X-1186775;;SENTO SÉ;;RETIRADA COELBA;;;;;;;;;;7.1.2.3;100%;;;;;;;;;;;AGOSTO;;;;;;;;Novembro 25;;;;;ER-CIND-RUA-DAS FLORES-RETIRO DE BAIXO;;;;;;;;;;;;;;2;;;;;;;;;;;;;;
;;1087208;;SENTO SÉ;;CONCLUÍDA;;;;;;;;;;14.4.12.1;100%;;;;;FABIO;RODRIGUES;;-9.8627895;-41.7991658;;AGOSTO;;;;;;;;Novembro 25;;;;;LD CIND ROD BA 210 RURAL;;;;;;;;;;;;;4;32;29;20/08/2025;05/08/2025;20/08/2025;;;;;Ver no Mapa;07/08/2025;20/08/2025;20/08/2025;;
;;1146806;;CASA NOVA;;EM EXECUÇÃO;;;;;;;;;;8.4.1.2;100%;;;;;PEDRO LINO;ANDERSON;;-9.266944;-41.011611;;DEZEMBRO;;;;;;;;Novembro 25;;;COMPLETO;;NT-RECOND-CSN-01C3-D166353-D166406;;;;;;;;;;EQUIPAMENTO;EQUIPAMENTO;DIEGO ALMEIDA;1;2;;;19/12/2025;24/12/2025;;SIM;SIM;;Ver no Mapa;;;;;
;;1226976;;CASA NOVA;;CONCLUÍDA;;;;;;;;;;7.1.2.3;100%;;;;;FABIO;EDIE JONNES;;-9.0246061;-41.062166;;DEZEMBRO;;;;;;;;Novembro 25;;;COMPLETO;;ER-CIND-POV-BARRA-RURAL;;;;;;;;;;QLP;CONCLUÍDA;DIEGO ALMEIDA;1;7;;;15/12/2025;24/12/2025;;;NÃO;;Ver no Mapa;20/12/2025;22/12/2025;22/12/2025;SIM;
;;B-1129174;;PILÃO ARCADO;;CONCLUÍDA;;;;;;;;;;14.4.12.1;100%;;;;;MAURICIO;PAULO JUNIOR;;;;;AGOSTO;;;;;;;;Novembro 25;;;;;MP CIND POV LAGOINHA RURAL;;;;;;;;;;;;;;33;36;;;;;;;;;25/08/2025;;;;
;;1146090;;CASA NOVA;;CONCLUÍDA;;;;;;;;;;7.1.2.3;100%;;;;;;PAULO JUNIOR;;-8.9256379;-41.4202716;;DEZEMBRO;;;;;;;;Novembro 25;;;COMPLETO;;ME REFO ADF MP CIND POV XIQUE XIQUE RR;;;;;;;;;;INSTITUCIONAL;CONCLUÍDA;DIEGO ALMEIDA;0;8;;;15/12/2025;24/12/2025;;;NÃO;;Ver no Mapa;17/12/2025;22/12/2025;22/12/2025;SIM;
;;1172245;;SENTO SÉ;;CONCLUÍDA;;;;;;;;;;14.7.3;100%;;;;;FABIO;SANTIAGO;;-10.1193568;-41.6873124;;NOVEMBRO;;;;;;;;Novembro 25;;;COMPLETO;JACSON / FABIO;RR - CIND - POV LAGOA DO MARY - RURAL;;;;;;;;;;LPT;ENERGIZADA;SANDRO SANTOS;2;17;17;;04/11/2025;11/11/2025;;SIM;NÃO;;Ver no Mapa;04/11/2025;14/11/2025;14/11/2025;SIM;
;;X-1194918;;UAUÁ;;CONCLUÍDA;;;;;;;;;;7.1.2.3;100%;;;;;JUAREZ;EDIE JONNES;;;;;AGOSTO;;;;;;;;Novembro 25;;;;OURO;ER-SEIN-FAZ-ALGODAO-ALGODAO;;;;;;;;;;;;;;31;32;11;04/08/2025;14/08/2025;;;;;;11/08/2025;27/08/2025;27/08/2025;28/08/2025;
;;1204722;;SENTO SÉ;;CONCLUÍDA;;;;;;;;;;14.7.3;100%;;;;;FABIO;SANTIAGO;;-10.3146872;-41.8565518;;NOVEMBRO;;;;;;;;Novembro 25;;;COMPLETO;PLANO 7;ER-CIND-POV-CAPIM GROSSO-RURAL;;;;;;;;;;LPT;ENERGIZADA;SANDRO SANTOS;1;7;8;;18/11/2025;19/11/2025;;SIM;NÃO;;Ver no Mapa;17/11/2025;17/11/2025;17/11/2025;SIM;
;;1204112;;SENTO SÉ;;CONCLUÍDA;;;;;;;;;;7.1.2.3;100%;;;;;JACSON;SANTIAGO;;-9.8443662;-41.802745;;NOVEMBRO;;;;;;;;Novembro 25;;;COMPLETO;;ER-CIND-POV-DE CAPEADO-CAPEADO;;;;;;;;;;QLA;ENERGIZADA;SANDRO SANTOS;1;6;6;;12/11/2025;12/11/2025;;SIM;NÃO;;Ver no Mapa;10/11/2025;13/11/2025;13/11/2025;SIM;
;;1172124;;CURAÇÁ;;CONCLUÍDA;;;;;;;;;;7.1.2.3;100%;;;;;FABIO;EDIE JONNES;;-9.2082716;-39.8343706;;SETEMBRO;;;;;;;;Novembro 25;;;;;RR-CIND-FAZ-MELANCIA-RURAL;;;;;;;;;;;CONCLUÍDA;CARLOS EDUARDO;3;30;;;24/09/2025;30/09/2025;;SIM;NÃO;;Ver no Mapa;24/09/2025;30/09/2025;30/09/2025;01/10/2025;
;;1145786;;CASA NOVA;;CONCLUÍDA;;;;;;;;;;7.1.2.3;50%;;;;;FERNANDO;PAULO JUNIOR;;-9.1657286;-41.3927492;;OUTUBRO;;;;;;;;Novembro 25;;;;OURO;AC CIND POV XIQUE XIQUE RURAl;;;;;;;;;;;CONCLUÍDA;DIEGO ALMEIDA;18;29;29;;22/09/2025;31/10/2025;;;NÃO;;Ver no Mapa;22/09/2025;31/10/2025;31/10/2025;31/10/2025;
;;1088643;;UAUÁ;;CONCLUÍDA;;;;;;;;;;14.4.12.1;100%;;;;;JUAREZ;EDIE JONNES;;-9.9090698;-39.357881;;SETEMBRO;;;;;;;;Novembro 25;;;;OURO;MP CIND FAZ CARIRI RURAL;;;;;;;;;;;CONCLUÍDA;CARLOS EDUARDO;1;29;;;12/09/2025;15/09/2025;;SIM;;;Ver no Mapa;;18/09/2025;19/09/2025;19/09/2025;
;;224007;;CASA NOVA;;CONCLUÍDA;;;;;;;;;;;;;;;;FERNANDO;SANTIAGO;;;;;AGOSTO;;;;;;;;Novembro 25;;;;;MP-CCOL-POV SANTANA DO SOBRADO -RURAL;;;;;;;;;;;;;3;27;;;;;;SIM;;;;;;;;
;;960856;;CURAÇÁ;;CONCLUÍDA;;;;;;;;;;7.1.2.3;100%;;;;;GISMARIO;EDIE JONNES;;;;;JULHO;;;;;;;;Novembro 25;;;;;AC-REG-FV-CIND-POV BARRO VERMELHO-BARRO-;;;;;;;;;;;;;7;27;;;16/07/2025;29/07/2025;;;;;;;31/08/2025;;;
;;1173118;;SENTO SÉ;;RETIRADA COELBA;;;;;;;;;;14.4.12.1;50%;;;;;JACSON;RODRIGUES;;;;;AGOSTO;;;;;;;;Novembro 25;;;;REVISÃO DE ORÇAMENTO;ER-CIND-FAZ-SERRA BRANCA-RURAL-SENTO SE;;;;;;;;;;;;;1;31;;;25/08/2025;29/09/2025;;;;;;;;;;
;;1162074;;JUAZEIRO;;RETIRADA COELBA;;;;;;;;;;7.1.2.3;100%;;;;;JUAREZ;;;;;;AGOSTO;;;;;;;;Novembro 25;;;;;AC-CIND-FAZ-MASSAYO-RURAL;;;;;;;;;;;;;0;65;;20;28/07/2025;22/08/2025;;;;;Ver no Mapa;;;;;
;;1144487;;CASA NOVA;;CONCLUÍDA;;;;;;;;;;7.1.2.3;100%;;;;;PAULO;SANTIAGO;;-9.6189714;-41.660065;;DEZEMBRO;;;;;;;;Novembro 25;;;COMPLETO;;MP CIND POV PAU A PIQUE RURAL;;;;;;;;;;QLP;CONCLUÍDA;DIEGO ALMEIDA;1;44;;;09/12/2025;26/12/2025;;SIM;NÃO;;Ver no Mapa;;;06/01/2026;SIM;
;;1116565;;SENTO SÉ;;PROGRAMADA;;;;;;;;;;7.1.2.3;100%;;;;;FABIO;RODRIGUES;;-10.1037102;-42.1469957;;AGOSTO;;;;;;;;Novembro 25;;;;;MP-CIND-POV-MALVINAS 1000-RURAL-MOD;;;;;;;;;;;;;1;23;;;;;;;;;Ver no Mapa;;;;;
;;1173082;;SENTO SÉ;;PROGRAMADA;;;;;;;;;;7.1.2.3;100%;;;;;FABIO;RODRIGUES;;-9.8735936;-41.0813865;;AGOSTO;;;;;;;;Novembro 25;;;;;ER-CIND-POV-SÃO PEDRO-RURAL;;;;;;;;;;;;;;3;;;18/08/2025;23/08/2025;;;;;Ver no Mapa;;;;;
;;1198348;;SENTO SÉ;;CONCLUÍDA;;;;;;;;;;7.1.2.3;100%;;;;;FABIO;SANTIAGO;;-9.7547425;-41.8846474;;NOVEMBRO;;;;;;;;Novembro 25;;;COMPLETO;;ER-CIND-RUA-03-RURAL;;;;;;;;;;QLA;ENERGIZADA;SANDRO SANTOS;1;4;4;;13/11/2025;13/11/2025;;SIM;NÃO;;Ver no Mapa;13/11/2025;14/11/2025;13/11/2025;SIM;
;;1205491;;JUAZEIRO;;RETIRADA COELBA;;;;;;;;;;7.1.2.5;100%;;;;;;;;;;;AGOSTO;;;;;;;;Novembro 25;;;;;MP-CIND-RUA CURACA PEQUENO 10-CENTRO;;;;;;;;;;;;;1;44;;;;;;;;;;;;;;
;;1146806;;CASA NOVA;;MIGRAR;;;;;;;;;;8.4.1.2;100%;;;;;PEDRO LINO;ANDERSON;;-9.266944;-41.011611;;NOVEMBRO;;;;;;;;Novembro 25;;;A SOLICITAR;;NT-RECOND-CSN-01C3-D166353-D166406;;;;;;;;;;EQUIPAMENTO;EQUIPAMENTO;DIEGO ALMEIDA;1;2;;;24/11/2025;25/11/2025;;SIM;SIM;;Ver no Mapa;;;;;
;;1042855;;CASA NOVA;;CONCLUÍDA;;;;;;;;;;7.1.2.3;100%;;;;;FERNANDO;PAULO JUNIOR;;-9.070033;-41.454250;;DEZEMBRO;;;;;;;;Novembro 25;;;COMPLETO;;AC CIND-POV-BAIXAO DOS CABLOCOS RURAL;;;;;;;;;;GOVERNO;CONCLUÍDA;DIEGO ALMEIDA;3;44;;;;30/12/2025;;;NÃO;;Ver no Mapa;22/11/2025;23/12/2025;23/12/2025;SIM;
;;1178440;;JUAZEIRO;;CONCLUÍDA;;;;;;;;;;7.1.2.3;100%;;;;;GISMARIO;EDIE JONNES;;-9.447105;-39.86499;;SETEMBRO;;;;;;;;Novembro 25;;;;;AC-CIND-REG FV-POV-TANQUE NOVO-RURAL;;;;;;;;;;;LIGAÇÃO DE CLIENTES;VICTOR BARROS;1;26;26;12/09/2025;03/09/2025;15/09/2025;;;NÃO;;Ver no Mapa;04/09/2025;13/09/2025;13/09/2025;15/09/2025;
;;1152831;;JUAZEIRO;;CONCLUÍDA;;;;;;;;;;7.1.2.3;100%;;;;;PAULO;EDIE JONNES;;;;;JULHO;;;;;;;;Novembro 25;;;;;LD-CIND POV.CARNAIBA DO SERTÃO;;;;;;;;;;;;;1;24;;9;21/07/2025;31/07/2025;;;;DETONAÇÃO;;;27/08/2025;27/08/2025;28/08/2025;
;;1118538;;JUAZEIRO;;CONCLUÍDA;;;;;;;;;;LPT;100%;;;;;GISMARIO;EDIE JONNES;;-9.5667254;-39.9208861;;SETEMBRO;;;;;;;;Novembro 25;;;;;ER-CIND-POV-PINHOES-CENTRO;;;;;;;;;;;CONCLUÍDA;VICTOR BARROS;1;24;;;04/09/2025;30/09/2025;;SIM;SIM;;Ver no Mapa;19/09/2025;30/09/2025;01/10/2025;01/10/2025;
;;1196757;;REMANSO;;RETIRADA COELBA;;;;;;;;;;7.1.2.3;100%;;;;;AILTON;;;;;;JULHO;;;;;;;;Novembro 25;;;;;ER-CIND-POV-NEGROS-RURAL;;;;;;;;;;;;;1;3;;;;;;;;;;;;;;
;;1159828;;CURAÇÁ;;RETIRADA COELBA;;;;;;;;;;7.1.2.3;100%;;;;;;;;;;;JULHO;;;;;;;;Novembro 25;;;;;ER-CIND-FAZ-ANGICO-ARVORE;;;;;;;;;;;;;1;3;;2;30/07/2025;31/07/2025;;;;;;;;;;
;;B-1103537;;UAUÁ;;CONCLUÍDA;;;;;;;;;;14.4.12.1;100%;;;;;JUAREZ;EDIE JONNES;;;;;AGOSTO;;;;;;;;Novembro 25;;;;OURO;MP-CIND-FAZ-DOS LOIOLAS-RURAL;;;;;;;;;;;;;;23;;;19/08/2025;29/08/2025;;NÃO;;;;25/08/2025;29/08/2025;;;
;;1139386;;JUAZEIRO;;CONCLUÍDA;;;;;;;;;;7.1.2.3;100%;;;;;GISMARIO;EDIE JONNES;;-9.5917851;-39.8765429;;SETEMBRO;;;;;;;;Novembro 25;;;;;MP-CIND-POV PINHOES-RURAL;;;;;;;;;;;CONCLUÍDA;VICTOR BARROS;1;23;25;;15/09/2025;24/09/2025;;;;;Ver no Mapa;;25/09/2025;25/09/2025;01/10/2025;
;;1127877;;JUAZEIRO;;RETIRADA COELBA;;;;;;;;;;7.1.2.3;100%;;;;;PEDRO LINO;;;;;;JULHO;;;;;;;;Novembro 25;;;;;ER-CIND-POV-CURACA-RURAL;;;;;;;;;;;;;1;2;;;;;;;;;;;;;;
;;1181008;;JUAZEIRO;;CONCLUÍDA;;;;;;;;;;7.1.2.3;100%;;;;;PAULO;SANTIAGO;;-9.5961849;-40.4236876;;OUTUBRO;;;;;;;;Novembro 25;;;;PAULO / CARLOS EDUARDO;RR-CIND-FAZ-S O PEDRO 11-S O PEDRO;;;;;;;;;;;CONCLUÍDA;VICTOR BARROS;1;21;22;;07/10/2025;31/10/2025;31/10/2025;NÃO;NÃO;;Ver no Mapa;07/10/2025;31/10/2025;31/10/2025;31/10/2025;
;;1129437;;JUAZEIRO;;CONCLUÍDA;;;;;;;;;;14.7.3;100%;;;;;PAULO;SANTIAGO;;-9.2458864;-40.2915467;;SETEMBRO;;;;;;;;Novembro 25;;;;;LD CIND FAZ MANI OBA VELHA RURAL;;;;;;;;;;;CONCLUÍDA;VICTOR BARROS;1;15;22;;16/09/2025;18/09/2025;18/09/2025;SIM;SIM;;Ver no Mapa;;26/09/2025;26/09/2025;26/09/2025;
;;1195826;;SENTO SÉ;;CONCLUÍDA;;;;;;;;;;7.1.2.3;100%;;;;;JACSON;SANTIAGO;;-9.7547425;-41.8846474;;NOVEMBRO;;;;;;;;Novembro 25;;;COMPLETO;;ER-CIND-RUA-03-CICERO BORGES;;;;;;;;;;QLA;ENERGIZADA;SANDRO SANTOS;1;4;4;;22/11/2025;22/11/2025;;SIM;NÃO;;Ver no Mapa;12/11/2025;14/11/2025;14/11/2025;SIM;
;;1214805;;JUAZEIRO;;CONCLUÍDA;;;;;;;;;;LPT;100%;;;;;IVONALDO;SANTIAGO;;-9.3149446;-40.0475408;;OUTUBRO;;;;;;;;Novembro 25;;;;OURO / VAI SER 22 POSTE;ER-CIND-FAZ-BARRA BONITA-RURAL;;;;;;;;;;;CONCLUÍDA;VICTOR BARROS;3;20;20;;17/09/2025;18/10/2025;;SIM;NÃO;;Ver no Mapa;29/09/2025;18/10/2025;18/10/2025;20/10/2025;
;;1171602;;CASA NOVA;;CONCLUÍDA;;;;;;;;;;7.1.2.3;100%;;;;;FABIO;SANTIAGO;;-9.198882;-41.0174;;NOVEMBRO;;;;;;;;Novembro 25;;;COMPLETO;OBRA EM CAMPO DIFERENTE DO PROJETADO;LD-CIND ROD.PETROLINA C.NOVA KM-65RURAL 📸;;;;;;;;;;PRIORIDADE PLANO ANEEL;ENERGIZADA;;1;5;5;;25/11/2025;25/11/2025;;;NÃO;;Ver no Mapa;27/11/2025;29/11/2025;29/11/2025;SIM;
;;1175575;;SOBRADINHO;;RETIRADA COELBA;;;;;;;;;;7.1.2.3;100%;;;;;FERNANDO;;;;;;JULHO;;;;;;;;Novembro 25;;;;;AC-CIND-POV-LAGOA GRANDE-RURAL;;;;;;;;;;;;;1;5;;2;;;;;;;;;;;;
;;1146808;;SOBRADINHO;;RETIRADA COELBA;;;;;;;;;;8.4.1.1;100%;;;;;;;;;;;JULHO;;;;;;;;Novembro 25;;;;;NT-RECOND-SBO-01S4-Q026158-Q026726;;;;;;;;;;;;;0;2;;;;;;;;;;;;;;
;;1144796;;JUAZEIRO;;CONCLUÍDA;;;;;;;;;;7.1.2.3;100%;;;;;IVONALDO;SANTIAGO;;-9.2880477;-40.0738188;;SETEMBRO;;;;;;;;Novembro 25;;;;;MP-CCOL-POV.LAGOA DOS CAVALOS-RURAL;;;;;;;;;;;CONCLUÍDA;VICTOR BARROS;2;19;;;10/09/2025;16/09/2025;;SIM;NÃO;;Ver no Mapa;17/09/2025;23/09/2025;23/09/2025;23/09/2025;
;;1201544;;CASA NOVA;;MIGRAR;;;;;;;;;;7.1.2.3;100%;;;;;JACSON;SANTIAGO;;-9.303507;-40.8318994;;NOVEMBRO;;;;;;;;Novembro 25;;;COMPLETO;rede cladestina;ER-CIND-SI-STA LUZIA-RR-SAO LUIZ;;;;;;;;;;PRIORIDADE PLANO ANEEL;ESCAVAÇÃO;;1;2;;;27/11/2025;27/11/2025;;;NÃO;;Ver no Mapa;;;;;
;;1137111;;JUAZEIRO;;CONCLUÍDA;;;;;;;;;;14.7.2003;100%;;;;;PEDRO LINO;ANDERSON;;;;;JULHO;;;;;;;;Novembro 25;;;;;RR-CCOL-POV-MASSAPE-RURAL-BOQUEIRAO;;;;;;;;;;;;;4;17;;;;;;;;;;;;;;
;;1146806;;CASA NOVA;;MIGRAR;;;;;;;;;;8.4.1.2;100%;;;;;PEDRO LINO;ANDERSON;;-9.2764992;-41.0348078;;OUTUBRO;;;;;;;;Novembro 25;;;;;NT-RECOND-CSN-01C3-D166353-D166406;;;;;;;;;;EQUIPAMENTO;EQUIPAMENTO;DIEGO ALMEIDA;1;2;;;28/10/2025;29/10/2025;05/11 Á 05/11;SIM;NÃO;;Ver no Mapa;;;;;
;;1186376;;CASA NOVA;;CANCELADA;;;;;;;;;;7.1.2.3;100%;;;;;JACSON;SANTIAGO;;-9.295036;-40.832861;;NOVEMBRO;;;;;;;;Novembro 25;;;COMPLETO;cliente não localizado ;ER-CIND-RUA-LAD SANTANA 911-RURAL;;;;;;;;;;PRIORIDADE PLANO ANEEL;LOCADA;;;1;;;26/11/2025;26/11/2025;28/11/2025;;NÃO;;Ver no Mapa;;;;;
;;1186775;;SENTO SÉ;;CONCLUÍDA;;;;;;;;;;7.1.2.3;100%;;;;;JACSON;SANTIAGO;;-9.9179862;-42.0964309;;NOVEMBRO;;;;;;;;Novembro 25;;;COMPLETO;;ER-CIND-RUA-DAS FLORES-RETIRO DE BAIXO;;;;;;;;;;QLA;ENERGIZADA;SANDRO SANTOS;1;2;2;;18/11/2025;18/11/2025;;SIM;NÃO;;Ver no Mapa;26/11/2025;26/11/2025;27/11/2025;SIM;
;;1149130;;CASA NOVA;;MIGRAR;;;;;;;;;;8.4.1.3;100%;;;;;PEDRO LINO;ANDERSON;;-9.3690855;-40.7984526;;OUTUBRO;;;;;;;;Novembro 25;;;;;IE-BANCO CAPACITOR-MND-01N4 📸;;;;;;;;;;EQUIPAMENTO;EQUIPAMENTO;DIEGO ALMEIDA;1;1;;;03/11/2025;03/11/2025;03/11 Á 03/11;SIM;NÃO;;Ver no Mapa;;;;;
;;763601;;CASA NOVA;;EM EXECUÇÃO;;;;;;;;;;14.7.2.3;20%;;;;;FERNANDO;PAULO JUNIOR;;-9.1112573;-41.3759639;;OUTUBRO;;;;;;;;Novembro 25;;;;OURO;MP-CCOL-POV CANOINHA-RURAL;;;;;;;;;;;IMPLANTAÇÃO;DIEGO ALMEIDA;25;541;;;;;;;NÃO;;Ver no Mapa;;;;;
;;1146131;;CASA NOVA;;AVANÇO;;;;;;;;;;7.1.2.3;50%;;;;;FERNANDO;PAULO JUNIOR;;-9.335318;-41.8057884;;OUTUBRO;;;;;;;;Novembro 25;;;;OURO;AC-REGFV-CCOL-POV DESTERRO-CAI ARA-III;;;;;;;;;;;IMPLANTAÇÃO;DIEGO ALMEIDA;141;394;;;;;;;NÃO;;Ver no Mapa;;;;;
;;1184428;;JUAZEIRO;;CONCLUÍDA;;;;;;;;;;7.1.2.3;100%;;;;;PAULO;SANTIAGO;;-9.1167108;-40.0359691;;OUTUBRO;;;;;;;;Novembro 25;;;;CARLOS EDUARDO;ER-CIND-CJN-PROJETO CURACA-CURACA 1;;;;;;;;;;;CONCLUÍDA;MARLOS LOPES ;1;14;14;;28/10/2025;28/10/2025;;;NÃO;;Ver no Mapa;27/10/2025;31/10/2025;31/10/2025;31/10/2025;
;;1141961;;UAUÁ;;CONCLUÍDA;;;;;;;;;;14.7.2;100%;;;;;DOMINGOS;RODRIGUES;;-10.0231278;-39.4902749;;OUTUBRO;;;;;;;;Novembro 25;;;;;MP-CIND-FAZ RIACHO DO SALGADO-RURAL 🚩;;;;;;;;;;;CONCLUÍDA;CARLOS EDUARDO;1;14;14;;29/10/2025;31/10/2025;;;SIM;;Ver no Mapa;23/10/2025;31/10/2025;31/10/2025;31/10/2025;
;;1227534;;CASA NOVA;;CONCLUÍDA;;;;;;;;;;7.1.2.3;100%;;;;;FABIO;SANTIAGO;;-9.363677;-40.792213;;NOVEMBRO;;;;;;;;Novembro 25;;;COMPLETO;NILO COELHO;ER-CIND-ROD-BR 349 -RURAL;;;;;;;;;;QLA NOVO ENTRANTE;ENERGIZADA;MARLOS LOPES ;1;0;;;24/11/2025;24/11/2025;;SIM;NÃO;;Ver no Mapa;28/11/2025;29/11/2505;29/11/2025;SIM;
;;1199938;;CASA NOVA;;CONCLUÍDA;;;;;;;;;;7.1.2.3;100%;;;;;JACSON;SANTIAGO;;-9.3134985;-40.8283833;;NOVEMBRO;;;;;;;;Novembro 25;;;COMPLETO;;ER-CIND-FAZ-RIACHINHO-MASSANGANO;;;;;;;;;;PRIORIDADE PLANO ANEEL;ENERGIZADA;SANDRO SANTOS;;2;2;;28/11/2025;28/11/2025;;;NÃO;;Ver no Mapa;27/11/2025;29/11/2025;29/11/2025;SIM;
;;1149130;;CASA NOVA;;CONCLUÍDA;;;;;;;;;;8.4.1.3;100%;;;;;PEDRO LINO;ANDERSON;;-9.3690855;-40.7984526;;NOVEMBRO;;;;;;;;Novembro 25;;;COMPLETO;;IE-BANCO CAPACITOR-MND-01N4📸;;;;;;;;;;EQUIPAMENTO;ENERGIZADA;DIEGO ALMEIDA;1;1;1;;03/11/2025;03/11/2025;;SIM;SIM;;Ver no Mapa;04/11/2025;04/11/2025;04/11/2025;SIM;
;;763601;;CASA NOVA;;AVANÇO;;;;;;;;;;14.7.3;30%;;;;;FERNANDO;PAULO JUNIOR;;-9.1112573;-41.3759639;;NOVEMBRO;;;;;;;;Novembro 25;;;PARCIAL;;MP-CCOL-POV CANOINHA-RURAL;;;;;;;;;;REPUTACIONAL;IMPLANTAÇÃO;DIEGO ALMEIDA;25;541;;;;;;;NÃO;;Ver no Mapa;;;;;
;;1190871;;CURAÇÁ;;RETIRADA COELBA;;;;;;;;;;;100%;;;;;JUAREZ;EDIE JONNES;;;;;OUTUBRO;;;;;;;;Novembro 25;;;;;IE-RELIGADOR-PDB-01P3-T18756;;;;;;;;;;TIRAR;NÃO INICIADA;CARLOS EDUARDO;0;1;;;29/10/2025;30/10/2025;;;NÃO;;Ver no Mapa;;;;;
;;1211418;;CURAÇÁ;;RETIRADA COELBA;;;;;;;;;;14.4.12.1;100%;;;;;;EDIE JONNES;;-8.727306;-39.46021;;OUTUBRO;;;;;;;;Novembro 25;;;;;ER-CIND-FAZ-SALTO DA PEDRA-S DA PEDRA;;;;;;;;;;TIRAR;NÃO INICIADA;CARLOS EDUARDO;1;7;;;;;;;NÃO;;Ver no Mapa;;;;;
;;1177271;;CURAÇÁ;;MIGRAR;;;;;;;;;;7.1.1.3;100%;;;;;PEDRO LINO;ANDERSON;;-9.0731065;-39.9175208;;OUTUBRO;;;;;;;;Novembro 25;;;;OURO;RR-GRUA-POV-CURACA EB 06 KM085-RURAL;;;;;;;;;;EQUIPAMENTO;EQUIPAMENTO;CARLOS EDUARDO;1;6;;;08/10/2025;10/10/2025;22/10 Á 24/10;SIM;SIM;;Ver no Mapa;;;;;
;;1196006;;CURAÇÁ;;MIGRAR;;;;;;;;;;7.1.2.3;100%;;;;;JUAREZ;EDIE JONNES;;-8.799146;-39.752865;;OUTUBRO;;;;;;;;Novembro 25;;;;;ER-CIND-POV-FERRETE-RURAL;;;;;;;;;;QLP;NÃO INICIADA;CARLOS EDUARDO;1;1;;;14/10/2025;14/10/2025;;SIM;NÃO;;Ver no Mapa;;;;;
;;1207626;;CURAÇÁ;;MIGRAR;;;;;;;;;;0;100%;;;;;GISMARIO;EDIE JONNES;;-9.50239;-39.449466;;OUTUBRO;;;;;;;;Novembro 25;;;;;ER-CIND-POV-BRJEO SECO 440-PATAMUTE;;;;;;;;;;QLP;NÃO INICIADA;CARLOS EDUARDO;1;1;;;22/10/2025;22/10/2025;;SIM;NÃO;;Ver no Mapa;;;;;
;;1206973;;CURAÇÁ;;MIGRAR;;;;;;;;;;7.1.2.3;100%;;;;;PEDRO LINO;ANDERSON;;-9.055737;-39.9652039;;OUTUBRO;;;;;;;;Novembro 25;;;;OURO;RR-GRUA-FAZ-JURITI-RURAL-CURACA;;;;;;;;;;EQUIPAMENTO;EQUIPAMENTO;CARLOS EDUARDO;1;4;;;23/10/2025;24/10/2025;;SIM;SIM;;Ver no Mapa;;;;;
;;1198350;;CURAÇÁ;;MIGRAR;;;;;;;;;;14.4.12.1;100%;;;;;;SANTIAGO;;-8.6656868;-39.4263194;;OUTUBRO;;;;;;;;Novembro 25;;;;;ER-CCOL-RUA-04 AGROVILA-PEDRA BRANCA;;;;;;;;;;;NÃO INICIADA;CARLOS EDUARDO;1;18;;;;;;;NÃO;;Ver no Mapa;;;;;
;;1172120;;CURAÇÁ;;AVANÇO;;;;;;;;;;7.1.2.3;100%;;;;;PAULO;SANTIAGO;;-9.4842407;-39.705201;;OUTUBRO;;;;;;;;Novembro 25;;;;;RR-CCOL-FAZ-SANTO ANTONIO-RURAL;;;;;;;;;;;NÃO INICIADA;CARLOS EDUARDO;3;23;;;;;;;NÃO;;Ver no Mapa;;;;;
;;1151134;;CURAÇÁ;;RETIRADA COELBA;;;;;;;;;;7.1.2.3;100%;;;;;;SANTIAGO;;-8.741918;-39.622586;;OUTUBRO;;;;;;;;Novembro 25;;;;;MP-CIND-POV RIACHO SECO-RURAL;;;;;;;;;;;NÃO INICIADA;CARLOS EDUARDO;2;30;;;;;;;NÃO;;Ver no Mapa;;;;;
;;1156700;;CURAÇÁ;;MIGRAR;;;;;;;;;;7.1.2.3;100%;;;;;PAULO;SANTIAGO;;-9.4842407;-39.705201;;OUTUBRO;;;;;;;;Novembro 25;;;;;MP-CCOL-FAZ-SANTO ANTONIO-RURAL;;;;;;;;;;REVISÃO DE ORÇAMEN;NÃO INICIADA;CARLOS EDUARDO;2;37;;;;;;;NÃO;;Ver no Mapa;;;;;
;;1161341;;CASA NOVA;;AVANÇO;;;;;;;;;;7.1.2.3;50%;;;;;FABIO;SANTIAGO;;-9.2813404;-40.7610571;;NOVEMBRO;;;;;;;;Novembro 25;;;COMPLETO;;MP CIND POV RIACHO DO SOBRADO RURAL;;;;;;;;;;PRIORIDADE PLANO ANEEL;ESCAVAÇÃO;DIEGO ALMEIDA;;35;;;21/11/2025;12/12/2025;;;NÃO;;Ver no Mapa;;;;;
;;1171596;;CURAÇÁ;;CONCLUÍDA;;;;;;;;;;;100%;;;;;FABIO;EDIE JONNES;;-9.0727654;-39.9699296;;SETEMBRO;;;;;;;;Novembro 25;;;;;ER-CIND-POV-BARRA GRANDE-RURAL;;;;;;;;;;;CONCLUÍDA;CARLOS EDUARDO;1;12;12;;18/09/2025;23/09/2025;;SIM;SIM;;Ver no Mapa;28/08/2025;11/09/2025;11/09/2025;11/09/2025;
;;1119796;;JUAZEIRO;;CONCLUÍDA;;;;;;;;;;PLANO 14;100%;;;;;PAULO;EDIE JONNES;;-9.8581106;-40.2162038;;JULHO;;;;;;;;Novembro 25;;;;;RR-CIND-FAZ-FRADE-CANOA;;;;;;;;;;;;;1;12;;;16/07/2025;22/07/2025;;NÃO;;;Ver no Mapa;;;30/08/2025;30/08/2025;
;;1212597;;JUAZEIRO;;CONCLUÍDA;;;;;;;;;;7;100%;;;;;CARLOS EDUARDO;RODRIGUES;;-9.1131829;-40.1285536;;OUTUBRO;;;;;;;;Novembro 25;;;;PAULO / CARLOS EDUARDO;ER-CIND-POV-GUANHAES 8-RURAL;;;;;;;;;;;CONCLUÍDA;MARLOS LOPES ;1;11;12;;22/10/2025;22/10/2025;;;NÃO;;Ver no Mapa;23/10/2025;31/10/2025;31/10/2025;31/10/2025;
;;1146131;;CASA NOVA;;CONCLUÍDA;;;;;;;;;;7.1.2.3;100%;;;;;FERNANDO;PAULO JUNIOR;;-9.335318;-41.8057884;;DEZEMBRO;;;;;;;;Novembro 25;;;COMPLETO;;AC-REGFV-CCOL-POV DESTERRO-CAI ARA-III;;;;;;;;;;GOVERNO;CONCLUÍDA;DIEGO ALMEIDA;141;394;248;;;30/12/2025;;SIM;NÃO;;Ver no Mapa;05/08/2025;20/12/2025;20/12/2025;SIM;
;;1221999;;SENTO SÉ;;CONCLUÍDA;;;;;;;;;;7.1.2.3;100%;;;;;JACSON;SANTIAGO;;-9.7632378;-41.9321487;;NOVEMBRO;;;;;;;;Novembro 25;;;COMPLETO;IMPLANTAR 3 POSTE;IT-GRUA-POV-ITAPERA 1888-RURAL;;;;;;;;;;GRUPO A;ENERGIZADA;SANDRO SANTOS;1;3;3;;20/11/2025;20/11/2025;;SIM;NÃO;;Ver no Mapa;26/11/2025;29/11/2025;29/11/2025;SIM;
;;1211209;;JUAZEIRO;;CONCLUÍDA;;;;;;;;;;7.1.2.3;100%;;;;;PAULO;RODRIGUES;;-9.5594681;-40.530802;;OUTUBRO;;;;;;;;Novembro 25;;;;PAULO / CARLOS EDUARDO;RR-CIND-POV-BX UMBUZEIRO-RURAL;;;;;;;;;;;CONCLUÍDA;VICTOR BARROS;1;11;11;22/10/2025;22/10/2025;22/10/2025;;SIM;NÃO;;Ver no Mapa;21/10/2025;24/10/2025;24/10/2025;25/10/2025;
;;1174777;;JUAZEIRO;;CONCLUÍDA;;;;;;;;;;7.1.2.3;100%;;;;;JUAREZ;EDIE JONNES;;-9.5376924;-40.3745686;;OUTUBRO;;;;;;;;Novembro 25;;;;;ER-CIND-SI-RENASCER I-LAJES;;;;;;;;;;;CONCLUÍDA;VICTOR BARROS;1;10;10;24/10/2025;29/10/2025;29/10/2025;29/10/2025;;NÃO;;Ver no Mapa;27/10/2025;29/10/2025;29/10/2025;30/10/2025;
;;1198741;;REMANSO;;CONCLUÍDA;;;;;;;;;;7.1.1.3;100%;;;;;MANUTENÇÃO;ANDERSON;;-9.6063923;-42.0927632;;SETEMBRO;;;;;;;;Novembro 25;;;;;UB-CIND-RCL-RUA-RUA DILSON VIEIRA-VILA;;;;;;;;;;;CONCLUÍDA;MARLOS LOPES ;11;10;10;;;;;NÃO;NÃO;;Ver no Mapa;14/09/2025;16/09/2025;16/09/2025;17/09/2025;
;;1177187;;CASA NOVA;;AVANÇO;;;;;;;;;;7.1.2.3;100%;;;;;FABIO;EDIE JONNES;;-9.278338;-40.716318;;DEZEMBRO;;;;;;;;Novembro 25;;;COMPLETO;;RR-CIND-POV-SANTANA SOBRADO-RURAL;;;;;;;;;;QLP;NÃO INICIADA;DIEGO ALMEIDA;4;40;;;15/12/2025;30/12/2025;;;NÃO;;Ver no Mapa;;;;;
;;1221851;;JUAZEIRO;;CONCLUÍDA;;;;;;;;;;7.1.2.3;100%;;;;;PAULO;SANTIAGO;;-9.4558323;-40.4694898;;SETEMBRO;;;;;;;;Novembro 25;;;;;ER-CIND-SI-S O JOSE-RURAL;;;;;;;;;;;LIGAÇÃO DE CLIENTES;VICTOR BARROS;;11;9;11/09/2025;25/08/2025;11/09/2025;;SIM;;;Ver no Mapa;11/09/2025;13/09/2025;13/09/2025;15/09/2025;EVIDÊNCIAS DE CAVAS ESTA NO PROJETO 1190607
;;1170033;;UAUÁ;;CONCLUÍDA;;;;;;;;;;14.7.3;100%;;;;;JUAREZ;EDIE JONNES;;-10.0160719;-39.488488;;SETEMBRO;;;;;;;;Novembro 25;;;;;ER-CIND-RUA-S O PAULO-CENTRO-LA DO PIRES;;;;;;;;;;;CONCLUÍDA;CARLOS EDUARDO;1;10;9;;15/09/2025;18/09/2025;;SIM;NÃO;;Ver no Mapa;24/09/2025;26/09/2025;26/09/2025;30/09/2025;
;;X-1173180;;JUAZEIRO;;CONCLUÍDA;;;;;;;;;;8.6.2005;100%;;;;;PEDRO LINO;EDIE JONNES;;;;;AGOSTO;;;;;;;;Novembro 25;;;;;UB-CIND-SI-DA TININHA-DOM JOSE RODRIGUES;;;;;;;;;;;;;;9;9;;05/08/2025;07/08/2025;;;;;;;;07/08/2025;08/08/2025;
;;1171363;;SENTO SÉ;;CONCLUÍDA;;;;;;;;;;0;100%;;;;;FABIO;SANTIAGO;;-9.7891719;-41.9595363;;NOVEMBRO;;;;;;;;Novembro 25;;;COMPLETO;30/11/2025;ER-CIND-SI-S O GERALDO-RURAL;;;;;;;;;;QLA;ENERGIZADA;SANDRO SANTOS;1;3;3;;14/11/2025;17/11/2025;;SIM;NÃO;;Ver no Mapa;21/11/2025;26/11/2025;27/11/2025;SIM;
;;1197173;;JUAZEIRO;;CONCLUÍDA;;;;;;;;;;8.6.2003;100%;;;;;MANUTENÇÃO;ANDERSON;;-9.425685;-40.5172658;;SETEMBRO;;;;;;;;Novembro 25;;;;;IS-COEL-AV-MARIA DA G DE JESUS-J VITOR;;;;;;;;;;;ENERGIZADA;VICTOR BARROS;0;8;8;;;;05/09/2025 / 11/09/2025;SIM;SIM;;Ver no Mapa;15/07/2025;10/09/2025;10/09/2025;10/09/2025;
;;1146090;;CASA NOVA;;AVANÇO;;;;;;;;;;7.1.2.3;30%;;;;;;PAULO JUNIOR;;-8.9257103;-41.4200356;;NOVEMBRO;;;;;;;;Novembro 25;;;A SOLICITAR;;ME REFO ADF MP CIND POV XIQUE XIQUE RR;;;;;;;;;;REPUTACIONAL;VISITA PRÉVIA;;0;8;;;;;;;NÃO;;Ver no Mapa;;;;;
;;1175881;;JUAZEIRO;;CONCLUÍDA;;;;;;;;;;14.4.12.1;100%;;;;;JUAREZ;EDIE JONNES;;-9.3979818;-40.4010788;;OUTUBRO;;;;;;;;Novembro 25;;;;JUAREZ/ GISMARIO;ER-CIND-POV PROJETO MANDACARU-RURAL;;;;;;;;;;;CONCLUÍDA;MARLOS LOPES ;1;7;7;23/10/2025;23/10/2025;23/10/2025;;;NÃO;;Ver no Mapa;23/10/2025;23/10/2025;23/10/2025;24/10/2025;
;;1142581;;JUAZEIRO;;CONCLUÍDA;;;;;;;;;;8.3.2.3;100%;;;;;PEDRO LINO;ANDERSON;;-9.4324305;-40.5217568;;SETEMBRO;;;;;;;;Novembro 25;;;;OURO;RC-CIND-AV-08 150-QUIDE;;;;;;;;;;;CONCLUÍDA;VICTOR BARROS;1;5;7;;04/09/2025;05/09/2025;10/09/2025;;NÃO;;Ver no Mapa;04/09/2025;10/09/2025;10/09/2025;11/09/2025;
;;763601;;CASA NOVA;;EM EXECUÇÃO;;;;;;;;;;14.7.3;50%;;;;;FERNANDO;PAULO JUNIOR;;-9.1112573;-41.3759639;;DEZEMBRO;;;;;;;;Novembro 25;;;PARCIAL;;MP-CCOL-POV CANOINHA-RURAL;;;;;;;;;;REPUTACIONAL;NÃO INICIADA;DIEGO ALMEIDA;25;541;;;;;;SIM;NÃO;;Ver no Mapa;;;;;
;;1146131;;CASA NOVA;;AVANÇO;;;;;;;;;;7.1.2.3;75%;;;;;FERNANDO;PAULO JUNIOR;;-9.335318;-41.8057884;;NOVEMBRO;;;;;;;;Novembro 25;;;PARCIAL;;AC-REGFV-CCOL-POV DESTERRO-CAI ARA-III;;;;;;;;;;GOVERNO;IMPLANTAÇÃO;DIEGO ALMEIDA;141;394;;;;;;;NÃO;;Ver no Mapa;;;;;
;;1188190;;JUAZEIRO;;CONCLUÍDA;;;;;;;;;;7.1.2.3;100%;;;;;JUAREZ;EDIE JONNES;;-9.5034191;-40.5139496;;OUTUBRO;;;;;;;;Novembro 25;;;;DUAS EQUIPE JUAREZ / GISMARIO;ER-CIND-ET-SERRA DA BATATEIRA-JOAO PAUL;;;;;;;;;;;CONCLUÍDA;VICTOR BARROS;1;6;6;20/10/2025;20/10/2025;20/10/2025;;NÃO;NÃO;;Ver no Mapa;20/10/2025;;;;
;;1042855;;CASA NOVA;;AVANÇO;;;;;;;;;;7.1.2.3;80%;;;;;;PAULO JUNIOR;;-9.070033;-41.454250;;NOVEMBRO;;;;;;;;Novembro 25;;;COMPLETO;DIVERGÊNCIA DE POSTE ;AC CIND-POV-BAIXAO DOS CABLOCOS RURAL;;;;;;;;;;PRIORIDADE PLANO ANEEL;ESCAVAÇÃO;DIEGO ALMEIDA;3;44;;;;;;;NÃO;;Ver no Mapa;;;;;
;;1116690;;CASA NOVA;;CONCLUÍDA;;;;;;;;;;7.1.2.3;;;;;;PAULO ORCA LV;ANDERSON;;-9.3723572;-40.7748641;;NOVEMBRO;;;;;;;;Novembro 25;;;COMPLETO;LV DA ORCA;EQ-GRUA-FAZ-NILO COELHO-RURAL -COMPL;;;;;;;;;;MELHORIA;ENERGIZADA;SANDRO SANTOS;;1;0;;26/11/2025;27/11/2025;;;;;Ver no Mapa;18/11/2025;18/11/2025;18/11/2025;SIM;
;;1198350;;CURAÇÁ;;CONCLUÍDA;;;;;;;;;;7.1.2.3;100%;;;;;CARLOS EDUARDO;EDIE JONNES;;-8.6656868;-39.4263194;;NOVEMBRO;;;;;;;;Novembro 25;;;COMPLETO;;ER-CCOL-RUA-04 AGROVILA-PEDRA BRANCA;;;;;;;;;;;ENERGIZADA;CARLOS EDUARDO;;18;19;;15/08/2025;31/10/2025;;;;;Ver no Mapa;05/11/2025;14/11/2025;14/11/2025;SIM;
;;1172120;;CURAÇÁ;;CONCLUÍDA;;;;;;;;;;7.1.2.3;100%;;;;;PAULO;RODRIGUES;;-9.4842407;-39.705201;;NOVEMBRO;;;;;;;;Novembro 25;;;COMPLETO;;RR-CCOL-FAZ-SANTO ANTONIO-RURAL;;;;;;;;;;;ENERGIZADA;CARLOS EDUARDO;3;23;25;;03/11/2025;03/11/2025;;SIM;SIM;;Ver no Mapa;11/11/2025;29/11/2025;29/11/2025;SIM;
;;1032275;;JUAZEIRO;;CONCLUÍDA;;;;;;;;;;14.4.12.1;100%;;;;;GISMARIO;EDIE JONNES;;-9.0742368;-40.2047431;;OUTUBRO;;;;;;;;Novembro 25;;;;OURO;ER-CIND-POV-PONTAL-RURAL;;;;;;;;;;JUDICIAL;CONCLUÍDA;VICTOR BARROS;1;6;6;;16/10/2025;31/10/2025;;SIM;SIM;;Ver no Mapa;31/10/2025;31/10/2025;31/10/2025;31/10/2025;
;;1177271;;CURAÇÁ;;CONCLUÍDA;;;;;;;;;;7.1.1.3;100%;;;;;PEDRO LINO;ANDERSON;;-9.0731065;-39.9175208;;DEZEMBRO;;;;;;;;Novembro 25;;;COMPLETO;EQUIPAMENTO;RR-GRUA-POV-CURACA EB 06 KM085-RURAL;;;;;;;;;;EQUIPAMENTO;CONCLUÍDA;CARLOS EDUARDO;1;6;6;;;08/12/2025;;SIM;SIM;;Ver no Mapa;18/10/2025;05/12/2025;05/12/2025;SIM;
;;1156700;;CURAÇÁ;;CONCLUÍDA;;;;;;;;;;7.1.2.3;100%;;;;;PAULO;RODRIGUES;;-9.4842407;-39.705201;;NOVEMBRO;;;;;;;;Novembro 25;;;COMPLETO;;MP-CCOL-FAZ-SANTO ANTONIO-RURAL;;;;;;;;;;;ENERGIZADA;CARLOS EDUARDO;2;37;38;;03/11/2025;29/11/2025;;SIM;SIM;;Ver no Mapa;07/11/2025;29/11/2025;29/11/2025;SIM;
;;1177271;;CURAÇÁ;;MIGRAR;;;;;;;;;;7.1.1.3;100%;;;;;PEDRO LINO;ANDERSON;;-9.0731065;-39.9175208;;NOVEMBRO;;;;;;;;Novembro 25;;;COMPLETO;OURO;RR-GRUA-POV-CURACA EB 06 KM085-RURAL;;;;;;;;;;EQUIPAMENTO;EQUIPAMENTO;CARLOS EDUARDO;1;6;6;;08/10/2025;;;SIM;SIM;;Ver no Mapa;;;;;
;;1206973;;CURAÇÁ;;MIGRAR;;;;;;;;;;7.1.2.3;100%;;;;;PEDRO LINO;ANDERSON;;-9.055737;-39.9652039;;NOVEMBRO;;;;;;;;Novembro 25;;;COMPLETO;OURO;RR-GRUA-FAZ-JURITI-RURAL-CURACA;;;;;;;;;;EQUIPAMENTO;EQUIPAMENTO;CARLOS EDUARDO;1;4;1;;23/10/2025;;;SIM;SIM;;Ver no Mapa;;;;;
;;1195955;;UAUÁ;;CONCLUÍDA;;;;;;;;;;7.1.2.4;100%;;;;;JUAREZ;EDIE JONNES;;-9.8345324;-39.4149138;;OUTUBRO;;;;;;;;Novembro 25;;;;3 EQUIPES;ER-CIND-POV-MARIA PRETA 200-MARIA PRETA;;;;;;;;;;;CONCLUÍDA;CARLOS EDUARDO;2;6;6;;11/10/2025;17/10/2025;17/10/2025;SIM;SIM;;Ver no Mapa;12/09/2025;17/10/2025;17/10/2025;20/10/2025;
;;1225553;;CURAÇÁ;;CONCLUÍDA;;;;;;;;;;7.1.2.3;100%;;;;;DOMINGOS;RODRIGUES;;-9.517583;-39.4681431;;NOVEMBRO;;;;;;;;Novembro 25;;;COMPLETO;;ER-CIND-FAZ MATIAIS DA ROCHA-SAO MATEUS;;;;;;;;;;PRIORIDADE PLANO ANEEL;ENERGIZADA;CARLOS EDUARDO;1;4;3;;12/11/2025;13/11/2025;;SIM;NÃO;;Ver no Mapa;13/11/2025;13/11/2025;14/11/2025;SIM;
;;1190871;;CURAÇÁ;;CONCLUÍDA;;;;;;;;;;8.2.2.2;100%;;;;;PEDRO LINO;ANDERSON;;-8.6731137;-39.4382469;;NOVEMBRO;;;;;;;;Novembro 25;;;COMPLETO;;IE-RELIGADOR-PDB-01P3-T18756;;;;;;;;;;EQUIPAMENTO;ENERGIZADA;CARLOS EDUARDO;1;1;1;;18/11/2025;19/11/2025;;SIM;NÃO;;Ver no Mapa;;;;;
;;1144762;;UAUÁ;;CONCLUÍDA;;;;;;;;;;1.2.2.2.3;100%;;;;;MANUTENÇÃO;ANDERSON;;-9.8468026;-39.4664253;;OUTUBRO;;;;;;;;Novembro 25;;;;OURO;PT UAU 34 5 13 8KV;;;;;;;;;;EQUIPAMENTO;CONCLUÍDA;CARLOS EDUARDO;1;6;6;;13/10/2025;15/10/2025;;SIM;NÃO;;Ver no Mapa;23/10/2025;30/10/2025;30/10/2025;31/10/2025;
;;1128925;;CASA NOVA;;CONCLUÍDA;;;;;;;;;;14.7.3;100%;;;;;IVONALDO;SANTIAGO;;-9.3139292;-41.0714687;;SETEMBRO;;;;;;;;Novembro 25;;;;2 EQUIPES ADC;LD-CIND-POV BAIXAO-RURAL-CSN;;;;;;;;;;;CONCLUÍDA;SANDRO SANTOS;;6;6;15/09/2025;;;;NÃO;SIM;;Ver no Mapa;15/09/2025;27/09/2025;30/09/2025;30/09/2025;
;;1199956;;CURAÇÁ;;CONCLUÍDA;;;;;;;;;;7.1.2.3;100%;;;;;FABIO;EDIE JONNES;;-8.9702533;-39.823905;;SETEMBRO;;;;;;;;Novembro 25;;;;;ER-CIND-FAZ-MACAMBIRA-RURAL;;;;;;;;;;;LIGAÇÃO DE CLIENTES;CARLOS EDUARDO;1;6;6;;15/09/2025;16/09/2025;;;;;Ver no Mapa;13/09/2025;12/09/2025;12/09/2025;15/09/2025;
;;1198059;;JUAZEIRO;;RETIRADA COELBA;;;;;;;;;;7.1.1.3;100%;;;;;IVONALDO;EDIE JONNES;;-9.4531803;-40.5014173;;OUTUBRO;;;;;;;;Novembro 25;;;;OURO;AC-CIND-ROD-DIST IND JUAZEIRO-CENTRO;;;;;;;;;;JA EXECUTADA PELA COELBA;NÃO INICIADA;VICTOR BARROS;1;0;;;07/10/2025;07/10/2025;;SIM;NÃO;;Ver no Mapa;;;;;
;;1221258;;JUAZEIRO;;RETIRADA COELBA;;;;;;;;;;;100%;;;;;;EDIE JONNES;;-9.470451;-40.498518;;OUTUBRO;;;;;;;;Novembro 25;;;;EDVALDO ME PASSOU PRESENCIALMENTE;AC-CIND-CJN-JUAZEIRO-JO O PAULO;;;;;;;;;;;NÃO INICIADA;VICTOR BARROS;1;3;;;;;;;NÃO;;Ver no Mapa;;;;;
;;1160650;;JUAZEIRO;;AVANÇO;;;;;;;;;;7.1.2.3;50%;;;;;;SANTIAGO;;-9.862428;-40.4118214;;OUTUBRO;;;;;;;;Novembro 25;;;;;LD-CIND-FAZ FORTALEZA-RURAL;;;;;;;;;;;NÃO INICIADA;VICTOR BARROS;2;37;;;;;;;NÃO;;Ver no Mapa;;;;;
;;1162074;;JUAZEIRO;;AVANÇO;;;;;;;;;;7.1.2.3;10%;;;;;;SANTIAGO;;-9.4570754;-40.3571651;;OUTUBRO;;;;;;;;Novembro 25;;;;;AC-CIND-FAZ-MASSAYO-RURAL;;;;;;;;;;;NÃO INICIADA;VICTOR BARROS;1;45;;;;;;;NÃO;;Ver no Mapa;;;;;
;;1159894;;JUAZEIRO;;EM EXECUÇÃO;;;;;;;;;;7.1.1.3;70%;;;;;IVONALDO;SANTIAGO;;-9.4665442;-40.4999899;;OUTUBRO;;;;;;;;Novembro 25;;;;OURO;UB-CIND-RUA-JUAZEIRO-2;;;;;;;;;;;LANÇAMENTO;VICTOR BARROS;1;66;;;;28/11/2025;;SIM;SIM;;Ver no Mapa;19/08/2025;;;;
;;1202786;;JUAZEIRO;;MIGRAR;;;;;;;;;;7.1.2.3;100%;;;;;PAULO;SANTIAGO;;-9.370671;-40.277251;;OUTUBRO;;;;;;;;Novembro 25;;;;PAULO / CARLOS EDUARDO;ER-CIND-POV-MULUNGU-RURAL;;;;;;;;;;;IMPLANTAÇÃO;MARLOS LOPES ;1;13;;;23/10/2025;24/10/2025;;;NÃO;;Ver no Mapa;;;;;
;;1153460;;JUAZEIRO;;MIGRAR;;;;;;;;;;7.1.2.3;100%;;;;;PAULO;SANTIAGO;;-9.5992005;-40.3925912;;OUTUBRO;;;;;;;;Novembro 25;;;;PAULO / CARLOS EDUARDO;MP-CIND-RUA-DOS VERMELHOS-RURAL;;;;;;;;;;;IMPLANTAÇÃO;VICTOR BARROS;3;26;;;29/10/2025;13/11/2025;;NÃO;;;Ver no Mapa;;;;;
;;1113834;;PILÃO ARCADO;;MIGRAR;;;;;;;;;;7.1.2.3;100%;;;;;AILTON;PAULO JUNIOR;;-9.9331343;-42.9012232;;OUTUBRO;;;;;;;;Novembro 25;;;;;AC-CIND ESCOLA MUN.DE BREJINHO-RURAL;;;;;;;;;;;LANÇAMENTO;MARLOS LOPES ;65;416;;17/09/2025;;30/10/2025;;SIM;NÃO;;Ver no Mapa;;;;;
;;1132085;;PILÃO ARCADO;;AVANÇO;;;;;;;;;;14.4.12.1;100%;;;;;;SANTIAGO;;-10.5568842;-42.6234047;;OUTUBRO;;;;;;;;Novembro 25;;;;OURO;ER-SEIN-RUA-DAS FLORES-XIQUE-XIQUE;;;;;;;;;;;VISITA PRÉVIA;MARLOS LOPES ;11;26;;;;;;;SIM;;Ver no Mapa;;;;;
;;1217996;;JUAZEIRO;;CONCLUÍDA;;;;;;;;;;7.1.1.3;100%;;;;;PEDRO LINO;ANDERSON;;-9.441304;-40.5175529;;SETEMBRO;;;;;;;;Novembro 25;;;;OURO;IT-CIND-RUA-CINCO-CENTRO;;;;;;;;;;;LIGAÇÃO DE CLIENTES;VICTOR BARROS;0;6;6;12/09/2025;11/09/2025;12/09/2025;;SIM;;;Ver no Mapa;11/09/2025;13/09/2025;13/09/2025;15/09/2025;
;;1173776;;JUAZEIRO;;CONCLUÍDA;;;;;;;;;;8.6.3;100%;;;;;GISMARIO;EDIE JONNES;;-9.4328027;-39.7841685;;SETEMBRO;;;;;;;;Novembro 25;;;;PRIORIDADE;RR-GRUA-FAZ-VERMELHO-RURAL;;;;;;;;;;;ENERGIZADA;CARLOS EDUARDO;;6;5;;12/08/2025;27/09/2025;27/09/2025;SIM;SIM;;Ver no Mapa;;;10/09/2025;11/09/2025;
;;1146087;;REMANSO;;CONCLUÍDA;;;;;;;;;;14.4.12.1;60%;;;;;JORGE;JORGE;;-9.4735036;-42.2501527;;OUTUBRO;;;;;;;;Novembro 25;;;;;MP-CCOL-FAZ.NOVA TAPUA-RURAL;;;;;;;;;;;CONCLUÍDA;MARLOS LOPES ;12;172;;;;;;;NÃO;;Ver no Mapa;07/08/2025;31/10/2025;31/10/2025;31/10/2025;
;;1212241;;JUAZEIRO;;CONCLUÍDA;;;;;;;;;;7.1.2.3;100%;;;;;JUAREZ;EDIE JONNES;;-9.2339443;-40.1204066;;OUTUBRO;;;;;;;;Novembro 25;;;;DUAS EQUIPE JUAREZ / GISMARIO;ER-CIND-POV-CACIMBA DO SILVA-CACIMBA;;;;;;;;;;;CONCLUÍDA;MARLOS LOPES ;2;5;5;;07/10/2025;07/10/2025;;SIM;NÃO;;Ver no Mapa;07/10/2025;07/10/2025;07/10/2025;08/10/2025;
;;1196006;;CURAÇÁ;;CONCLUÍDA;;;;;;;;;;7.1.2.3;100%;;;;;DOMINGOS;RODRIGUES;;-8.799146;-39.752865;;NOVEMBRO;;;;;;;;Novembro 25;;;COMPLETO;;ER-CIND-POV-FERRETE-RURAL;;;;;;;;;;QLP;ENERGIZADA;CARLOS EDUARDO;1;1;1;;14/11/2025;14/11/2025;;SIM;SIM;;Ver no Mapa;12/11/2025;12/11/2025;12/11/2025;SIM;
;;1207626;;CURAÇÁ;;CONCLUÍDA;;;;;;;;;;7.1.2.3;100%;;;;;DOMINGOS;RODRIGUES;;-9.50239;-39.449466;;NOVEMBRO;;;;;;;;Novembro 25;;;COMPLETO;;ER-CIND-POV-BRJEO SECO 440-PATAMUTE;;;;;;;;;;QLP;ENERGIZADA;CARLOS EDUARDO;1;1;1;;12/11/2025;12/11/2025;;SIM;SIM;;Ver no Mapa;13/11/2025;13/11/2025;14/11/2025;SIM;
;;1206973;;CURAÇÁ;;CONCLUÍDA;;;;;;;;;;7.1.2.3;100%;;;;;PEDRO LINO;ANDERSON;;-9.055737;-39.9652039;;DEZEMBRO;;;;;;;;Novembro 25;;;COMPLETO;EQUIPAMENTO;RR-GRUA-FAZ-JURITI-RURAL-CURACA;;;;;;;;;;EQUIPAMENTO;CONCLUÍDA;CARLOS EDUARDO;1;4;1;;;08/12/2025;;SIM;SIM;;Ver no Mapa;20/10/2025;09/12/2025;09/12/2025;SIM;
;;1182674;;JUAZEIRO;;CONCLUÍDA;;;;;;;;;;PLANO 7;100%;;;;;PAULO;EDIE JONNES;;;;;AGOSTO;;;;;;;;Novembro 25;;;;;ER-CIND-POV-SERRA DOS ESPINHOS-RURAL;;;;;;;;;;;;;1;5;;;;;;;;;;;;30/07/2025;;
;;1175575;;SOBRADINHO;;CONCLUÍDA;;;;;;;;;;7.1.2.3;100%;;;;;GISMARIO;EDIE JONNES;;-9.5095062;-40.7745147;;OUTUBRO;;;;;;;;Novembro 25;;;;;AC-CIND-POV-LAGOA GRANDE-RURAL;;;;;;;;;;;CONCLUÍDA;SANDRO SANTOS;1;5;5;16/10/2025;13/10/2025;16/10/2025;;NÃO;SIM;;Ver no Mapa;;;;;
;;1146638;;CURAÇÁ;;CANCELADA;;;;;;;;;;7.1.2.3;100%;;;;;CARLOS EDUARDO;RODRIGUES;;-8.5385391;-39.4039751;;NOVEMBRO;;;;;;;;Novembro 25;;;A SOLICITAR;CANCELADO VIA REUNIÃO COELBA DIA 12/11;ER-CIND-POV- SALGADO-RURAL 📸🚩;;;;;;;;;;PRIORIDADE PLANO ANEEL;VISITA PRÉVIA;CARLOS EDUARDO;1;1;;;05/11/2025;07/11/2025;;SIM;NÃO;;Ver no Mapa;;;;;
;;1153460;;JUAZEIRO;;CONCLUÍDA;;;;;;;;;;7.1.2.3;100%;;;;;PAULO;RODRIGUES;;-9.5992005;-40.3925912;;NOVEMBRO;;;;;;;;Novembro 25;;;COMPLETO;PAULO / CARLOS EDUARDO;MP-CIND-RUA-DOS VERMELHOS-RURAL;;;;;;;;;;;ENERGIZADA;VICTOR BARROS;3;26;26;;29/10/2025;07/11/2025;;SIM;SIM;;Ver no Mapa;27/10/2025;03/11/2025;03/11/2025;SIM;
;;1202786;;JUAZEIRO;;CONCLUÍDA;;;;;;;;;;7.1.2.3;100%;;;;;PAULO;RODRIGUES;;-9.370671;-40.277251;;NOVEMBRO;;;;;;;;Novembro 25;;;COMPLETO;PAULO / CARLOS EDUARDO;ER-CIND-POV-MULUNGU-RURAL;;;;;;;;;;QLP;ENERGIZADA;MARLOS LOPES ;1;13;13;;23/10/2025;24/10/2025;;SIM;SIM;;Ver no Mapa;23/10/2025;03/11/2025;03/11/2025;SIM;
;;1195081;;REMANSO;;MIGRAR;;;;;;;;;;7.1.2.3;100%;;;;;PEDRO LINO;ANDERSON;;-9.6019523;-42.0840707;;OUTUBRO;;;;;;;;Novembro 25;;;;;EQ COEL ROD BR 324 RURAL;;;;;;;;;;EQUIPAMENTO;EQUIPAMENTO;MARLOS LOPES ;1;2;;;06/10/2025;07/10/2025;31/10 Á 01/10;SIM;NÃO;;Ver no Mapa;;;;;
;;1228694;;REMANSO;;MIGRAR;;;;;;;;;;;100%;;;;;MANUTENÇÃO;ANDERSON;;;;;OUTUBRO;;;;;;;;Novembro 25;;;;;REDE PEDAGOGICA REMANSO (COELBA);;;;;;;;;;;NÃO INICIADA;;;;;;15/10/2025;22/10/2025;;NÃO;NÃO;;;;;;;
;;1173964;;REMANSO;;AVANÇO;;;;;;;;;;14.4.12.1;60%;;;;;JORGE;JORGE;;-9.419018;-41.92037;;OUTUBRO;;;;;;;;Novembro 25;;;;OURO;RR-CIND-POV-SALINA GRANDE-RURAL;;;;;;;;;;JUDICIAL;LANÇAMENTO;MARLOS LOPES ;36;227;;;;;;;NÃO;;Ver no Mapa;;;;;
;;1058100;;REMANSO;;EM EXECUÇÃO;;;;;;;;;;7.1.2.3;90%;;;;;RUBEM;RUBEM;;-9.392305;-42.1929795;;OUTUBRO;;;;;;;;Novembro 25;;;;;AC-CIND-POV-PONTA DA SERRA-RURAL;;;;;;;;;;;LANÇAMENTO;MARLOS LOPES ;59;380;;;;;;;;;Ver no Mapa;;;;;
;;1221327;;JUAZEIRO;;CONCLUÍDA;;;;;;;;;;7.1.2.3;100%;;;;;JUAREZ;EDIE JONNES;;-9.7466774;-40.4149067;;NOVEMBRO;;;;;;;;Novembro 25;;;COMPLETO;;ER-CIND-SI QUIXABEIRA-JUREMAL🚩;;;;;;;;;;JUDICIAL;ENERGIZADA;VICTOR BARROS;1;5;5;;14/11/2025;17/11/2025;;NÃO;NÃO;;Ver no Mapa;07/10/2025;08/11/2025;08/11/2025;SIM;
;;1211795;;JUAZEIRO;;CONCLUÍDA;;;;;;;;;;LPT;100%;;;;;IVONALDO;SANTIAGO;;-9.2859987;-39.9964594;;SETEMBRO;;;;;;;;Novembro 25;;;;;ER-CIND-POV-DE MARI 17-MARI;;;;;;;;;;;ENERGIZADA;VICTOR BARROS;1;5;5;;08/09/2025;09/09/2025;;NÃO;NÃO;;Ver no Mapa;16/09/2025;16/09/2025;16/09/2025;17/09/2025;
;;1201831;;JUAZEIRO;;CONCLUÍDA;;;;;;;;;;7.1.1.3;100%;;;;;JUAREZ;EDIE JONNES;;-9.422268;-40.5278411;;NOVEMBRO;;;;;;;;Novembro 25;;;COMPLETO;;AC-CIND-AV-SEBASTIAO ALMEIDA B-PEDRA D L;;;;;;;;;;PRIORIDADE PLANO ANEEL;ENERGIZADA;VICTOR BARROS;1;3;3;;17/11/2025;18/11/2025;26/11/2025;SIM;NÃO;;Ver no Mapa;17/11/2025;27/11/2025;27/11/2025;SIM;
;;1161869;;JUAZEIRO;;MIGRAR;;;;;;;;;;7.1.2.3;100%;;;;;JUAREZ;EDIE JONNES;;-9.4692888;-40.4739534;;NOVEMBRO;;;;;;;;Novembro 25;;;COMPLETO;;ER-CIND-FAZ-MASSAYO -RURAL📸;;;;;;;;;;REPUTACIONAL;ESCAVAÇÃO;VICTOR BARROS;0;4;;;26/11/2025;28/11/2025;;SIM;NÃO;;Ver no Mapa;;;;;
;;1162074;;JUAZEIRO;;AVANÇO;;;;;;;;;;7.1.2.3;25%;;;;;CARLOS EDUARDO;EDIE JONNES;;-9.4570754;-40.3571651;;NOVEMBRO;;;;;;;;Novembro 25;;;SO CONCRETO;SOLICITAR POSTE ;AC-CIND-FAZ-MASSAYO-RURAL;;;;;;;;;;;NÃO INICIADA;VICTOR BARROS;1;46;;;;;;SIM;NÃO;;Ver no Mapa;;;;;
;;1101655;;JUAZEIRO;;AVANÇO;;;;;;;;;;7.1.6.3 ;30%;;;;;DOMINGOS;RODRIGUES;;;;;NOVEMBRO;;;;;;;;Novembro 25;;;A SOLICITAR;PROJETO VAI PARA REVISÃO;AL - GRUA - ENT. JUNCO SALITRE - RURAL;;;;;;;;;;;NÃO INICIADA;;0;75;;;24/11/2025;31/01/2026;;;;;Ver no Mapa;;;;;
;;1202706;;CURAÇÁ;;CONCLUÍDA;;;;;;;;;;7.1.1.3;100%;;;;;PEDRO LINO;EDIE JONNES;;;;;JULHO;;;;;;;;Novembro 25;;;;;AC-CIND-RUA-LEOVIGILDO M ALMEIDA-CENTRO;;;;;;;;;;;;;1;4;4;2;24/07/2025;25/07/2025;;;;DETONAÇÃO;;21/08/2025;23/08/2025;23/08/2025;25/08/2025;
;;1204826;;JUAZEIRO;;CONCLUÍDA;;;;;;;;;;7.1.1.3;100%;;;;;JUAREZ;EDIE JONNES;;-9.4510479;-40.4962497;;NOVEMBRO;;;;;;;;Novembro 25;;;COMPLETO;;UB-CCOL-CJN-QD QI-M-TANCREDO NEVES 🕯️;;;;;;;;;;PRIORIDADE PLANO ANEEL;ENERGIZADA;VICTOR BARROS;0;1;1;;20/11/2025;21/11/2025;;SIM;NÃO;;Ver no Mapa;25/11/2025;25/11/2025;25/11/2025;SIM;
;;1225153;;JUAZEIRO;;CONCLUÍDA;;;;;;;;;;8.3.2.3;100%;;;;;JUAREZ;EDIE JONNES;;-9.432285;-40.4977978;;NOVEMBRO;;;;;;;;Novembro 25;;;COMPLETO;;RC-PREF-AV-JOAO DURVAL-JOAO XXIII 🚩;;;;;;;;;;;ENERGIZADA;VICTOR BARROS;1;1;1;;03/11/2025;03/11/2025;;NÃO;NÃO;;Ver no Mapa;04/11/2025;04/11/2025;04/11/2025;SIM;
;;1225908;;JUAZEIRO;;CONCLUÍDA;;;;;;;;;;7.1.2.3;100%;;;;;JUAREZ;EDIE JONNES;;-9.4881409;-40.4917585;;NOVEMBRO;;;;;;;;Novembro 25;;;COMPLETO;;ER-CIND-ET-BATATEIRA-RURAL 🕯️;;;;;;;;;;QLP;ENERGIZADA;VICTOR BARROS;1;1;;10/11/2025;10/11/2025;10/11/2025;;NÃO;NÃO;;Ver no Mapa;10/11/2025;10/11/2025;10/11/2025;SIM;
;;1206271;;CURAÇÁ;;CONCLUÍDA;;;;;;;;;;7.1.1.3;100%;;;;;FABIO;EDIE JONNES;;-8.9974759;-39.9028056;;SETEMBRO;;;;;;;;Novembro 25;;;;;UB-CIND-AV-ACM 425-CURACA 1;;;;;;;;;;;LIGAÇÃO DE CLIENTES;CARLOS EDUARDO;1;4;4;;12/09/2025;12/09/2025;;;NÃO;;Ver no Mapa;;12/092025;12/09/2025;15/09/2025;
;;1184453;;JUAZEIRO;;CONCLUÍDA;;;;;;;;;;7.1.2.3;100%;;;;;MANUTENÇÃO;ANDERSON;;-9.5304595;-39.9539396;;SETEMBRO;;;;;;;;Novembro 25;;;;INICIAR ESCAVAÇÃO 09/09;ER-CIND-POV-PINHOES-PINHOES;;;;;;;;;;;CONCLUÍDA;VICTOR BARROS;1;4;4;;20/09/2025;20/09/2025;;SIM;NÃO;;Ver no Mapa;15/09/2025;16/09/2025;16/09/2025;17/09/2025;
;;1194738;;UAUÁ;;CONCLUÍDA;;;;;;;;;;7.1.2.3;100%;;;;;JUAREZ;EDIE JONNES;;-9.7860976;-39.6467436;;SETEMBRO;;;;;;;;Novembro 25;;;;;ER-CIND-POV-CALDEIRAO DO LALAU-CALDEIRAO;;;;;;;;;;;CONCLUÍDA;CARLOS EDUARDO;1;4;4;23/09/2025;23/09/2025;23/09/2025;;NÃO;;;Ver no Mapa;23/09/2025;23/09/2025;23/09/2025;24/09/2025;
;;1209583;;SENTO SÉ;;CONCLUÍDA;;;;;;;;;;14.7.3;100%;;;;;FABIO;SANTIAGO;;-9.7523435;-41.9239541;;NOVEMBRO;;;;;;;;Novembro 25;;;COMPLETO;PLANO 7;ER-CIND-POV-ITAPERA-RURAL SENTO SE;;;;;;;;;;LPT;ENERGIZADA;SANDRO SANTOS;1;2;2;;11/11/2025;11/11/2025;18/11/2025;SIM;NÃO;;Ver no Mapa;17/11/2025;18/11/2025;18/11/2025;SIM;
;;1225040;;JUAZEIRO;;CONCLUÍDA;;;;;;;;;;8.3.2.3;100%;;;;;IVONALDO;RODRIGUES;;-9.420931;-40.505917;;NOVEMBRO;;;;;;;;Novembro 25;;;COMPLETO;;RC-PREF-TRV-DA MARAVILHA-ALAGADICO🚩 ;;;;;;;;;;;ENERGIZADA;VICTOR BARROS;1;1;1;;06/11/2025;06/11/2025;;NÃO;NÃO;;Ver no Mapa;06/11/2025;06/11/2025;06/11/2025;SIM;
;;1188220;;JUAZEIRO;;CONCLUÍDA;;;;;;;;;;7.1.1.3;100%;;;;;PEDRO LINO;EDIE JONNES;;;;;JULHO;;;;;;;;Novembro 25;;;;;AC-CIND-RUA-TITO NUNES DE S-JARDIM FLOR;;;;;;;;;;;;;0;3;3;;;;;;;;;;;;;
;;1163416;;JUAZEIRO;;CONCLUÍDA;;;;;;;;;;LPT;100%;;;;;PEDRO LINO;ANDERSON;;-9.6748125;-40.6029115;;SETEMBRO;;;;;;;;Novembro 25;;;;OURO;ER CIND POV JUNCO SALITRE RURAL;;;;;;;;;;;ENERGIZADA;SANDRO SANTOS;1;4;;;24/09/2025;25/09/2025;;SIM;NÃO;;Ver no Mapa;25/06/2025;26/09/2025;26/09/2025;26/09/2025;
;;1176249;;SOBRADINHO;;CONCLUÍDA;;;;;;;;;;7.1.2.3;100%;;;;;PEDRO LINO;ANDERSON;;-9.524956;-40.8539064;;SETEMBRO;;;;;;;;Novembro 25;;;;;ER-CIND-POV-TATAUI-RURAL-SOBRADINHO;;;;;;;;;;;CONCLUÍDA;DIEGO ALMEIDA;1;4;;22/09/2025;22/09/2025;22/09/2025;;SIM;NÃO;;Ver no Mapa;;;;;
;;1159828;;CURAÇÁ;;CONCLUÍDA;;;;;;;;;;14.7.3;100%;;;;;JUAREZ;EDIE JONNES;;-8.7202699;-39.6777811;;OUTUBRO;;;;;;;;Novembro 25;;;;;ER-CIND-FAZ-ANGICO-ARVORE;;;;;;;;;;RECLAMAÇÃO;CONCLUÍDA;CARLOS EDUARDO;1;3;3;;13/10/2025;14/10/2025;;SIM;NÃO;;Ver no Mapa;20/10/2025;27/10/2025;27/10/2025;28/10/2025;
;;B-1173795;;CASA NOVA;;CONCLUÍDA;;;;;;;;;;7.1.2.3;100%;;;;;FERNANDO;SANTIAGO;;;;;AGOSTO;;;;;;;;Novembro 25;;;;;RR CIND SI PASCACIO RURAL;;;;;;;;;;;;;;3;;18/09/2025;18/09/2025;18/09/2025;;SIM;;;;;;;;
;;1209668;;JUAZEIRO;;CONCLUÍDA;;;;;;;;;;7.1.1.3;100%;;;;;GISMARIO;EDIE JONNES;;-9.458881;-40.5430434;;OUTUBRO;;;;;;;;Novembro 25;;;;;UB-CIND-RUA-F ROD BA 210-NOVO JUAZEIRO;;;;;;;;;;;CONCLUÍDA;MARLOS LOPES ;1;3;3;08/10/2025;07/10/2025;08/10/2025;;NÃO;NÃO;;Ver no Mapa;08/10/2025;08/10/2025;08/10/2025;09/10/2025;
;;1157155;;JUAZEIRO;;CONCLUÍDA;;;;;;;;;;7.1.1.3;100%;;;;;PEDRO LINO;ANDERSON;;;;;JULHO;;;;;;;;Novembro 25;;;;;UB-CIND-ROD-LOMANTO-CARNAIBA DO SERTAO;;;;;;;;;;;;;1;3;;;;;;;;DETONAÇÃO;;;27/08/2025;27/08/2025;28/08/2025;
;;1173577;;JUAZEIRO;;CONCLUÍDA;;;;;;;;;;7.1.2.3;100%;;;;;GISMARIO;EDIE JONNES;;-9.5957529;-40.6042778;;OUTUBRO;;;;;;;;Novembro 25;;;;;ER-CIND-POV-LAGOA SALITRE-RURAL;;;;;;;;;;;CONCLUÍDA;MARLOS LOPES ;1;3;3;;09/10/2025;09/10/2025;;NÃO;NÃO;;Ver no Mapa;07/10/2025;08/10/2025;08/10/2025;13/10/2025;
;;1165158;;UAUÁ;;CONCLUÍDA;;;;;;;;;;1.2.1.1.3;100%;;;;;PEDRO LINO;ANDERSON;;-9.9754872;-39.4990407;;OUTUBRO;;;;;;;;Novembro 25;;;;;IE-RUA-DO CONSELHEIRO-RURAL;;;;;;;;;;EQUIPAMENTO;CONCLUÍDA;CARLOS EDUARDO;1;3;3;;16/10/2025;17/10/2025;;SIM;NÃO;;Ver no Mapa;27/10/2025;31/10/2025;31/10/2025;31/10/2025;
;;1187240;;CASA NOVA;;CONCLUÍDA;;;;;;;;;;14.7.2.3;100%;;;;;MANUTENÇÃO;PAULO JUNIOR;;-9.629342;-41.832579;;SETEMBRO;;;;;;;;Novembro 25;;;;OURO;ER-CINDQD Z 10-BEM BOM;;;;;;;;;;;CONCLUÍDA;DIEGO ALMEIDA;1;3;3;;12/09/2025;12/09/2025;;SIM;;;Ver no Mapa;17/09/2025;19/09/2025;19/09/2025;19/09/2025;
;;1231775;;JUAZEIRO;;CONCLUÍDA;;;;;;;;;;7.1.2.3;100%;;;;;JUAREZ;EDIE JONNES;;-9.419390375;-40.4991534;;NOVEMBRO;;;;;;;;Novembro 25;;;COMPLETO;;UB-PREF-RUA-DO JAPAO-COREIA;;;;;;;;;;URGÊNCIA;ENERGIZADA;VICTOR BARROS;1;1;1;;21/11/2025;21/11/2025;;SIM;NÃO;;Ver no Mapa;21/11/2025;21/11/2025;21/11/2025;SIM;
;;1162058;;JUAZEIRO;;AVANÇO;;;;;;;;;;7.1.2.3;75%;;;;;DOMINGOS;RODRIGUES;;-9.4555291;-40.3651228;;NOVEMBRO;;;;;;;;Novembro 25;;;COMPLETO;SOLICITAR POSTE;ER-CIND-FAZ-MASSAYO-RURAL;;;;;;;;;;;NÃO INICIADA;VICTOR BARROS;1;37;;;24/11/2025;26/12/2025;;;NÃO;;Ver no Mapa;;;;;
;;1199744;;JUAZEIRO;;CONCLUÍDA;;;;;;;;;;7.1.2.3;100%;;;;;JUAREZ;EDIE JONNES;;-9.5930566;-39.9018315;;NOVEMBRO;;;;;;;;Novembro 25;;;COMPLETO;;ER-CIND-POV-PINHOES-PINHOES ;;;;;;;;;;RECLAMAÇÃO;ENERGIZADA;VICTOR BARROS;1;0;0;;08/11/2025;15/11/2025;;NÃO;NÃO;;Ver no Mapa;08/11/2025;11/11/2025;11/11/2025;SIM;
;;1211200;;SENTO SÉ;;RETIRADA COELBA;;;;;;;;;;0;100%;;;;;;SANTIAGO;;-9.8239498;-41.7606925;;OUTUBRO;;;;;;;;Novembro 25;;;;depende de outra obra c/pendência ambiental;RR-CIND-POV-ILHA BOA SORTE-RURAL;;;;;;;;;;;NÃO INICIADA;SANDRO SANTOS;1;11;;;;;;;NÃO;;Ver no Mapa;;;;;
;;1204603;;SENTO SÉ;;RETIRADA COELBA;;;;;;;;;;7.1.2.3;100%;;;;;;EDIE JONNES;;-9.782661;-42.0519627;;OUTUBRO;;;;;;;;Novembro 25;;;COMPLETO;executada coelba;ER-CIND-FAZ-BOA ESPERAN A-RURAL;;;;;;;;;;;NÃO INICIADA;SANDRO SANTOS;1;0;;;;;;;NÃO;;Ver no Mapa;;;;;
;;1159894;;JUAZEIRO;;AVANÇO;;;;;;;;;;7.1.1.4;80%;;;;;IVONALDO;SANTIAGO;;-9.454890;-40.514309;;NOVEMBRO;;;;;;;;Novembro 25;;;PARCIAL;OURO;UB-CIND-RUA-JUAZEIRO-2;;;;;;;;;;GOVERNO;LANÇAMENTO;VICTOR BARROS;0;66;;;19/08/2025;26/12/2025;;SIM;NÃO;;Ver no Mapa;19/08/2025;;;;
;;1195929;;JUAZEIRO;;CONCLUÍDA;;;;;;;;;;7.1.2.3;100%;;;;;JUAREZ;EDIE JONNES;;-9.4881693;-39.9859078;;NOVEMBRO;;;;;;;;Novembro 25;;;COMPLETO;;ER-CIND-POV-TANQUE NOVO-RURAL 🕯️;;;;;;;;;;RECLAMAÇÃO;ENERGIZADA;VICTOR BARROS;1;0;0;;08/11/2025;15/11/2025;;SIM;NÃO;;Ver no Mapa;08/11/2025;11/11/2025;11/11/2025;SIM;
;;1204722;;SENTO SÉ;;MIGRAR;;;;;;;;;;14.7.3;100%;;;;;JUAREZ;EDIE JONNES;;-10.3146872;-41.8565518;;OUTUBRO;;;;;;;;Novembro 25;;;;TIRAR DA CARTEIRA;ER-CIND-POV-CAPIM GROSSO-RURAL;;;;;;;;;;;NÃO INICIADA;SANDRO SANTOS;1;7;;;;;;;NÃO;;Ver no Mapa;;;;;
;;1177841;;JUAZEIRO;;AVANÇO;;;;;;;;;;8.6.3;50%;;;;;;RODRIGUES;;-9.2871692;-40.3059911;;NOVEMBRO;;;;;;;;Novembro 25;;;A SOLICITAR;FRUSTOU DESLIGAMENTO;IS-COEL-AV-AGUAS BELAS-MALHADA DA AREIA;;;;;;;;;;INTERV SEGURANÇA;NÃO INICIADA;VICTOR BARROS;;;;;;;;;;;Ver no Mapa;;;;;
;;1204112;;SENTO SÉ;;MIGRAR;;;;;;;;;;7.1.2.3;100%;;;;;JUAREZ;EDIE JONNES;;-9.8443662;-41.802745;;OUTUBRO;;;;;;;;Novembro 25;;;;;ER-CIND-POV-DE CAPEADO-CAPEADO;;;;;;;;;;;ESCAVAÇÃO;SANDRO SANTOS;1;6;;31/10/2025;12/11/2025;14/11/2025;;;NÃO;;Ver no Mapa;;;;;
;;1205670;;JUAZEIRO;;CONCLUÍDA;;;;;;;;;;7.1.1.3;100%;;;;;JUAREZ;EDIE JONNES;;-9.419093;-40.4885182;;NOVEMBRO;;;;;;;;Novembro 25;;;COMPLETO;;UB-CIND-AV-ENG EDGAR-UNIVERSITARIOS 🕯️;;;;;;;;;;QLP;ENERGIZADA;VICTOR BARROS;1;0;0;11/11/2025;12/11/2025;12/11/2025;;NÃO;NÃO;;Ver no Mapa;11/11/2025;11/11/2025;11/11/2025;SIM;
;;1209583;;SENTO SÉ;;MIGRAR;;;;;;;;;;14.7.3;100%;;;;;GISMARIO;EDIE JONNES;;-9.7523435;-41.9239541;;OUTUBRO;;;;;;;;Novembro 25;;;;TIRAR DA CARTEIRA;ER-CIND-POV-ITAPERA-RURAL SENTO SE;;;;;;;;;;;NÃO INICIADA;SANDRO SANTOS;1;2;;;;;;;NÃO;;Ver no Mapa;;;;;
;;1195826;;SENTO SÉ;;MIGRAR;;;;;;;;;;7.1.2.3;100%;;;;;;EDIE JONNES;;-9.7547425;-41.8846474;;OUTUBRO;;;;;;;;Novembro 25;;;;;ER-CIND-RUA-03-CICERO BORGES;;;;;;;;;;;VISITA PRÉVIA;SANDRO SANTOS;1;4;;;06/11/2025;07/11/2025;;;NÃO;;Ver no Mapa;;;;;
;;1120283;;JUAZEIRO;;AVANÇO;;;;;;;;;;8.3.2.3;50%;;;;;GISMARIO;SANTIAGO;;-9.4250931;-40.5049497;;NOVEMBRO;;;;;;;;Novembro 25;;;PARCIAL;;RC-CIND-AV-DR ADOLFO VIANA-CENTRO;;;;;;;;;;GOVERNO;IMPLANTAÇÃO;CARLOS EDUARDO;;45;;;04/11/2025;30/12/2025;;SIM;NÃO;;Ver no Mapa;;;;;
;;1222499;;JUAZEIRO;;CONCLUÍDA;;;;;;;;;;7.1.2.3;100%;;;;;;EDIE JONNES;;-9.5161659;-40.6538312;;NOVEMBRO;;;;;;;;Novembro 25;;;COMPLETO;;AC-CIND-POV-SABIA 10-RURAL🕯️;;;;;;;;;;QLP;ENERGIZADA;VICTOR BARROS;0;0;0;;22/11/2025;22/11/2025;;NÃO;NÃO;;Ver no Mapa;22/11/2025;22/11/2025;22/11/2025;SIM;
;;1200943;;CURAÇÁ;;CONCLUÍDA;;;;;;;;;;7.1.2.3;100%;;;;;FABIO;EDIE JONNES;;-9.043645;-39.9484788;;SETEMBRO;;;;;;;;Novembro 25;;;;OURO;AC-CIND-FAZ-JURITI I-RURAL CURACA;;;;;;;;;;;CONCLUÍDA;CARLOS EDUARDO;1;3;3;11/09/2025;11/09/2025;11/09/2025;26/09/2025;NÃO;NÃO;;Ver no Mapa;25/09/2025;25/09/2025;25/09/2025;26/09/2025;
;;1176366;;CAMPO ALEGRE DE LOURDES;;RETIRADA COELBA;;;;;;;;;;PLANO 7;100%;;;;;MANUTENÇÃO;ANDERSON;;;;;JULHO;;;;;;;;Novembro 25;;;;CLIENTE JA ATEDINDO;RU-CIND-RUA-DAS PALMEIRAS-CENTRO;;;;;;;;;;;;;1;3;2;;13/08/2025;27/08/2025;;;;;;;;;;
;;1209550;;JUAZEIRO;;CONCLUÍDA;;;;;;;;;;8.2.1.3;100%;;;;;JUAREZ;EDIE JONNES;;-9.4622266;-40.4784266;;OUTUBRO;;;;;;;;Novembro 25;;;;OURO;ME-COEL-ET-AGUAS BELAS-MALHADA AREIA;;;;;;;;;;;CONCLUÍDA;VICTOR BARROS;1;9;2;25/10/2025;24/10/2025;25/10/2025;;;NÃO;;Ver no Mapa;24/10/2025;25/10/2025;25/10/2025;27/10/2025;
;;1202754;;JUAZEIRO;;CONCLUÍDA;;;;;;;;;;7.1.1.3;100%;;;;;JUAREZ;EDIE JONNES;;-9.4402388;-40.5119868;;NOVEMBRO;;;;;;;;Novembro 25;;;COMPLETO;;AC-CIND-RUA-CRISTALINA-MALHADA  🕯️;;;;;;;;;;RECLAMAÇÃO;ENERGIZADA;VICTOR BARROS;0;0;0;;12/11/2025;12/11/2025;;NÃO;NÃO;;Ver no Mapa;12/11/2025;12/11/2025;12/11/2025;SIM;
;;1205827;;JUAZEIRO;;CONCLUÍDA;;;;;;;;;;7.1.2.3;100%;;;;;JUAREZ;EDIE JONNES;;-9.4656173;-40.4817206;;NOVEMBRO;;;;;;;;Novembro 25;;;COMPLETO;;IT-CIND-ROD-BR 407-DISTRITO INDUSTRIAL 🕯️;;;;;;;;;;REPUTACIONAL;ENERGIZADA;VICTOR BARROS;0;0;0;;21/11/2025;21/11/2025;;SIM;NÃO;;Ver no Mapa;21/11/2025;21/11/2025;21/11/2025;SIM;
;;1198348;;SENTO SÉ;;MIGRAR;;;;;;;;;;7.1.2.3;100%;;;;;;EDIE JONNES;;-9.7547425;-41.8846474;;OUTUBRO;;;;;;;;Novembro 25;;;;;ER-CIND-RUA-03-RURAL;;;;;;;;;;;NÃO INICIADA;SANDRO SANTOS;1;4;;;08/11/2025;10/11/2025;;;NÃO;;Ver no Mapa;;;;;
;;1186775;;SENTO SÉ;;MIGRAR;;;;;;;;;;7.1.2.3;100%;;;;;GISMARIO;EDIE JONNES;;-9.9179862;-42.0964309;;OUTUBRO;;;;;;;;Novembro 25;;;;;ER-CIND-RUA-DAS FLORES-RETIRO DE BAIXO;;;;;;;;;;;ESCAVAÇÃO;SANDRO SANTOS;1;2;;;18/11/2025;19/11/2025;;;NÃO;;Ver no Mapa;;;;;
;;1171363;;SENTO SÉ;;MIGRAR;;;;;;;;;;0;100%;;;;;;EDIE JONNES;;-9.7891719;-41.9595363;;OUTUBRO;;;;;;;;Novembro 25;;;;;ER-CIND-SI-S O GERALDO-RURAL;;;;;;;;;;;NÃO INICIADA;SANDRO SANTOS;1;3;;;17/11/2025;18/11/2025;;;NÃO;;Ver no Mapa;;;;;
;;1221999;;SENTO SÉ;;MIGRAR;;;;;;;;;;;100%;;;;;;EDIE JONNES;;-9.470451;-40.498518;;OUTUBRO;;;;;;;;Novembro 25;;;;;IT-GRUA-POV-ITAPERA 1888-RURAL;;;;;;;;;;;NÃO INICIADA;SANDRO SANTOS;1;3;;;11/11/2025;11/11/2025;;;NÃO;;Ver no Mapa;;;;;
;;1116565;;SENTO SÉ;;MIGRAR;;;;;;;;;;7.1.2.3;100%;;;;;FABIO;SANTIAGO;;-10.1037102;-42.1469957;;OUTUBRO;;;;;;;;Novembro 25;;;;;MP-CIND-POV-MALVINAS 1000-RURAL-MOD;;;;;;;;;;;ESCAVAÇÃO;SANDRO SANTOS;1;23;;;21/10/2025;25/10/2025;;;NÃO;;Ver no Mapa;;;;;
;;1172245;;SENTO SÉ;;MIGRAR;;;;;;;;;;14.7.3;100%;;;;;FABIO;SANTIAGO;;-10.1193568;-41.6873124;;OUTUBRO;;;;;;;;Novembro 25;;;;;RR - CIND - POV LAGOA DO MARY - RURAL;;;;;;;;;;;ESCAVAÇÃO;SANDRO SANTOS;2;17;;;27/10/2025;27/10/2025;;;NÃO;;Ver no Mapa;;;;;
;;1172127;;SENTO SÉ;;MIGRAR;;;;;;;;;;7.1.1.3;100%;;;;;JUAREZ;EDIE JONNES;;-9.8360102;-41.7652151;;OUTUBRO;;;;;;;;Novembro 25;;;;;UB CIND RUA DO CASCALHO - CENTRO;;;;;;;;;;;LOCADA;SANDRO SANTOS;1;1;;30/10/2025;10/11/2025;10/11/2025;;;NÃO;;Ver no Mapa;;;;;
;;1195222;;SOBRADINHO;;CONCLUÍDA;;;;;;;;;;7.1.1.3;100%;;;;;PEDRO LINO;ANDERSON;;-9.4702329;-40.7949487;;SETEMBRO;;;;;;;;Novembro 25;;;;;UB-CIND-RUA-02 QSA S 19-VILA S O JOAQUIM;;;;;;;;;;;CONCLUÍDA;DIEGO ALMEIDA;1;3;;11/09/2025;11/09/2025;12/09/2025;;SIM;NÃO;;Ver no Mapa;17/09/2025;18/09/2025;18/09/2025;;
;;994094;;PILÃO ARCADO;;AVANÇO;;;;;;;;;;14.7.3;50%;;;;;JACSON;SANTIAGO;;-9.9189224;-42.7500441;;NOVEMBRO;;;;;;;;Novembro 25;;;COMPLETO;CARRETA DE POSTE DESCARREGADA;MP-CIND-POV LAGOA DO BENEDITO- LAGOA;;;;;;;;;;REPUTACIONAL;NÃO INICIADA;;19;81;;;;;;;NÃO;;Ver no Mapa;;;;;
;;1201007;;PILÃO ARCADO;;CONCLUÍDA;;;;;;;;;;7.1.1.3;100%;;;;;FERNANDO;PAULO JUNIOR;;-10.0009;-42.4794;;NOVEMBRO;;;;;;;;Novembro 25;;;COMPLETO;2 EQUIPE PARA ESSE DESLIGAMENTO;AC-CIND-RUA-S 1-CENTRO-PILAO ARCADO;;;;;;;;;;PRIORIDADE PLANO ANEEL;ENERGIZADA;MARLOS LOPES ;;2;2;;13/11/2025;27/11/2025;;NÃO;NÃO;;Ver no Mapa;13/11/2025;27/11/2025;27/11/2025;SIM;
;;1209983;;SOBRADINHO;;CONCLUÍDA;;;;;;;;;;7.1.1.3;100%;;;;;PEDRO LINO;ANDERSON;;-9.4673387;-40.7933262;;SETEMBRO;;;;;;;;Novembro 25;;;;;AC-CIND-RUA-05 QDA N 22-VILA SAO JOAQUIM;;;;;;;;;;;CONCLUÍDA;DIEGO ALMEIDA;1;3;;16/09/2025;15/09/2025;16/09/2025;;SIM;NÃO;;Ver no Mapa;16/09/2025;18/09/2025;18/09/2025;18/09/2025;
;;1185166;;SOBRADINHO;;CONCLUÍDA;;;;;;;;;;7.1.2.3;100%;;;;;PEDRO LINO;ANDERSON;;-9.4627287;-40.8772378;;SETEMBRO;;;;;;;;Novembro 25;;;;;AC-CIND-FAZ-SÃO JOAQUIM-RURAL;;;;;;;;;;;CONCLUÍDA;DIEGO ALMEIDA;1;3;;20/09/2025;19/09/2025;20/09/2025;;NÃO;NÃO;;Ver no Mapa;20/09/2025;30/9/2025;30/09/2025;01/10/2025;
;;1229394;;CURAÇÁ;;A PROGRAMAR;;;;;;;;;;7.1.2.3;100%;;;;;;;;-8.710615;-39.439593;;DEZEMBRO;;;;;;;;Novembro 25;;;A SOLICITAR;;ER-CIND-POV-PEDRA BRANCA-RURAL;;;;;;;;;;QLP;NÃO INICIADA;CARLOS EDUARDO;17;4;;;16/12/2025;16/12/2025;;;NÃO;;Ver no Mapa;;;;;
;;1113834;;PILÃO ARCADO;;AVANÇO;;;;;;;;;;7.1.2.3;100%;;;;;AILTON;PAULO JUNIOR;;-9.9331343;-42.9012232;;NOVEMBRO;;;;;;;;Novembro 25;;;PARCIAL;;AC-CIND ESCOLA MUN.DE BREJINHO-RURAL;;;;;;;;;;QLP;LANÇAMENTO;MARLOS LOPES ;65;416;;;;30/10/2025;;SIM;NÃO;;Ver no Mapa;;;;;
;;1157820;;CAMPO ALEGRE DE LOURDES;;CONCLUÍDA;;;;;;;;;;7.1.1.3;100%;;;;;MANUTENÇÃO;ANDERSON;;;;;AGOSTO;;;;;;;;Novembro 25;;;ANALISADO;;UB-CIND-RUA-21 DE ABRIL-CAMPO ALEGRE;;;;;;;;;;;;;;2;;;27/08/2025;27/08/2025;;NÃO;;;;27/08/2025;27/08/2025;27/08/2025;28/08/2025;
;;1146807;;SOBRADINHO;;MIGRAR;;;;;;;;;;8.4.1.1;100%;;;;;PEDRO LINO;ANDERSON;;-9.5366625;-40.9057719;;OUTUBRO;;;;;;;;Novembro 25;;;;;NT-RECOND-SBO-01S4-D134830-Q023936;;;;;;;;;;EQUIPAMENTO;EQUIPAMENTO;DIEGO ALMEIDA;1;2;;;29/10/2025;30/10/2025;29/10 Á 30/10;SIM;NÃO;;Ver no Mapa;;;;;
;;1190765;;CAMPO ALEGRE DE LOURDES;;CONCLUÍDA;;;;;;;;;;14.4.12.1;100%;;;;;MANUTENÇÃO;ANDERSON;;;;;AGOSTO;;;;;;;;Novembro 25;;;;;ER-CIND-SI-MARTINS DO CORDEIRO-V DE CIMA;;;;;;;;;;;;;;2;2;;18/08/2025;29/08/2025;;NÃO;;;;;;14/08/2025;14/08/2025;
;;X-1190660;;CURAÇÁ;;CONCLUÍDA;;;;;;;;;;7.1.2.3;100%;;;;;JUAREZ;EDIE JONNES;;;;;AGOSTO;;;;;;;;Novembro 25;;;;;AC-CIND-FAZ-JACARE-RURAL;;;;;;;;;;;;;;2;2;;29/08/2025;30/08/2025;;;;;;23/08/2025;23/08/2025;23/08/2025;25/08/2025;
;;X-1174527;;CURAÇÁ;;CONCLUÍDA;;;;;;;;;;7.1.2.3;100%;;;;;PAULO;EDIE JONNES;;;;;AGOSTO;;;;;;;;Novembro 25;;;;;ER-CIND-FAZ-OITEIRO 5-RURAL;;;;;;;;;;;;;;2;2;;27/08/2025;30/08/2025;;;;;;25/08/2025;26/08/2025;26/08/2025;26/08/2025;
;;B-1136743;;JUAZEIRO;;CONCLUÍDA;;;;;;;;;;7.1.2.3;100%;;;;;FERNANDO;SANTIAGO;;;;;AGOSTO;;;;;;;;Novembro 25;;;;;EQ-CIND-POV-CURAÇA PEQUENO-RURAL;;;;;;;;;;;;;;2;2;;;;;;;;;;;;;
;;X-1180213;;JUAZEIRO;;CONCLUÍDA;;;;;;;;;;7.1.1.3;100%;;;;;PEDRO LINO;ANDERSON;;;;;AGOSTO;;;;;;;;Novembro 25;;;;;ER-CIND-FAZ SAO JOAO 3-RURAL;;;;;;;;;;;;;;2;2;;08/08/2025;09/08/2025;;;;;;08/08/2025;09/08/2025;09/08/2025;11/08/2025;
;;X-1187854;;REMANSO;;CONCLUÍDA;;;;;;;;;;7.1.1.3;100%;;;;;MANUTENÇÃO;ANDERSON;;;;;AGOSTO;;;;;;;;Novembro 25;;;;;AC-CIND-POV CURRAL RAMOS-CURRAL RAMOS;;;;;;;;;;;;;;2;;;;;;NÃO;;;;23/08/2025;30/08/2025;;;
;;1219676;;JUAZEIRO;;CONCLUÍDA;;;;;;;;;;7.1.2.3;100%;;;;;MICHEL;MICHEL;;-9.498318;-40.635963;;AGOSTO;;;;;;;;Novembro 25;;;;OURO;ER-CIND-POV-SABIA II-RURAL;;;;;;;;;;;;VICTOR BARROS;1;2;2;;01/09/2025;01/09/2025;;;;;Ver no Mapa;;;;;
;;1127877;;JUAZEIRO;;CONCLUÍDA;;;;;;;;;;7.1.2.3;100%;;;;;JUAREZ;EDIE JONNES;;-9.1338841;-39.9841666;;OUTUBRO;;;;;;;;Novembro 25;;;;;ER-CIND-POV-CURACA-RURAL;;;;;;;;;;;CONCLUÍDA;MARLOS LOPES ;1;2;2;;27/10/2025;27/10/2025;27/10/2025;SIM;NÃO;;Ver no Mapa;14/10/2025;18/10/2025;20/10/0205;20/10/2025;
;;1212958;;JUAZEIRO;;CONCLUÍDA;;;;;;;;;;7.1.2.3;100%;;;;;JUAREZ;EDIE JONNES;;-9.1813549;-40.0585027;;OUTUBRO;;;;;;;;Novembro 25;;;;;AC-CIND-POV-PROJETO CURACA-RURAL;;;;;;;;;;;CONCLUÍDA;MARLOS LOPES ;1;2;2;27/10/2025;27/10/2025;27/10/2025;;;NÃO;;Ver no Mapa;27/10/2025;27/10/2025;27/10/2025;28/10/2025;
;;1209467;;JUAZEIRO;;CONCLUÍDA;;;;;;;;;;;100%;;;;;JUAREZ;EDIE JONNES;;;;;OUTUBRO;;;;;;;;Novembro 25;;;;;UB-CCOL-RUA-MERCADO PRODUTOR-T  NEVES;;;;;;;;;;;CONCLUÍDA;VICTOR BARROS;1;2;2;;29/10/2025;29/10/2025;;SIM;NÃO;;Ver no Mapa;29/10/2025;29/10/2025;29/10/2025;30/10/2025;
;;1058100;;REMANSO;;CONCLUÍDA;;;;;;;;;;7.1.2.3;100%;;;;;RUBEM;RUBEM;;-9.39231;-42.193;;NOVEMBRO;;;;;;;;Novembro 25;;;COMPLETO;;AC-CIND-POV-PONTA DA SERRA-RURAL;;;;;;;;;;PRIORIDADE PLANO ANEEL;ENERGIZADA;MARLOS LOPES ;59;380;427;;03/11/2025;07/11/2025;;;NÃO;;Ver no Mapa;;;;;
;;1145935;;REMANSO;;CONCLUÍDA;;;;;;;;;;14.7.2;100%;;;;;JORGE;JORGE;;-9.4735;-42.2502;;NOVEMBRO;;;;;;;;Novembro 25;;;COMPLETO;;AC CIND FAZ NOVA TABUA (REGUL. FV) RURAL;;;;;;;;;;QLP;ENERGIZADA;MARLOS LOPES ;15;62;47;;;20/11/2025;;NÃO;NÃO;;Ver no Mapa;22/10/2025;03/11/2025;03/11/2025;SIM;
;;1195623;;JUAZEIRO;;CONCLUÍDA;;;;;;;;;;7.1.2.3;100%;;;;;GISMARIO;EDIE JONNES;;-9.1132413;-40.1270647;;OUTUBRO;;;;;;;;Novembro 25;;;CONCLUIDO;GISMARIO E JUAREZ/ ADC;RR-CIND-POV-ARUEIRA-RURAL;;;;;;;;;;;CONCLUÍDA;MARLOS LOPES ;1;2;2;15/10 E 31/10;15/10/2025;30/10/2025;;;NÃO;;Ver no Mapa;15/10/2025;30/10/2025;30/10/2025;31/10/2025;
;;1173964;;REMANSO;;CONCLUÍDA;;;;;;;;;;14.4.12.1;100%;;;;;JORGE;JORGE;;-9.41902;-41.9204;;NOVEMBRO;;;;;;;;Novembro 25;;;COMPLETO;OURO;RR-CIND-POV-SALINA GRANDE-RURAL;;;;;;;;;;JUDICIAL;ENERGIZADA;MARLOS LOPES ;36;227;234;;;20/11/2025;;;NÃO;;Ver no Mapa;17/07/2025;25/11/2025;25/11/2025;SIM;
;;1228694;;REMANSO;;AVANÇO;;;;;;;;;;;100%;;;;;MANUTENÇÃO;ANDERSON;;-9.6277730;-42.081040;;NOVEMBRO;;;;;;;;Novembro 25;;;PARCIAL;;REDE PEDAGOGICA REMANSO (COELBA);;;;;;;;;;COELBA;ESCAVAÇÃO;MARLOS LOPES ;;;;;10/11/2025;21/11/2025;;NÃO;SIM;;Ver no Mapa;;;;;
;;1210327;;UAUÁ;;AVANÇO;;;;;;;;;;7.1.2.3;100%;;;;;;SANTIAGO;;-9.9312168;-39.3249672;;OUTUBRO;;;;;;;;Novembro 25;;;;;ER-CIND-POV-CAITITUS-CAITITUS;;;;;;;;;;;ESCAVAÇÃO;CARLOS EDUARDO;1;20;;;28/10/2025;;;;SIM;;Ver no Mapa;;;;;
;;1218769;;REMANSO;;CONCLUÍDA;;;;;;;;;;8.2.2.3;100%;;;;;PEDRO LINO;ANDERSON;;-9.482037;-43.396138;;NOVEMBRO;;;;;;;;Novembro 25;;;VIA E-MAIL;;ME-COEL-POV-AZULAO-ALTO DA BELA VISTA;;;;;;;;;;EQUIPAMENTO;ENERGIZADA;MARLOS LOPES ;0;6;6;;10/11/2025;15/11/2025;;SIM;NÃO;;Ver no Mapa;17/11/2025;28/11/2025;29/11/2025;SIM;
;;1211868;;SOBRADINHO;;CONCLUÍDA;;;;;;;;;;7.1.2.3;100%;;;;;JUAREZ;EDIE JONNES;;-9.7731554;-40.9472304;;OUTUBRO;;;;;;;;Novembro 25;;;;;ER-CIND-POV-SALGADINHA-SALGADINHA;;;;;;;;;;;CONCLUÍDA;DIEGO ALMEIDA;1;2;2;;21/10/2025;21/10/2025;;NÃO;SIM;;Ver no Mapa;21/10/2025;21/10/2025;21/10/2025;22/10/2025;
;;1128536;;CASA NOVA;;EM EXECUÇÃO;;;;;;;;;;14.4.12.1;70%;;;;;FERNANDO;PAULO JUNIOR;;-9.6263923;-41.838502;;SETEMBRO;;;;;;;;Novembro 25;;;;OURO;MP-CCOL-POV-XIQUE XIQUE-RURAL;;;;;;;;;;;IMPLANTAÇÃO;DIEGO ALMEIDA;;166;;;07/08/2025;31/10/2025;;;SIM;;Ver no Mapa;;;;;
;;1173811;;UAUÁ;;CONCLUÍDA;;;;;;;;;;7.1.2.3;100%;;;;;JUAREZ;EDIE JONNES;;-9.810783;-39.600581;;OUTUBRO;;;;;;;;Novembro 25;;;;GISMARIO / JUAREZ;ER-CIND-FAZ-LAPAO-RURAL;;;;;;;;;;;CONCLUÍDA;CARLOS EDUARDO;1;2;2;;22/10/2025;22/10/2025;;SIM;SIM;;Ver no Mapa;22/10/2025;22/10/2025;22/10/2025;24/10/2025;
;;1195081;;REMANSO;;MIGRAR;;;;;;;;;;7.1.2.3;100%;;;;;PEDRO LINO;ANDERSON;;-9.6019523;-42.0840707;;NOVEMBRO;;;;;;;;Novembro 25;;;PARCIAL;;EQ COEL ROD BR 324 RURAL;;;;;;;;;;EQUIPAMENTO;EQUIPAMENTO;MARLOS LOPES ;1;2;;;26/11/2025;27/11/2025;;SIM;NÃO;;Ver no Mapa;;;;;
;;1063289;;CURAÇÁ;;CONCLUÍDA;;;;;;;;;;7.1.1.3;100%;;;;;JUAREZ;IVONALDO;;-9.1907879;-40.0569772;;DEZEMBRO;;;;;;;;Novembro 25;;;COMPLETO;;AC-CIND-FAZ-S O JOSE-RURAL 📸;;;;;;;;;;QLP;CONCLUÍDA;CARLOS EDUARDO;0;3;;;17/12/2025;17/12/2025;;;NÃO;;Ver no Mapa;15/12/2025;15/12/2025;15/12/2025;SIM;
;;1225272;;CURAÇÁ;;CANCELADA;;;;;;;;;;7.1.1.3;100%;;;;;;ANDERSON;;-9.133531;-39.9830129;;DEZEMBRO;;;;;;;;Novembro 25;;;A SOLICITAR;VOLTA PARA ;UB-CIND-RUA-06-LOTEAMENTO VILA DA PAZ;;;;;;;;;;QLP;NÃO INICIADA;;1;6;;;22/12/2025;30/12/2025;;;NÃO;;Ver no Mapa;;;;;
;;1232883;;CURAÇÁ;;CONCLUÍDA;;;;;;;;;;7.1.1.3;100%;;;;;;MICHEL;;-8.9968976;-39.8994757;;DEZEMBRO;;;;;;;;Novembro 25;;;A SOLICITAR;;UB-CIND-LOT-SALVADOR PEREIRA LIMA-SALVAD;;;;;;;;;;OBRAS ÁGEIS;CONCLUÍDA;;3;1;;;15/12/2025;16/12/2025;;;NÃO;;Ver no Mapa;;;;;
;;1190903;;JUAZEIRO;;RETIRADA COELBA;;;;;;;;;;16.1.1.3;100%;;;;;ITALO LV;ANDERSON;;-9.4267093;-40.5194965;;DEZEMBRO;;;;;;;;Novembro 25;;;A SOLICITAR;EDVALDO MANDOU VIA WHATS;IE- BC CAPACITOR-JZB-01Y5-Q007896;;;;;;;;;;PERDAS TÉCNICAS;NÃO INICIADA;VICTOR BARROS;0;0;;;02/12/2025;02/12/2025;;SIM;NÃO;;Ver no Mapa;;;;;
;;1107206;;JUAZEIRO;;CONCLUÍDA;;;;;;;;;;7.1.1.3;100%;;;;;PEDRO LINO;ANDERSON;;-9.1174707;-40.0885124;;DEZEMBRO;;;;;;;;Novembro 25;;;COMPLETO;;AC-CIND-CJN-PROJETO-CURACA 📸;;;;;;;;;;QLP;CONCLUÍDA;CARLOS EDUARDO;1;0;0;;04/12/2025;04/12/2025;;;NÃO;;Ver no Mapa;04/12/2025;04/12/2025;04/12/2025;SIM;
;;1214081;;JUAZEIRO;;CONCLUÍDA;;;;;;;;;;7.1.1.3;100%;;;;;JUAREZ;IVONALDO;;-9.4221055;-40.5236038;;DEZEMBRO;;;;;;;;Novembro 25;;;COMPLETO;não finalizada no prazo por falta de material;UB-CIND-RUA-3-PALMARES;;;;;;;;;;PRIORIDADE PLANO ANEEL;CONCLUÍDA;VICTOR BARROS;1;3;;04/12/2025;04/12/2025;04/12/2025;;;NÃO;;Ver no Mapa;04/12/2025;20/12/2025;20/12/2025;SIM;
;;1225098;;REMANSO;;AVANÇO;;;;;;;;;;8.2.2.3;50%;;;;;PEDRO LINO;ANDERSON;;-9.514847;-43.309865;;NOVEMBRO;;;;;;;;Novembro 25;;;VIA E-MAIL;;ME-COEL-REATOR PG B707030-RMN-09X3;;;;;;;;;;EQUIPAMENTO;EQUIPAMENTO;MARLOS LOPES ;0;6;;;17/11/2025;21/11/2025;;SIM;NÃO;;Ver no Mapa;;;;;
;;1192417;;JUAZEIRO;;RETIRADA COELBA;;;;;;;;;;16.1.1.3;100%;;;;;PEDRO LINO;ANDERSON;;-9.4267444;-40.5249697;;DEZEMBRO;;;;;;;;Novembro 25;;;A SOLICITAR;EDVALDO MANDOU VIA WHATS;IE- BC CAPACITOR-JZB-01Y5-Q008714;;;;;;;;;;PERDAS TÉCNICAS;NÃO INICIADA;VICTOR BARROS;0;1;;;03/12/2025;04/12/2025;;SIM;NÃO;;Ver no Mapa;;;;;
;;1145786;;CASA NOVA;;EM EXECUÇÃO;;;;;;;;;;7.1.2.3;20%;;;;;FERNANDO;PAULO JUNIOR;;-9.1657286;-41.3927492;;SETEMBRO;;;;;;;;Novembro 25;;;;OURO;AC CIND POV XIQUE XIQUE RURAl;;;;;;;;;;;NÃO INICIADA;DIEGO ALMEIDA;18;29;;;22/09/2025;30/09/2025;;;;;Ver no Mapa;;;;;
;;1141807;;CASA NOVA;;CONCLUÍDA;;;;;;;;;;7.1.2.3;100%;;;;;FERNANDO;SANTIAGO;;-9.318951;-41.123503;;SETEMBRO;;;;;;;;Novembro 25;;;; 3 EQUIPES ADC;ER-CIND-POV-ENTRONCAMENTO-RECREIO;;;;;;;;;;;CONCLUÍDA;SANDRO SANTOS;;2;2;10/09/2025;10/09/2025;26/09/2025;;NÃO;SIM;;Ver no Mapa;10/09/2025;29/09/2025;;;
;;1146131;;CASA NOVA;;EM EXECUÇÃO;;;;;;;;;;7.1.2.3;25%;;;;;FERNANDO;PAULO JUNIOR;;-9.335318;-41.8057884;;SETEMBRO;;;;;;;;Novembro 25;;;;OURO;AC-REGFV-CCOL-POV DESTERRO-CAI ARA-III;;;;;;;;;;;IMPLANTAÇÃO;DIEGO ALMEIDA;141;394;;;;;;;;;Ver no Mapa;;;;;
;;763601;;CASA NOVA;;EM EXECUÇÃO;;;;;;;;;;14.7.2.3;10%;;;;;FERNANDO;PAULO JUNIOR;;-9.1112573;-41.3759639;;SETEMBRO;;;;;;;;Novembro 25;;;;OURO;MP-CCOL-POV CANOINHA-RURAL;;;;;;;;;;;NÃO INICIADA;DIEGO ALMEIDA;25;541;;;;;;;;;Ver no Mapa;;;;;
;;1206677;;JUAZEIRO;;CONCLUÍDA;;;;;;;;;;7.1.2.3;100%;;;;;GISMARIO;EDIE JONNES;;-9.5913002;-39.8762128;;SETEMBRO;;;;;;;;Novembro 25;;;;INICIAR ESCAVAÇÃO 09/09;RR CIND FZ MACHADO PINHOES;;;;;;;;;;;CONCLUÍDA;VICTOR BARROS;1;2;;;16/09/2025;16/09/2025;;SIM;NÃO;;Ver no Mapa;23/09/2025;23/09/2025;23/09/2025;23/09/2025;
;;1182387;;SOBRADINHO;;CONCLUÍDA;;;;;;;;;;7.1.2.3;100%;;;;;PEDRO LINO;ANDERSON;;-9.525592;-40.7644843;;SETEMBRO;;;;;;;;Novembro 25;;;;;ER-CIND-FAZ-TOGUEMBURGO-SANTANA RURAL;;;;;;;;;;;CONCLUÍDA;DIEGO ALMEIDA;1;2;2;06/03/2025;06/09/2025;06/09/2025;;NÃO;NÃO;;Ver no Mapa;06/09/2025;11/09/2025;11/09/2025;12/09/2025;
;;1212274;;SOBRADINHO;;CONCLUÍDA;;;;;;;;;;14.7.2.3;100%;;;;;PEDRO LINO;ANDERSON;;-9.5719662;-40.7752113;;SETEMBRO;;;;;;;;Novembro 25;;;;;ER-CIND-POV-LAGOA GRANDE 9999-RURAL;;;;;;;;;;;CONCLUÍDA;DIEGO ALMEIDA;;2;2;06/09/2025;06/09/2025;06/09/2025;;SIM;NÃO;;Ver no Mapa;06/09/2025;11/09/2025;12/09/2025;12/09/2025;
;;1206973;;CURAÇÁ;;MIGRAR;;;;;;;;;;7.1.2.3;100%;;;;;FABIO;EDIE JONNES;;-9.055737;-39.9652039;;SETEMBRO;;;;;;;;Novembro 25;;;;OURO MUDANÇA DE LOCALIDADE;RR-GRUA-FAZ-JURITI-RURAL-CURACA;;;;;;;;;;;EQUIPAMENTO;CARLOS EDUARDO;1;4;;;03/09/2025;05/09/2025;26/09/2025;SIM;;;Ver no Mapa;;;;;
;;1215350;;UAUÁ;;CONCLUÍDA;;;;;;;;;;7.1.1.3;100%;;;;;JUAREZ;EDIE JONNES;;-10.0114557;-39.4956916;;SETEMBRO;;;;;;;;Novembro 25;;;;;AC-GOVE-RUA-7 DE SETEMBRO-CENTRO;;;;;;;;;;;CONCLUÍDA;CARLOS EDUARDO;1;2;2;16/09/2025;16/09/2025;16/09/2025;;SIM;NÃO;;Ver no Mapa;16/09/2025;16/09/2025;16/09/2025;16/09/2025;
;;1227157;;JUAZEIRO;;CONCLUÍDA;;;;;;;;;;7.1.1.3;100%;;;;;JUAREZ;IVONALDO;;-9.450665;-40.521059;;DEZEMBRO;;;;;;;;Novembro 25;;;COMPLETO;;UB-CIND-ROD-JUAZEIRO SOBRADIN 11-A-D J R;;;;;;;;;;INSTITUCIONAL;CONCLUÍDA;VICTOR BARROS;1;6;7;;02/12/2025;05/12/2025;;SIM;NÃO;;Ver no Mapa;02/12/2025;02/12/2025;02/12/2025;SIM;
;;1177271;;CURAÇÁ;;MIGRAR;;;;;;;;;;7.1.1.3;100%;;;;;FABIO;EDIE JONNES;;-9.0731065;-39.9175208;;SETEMBRO;;;;;;;;Novembro 25;;;;OURO;RR-GRUA-POV-CURACA EB 06 KM085-RURAL;;;;;;;;;;;NÃO INICIADA;CARLOS EDUARDO;1;6;;;24/09/2025;26/09/2025;26/09/2025;SIM;;;Ver no Mapa;;;;;
;;1095451;;JUAZEIRO;;CONCLUÍDA;;;;;;;;;;7.1.2.3;100%;;;;;JUAREZ;IVONALDO;;-9.549811;-40.6425938;;DEZEMBRO;;;;;;;;Novembro 25;;;COMPLETO;ADC DUAS TURMAS ;AC-CIND-POV HORTO DO SALITRE-RURAL 📸;;;;;;;;;;QLP;CONCLUÍDA;VICTOR BARROS;1;3;2;08/12/2025;08/12/2025;09/12/2025;;SIM;NÃO;;Ver no Mapa;08/12/2025;08/12/2025;08/12/2025;SIM;
;;1198350;;CURAÇÁ;;AVANÇO;;;;;;;;;;7.1.2.3;25%;;;;;TURMA NOVA;EDIE JONNES;;-8.6656868;-39.4263194;;SETEMBRO;;;;;;;;Novembro 25;;;;;ER-CCOL-RUA-04 AGROVILA-PEDRA BRANCA;;;;;;;;;;;NÃO INICIADA;CARLOS EDUARDO;;18;;;15/08/2025;31/10/2025;;;;;Ver no Mapa;;;;;
;;1204135;;REMANSO;;CONCLUÍDA;;;;;;;;;;7.1.1.3;100%;;;;;MANUTENÇÃO;ANDERSON;;-9.61832;-42.0875;;NOVEMBRO;;;;;;;;Novembro 25;;;COMPLETO;;UB-CIND-RUA-DOS COQUEIROS-QUADRA 14 🕯️;;;;;;;;;;QLP;ENERGIZADA;MARLOS LOPES ;1;2;2;19/11/2025;19/11/2025;20/11/2025;;NÃO;NÃO;;Ver no Mapa;19/11/2025;19/11/2025;19/11/2025;SIM;
;;1172120;;CURAÇÁ;;RETIRADA PROGRAMAÇÃO;;;;;;;;;;7.1.2.3;100%;;;;;;;;-9.4842407;-39.705201;;SETEMBRO;;;;;;;;Novembro 25;;;;DEPENDE DA OBRA X-1156700;RR-CCOL-FAZ-SANTO ANTONIO-RURAL;;;;;;;;;;;NÃO INICIADA;CARLOS EDUARDO;3;23;;;;;;;;;Ver no Mapa;;;;;
;;B-1178531;;CASA NOVA;;CONCLUÍDA;;;;;;;;;;7.1.1.3;100%;;;;;MANUTENÇÃO;PAULO JUNIOR;;;;;AGOSTO;;;;;;;;Novembro 25;;;;;UB-CIND-RUA-DA AREIA-PAU A PIQUE;;;;;;;;;;;;;;1;;;29/08/2025;29/08/2025;;NÃO;;;;;;;;
;;B-1177525;;PILÃO ARCADO;;CONCLUÍDA;;;;;;;;;;7.1.2.3;100%;;;;;RUBEM;RUBEM;;;;;AGOSTO;;;;;;;;Novembro 25;;;;;AC-CIND-RUA- XIQUE XIQUE-CENTRO;;;;;;;;;;;;;;1;;22/08/2025;;;;NÃO;;;;28/08/2025;28/08/2025;28/08/2025;29/08/2025;
;;B-1192026;;CAMPO ALEGRE DE LOURDES;;CONCLUÍDA;;;;;;;;;;7.1.1.3;100%;;;;;MANUTENÇÃO;ANDERSON;;;;;AGOSTO;;;;;;;;Novembro 25;;;A SOLICITAR;;UB-CIND-TRV-ALVORADA 10-CENTRO;;;;;;;;;;;;;;1;1;;19/08/2025;30/08/2025;;NÃO;;;;08/08/2025;08/08/2025;08/08/2025;08/08/2025;
;;X-1202267;;CASA NOVA;;CONCLUÍDA;;;;;;;;;;7.1.2.3;100%;;;;;MANUTENÇÃO;PAULO JUNIOR;;;;;AGOSTO;;;;;;;;Novembro 25;;;;;ER-CIND-ROD-CASA NOVA-RURAL-CASA NOVA;;;;;;;;;;;;;;1;1;;07/08/2025;07/08/2025;;NÃO;;;;;;07/08/2025;08/08/2025;
;;1032275;;JUAZEIRO;;MIGRAR;;;;;;;;;;14.4.12.1;100%;;;;;MANUTENÇÃO;ANDERSON;;-9.0742368;-40.2047431;;SETEMBRO;;;;;;;;Novembro 25;;;;OURO;ER-CIND-POV-PONTAL-RURAL;;;;;;;;;;;VISITA PRÉVIA;VICTOR BARROS;1;6;;;02/09/2025;03/09/2025;10/09/2025;;;;Ver no Mapa;;;;;
;;X-1170083;;CURAÇÁ;;CONCLUÍDA;;;;;;;;;;7.1.2.3;100%;;;;;PEDRO LINO;EDIE JONNES;;;;;AGOSTO;;;;;;;;Novembro 25;;;;;ER-CIND-POV-SEROTIM-RURAL;;;;;;;;;;;;;;1;1;;28/08/2025;30/08/2025;;NÃO;;;;25/08/2025;25/08/2025;26/08/2025;;
;;B-1169812;;CASA NOVA;;CONCLUÍDA;;;;;;;;;;8.2.2.3;100%;;;;;CARLOS LV;ANDERSON;;;;;AGOSTO;;;;;;;;Novembro 25;;;;;IE-RELIGADOR-BMB-01F1-J52477;;;;;;;;;;;;;;1;1;;11/08/2025;22/08/2025;;NÃO;;;https://maps.app.goo.gl/P6HsJNTSGDML5ksj9;20/08/2025;;;;
;;1170528;;CASA NOVA;;CONCLUÍDA;;;;;;;;;;8.2.2.3;100%;;;;;RICARDO LV;PAULO JUNIOR;;;;;AGOSTO;;;;;;;;Novembro 25;;;;;IE-RELIGADOR-SBC-09S1-G45489;;;;;;;;;;;;;0;1;1;;;;;NÃO;;;;;;04/08/2025;04/08/2025;
;;1203075;;SOBRADINHO;;CONCLUÍDA;;;;;;;;;;7.1.1.3;100%;;;;;JUAREZ;SANTIAGO;;;;;AGOSTO;;;;;;;;Novembro 25;;;;;UB-CIND-RUA-05 QDA-VILA SAO JOAQUIM;;;;;;;;;;;;;;1;1;;04/08/2025;09/08/2025;;SIM;;CAVA NO LUGAR ERRADO , E CAMINHÃO DEU POBLEMA NO MUCK;;04/08/2025;06/08/2025;06/08/2025;07/08/2025;
;;X-1180176;;UAUÁ;;CONCLUÍDA;;;;;;;;;;7.1.2.3;100%;;;;;MANUTENÇÃO;ANDERSON;;;;;AGOSTO;;;;;;;;Novembro 25;;;;;ER-CIND-FAZ-OURICURI-UAUA;;;;;;;;;;;;;;1;;1;15/08/2025;15/08/2025;;NÃO;;;;;;;;
;;X-1193249;;UAUÁ;;CONCLUÍDA;;;;;;;;;;7.1.1.3;100%;;;;;MANUTENÇÃO;ANDERSON;;;;;AGOSTO;;;;;;;;Novembro 25;;;;FALTA LANÇAR VÃO DE BT;UB-CIND-RUA-S O PAULO 999-D-CENTRO;;;;;;;;;;;;;;1;1;1;18/08/2025;18/08/2025;;;;;;;;;;
;;X-1191081;;PILÃO ARCADO;;CONCLUÍDA;;;;;;;;;;8.2.2.3;100%;;;;;MANUTENÇÃO;ANDERSON;;;;;AGOSTO;;;;;;;;Novembro 25;;;;LV ORCA;IE-RELIGADOR-RMN-09X1-D611928;;;;;;;;;;;;;;1;1;;10/08/2025;20/08/2025;;;;;;04/08/2025;06/08/2025;06/08/2025;11/08/2025;
;;X-1205921;;REMANSO;;CONCLUÍDA;;;;;;;;;;7.1.2.3;100%;;;;;JORGE;JORGE;;;;;AGOSTO;;;;;;;;Novembro 25;;;;;ER-CIND-POV-TELHEIRO-TELHEIRO;;;;;;;;;;;;;;1;1;;;;;;;;;;;15/08/2025;15/08/2025;
;;1198630;;JUAZEIRO;;CONCLUÍDA;;;;;;;;;;7.1.1.3;100%;;;;;PEDRO LINO;;;;;;JULHO;;;;;;;;Novembro 25;;;;;AC-CIND-AV-S O FRANCISCO-CENTRO;;;;;;;;;;;;;0;1;1;;;;;;;;;;;;;
;;1149015;;CASA NOVA;;CONCLUÍDA;;;;;;;;;;8.4.1.3;100%;;;;;PEDRO LINO;ANDERSON;;-9.3690855;-40.7984526;;OUTUBRO;;;;;;;;Novembro 25;;;;;IE-BANCO CAPACITOR-MND-01N3 📸;;;;;;;;;;EQUIPAMENTO;CONCLUÍDA;DIEGO ALMEIDA;1;1;1;;27/10/2025;27/10/2025;04/11 Á 04/11;SIM;NÃO;;Ver no Mapa;31/10/2025;31/10/2025;31/10/2025;31/10/2025;
;;1214805;;JUAZEIRO;;MIGRAR;;;;;;;;;;LPT;100%;;;;;IVONALDO;SANTIAGO;;-9.3149446;-40.0475408;;SETEMBRO;;;;;;;;Novembro 25;;;;OURO / VAI SER 22 POSTE;ER-CIND-FAZ-BARRA BONITA-RURAL;;;;;;;;;;;LOCADA;VICTOR BARROS;3;44;;;17/09/2025;24/10/2025;;;;;Ver no Mapa;;;;;
;;1179465;;CURAÇÁ;;CONCLUÍDA;;;;;;;;;;0;100%;;;;;JUAREZ;EDIE JONNES;;-8.5983057;-39.4422582;;OUTUBRO;;;;;;;;Novembro 25;;;;;ER-CIND-POV-CALCADO 552-RURAL;;;;;;;;;;QLP;CONCLUÍDA;CARLOS EDUARDO;1;1;1;;13/10/2025;13/10/2025;;SIM;NÃO;;Ver no Mapa;25/10/2025;25/10/2025;25/10/2025;27/10/2025;
;;1204645;;JUAZEIRO;;CONCLUÍDA;;;;;;;;;;7.1.1.3;100%;;;;;PEDRO LINO;ANDERSON;;-9.4513069;-40.4975867;;OUTUBRO;;;;;;;;Novembro 25;;;;;AC-CIND-ROD-BA 210-DISTRITO INDUSTRIAL;;;;;;;;;;;CONCLUÍDA;MARLOS LOPES ;1;1;1;03/10/2025;03/10/2025;03/10/2025;;SIM;NÃO;;Ver no Mapa;03/10/2025;03/10/2025;03/10/2025;06/10/2025;
;;1159894;;JUAZEIRO;;AVANÇO;;;;;;;;;;7.1.1.5;40%;;;;;IVONALDO;SANTIAGO;;-9.4665442;-40.4999899;;SETEMBRO;;;;;;;;Novembro 25;;;PARCIAL;OURO;UB-CIND-RUA-JUAZEIRO-2;;;;;;;;;;;IMPLANTAÇÃO;VICTOR BARROS;1;66;;;;;;;SIM;;Ver no Mapa;19/08/2025;;;;
;;1203125;;JUAZEIRO;;CONCLUÍDA;;;;;;;;;;7.1.2.3;100%;;;;;GISMARIO;EDIE JONNES;;-9.9229584;-40.3748457;;OUTUBRO;;;;;;;;Novembro 25;;;;;ER-CIND-POV-SERRA DA BOA VISTA 3-RURAL;;;;;;;;;;;CONCLUÍDA;VICTOR BARROS;1;1;1;;10/10/2025;10/10/2025;;SIM;NÃO;;Ver no Mapa;13/10/2025;13/10/2025;13/10/2025;14/10/2025;
;;1212624;;JUAZEIRO;;CONCLUÍDA;;;;;;;;;;7.1.2.3;100%;;;;;GISMARIO;EDIE JONNES;;-9.3657259;-40.2655602;;OUTUBRO;;;;;;;;Novembro 25;;;;;AC-CIND-POV-CAMPOS-CAMPOS;;;;;;;;;;;CONCLUÍDA;MARLOS LOPES ;1;1;1;;14/10/2025;14/10/2025;;;NÃO;;Ver no Mapa;14/10/2025;14/10/2025;14/10/2025;15/10/2025;
;;1190607;;JUAZEIRO;;RETIRADA COELBA;;;;;;;;;;7.1.2.4;100%;;;;;PAULO;SANTIAGO;;-9.4558324;-40.4694899;;SETEMBRO;;;;;;;;Novembro 25;;;;;ER-CIND-SI-S O JOSE-RURAL;;;;;;;;;;;;VICTOR BARROS;;11;;12/09/2025;;;;;;;Ver no Mapa;;;;;OBRA VAI SER ATENDIDA PELA A 1221851
;;1116565;;SENTO SÉ;;CONCLUÍDA;;;;;;;;;;7.1.2.3;100%;;;;;JACSON;SANTIAGO;;-10.1037102;-42.1469957;;NOVEMBRO;;;;;;;;Novembro 25;;;COMPLETO;JACSON / FABIO;MP-CIND-POV-MALVINAS 1000-RURAL-MOD;;;;;;;;;;QLA;ENERGIZADA;SANDRO SANTOS;1;23;23;;20/11/2025;22/11/2025;;SIM;NÃO;;Ver no Mapa;20/11/2025;29/11/2025;29/11/2025;SIM;
;;1187735;;REMANSO;;CONCLUÍDA;;;;;;;;;;7.1.1.3;100%;;;;;MANUTENÇÃO;ANDERSON;;-9.6172162;-42.0840119;;OUTUBRO;;;;;;;;Novembro 25;;;;;AC-CIND-AV-BARAO DO RIO B-QUADRA 19;;;;;;;;;;;CONCLUÍDA;MARLOS LOPES ;1;1;1;;10/10/2025;10/10/2025;;NÃO;NÃO;2025-110663;Ver no Mapa;25/09/2025;10/10/2025;10/10/2025;10/10/2025;
;;1181008;;JUAZEIRO;;AVANÇO;;;;;;;;;;7.1.2.3;80%;;;;;TURMA NOVA;EDIE JONNES;;-9.5961849;-40.4236876;;SETEMBRO;;;;;;;;Novembro 25;;;;;RR-CIND-FAZ-S O PEDRO 11-S O PEDRO;;;;;;;;;;;NÃO INICIADA;VICTOR BARROS;1;21;;08/10/2025;01/10/2025;08/10/2025;;NÃO;;;Ver no Mapa;;;;;
;;1153460;;JUAZEIRO;;AVANÇO;;;;;;;;;;7.1.2.3;90%;;;;;TURMA NOVA;EDIE JONNES;;-9.5992005;-40.3925912;;SETEMBRO;;;;;;;;Novembro 25;;;;;MP-CIND-RUA-DOS VERMELHOS-RURAL;;;;;;;;;;;NÃO INICIADA;VICTOR BARROS;3;26;;18/10/2025;09/10/2025;18/10/2025;;NÃO;;;Ver no Mapa;;;;;
;;1132085;;PILÃO ARCADO;;MIGRAR;;;;;;;;;;14.4.12.1;100%;;;;;;;;-10.5568842;-42.6234047;;SETEMBRO;;;;;;;;Novembro 25;;;;OURO;ER-SEIN-RUA-DAS FLORES-XIQUE-XIQUE;;;;;;;;;;;VISITA PRÉVIA;MARLOS LOPES ;11;26;;;;;;;;;Ver no Mapa;;;;;
;;1113834;;PILÃO ARCADO;;AVANÇO;;;;;;;;;;7.1.2.3;80%;;;;;AILTON;PAULO JUNIOR;;-9.9331343;-42.9012232;;SETEMBRO;;;;;;;;Novembro 25;;;;;AC-CIND ESCOLA MUN.DE BREJINHO-RURAL;;;;;;;;;;;IMPLANTAÇÃO;MARLOS LOPES ;65;416;;17/09/2025;;30/10/2025;;SIM;NÃO;;Ver no Mapa;;;;;
;;1172127;;SENTO SÉ;;CONCLUÍDA;;;;;;;;;;7.1.1.3;100%;;;;;JACSON;SANTIAGO;;-9.8360102;-41.7652151;;NOVEMBRO;;;;;;;;Novembro 25;;;COMPLETO;;UB CIND RUA DO CASCALHO - CENTRO;;;;;;;;;;QLA;ENERGIZADA;SANDRO SANTOS;1;1;1;;17/11/2025;17/11/2025;;SIM;NÃO;;Ver no Mapa;13/11/2025;13/11/2025;13/11/2025;SIM;
;;997469;;SENTO SÉ;;CONCLUÍDA;;;;;;;;;;14.7.3;100%;;;;;JACSON;SANTIAGO;;-10.2638619;-41.3329393;;OUTUBRO;;;;;;;;Novembro 25;;;;OURO;ER-CIND-POV-ALMAS-ALEGRE;;;;;;;;;;;CONCLUÍDA;DIEGO ALMEIDA;2;43;43;;23/09/2025;16/10/2025;;SIM;SIM;;Ver no Mapa;15/10/2025;27/10/2025;27/10/2025;27/10/2025;
;;1211778;;SENTO SÉ;;CONCLUÍDA;;;;;;;;;;7.1.2.3;100%;;;;;FABIO;SANTIAGO;;-9.790585;-41.377931;;OUTUBRO;;;;;;;;Novembro 25;;;;FABIO / TURMA NOVA;ER-CIND-POV-DO PREDIO-PIRI;;;;;;;;;;;CONCLUÍDA;SANDRO SANTOS;1;40;40;;07/10/2025;16/10/2025;;SIM;NÃO;;Ver no Mapa;07/10/2025;28/10/2025;28/10/2025;28/10/2025;
;;1212994;;SENTO SÉ;;CONCLUÍDA;;;;;;;;;;14.7.3;100%;;;;;JACSON;SANTIAGO;;-10.2842731;-41.3726258;;OUTUBRO;;;;;;;;Novembro 25;;;;OURO;RR-CIND-POV-ALMAS-ALMAS;;;;;;;;;;;CONCLUÍDA;DIEGO ALMEIDA;1;35;35;;04/09/2025;16/10/2025;;SIM;SIM;;Ver no Mapa;15/10/2025;24/10/2025;27/10/2025;27/10/2025;
;;1126389;;SENTO SÉ;;CONCLUÍDA;;;;;;;;;;7.1.2.3;100%;;;;;JACSON;SANTIAGO;;-9.8162726;-41.7899309;;OUTUBRO;;;;;;;;Novembro 25;;;;;LD-CCOL-FAZ.RIACHO-RURAL;;;;;;;;;;;CONCLUÍDA;SANDRO SANTOS;4;23;21;;20/10/2025;28/10/2025;;;NÃO;;Ver no Mapa;23/10/2025;31/10/2025;31/10/2025;31/10/2025;
;;1195081;;REMANSO;;MIGRAR;;;;;;;;;;7.1.2.3;100%;;;;;MANUTENÇÃO;ANDERSON;;-9.6019523;-42.0840707;;SETEMBRO;;;;;;;;Novembro 25;;;;;EQ COEL ROD BR 324 RURAL;;;;;;;;;;;NÃO INICIADA;MARLOS LOPES ;1;2;;;10/09/2025;27/09/2025;;SIM;NÃO;;Ver no Mapa;;;;;
;;1187735;;REMANSO;;MIGRAR;;;;;;;;;;7.1.1.3;100%;;;;;MANUTENÇÃO;ANDERSON;;-9.6172162;-42.0840119;;SETEMBRO;;;;;;;;Novembro 25;;;;;AC-CIND-AV-BARAO DO RIO B-QUADRA 19;;;;;;;;;;;NÃO INICIADA;MARLOS LOPES ;1;1;;25/09/2025;25/09/2025;25/09/2025;;;;2025-110663;Ver no Mapa;;;;;
;;1218118;;SENTO SÉ;;CONCLUÍDA;;;;;;;;;;7.1.2.3;100%;;;;;FABIO;SANTIAGO;;-9.8167446;-41.7887758;;OUTUBRO;;;;;;;;Novembro 25;;;;;ER-CIND-FAZ-RIACHAO -RURAL;;;;;;;;;;;CONCLUÍDA;SANDRO SANTOS;1;11;12;;29/10/2025;31/10/2025;;;NÃO;;Ver no Mapa;30/10/2025;30/10/2025;30/10/2025;31/10/2025;
;;1146087;;REMANSO;;AVANÇO;;;;;;;;;;14.4.12.1;60%;;;;;JORGE;JORGE;;-9.4735036;-42.2501527;;SETEMBRO;;;;;;;;Novembro 25;;;;;MP-CCOL-FAZ.NOVA TAPUA-RURAL;;;;;;;;;;;LANÇAMENTO;MARLOS LOPES ;12;172;;;;;;;NÃO;;Ver no Mapa;;;;;
;;1173964;;REMANSO;;AVANÇO;;;;;;;;;;14.4.12.1;60%;;;;;JORGE;JORGE;;-9.419018;-41.92037;;SETEMBRO;;;;;;;;Novembro 25;;;;OURO;RR-CIND-POV-SALINA GRANDE-RURAL;;;;;;;;;;;LANÇAMENTO;MARLOS LOPES ;36;227;;;;;;;NÃO;;Ver no Mapa;;;;;
;;1194453;;SENTO SÉ;;CONCLUÍDA;;;;;;;;;;14.7.3;100%;;;;;FABIO;SANTIAGO;;-9.7826969;-41.3917713;;OUTUBRO;;;;;;;;Novembro 25;;;;;ER-CIND-POV-PIRI 2---A-RURAL;;;;;;;;;;;CONCLUÍDA;SANDRO SANTOS;1;8;8;;16/10/2025;17/10/2025;;;NÃO;;Ver no Mapa;22/10/2025;28/10/2025;28/10/2025;29/10/2025;
;;1058100;;REMANSO;;AVANÇO;;;;;;;;;;7.1.2.3;55%;;;;;RUBEM;RUBEM;;-9.392305;-42.1929795;;SETEMBRO;;;;;;;;Novembro 25;;;;;AC-CIND-POV-PONTA DA SERRA-RURAL;;;;;;;;;;;VISITA PRÉVIA;MARLOS LOPES ;59;380;;;;;;;;;Ver no Mapa;;;;;
;;515938;;REMANSO;;MIGRAR;;;;;;;;;;14.4.12.1;100%;;;;;JORGE;JORGE;;;;;SETEMBRO;;;;;;;;Novembro 25;;;;;MP-CCOL-FAZ SERRA BRANCA E ARRED.-RURAL;;;;;;;;;;;LANÇAMENTO;MARLOS LOPES ;93;1.392;;;;;;;SIM;;Ver no Mapa;;;;;
;;1173118;;SENTO SÉ;;RETIRADA COELBA;;;;;;;;;;14.4.12.1;100%;;;;;;;;-10.6688349;-41.7234453;;SETEMBRO;;;;;;;;Novembro 25;;;;REVISÃO DE ORÇAMENTO;ER-CIND-FAZ-SERRA BRANCA-RURAL-SENTO SE;;;;;;;;;;;;SANDRO SANTOS;1;31;;;;;;;;;Ver no Mapa;;;;;
;;1219902;;SENTO SÉ;;CONCLUÍDA;;;;;;;;;;7.1.2.3;100%;;;;;FABIO;SANTIAGO;;-9.8046956;-41.4393394;;OUTUBRO;;;;;;;;Novembro 25;;;;;ER-CCOL-POV-PIRI-PIRI;;;;;;;;;;;CONCLUÍDA;SANDRO SANTOS;1;8;3;;27/10/2025;27/10/2025;;;NÃO;;Ver no Mapa;27/10/2025;31/10/2025;31/10/2025;31/10/2025;
;;1221230;;SOBRADINHO;;CONCLUÍDA;;;;;;;;;;7.1.2.3;100%;;;;;JUAREZ;EDIE JONNES;;-9.4871816;-40.9838061;;OUTUBRO;;;;;;;;Novembro 25;;;;;ER-CIND-POV-DE ALGODAO NOVO 76-RURAL;;;;;;;;;;;CONCLUÍDA;SANDRO SANTOS;1;1;1;;09/10/2025;09/10/2025;;SIM;NÃO;;Ver no Mapa;13/10/2025;13/10/2025;13/10/2025;14/10/2025;
;;1221127;;SOBRADINHO;;CONCLUÍDA;;;;;;;;;;7.1.2.3;100%;;;;;JUAREZ;EDIE JONNES;;-9.448421;-40.762391;;OUTUBRO;;;;;;;;Novembro 25;;;;;AC-CIND-FAZ-TATAUI 1-RURAL;;;;;;;;;;;CONCLUÍDA;SANDRO SANTOS;1;1;1;;09/10/2025;09/10/2025;;SIM;NÃO;;Ver no Mapa;09/10/2025;14/10/2025;14/10/2025;14/10/2025;
;;1212994;;SENTO SÉ;;MIGRAR;;;;;;;;;;14.7.3;100%;;;;;JACSON;SANTIAGO;;-10.2842731;-41.3726258;;SETEMBRO;;;;;;;;Novembro 25;;;;OURO;RR-CIND-POV-ALMAS-ALMAS;;;;;;;;;;;IMPLANTAÇÃO;DIEGO ALMEIDA;1;35;;;04/09/2025;22/09/2025;;NÃO;;;Ver no Mapa;;;;;
;;1217896;;SENTO SÉ;;CONCLUÍDA;;;;;;;;;;7.1.2.3;100%;;;;;JACSON;SANTIAGO;;-10.3131784;-41.8590184;;OUTUBRO;;;;;;;;Novembro 25;;;;;ER-CIND-POV-CAPIM GROSSO-CAPIM GROSSO;;;;;;;;;;;CONCLUÍDA;SANDRO SANTOS;1;0;0;;30/10/2025;30/10/2025;;;NÃO;;Ver no Mapa;30/10/2025;30/10/2025;30/10/2025;31/10/2025;
;;1182181;;CURAÇÁ;;CONCLUÍDA;;;;;;;;;;7.1.2.3;100%;;;;;FABIO;EDIE JONNES;;-9.0139747;-39.9234207;;SETEMBRO;;;;;;;;Novembro 25;;;;;ER-CIND-FAZ-DO CANTO 1-A-RURAL-CURACA;;;;;;;;;;;CONCLUÍDA;CARLOS EDUARDO;1;1;1;;10/09/2025;10/09/2025;;SIM;NÃO;;Ver no Mapa;19/09/2025;19/09/2025;19/09/2025;19/09/2025;
;;997469;;SENTO SÉ;;MIGRAR;;;;;;;;;;14.7.3;100%;;;;;JACSON;SANTIAGO;;-10.2638619;-41.3329393;;SETEMBRO;;;;;;;;Novembro 25;;;;OURO;ER-CIND-POV-ALMAS-ALEGRE;;;;;;;;;;;LOCADA;DIEGO ALMEIDA;2;43;;;23/09/2025;30/09/2025;;NÃO;;;Ver no Mapa;;;;;
;;1175575;;SOBRADINHO;;MIGRAR;;;;;;;;;;7.1.2.3;100%;;;;;PEDRO LINO;ANDERSON;;-9.5095062;-40.7745147;;SETEMBRO;;;;;;;;Novembro 25;;;;;AC-CIND-POV-LAGOA GRANDE-RURAL;;;;;;;;;;;VISITA PRÉVIA;DIEGO ALMEIDA;1;5;;10/09/2025;10/09/2025;29/09/2025;;;;;Ver no Mapa;;;;;
;;1216207;;CURAÇÁ;;CONCLUÍDA;;;;;;;;;;7.1.2.3;100%;;;;;FABIO;EDIE JONNES;;-8.8554171;-39.8999118;;SETEMBRO;;;;;;;;Novembro 25;;;;;AC-CIND-FAZ-SURUBIM 33-RURAL;;;;;;;;;;;CONCLUÍDA;CARLOS EDUARDO;1;1;1;;17/09/2025;17/09/2025;;SIM;NÃO;;Ver no Mapa;30/09/2025;30/09/2025;30/09/2025;01/10/2025;
;;1191546;;JUAZEIRO;;CONCLUÍDA;;;;;;;;;;8.2.2.3;100%;;;;;PAULO;SANTIAGO;;-9.5864444;-40.6077291;;SETEMBRO;;;;;;;;Novembro 25;;;;EQUIPAMENTO;IE-RELIGADOR-NCU-01Z4-B360628;;;;;;;;;;;ENERGIZADA;VICTOR BARROS;1;1;1;;05/09/2025;09/09/2025;;SIM;;;Ver no Mapa;;;11/09/2025;12/09/2025;
;;1146807;;SOBRADINHO;;MIGRAR;;;;;;;;;;8.4.1.1;100%;;;;;MANUTENÇÃO;ANDERSON;;-9.5366625;-40.9057719;;SETEMBRO;;;;;;;;Novembro 25;;;;FALTOU POSTE;NT-RECOND-SBO-01S4-D134830-Q023936;;;;;;;;;;;ESCAVAÇÃO;DIEGO ALMEIDA;1;2;;;10/09/2025;11/09/2025;19/09/2025;SIM;;;Ver no Mapa;;;;;
;;1211868;;SOBRADINHO;;MIGRAR;;;;;;;;;;7.1.2.3;100%;;;;;PEDRO LINO;ANDERSON;;-9.7731554;-40.9472304;;SETEMBRO;;;;;;;;Novembro 25;;;;;ER-CIND-POV-SALGADINHA-SALGADINHA;;;;;;;;;;;NÃO INICIADA;DIEGO ALMEIDA;1;2;;30/09/2025;30/09/2025;30/09/2025;;;;;Ver no Mapa;;;;;
;;1120277;;SENTO SÉ;;CONCLUÍDA;;;;;;;;;;7.1.2.3;100%;;;;;FABIO;SANTIAGO;;-9.75338;-41.8858;;SETEMBRO;;;;;;;;Novembro 25;;;;;MP-CCOL-RUA 03-RURAL;;;;;;;;;;;ENERGIZADA;SANDRO SANTOS;1;23;28;;;;;SIM;SIM;;Ver no Mapa;;;03/09/2025;03/09/2025;
;;1207641;;JUAZEIRO;;CONCLUÍDA;;;;;;;;;;7.1.1.3;100%;;;;;PEDRO LINO;ANDERSON;;-9.4575426;-40.4847795;;OUTUBRO;;;;;;;;Novembro 25;;;;;AC-CIND-ROD-LOMANTO JUNIOR-D INDUST;;;;;;;;;;;CONCLUÍDA;VICTOR BARROS;1;1;0;04/10/2025;04/10/2025;04/10/2025;;SIM;NÃO;;Ver no Mapa;04/10/2025;04/10/2025;04/10/2025;06/10/2025;
;;1211884;;JUAZEIRO;;CONCLUÍDA;;;;;;;;;;7.1.1.3;100%;;;;;PEDRO LINO;ANDERSON;;-9.4180224;-40.507459;;SETEMBRO;;;;;;;;Novembro 25;;;;;AC-GRUA-AV-RAUL ALVES-SANTO ANTONIO;;;;;;;;;;;CONCLUÍDA;VICTOR BARROS;;1;;;23/09/2025;23/09/2025;;SIM;NÃO;;Ver no Mapa;;;;;
;;1182825;;SOBRADINHO;;CONCLUÍDA;;;;;;;;;;14.4.12.1;100%;;;;;JUAREZ;EDIE JONNES;;-9.5313599;-40.8351835;;NOVEMBRO;;;;;;;;Novembro 25;;;COMPLETO;;ER-CIND-POV-TATAUI-RURAL- SOBRADINHO;;;;;;;;;;GOVERNO;ENERGIZADA;SANDRO SANTOS;1;5;5;;17/11/2025;18/11/2025;;NÃO;NÃO;;Ver no Mapa;10/11/2025;14/11/2025;14/11/2025;SIM;
;;1209633;;UAUÁ;;CONCLUÍDA;;;;;;;;;;7.1.2.3;100%;;;;;JUAREZ;EDIE JONNES;;-9.7212662;-39.4896367;;SETEMBRO;;;;;;;;Novembro 25;;;;;ER-CIND-POV-CARRO QUEBRADO-RURAL;;;;;;;;;;;CONCLUÍDA;CARLOS EDUARDO;1;1;;19/09/2025;19/09/2025;19/09/2025;;SIM;NÃO;;Ver no Mapa;19/09/2025;19/09/2025;19/09/2025;19/09/2025;
;;1129557;;JUAZEIRO;;CONCLUÍDA;;;;;;;;;;7.1.6.3;100%;;;;;ITALO LV;ANDERSON;;-9.456333;-40.710528;;SETEMBRO;;;;;;;;Novembro 25;;;;SOLICITAÇÃO EDVALDO 18/09 SO LV;IT-GRUA-FAZ-SAO GONCALO-RURAL;;;;;;;;;;;CONCLUÍDA;;1;1;;;;;;SIM;NÃO;;Ver no Mapa;23/07/2025;22/09/2025;22/09/2025;23/09/2025;
;;1195955;;UAUÁ;;MIGRAR;;;;;;;;;;7.1.2.3;100%;;;;;JUAREZ;EDIE JONNES;;-9.8345323;-39.4149137;;SETEMBRO;;;;;;;;Novembro 25;;;;;ER-CIND-POV-MARIA PRETA 200-MARIA PRETA;;;;;;;;;;;LANÇAMENTO;CARLOS EDUARDO;1;6;;12/09/2025 E 30/09/2025;12/09/2025;30/09/2025;;NÃO;;;Ver no Mapa;;;;;
;;1144762;;UAUÁ;;AVANÇO;;;;;;;;;;1.2.2.2.3;50%;;;;;JUAREZ;SANTIAGO;;-9.8468026;-39.4664253;;SETEMBRO;;;;;;;;Novembro 25;;;;;PT UAU 34 5 13 8KV;;;;;;;;;;;VISITA PRÉVIA;CARLOS EDUARDO;1;6;;17/09/2025;15/09/2025;17/09/2025;;NÃO;;;Ver no Mapa;;;;;
;;1210327;;UAUÁ;;AVANÇO;;;;;;;;;;7.1.2.3;80%;;;;;JUAREZ;EDIE JONNES;;-9.9312168;-39.3249672;;SETEMBRO;;;;;;;;Novembro 25;;;;;ER-CIND-POV-CAITITUS-CAITITUS;;;;;;;;;;;VISITA PRÉVIA;CARLOS EDUARDO;1;20;;;15/09/2025;15/10/2025;;;;;Ver no Mapa;;;;;
;;1141961;;UAUÁ;;MIGRAR;;;;;;;;;;14.7.2;100%;;;;;;EDIE JONNES;;-10.0231278;-39.4902749;;SETEMBRO;;;;;;;;Novembro 25;;;;;MP-CIND-FAZ RIACHO DO SALGADO-RURAL;;;;;;;;;;;NÃO INICIADA;CARLOS EDUARDO;1;14;;;22/09/2025;20/10/2025;;;;;Ver no Mapa;;;;;
;;1165158;;UAUÁ;;AVANÇO;;;;;;;;;;1.2.1.1.3;50%;;;;;JUAREZ;EDIE JONNES;;-9.9754872;-39.4990407;;SETEMBRO;;;;;;;;Novembro 25;;;;;IE-RUA-DO CONSELHEIRO-RURAL;;;;;;;;;;;NÃO INICIADA;CARLOS EDUARDO;1;3;;;08/09/2025;09/09/2025;;SIM;;;Ver no Mapa;;;;;
;;1081812;;JUAZEIRO;;CONCLUÍDA;;;;;;;;;;7.1.1.3;100%;;;;;JUAREZ;IVONALDO;;-9.4223662;-40.5323639;;DEZEMBRO;;;;;;;;Novembro 25;;;COMPLETO;;AC-CIND-CO-COLINA DO RIO-PEDRA DO LORD 📸;;;;;;;;;;QLP;CONCLUÍDA;VICTOR BARROS;1;2;;09/12/2025;09/12/2025;09/12/2025;;;NÃO;;Ver no Mapa;09/12/2025;09/12/2025;09/12/2025;SIM;
;;1173811;;UAUÁ;;MIGRAR;;;;;;;;;;7.1.2.3;100%;;;;;JUAREZ;EDIE JONNES;;-9.810783;-39.600581;;SETEMBRO;;;;;;;;Novembro 25;;;;;ER-CIND-FAZ-LAPAO-RURAL;;;;;;;;;;;NÃO INICIADA;CARLOS EDUARDO;1;2;;24/09/2025;24/09/2025;24/09/2025;;NÃO;;;Ver no Mapa;;;;;
;;1216145;;JUAZEIRO;;CONCLUÍDA;;;;;;;;;;7.1.2.3;100%;;;;;PEDRO LINO;IVONALDO;;-9.2795581;-40.3088353;;DEZEMBRO;;;;;;;;Novembro 25;;;COMPLETO;;ER-CIND-POV- ITAMOTINGA-JUAZEIRO;;;;;;;;;;PRIORIDADE PLANO ANEEL;CONCLUÍDA;VICTOR BARROS;1;1;;;05/12/2025;09/12/2025;;SIM;NÃO;;Ver no Mapa;11/12/2025;11/12/2025;12/12/2025;SIM;
;;X-1189286;;SOBRADINHO;;CONCLUÍDA;;;;;;;;;;7.1.2.3;100%;;;;;PEDRO LINO;ANDERSON;;;;;AGOSTO;;;;;;;;Novembro 25;;;;;AC-CIND-POV-ALGODAO VELHO-ALGODAO VELHO;;;;;;;;;;;;;;0;0;;14/08/2025;14/08/2025;;NÃO;;;;14/08/2025;14/08/2025;14/08/2025;14/08/2025;
;;1222325;;JUAZEIRO;;CONCLUÍDA;;;;;;;;;;;100%;;;;;JUAREZ;IVONALDO;;-9.4304034;-40.51559041;;DEZEMBRO;;;;;;;;Novembro 25;;;COMPLETO;NOVO DESLIGAMENTO/ SEM CABO E TRAFO;AC-CIND-LOT-N SRA DAS GROTAS-QUIDE;;;;;;;;;;PRIORIDADE PLANO ANEEL;CONCLUÍDA;VICTOR BARROS;1;0;;10/12/2025;10/12/2025;10/12/2025;;;NÃO;;Ver no Mapa;10/12/2025;22/12/2025;22/12/2025;SIM;
;;B-1167478;;SOBRADINHO;;CONCLUÍDA;;;;;;;;;;7.1.2.3;100%;;;;;PEDRO LINO;SANTIAGO;;;;;AGOSTO;;;;;;;;Novembro 25;;;;;ER-CIND-POV-CANAA 3-RURAL;;;;;;;;;;;;;;0;0;;05/08/2025;11/08/2025;;SIM;;LINHA VIVA TIRADA PARA NILO COELHO;;;;;;
;;B-1190327;;CASA NOVA;;CONCLUÍDA;;;;;;;;;;8.3.2.3;100%;;;;;MANUTENÇÃO;ANDERSON;;;;;AGOSTO;;;;;;;;Novembro 25;;;;;RC-CIND-FAZ-CASA NOVA-RURAL;;;;;;;;;;;;;;0;0;22/08/2025;22/08/2025;22/08/2025;;NÃO;;;;22/08/2025;22/08/2025;22/08/2025;25/08/2025;
;;B-1177596;;CASA NOVA;;CONCLUÍDA;;;;;;;;;;7.1.1.3;100%;;;;;FERNANDO;PAULO JUNIOR;;;;;AGOSTO;;;;;;;;Novembro 25;;;;;UB-CIND RO BR 235 105 - CASA NOVA;;;;;;;;;;;;;;0;;28/08/2025;28/08/2025;28/08/2025;;NÃO;;;;28/08/2025;28/08/2025;28/08/2025;29/08/2025;
;;1183107;;JUAZEIRO;;CONCLUÍDA;;;;;;;;;;7.1.2.3;100%;;;;;PAULO;SANTIAGO;;;;;JULHO;;;;;;;;Novembro 25;;;;;EQ-GRUA-CJN-MINERACAO CARAIBA-RURAL;;;;;;;;;;;;;0;0;0;;;;;NÃO;;;;07/08/2025;08/08/2025;08/08/2025;;
;;1171233;;SENTO SÉ;;CONCLUÍDA;;;;;;;;;;8.2.1.3;100%;;;;;PAULO;SANTIAGO;;;;;JULHO;;;;;;;;Novembro 25;;;;;IE-RELIGADOR-STS-09L1-G08894;;;;;;;;;;;;;0;0;0;;;;;NÃO;;;;;;29/07/2025;;
;;1182439;;JUAZEIRO;;CONCLUÍDA;;;;;;;;;;7.1.2.3;100%;;;;;GISMARIO;EDIE JONNES;;-9.5016769;-40.4351111;;OUTUBRO;;;;;;;;Novembro 25;;;;;AC-CIND-ET-DA ADUT CARAIBA 100-CH UNIDAS;;;;;;;;;;;CONCLUÍDA;VICTOR BARROS;1;0;0;06/10/2025;06/10/2025;06/10/2025;;NÃO;NÃO;;Ver no Mapa;;;;;
;;1198655;;JUAZEIRO;;CONCLUÍDA;;;;;;;;;;7.1.2.3;100%;;;;;JUAREZ;EDIE JONNES;;-9.142107;-40.09028;;OUTUBRO;;;;;;;;Novembro 25;;;;;ER-CIND-CJN-PROJETO CURACA 2-CT-CURACA I;;;;;;;;;;;CONCLUÍDA;MARLOS LOPES ;1;0;0;10/10/2025;10/10/2025;10/10/2025;;SIM;NÃO;;Ver no Mapa;10/10/2025;14/10/2025;14/10/2025;14/10/2025;
;;1161869;;JUAZEIRO;;CONCLUÍDA;;;;;;;;;;7.1.2.3;100%;;;;;PEDRO LINO;IVONALDO;;-9.4692888;-40.4739534;;DEZEMBRO;;;;;;;;Novembro 25;;;COMPLETO;;ER-CIND-FAZ-MASSAYO -RURAL📸;;;;;;;;;;REPUTACIONAL;CONCLUÍDA;VICTOR BARROS;0;4;;;08/12/2025;12/12/2025;;SIM;SIM;;Ver no Mapa;04/12/2025;16/12/2025;16/12/2025;SIM;
;;1172044;;JUAZEIRO;;PROGRAMADA;;;;;;;;;;14.7.3;100%;;;;;CARLOS EDUARDO;RODRIGUES;;-9.2331809;-40.2847471;;DEZEMBRO;;;;;;;;Novembro 25;;;;;RR - CIND FAZ RURAL - SISTEMA MANICOBA;;;;;;;;;;PRIORIDADE PLANO ANEEL;NÃO INICIADA;CARLOS EDUARDO;2;27;;;15/12/2025;30/12/2025;;;NÃO;;Ver no Mapa;;;;;
;;1177841;;JUAZEIRO;;PROGRAMADA;;;;;;;;;;8.6.3;100%;;;;;DOMINGOS;IVONALDO;;-9.2871692;-40.3059911;;DEZEMBRO;;;;;;;;Novembro 25;;;PARCIAL;3 EQUIPES PARA O DESLIGAMENTO;IS-COEL-AV-AGUAS BELAS-MALHADA DA AREIA;;;;;;;;;;INTERV SEGURANÇA;NÃO INICIADA;VICTOR BARROS;0;6;;11/12/2025;;30/12/2025;;SIM;NÃO;;Ver no Mapa;;;;;
;;1162058;;JUAZEIRO;;MIGRAR;;;;;;;;;;7.1.2.3;100%;;;;;CARLOS EDUARDO;RODRIGUES;;-9.464869;-40.3234571;;DEZEMBRO;;;;;;;;Novembro 25;;;;chi elevado não consegue desligamento esse ano;ER-CIND-FAZ-MASSAYO-RURAL;;;;;;;;;;REPUTACIONAL;ESCAVAÇÃO;VICTOR BARROS;0;37;;;03/12/2025;31/12/2025;;;NÃO;;Ver no Mapa;;;;;
;;1212150;;JUAZEIRO;;CONCLUÍDA;;;;;;;;;;7.1.1.3;100%;;;;;GISMARIO;EDIE JONNES;;-9.495093;-40.478214;;OUTUBRO;;;;;;;;Novembro 25;;;;DUAS TURMAS GISMARIO/ JUAREZ;UB-CIND-ET SERRA DA BATATEIRA-JOAO PAULO;;;;;;;;;;;CONCLUÍDA;VICTOR BARROS;1;0;0;21/10/2025;21/10/2025;21/10/2025;;NÃO;NÃO;;Ver no Mapa;21/10/2025;21/10/2025;21/10/2025;22/10/2025;
;;1162074;;JUAZEIRO;;MIGRAR;;;;;;;;;;7.1.2.3;100%;;;;;DOMINGOS;RODRIGUES;;-9.4570754;-40.3571651;;DEZEMBRO;;;;;;;;Novembro 25;;;SO CONCRETO;Material retirado para o reator / MARCAR DESLIGAMENTO;AC-CIND-FAZ-MASSAYO-RURAL;;;;;;;;;;REPUTACIONAL;IMPLANTAÇÃO;VICTOR BARROS;0;46;;;03/12/2025;31/12/2025;;SIM;NÃO;;Ver no Mapa;;;;;
;;1169873;;JUAZEIRO;;CONCLUÍDA;;;;;;;;;;8.2.2.3;100%;;;;;PEDRO LINO;ANDERSON;;-9.2096117;-40.2906998;;OUTUBRO;;;;;;;;Novembro 25;;;;OURO;IE-RELIGADOR-MAN-01W2-N76854;;;;;;;;;;EQUIPAMENTO;CONCLUÍDA;MARLOS LOPES ;1;0;0;30/10/2025;30/10/2025;30/10/2025;;SIM;NÃO;;Ver no Mapa;;31/10/2025;31/10/2025;31/10/2025;
;;1159894;;JUAZEIRO;;EM EXECUÇÃO;;;;;;;;;;7.1.1.3;100%;;;;;JUAREZ;IVONALDO;;-9.454890;-40.514309;;DEZEMBRO;;;;;;;;Novembro 25;;;PARCIAL;;UB-CIND-RUA-JUAZEIRO-2;;;;;;;;;;GOVERNO;NÃO INICIADA;VICTOR BARROS;0;66;;;;30/01/2026;;;NÃO;;Ver no Mapa;;;;;
;;1120283;;JUAZEIRO;;EM EXECUÇÃO;;;;;;;;;;8.3.2.3;80%;;;;;GISMARIO;EDIE JONNES;;-9.4250931;-40.5049497;;DEZEMBRO;;;;;;;;Novembro 25;;;PARCIAL;;RC-CIND-AV-DR ADOLFO VIANA-CENTRO;;;;;;;;;;INSTITUCIONAL;NÃO INICIADA;CARLOS EDUARDO;0;45;;;;31/01/2026;;;NÃO;;Ver no Mapa;;;;;
;;1160900;;JUAZEIRO;;AVANÇO;;;;;;;;;;7.1.2.3;50%;;;;;;EDIE JONNES;;-9.4726482;-40.545248;;DEZEMBRO;;;;;;;;Novembro 25;;;COMPLETO;SERÁ ENVIADO PARA REVISÃO;IT-GRUA-ET-JUNCO SALITRE 4512-JUNCO;;;;;;;;;;MMGD;NÃO INICIADA;VICTOR BARROS;0;43;;;;27/02/2026;;;NÃO;;Ver no Mapa;;;;;
;;1101655;;JUAZEIRO;;AVANÇO;;;;;;;;;;7.1.6.3;60%;;;;;;EDIE JONNES;;-9.5121801;-40.6138554;;DEZEMBRO;;;;;;;;Novembro 25;;;A SOLICITAR;ENTRAR 2 TURMA EM JANEIRO;AL - GRUA - ENT. JUNCO SALITRE - RURAL;;;;;;;;;;MMGD;NÃO INICIADA;VICTOR BARROS;0;75;;;;;;;NÃO;;Ver no Mapa;;;;;
;;1230691;;PILÃO ARCADO;;RETIRADA COELBA;;;;;;;;;;7.1.2.3;100%;;;;;JACSON;SANTIAGO;;-10.0938568;-42.459915;;DEZEMBRO;;;;;;;;Novembro 25;;;A SOLICITAR;DANIELA INFORMOU VIA LIGAÇÃO 03/12;ER-CIND-SI-BONFIM-RURAL;;;;;;;;;;QLP;NÃO INICIADA;DIEGO ALMEIDA;1;1;;;16/12/2025;19/12/2025;;;NÃO;;Ver no Mapa;;;;;
;;994094;;PILÃO ARCADO;;CONCLUÍDA;;;;;;;;;;14.7.3;100%;;;;;JACSON;SANTIAGO;;-9.9189224;-42.7500441;;DEZEMBRO;;;;;;;;Novembro 25;;;COMPLETO;;MP-CIND-POV LAGOA DO BENEDITO- LAGOA;;;;;;;;;;INSTITUCIONAL;CONCLUÍDA;MARLOS LOPES ;19;162;;;24/11/2025;31/12/2025;;SIM;NÃO;;Ver no Mapa;25/11/2025;27/12/2025;27/12/2025;SIM;
;;1113834;;PILÃO ARCADO;;AVANÇO;;;;;;;;;;7.1.2.3;100%;;;;;;PAULO JUNIOR;;-9.9331343;-42.9012232;;DEZEMBRO;;;;;;;;Novembro 25;;;A SOLICITAR;;AC-CIND ESCOLA MUN.DE BREJINHO-RURAL;;;;;;;;;;QLP;NÃO INICIADA;DIEGO ALMEIDA;65;416;;;;;;SIM;NÃO;;Ver no Mapa;;;;;
;;1195081;;REMANSO;;AVANÇO;;;;;;;;;;7.1.2.3;50%;;;;;PEDRO LINO;ANDERSON;;-9.6019523;-42.0840707;;DEZEMBRO;;;;;;;;Novembro 25;;;A SOLICITAR;REMOVIDO EM CONJUNTO COM COELBA ;EQ COEL ROD BR 324 RURAL;;;;;;;;;;EQUIPAMENTO;ESCAVAÇÃO;MARLOS LOPES ;1;2;;;15/12/2025;20/12/2025;;SIM;SIM;;Ver no Mapa;;;;;
;;1228689;;REMANSO;;CONCLUÍDA;;;;;;;;;;7.1.1.3;100%;;;;;;MICHEL;;-9.6116806;-42.079253;;DEZEMBRO;;;;;;;;Novembro 25;;;A SOLICITAR;;UB-CIND-RUA-B-J ESPLANADA;;;;;;;;;;OBRAS ÁGEIS;CONCLUÍDA;MARLOS LOPES ;1;3;;;15/12/2025;16/12/2025;;;NÃO;;Ver no Mapa;;;;;
;;1225098;;REMANSO;;EM EXECUÇÃO;;;;;;;;;;8.2.2.3;100%;;;;;;SANTIAGO;;-9.514847;-43.309865;;DEZEMBRO;;;;;;;;Novembro 25;;;VIA E-MAIL;;ME-COEL-REATOR PG B707030-RMN-09X3;;;;;;;;;;EQUIPAMENTO;EQUIPAMENTO;MARLOS LOPES ;0;6;;;17/12/2025;22/12/2025;;SIM;NÃO;;Ver no Mapa;;;;;
;;1146807;;SOBRADINHO;;CONCLUÍDA;;;;;;;;;;8.4.1.1;100%;;;;;PEDRO LINO;ANDERSON;;-9.5366625;-40.9057719;;NOVEMBRO;;;;;;;;Novembro 25;;;COMPLETO;;NT-RECOND-SBO-01S4-D134830-Q023936;;;;;;;;;;EQUIPAMENTO;ENERGIZADA;DIEGO ALMEIDA;1;2;2;;29/10/2025;21/11/2025;;SIM;NÃO;;Ver no Mapa;08/10/2025;03/11/2025;03/11/2025;SIM;
;;1231290;;UAUÁ;;RETIRADA PROGRAMAÇÃO;;;;;;;;;;7.1.2.3 ;100%;;;;;;MICHEL;;-9.8827393;-39.7755195;;NOVEMBRO;;;;;;;;Novembro 25;;;;;ER-CIND-FAZ-SANTA FE 102-RURAL;;;;;;;;;;MICHEL VAI EXECUTAR;NÃO INICIADA;CARLOS EDUARDO;1;0;;;;;;;;;Ver no Mapa;;;;;
;;1170764;;UAUÁ;;AVANÇO;;;;;;;;;;8.2.1.3;50%;;;;;DOMINGOS;RODRIGUES;;-9.8301307;-39.4773741;;NOVEMBRO;;;;;;;;Novembro 25;;;COMPLETO;;ME-COEL-RUA-PAULO MACHADO -357 🕯️;;;;;;;;;;;IMPLANTAÇÃO;CARLOS EDUARDO;0;25;;13/11/2025;20/11/2025;26/12/2025;;;NÃO;;Ver no Mapa;;;;;
;;1225155;;REMANSO;;EM EXECUÇÃO;;;;;;;;;;8.2.2.3;100%;;;;;;SANTIAGO;;-9.4888497;-43.515759;;DEZEMBRO;;;;;;;;Novembro 25;;;COMPLETO;;ME-COEL-POV-AZULAO-ALTO DA BELA VISTA;;;;;;;;;;MELHORIA;EQUIPAMENTO;MARLOS LOPES ;0;5;;;;30/12/2025;;SIM;NÃO;;Ver no Mapa;;;;;
;;1210327;;UAUÁ;;CONCLUÍDA;;;;;;;;;;7.1.2.3;100%;;;;;DOMINGOS;RODRIGUES;;-9.9312168;-39.3249672;;NOVEMBRO;;;;;;;;Novembro 25;;;COMPLETO;;ER-CIND-POV-CAITITUS-CAITITUS 🕯️;;;;;;;;;;QLP;ENERGIZADA;CARLOS EDUARDO;1;20;20;19/11/2025;05/11/2025;11/11/2025;;SIM;SIM;;Ver no Mapa;05/11/2025;19/11/2025;19/11/2025;SIM;
;;1144762;;UAUÁ;;CONCLUÍDA;;;;;;;;;;1.2.2.2.3;100%;;;;;PEDRO LINO;ANDERSON;;-9.8468026;-39.4664253;;NOVEMBRO;;;;;;;;Novembro 25;;;COMPLETO;;SE UAU 34 5 13 8KV;;;;;;;;;;;ENERGIZADA;CARLOS EDUARDO;0;1;5;;;;;SIM;NÃO;;Ver no Mapa;23/10/2025;06/11/2025;06/11/2025;SIM;
;;1228505;;UAUÁ;;CONCLUÍDA;;;;;;;;;;7.1.2.3 ;100%;;;;;DOMINGOS;RODRIGUES;;-10.1044118;-39.4941886;;NOVEMBRO;;;;;;;;Novembro 25;;;COMPLETO;;ER-CIND-POV-S O PAULO-RURAL;;;;;;;;;;JUDICIAL;ENERGIZADA;CARLOS EDUARDO;1;5;5;;14/11/2025;17/11/2025;;;;;Ver no Mapa;17/11/2025;18/11/2025;18/11/2025;18/11/2025;
;;1092651;;SENTO SÉ;;CONCLUÍDA;;;;;;;;;;14.4.12.1;100%;;;;;JACSON;SANTIAGO;;-9.8048531;-41.4354007;;SETEMBRO;;;;;;;;Novembro 25;;;;;MP-CCOL-RUA DA CONCEIÇÃO-RURAL;;;;;;;;;;;ENERGIZADA;SANDRO SANTOS;3;15;15;;06/08/2025;04/09/2025;04/09/2025;SIM;SIM;;Ver no Mapa;;;04/09/2025;04/09/2025;
;;1141818;;CASA NOVA;;CONCLUÍDA;;;;;;;;;;7.1.2.2;100%;;;;;IVONALDO;SANTIAGO;;-9.3099092;-41.138693;;SETEMBRO;;;;;;;;Novembro 25;;;;IVONALDO / FERNANDO;ER-CIND-SI-PASCACIO-RURAL;;;;;;;;;;;CONCLUÍDA;SANDRO SANTOS;;0;0;26/09/2025;10/09/2025;26/09/2025;;NÃO;SIM;;Ver no Mapa;10/09/2025;26/09/2025;29/09/2025;29/09/2025;
;;1196624;;JUAZEIRO;;CONCLUÍDA;;;;;;;;;;7.1.1.3;100%;;;;;MANUTENÇÃO;ANDERSON;;-9.4449179;-40.5157863;;SETEMBRO;;;;;;;;Novembro 25;;;;;AC-CIND-RUA-MALHADA DA AREIA-MALHADA DA;;;;;;;;;;;CONCLUÍDA;VICTOR BARROS;1;0;;1;27/08/2025;27/09/2025;;SIM;SIM;;Ver no Mapa;13/08/2025;19/09/2025;19/09/2025;19/09/2025;
;;1166448;;JUAZEIRO;;CONCLUÍDA;;;;;;;;;;7.1.1.3;100%;;;;;RICARDO LV;ANDERSON;;-9.45761486;-40.487645;;SETEMBRO;;;;;;;;Novembro 25;;;;OURO;RU-CIND-AV-1-QDL-N33-DESTRITO INDUSTRIAL;;;;;;;;;;;ENERGIZADA;SANDRO SANTOS;;0;0;;05/09/2025;05/09/2025;;SIM;NÃO;;Ver no Mapa;05/09/2025;09/09/2025;09/09/2025;09/09/2025;
;;1205723;;JUAZEIRO;;CONCLUÍDA;;;;;;;;;;7.1.2.3;100%;;;;;PEDRO LINO;ANDERSON;;-9.5855604;-39.8828214;;SETEMBRO;;;;;;;;Novembro 25;;;;IVONALDO/ PEPEU;AC-CIND-POV-PINHOES-PINHOES;;;;;;;;;;;CONCLUÍDA;VICTOR BARROS;1;0;0;09/09/2025;09/09/2025;26/09/2025;;SIM;;;Ver no Mapa;;;09/09/2025;10/09/2025;
;;1203100;;UAUÁ;;CONCLUÍDA;;;;;;;;;;7.1.2.3;100%;;;;;MANUTENÇÃO;ANDERSON;;;;;SETEMBRO;;;;;;;;Novembro 25;;;;SOLICITAÇÃO DANIELA;AC-CIND-RUA-ANGELO PEREIRA SILVA-RURAL;;;;;;;;;;;CONCLUÍDA;;1;0;;;26/09/2025;26/09/2025;;NÃO;NÃO;;;26/09/2025;26/09/2025;26/09/2025;29/09/2025;
;;1233002;;REMANSO;;AVANÇO;;;;;;;;;;8.2.2.3;80%;;;;;;ANDERSON;;-9,508105;-43,0387036;;DEZEMBRO;;;;;;;;Novembro 25;;;;;ME-COEL-POV-AZULAO-ALTO DO BELA VISTA;;;;;;;;;;MELHORIA;NÃO INICIADA;MARLOS LOPES ;0;5;;;;;;SIM;NÃO;;Ver no Mapa;;;;;
;;1233010;;REMANSO;;AVANÇO;;;;;;;;;;8.2.2.3;80%;;;;;;ANDERSON;;-9,5572145;-43,054515;;DEZEMBRO;;;;;;;;Novembro 25;;;;;ME-CIND-RUA- AZULAO-ALTO DA BELA VISTA;;;;;;;;;;MELHORIA;NÃO INICIADA;MARLOS LOPES ;0;4;;;;;;SIM;NÃO;;Ver no Mapa;;;;;
;;1225098;;REMANSO;;AVANÇO;;;;;;;;;;8.2.2.3;80%;;;;;;ANDERSON;;-9,5148474;-43,3098654;;DEZEMBRO;;;;;;;;Novembro 25;;;;;ME-COEL-REATOR PG B707030-RMN-09X3;;;;;;;;;;MELHORIA;NÃO INICIADA;MARLOS LOPES ;0;6;;;;;;SIM;NÃO;;Ver no Mapa;;;;;
;;1227190;;SOBRADINHO;;CONCLUÍDA;;;;;;;;;;7.1.2.3;100%;;;;;JUAREZ;EDIE JONNES;;-9.4727577;-40.9236716;;DEZEMBRO;;;;;;;;Novembro 25;;;COMPLETO;3 EQUIPES;ER-CIND-POV-ALGODAO VELHO-RURAL;;;;;;;;;;QLP;CONCLUÍDA;SANDRO SANTOS;1;15;;;18/12/2025;19/12/2025;;SIM;NÃO;;Ver no Mapa;16/12/2025;19/12/2025;19/12/2025;SIM;
;;1044215;;SOBRADINHO;;CONCLUÍDA;;;;;;;;;;7.1.2.3;100%;;;;;JUAREZ;EDIE JONNES;;-9.5955852;-41.0431487;;DEZEMBRO;;;;;;;;Novembro 25;;;COMPLETO;3 EQUIPES ;AC-CIND-POV-BREJO DE DENTRO-RURAL;;;;;;;;;;QLP;CONCLUÍDA;SANDRO SANTOS;0;11;;;22/12/2025;23/12/2025;;NÃO;NÃO;;Ver no Mapa;22/12/2025;23/12/2025;23/12/2025;SIM;
;;1170764;;UAUÁ;;CONCLUÍDA;;;;;;;;;;8.2.1.3;100%;;;;;CARLOS EDUARDO;RODRIGUES;;-9.8301307;-39.4773741;;DEZEMBRO;;;;;;;;Novembro 25;;;COMPLETO;;ME-COEL-RUA-PAULO MACHADO -357🕯️;;;;;;;;;;NOVOS QUESTIONAMENTOS ANEEL;CONCLUÍDA;CARLOS EDUARDO;0;25;;;;24/12/2025;;;NÃO;;Ver no Mapa;20/11/2025;23/11/2025;23/11/2025;SIM;
;;1184625;;CASA NOVA;;CONCLUÍDA;;;;;;;;;;7.1.2.3;100%;;;;;PAULO;SANTIAGO;;-9.283943;-41.029831;;JANEIRO 2026;;;;;;;;Novembro 25;;;COMPLETO;;ER-CIND-POV-MALVAO-RURAL;;;;;;;;;;PRIORIDADE PLANO ANEEL;NÃO INICIADA;DIEGO ALMEIDA;1;1;;;15/01/2026;15/01/2026;;;NÃO;;Ver no Mapa;;;;;
;;1198610;;CASA NOVA;;CONCLUÍDA;;;;;;;;;;7.1.2.3;100%;;;;;PAULO;SANTIAGO;;-9.157261;-41.023223;;JANEIRO 2026;;;;;;;;Novembro 25;;;COMPLETO;;ER-CIND-ET-LAD SAO VITOR-RURAL-CASA NOVA;;;;;;;;;;PRIORIDADE PLANO ANEEL;CONCLUÍDA;DIEGO ALMEIDA;1;5;;;19/01/2026;20/01/2026;;;NÃO;;Ver no Mapa;09/01/2026;10/1/2026;;12/01/2026;
;;648638;;CASA NOVA;;RETIRADA COELBA;;;;;;;;;;7.1.2.3;100%;;;;;;;;;;;JANEIRO 2026;;;;;;;;Novembro 25;;;A SOLICITAR;;RR - INTERL. PARQUE EOLICO DE CASA NOVA;;;;;;;;;;GRUPO A;NÃO INICIADA;;0;1;;;;;;;NÃO;;Ver no Mapa;;;;;
;;1224493;;CASA NOVA;;PROGRAMADA;;;;;;;;;;7.1.2.3;100%;;;;;PAULO;SANTIAGO;;-9.12067;-41.164259;;JANEIRO 2026;;;;;;;;Novembro 25;;;COMPLETO;;ER-CIND-SI-ALGODAO-LAGEDO;;;;;;;;;;INSTITUCIONAL;NÃO INICIADA;DIEGO ALMEIDA;2;24;;;;30/01/2026;;;NÃO;;Ver no Mapa;;;;;
;;269848;;CASA NOVA;;AVANÇO;;;;;;;;;;14.7.3;40%;;;;;;PAULO JUNIOR;;-9.081642;-41.084308;;JANEIRO 2026;;;;;;;;Novembro 25;;;A SOLICITAR;;RR - SÍTIO PAU FERRO;;;;;;;;;;INSTITUCIONAL;NÃO INICIADA;DIEGO ALMEIDA;4;49;;;25/01/2026;23/04/2026;;;NÃO;;Ver no Mapa;;;;;
;;1200696;;CASA NOVA;;AVANÇO;;;;;;;;;;7.1.2.3;25%;;;;;PAULO;SANTIAGO;;-9.239918;-41.429965;;JANEIRO 2026;;;;;;;;Novembro 25;;;A SOLICITAR;;AC-CIND REG FV. SI BARRA - RURAL;;;;;;;;;;GOVERNO;NÃO INICIADA;MARLOS LOPES ;5;80;;;19/01/2026;26/02/2026;;;NÃO;;Ver no Mapa;;;;;
;;951810;;CASA NOVA;;RETIRADA COELBA;;;;;;;;;;7.1.2.3;40%;;;;;;PAULO JUNIOR;;-9.185962;-41.349378;;JANEIRO 2026;;;;;;;;Novembro 25;;;A SOLICITAR;PENDÊNCIA AMBIENTAL - NOTA INTERROMPIDA;AC-CCOL-POV CANOINHA-RURAL(REG FV);;;;;;;;;;QLA;NÃO INICIADA;;217;385;;;;;;;NÃO;;Ver no Mapa;;;;;
;;1146117;;CASA NOVA;;AVANÇO;;;;;;;;;;14.7.1;40%;;;;;;PAULO JUNIOR;;-9.239698;-41.78977;;JANEIRO 2026;;;;;;;;Novembro 25;;;A SOLICITAR;;MP-CCOL-POV DESTERRO-CAI ARA-RURAL-II;;;;;;;;;;GOVERNO;NÃO INICIADA;DIEGO ALMEIDA;14;455;;;08/01/2026;26/04/2026;;;NÃO;;Ver no Mapa;;;;;
;;763601;;CASA NOVA;;AVANÇO;;;;;;;;;;14.7.3;65%;;;;;;PAULO JUNIOR;;-9.1112573;-41.3759639;;JANEIRO 2026;;;;;;;;Novembro 25;;;A SOLICITAR;;MP-CCOL-POV CANOINHA-RURAL;;;;;;;;;;REPUTACIONAL;NÃO INICIADA;;25;541;;;04/10/2026;18/03/2026;;;NÃO;;Ver no Mapa;;;;;
;;724125;;CASA NOVA;;AVANÇO;;;;;;;;;;14.7.3;40%;;;;;;PAULO JUNIOR;;-9.244758;-41.26074;;JANEIRO 2026;;;;;;;;Novembro 25;;;A SOLICITAR;;MP-CCOL-REG PEDRA DO BATISTA-RURAL;;;;;;;;;;REPUTACIONAL;NÃO INICIADA;MARLOS LOPES ;36;715;;;30/01/2026;30/04/2026;;;NÃO;;Ver no Mapa;;;;;
;;852090;;CURAÇÁ;;AVANÇO;;;;;;;;;;14.7.3;40%;;;;;;;;-9.130781;-39.697986;;JANEIRO 2026;;;;;;;;Novembro 25;;;A SOLICITAR;;MP-CCOL-FAZ CARAÍBA-RURAL;;;;;;;;;;INSTITUCIONAL;NÃO INICIADA;CARLOS EDUARDO;27;300;;;23/01/2026;17/05/2026;;;NÃO;;Ver no Mapa;;;;;
;;1160620;;CURAÇÁ;;PROGRAMADA;;;;;;;;;;7.1.2.3;100%;;;;;EDVALDO;RODRIGUES;;-8.659391;-39.542661;;JANEIRO 2026;;;;;;;;Novembro 25;;;COMPLETO;;ER-CIND-POV-MATINHA-RURAL-ARVORE;;;;;;;;;;PRIORIDADE PLANO ANEEL;NÃO INICIADA;CARLOS EDUARDO;2;24;;;06/01/2026;19/01/2026;19/01/2026;;NÃO;;Ver no Mapa;;;;;
;;1138513;;CURAÇÁ;;RETIRADA COELBA;;;;;;;;;;7.1.2.3;100%;;;;;;IVONALDO;;-9.01472;-39.0901988;;JANEIRO 2026;;;;;;;;Novembro 25;;;A SOLICITAR;NOTA EM REVISÃO;ER-CCOL-POV-CURRAL VELHO-RURAL;;;;;;;;;;PRIORIDADE PLANO ANEEL;NÃO INICIADA;;3;20;;;;20/01/2026;30/01/2026;;NÃO;;Ver no Mapa;;;;;
;;1210465;;CURAÇÁ;;AVANÇO;;;;;;;;;;14.7.3;40%;;;;;;;;-9.384679;-39.695157;;JANEIRO 2026;;;;;;;;Novembro 25;;;COMPLETO;;ER-CIND-FAZ-LAMINHA-RURAL;;;;;;;;;;AVIFAUNA;NÃO INICIADA;CARLOS EDUARDO;3;31;;;31/01/2026;27/02/2026;;;NÃO;;Ver no Mapa;;;;;
;;982827;;CURAÇÁ;;AVANÇO;;;;;;;;;;7.1.2.3;25%;;;;;;;;-9.128851;-39.694123;;JANEIRO 2026;;;;;;;;Novembro 25;;;A SOLICITAR;;RR-CIND-POV-BAIXA DAS QUIXADEIRAS-RURAL;;;;;;;;;;;NÃO INICIADA;CARLOS EDUARDO;1;5;;;29/01/2026;26/02/2026;;;NÃO;;Ver no Mapa;;;;;
;;1235808;;JUAZEIRO;;CONCLUÍDA;;;;;;;;;;7.1.2.3;100%;;;;;PEDRO LINO;IVONALDO;;-9.448104;-40.507741;;JANEIRO 2026;;;;;;;;Novembro 25;;;COMPLETO;;UB-CIND-AV-IRMA DULCE 10-URBANA;;;;;;;;;;PRIORIDADE PLANO ANEEL;CONCLUÍDA;VICTOR BARROS;7;1;;;06/01/2026;06/01/2026;;NÃO;NÃO;;Ver no Mapa;05/01/2026;06/01/2026;06/01/2026;SIM;
;;1160900;;JUAZEIRO;;RETIRADA COELBA;;;;;;;;;;7.1.2.3;100%;;;;;FABIO;EDIE JONNES;;-9.4715635;-40.5446664;;JANEIRO 2026;;;;;;;;Novembro 25;;;COMPLETO;SAIU PARA REVISÃO ED AVISOU DIA 30/12 VIA WHATS;IT-GRUA-ET-JUNCO SALITRE 4512-JUNCO;;;;;;;;;;MMGD;NÃO INICIADA;;0;43;;;06/01/2026;31/01/2026;;;NÃO;;Ver no Mapa;;;;;
;;1161591;;JUAZEIRO;;CONCLUÍDA;;;;;;;;;;7.1.2.3;100%;;;;;NELSON;EDIE JONNES;;-9.225329;-40.295462;;JANEIRO 2026;;;;;;;;Novembro 25;;;COMPLETO;;RR-CIND-FAZ-MANICOBA VELHA-SISTEMA M;;;;;;;;;;PRIORIDADE PLANO ANEEL;ESCAVAÇÃO;DIEGO ALMEIDA;1;4;;;06/01/2026;07/01/2026;;NÃO;NÃO;;Ver no Mapa;;;;;
;;1145919;;JUAZEIRO;;CONCLUÍDA;;;;;;;;;;7.1.2.3;100%;;;;;FABIO;EDIE JONNES;;-9.201209;-40.236227;;JANEIRO 2026;;;;;;;;Novembro 25;;;COMPLETO;;MP CIND POV JUREMA VERMELHA RURAL;;;;;;;;;;RECLAMAÇÃO;CONCLUÍDA;DIEGO ALMEIDA;;15;;;06/01/2026;17/01/2026;;SIM;NÃO;;Ver no Mapa;;;;;
;;1101655;;JUAZEIRO;;RETIRADA COELBA;;;;;;;;;;7.1.6.3;100%;;;;;FABIO;EDIE JONNES;;-9.513002;-40.614879;;JANEIRO 2026;;;;;;;;Novembro 25;;;A SOLICITAR;SAIU PARA REVISÃO ED AVISOU DIA 30/12 VIA WHATS;AL - GRUA - ENT. JUNCO SALITRE - RURAL;;;;;;;;;;MMGD;NÃO INICIADA;VICTOR BARROS;0;75;;;07/01/2026;31/01/2026;;;NÃO;;Ver no Mapa;;;;;
;;1206096;;JUAZEIRO;;PROGRAMADA;;;;;;;;;;8.2.1.3;100%;;;;;NELSON;IVONALDO;;-9.4220855;-40.493182;;JANEIRO 2026;;;;;;;;Novembro 25;;;COMPLETO;;ME-COEL-CJN-QD D 20-SAO GERALDO;;;;;;;;;;NOVOS QUESTIONAMENTOS ANEEL;ESCAVAÇÃO;VICTOR BARROS;0;2;;;07/01/2026;12/01/2026;;NÃO;NÃO;;Ver no Mapa;;;;;
;;1171777;;JUAZEIRO;;CONCLUÍDA;;;;;;;;;;14.4.12.1;100%;;;;;NELSON;EDIE JONNES;;-9.060874;-40.230229;;JANEIRO 2026;;;;;;;;Novembro 25;;;COMPLETO;;ER - CIND POV PONTAL 22 -RURAL;;;;;;;;;;JUDICIAL;CONCLUÍDA;CARLOS EDUARDO;1;1;;;08/01/2026;08/01/2026;;NÃO;NÃO;;Ver no Mapa;;;;;
;;1211449;;JUAZEIRO;;CONCLUÍDA;;;;;;;;;;7.1.2.3;100%;;;;;NELSON;IVONALDO;;-9.190403;-40.285133;;JANEIRO 2026;;;;;;;;Novembro 25;;;COMPLETO;;AC-CIND-FAZ-MANICOBA-SISTEMA MANICOBA;;;;;;;;;;PRIORIDADE PLANO ANEEL;CONCLUÍDA;DIEGO ALMEIDA;1;2;;;08/01/2026;12/01/2026;;NÃO;NÃO;;Ver no Mapa;;10/01/2026;;;
;;1229081;;JUAZEIRO;;CONCLUÍDA;;;;;;;;;;7.1.2.3;100%;;;;;DOMINGOS;IVONALDO;;-9.511133;-39.950607;;JANEIRO 2026;;;;;;;;Novembro 25;;;COMPLETO;;ER-CIND-POV-TANQUE NOVO-RURAL;;;;;;;;;;QLA;CONCLUÍDA;CARLOS EDUARDO;;0;;;10/01/2026;12/01/2026;;NÃO;NÃO;;Ver no Mapa;;;;;
;;1205091;;JUAZEIRO;;PROGRAMADA;;;;;;;;;;7.1.2.3;100%;;;;;FABIO;IVONALDO;;-9.32959;-40.297117;;JANEIRO 2026;;;;;;;;Novembro 25;;;COMPLETO;;AC-CIND-AV-JORGE KHOURY-VILA SANTA INES;;;;;;;;;;PRIORIDADE PLANO ANEEL;NÃO INICIADA;DIEGO ALMEIDA;1;0;;;12/01/2026;12/01/2026;;NÃO;NÃO;;Ver no Mapa;;;;;
;;1182462;;JUAZEIRO;;CONCLUÍDA;;;;;;;;;;7.1.2.3;100%;;;;;NELSON;IVONALDO;;-9.498119;-40.186957;;JANEIRO 2026;;;;;;;;Novembro 25;;;COMPLETO;;ER-CIND-POV-LAGOA DOS BOIS 23-RURAL;;;;;;;;;;PRIORIDADE PLANO ANEEL;CONCLUÍDA;SANDRO SANTOS;1;1;;;12/01/2026;12/01/2026;;NÃO;NÃO;;Ver no Mapa;;;;;
;;1203240;;JUAZEIRO;;CONCLUÍDA;;;;;;;;;;7.1.2.3;100%;;;;;JUAREZ;IVONALDO;;-9.420795;-40.512504;;JANEIRO 2026;;;;;;;;Novembro 25;;;COMPLETO;;AC-CIND-RUA-MARIA D LEITE 37-A-J VITORIA;;;;;;;;;;PRIORIDADE PLANO ANEEL;CONCLUÍDA;SANDRO SANTOS;1;1;;;12/01/2026;12/01/2026;;SIM;NÃO;;Ver no Mapa;;;;;
;;1214239;;JUAZEIRO;;CONCLUÍDA;;;;;;;;;;7.1.2.3;100%;;;;;PEDRO LINO;ANDERSON;;-9.402634;-40.351189;;JANEIRO 2026;;;;;;;;Novembro 25;;;COMPLETO;;IE-RELIGADOR-ROD. BA210-SPECIAL FRUIT;;;;;;;;;;REPUTACIONAL;EQUIPAMENTO;DIEGO ALMEIDA;0;1;;;13/01/2026;14/01/2026;;NÃO;NÃO;;Ver no Mapa;;;;;
;;1210502;;JUAZEIRO;;CONCLUÍDA;;;;;;;;;;7.1.2.3;100%;;;;;PEDRO LINO;EDIE JONNES;;-9.247476;-40.299739;;JANEIRO 2026;;;;;;;;Novembro 25;;;COMPLETO;;ER-CIND-FAZ-MANICOBA VELHA I 10-SISTEMA;;;;;;;;;;PRIORIDADE PLANO ANEEL;NÃO INICIADA;DIEGO ALMEIDA;1;1;;;15/01/2026;15/01/2026;;SIM;NÃO;;Ver no Mapa;;;;;
;;1186376;;CASA NOVA;;RETIRADA COELBA;;;;;;;;;;7.1.2.3;100%;;;;;;SANTIAGO;;-9.297649;-40.832321;;JANEIRO 2026;;;;;;;;Novembro 25;;;A SOLICITAR;SAIU DA CARTEIRA ED INFORMOU DIA 30/12;ER-CIND-RUA-LAD SANTANA 911-RURAL;;;;;;;;;;PRIORIDADE PLANO ANEEL;NÃO INICIADA;;1;1;;14/01/2026;14/01/2026;30/01/2026;;;NÃO;;Ver no Mapa;;;;;
;;1182483;;JUAZEIRO;;CONCLUÍDA;;;;;;;;;;7.1.2.3;100%;;;;;NELSON;EDIE JONNES;;-9.241409;-40.240577;;JANEIRO 2026;;;;;;;;Novembro 25;;;COMPLETO;;AC-CIND-POV-JAZIDA 07-JAZIDA;;;;;;;;;;PRIORIDADE PLANO ANEEL;NÃO INICIADA;DIEGO ALMEIDA;1;3;;;16/01/2026;16/01/2026;;NÃO;NÃO;;Ver no Mapa;;;;;
;;1235654;;JUAZEIRO;;CONCLUÍDA;;;;;;;;;;7.1.2.3;100%;;;;;JOSE DA SILVA;IVONALDO;;-9.621671;-40.54422;;JANEIRO 2026;;;;;;;;Novembro 25;;;COMPLETO;;ER-CIND-FAZ-MANGA-RIO SALITRE;;;;;;;;;;JUDICIAL;CONCLUÍDA;SANDRO SANTOS;1;1;;;17/01/2026;17/01/2026;;NÃO;NÃO;;Ver no Mapa;;13/01/2026;;;
;;1215540;;JUAZEIRO;;CONCLUÍDA;;;;;;;;;;7.1.2.3;100%;;;;;NELSON;IVONALDO;;-9.473941;-40.677269;;JANEIRO 2026;;;;;;;;Novembro 25;;;COMPLETO;;AC-PREF-POV-SAO GONCALO 17-SAO GONCALO;;;;;;;;;;GOVERNO;CONCLUÍDA;SANDRO SANTOS;1;3;;30/01/2026;19/01/2026;20/01/2026;;NÃO;NÃO;;Ver no Mapa;;;;;
;;1231940;;JUAZEIRO;;CONCLUÍDA;;;;;;;;;;8.2.1.3;100%;;;;;NELSON;IVONALDO;;-9.425472;-40.510967;;JANEIRO 2026;;;;;;;;Novembro 25;;;COMPLETO;;ME-COEL-AV-2-LOT SOL LEVANTE;;;;;;;;;;NOVOS QUESTIONAMENTOS ANEEL;CONCLUÍDA;SANDRO SANTOS;0;5;;;20/01/2026;20/01/2026;;NÃO;NÃO;;Ver no Mapa;;;;;
;;1234127;;JUAZEIRO;;PROGRAMADA;;;;;;;;;;8.3.2.3;100%;;;;;NELSON;IVONALDO;;-9.4342076;-40.501419;;JANEIRO 2026;;;;;;;;Novembro 25;;;A SOLICITAR;;RC-PREF-AV-B ALMEIDA MORAES-J S PAULO;;;;;;;;;;GOVERNO;NÃO INICIADA;SANDRO SANTOS;0;35;;;12/01/2026;31/01/2026;;NÃO;NÃO;;Ver no Mapa;;;;;
;;1048624;;JUAZEIRO;;EM EXECUÇÃO;;;;;;;;;;14.7.3;100%;;;;;FABIO;EDIE JONNES;;-9.232949;-40.234116;;JANEIRO 2026;;;;;;;;Novembro 25;;;COMPLETO;;MP-CCOL-POV-JAZILDA-RURAL;;;;;;;;;;SOLICITAÇÃO ATENDIMENTO;ESCAVAÇÃO;CARLOS EDUARDO;2;34;;;19/01/2026;30/01/2026;;NÃO;NÃO;;Ver no Mapa;;;;;
;;1167094;;JUAZEIRO;;AVANÇO;;;;;;;;;;14.4.12.1;50%;;;;;;IVONALDO;;-9.800948;-40.344051;;JANEIRO 2026;;;;;;;;Novembro 25;;;COMPLETO;;MP CIND FAZ. CIPO JUREMAL RURAL;;;;;;;;;;JUDICIAL;NÃO INICIADA;SANDRO SANTOS;1;33;;;28/01/2026;28/02/2026;;NÃO;NÃO;;Ver no Mapa;;;;;
;;1024327;;JUAZEIRO;;AVANÇO;;;;;;;;;;14.7.3;40%;;;;;;EDIE JONNES;;-9.3835;-40.275377;;JANEIRO 2026;;;;;;;;Novembro 25;;;A SOLICITAR;;ER-CIND-POV-CALDEIRAOZINHO-RURAL;;;;;;;;;;SOLICITAÇÃO ATENDIMENTO;NÃO INICIADA;CARLOS EDUARDO;5;41;;;26/01/2026;05/03/2026;;NÃO;NÃO;;Ver no Mapa;;;;;
;;1120283;;JUAZEIRO;;EM EXECUÇÃO;;;;;;;;;;8.3.2.3;100%;;;;;GISMARIO;EDIE JONNES;;-9.4250931;-40.5049497;;JANEIRO 2026;;;;;;;;Novembro 25;;;COMPLETO;;RC-CIND-AV-DR ADOLFO VIANA-CENTRO;;;;;;;;;;INSTITUCIONAL;NÃO INICIADA;CARLOS EDUARDO;0;45;;;;28/02/2026;;NÃO;NÃO;;Ver no Mapa;;;;;
;;1159894;;JUAZEIRO;;EM EXECUÇÃO;;;;;;;;;;7.1.1.3;100%;;;;;JUAREZ;IVONALDO;;-9.454890;-40.514309;;JANEIRO 2026;;;;;;;;Novembro 25;;;PARCIAL;;UB-CIND-RUA-JUAZEIRO-2;;;;;;;;;;GOVERNO;NÃO INICIADA;VICTOR BARROS;0;66;;;;30/01/2026;;SIM;SIM;;Ver no Mapa;;;;;
;;1162058;;JUAZEIRO;;EM EXECUÇÃO;;;;;;;;;;7.1.2.3;100%;;;;;CARLOS EDUARDO;RODRIGUES;;-9.464869;-40.3234571;;JANEIRO 2026;;;;;;;;Novembro 25;;;PARCIAL;chi elevado não consegue desligamento esse ano;ER-CIND-FAZ-MASSAYO-RURAL;;;;;;;;;;REPUTACIONAL;ESCAVAÇÃO;VICTOR BARROS;0;37;;;;31/01/2026;;SIM;SIM;;Ver no Mapa;;;;;
;;1162074;;JUAZEIRO;;EM EXECUÇÃO;;;;;;;;;;7.1.2.3;100%;;;;;CARLOS EDUARDO;RODRIGUES;;-9.4570754;-40.3571651;;JANEIRO 2026;;;;;;;;Novembro 25;;;SO CONCRETO;Material retirado para o reator / MARCAR DESLIGAMENTO;AC-CIND-FAZ-MASSAYO-RURAL;;;;;;;;;;REPUTACIONAL;IMPLANTAÇÃO;VICTOR BARROS;0;46;;;;31/01/2026;;SIM;SIM;;Ver no Mapa;;;;;
;;1176752;;PILÃO ARCADO;;CONCLUÍDA;;;;;;;;;;7.1.2.3;100%;;;;;JACSON;SANTIAGO;;-10.243537;-43.676564;;JANEIRO 2026;;;;;;;;Novembro 25;;;COMPLETO;;ER-CIND-POV-LAGOA REDONDA-RURAL;;;;;;;;;;PRIORIDADE PLANO ANEEL;CONCLUÍDA;MARLOS LOPES ;1;1;;15/01/2026;15/01/2026;15/01/2026;;;NÃO;;Ver no Mapa;;;;;
;;1225928;;PILÃO ARCADO;;CONCLUÍDA;;;;;;;;;;7.1.2.3;100%;;;;;JACSON;SANTIAGO;;-9.756372;-42.594717;;JANEIRO 2026;;;;;;;;Novembro 25;;;COMPLETO;;ER-CIND-SI-BARRERINHO-RURAL-PILAO ARCADO;;;;;;;;;;PRIORIDADE PLANO ANEEL;NÃO INICIADA;MARLOS LOPES ;4;13;;29/01/2026;26/01/2026;30/01/2026;;;NÃO;;Ver no Mapa;;;;;
;;1113834;;PILÃO ARCADO;;A PROGRAMAR;;;;;;;;;;7.1.2.3;100%;;;;;;SANTIAGO;;-9.9331343;-43.902232;;JANEIRO 2026;;;;;;;;Novembro 25;;;A SOLICITAR;;AC-CIND ESCOLA MUN.DE BREJINHO-RURAL;;;;;;;;;;PRIORIDADE PLANO ANEEL;NÃO INICIADA;;65;20;;;08/07/2025;28/02/2026;;;NÃO;;Ver no Mapa;;;;;
;;1067400;;PILÃO ARCADO;;AVANÇO;;;;;;;;;;7.1.2.3;40%;;;;;JACSON;SANTIAGO;;-10.426101;-42.569698;;JANEIRO 2026;;;;;;;;Novembro 25;;;A SOLICITAR;;MP CIND CIND POV QUEIMADAS RURAL;;;;;;;;;;JUDICIAL;NÃO INICIADA;MARLOS LOPES ;106;331;;;29/01/2026;29/04/2026;;;NÃO;;Ver no Mapa;;;;;
;;1172296;;PILÃO ARCADO;;RETIRADA COELBA;;;;;;;;;;8.1.1.3;33%;;;;;;SANTIAGO;;-9.727972;-43.504296;;JANEIRO 2026;;;;;;;;Novembro 25;;;A SOLICITAR;FORA DO CADERNO DE OBRAS;ME CIND AG AGUAS BELAS RURAL;;;;;;;;;;AL/MELHORAMENTO;NÃO INICIADA;;0;80;;;;31/03/2026;;;NÃO;;Ver no Mapa;;;;;
;;478517;;REMANSO;;AVANÇO;;;;;;;;;;14.7.3;40%;;;;;;PAULO JUNIOR;;-9.614871;-41.801225;;JANEIRO 2026;;;;;;;;Novembro 25;;;A SOLICITAR;;MP-CCOL-POV. DE MONTE ALEGRE-RURAL;;;;;;;;;;JUDICIAL;NÃO INICIADA;MARLOS LOPES ;52;580;;;25/01/2026;27/06/2026;;;NÃO;;Ver no Mapa;;;;;
;;1200645;;REMANSO;;PROGRAMADA;;;;;;;;;;7.1.2.3;100%;;;;;;PAULO JUNIOR;;-9.42607;-42.387157;;JANEIRO 2026;;;;;;;;Novembro 25;;;COMPLETO;;AC-CIND- POV.MORRO BRANCO (F.V.)-RURAL;;;;;;;;;;PRIORIDADE PLANO ANEEL;NÃO INICIADA;MARLOS LOPES ;1;8;;;12/01/2026;30/01/2026;;;NÃO;;Ver no Mapa;;;;;
;;1233002;;REMANSO;;PROGRAMADA;;;;;;;;;;8.2.2.3;100%;;;;;PEDRO LINO;ANDERSON;;-9.5572145;-43.054515;;JANEIRO 2026;;;;;;;;Novembro 25;;;A SOLICITAR;SERÁ EXECUTADA A PARTIR DE FEVEREIRO ;ME-COEL-POV-AZULAO-ALTO DO BELA VISTA;;;;;;;;;;EQUIPAMENTO;NÃO INICIADA;MARLOS LOPES ;0;5;;;;26/01/2026;31/01/2026;;NÃO;;Ver no Mapa;;;;;
;;1233010;;REMANSO;;PROGRAMADA;;;;;;;;;;8.2.2.3;100%;;;;;PEDRO LINO;ANDERSON;;-9.5572145;-43.054515;;JANEIRO 2026;;;;;;;;Novembro 25;;;A SOLICITAR;SERÁ EXECUTADA A PARTIR DE FEVEREIRO ;ME-CIND-RUA- AZULAO-ALTO DA BELA VISTA;;;;;;;;;;EQUIPAMENTO;NÃO INICIADA;MARLOS LOPES ;0;4;;;;19/01/2026;23/01/2026;;NÃO;;Ver no Mapa;;;;;
;;1167101;;REMANSO;;A PROGRAMAR;;;;;;;;;;14.7.3;100%;;;;;;PAULO JUNIOR;;-9.418078;-42.371301;;JANEIRO 2026;;;;;;;;Novembro 25;;;COMPLETO;;MP CIND POV MORRO BRANCO MORRO BRANCO RU;;;;;;;;;;LPT;NÃO INICIADA;MARLOS LOPES ;4;28;;;12/01/2026;30/01/2026;;;NÃO;;Ver no Mapa;;;;;
;;1024327;;JUAZEIRO;;PROGRAMADA;;;;;;;;;;14.7.3;50%;;;;;;EDIE JONNES;;-9,3837713;-40,2750484;;JANEIRO 2026;;;;;;;;Novembro 25;;;A SOLICITAR;;ER-CIND-POV-CALDEIRAOZINHO-RURAL;;;;;;;;;;SOLICITAÇÃO ATENDIMENTO;ESCAVAÇÃO;CARLOS EDUARDO;5;41;;;26/01/2026;05/03/2026;;;NÃO;;;;;;;
;;1195628;;REMANSO;;CONCLUÍDA;;;;;;;;;;7.1.2.3;100%;;;;;MAURICIO;PAULO JUNIOR;;-9.8978826;-42.2925298;;JANEIRO 2026;;;;;;;;Novembro 25;;;COMPLETO;;ER-CIND-POV-MALHADINHA-NOVA ESPERANCA;;;;;;;;;;PRIORIDADE PLANO ANEEL;CONCLUÍDA;MARLOS LOPES ;1;1;;;;21/01/2026;21/01/2026;;NÃO;;Ver no Mapa;;;;;
;;1200640;;REMANSO;;A PROGRAMAR;;;;;;;;;;14.7.3;100%;;;;;JACSON;SANTIAGO;;-9.42323989;-42.3867945;;JANEIRO 2026;;;;;;;;Novembro 25;;;COMPLETO;;RR-CIND-POV-MORRO BRANCO-RURAL;;;;;;;;;;LPT;NÃO INICIADA;MARLOS LOPES ;2;26;;;12/01/2026;31/01/2026;;;NÃO;;Ver no Mapa;;;;;
;;1126380;;SENTO SÉ;;CONCLUÍDA;;;;;;;;;;7.1.2.3;100%;;;;;WAGNER;EDIE JONNES;;-9.826315;-41.4656082;;JANEIRO 2026;;;;;;;;Novembro 25;;;COMPLETO;;LD-CIND-FAZ S O JOAO-RURAL-STS;;;;;;;;;;JUDICIAL;NÃO INICIADA;SANDRO SANTOS;2;19;;;21/01/2026;26/01/2026;;;NÃO;;Ver no Mapa;;;;;
;;1225704;;SENTO SÉ;;PROGRAMADA;;;;;;;;;;7.1.2.3;100%;;;;;WAGNER;EDIE JONNES;;-9.873594;-41.081387;;JANEIRO 2026;;;;;;;;Novembro 25;;;COMPLETO;;ER-CIND-POV-JUNCO 10-JUNCO;;;;;;;;;;QLP;NÃO INICIADA;SANDRO SANTOS;1;14;;;23/01/2026;27/01/2026;;;NÃO;;Ver no Mapa;;;;;
;;1173082;;SENTO SÉ;;PROGRAMADA;;;;;;;;;;14.4.12.1;100%;;;;;WAGNER;EDIE JONNES;;-10.315422;-41.8298749;;JANEIRO 2026;;;;;;;;Novembro 25;;;COMPLETO;;ER-CIND-POV-SÃO PEDRO-RURAL;;;;;;;;;;RECLAMAÇÃO;NÃO INICIADA;SANDRO SANTOS;1;3;;;27/01/2026;28/01/2026;;;NÃO;;Ver no Mapa;;;;;
;;1225301;;SENTO SÉ;;PROGRAMADA;;;;;;;;;;7.1.2.3;100%;;;;;WAGNER;EDIE JONNES;;-9.738677;-41.977129;;JANEIRO 2026;;;;;;;;Novembro 25;;;COMPLETO;;ER-CIND-POV-ILHA ANDORINHA-RURAL;;;;;;;;;;QLP;NÃO INICIADA;SANDRO SANTOS;2;8;;;28/01/2026;31/01/2026;;;NÃO;;Ver no Mapa;;;;;
;;1226571;;SENTO SÉ;;PROGRAMADA;;;;;;;;;;7.1.2.3;100%;;;;;WAGNER;EDIE JONNES;;-9.863622;-41.793853;;JANEIRO 2026;;;;;;;;Novembro 25;;;COMPLETO;PENDENTE TRAFO;RR-CIND-FAZ-SANDRA -RURAL;;;;;;;;;;PRIORIDADE PLANO ANEEL;NÃO INICIADA;SANDRO SANTOS;1;3;;;29/01/2026;30/01/2026;;;NÃO;;Ver no Mapa;;;;;
;;1117330;;UAUÁ;;CONCLUÍDA;;;;;;;;;;14.4.12.1;100%;;;;;DOMINGOS;RODRIGUES;;-10.01758;-39.545825;;JANEIRO 2026;;;;;;;;Novembro 25;;;COMPLETO;;LD - CIND - POV TESTA BRANCA - RURAL;;;;;;;;;;SOLICITAÇÃO ATENDIMENTO;CONCLUÍDA;CARLOS EDUARDO;1;12;;;06/01/2026;10/1/2026;;SIM;NÃO;;Ver no Mapa;;;;;
;;1234256;;UAUÁ;;CONCLUÍDA;;;;;;;;;;7.1.2.3;100%;;;;;DOMINGOS;RODRIGUES;;-9.891204;-39.491032;;JANEIRO 2026;;;;;;;;Novembro 25;;;COMPLETO;;ER-CIND-FAZ-PRACA DOS MENEZES-RURAL;;;;;;;;;;PRIORIDADE PLANO ANEEL;CONCLUÍDA;CARLOS EDUARDO;1;0;;;12/01/2026;12/01/2026;;;NÃO;;Ver no Mapa;;;;;
;;1234504;;UAUÁ;;CONCLUÍDA;;;;;;;;;;7.1.2.3;100%;;;;;DOMINGOS;RODRIGUES;;-10.049202;-39.508504;;JANEIRO 2026;;;;;;;;Novembro 25;;;COMPLETO;;ER-CIND-FAZ-SERRA DO SOBRADO-RURAL;;;;;;;;;;PRIORIDADE PLANO ANEEL;NÃO INICIADA;CARLOS EDUARDO;1;3;;;13/01/2026;13/01/2026;;;NÃO;;Ver no Mapa;;;;;
;;1202932;;UAUÁ;;AVANÇO;;;;;;;;;;8.6.3;50%;;;;;DOMINGOS;RODRIGUES;;-9.95468;-39.207082;;JANEIRO 2026;;;;;;;;Novembro 25;;;COMPLETO;;IS-COEL-POV-ALTO-DO CONCELHEIRO;;;;;;;;;;GOVERNO;NÃO INICIADA;CARLOS EDUARDO;0;5;;3 DESLIGAMENTOS;14/01/2026;26/01/2026;;;NÃO;;Ver no Mapa;;;;;
;;1233357;;UAUÁ;;CONCLUÍDA;;;;;;;;;;7.1.2.3;100%;;;;;DOMINGOS;RODRIGUES;;-9.843976;-39.489286;;JANEIRO 2026;;;;;;;;Novembro 25;;;COMPLETO;;UB-CIND-RUA-BELA VISTA-CENTRO;;;;;;;;;;PRIORIDADE PLANO ANEEL;CONCLUÍDA;CARLOS EDUARDO;1;5;;;16/01/2026;16/01/2026;;;NÃO;;Ver no Mapa;;;;;
;;1211540;;JUAZEIRO;;CONCLUÍDA;;;;;;;;;;8.3.2.3;100%;;;;;NELSON;IVONALDO;;-9.425352;-40.490752;;JANEIRO 2026;;;;;;;;Novembro 25;;;COMPLETO;;ME-COEL-RUA-AGUAS BELAS-M AREIA-URBANA;;;;;;;;;;AL/MELHORAMENTO;CONCLUÍDA;DIEGO ALMEIDA;0;2;;30/01;29/01/2026;07/02/2026;;;NÃO;;Ver no Mapa;;;;;
;;1211728;;JUAZEIRO;;CONCLUÍDA;;;;;;;;;;8.3.2.3;100%;;;;;NELSON;IVONALDO;;-9.492639;-40.4701646;;JANEIRO 2026;;;;;;;;Novembro 25;;;COMPLETO;;ME-COEL-TRAF J01059-DIJ-01J2;;;;;;;;;;AL/MELHORAMENTO;CONCLUÍDA;DIEGO ALMEIDA;0;1;;DESLIGAMENTO DIA 22/01;;;;;NÃO;;Ver no Mapa;;;;;
;;1228857;;JUAZEIRO;;RETIRADA COELBA;;;;;;;;;;7.1.2.3;100%;;;;;NELSON;IVONALDO;;-9.8490016;-40.1601927;;JANEIRO 2026;;;;;;;;Novembro 25;;;A SOLICITAR;Retirada da programação por conta da impossibilidade executiva.;ER-CERB-POV-PAPAGAIO-RURAL;;;;;;;;;;GOVERNO;NÃO INICIADA;SANDRO SANTOS;1;2;;;28/01/2026;30/01/2026;;;NÃO;;Ver no Mapa;;;;;
;;1189765;;JUAZEIRO;;A PROGRAMAR;;;;;;;;;;8.2.1.3;100%;;;;;NELSON;IVONALDO;;-9.4141514;-40.5052186;;JANEIRO 2026;;;;;;;;Novembro 25;;;COMPLETO;;ME-COEL-AV-AGUAS BELAS-MALHADA DA AREIA;;;;;;;;;;AL/MELHORAMENTO;NÃO INICIADA;SANDRO SANTOS;0;1;;DESLIGAMENTO DIA 28/01;27/01/2026;27/01/2026;;;NÃO;;Ver no Mapa;;;;;
;;1238850;;SENTO SÉ;;PROGRAMADA;;;;;;;;;;8.1.4.2;100%;;;;;WAGNER ;EDIE JONNES;;-9.7618919;-41.9323564;;JANEIRO 2026;;;;;;;;Novembro 25;;;COMPLETO;;EQ-CIND-POV-ITAPERA-RURAL;;;;;;;;;;REPUTACIONAL;NÃO INICIADA;SANDRO SANTOS;0;0;;;23/01/2026;30/01/2026;;;NÃO;;;;;;;
;;1194018;;JUAZEIRO;;CONCLUÍDA;;;;;;;;;;8.2.1.3;100%;;;;;NELSON;IVONALDO;;-9.4165651;-40.5247917;;JANEIRO 2026;;;;;;;;Novembro 25;;;COMPLETO;;ME-COEL-AG AGUAS BELAS-MALHADA DA AREIA;;;;;;;;;;;CONCLUÍDA;SANDRO SANTOS;0;1;;DESLIGAMENTO DIA 26/01;28/01/2026;28/01/2026;;;NÃO;;Ver no Mapa;;;;;
;;1229077;;CASA NOVA;;CONCLUÍDA;;;;;;;;;;7.1.2.3;100%;;;;;;MICHEL;;-9.394975;-41.230686;;janeiro 2026;;;;;;;;Novembro 25;;;COMPLETO;;ER-CIND-POV-BAIXAO-RURAL;;;;;;;;;;OBRAS ÁGEIS;CONCLUÍDA;DIEGO ALMEIDA;1;2;;;30/01/2026;30/01/2026;;;NÃO;;Ver no Mapa;;;;;
;;1195081;;REMANSO;;PROGRAMADA;;;;;;;;;;7.1.2.3;100%;;;;;PEDRO LINO;ANDERSON;;-9.6019523;-42.0840707;;janeiro 2026;;;;;;;;Novembro 25;;;COMPLETO;;EQ COEL ROD BR 324 RURAL;;;;;;;;;;EQUIPAMENTO;ESCAVAÇÃO;MARLOS LOPES ;1;2;;;10/01/2026;30/01/2026;;SIM;SIM;;Ver no Mapa;;;;;
;;1166759;;CASA NOVA;;CONCLUÍDA;;;;;;;;;;7.1.2.3;100%;;;;;PAULO;SANTIAGO;;-9.6295349;-41.8396333;;janeiro 2026;;;;;;;;Novembro 25;;;COMPLETO;;AC-CIND-POV-PARA RURAL-BEM BOM 📸;;;;;;;;;;QLP;CONCLUÍDA;DIEGO ALMEIDA;0;2;;;16/01/2026;16/01/2026;;;NÃO;;Ver no Mapa;;16/01/2026;16/01/2026;;
;;1176138;;CASA NOVA;;CONCLUÍDA;;;;;;;;;;7.1.2.3;100%;;;;;PAULO;SANTIAGO;;-9.618595;-41.6521913;;janeiro 2026;;;;;;;;Novembro 25;;;COMPLETO;;IT-CIND-POV-PAU A PIQUE-RURAL;;;;;;;;;;RECLAMAÇÃO;CONCLUÍDA;DIEGO ALMEIDA;0;1;;;;;;SIM;NÃO;;Ver no Mapa;;;;;
;;1229394;;CURAÇÁ;;CONCLUÍDA;;;;;;;;;;7.1.2.3;100%;;;;;DOMINGOS;RODRIGUES;;-8.710615;-39.439593;;janeiro 2026;;;;;;;;Novembro 25;;;COMPLETO;;ER-CIND-POV-PEDRA BRANCA-RURAL;;;;;;;;;;QLP;ESCAVAÇÃO;CARLOS EDUARDO;17;4;;;15/01/2026;23/01/2026;;;NÃO;;Ver no Mapa;;;;;
;;1225098;;REMANSO;;EM EXECUÇÃO;;;;;;;;;;8.2.2.3;100%;;;;;;SANTIAGO;;-9.514847;-43.309865;;janeiro 2026;;;;;;;;Novembro 25;;;VIA E-MAIL;;ME-COEL-REATOR PG B707030-RMN-09X3;;;;;;;;;;EQUIPAMENTO;EQUIPAMENTO;MARLOS LOPES ;0;6;;;17/12/2025;22/12/2025;;SIM;NÃO;;Ver no Mapa;;;;;
;;1225155;;REMANSO;;CONCLUÍDA;;;;;;;;;;8.2.2.3;100%;;;;;;SANTIAGO;;-9.4888497;-43.515759;;janeiro 2026;;;;;;;;Novembro 25;;;COMPLETO;;ME-COEL-POV-AZULAO-ALTO DA BELA VISTA;;;;;;;;;;MELHORIA;EQUIPAMENTO;MARLOS LOPES ;0;5;;;;30/12/2025;;SIM;NÃO;;Ver no Mapa;;;;;
;;;;;;;;;;;;;;;;;;;;;;;;;;;;;;;;;;;;Novembro 25;;;;;;;;;;;;;;;;;;;;;;;;;;;;;;;;;
;;1246076;;JUAZEIRO;;CONCLUÍDA;;;;;;;;;;;100%;;;;;GISMARIO;EDIE JONNES;;;;;janeiro 2026;;;;;;;;Novembro 25;;;;;RC-PREF-TRV-ALTO DA -MARAVILHA;;;;;;;;;;OBRA DE URGÊNCIA;;SANDRO SANTOS;1;3;;;;;;;;;Ver no Mapa;;;;;
;;1240861;;;;;;;;;;;;;;;;;;;;;;;;;;;;;;;;;;Novembro 25;;;;;;;;;;;;;;;;;;;;;;;;;;;;;;;;;
