NOTA;DATA DO CONTATO;DATA DO RETORNO;MUNICIPIO;RESPONSAVEL;STATUS;CONFORMIDADE
4506185867;2024-08-30;;SENHOR DO BONFIM;ITHALLO;Apto;Apto
4506206395;2024-08-30;;SENHOR DO BONFIM;ITHALLO;Aguardando Retorno;
4506215509;2024-08-30;;SENHOR DO BONFIM;ITHALLO;Inapto;Obra
4506217800;2024-08-30;;SENHOR DO BONFIM;ITHALLO;Inapto;Deficiencia tecnica
4506221388;2024-08-28;2024-08-28;SENHOR DO BONFIM;ITHALLO;Apto;Apto
4506226263;2024-08-30;;SENHOR DO BONFIM;ITHALLO;Aguardando Retorno;
4506227937;2024-08-30;;SENHOR DO BONFIM;ITHALLO;Inapto;Deficiencia tecnica
4506228905;2024-08-30;2024-08-30;SENHOR DO BONFIM;ITHALLO;Inapto;Obra
4506232454;2024-08-30;;SENHOR DO BONFIM;ITHALLO;Inapto;Deficiencia tecnica
4506235927;2024-08-29;;SENHOR DO BONFIM;ITHALLO;Aguardando Retorno;
4506240937;2024-08-28;;SENHOR DO BONFIM;ITHALLO;Aguardando Retorno;
4506240944;2024-08-28;2024-08-29;SENHOR DO BONFIM;ITHALLO;Apto;Apto
4506241457;2024-08-28;2024-08-29;SENHOR DO BONFIM;ITHALLO;Inapto;Deficiencia tecnica
4506241992;2024-08-28;2024-08-30;SENHOR DO BONFIM;ITHALLO;Apto;Apto
4506242992;2024-08-28;2024-08-28;SENHOR DO BONFIM;ITHALLO;Inapto;Irregularidade do Padrao
4506243859;2024-08-30;;SENHOR DO BONFIM;ITHALLO;Apto;Apto
4506245946;2024-08-28;2024-08-28;SENHOR DO BONFIM;ITHALLO;Apto;Apto
4506246408;2024-08-28;;SENHOR DO BONFIM;ITHALLO;Aguardando Retorno;
4506246985;2024-08-30;;SENHOR DO BONFIM;ITHALLO;Inapto;Cadastro Incorreto
4506247387;2024-08-29;2024-08-30;SENHOR DO BONFIM;FRANKLYN ;Apto;Apto
4506247965;2024-08-28;;SENHOR DO BONFIM;ITHALLO;Inapto;Sem contato
4506248289;2024-08-28;2024-08-28;SENHOR DO BONFIM;ITHALLO;Apto;Apto
4506248323;2024-08-28;;SENHOR DO BONFIM;ITHALLO;Aguardando Retorno;
4506248398;2024-08-30;;SENHOR DO BONFIM;ITHALLO;Inapto;Sem acesso
4506249458;2024-08-30;;SENHOR DO BONFIM;ITHALLO;Inapto;Deficiencia tecnica
4506249466;2024-08-29;;SENHOR DO BONFIM;ITHALLO;Aguardando Retorno;
4506249480;2024-08-29;2024-08-02;SENHOR DO BONFIM;ITHALLO;Apto;Apto
4506249760;2024-08-28;;SENHOR DO BONFIM;ITHALLO;Aguardando Retorno;
4506249879;2024-08-29;;SENHOR DO BONFIM;ITHALLO;Aguardando Retorno;
4506249880;2024-08-29;;SENHOR DO BONFIM;ITHALLO;Aguardando Retorno;
4506251386;2024-08-28;;SENHOR DO BONFIM;ANDRESSA;Aguardando Retorno;
4506252289;2024-08-30;;SENHOR DO BONFIM;ITHALLO;Inapto;Sem contato
4506252713;2024-08-28;;SENHOR DO BONFIM;ITHALLO;Apto;Apto
4506252729;2024-08-28;;SENHOR DO BONFIM;ITHALLO;Aguardando Retorno;
4506252740;2024-08-28;;SENHOR DO BONFIM;ITHALLO;Aguardando Retorno;
4506254149;2024-08-29;;SENHOR DO BONFIM;ITHALLO;Aguardando Retorno;
4506254642;2024-08-28;;SENHOR DO BONFIM;ITHALLO;Aguardando Retorno;
4506255206;2024-08-29;;SENHOR DO BONFIM;ITHALLO;Aguardando Retorno;
4506255507;2024-08-29;;SENHOR DO BONFIM;ITHALLO;Aguardando Retorno;
4506255564;2024-08-29;;SENHOR DO BONFIM;ITHALLO;Aguardando Retorno;
4506256015;2024-08-29;;SENHOR DO BONFIM;ITHALLO;Aguardando Retorno;
4506256065;2024-08-29;2024-08-29;SENHOR DO BONFIM;ANDRESSA;Apto;Apto
4506256511;2024-08-29;2024-08-29;SENHOR DO BONFIM;ANDRESSA;Apto;Apto
4506257005;2024-08-29;;SENHOR DO BONFIM;ITHALLO;Aguardando Retorno;
4506257006;2024-08-29;2024-08-29;SENHOR DO BONFIM;ANDRESSA;Inapto;Irregularidade do Padrao
4506258536;2024-08-29;;SENHOR DO BONFIM;ITHALLO;Aguardando Retorno;
4506259540;2024-08-29;;SENHOR DO BONFIM;ITHALLO;Inapto;Obra
4506259548;2024-08-29;;SENHOR DO BONFIM;ITHALLO;Aguardando Retorno;
4506260512;2024-08-29;;SENHOR DO BONFIM;ITHALLO;Aguardando Retorno;
4506261009;2024-08-31;;SENHOR DO BONFIM;DENIZE;Aguardando Retorno;
4506261024;2024-08-29;;SENHOR DO BONFIM;ITHALLO;Aguardando Retorno;
4506262501;2024-08-29;;SENHOR DO BONFIM;ITHALLO;Aguardando Retorno;
4506262502;2024-08-30;;SENHOR DO BONFIM;ITHALLO;Inapto;Sem contato
4506231723;2024-08-30;;SENHOR DO BONFIM;ITHALLO;;
4506243946;2024-08-29;;SENHOR DO BONFIM;ITHALLO;Aguardando Retorno;
4506243946;2024-09-04;2024-09-04;SENHOR DO BONFIM;ITHALLO;Inapto;Obra
4506245977;2024-08-29;;SENHOR DO BONFIM;ITHALLO;Aguardando Retorno;
4506247459;2024-08-29;;SENHOR DO BONFIM;ITHALLO;Aguardando Retorno;
4506249416;2024-09-02;;SENHOR DO BONFIM;ITHALLO;Aguardando Retorno;
4506249816;2024-08-29;;SENHOR DO BONFIM;ITHALLO;Aguardando Retorno;
4506249821;2024-08-02;2024-08-02;SENHOR DO BONFIM;ITHALLO;Inapto;Irregularidade do Padrao
4506250787;2024-09-02;;SENHOR DO BONFIM;JOVANIA;Aguardando Retorno;
4506250789;2024-09-02;;SENHOR DO BONFIM;ITHALLO;Inapto;Cliente deseja KIT financiado
4506251301;2024-09-02;;SENHOR DO BONFIM;JOVANIA;Inapto;Obra
4506252713;2024-08-28;;SENHOR DO BONFIM;ITHALLO;Aguardando Retorno;
4506252760;2024-08-29;2024-08-30;SENHOR DO BONFIM;ITHALLO;Apto;Apto
4506252786;2024-08-29;;SENHOR DO BONFIM;ITHALLO;Aguardando Retorno;
4506253618;2024-08-30;;SENHOR DO BONFIM;ANDRESSA;Aguardando Retorno;
4506254639;2024-08-30;;SENHOR DO BONFIM;ITHALLO;Inapto;Deficiencia tecnica
4506255538;2024-08-29;;SENHOR DO BONFIM;ITHALLO;Aguardando Retorno;
4506255544;2024-09-02;;SENHOR DO BONFIM;JOVANIA;Aguardando Retorno;
4506255545;2024-08-30;2024-09-03;SENHOR DO BONFIM;ITHALLO;Apto;Apto
4506255561;2024-08-30;;SENHOR DO BONFIM;ANDRESSA;Aguardando Retorno;
4506256142;2024-08-30;;SENHOR DO BONFIM;ANDRESSA;Aguardando Retorno;
4506256172;2024-09-02;2024-09-02;SENHOR DO BONFIM;ITHALLO;Inapto;Cliente deseja KIT financiado
4506256565;2024-09-02;;SENHOR DO BONFIM;JOVANIA;Aguardando Retorno;
4506256569;2024-08-30;2024-08-30;SENHOR DO BONFIM;ANDRESSA;Apto;Apto
4506257531;2024-09-02;;SENHOR DO BONFIM;ITHALLO;Aguardando Retorno;
4506258012;2024-09-02;;SENHOR DO BONFIM;JOVANIA;;
4506258525;2024-09-02;;SENHOR DO BONFIM;ITHALLO;Aguardando Retorno;
4506229371;2024-09-03;2024-09-03;SENHOR DO BONFIM;ITHALLO;Apto;Apto
4506243964;2024-09-02;;SENHOR DO BONFIM;ITHALLO;Aguardando Retorno;
4506246499;2024-09-02;;SENHOR DO BONFIM;ITHALLO;Aguardando Retorno;
4506247040;2024-09-02;;SENHOR DO BONFIM;ITHALLO;Aguardando Retorno;
4506248727;2024-09-02;;SENHOR DO BONFIM;ITHALLO;Aguardando Retorno;
4506249469;2024-09-02;2024-09-03;SENHOR DO BONFIM;ITHALLO;Apto;Apto
4506249486;2024-09-02;2024-09-02;SENHOR DO BONFIM;ITHALLO;Apto;Apto
4506249854;2024-09-02;2024-09-04;SENHOR DO BONFIM;ITHALLO;Apto;Apto
4506250376;2024-09-02;2024-09-02;SENHOR DO BONFIM;ITHALLO;Apto;Apto
4506250413;2024-09-02;2024-09-02;SENHOR DO BONFIM;ITHALLO;Apto;Apto
4506251418;2024-09-02;;SENHOR DO BONFIM;ITHALLO;Aguardando Retorno;
4506251901;2024-09-02;;SENHOR DO BONFIM;ITHALLO;Aguardando Retorno;
4506252815;2024-09-02;2024-09-02;SENHOR DO BONFIM;ITHALLO;Apto;Apto
4506252834;2024-09-02;;SENHOR DO BONFIM;ITHALLO;Aguardando Retorno;
4506253160;2024-09-02;2024-09-02;SENHOR DO BONFIM;ITHALLO;Apto;Apto
4506253647;2024-09-02;;SENHOR DO BONFIM;ITHALLO;Aguardando Retorno;
4506254791;2024-09-02;2024-09-03;SENHOR DO BONFIM;ITHALLO;Apto;Apto
4506255313;2024-09-02;2024-09-02;SENHOR DO BONFIM;ITHALLO;Inapto;Irregularidade do Padrao
4506256230;2024-09-02;;SENHOR DO BONFIM;ITHALLO;Aguardando Retorno;
4506256311;2024-09-03;;SENHOR DO BONFIM;JOVANIA;Aguardando Retorno;
4506256526;2024-09-03;;SENHOR DO BONFIM;JOVANIA;Aguardando Retorno;
4506259042;2024-09-02;;SENHOR DO BONFIM;ITHALLO;Aguardando Retorno;
4506260007;2024-09-02;;SENHOR DO BONFIM;ITHALLO;Aguardando Retorno;
4506260039;2024-09-02;;SENHOR DO BONFIM;ITHALLO;Aguardando Retorno;
4506260133;2024-09-03;;SENHOR DO BONFIM;JOVANIA;Aguardando Retorno;
4506261080;2024-09-03;;SENHOR DO BONFIM;JOVANIA;Aguardando Retorno;
4506218391;2024-09-03;;SENHOR DO BONFIM;ITHALLO;Aguardando Retorno;
4506236106;2024-09-03;;SENHOR DO BONFIM;ITHALLO;Aguardando Retorno;
4506244749;2024-09-04;2024-09-05;SENHOR DO BONFIM;ITHALLO;Apto;Apto
4506251226;2024-09-04;;SENHOR DO BONFIM;ITHALLO;Inapto;Ja realizada
4506251957;2024-09-04;;SENHOR DO BONFIM;ITHALLO;Aguardando Retorno;
4506251966;2024-09-04;;SENHOR DO BONFIM;ITHALLO;Aguardando Retorno;
4506252897;2024-09-05;;SENHOR DO BONFIM;ITHALLO;Aguardando Retorno;
4506256272;2024-09-05;;SENHOR DO BONFIM;ITHALLO;Aguardando Retorno;
4506257724;2024-09-05;;SENHOR DO BONFIM;ITHALLO;Aguardando Retorno;
4506259689;2024-09-05;;SENHOR DO BONFIM;ITHALLO;Aguardando Retorno;
4506260163;2024-09-05;;SENHOR DO BONFIM;ITHALLO;Aguardando Retorno;
4506200636;2024-09-03;;SENHOR DO BONFIM;ITHALLO;Aguardando Retorno;
4506235992;2024-09-03;2024-09-03;SENHOR DO BONFIM;ITHALLO;Inapto;Deficiencia tecnica
4506240513;2024-09-03;;SENHOR DO BONFIM;ITHALLO;Aguardando Retorno;
4506242705;2024-09-03;;SENHOR DO BONFIM;ITHALLO;Aguardando Retorno;
4506250469;2024-09-04;;SENHOR DO BONFIM;ITHALLO;Aguardando Retorno;
4506250972;2024-09-04;;SENHOR DO BONFIM;ITHALLO;Aguardando Retorno;
4506252934;2024-09-05;;SENHOR DO BONFIM;ITHALLO;Aguardando Retorno;
4506254908;2024-09-05;;SENHOR DO BONFIM;ITHALLO;Aguardando Retorno;
4506255674;2024-09-05;;SENHOR DO BONFIM;ITHALLO;Aguardando Retorno;
4506257216;2024-09-05;;SENHOR DO BONFIM;ITHALLO;Aguardando Retorno;
4506258135;2024-09-05;;SENHOR DO BONFIM;ITHALLO;Aguardando Retorno;
4506258639;2024-09-05;;SENHOR DO BONFIM;ITHALLO;Aguardando Retorno;
4506259639;2024-09-05;2024-09-05;SENHOR DO BONFIM;ITHALLO;Inapto;Irregularidade do Padrao
4506247918;2024-09-06;;SENHOR DO BONFIM;ITHALLO;Apto;Apto
4506247965;2024-09-06;;SENHOR DO BONFIM;;;
4506252367;2024-09-06;;SENHOR DO BONFIM;ITHALLO;Aguardando Retorno;
4506252973;2024-09-05;;SENHOR DO BONFIM;ITHALLO;Inapto;Sem contato
4506253318;2024-09-06;2024-09-09;SENHOR DO BONFIM;ITHALLO;Apto;Apto
4506253697;2024-09-05;;SENHOR DO BONFIM;ITHALLO;Aguardando Retorno;
4506254935;2024-09-05;;SENHOR DO BONFIM;ITHALLO;Aguardando Retorno;
4506254944;2024-09-05;;SENHOR DO BONFIM;ITHALLO;Aguardando Retorno;
4506256311;2024-09-06;;SENHOR DO BONFIM;ITHALLO;Aguardando Retorno;
4506256356;2024-09-05;;SENHOR DO BONFIM;ITHALLO;Aguardando Retorno;
4506256358;2024-09-05;;SENHOR DO BONFIM;ITHALLO;Aguardando Retorno;
4506256370;2024-09-05;;SENHOR DO BONFIM;ITHALLO;Aguardando Retorno;
4506256398;2024-09-05;;SENHOR DO BONFIM;ITHALLO;Aguardando Retorno;
4506256404;2024-09-05;;SENHOR DO BONFIM;ITHALLO;Aguardando Retorno;
4506256427;2024-09-05;;SENHOR DO BONFIM;ITHALLO;Inapto;Cadastro Incorreto
4506257324;2024-09-05;;SENHOR DO BONFIM;ITHALLO;Aguardando Retorno;
4506257332;2024-09-05;;SENHOR DO BONFIM;ITHALLO;Aguardando Retorno;
4506257390;2024-09-06;2024-09-06;SENHOR DO BONFIM;ITHALLO;Apto;Apto
4506259196;2024-09-06;;SENHOR DO BONFIM;ITHALLO;Aguardando Retorno;
4506260255;2024-09-06;;SENHOR DO BONFIM;ITHALLO;Aguardando Retorno;
4506260283;2024-09-06;;SENHOR DO BONFIM;ITHALLO;Aguardando Retorno;
4506261611;2024-09-06;;SENHOR DO BONFIM;ITHALLO;Aguardando Retorno;
4506263094;2024-09-06;;SENHOR DO BONFIM;ITHALLO;Aguardando Retorno;
4506263591;2024-09-06;;SENHOR DO BONFIM;ITHALLO;Aguardando Retorno;
4506263701;2024-09-06;;SENHOR DO BONFIM;ITHALLO;Aguardando Retorno;
4506265049;2024-09-06;;SENHOR DO BONFIM;ITHALLO;Apto;Apto
4506265113;2024-09-06;;SENHOR DO BONFIM;ITHALLO;Aguardando Retorno;
4506265613;2024-09-06;;SENHOR DO BONFIM;ITHALLO;Aguardando Retorno;
4506265707;2024-09-06;;SENHOR DO BONFIM;ITHALLO;Aguardando Retorno;
4506266021;2024-09-06;;SENHOR DO BONFIM;ITHALLO;Aguardando Retorno;
4506266259;2024-09-06;;SENHOR DO BONFIM;ITHALLO;Aguardando Retorno;
4506266264;2024-09-06;;SENHOR DO BONFIM;ITHALLO;Aguardando Retorno;
4506266517;2024-09-06;;SENHOR DO BONFIM;ITHALLO;Inapto;Sem contato
4506266529;2024-09-06;2024-09-06;SENHOR DO BONFIM;ITHALLO;Apto;Apto
4506267000;2024-09-06;;SENHOR DO BONFIM;ITHALLO;Aguardando Retorno;
4506267002;2024-09-06;;SENHOR DO BONFIM;ITHALLO;Aguardando Retorno;
4506267119;2024-09-06;;SENHOR DO BONFIM;ITHALLO;Aguardando Retorno;
4506268609;2024-09-06;;SENHOR DO BONFIM;ITHALLO;Aguardando Retorno;
4506198952;2024-09-09;;SENHOR DO BONFIM;ITHALLO;Inapto;Deficiencia tecnica
4506247523;2024-09-06;;SENHOR DO BONFIM;ITHALLO;Aguardando Retorno;
4506248847;2024-09-09;;SENHOR DO BONFIM;ITHALLO;Aguardando Retorno;
4506257411;2024-09-09;;SENHOR DO BONFIM;ITHALLO;Aguardando Retorno;
4506257428;2024-09-09;;SENHOR DO BONFIM;ITHALLO;Aguardando Retorno;
4506258718;2024-09-09;;SENHOR DO BONFIM;ITHALLO;Aguardando Retorno;
4506259741;2024-09-10;;SENHOR DO BONFIM;ITHALLO;Aguardando Retorno;
4506260258;2024-09-09;;SENHOR DO BONFIM;ITHALLO;Apto;Apto
4506260266;2024-09-09;;SENHOR DO BONFIM;ITHALLO;Aguardando Retorno;
4506260881;2024-09-09;2024-09-12;SENHOR DO BONFIM;ITHALLO;Inapto;Deficiencia tecnica
4506261179;2024-09-09;;SENHOR DO BONFIM;ITHALLO;Aguardando Retorno;
4506261773;2024-09-09;;SENHOR DO BONFIM;ITHALLO;Aguardando Retorno;
4506262228;2024-09-09;;SENHOR DO BONFIM;ITHALLO;Aguardando Retorno;
4506263209;2024-09-09;;SENHOR DO BONFIM;ITHALLO;Aguardando Retorno;
4506264014;2024-09-09;;SENHOR DO BONFIM;ITHALLO;Aguardando Retorno;
4506264664;2024-09-09;;SENHOR DO BONFIM;ITHALLO;Aguardando Retorno;
4506266558;2024-09-09;;SENHOR DO BONFIM;ITHALLO;Aguardando Retorno;
4506268068;2024-09-09;;SENHOR DO BONFIM;ITHALLO;Aguardando Retorno;
4506268148;2024-09-09;;SENHOR DO BONFIM;ITHALLO;Aguardando Retorno;
4506268671;2024-09-09;;SENHOR DO BONFIM;ITHALLO;Aguardando Retorno;
4506269113;2024-09-09;;SENHOR DO BONFIM;ITHALLO;Aguardando Retorno;
4506246852;2024-09-11;2024-09-11;SENHOR DO BONFIM;DENIZE;Apto;Apto
4506248858;2024-09-11;2024-09-11;SENHOR DO BONFIM;DENIZE;Inapto;Obra
4506249854;2024-09-11;2024-09-11;SENHOR DO BONFIM;ITHALLO;Apto;Apto
4506253363;2024-09-10;2024-09-12;SENHOR DO BONFIM;ITHALLO;Inapto;Obra
4506258275;2024-09-10;;SENHOR DO BONFIM;ITHALLO;Aguardando Retorno;
4506260313;2024-09-11;;SENHOR DO BONFIM;ITHALLO;Aguardando Retorno;
4506262228;2024-09-11;;SENHOR DO BONFIM;JOVANIA;Inapto;Deficiencia tecnica
4506263161;2024-09-10;;SENHOR DO BONFIM;ITHALLO;Aguardando Retorno;
4506263731;2024-09-10;2024-09-11;SENHOR DO BONFIM;ITHALLO;Inapto;Obra
4506264692;2024-09-10;;SENHOR DO BONFIM;ITHALLO;Inapto;Obra
4506265206;2024-09-10;;SENHOR DO BONFIM;ITHALLO;Aguardando Retorno;
4506267059;2024-09-10;;SENHOR DO BONFIM;ITHALLO;Aguardando Retorno;
4506267112;2024-09-11;2024-09-11;SENHOR DO BONFIM;DENIZE;Apto;Apto
4506268552;2024-09-10;;SENHOR DO BONFIM;ITHALLO;Inapto;Sem contato
4506258467;2024-09-12;2024-09-12;SENHOR DO BONFIM;AMANDA;Apto;Apto
4506259414;2024-09-11;;SENHOR DO BONFIM;ITHALLO;Inapto;Deficiencia tecnica
4506260943;2024-09-12;2024-09-12;SENHOR DO BONFIM;AMANDA;Apto;Apto
4506266205;2024-09-11;;SENHOR DO BONFIM;JOVANIA;Aguardando Retorno;
4506266264;2024-09-11;;SENHOR DO BONFIM;JOVANIA;Aguardando Retorno;Aguardando retorno cliente
4506266334;2024-09-11;;SENHOR DO BONFIM;AMANDA;Apto;Sem retorno
4506266366;2024-09-11;;SENHOR DO BONFIM;AMANDA;Sem contato;Sem contato
4506266648;2024-09-11;;SENHOR DO BONFIM;JOVANIA;Apto;Apto
4506266771;2024-09-11;;SENHOR DO BONFIM;AMANDA;Sem contato;Sem contato
4506267604;2024-09-11;;SENHOR DO BONFIM;JOVANIA;Aguardando Retorno;Aguardando retorno cliente
4506268671;2024-09-11;2024-09-11;SENHOR DO BONFIM;AMANDA;Apto;Apto
4506269129;2024-09-11;;SENHOR DO BONFIM;ITHALLO;Aguardando Retorno;
4506269615;2024-09-11;2024-09-12;SENHOR DO BONFIM;AMANDA;Inapto;Deficiencia tecnica
4506269645;2024-09-11;;SENHOR DO BONFIM;AMANDA;Sem retorno;Sem contato
4506230063;2024-09-12;;SENHOR DO BONFIM;JOVANIA;Apto;Apto
4506236856;2024-09-12;;SENHOR DO BONFIM;ITHALLO;Aguardando Retorno;
4506241136;2024-09-12;;SENHOR DO BONFIM;ITHALLO;Aguardando Retorno;
4506244819;2024-09-11;;SENHOR DO BONFIM;AMANDA;Sem retorno;Sem retorno
4506248269;2024-09-12;;SENHOR DO BONFIM;JOVANIA;Apto;Apto
4506248909;2024-09-12;;SENHOR DO BONFIM;ITHALLO;Inapto;Irregularidade do Padrao
4506253436;2024-09-12;;SENHOR DO BONFIM;ITHALLO;Aguardando Retorno;
4506255959;2024-09-12;;SENHOR DO BONFIM;JOVANIA;Aguardando Retorno;Aguardando retorno cliente
4506257850;2024-09-12;;SENHOR DO BONFIM;ITHALLO;Aguardando Retorno;
4506257907;2024-09-12;;SENHOR DO BONFIM;ITHALLO;Aguardando Retorno;
4506257938;2024-09-12;;SENHOR DO BONFIM;ITHALLO;Aguardando Retorno;
4506258372;2024-09-12;;SENHOR DO BONFIM;JOVANIA;Aguardando Retorno;Aguardando retorno cliente
4506258948;2024-09-12;;SENHOR DO BONFIM;ITHALLO;Aguardando Retorno;
4506259180;2024-09-12;;SENHOR DO BONFIM;JOVANIA;Inapto;Irregularidade do Padrao
4506259813;2024-09-13;;SENHOR DO BONFIM;JOVANIA;Aguardando Retorno;Aguardando retorno cliente
4506259858;2024-09-12;;SENHOR DO BONFIM;ITHALLO;Aguardando Retorno;
4506260438;2024-09-12;;SENHOR DO BONFIM;ITHALLO;Aguardando Retorno;
4506260931;2024-09-12;;SENHOR DO BONFIM;ITHALLO;Aguardando Retorno;
4506261293;2024-09-12;2024-09-13;SENHOR DO BONFIM;ITHALLO;Apto;Apto
4506261394;2024-09-12;2024-09-18;SENHOR DO BONFIM;ITHALLO;Apto;Apto
4506262768;2024-09-12;;SENHOR DO BONFIM;ITHALLO;Aguardando Retorno;
4506262803;2024-09-12;;SENHOR DO BONFIM;ITHALLO;Aguardando Retorno;
4506264333;2024-09-12;;SENHOR DO BONFIM;JOVANIA;Apto;Apto
4506264337;2024-09-13;2024-09-13;SENHOR DO BONFIM;AMANDA;Apto;Apto
4506264338;2024-09-13;2024-09-13;SENHOR DO BONFIM;JOVANIA;Apto;Apto
4506265324;2024-09-12;;SENHOR DO BONFIM;ITHALLO;Aguardando Retorno;
4506265334;2024-09-12;;SENHOR DO BONFIM;ITHALLO;Aguardando Retorno;
4506265337;2024-09-12;;SENHOR DO BONFIM;ITHALLO;Aguardando Retorno;
4506266379;2024-09-12;;SENHOR DO BONFIM;JOVANIA;Aguardando Retorno;Aguardando retorno cliente
4506268198;2024-09-13;2024-09-13;SENHOR DO BONFIM;AMANDA;Apto;Apto
4506268875;2024-09-13;2024-09-13;SENHOR DO BONFIM;AMANDA;Apto;Apto
4506269587;2024-09-12;;SENHOR DO BONFIM;JOVANIA;Inapto;Irregularidade do Padrao
4506228148;2024-09-13;;SENHOR DO BONFIM;ITHALLO;Aguardando Retorno;
4506238384;2024-09-12;2024-09-12;SENHOR DO BONFIM;AMANDA;Inapto;Deficiencia tecnica
4506253405;2024-09-13;;SENHOR DO BONFIM;ITHALLO;Aguardando Retorno;Sem retorno
4506253816;2024-09-13;;SENHOR DO BONFIM;ITHALLO;Aguardando Retorno;Sem retorno
4506258465;2024-09-13;;SENHOR DO BONFIM;ITHALLO;Aguardando Retorno;Sem retorno
4506258466;2024-09-12;2024-09-12;SENHOR DO BONFIM;AMANDA;Inapto;Deficiencia tecnica
4506258909;2024-09-13;;SENHOR DO BONFIM;ITHALLO;Aguardando Retorno;
4506258918;2024-09-13;;SENHOR DO BONFIM;ITHALLO;Aguardando Retorno;Sem retorno
4506259859;2024-09-13;;SENHOR DO BONFIM;ITHALLO;Aguardando Retorno;Sem retorno
4506259885;2024-09-12;2024-09-12;SENHOR DO BONFIM;AMANDA;Inapto;Deficiencia tecnica
4506260957;2024-09-13;;SENHOR DO BONFIM;ITHALLO;Inapto;Irregularidade do Padrao
4506261576;2024-09-13;;SENHOR DO BONFIM;ITHALLO;Aguardando Retorno;Sem retorno
4506261826;2024-09-13;2024-09-16;SENHOR DO BONFIM;ITHALLO;Inapto;Deficiencia tecnica
4506261832;2024-09-13;;SENHOR DO BONFIM;JOVANIA;Aguardando Retorno;Aguardando retorno cliente
4506261837;2024-09-13;;SENHOR DO BONFIM;ITHALLO;Aguardando Retorno;Sem retorno
4506262413;2024-09-13;;SENHOR DO BONFIM;ITHALLO;Aguardando Retorno;
4506262416;2024-09-13;2024-09-16;SENHOR DO BONFIM;ITHALLO;Sem contato;Sem retorno
4506262868;2024-09-13;;SENHOR DO BONFIM;ITHALLO;Aguardando Retorno;
4506264365;2024-09-13;2024-09-13;SENHOR DO BONFIM;ITHALLO;Apto;Apto
4506265799;2024-09-13;;SENHOR DO BONFIM;JOVANIA;Apto;Apto
4506266368;2024-09-13;;SENHOR DO BONFIM;ITHALLO;Aguardando Retorno;
4506266529;2024-09-13;;SENHOR DO BONFIM;JOVANIA;Apto;Apto
4506267283;2024-09-13;;SENHOR DO BONFIM;ITHALLO;Aguardando Retorno;Sem retorno
4506267689;2024-09-13;;SENHOR DO BONFIM;ITHALLO;Aguardando Retorno;Sem retorno
4506269260;2024-09-13;2024-09-16;SENHOR DO BONFIM;ITHALLO;Apto;Apto
4506269265;2024-09-12;2024-09-12;SENHOR DO BONFIM;AMANDA;Inapto;Deficiencia tecnica
4506242849;2024-09-13;;SENHOR DO BONFIM;ITHALLO;Aguardando Retorno;
4506254324;2024-09-16;;SENHOR DO BONFIM;ITHALLO;Aguardando Retorno;
4506254487;2024-09-16;2024-09-16;SENHOR DO BONFIM;DENIZE;Sem contato;Sem retorno
4506257892;2024-09-13;;SENHOR DO BONFIM;ITHALLO;Aguardando Retorno;
4506259905;2024-09-13;2024-09-16;SENHOR DO BONFIM;ITHALLO;Sem contato;Sem retorno
4506260413;2024-09-13;;SENHOR DO BONFIM;ITHALLO;Aguardando Retorno;
4506261898;2024-09-13;;SENHOR DO BONFIM;ITHALLO;Inapto;Obra
4506262004;2024-09-13;;SENHOR DO BONFIM;ITHALLO;Aguardando Retorno;
4506262917;2024-09-13;2024-09-13;SENHOR DO BONFIM;ITHALLO;Inapto;Cliente deseja KIT financiado
4506263317;2024-09-13;;SENHOR DO BONFIM;ITHALLO;Aguardando Retorno;
4506264439;2024-09-13;;SENHOR DO BONFIM;ITHALLO;Aguardando Retorno;
4506266816;2024-09-13;;SENHOR DO BONFIM;ITHALLO;Aguardando Retorno;
4506267313;2024-09-13;2024-09-16;SENHOR DO BONFIM;ITHALLO;Apto;Apto
4506268845;2024-09-13;2024-09-16;SENHOR DO BONFIM;ITHALLO;Apto;Apto
4506268892;2024-09-13;;SENHOR DO BONFIM;ITHALLO;Aguardando Retorno;
4506269268;2024-09-13;;SENHOR DO BONFIM;ITHALLO;Aguardando Retorno;
4506269269;2024-09-13;;SENHOR DO BONFIM;ITHALLO;Aguardando Retorno;
4506269707;2024-09-13;;SENHOR DO BONFIM;ITHALLO;Aguardando Retorno;
4506269815;2024-09-16;;SENHOR DO BONFIM;ITHALLO;Aguardando Retorno;
4506270215;2024-09-16;;SENHOR DO BONFIM;ITHALLO;Aguardando Retorno;
4506271504;2024-09-13;;SENHOR DO BONFIM;ITHALLO;Aguardando Retorno;
4506272538;2024-09-16;;SENHOR DO BONFIM;ITHALLO;Aguardando Retorno;Aguardando retorno cliente
4506273022;2024-09-16;2024-09-16;SENHOR DO BONFIM;ITHALLO;Apto;Apto
4506273039;2024-09-16;;SENHOR DO BONFIM;ITHALLO;Aguardando Retorno;
4506275033;2024-09-16;;SENHOR DO BONFIM;ITHALLO;Aguardando Retorno;
4506278515;2024-09-16;;SENHOR DO BONFIM;ITHALLO;Aguardando Retorno;
4506239147;2024-09-17;;SENHOR DO BONFIM;ITHALLO;Aguardando Retorno;
4506241881;2024-09-16;2024-09-16;SENHOR DO BONFIM;DENIZE;Apto;Apto
4506247459;2024-09-17;;SENHOR DO BONFIM;ITHALLO;Aguardando Retorno;
4506253875;2024-09-16;2024-09-16;SENHOR DO BONFIM;DENIZE;Sem contato;Sem contato
4506253875;2024-09-17;;SENHOR DO BONFIM;ITHALLO;Telefone não existe;Sem contato
4506257850;2024-09-17;;SENHOR DO BONFIM;ITHALLO;Aguardando Retorno;
4506258948;2024-09-17;;SENHOR DO BONFIM;ITHALLO;Aguardando Retorno;
4506258977;2024-09-17;;SENHOR DO BONFIM;AMANDA;Aguardando Retorno;
4506259938;2024-09-16;;SENHOR DO BONFIM;ITHALLO;Aguardando Retorno;
4506259950;2024-09-17;;SENHOR DO BONFIM;AMANDA;Aguardando Retorno;
4506260266;2024-09-17;2024-09-17;SENHOR DO BONFIM;ITHALLO;Apto;Apto
4506260912;2024-09-17;;SENHOR DO BONFIM;ANDRESSA;Aguardando Retorno;
4506261954;2024-09-18;;SENHOR DO BONFIM;JOVANIA;Aguardando Retorno;
4506262958;2024-09-17;;SENHOR DO BONFIM;JOVANIA;Aguardando Retorno;
4506262984;2024-09-17;;SENHOR DO BONFIM;ANDRESSA;Aguardando Retorno;
4506263964;2024-09-17;;SENHOR DO BONFIM;ANDRESSA;Aguardando Retorno;
4506265849;2024-09-16;;SENHOR DO BONFIM;ITHALLO;Aguardando Retorno;
4506265958;2024-09-18;;SENHOR DO BONFIM;JOVANIA;Aguardando Retorno;
4506269862;2024-09-16;;SENHOR DO BONFIM;ITHALLO;Aguardando Retorno;
4506271524;2024-09-18;;SENHOR DO BONFIM;JOVANIA;Apto;Apto
4506272006;2024-09-16;;SENHOR DO BONFIM;ITHALLO;Aguardando Retorno;
4506274560;2024-09-16;;SENHOR DO BONFIM;ITHALLO;Aguardando Retorno;
4506278552;2024-09-16;;SENHOR DO BONFIM;ITHALLO;Aguardando Retorno;
4506173129;2024-09-17;;SENHOR DO BONFIM;ITHALLO;Sem retorno;Sem contato
4506243190;2024-09-17;2024-09-18;SENHOR DO BONFIM;ITHALLO;Apto;Apto
4506253883;2024-09-17;2024-09-17;SENHOR DO BONFIM;ITHALLO;Inapto;Irregularidade do Padrao
4506254917;2024-09-17;;SENHOR DO BONFIM;ITHALLO;Inapto;Deficiencia tecnica
4506257372;2024-09-16;2024-09-18;SENHOR DO BONFIM;ITHALLO;Apto;Apto
4506258899;2024-09-17;2024-09-18;SENHOR DO BONFIM;ITHALLO;Apto;Apto
4506259990;2024-09-16;;SENHOR DO BONFIM;ITHALLO;Sem retorno;Sem contato
4506263402;2024-09-17;;SENHOR DO BONFIM;AMANDA;Aguardando Retorno;
4506264960;2024-09-17;;SENHOR DO BONFIM;AMANDA;Aguardando Retorno;
4506266826;2024-09-18;2024-09-18;SENHOR DO BONFIM;DENIZE;Telefone não existe;
4506267387;2024-09-16;;SENHOR DO BONFIM;ITHALLO;Apto;Apto
4506268983;2024-09-18;;SENHOR DO BONFIM;DENIZE;Aguardando Retorno;
4506269726;2024-09-18;2024-09-18;SENHOR DO BONFIM;DENIZE;Inapto;Cadastro Incorreto
4506269773;2024-09-18;2024-09-18;SENHOR DO BONFIM;DENIZE;Apto;Apto
4506272599;2024-09-16;;SENHOR DO BONFIM;ITHALLO;Sem retorno;Sem contato
4506276017;2024-09-16;2024-09-16;SENHOR DO BONFIM;ITHALLO;Inapto;Cliente deseja KIT financiado
4505958598;2024-09-17;2024-09-18;SENHOR DO BONFIM;ITHALLO;Inapto;PARECER 23
4506222813;2024-09-17;2024-09-17;SENHOR DO BONFIM;ITHALLO;Apto;Apto
4506224407;2024-09-17;2024-09-18;SENHOR DO BONFIM;ITHALLO;Apto;Apto
4506238384;2024-09-17;;SENHOR DO BONFIM;ITHALLO;Apto;Apto
4506248004;2024-09-17;;SENHOR DO BONFIM;ITHALLO;Sem retorno;Deficiencia tecnica
4506260931;2024-09-17;;SENHOR DO BONFIM;JOVANIA;Aguardando Retorno;
4506261315;2024-09-17;;SENHOR DO BONFIM;JOVANIA;Aguardando Retorno;
4506263425;2024-09-16;2024-09-19;SENHOR DO BONFIM;ITHALLO;Inapto;Deficiencia tecnica
4506263425;2024-09-18;2024-09-19;SENHOR DO BONFIM;ITHALLO;Inapto;Deficiencia tecnica
4506263431;2024-09-16;2024-09-19;SENHOR DO BONFIM;ITHALLO;Inapto;Sem contato
4506263431;2024-09-16;2024-09-19;SENHOR DO BONFIM;ITHALLO;Inapto;Sem contato
4506263460;2024-09-17;;SENHOR DO BONFIM;JOVANIA;Aguardando Retorno;
4506265966;2024-09-18;2024-09-18;SENHOR DO BONFIM;DENIZE;Inapto;Cliente deseja KIT financiado
4506265994;2024-09-20;;SENHOR DO BONFIM;ANDRESSA;Aguardando Retorno;
4506270260;2024-09-19;;SENHOR DO BONFIM;ITHALLO;Aguardando Retorno;
4506271155;2024-09-19;;SENHOR DO BONFIM;JOVANIA;Apto;Apto
4506271618;2024-09-18;2024-09-18;SENHOR DO BONFIM;DENIZE;Inapto;Deficiencia tecnica
4506272601;2024-09-19;2024-09-20;SENHOR DO BONFIM;ITHALLO;Inapto;Deficiencia tecnica
4506272629;2024-09-16;2024-09-18;SENHOR DO BONFIM;ITHALLO;Inapto;Deficiencia tecnica
4506272629;2024-09-17;;SENHOR DO BONFIM;ITHALLO;Inapto;Sem contato
4506273592;2024-09-18;2024-09-18;SENHOR DO BONFIM;ITHALLO;Inapto;Irregularidade do Padrao
4506274558;2024-09-16;;SENHOR DO BONFIM;ITHALLO;Sem contato;Cliente em Debito
4506276166;2024-09-19;;SENHOR DO BONFIM;ITHALLO;Inapto;Sem acesso
4506276540;2024-09-19;;SENHOR DO BONFIM;ITHALLO;Sem retorno;Deficiencia tecnica
4506276580;2024-09-18;2024-09-19;SENHOR DO BONFIM;ITHALLO;Inapto;Irregularidade do Padrao
4506277062;2024-09-18;;SENHOR DO BONFIM;DENIZE;Aguardando Retorno;
4506279502;2024-09-16;;SENHOR DO BONFIM;ITHALLO;Apto;Apto
4506280526;2024-09-18;2024-09-18;SENHOR DO BONFIM;DENIZE;Inapto;Sem contato
4506242237;2024-09-20;;SENHOR DO BONFIM;ITHALLO;Aguardando Retorno;
4506248909;2024-09-17;2024-09-17;SENHOR DO BONFIM;ITHALLO;Apto;Apto
4506253993;2024-09-17;;SENHOR DO BONFIM;ITHALLO;Apto;Apto
4506258778;2024-09-17;2024-09-18;SENHOR DO BONFIM;ITHALLO;Inapto;Cadastro Incorreto
4506263486;2024-09-18;2024-09-18;SENHOR DO BONFIM;DENIZE;Inapto;Sem contato
4506263495;2024-09-17;;SENHOR DO BONFIM;AMANDA;Aguardando Retorno;
4506263987;2024-09-17;2024-09-21;SENHOR DO BONFIM;ANDRESSA;Inapto;Sem retorno
4506266988;2024-09-18;2024-09-19;SENHOR DO BONFIM;DENIZE;Apto;Apto
4506267283;2024-09-21;2024-09-21;SENHOR DO BONFIM;DENIZE;Apto;Apto
4506267283;2024-09-21;2024-09-21;SENHOR DO BONFIM;DENIZE;Apto;Apto
4506267352;2024-09-20;;SENHOR DO BONFIM;ITHALLO;Aguardando Retorno;
4506267543;2024-09-20;2024-09-21;SENHOR DO BONFIM;ITHALLO;Inapto;Cliente deseja KIT financiado
4506267983;2024-09-20;;SENHOR DO BONFIM;ITHALLO;Aguardando Retorno;
4506268427;2024-09-21;2024-09-21;SENHOR DO BONFIM;ITHALLO;Inapto;Sem contato
4506268437;2024-09-21;2024-09-21;SENHOR DO BONFIM;DENIZE;Apto;Apto
4506268447;2024-09-20;2024-09-21;SENHOR DO BONFIM;ITHALLO;Inapto;Sem retorno
4506268481;2024-09-21;2024-09-21;SENHOR DO BONFIM;DENIZE;Apto;Apto
4506268927;2024-09-20;2024-09-21;SENHOR DO BONFIM;ITHALLO;Apto;Apto
4506269925;2024-09-20;2024-09-21;SENHOR DO BONFIM;ITHALLO;Apto;Apto
4506270278;2024-09-20;2024-09-21;SENHOR DO BONFIM;ITHALLO;Apto;Apto
4506270631;2024-09-20;2024-09-21;SENHOR DO BONFIM;ITHALLO;Aguardando Retorno;
4506270645;2024-09-20;2024-09-21;SENHOR DO BONFIM;ITHALLO;Apto;Apto
4506270654;2024-09-20;2024-09-21;SENHOR DO BONFIM;ITHALLO;Inapto;Irregularidade do Padrao
4506270659;2024-09-20;;SENHOR DO BONFIM;ITHALLO;Aguardando Retorno;
4506271184;2024-09-20;2024-09-21;SENHOR DO BONFIM;ITHALLO;Inapto;Sem contato
4506271185;2024-09-20;2024-09-21;SENHOR DO BONFIM;ITHALLO;Sem contato;Sem retorno
4506271652;2024-09-20;;SENHOR DO BONFIM;AMANDA;Aguardando Retorno;
4506271655;2024-09-20;;SENHOR DO BONFIM;AMANDA;;
4506272741;2024-09-20;;SENHOR DO BONFIM;ITHALLO;Apto;Apto
4506273099;2024-09-20;2024-09-21;SENHOR DO BONFIM;ITHALLO;Inapto;Sem contato
4506273627;2024-09-20;2024-09-20;SENHOR DO BONFIM;AMANDA;Inapto;Sem contato
4506274140;2024-09-20;;SENHOR DO BONFIM;ITHALLO;Aguardando Retorno;Sem retorno
4506275190;2024-09-20;;SENHOR DO BONFIM;ITHALLO;Apto;
4506275745;2024-09-20;;SENHOR DO BONFIM;ITHALLO;Aguardando Retorno;Irregularidade do Padrao
4506277103;2024-09-20;2024-09-21;SENHOR DO BONFIM;ITHALLO;Inapto;Sem contato
4506277607;2024-09-20;2024-09-23;SENHOR DO BONFIM;ITHALLO;Apto;Apto
4506278579;2024-09-20;;SENHOR DO BONFIM;ITHALLO;Aguardando Retorno;
4506279059;2024-09-20;;SENHOR DO BONFIM;ITHALLO;Aguardando Retorno;
4506279080;2024-09-20;2024-09-21;SENHOR DO BONFIM;ITHALLO;Inapto;Sem contato
4506279102;2024-09-20;2024-09-21;SENHOR DO BONFIM;ITHALLO;Apto;Apto
4506279631;2024-09-20;2024-09-21;SENHOR DO BONFIM;ITHALLO;Apto;Apto
4506280112;2024-09-20;2024-09-21;SENHOR DO BONFIM;ITHALLO;Apto;Apto
4506280590;2024-09-20;2024-09-20;SENHOR DO BONFIM;ITHALLO;Inapto;Sem contato
4506280613;2024-09-21;2024-09-21;SENHOR DO BONFIM;ITHALLO;Inapto;Sem contato
4506280620;2024-09-20;2024-09-21;SENHOR DO BONFIM;ITHALLO;Inapto;Sem retorno
4506281120;2024-09-21;2024-09-21;SENHOR DO BONFIM;ITHALLO;Inapto;Sem contato
4506281510;2024-09-20;;SENHOR DO BONFIM;ITHALLO;Inapto;Deficiencia tecnica
4506281542;2024-09-20;;SENHOR DO BONFIM;ITHALLO;Aguardando Retorno;
4506232443;2024-09-23;2024-09-23;SENHOR DO BONFIM;DENIZE;Apto;Apto
4506243063;2024-09-23;;SENHOR DO BONFIM;ITHALLO;Aguardando Retorno;
4506244294;2024-09-17;;SENHOR DO BONFIM;ITHALLO;Sem retorno;Apto
4506248626;2024-09-17;2024-09-17;SENHOR DO BONFIM;ITHALLO;Apto;Apto
4506259196;2024-09-17;;SENHOR DO BONFIM;JOVANIA;Aguardando Retorno;
4506261050;2024-09-17;2024-09-20;SENHOR DO BONFIM;ANDRESSA;Apto;Apto
4506269951;2024-09-23;2024-09-23;SENHOR DO BONFIM;ITHALLO;Inapto;Obra
4506269959;2024-09-23;;SENHOR DO BONFIM;DENIZE;Aguardando Retorno;
4506269984;2024-09-21;2024-09-21;SENHOR DO BONFIM;DENIZE;Apto;Apto
4506270335;2024-09-21;2024-09-21;SENHOR DO BONFIM;DENIZE;Inapto;Sem contato
4506270340;2024-09-23;;SENHOR DO BONFIM;DENIZE;Aguardando Retorno;
4506270364;2024-09-23;2024-09-23;SENHOR DO BONFIM;DENIZE;Sem retorno;Cliente se recusou a enviar as fotos
4506270702;2024-09-21;2024-09-21;SENHOR DO BONFIM;DENIZE;Inapto;Cadastro Incorreto
4506271226;2024-09-23;2024-09-23;SENHOR DO BONFIM;DENIZE;Apto;Apto
4506271235;2024-09-23;;SENHOR DO BONFIM;DENIZE;Aguardando Retorno;
4506271696;2024-09-21;2024-09-21;SENHOR DO BONFIM;DENIZE;Apto;Apto
4506271704;2024-09-23;2024-10-07;SENHOR DO BONFIM;ITHALLO;Apto;Apto
4506272163;2024-09-23;2024-09-23;SENHOR DO BONFIM;DENIZE;Inapto;Sem contato
4506272773;2024-09-23;;SENHOR DO BONFIM;DENIZE;Aguardando Retorno;
4506272800;2024-09-23;2024-09-23;SENHOR DO BONFIM;DENIZE;Apto;Apto
4506273667;2024-09-23;2024-09-24;SENHOR DO BONFIM;ITHALLO;Apto;Apto
4506274666;2024-09-23;2024-09-23;SENHOR DO BONFIM;DENIZE;Inapto;Sem contato
4506274670;2024-09-23;2024-09-23;SENHOR DO BONFIM;DENIZE;Inapto;Deficiencia tecnica
4506275766;2024-09-23;2024-09-23;SENHOR DO BONFIM;DENIZE;Inapto;Ja realizada
4506277199;2024-09-23;2024-09-23;SENHOR DO BONFIM;DENIZE;Inapto;Sem contato
4506278085;2024-09-23;2024-09-23;SENHOR DO BONFIM;DENIZE;Inapto;Sem contato
4506279653;2024-09-23;2024-09-23;SENHOR DO BONFIM;DENIZE;Apto;Apto
4506281138;2024-09-23;;SENHOR DO BONFIM;DENIZE;Aguardando Retorno;
4506281551;2024-09-24;;SENHOR DO BONFIM;AMANDA;Apto;Apto
4506282090;2024-09-24;;SENHOR DO BONFIM;AMANDA;Apto;Apto
4506282131;2024-09-23;;SENHOR DO BONFIM;DENIZE;Aguardando Retorno;
4506282558;2024-09-23;;SENHOR DO BONFIM;ITHALLO;Aguardando Retorno;
4506282581;2024-09-23;2024-09-23;SENHOR DO BONFIM;DENIZE;Inapto;Sem contato
4506283543;2024-09-23;2024-09-23;SENHOR DO BONFIM;DENIZE;Apto;Apto
4506284006;2024-09-23;2024-09-23;SENHOR DO BONFIM;DENIZE;Apto;Apto
4506284502;2024-09-23;;SENHOR DO BONFIM;DENIZE;Aguardando Retorno;
4506284536;2024-09-23;2024-09-23;SENHOR DO BONFIM;DENIZE;Inapto;Sem contato
4506247684;2024-09-23;2024-09-23;SENHOR DO BONFIM;ITHALLO;Apto;Apto
4506248509;2024-09-23;;SENHOR DO BONFIM;ITHALLO;Aguardando Retorno;
4506252834;2024-09-23;;SENHOR DO BONFIM;ITHALLO;Aguardando Retorno;
4506257372;2024-09-24;;SENHOR DO BONFIM;ITHALLO;Aguardando Retorno;
4506267111;2024-09-24;;SENHOR DO BONFIM;ITHALLO;Aguardando Retorno;
4506269479;2024-09-23;;SENHOR DO BONFIM;ITHALLO;Aguardando Retorno;
4506269479;2024-09-24;;SENHOR DO BONFIM;ITHALLO;Inapto;Sem contato
4506270711;2024-09-23;;SENHOR DO BONFIM;ITHALLO;Aguardando Retorno;
4506271354;2024-09-23;2024-09-23;SENHOR DO BONFIM;ITHALLO;Apto;Apto
4506273694;2024-09-25;2024-09-25;SENHOR DO BONFIM;AMANDA;Apto;Apto
4506273694;2024-09-23;;SENHOR DO BONFIM;ITHALLO;Aguardando Retorno;
4506274255;2024-09-23;2024-09-23;SENHOR DO BONFIM;ITHALLO;Apto;Apto
4506275369;2024-09-23;2024-09-24;SENHOR DO BONFIM;ITHALLO;Aguardando Retorno;Cliente se recusou a enviar as fotos
4506275375;2024-09-23;;SENHOR DO BONFIM;ITHALLO;Aguardando Retorno;
4506275826;2024-09-23;2024-09-23;SENHOR DO BONFIM;ITHALLO;Inapto;Irregularidade do Padrao
4506276318;2024-09-23;;SENHOR DO BONFIM;ITHALLO;Aguardando Retorno;
4506276319;2024-09-23;2024-09-23;SENHOR DO BONFIM;ANDRESSA;Apto;Apto
4506276322;2024-09-23;;SENHOR DO BONFIM;ITHALLO;Aguardando Retorno;
4506278668;2024-09-23;2024-09-23;SENHOR DO BONFIM;ANDRESSA;Apto;Apto
4506280699;2024-09-24;;SENHOR DO BONFIM;;;
4506281223;2024-09-23;2024-09-24;SENHOR DO BONFIM;ANDRESSA;Apto;Apto
4506281593;2024-09-23;;SENHOR DO BONFIM;ITHALLO;Aguardando Retorno;
4506282153;2024-09-24;;SENHOR DO BONFIM;AMANDA;Apto;Apto
4506283063;2024-09-24;2024-09-24;SENHOR DO BONFIM;AMANDA;Apto;Apto
4506284054;2024-09-24;;SENHOR DO BONFIM;AMANDA;Inapto;Sem contato
4506284555;2024-09-24;;SENHOR DO BONFIM;AMANDA;Sem retorno;Sem retorno
4506285045;2024-09-24;;SENHOR DO BONFIM;AMANDA;Inapto;Obra
4506285065;2024-09-24;2024-09-24;SENHOR DO BONFIM;AMANDA;Inapto;
4506285101;2024-09-24;2024-09-24;SENHOR DO BONFIM;ANDRESSA;Apto;Apto
4506273717;2024-09-24;2024-09-25;SENHOR DO BONFIM;ITHALLO;Apto;Apto
4506273724;2024-09-24;;SENHOR DO BONFIM;ITHALLO;Aguardando Retorno;
4506274316;2024-09-24;;SENHOR DO BONFIM;ITHALLO;Aguardando Retorno;
4506274348;2024-09-24;;SENHOR DO BONFIM;ITHALLO;Aguardando Retorno;
4506274745;2024-09-24;;SENHOR DO BONFIM;ITHALLO;Aguardando Retorno;
4506275446;2024-09-24;;SENHOR DO BONFIM;ITHALLO;Aguardando Retorno;
4506277328;2024-09-24;;SENHOR DO BONFIM;ANDRESSA;Aguardando Retorno;Sem retorno
4506277709;2024-09-24;;SENHOR DO BONFIM;ITHALLO;Apto;Apto
4506277723;2024-09-24;;SENHOR DO BONFIM;ANDRESSA;Apto;Apto
4506278134;2024-09-24;;SENHOR DO BONFIM;JOVANIA;Aguardando Retorno;Aguardando retorno cliente
4506278687;2024-09-24;;SENHOR DO BONFIM;JOVANIA;Inapto;Deficiencia tecnica
4506278704;2024-09-25;2024-09-25;SENHOR DO BONFIM;ITHALLO;Apto;Apto
4506279192;2024-09-24;;SENHOR DO BONFIM;ANDRESSA;Apto;Apto
4506279224;2024-09-24;;SENHOR DO BONFIM;ITHALLO;Aguardando Retorno;
4506280189;2024-09-24;;SENHOR DO BONFIM;ITHALLO;Aguardando Retorno;
4506280195;2024-09-24;;SENHOR DO BONFIM;JOVANIA;Inapto;Deficiencia tecnica
4506280206;2024-09-24;;SENHOR DO BONFIM;ITHALLO;Aguardando Retorno;
4506281328;2024-09-24;;SENHOR DO BONFIM;ITHALLO;Aguardando Retorno;
4506283633;2024-09-24;;SENHOR DO BONFIM;ANDRESSA;Aguardando Retorno;Sem retorno
4506284106;2024-09-24;;SENHOR DO BONFIM;ITHALLO;Aguardando Retorno;
4506284620;2024-09-24;;SENHOR DO BONFIM;ITHALLO;Aguardando Retorno;
4505929176;2024-09-24;;SENHOR DO BONFIM;ITHALLO;Aguardando Retorno;
4506233240;2024-09-24;;SENHOR DO BONFIM;ITHALLO;Aguardando Retorno;
4506252900;2024-09-24;;SENHOR DO BONFIM;ITHALLO;Aguardando Retorno;
4506261583;2024-09-26;;SENHOR DO BONFIM;JOVANIA;Apto;Apto
4506269735;2024-09-24;;SENHOR DO BONFIM;ITHALLO;Aguardando Retorno;
4506271839;2024-09-24;2024-09-25;SENHOR DO BONFIM;ANDRESSA;Aguardando Retorno;
4506272276;2024-09-24;2024-09-25;SENHOR DO BONFIM;ITHALLO;Inapto;Deficiencia tecnica
4506272948;2024-09-24;;SENHOR DO BONFIM;ITHALLO;Aguardando Retorno;
4506273774;2024-09-24;;SENHOR DO BONFIM;ITHALLO;Aguardando Retorno;
4506274789;2024-09-24;;SENHOR DO BONFIM;ITHALLO;Aguardando Retorno;
4506277363;2024-09-27;;SENHOR DO BONFIM;JOVANIA;Apto;Apto
4506279267;2024-09-24;;SENHOR DO BONFIM;ITHALLO;Aguardando Retorno;
4506280805;2024-09-24;;SENHOR DO BONFIM;ITHALLO;Aguardando Retorno;
4506280817;2024-09-24;2024-09-24;SENHOR DO BONFIM;ITHALLO;Inapto;Cliente em Debito
4506280836;2024-09-27;2024-09-27;SENHOR DO BONFIM;ANDRESSA;Apto;Apto
4506280838;2024-09-24;;SENHOR DO BONFIM;ITHALLO;Aguardando Retorno;
4506280853;2024-09-24;;SENHOR DO BONFIM;ITHALLO;Aguardando Retorno;
4506280859;2024-09-24;;SENHOR DO BONFIM;ITHALLO;Aguardando Retorno;
4506281343;2024-09-24;;SENHOR DO BONFIM;ITHALLO;Aguardando Retorno;
4506281363;2024-09-27;;SENHOR DO BONFIM;AMANDA;Apto;Apto
4506282302;2024-09-24;2024-09-24;SENHOR DO BONFIM;DENIZE;Apto;Apto
4506282658;2024-09-25;;SENHOR DO BONFIM;ITHALLO;Aguardando Retorno;
4506283109;2024-09-25;;SENHOR DO BONFIM;ITHALLO;Aguardando Retorno;
4506285162;2024-09-27;2024-09-27;SENHOR DO BONFIM;AMANDA;Inapto;
4506286000;2024-09-25;;SENHOR DO BONFIM;ITHALLO;Aguardando Retorno;
4506286510;2024-09-25;;SENHOR DO BONFIM;ITHALLO;Aguardando Retorno;
4506224407;2024-09-25;2024-09-29;SENHOR DO BONFIM;ITHALLO;Apto;Apto
4506242930;2024-09-27;2024-09-28;SENHOR DO BONFIM;ITHALLO;Apto;Apto
4506253875;2024-09-27;;SENHOR DO BONFIM;AMANDA;Apto;Apto
4506260361;2024-09-25;;SENHOR DO BONFIM;ITHALLO;Aguardando Retorno;
4506267859;2024-09-25;;SENHOR DO BONFIM;ITHALLO;Aguardando Retorno;
4506269890;2024-09-25;;SENHOR DO BONFIM;ITHALLO;Inapto;Deficiencia tecnica
4506274453;2024-09-25;;SENHOR DO BONFIM;ITHALLO;Aguardando Retorno;
4506274455;2024-09-25;2024-09-27;SENHOR DO BONFIM;ITHALLO;Apto;Apto
4506274789;2024-09-27;;SENHOR DO BONFIM;ITHALLO;Aguardando Retorno;
4506275978;2024-09-25;2024-09-28;SENHOR DO BONFIM;ITHALLO;Inapto;Sem contato
4506276462;2024-09-25;;SENHOR DO BONFIM;ITHALLO;Aguardando Retorno;
4506276463;2024-09-25;;SENHOR DO BONFIM;ITHALLO;Aguardando Retorno;
4506277403;2024-09-26;;SENHOR DO BONFIM;ITHALLO;Inapto;Sem contato
4506277464;2024-09-24;;SENHOR DO BONFIM;DENIZE;Aguardando Retorno;
4506277778;2024-09-26;2024-10-03;SENHOR DO BONFIM;ITHALLO;Apto;Apto
4506277787;2024-09-26;;SENHOR DO BONFIM;ITHALLO;Aguardando Retorno;
4506278179;2024-09-26;2024-09-28;SENHOR DO BONFIM;ITHALLO;Apto;Apto
4506278817;2024-09-26;2024-09-27;SENHOR DO BONFIM;ITHALLO;Apto;Apto
4506279294;2024-09-28;2024-09-28;SENHOR DO BONFIM;DENIZE;Inapto;Sem contato
4506281447;2024-09-26;2024-09-28;SENHOR DO BONFIM;ITHALLO;Inapto;Sem contato
4506281477;2024-09-26;2024-09-26;SENHOR DO BONFIM;ITHALLO;Apto;Apto
4506281510;2024-09-26;2024-09-26;SENHOR DO BONFIM;ITHALLO;Apto;Apto
4506281542;2024-09-26;2024-09-26;SENHOR DO BONFIM;ITHALLO;Apto;Apto
4506281738;2024-09-26;;SENHOR DO BONFIM;ITHALLO;Apto;Apto
4506282349;2024-09-26;2024-09-28;SENHOR DO BONFIM;ITHALLO;Inapto;Sem contato
4506282354;2024-09-26;2024-09-30;SENHOR DO BONFIM;ITHALLO;Apto;Apto
4506282701;2024-09-26;2024-09-30;SENHOR DO BONFIM;ITHALLO;Inapto;Cadastro Incorreto
4506282733;2024-09-26;;SENHOR DO BONFIM;ANDRESSA;Aguardando Retorno;
4506283139;2024-09-27;;SENHOR DO BONFIM;ITHALLO;Aguardando Retorno;
4506284765;2024-09-24;2024-09-24;SENHOR DO BONFIM;DENIZE;Inapto;Deficiencia tecnica
4506284782;2024-09-24;;SENHOR DO BONFIM;DENIZE;Aguardando Retorno;
4506284828;2024-09-26;;SENHOR DO BONFIM;ANDRESSA;Aguardando Retorno;
4506285535;2024-09-26;2024-09-26;SENHOR DO BONFIM;ITHALLO;Apto;Apto
4506286582;2024-09-26;2024-09-26;SENHOR DO BONFIM;ANDRESSA;Inapto;Sem contato
4506287002;2024-09-26;;SENHOR DO BONFIM;ITHALLO;Aguardando Retorno;
4506287012;2024-09-26;;SENHOR DO BONFIM;ANDRESSA;Aguardando Retorno;
4504768892;2024-09-30;;SENHOR DO BONFIM;ITHALLO;Aguardando Retorno;
4505735076;2024-09-30;2024-09-30;SENHOR DO BONFIM;ITHALLO;Inapto;Obra
4506249880;2024-09-30;;SENHOR DO BONFIM;ITHALLO;Aguardando Retorno;
4506253436;2024-09-30;;SENHOR DO BONFIM;ITHALLO;Aguardando Retorno;
4506257938;2024-09-30;;SENHOR DO BONFIM;ITHALLO;Aguardando Retorno;
4506263317;2024-09-30;;SENHOR DO BONFIM;ITHALLO;Aguardando Retorno;
4506266865;2024-09-30;;SENHOR DO BONFIM;ITHALLO;Aguardando Retorno;
4506268271;2024-09-30;;SENHOR DO BONFIM;ITHALLO;Inapto;Deficiencia tecnica
4506270985;2024-09-30;;SENHOR DO BONFIM;ITHALLO;Aguardando Retorno;
4506273819;2024-09-30;;SENHOR DO BONFIM;ITHALLO;Aguardando Retorno;
4506273846;2024-09-30;;SENHOR DO BONFIM;ITHALLO;Inapto;Sem contato
4506274887;2024-09-30;;SENHOR DO BONFIM;ITHALLO;Aguardando Retorno;
4506277843;2024-09-30;;SENHOR DO BONFIM;ITHALLO;Aguardando Retorno;
4506277850;2024-09-30;;SENHOR DO BONFIM;ITHALLO;Aguardando Retorno;
4506278206;2024-09-30;;SENHOR DO BONFIM;ITHALLO;Inapto;PARECER 23
4506278210;2024-09-30;;SENHOR DO BONFIM;ITHALLO;;
4506279365;2024-09-30;2024-10-01;SENHOR DO BONFIM;ITHALLO;Apto;Apto
4506279380;2024-09-30;;SENHOR DO BONFIM;ITHALLO;Aguardando Retorno;
4506279931;2024-09-30;;SENHOR DO BONFIM;ITHALLO;Aguardando Retorno;
4506280279;2024-09-30;2024-09-30;SENHOR DO BONFIM;ITHALLO;Apto;Apto
4506280315;2024-09-30;2024-10-01;SENHOR DO BONFIM;ITHALLO;Inapto;Obra
4506280613;2024-09-30;;SENHOR DO BONFIM;ITHALLO;Aguardando Retorno;Aguardando retorno cliente
4506280853;2024-09-30;;SENHOR DO BONFIM;ITHALLO;Apto;Apto
4506281784;2024-09-30;2024-09-30;SENHOR DO BONFIM;ITHALLO;Apto;Apto
4506281800;2024-09-30;;SENHOR DO BONFIM;ITHALLO;Aguardando Retorno;
4506281815;2024-09-26;2024-09-26;SENHOR DO BONFIM;ANDRESSA;Aguardando Retorno;
4506283806;2024-09-30;;SENHOR DO BONFIM;JOVANIA;Aguardando Retorno;Aguardando retorno cliente
4506284268;2024-09-30;;SENHOR DO BONFIM;JOVANIA;Inapto;Irregularidade do Padrao
4506284861;2024-09-30;;SENHOR DO BONFIM;JOVANIA;Apto;Apto
4506285380;2024-09-30;;SENHOR DO BONFIM;JOVANIA;Apto;Apto
4506286145;2024-09-30;;SENHOR DO BONFIM;JOVANIA;Apto;Apto
4506286149;2024-09-30;;SENHOR DO BONFIM;ITHALLO;Apto;Apto
4506287061;2024-09-30;;SENHOR DO BONFIM;JOVANIA;Apto;Apto
4506287099;2024-09-30;;SENHOR DO BONFIM;JOVANIA;Inapto;Cliente deseja KIT financiado
4506287544;2024-09-30;;SENHOR DO BONFIM;ITHALLO;Aguardando Retorno;
4506287553;2024-09-30;;SENHOR DO BONFIM;ITHALLO;Aguardando Retorno;
4504780795;2024-10-01;;SENHOR DO BONFIM;JOVANIA;Aguardando Retorno;Aguardando retorno cliente
4506242917;2024-10-01;2024-10-02;SENHOR DO BONFIM;JOVANIA;Apto;Apto
4506257907;2024-10-01;;SENHOR DO BONFIM;JOVANIA;Apto;Apto
4506265943;2024-10-01;2024-10-02;SENHOR DO BONFIM;JOVANIA;Apto;Aguardando retorno cliente
4506268645;2024-10-01;;SENHOR DO BONFIM;JOVANIA;Inapto;Deficiencia tecnica
4506270654;2024-10-02;2024-10-02;SENHOR DO BONFIM;DENIZE;Apto;Apto
4506273903;2024-10-01;;SENHOR DO BONFIM;ITHALLO;Aguardando Retorno;
4506274670;2024-10-01;2024-10-02;SENHOR DO BONFIM;ITHALLO;Apto;Apto
4506277103;2024-10-01;2024-10-01;SENHOR DO BONFIM;ITHALLO;Apto;Apto
4506278257;2024-10-01;;SENHOR DO BONFIM;ITHALLO;Aguardando Retorno;
4506278887;2024-10-02;;SENHOR DO BONFIM;DARIENE;Aguardando Retorno;
4506279142;2024-10-01;2024-10-02;SENHOR DO BONFIM;ITHALLO;Inapto;Deficiencia tecnica
4506279388;2024-10-01;2024-10-02;SENHOR DO BONFIM;ITHALLO;Apto;Apto
4506282464;2024-10-01;2024-10-02;SENHOR DO BONFIM;ITHALLO;Inapto;Cliente deseja KIT financiado
4506283204;2024-10-01;2024-10-02;SENHOR DO BONFIM;ITHALLO;Apto;Apto
4506284006;2024-10-01;;SENHOR DO BONFIM;ITHALLO;Aguardando Retorno;
4506284502;2024-10-02;;SENHOR DO BONFIM;DARIENE;Aguardando Retorno;
4506284898;2024-10-01;2024-10-02;SENHOR DO BONFIM;ITHALLO;Apto;Apto
4506284905;2024-10-01;2024-10-02;SENHOR DO BONFIM;ITHALLO;Apto;Apto
4506285405;2024-10-02;2024-10-02;SENHOR DO BONFIM;DENIZE;Inapto;Sem contato
4506285642;2024-10-01;2024-10-01;SENHOR DO BONFIM;ITHALLO;Apto;Apto
4506285674;2024-10-01;2024-10-02;SENHOR DO BONFIM;ITHALLO;Aguardando Retorno;Aguardando retorno cliente
4506285688;2024-10-01;;SENHOR DO BONFIM;ITHALLO;Aguardando Retorno;
4506286695;2024-10-01;2024-10-02;SENHOR DO BONFIM;ITHALLO;Apto;Apto
4506286709;2024-10-01;2024-10-02;SENHOR DO BONFIM;ITHALLO;Inapto;Sem retorno
4506286738;2024-10-01;2024-10-01;SENHOR DO BONFIM;ITHALLO;Apto;Apto
4506287165;2024-10-01;;SENHOR DO BONFIM;ITHALLO;Inapto;Obra
4506287626;2024-10-01;;SENHOR DO BONFIM;ITHALLO;Apto;Apto
4506288576;2024-10-01;2024-10-02;SENHOR DO BONFIM;ITHALLO;Apto;Apto
4506289110;2024-10-01;;SENHOR DO BONFIM;ITHALLO;Aguardando Retorno;
4506290068;2024-10-02;2024-10-02;SENHOR DO BONFIM;JOVANIA;Apto;Apto
4506290083;2024-10-02;2024-10-02;SENHOR DO BONFIM;JOVANIA;Apto;Apto
4506290105;2024-10-02;;SENHOR DO BONFIM;JOVANIA;Inapto;Irregularidade do Padrao
4506290623;2024-10-02;2024-10-02;SENHOR DO BONFIM;JOVANIA;Apto;Apto
4506291011;2024-10-02;2024-10-02;SENHOR DO BONFIM;JOVANIA;Inapto;Deficiencia tecnica
4506243964;2024-10-02;;SENHOR DO BONFIM;JOVANIA;Aguardando Retorno;Aguardando retorno cliente
4506259905;2024-10-02;;SENHOR DO BONFIM;JOVANIA;Aguardando Retorno;Aguardando retorno cliente
4506272471;2024-10-02;2024-10-03;SENHOR DO BONFIM;JOVANIA;Apto;Apto
4506277899;2024-10-02;;SENHOR DO BONFIM;DARIENE;Aguardando Retorno;
4506278269;2024-10-02;2024-10-03;SENHOR DO BONFIM;JOVANIA;Inapto;Sem contato
4506278914;2024-10-02;;SENHOR DO BONFIM;DARIENE;Aguardando Retorno;
4506279453;2024-10-02;;SENHOR DO BONFIM;DARIENE;Apto;
4506280397;2024-10-02;;SENHOR DO BONFIM;DARIENE;Aguardando Retorno;
4506280699;2024-10-02;2024-10-03;SENHOR DO BONFIM;ITHALLO;Inapto;Sem contato
4506281872;2024-10-02;2024-10-03;SENHOR DO BONFIM;ITHALLO;Inapto;Sem contato
4506287208;2024-10-02;;SENHOR DO BONFIM;JOVANIA;Aguardando Retorno;Aguardando retorno cliente
4506287224;2024-10-02;;SENHOR DO BONFIM;ITHALLO;Aguardando Retorno;
4506287695;2024-10-02;2024-10-02;SENHOR DO BONFIM;DARIENE;Apto;Apto
4506289154;2024-10-02;2024-10-02;SENHOR DO BONFIM;ITHALLO;Inapto;Sem contato
4506290635;2024-10-02;2024-10-02;SENHOR DO BONFIM;ITHALLO;Apto;Apto
4506291057;2024-10-02;2024-10-02;SENHOR DO BONFIM;ITHALLO;Inapto;Deficiencia tecnica
4505137408;2024-10-02;;SENHOR DO BONFIM;ITHALLO;Aguardando Retorno;
4506257324;2024-10-02;;SENHOR DO BONFIM;ITHALLO;Aguardando Retorno;
4506258275;2024-10-02;2024-10-03;SENHOR DO BONFIM;ITHALLO;Inapto;Deficiencia tecnica
4506271226;2024-10-02;2024-10-03;SENHOR DO BONFIM;ITHALLO;Apto;Apto
4506273964;2024-10-02;2024-10-02;SENHOR DO BONFIM;ITHALLO;Apto;Apto
4506276456;2024-10-03;2024-10-03;SENHOR DO BONFIM;ITHALLO;Inapto;Deficiencia tecnica
4506277954;2024-10-03;;SENHOR DO BONFIM;DARIENE;Aguardando Retorno;
4506277957;2024-10-03;;SENHOR DO BONFIM;JOVANIA;Aguardando Retorno;Aguardando retorno cliente
4506278293;2024-10-03;2024-10-04;SENHOR DO BONFIM;ITHALLO;Apto;Apto
4506279460;2024-10-03;;SENHOR DO BONFIM;JOVANIA;Aguardando Retorno;Aguardando retorno cliente
4506279477;2024-10-03;;SENHOR DO BONFIM;JOVANIA;Aguardando Retorno;Aguardando retorno cliente
4506279484;2024-10-03;;SENHOR DO BONFIM;JOVANIA;Apto;Apto
4506282879;2024-10-03;;SENHOR DO BONFIM;ITHALLO;Aguardando Retorno;
4506283242;2024-10-03;;SENHOR DO BONFIM;JOVANIA;Aguardando Retorno;Aguardando retorno cliente
4506283961;2024-10-03;2024-10-03;SENHOR DO BONFIM;ITHALLO;Apto;Apto
4506283975;2024-10-03;;SENHOR DO BONFIM;JOVANIA;Aguardando Retorno;Aguardando retorno cliente
4506287763;2024-10-03;;SENHOR DO BONFIM;JOVANIA;Apto;Apto
4506288225;2024-10-03;2024-10-03;SENHOR DO BONFIM;ITHALLO;Inapto;Deficiencia tecnica
4506288230;2024-10-03;;SENHOR DO BONFIM;ITHALLO;Inapto;Sem contato
4506288721;2024-10-03;2024-10-04;SENHOR DO BONFIM;ITHALLO;Apto;Apto
4506290195;2024-10-04;;SENHOR DO BONFIM;JOVANIA;Inapto;Sem contato
4506290697;2024-10-03;2024-10-04;SENHOR DO BONFIM;ITHALLO;Apto;Apto
4506291078;2024-10-03;2024-10-04;SENHOR DO BONFIM;ITHALLO;Apto;Apto
4506291109;2024-10-03;2024-10-03;SENHOR DO BONFIM;ITHALLO;Inapto;Deficiencia tecnica
4506291588;2024-10-03;;SENHOR DO BONFIM;DARIENE;Aguardando Retorno;
4506291590;2024-10-03;;SENHOR DO BONFIM;ITHALLO;Aguardando Retorno;
4506291591;2024-10-03;;SENHOR DO BONFIM;DARIENE;Aguardando Retorno;
4506292062;2024-10-03;;SENHOR DO BONFIM;DARIENE;Aguardando Retorno;
4506292508;2024-10-03;2024-10-03;SENHOR DO BONFIM;ITHALLO;Inapto;Deficiencia tecnica
4506293013;2024-10-03;;SENHOR DO BONFIM;ITHALLO;Aguardando Retorno;Aguardando retorno cliente
4506293043;2024-10-04;;SENHOR DO BONFIM;JOVANIA;Aguardando Retorno;Aguardando retorno cliente
4506294011;2024-10-03;2024-10-04;SENHOR DO BONFIM;ITHALLO;Apto;Apto
4506240229;2024-10-04;2024-10-04;SENHOR DO BONFIM;ITHALLO;Apto;Apto
4506264537;2024-10-05;2024-10-05;SENHOR DO BONFIM;DENIZE;Apto;Apto
4506265338;2024-10-04;2024-10-05;SENHOR DO BONFIM;ITHALLO;Inapto;Deficiencia tecnica
4506278312;2024-10-02;2024-10-03;SENHOR DO BONFIM;DARIENE;Apto;Apto
4506278328;2024-10-04;2024-10-05;SENHOR DO BONFIM;ITHALLO;Inapto;Sem contato
4506278427;2024-10-04;2024-10-05;SENHOR DO BONFIM;ITHALLO;Inapto;Sem contato
4506279080;2024-10-04;2024-10-05;SENHOR DO BONFIM;ITHALLO;Inapto;Deficiencia tecnica
4506280462;2024-10-04;2024-10-04;SENHOR DO BONFIM;DARIENE;Inapto;Irregularidade do Padrao
4506281946;2024-10-04;2024-10-05;SENHOR DO BONFIM;ITHALLO;Apto;Apto
4506282986;2024-10-05;2024-10-05;SENHOR DO BONFIM;DENIZE;Inapto;Sem contato
4506283310;2024-10-04;2024-10-04;SENHOR DO BONFIM;ITHALLO;Inapto;Irregularidade do Padrao
4506286436;2024-10-04;2024-10-07;SENHOR DO BONFIM;ITHALLO;Apto;Apto
4506286672;2024-10-04;2024-10-04;SENHOR DO BONFIM;ITHALLO;Inapto;Obra
4506288297;2024-10-04;2024-10-04;SENHOR DO BONFIM;ITHALLO;Inapto;Deficiencia tecnica
4506288393;2024-10-04;;SENHOR DO BONFIM;ITHALLO;Aguardando Retorno;
4506288461;2024-10-04;;SENHOR DO BONFIM;ITHALLO;Apto;Apto
4506288489;2024-10-04;;SENHOR DO BONFIM;ITHALLO;Aguardando Retorno;
4506288829;2024-10-04;2024-10-05;SENHOR DO BONFIM;DENIZE;Apto;Apto
4506288862;2024-10-08;;SENHOR DO BONFIM;AMANDA;Apto;Apto
4506290295;2024-10-04;;SENHOR DO BONFIM;ITHALLO;Aguardando Retorno;
4506290490;2024-10-04;;SENHOR DO BONFIM;ITHALLO;Aguardando Retorno;
4506290915;2024-10-04;;SENHOR DO BONFIM;ITHALLO;Aguardando Retorno;
4506291278;2024-10-04;2024-10-05;SENHOR DO BONFIM;ITHALLO;Apto;Apto
4506291707;2024-10-04;;SENHOR DO BONFIM;ITHALLO;Aguardando Retorno;
4506292736;2024-10-05;;SENHOR DO BONFIM;DENIZE;Aguardando Retorno;
4506293534;2024-10-05;;SENHOR DO BONFIM;DENIZE;Aguardando Retorno;
4506296534;2024-10-05;2024-10-08;SENHOR DO BONFIM;DENIZE;Apto;Apto
4506296656;2024-10-05;2024-10-07;SENHOR DO BONFIM;DENIZE;Inapto;Deficiencia tecnica
4506297527;2024-10-05;2024-10-05;SENHOR DO BONFIM;DENIZE;Apto;Apto
4506298099;2024-10-05;;SENHOR DO BONFIM;DENIZE;Aguardando Retorno;
4506298505;2024-10-05;2024-10-05;SENHOR DO BONFIM;DENIZE;Apto;Apto
4506298611;2024-10-05;;SENHOR DO BONFIM;DENIZE;Aguardando Retorno;
4506300085;2024-10-05;2024-10-05;SENHOR DO BONFIM;DENIZE;Apto;Apto
4506301033;2024-10-05;2024-10-07;SENHOR DO BONFIM;DENIZE;Apto;Apto
4506265799;2024-10-05;2024-10-05;SENHOR DO BONFIM;DENIZE;Apto;Apto
4506268271;2024-10-05;;SENHOR DO BONFIM;DENIZE;Aguardando Retorno;
4506282909;2024-10-07;2024-10-07;SENHOR DO BONFIM;ITHALLO;Apto;Apto
4506287415;2024-10-07;2024-10-07;SENHOR DO BONFIM;ITHALLO;Apto;Apto
4506287917;2024-10-07;2024-10-07;SENHOR DO BONFIM;ITHALLO;Apto;Apto
4506287961;2024-10-07;2024-10-07;SENHOR DO BONFIM;ITHALLO;Inapto;Deficiencia tecnica
4506288338;2024-10-07;;SENHOR DO BONFIM;ITHALLO;Aguardando Retorno;
4506288418;2024-10-07;;SENHOR DO BONFIM;ITHALLO;Inapto;Sem contato
4506290847;2024-10-07;2024-10-07;SENHOR DO BONFIM;ITHALLO;Inapto;Deficiencia tecnica
4506291191;2024-10-07;;SENHOR DO BONFIM;JOVANIA;Aguardando Retorno;Aguardando retorno cliente
4506291317;2024-10-07;;SENHOR DO BONFIM;JOVANIA;Inapto;Irregularidade do Padrao
4506292124;2024-10-07;2024-10-08;SENHOR DO BONFIM;ITHALLO;Apto;Apto
4506292293;2024-10-07;;SENHOR DO BONFIM;ITHALLO;Aguardando Retorno;
4506292768;2024-10-07;;SENHOR DO BONFIM;JOVANIA;Inapto;Irregularidade do Padrao
4506292787;2024-10-07;;SENHOR DO BONFIM;JOVANIA;Apto;Apto
4506293204;2024-10-07;2024-10-08;SENHOR DO BONFIM;ITHALLO;Apto;Apto
4506296520;2024-10-07;2024-10-07;SENHOR DO BONFIM;ITHALLO;Apto;Apto
4506298520;2024-10-07;;SENHOR DO BONFIM;JOVANIA;Aguardando Retorno;Aguardando retorno cliente
4506298634;2024-10-07;;SENHOR DO BONFIM;ITHALLO;Aguardando Retorno;
4506300052;2024-10-07;2024-10-08;SENHOR DO BONFIM;ITHALLO;Apto;Apto
4506268427;2024-10-07;;SENHOR DO BONFIM;ITHALLO;Aguardando Retorno;
4506271655;2024-10-07;;SENHOR DO BONFIM;ITHALLO;Aguardando Retorno;
4506271704;2024-10-07;2024-10-07;SENHOR DO BONFIM;ITHALLO;Apto;Apto
4506276456;2024-10-07;2024-10-07;SENHOR DO BONFIM;ITHALLO;Apto;Apto
4506280620;2024-10-07;;SENHOR DO BONFIM;JOVANIA;Apto;Apto
4506280699;2024-10-07;2024-10-09;SENHOR DO BONFIM;ITHALLO;Inapto;Deficiencia tecnica
4506284439;2024-10-07;;SENHOR DO BONFIM;JOVANIA;Aguardando Retorno;Aguardando retorno cliente
4506287416;2024-10-07;2024-10-07;SENHOR DO BONFIM;ITHALLO;Apto;Apto
4506289496;2024-10-07;2024-10-09;SENHOR DO BONFIM;ITHALLO;Apto;Apto
4506291422;2024-10-07;2024-10-09;SENHOR DO BONFIM;ITHALLO;Apto;Apto
4506291821;2024-10-07;;SENHOR DO BONFIM;ITHALLO;Aguardando Retorno;
4506291854;2024-10-07;2024-10-07;SENHOR DO BONFIM;ITHALLO;Apto;Apto
4506292690;2024-10-09;;SENHOR DO BONFIM;AMANDA;Aguardando Retorno;Aguardando retorno cliente
4506296101;2024-10-09;;SENHOR DO BONFIM;AMANDA;Aguardando Retorno;Aguardando retorno cliente
4505249514;2024-10-08;;SENHOR DO BONFIM;ITHALLO;Inapto;Deficiencia tecnica
4506230063;2024-10-08;2024-10-08;SENHOR DO BONFIM;ITHALLO;Apto;Apto
4506256354;2024-10-08;2024-10-08;SENHOR DO BONFIM;ITHALLO;Inapto;Deficiencia tecnica
4506270335;2024-10-08;2024-10-09;SENHOR DO BONFIM;ITHALLO;Inapto;Deficiencia tecnica
4506270850;2024-10-08;;SENHOR DO BONFIM;DARIENE;Aguardando Retorno;
4506278407;2024-10-08;2024-10-09;SENHOR DO BONFIM;ITHALLO;Apto;Apto
4506280699;2024-10-07;2024-10-09;SENHOR DO BONFIM;ITHALLO;Inapto;Deficiencia tecnica
4506281932;2024-10-07;;SENHOR DO BONFIM;JOVANIA;Inapto;Cliente deseja KIT financiado
4506287986;2024-10-08;;SENHOR DO BONFIM;ITHALLO;Aguardando Retorno;
4506288418;2024-10-08;;SENHOR DO BONFIM;ITHALLO;Aguardando Retorno;
4506289419;2024-10-08;2024-10-08;SENHOR DO BONFIM;ITHALLO;Inapto;Ja realizada
4506289962;2024-10-08;2024-10-09;SENHOR DO BONFIM;ITHALLO;Inapto;Deficiencia tecnica
4506290976;2024-10-08;2024-10-09;SENHOR DO BONFIM;ITHALLO;Inapto;Ja realizada
4506291311;2024-10-09;;SENHOR DO BONFIM;ITHALLO;Aguardando Retorno;
4506291317;2024-10-08;;SENHOR DO BONFIM;JOVANIA;Inapto;Irregularidade do Padrao
4506292736;2024-10-09;;SENHOR DO BONFIM;JOVANIA;Aguardando Retorno;Aguardando retorno cliente
4506293194;2024-10-09;;SENHOR DO BONFIM;JOVANIA;Apto;Apto
4506294182;2024-10-09;2024-10-09;SENHOR DO BONFIM;JOVANIA;Apto;Apto
4506294648;2024-10-09;;SENHOR DO BONFIM;JOVANIA;Aguardando Retorno;Aguardando retorno cliente
4506294682;2024-10-09;;SENHOR DO BONFIM;JOVANIA;Inapto;Deficiencia tecnica
4506295661;2024-10-09;;SENHOR DO BONFIM;JOVANIA;Apto;Apto
4506297083;2024-10-09;;SENHOR DO BONFIM;AMANDA;Apto;Apto
4506298099;2024-10-09;;SENHOR DO BONFIM;ITHALLO;Aguardando Retorno;
4506300052;2024-10-09;2024-10-09;SENHOR DO BONFIM;AMANDA;Apto;Apto
4506260931;2024-10-09;;SENHOR DO BONFIM;DARIENE;Aguardando Retorno;
4506262673;2024-10-09;2024-10-10;SENHOR DO BONFIM;ITHALLO;Apto;Apto
4506269890;2024-10-09;2024-10-10;SENHOR DO BONFIM;ITHALLO;Apto;Apto
4506271235;2024-10-09;;SENHOR DO BONFIM;DARIENE;Aguardando Retorno;
4506272245;2024-10-09;2024-10-09;SENHOR DO BONFIM;DARIENE;Inapto;
4506273280;2024-10-08;2024-10-09;SENHOR DO BONFIM;AMANDA;Apto;Apto
4506274981;2024-10-09;2024-10-09;SENHOR DO BONFIM;DARIENE;Apto;Apto
4506276456;2024-10-07;2024-10-07;SENHOR DO BONFIM;ITHALLO;Apto;Apto
4506277981;2024-10-09;;SENHOR DO BONFIM;DARIENE;Aguardando Retorno;
4506278427;2024-10-08;;SENHOR DO BONFIM;AMANDA;Aguardando Retorno;
4506278463;2024-10-09;;SENHOR DO BONFIM;DARIENE;Telefone não existe;
4506280526;2024-10-10;2024-10-10;SENHOR DO BONFIM;DARIENE;Inapto;Irregularidade do Padrao
4506281872;2024-10-10;;SENHOR DO BONFIM;DARIENE;Aguardando Retorno;
4506282387;2024-10-10;;SENHOR DO BONFIM;DARIENE;Aguardando Retorno;
4506288388;2024-10-09;;SENHOR DO BONFIM;DARIENE;Sem contato;Sem contato
4506288489;2024-10-10;;SENHOR DO BONFIM;DARIENE;Apto;Apto
4506289462;2024-10-10;;SENHOR DO BONFIM;DARIENE;Aguardando Retorno;
4506289770;2024-10-10;2024-10-10;SENHOR DO BONFIM;ITHALLO;Apto;Apto
4506290490;2024-10-10;2024-10-10;SENHOR DO BONFIM;ITHALLO;Apto;Apto
4506291057;2024-10-02;2024-10-10;SENHOR DO BONFIM;ITHALLO;Apto;Apto
4506291821;2024-10-10;2024-10-10;SENHOR DO BONFIM;ITHALLO;Apto;Apto
4506291874;2024-10-10;2024-10-10;SENHOR DO BONFIM;ITHALLO;Apto;Apto
4506292293;2024-10-10;;SENHOR DO BONFIM;ITHALLO;Aguardando Retorno;
4506293204;2024-10-07;2024-10-08;SENHOR DO BONFIM;ITHALLO;Apto;Apto
4506294696;2024-10-10;2024-10-11;SENHOR DO BONFIM;ITHALLO;Apto;Apto
4506294700;2024-10-10;;SENHOR DO BONFIM;ITHALLO;Aguardando Retorno;
4506294718;2024-10-10;2024-10-10;SENHOR DO BONFIM;ITHALLO;Apto;Apto
4506295149;2024-10-09;;SENHOR DO BONFIM;JOVANIA;Apto;Apto
4506295725;2024-10-10;;SENHOR DO BONFIM;ITHALLO;Aguardando Retorno;
4506297139;2024-10-09;;SENHOR DO BONFIM;JOVANIA;Apto;Apto
4506297634;2024-10-10;;SENHOR DO BONFIM;ITHALLO;Aguardando Retorno;
4506297669;2024-10-10;2024-10-11;SENHOR DO BONFIM;ITHALLO;Apto;Apto
4506298144;2024-10-10;2024-10-10;SENHOR DO BONFIM;ITHALLO;Apto;Apto
4506298611;2024-10-10;2024-10-10;SENHOR DO BONFIM;ITHALLO;Apto;Apto
4506298648;2024-10-10;;SENHOR DO BONFIM;ITHALLO;Inapto;Sem contato
4506299572;2024-10-10;;SENHOR DO BONFIM;ITHALLO;Aguardando Retorno;
4506300597;2024-10-10;;SENHOR DO BONFIM;ITHALLO;Aguardando Retorno;
4506301033;2024-10-10;;SENHOR DO BONFIM;ITHALLO;Aguardando Retorno;
4506302029;2024-10-10;;SENHOR DO BONFIM;ITHALLO;Aguardando Retorno;
4506302506;2024-10-10;;SENHOR DO BONFIM;ITHALLO;Aguardando Retorno;
4506302507;2024-10-10;;SENHOR DO BONFIM;ITHALLO;Aguardando Retorno;
4506302529;2024-10-10;;SENHOR DO BONFIM;ITHALLO;Aguardando Retorno;
4506303032;2024-10-10;;SENHOR DO BONFIM;ITHALLO;Aguardando Retorno;
4506303510;2024-10-10;;SENHOR DO BONFIM;ITHALLO;Aguardando Retorno;
4506136506;2024-10-11;;SENHOR DO BONFIM;ITHALLO;Aguardando Retorno;
4506252834;2024-10-11;2024-10-11;SENHOR DO BONFIM;ITHALLO;Apto;Apto
4506273481;2024-10-11;;SENHOR DO BONFIM;ITHALLO;Inapto;Cadastro Incorreto
4506278328;2024-10-11;;SENHOR DO BONFIM;ITHALLO;Aguardando Retorno;
4506283400;2024-10-11;2024-10-14;SENHOR DO BONFIM;ITHALLO;Apto;Apto
4506285962;2024-10-11;;SENHOR DO BONFIM;ITHALLO;Aguardando Retorno;
4506291891;2024-10-11;;SENHOR DO BONFIM;ITHALLO;Aguardando Retorno;
4506291893;2024-10-11;;SENHOR DO BONFIM;ITHALLO;Aguardando Retorno;
4506291904;2024-10-11;;SENHOR DO BONFIM;ITHALLO;Apto;Apto
4506294254;2024-10-11;;SENHOR DO BONFIM;ITHALLO;Aguardando Retorno;
4506299651;2024-10-11;;SENHOR DO BONFIM;ITHALLO;Apto;Apto
4506301215;2024-10-11;;SENHOR DO BONFIM;ITHALLO;Inapto;Sem contato
4506302554;2024-10-11;2024-10-14;SENHOR DO BONFIM;ITHALLO;Apto;Apto
4506303057;2024-10-11;;SENHOR DO BONFIM;AMANDA;Apto;Apto
4506303061;2024-10-11;;SENHOR DO BONFIM;ITHALLO;Aguardando Retorno;
4506303528;2024-10-11;;SENHOR DO BONFIM;ITHALLO;Apto;Apto
4506303547;2024-10-11;;SENHOR DO BONFIM;ITHALLO;Aguardando Retorno;
4506304009;2024-10-11;;SENHOR DO BONFIM;ITHALLO;Aguardando Retorno;
4504686869;2024-10-14;;SENHOR DO BONFIM;ITHALLO;Aguardando Retorno;
4506250972;2024-10-14;;SENHOR DO BONFIM;ITHALLO;Aguardando Retorno;
4506258673;2024-10-14;;SENHOR DO BONFIM;ITHALLO;Apto;Apto
4506282349;2024-10-14;2024-10-14;SENHOR DO BONFIM;ITHALLO;Inapto;Sem contato
4506283404;2024-10-14;;SENHOR DO BONFIM;ITHALLO;Aguardando Retorno;
4506283411;2024-10-14;;SENHOR DO BONFIM;ITHALLO;Inapto;Sem contato
4506292413;2024-10-14;2024-10-14;SENHOR DO BONFIM;ITHALLO;Apto;Apto
4506292419;2024-10-14;;SENHOR DO BONFIM;ITHALLO;Apto;Apto
4506292420;2024-10-14;;SENHOR DO BONFIM;ITHALLO;Aguardando Retorno;
4506293288;2024-10-14;;SENHOR DO BONFIM;ITHALLO;Aguardando Retorno;
4506293289;2024-10-14;;SENHOR DO BONFIM;ITHALLO;Aguardando Retorno;
4506293789;2024-10-14;2024-10-14;SENHOR DO BONFIM;ITHALLO;Inapto;Deficiencia tecnica
4506295229;2024-10-14;;SENHOR DO BONFIM;ITHALLO;Aguardando Retorno;
4506295268;2024-10-14;;SENHOR DO BONFIM;ITHALLO;Aguardando Retorno;
4506296238;2024-10-14;;SENHOR DO BONFIM;ITHALLO;Aguardando Retorno;
4506296534;2024-10-14;;SENHOR DO BONFIM;ITHALLO;Aguardando Retorno;
4506296735;2024-10-14;2024-10-14;SENHOR DO BONFIM;AMANDA;Apto;Apto
4506297717;2024-10-14;;SENHOR DO BONFIM;ITHALLO;Aguardando Retorno;
4506300432;2024-10-14;;SENHOR DO BONFIM;ITHALLO;Aguardando Retorno;
4506301246;2024-10-14;;SENHOR DO BONFIM;ITHALLO;Aguardando Retorno;
4506302597;2024-10-14;2024-10-15;SENHOR DO BONFIM;ITHALLO;Apto;Apto
4506303117;2024-10-15;2024-10-15;SENHOR DO BONFIM;DARIENE;Telefone não existe;Sem retorno
4506303139;2024-10-14;2024-10-14;SENHOR DO BONFIM;AMANDA;Apto;Apto
4506303562;2024-10-14;;SENHOR DO BONFIM;ITHALLO;Aguardando Retorno;
4506303574;2024-10-14;;SENHOR DO BONFIM;ITHALLO;Aguardando Retorno;
4506304519;2024-10-14;2024-10-15;SENHOR DO BONFIM;ITHALLO;Apto;Apto
4506071771;2024-10-14;;SENHOR DO BONFIM;DARIENE;Aguardando Retorno;
4506274981;2024-10-14;;SENHOR DO BONFIM;DARIENE;Aguardando Retorno;
4506288225;2024-10-15;2024-10-15;SENHOR DO BONFIM;DARIENE;Apto;
4506288393;2024-10-15;2024-10-15;SENHOR DO BONFIM;DARIENE;Aguardando Retorno;
4506289410;2024-10-11;2024-10-11;SENHOR DO BONFIM;ITHALLO;Inapto;Cliente deseja KIT financiado
4506292494;2024-10-15;;SENHOR DO BONFIM;DARIENE;Aguardando Retorno;
4506298751;2024-10-15;;SENHOR DO BONFIM;AMANDA;Aguardando Retorno;Aguardando retorno cliente
4506299749;2024-10-15;2024-10-15;SENHOR DO BONFIM;AMANDA;Inapto;Obra
4506300228;2024-10-15;2024-10-15;SENHOR DO BONFIM;AMANDA;Apto;Apto
4506306010;2024-10-14;2024-10-14;SENHOR DO BONFIM;AMANDA;Apto;Apto
4506259314;2024-10-15;2024-10-15;SENHOR DO BONFIM;AMANDA;Apto;Apto
4506301851;2024-10-14;2024-10-14;SENHOR DO BONFIM;AMANDA;Apto;Apto
4604359888;2024-10-16;2024-10-16;SENHOR DO BONFIM;DENIZE;Inapto;Irregularidade do Padrao
4604376252;2024-10-16;2024-10-16;SENHOR DO BONFIM;DENIZE;Inapto;Irregularidade do Padrao
4604396056;2024-10-16;2024-10-16;SENHOR DO BONFIM;DENIZE;Inapto;Irregularidade do Padrao
4506300893;2024-10-21;2024-10-21;SENHOR DO BONFIM;AMANDA;Apto;Apto
4506301444;2024-10-21;2024-10-21;SENHOR DO BONFIM;AMANDA;Apto;Apto
4506302507;2024-10-21;2024-10-21;SENHOR DO BONFIM;AMANDA;Apto;Apto
4506303780;2024-10-21;2024-10-21;SENHOR DO BONFIM;AMANDA;Inapto;Deficiencia tecnica
4506304235;2024-10-21;2024-10-21;SENHOR DO BONFIM;AMANDA;Apto;Apto
4506305595;2024-10-21;2024-10-21;SENHOR DO BONFIM;AMANDA;Apto;Apto
4506308008;2024-10-21;2024-10-21;SENHOR DO BONFIM;AMANDA;Apto;Apto
4506308508;2024-10-19;2024-10-19;SENHOR DO BONFIM;DENIZE;Inapto;Deficiencia tecnica
4604379705;2024-10-15;2024-10-15;SENHOR DO BONFIM;AMANDA;Apto;Apto
4506269877;2024-10-21;2024-10-21;SENHOR DO BONFIM;DENIZE;Apto;Apto
4506271976;2024-10-21;2024-10-21;SENHOR DO BONFIM;DENIZE;Inapto;Sem contato
4506278887;2024-10-21;2024-10-22;SENHOR DO BONFIM;DENIZE;Apto;Apto
4506286917;2024-10-21;;SENHOR DO BONFIM;DENIZE;Aguardando Retorno;
4506293473;2024-10-21;2024-10-22;SENHOR DO BONFIM;JOVANIA;Apto;Apto
4506293491;2024-10-21;2024-10-22;SENHOR DO BONFIM;JOVANIA;Inapto;Deficiencia tecnica
4506293971;2024-10-21;2024-10-21;SENHOR DO BONFIM;JOVANIA;Apto;Apto
4506293998;2024-10-21;;SENHOR DO BONFIM;JOVANIA;Aguardando Retorno;Aguardando retorno cliente
4506294441;2024-10-21;;SENHOR DO BONFIM;JOVANIA;Aguardando Retorno;Aguardando retorno cliente
4506294682;2024-10-21;2024-10-21;SENHOR DO BONFIM;JOVANIA;Apto;Apto
4506294983;2024-10-21;2024-10-21;SENHOR DO BONFIM;JOVANIA;Apto;Apto
4506296424;2024-10-21;2024-10-22;SENHOR DO BONFIM;JOVANIA;Apto;Apto
4506296944;2024-10-21;2024-10-21;SENHOR DO BONFIM;AMANDA;Apto;Apto
4506296962;2024-10-21;;SENHOR DO BONFIM;JOVANIA;;
4506298451;2024-10-21;2024-10-21;SENHOR DO BONFIM;AMANDA;Apto;Apto
4506298458;2024-10-21;2024-10-21;SENHOR DO BONFIM;JOVANIA;Apto;Apto
4506298483;2024-10-21;;SENHOR DO BONFIM;JOVANIA;Aguardando Retorno;Aguardando retorno cliente
4506299411;2024-10-21;2024-10-21;SENHOR DO BONFIM;AMANDA;Apto;Apto
4506299418;2024-10-22;2024-10-22;SENHOR DO BONFIM;DENIZE;Inapto;Sem contato
4506302297;2024-10-21;2024-10-21;SENHOR DO BONFIM;DARIENE;Apto;Apto
4506303117;2024-10-21;;SENHOR DO BONFIM;DARIENE;Aguardando Retorno;
4506303795;2024-10-21;;SENHOR DO BONFIM;JOVANIA;Aguardando Retorno;Aguardando retorno cliente
4506306219;2024-10-21;2024-10-21;SENHOR DO BONFIM;AMANDA;Apto;Apto
4506307625;2024-10-22;2024-10-22;SENHOR DO BONFIM;DENIZE;;
4506279142;2024-10-22;;SENHOR DO BONFIM;JOVANIA;Aguardando Retorno;Aguardando retorno cliente
4506284536;2024-10-22;;SENHOR DO BONFIM;JOVANIA;Aguardando Retorno;Aguardando retorno cliente
4506292075;2024-10-22;;SENHOR DO BONFIM;JOVANIA;Apto;Apto
4506294488;2024-10-22;;SENHOR DO BONFIM;JOVANIA;Aguardando Retorno;Aguardando retorno cliente
4506294492;2024-10-22;;SENHOR DO BONFIM;JOVANIA;Apto;Apto
4506295492;2024-10-22;2024-10-22;SENHOR DO BONFIM;AMANDA;Apto;Apto
4506296467;2024-10-22;;SENHOR DO BONFIM;JOVANIA;Apto;Apto
4506300979;2024-10-22;2024-10-22;SENHOR DO BONFIM;AMANDA;Apto;Apto
4506305195;2024-10-22;2024-10-22;SENHOR DO BONFIM;AMANDA;Apto;Apto
4506305214;2024-10-22;2024-10-22;SENHOR DO BONFIM;AMANDA;Apto;Apto
4506307653;2024-10-22;;SENHOR DO BONFIM;AMANDA;Aguardando Retorno;Aguardando retorno cliente
4506308583;2024-10-22;;SENHOR DO BONFIM;;Aguardando Retorno;
4506308585;2024-10-22;;SENHOR DO BONFIM;JOVANIA;Aguardando Retorno;Aguardando retorno cliente
4506309119;2024-10-22;2024-10-22;SENHOR DO BONFIM;AMANDA;Apto;Apto
4506309612;2024-10-22;;SENHOR DO BONFIM;AMANDA;Aguardando Retorno;Aguardando retorno cliente
4506310543;2024-10-22;2024-10-22;SENHOR DO BONFIM;AMANDA;Inapto;Deficiencia tecnica
4506295970;2024-10-11;;SENHOR DO BONFIM;DARIENE;Telefone não existe;
4506300302;2024-10-11;;SENHOR DO BONFIM;DARIENE;Aguardando Retorno;
4506123838;2024-10-25;;SENHOR DO BONFIM;DENIZE;Aguardando Retorno;
4506266366;2024-10-25;2024-10-25;SENHOR DO BONFIM;DENIZE;Inapto;Irregularidade do Padrao
4506278269;2024-10-25;2024-10-25;SENHOR DO BONFIM;DENIZE;Inapto;Cadastro Incorreto
4506287893;2024-10-25;2024-10-25;SENHOR DO BONFIM;DENIZE;Apto;Apto
4506296766;2024-10-25;2024-10-25;SENHOR DO BONFIM;DENIZE;Apto;Apto
4506304459;2024-10-25;2024-10-25;SENHOR DO BONFIM;DENIZE;Inapto;Sem contato
4506304495;2024-10-25;;SENHOR DO BONFIM;DENIZE;Aguardando Retorno;
4506304994;2024-10-25;2024-10-25;SENHOR DO BONFIM;DENIZE;Inapto;Deficiencia tecnica
4506307851;2024-10-25;;SENHOR DO BONFIM;DENIZE;Aguardando Retorno;
4506308508;2024-10-25;2024-10-25;SENHOR DO BONFIM;DENIZE;Apto;Apto
4506309344;2024-10-25;2024-10-25;SENHOR DO BONFIM;DENIZE;Inapto;Ja realizada
4506309811;2024-10-25;2024-10-25;SENHOR DO BONFIM;DENIZE;Inapto;Sem contato
4506310666;2024-10-25;;SENHOR DO BONFIM;DENIZE;Aguardando Retorno;
4506310677;2024-10-25;;SENHOR DO BONFIM;DENIZE;Aguardando Retorno;
4506311135;2024-10-25;2024-10-25;SENHOR DO BONFIM;DENIZE;Apto;Apto
4506311739;2024-10-25;2024-10-25;SENHOR DO BONFIM;DENIZE;Apto;Apto
4506312144;2024-10-25;;SENHOR DO BONFIM;DENIZE;Aguardando Retorno;
4506312151;2024-10-25;2024-10-25;SENHOR DO BONFIM;DENIZE;Apto;Apto
4506312636;2024-10-25;;SENHOR DO BONFIM;DENIZE;Aguardando Retorno;
4506313633;2024-10-25;;SENHOR DO BONFIM;DENIZE;Aguardando Retorno;
4506314611;2024-10-25;2024-10-25;SENHOR DO BONFIM;DENIZE;Inapto;Deficiencia tecnica
4506316565;2024-10-28;2024-10-28;SENHOR DO BONFIM;JOVANIA;Apto;Apto
4506317601;2024-10-28;;SENHOR DO BONFIM;AMANDA;Aguardando Retorno;Aguardando retorno cliente
4506318511;2024-10-28;2024-10-28;SENHOR DO BONFIM;AMANDA;Inapto;Obra
4506319006;2024-10-28;2024-10-28;SENHOR DO BONFIM;AMANDA;Apto;Apto
4506319014;2024-10-28;;SENHOR DO BONFIM;AMANDA;Aguardando Retorno;Aguardando retorno cliente
4505756356;2024-10-28;;SENHOR DO BONFIM;JOVANIA;Aguardando Retorno;Aguardando retorno cliente
4506081564;2024-10-28;;SENHOR DO BONFIM;JOVANIA;Aguardando Retorno;Aguardando retorno cliente
4506278206;2024-10-28;2024-10-28;SENHOR DO BONFIM;JOVANIA;Inapto;PARECER 23
4506292979;2024-10-28;;SENHOR DO BONFIM;JOVANIA;Aguardando Retorno;Aguardando retorno cliente
4506304186;2024-10-28;;SENHOR DO BONFIM;JOVANIA;Apto;Apto
4506305308;2024-10-28;;SENHOR DO BONFIM;AMANDA;Aguardando Retorno;Aguardando retorno cliente
4506305782;2024-10-28;;SENHOR DO BONFIM;AMANDA;Aguardando Retorno;Aguardando retorno cliente
4506307352;2024-10-29;2024-10-29;SENHOR DO BONFIM;JOVANIA;Apto;Apto
4506307380;2024-10-28;2024-10-28;SENHOR DO BONFIM;AMANDA;Apto;Apto
4506309398;2024-10-29;2024-10-29;SENHOR DO BONFIM;AMANDA;Apto;Apto
4506309439;2024-10-29;2024-10-29;SENHOR DO BONFIM;AMANDA;Apto;Apto
4506309848;2024-10-29;;SENHOR DO BONFIM;AMANDA;Aguardando Retorno;Aguardando retorno cliente
4506310220;2024-10-28;2024-10-29;SENHOR DO BONFIM;JOVANIA;Apto;Aguardando retorno cliente
4506310731;2024-10-29;2024-10-29;SENHOR DO BONFIM;AMANDA;Apto;Apto
4506311173;2024-10-28;2024-10-29;SENHOR DO BONFIM;JOVANIA;Apto;Aguardando retorno cliente
4506311776;2024-10-29;;SENHOR DO BONFIM;JOVANIA;Apto;
4506311779;2024-10-29;2024-10-29;SENHOR DO BONFIM;AMANDA;Apto;Apto
4506312224;2024-10-29;;SENHOR DO BONFIM;JOVANIA;Aguardando Retorno;Aguardando retorno cliente
4506312677;2024-10-29;2024-10-29;SENHOR DO BONFIM;AMANDA;Apto;Apto
4506312691;2024-10-29;2024-10-29;SENHOR DO BONFIM;AMANDA;Apto;Apto
4506313160;2024-10-29;;SENHOR DO BONFIM;AMANDA;Aguardando Retorno;Aguardando retorno cliente
4506313165;2024-10-29;2024-10-29;SENHOR DO BONFIM;AMANDA;Apto;Apto
4506313169;2024-10-29;;SENHOR DO BONFIM;AMANDA;Aguardando Retorno;Aguardando retorno cliente
4506316127;2024-10-29;2024-10-29;SENHOR DO BONFIM;AMANDA;Apto;Apto
4506317639;2024-10-29;2024-10-29;SENHOR DO BONFIM;JOVANIA;Apto;Apto
4506318080;2024-10-28;2024-10-28;SENHOR DO BONFIM;JOVANIA;Inapto;Deficiencia tecnica
4506318087;2024-10-28;;SENHOR DO BONFIM;JOVANIA;Apto;Apto
4506318141;2024-10-29;2024-10-29;SENHOR DO BONFIM;AMANDA;Inapto;Sem retorno
4506318142;2024-10-29;;SENHOR DO BONFIM;JOVANIA;Aguardando Retorno;Aguardando retorno cliente
4506319081;2024-10-29;2024-10-29;SENHOR DO BONFIM;AMANDA;Apto;Apto
4506319084;2024-10-29;2024-10-29;SENHOR DO BONFIM;AMANDA;Inapto;Deficiencia tecnica
4506319512;2024-10-29;2024-10-29;SENHOR DO BONFIM;AMANDA;Apto;Apto
4506319548;2024-10-29;2024-10-29;SENHOR DO BONFIM;AMANDA;Apto;Apto
4506320045;2024-10-29;2024-10-29;SENHOR DO BONFIM;AMANDA;Apto;Apto
4505886270;2024-10-28;;SENHOR DO BONFIM;DARIENE;Inapto;Sem contato
4506278257;2024-10-29;2024-10-29;SENHOR DO BONFIM;JOÃO PEDRO;Inapto;Deficiencia tecnica
4506296369;2024-10-29;2024-10-29;SENHOR DO BONFIM;DENIZE;Apto;Apto
4506296403;2024-10-29;2024-10-29;SENHOR DO BONFIM;DENIZE;Aguardando Retorno;
4506297335;2024-10-29;2024-10-29;SENHOR DO BONFIM;JOÃO PEDRO;Apto;Apto
4506297958;2024-10-29;2024-10-30;SENHOR DO BONFIM;JOÃO PEDRO;Apto;Apto
4506299418;2024-10-29;2024-10-30;SENHOR DO BONFIM;JOÃO PEDRO;Apto;Apto
4506302125;2024-10-29;2024-10-30;SENHOR DO BONFIM;JOÃO PEDRO;Apto;Apto
4506305827;2024-10-29;2024-10-30;SENHOR DO BONFIM;JOÃO PEDRO;Apto;Apto
4506306342;2024-10-30;2024-10-30;SENHOR DO BONFIM;JOÃO PEDRO;Inapto;Irregularidade do Padrao
4506307395;2024-10-30;2024-10-30;SENHOR DO BONFIM;JOÃO PEDRO;Inapto;Sem contato
4506308209;2024-10-30;;SENHOR DO BONFIM;JOÃO PEDRO;Aguardando Retorno;
4506309492;2024-10-30;2024-10-30;SENHOR DO BONFIM;JOÃO PEDRO;Apto;Apto
4506309934;2024-10-30;;SENHOR DO BONFIM;JOÃO PEDRO;Aguardando Retorno;
4506309965;2024-10-30;2024-10-30;SENHOR DO BONFIM;JOÃO PEDRO;Inapto;Cadastro Incorreto
4506311237;2024-10-30;;SENHOR DO BONFIM;JOÃO PEDRO;Aguardando Retorno;
4506311239;2024-10-30;2024-10-30;SENHOR DO BONFIM;JOÃO PEDRO;Apto;Apto
4506312694;2024-10-30;2024-10-30;SENHOR DO BONFIM;JOÃO PEDRO;Inapto;Obra
4506312703;2024-10-30;;SENHOR DO BONFIM;JOÃO PEDRO;Aguardando Retorno;
4506315344;2024-10-29;2024-10-29;SENHOR DO BONFIM;DARIENE;Inapto;Deficiencia tecnica
4506318185;2024-10-28;;SENHOR DO BONFIM;DARIENE;Apto;Apto
4506320077;2024-10-28;2024-10-28;SENHOR DO BONFIM;DARIENE;Inapto;Obra
4506291118;2024-10-28;;SENHOR DO BONFIM;DARIENE;Apto;Apto
4506303447;2024-10-28;;SENHOR DO BONFIM;DARIENE;Apto;Apto
4506305415;2024-10-28;;SENHOR DO BONFIM;DARIENE;Aguardando Retorno;
4506307461;2024-10-30;;SENHOR DO BONFIM;JOVANIA;Aguardando Retorno;Aguardando retorno cliente
4506307470;2024-10-31;2024-10-31;SENHOR DO BONFIM;DENIZE;Inapto;Sem contato
4506308218;2024-10-29;;SENHOR DO BONFIM;DARIENE;Aguardando Retorno;
4506310849;2024-10-29;;SENHOR DO BONFIM;DARIENE;Inapto;Deficiencia tecnica
4506311279;2024-10-30;2024-10-30;SENHOR DO BONFIM;JOVANIA;Apto;Apto
4506311884;2024-10-29;;SENHOR DO BONFIM;DARIENE;Apto;Apto
4506311971;2024-10-29;;SENHOR DO BONFIM;DARIENE;Aguardando Retorno;
4506312263;2024-10-30;;SENHOR DO BONFIM;JOVANIA;Aguardando Retorno;Aguardando retorno cliente
4506312272;2024-10-31;;SENHOR DO BONFIM;JOÃO PEDRO;Aguardando Retorno;
4506312779;2024-10-31;;SENHOR DO BONFIM;JOÃO PEDRO;Aguardando Retorno;
4506313022;2024-10-31;;SENHOR DO BONFIM;JOÃO PEDRO;Aguardando Retorno;
4506313744;2024-10-30;2024-10-30;SENHOR DO BONFIM;JOVANIA;Apto;Apto
4506314302;2024-10-31;2024-10-31;SENHOR DO BONFIM;JOÃO PEDRO;Apto;Apto
4506315371;2024-10-31;;SENHOR DO BONFIM;JOÃO PEDRO;Aguardando Retorno;
4506315694;2024-10-31;;SENHOR DO BONFIM;JOÃO PEDRO;Aguardando Retorno;
4506315736;2024-10-29;;SENHOR DO BONFIM;DARIENE;Inapto;Sem contato
4506316692;2024-10-28;2024-10-28;SENHOR DO BONFIM;DARIENE;Apto;Apto
4506316700;2024-10-30;2024-10-30;SENHOR DO BONFIM;JOVANIA;Apto;Apto
4506317232;2024-10-29;2024-10-29;SENHOR DO BONFIM;DARIENE;Inapto;Irregularidade do Padrao
4506318699;2024-10-30;2024-10-30;SENHOR DO BONFIM;JOVANIA;Apto;Apto
4506319659;2024-10-31;;SENHOR DO BONFIM;JOÃO PEDRO;Aguardando Retorno;
4506319672;2024-10-30;;SENHOR DO BONFIM;JOVANIA;Apto;Apto
4506320099;2024-10-28;;SENHOR DO BONFIM;DARIENE;Aguardando Retorno;
4506320118;2024-10-28;;SENHOR DO BONFIM;DARIENE;Aguardando Retorno;
4506320637;2024-10-30;2024-10-30;SENHOR DO BONFIM;JOVANIA;Apto;Apto
4506320640;2024-10-30;2024-10-30;SENHOR DO BONFIM;JOVANIA;Inapto;Deficiencia tecnica
4506071771;2024-10-30;2024-11-01;SENHOR DO BONFIM;AMANDA;Apto;Apto
4506279080;2024-10-31;;SENHOR DO BONFIM;AMANDA;Aguardando Retorno;Aguardando retorno cliente
4506295268;2024-10-30;;SENHOR DO BONFIM;DARIENE;Aguardando Retorno;
4506305254;2024-10-31;2024-10-31;SENHOR DO BONFIM;AMANDA;Inapto;Deficiencia tecnica
4506308138;2024-10-30;;SENHOR DO BONFIM;DARIENE;Aguardando Retorno;
4506308138;2024-10-30;;SENHOR DO BONFIM;DARIENE;Aguardando Retorno;
4506308952;2024-10-30;;SENHOR DO BONFIM;DARIENE;Aguardando Retorno;
4506310938;2024-10-31;2024-10-31;SENHOR DO BONFIM;AMANDA;Apto;Apto
4506310973;2024-10-31;2024-10-31;SENHOR DO BONFIM;AMANDA;Apto;Apto
4506312310;2024-10-31;;SENHOR DO BONFIM;AMANDA;Aguardando Retorno;Aguardando retorno cliente
4506312324;2024-10-31;2024-11-01;SENHOR DO BONFIM;PIERRE;Apto;Apto
4506312795;2024-10-31;2024-10-31;SENHOR DO BONFIM;PIERRE;Apto;Apto
4506314435;2024-10-31;2024-11-01;SENHOR DO BONFIM;PIERRE;Apto;Apto
4506315169;2024-10-30;;SENHOR DO BONFIM;DARIENE;Aguardando Retorno;
4506315751;2024-10-31;2024-10-31;SENHOR DO BONFIM;PIERRE;Apto;Apto
4506316262;2024-10-31;2024-10-31;SENHOR DO BONFIM;PIERRE;Apto;Apto
4506316769;2024-10-31;;SENHOR DO BONFIM;DARIENE;Sem contato;Sem contato
4506317830;2024-10-31;2024-11-01;SENHOR DO BONFIM;PIERRE;Apto;Apto
4506318270;2024-10-31;;SENHOR DO BONFIM;PIERRE;Aguardando Retorno;Aguardando retorno cliente
4506318799;2024-10-31;2024-10-31;SENHOR DO BONFIM;PIERRE;Apto;Apto
4506319772;2024-10-31;;SENHOR DO BONFIM;PIERRE;Aguardando Retorno;Aguardando retorno cliente
4506320141;2024-10-31;2024-11-01;SENHOR DO BONFIM;PIERRE;Aguardando Retorno;Aguardando retorno cliente
4506320175;2024-10-31;2024-11-01;SENHOR DO BONFIM;PIERRE;Apto;Apto
4506320664;2024-10-31;;SENHOR DO BONFIM;PIERRE;Aguardando Retorno;Aguardando retorno cliente
4506321571;2024-10-31;;SENHOR DO BONFIM;PIERRE;Aguardando Retorno;Aguardando retorno cliente
4604388115;2024-10-31;;SENHOR DO BONFIM;PIERRE;Aguardando Retorno;Aguardando retorno cliente
4802853445;2024-10-31;2024-11-01;SENHOR DO BONFIM;PIERRE;Apto;Apto
4506283806;2024-10-31;;SENHOR DO BONFIM;PIERRE;Aguardando Retorno;Aguardando retorno cliente
4506304439;2024-10-31;2024-10-31;SENHOR DO BONFIM;AMANDA;Apto;Apto
4506307644;2024-10-30;;SENHOR DO BONFIM;DARIENE;Aguardando Retorno;
4506308260;2024-10-31;2024-11-01;SENHOR DO BONFIM;PIERRE;Inapto;Irregularidade do Padrao
4506311385;2024-10-31;2024-11-01;SENHOR DO BONFIM;PIERRE;Inapto;Cadastro Incorreto
4506312884;2024-10-31;2024-11-01;SENHOR DO BONFIM;PIERRE;Inapto;Cliente deseja KIT financiado
4506313324;2024-10-31;2024-11-01;SENHOR DO BONFIM;PIERRE;Inapto;Irregularidade do Padrao
4506313329;2024-10-31;2024-10-31;SENHOR DO BONFIM;PIERRE;Apto;Apto
4506314824;2024-10-31;;SENHOR DO BONFIM;PIERRE;Aguardando Retorno;Aguardando retorno cliente
4506316298;2024-10-31;;SENHOR DO BONFIM;PIERRE;Aguardando Retorno;Aguardando retorno cliente
4506317350;2024-10-31;2024-11-01;SENHOR DO BONFIM;PIERRE;Apto;Apto
4506318332;2024-10-31;2024-11-01;SENHOR DO BONFIM;PIERRE;Apto;Apto
4506321191;2024-10-31;;SENHOR DO BONFIM;PIERRE;Aguardando Retorno;Aguardando retorno cliente
4506321216;2024-10-31;2024-11-01;SENHOR DO BONFIM;PIERRE;Aguardando Retorno;Aguardando retorno cliente
4506321609;2024-10-31;;SENHOR DO BONFIM;PIERRE;Aguardando Retorno;Aguardando retorno cliente
4506322582;2024-10-31;;SENHOR DO BONFIM;PIERRE;Aguardando Retorno;Aguardando retorno cliente
4506323106;2024-10-31;;SENHOR DO BONFIM;PIERRE;Aguardando Retorno;Aguardando retorno cliente
4506323108;2024-10-31;;SENHOR DO BONFIM;PIERRE;Aguardando Retorno;Aguardando retorno cliente
4506324508;2024-11-01;;SENHOR DO BONFIM;AMANDA;Aguardando Retorno;Aguardando retorno cliente
4604380323;2024-11-01;2024-11-04;SENHOR DO BONFIM;PIERRE;Apto;Apto
4604383845;2024-11-01;;SENHOR DO BONFIM;PIERRE;Aguardando Retorno;Aguardando retorno cliente
4604396192;2024-11-01;2024-11-04;SENHOR DO BONFIM;PIERRE;Apto;Apto
4604417735;2024-11-01;;SENHOR DO BONFIM;PIERRE;Aguardando Retorno;Aguardando retorno cliente
4802866519;2024-11-01;2024-11-04;SENHOR DO BONFIM;PIERRE;Apto;Apto
4506260453;2024-11-04;2024-11-04;SENHOR DO BONFIM;PIERRE;Inapto;Deficiencia tecnica
4506278206;2024-11-01;2024-11-01;SENHOR DO BONFIM;PIERRE;Inapto;Cliente deseja KIT financiado
4506278206;2024-11-05;2024-11-05;SENHOR DO BONFIM;PIERRE;Inapto;PARECER 23
4506278463;2024-11-01;2024-11-04;SENHOR DO BONFIM;PIERRE;Inapto;Sem contato
4506293929;2024-11-01;;SENHOR DO BONFIM;PIERRE;Aguardando Retorno;Aguardando retorno cliente
4506293929;2024-11-05;2024-11-05;SENHOR DO BONFIM;PIERRE;Apto;Apto
4506295635;2024-11-04;2024-11-04;SENHOR DO BONFIM;PIERRE;Apto;Apto
4506301089;2024-11-01;;SENHOR DO BONFIM;PIERRE;Aguardando Retorno;Aguardando retorno cliente
4506304358;2024-11-01;;SENHOR DO BONFIM;PIERRE;Aguardando Retorno;Aguardando retorno cliente
4506310430;2024-11-01;;SENHOR DO BONFIM;PIERRE;Aguardando Retorno;Aguardando retorno cliente
4506310436;2024-11-01;;SENHOR DO BONFIM;PIERRE;Aguardando Retorno;Aguardando retorno cliente
4506311406;2024-11-01;2024-11-04;SENHOR DO BONFIM;PIERRE;Inapto;Irregularidade do Padrao
4506313363;2024-11-01;;SENHOR DO BONFIM;PIERRE;Aguardando Retorno;Aguardando retorno cliente
4506313893;2024-11-01;;SENHOR DO BONFIM;PIERRE;Aguardando Retorno;Aguardando retorno cliente
4506315841;2024-11-01;;SENHOR DO BONFIM;PIERRE;Aguardando Retorno;Aguardando retorno cliente
4506315852;2024-11-01;;SENHOR DO BONFIM;PIERRE;Aguardando Retorno;Aguardando retorno cliente
4506316865;2024-11-01;;SENHOR DO BONFIM;PIERRE;Aguardando Retorno;Aguardando retorno cliente
4506317914;2024-11-01;2024-11-04;SENHOR DO BONFIM;PIERRE;Inapto;Irregularidade do Padrao
4506317942;2024-11-01;2024-11-04;SENHOR DO BONFIM;PIERRE;Apto;Apto
4506317944;2024-11-04;;SENHOR DO BONFIM;Franciel;Aguardando Retorno;Aguardando retorno cliente
4506318359;2024-11-04;;SENHOR DO BONFIM;Franciel;Aguardando Retorno;Aguardando retorno cliente
4506318569;2024-11-04;;SENHOR DO BONFIM;Franciel;Apto;
4506318922;2024-11-04;;SENHOR DO BONFIM;Franciel;Apto;
4506318941;2024-11-04;;SENHOR DO BONFIM;Franciel;Aguardando Retorno;
4506319264;2024-11-04;;SENHOR DO BONFIM;Franciel;Aguardando Retorno;
4506320375;2024-11-04;;SENHOR DO BONFIM;Franciel;Aguardando Retorno;
4506320789;2024-11-04;;SENHOR DO BONFIM;Franciel;Aguardando Retorno;
4506320793;2024-11-04;;SENHOR DO BONFIM;Franciel;Apto;
4506320809;2024-11-04;2024-11-05;SENHOR DO BONFIM;PIERRE;Inapto;Sem contato
4506321245;2024-11-04;2024-11-05;SENHOR DO BONFIM;PIERRE;Inapto;Sem contato
4506321655;2024-11-04;2024-11-05;SENHOR DO BONFIM;PIERRE;Apto;Apto
4506321664;2024-11-04;2024-11-04;SENHOR DO BONFIM;PIERRE;Apto;Apto
4506321667;2024-11-04;2024-11-05;SENHOR DO BONFIM;PIERRE;Inapto;Cadastro Incorreto
4506322718;2024-11-04;2024-11-05;SENHOR DO BONFIM;PIERRE;Apto;Apto
4506322740;2024-11-04;2024-11-05;SENHOR DO BONFIM;PIERRE;Apto;Apto
4506323545;2024-11-04;;SENHOR DO BONFIM;PIERRE;Aguardando Retorno;Aguardando retorno cliente
4506324064;2024-11-04;2024-11-04;SENHOR DO BONFIM;PIERRE;Inapto;Deficiencia tecnica
4506325018;2024-11-04;2024-11-04;SENHOR DO BONFIM;PIERRE;Inapto;Irregularidade do Padrao
4506325020;2024-11-04;2024-11-04;SENHOR DO BONFIM;PIERRE;Apto;Apto
4506247684;2024-11-05;;SENHOR DO BONFIM;PIERRE;Apto;Apto
4506281223;2024-11-05;2024-11-06;SENHOR DO BONFIM;PIERRE;Apto;Apto
4506305720;2024-11-05;2024-11-05;SENHOR DO BONFIM;PIERRE;Apto;Apto
4506310527;2024-11-05;;SENHOR DO BONFIM;PIERRE;Aguardando Retorno;Aguardando retorno cliente
4506311463;2024-11-05;;SENHOR DO BONFIM;PIERRE;Inapto;Cadastro Incorreto
4506311778;2024-11-05;2024-11-06;SENHOR DO BONFIM;PIERRE;Apto;Apto
4506313160;2024-11-05;2024-11-06;SENHOR DO BONFIM;PIERRE;Apto;Apto
4506313424;2024-11-05;2024-11-05;SENHOR DO BONFIM;PIERRE;Apto;Apto
4506313905;2024-11-05;2024-11-05;SENHOR DO BONFIM;PIERRE;Apto;Apto
4506313925;2024-11-05;2024-11-06;SENHOR DO BONFIM;PIERRE;Apto;Apto
4506314893;2024-11-05;2024-11-06;SENHOR DO BONFIM;PIERRE;Apto;Apto
4506314902;2024-11-05;;SENHOR DO BONFIM;PIERRE;Aguardando Retorno;Aguardando retorno cliente
4506315861;2024-11-05;;SENHOR DO BONFIM;PIERRE;Inapto;Deficiencia tecnica
4506316395;2024-11-05;;SENHOR DO BONFIM;PIERRE;Aguardando Retorno;Aguardando retorno cliente
4506316877;2024-11-05;2024-11-06;SENHOR DO BONFIM;PIERRE;Apto;Apto
4506317975;2024-11-05;2024-11-05;SENHOR DO BONFIM;PIERRE;Apto;Apto
4506317988;2024-11-05;2024-11-06;SENHOR DO BONFIM;PIERRE;Sem retorno;Sem contato
4506318398;2024-11-05;2024-11-06;SENHOR DO BONFIM;PIERRE;Apto;Apto
4506319084;2024-11-05;2024-11-06;SENHOR DO BONFIM;PIERRE;Apto;Apto
4506319939;2024-11-05;2024-11-06;SENHOR DO BONFIM;PIERRE;Inapto;Cadastro Incorreto
4506319955;2024-11-05;2024-11-06;SENHOR DO BONFIM;PIERRE;Apto;Aguardando retorno cliente
4506320876;2024-11-05;2024-11-06;SENHOR DO BONFIM;PIERRE;Sem retorno;Sem contato
4506320895;2024-11-05;;SENHOR DO BONFIM;PIERRE;Aguardando Retorno;Aguardando retorno cliente
4506322205;2024-11-05;2024-11-05;SENHOR DO BONFIM;PIERRE;Inapto;
4506322240;2024-11-05;;SENHOR DO BONFIM;PIERRE;Aguardando Retorno;Aguardando retorno cliente
4506322761;2024-11-05;2024-11-05;SENHOR DO BONFIM;PIERRE;Apto;Apto
4506322780;2024-11-05;;SENHOR DO BONFIM;PIERRE;Aguardando Retorno;Aguardando retorno cliente
4506323595;2024-11-05;;SENHOR DO BONFIM;PIERRE;Aguardando Retorno;Aguardando retorno cliente
4506323644;2024-11-05;;SENHOR DO BONFIM;PIERRE;Aguardando Retorno;Aguardando retorno cliente
4506323648;2024-11-05;;SENHOR DO BONFIM;PIERRE;Aguardando Retorno;Aguardando retorno cliente
4506324177;2024-11-06;2024-11-06;SENHOR DO BONFIM;PIERRE;Apto;Apto
4506325605;2024-11-06;2024-11-07;SENHOR DO BONFIM;PIERRE;Apto;Apto
4505537414;2024-11-06;;SENHOR DO BONFIM;PIERRE;Aguardando Retorno;Aguardando retorno cliente
4505919389;2024-11-06;2024-11-07;SENHOR DO BONFIM;PIERRE;Inapto;Cliente deseja KIT financiado
4506232777;2024-11-06;;SENHOR DO BONFIM;PIERRE;Aguardando Retorno;Aguardando retorno cliente
4506290105;2024-11-06;;SENHOR DO BONFIM;PIERRE;Aguardando Retorno;Aguardando retorno cliente
4506303613;2024-11-06;;SENHOR DO BONFIM;PIERRE;Aguardando Retorno;Aguardando retorno cliente
4506304495;2024-11-06;2024-11-07;SENHOR DO BONFIM;PIERRE;Apto;Apto
4506306342;2024-11-07;2024-11-07;SENHOR DO BONFIM;PIERRE;Apto;Apto
4506307237;2024-11-07;2024-11-07;SENHOR DO BONFIM;PIERRE;Apto;Apto
4506309811;2024-11-07;2024-11-07;SENHOR DO BONFIM;PIERRE;Apto;Apto
4506313468;2024-11-07;2024-11-08;SENHOR DO BONFIM;PIERRE;Inapto;Deficiencia tecnica
4506316423;2024-11-07;;SENHOR DO BONFIM;PIERRE;Aguardando Retorno;Aguardando retorno cliente
4506317484;2024-11-07;2024-11-07;SENHOR DO BONFIM;PIERRE;Apto;Apto
4506318436;2024-11-07;;SENHOR DO BONFIM;PIERRE;Aguardando Retorno;Aguardando retorno cliente
4506318455;2024-11-07;2024-11-08;SENHOR DO BONFIM;PIERRE;Apto;Apto
4506319388;2024-11-07;2024-11-08;SENHOR DO BONFIM;PIERRE;Apto;Apto
4506320925;2024-11-07;2024-11-07;SENHOR DO BONFIM;PIERRE;Apto;Apto
4506321400;2024-11-07;2024-11-08;SENHOR DO BONFIM;PIERRE;Apto;Apto
4506321428;2024-11-07;2024-11-07;SENHOR DO BONFIM;PIERRE;Apto;Apto
4506321758;2024-11-07;2024-11-07;SENHOR DO BONFIM;PIERRE;Apto;Apto
4506322293;2024-11-07;2024-11-07;SENHOR DO BONFIM;PIERRE;Apto;Apto
4506322309;2024-11-07;2024-11-08;SENHOR DO BONFIM;PIERRE;Apto;Apto
4506322326;2024-11-07;;SENHOR DO BONFIM;PIERRE;Aguardando Retorno;Aguardando retorno cliente
4506322810;2024-11-08;2024-11-08;SENHOR DO BONFIM;PIERRE;Inapto;Obra
4506322841;2024-11-08;2024-11-08;SENHOR DO BONFIM;PIERRE;Apto;Apto
4506323338;2024-11-08;2024-11-08;SENHOR DO BONFIM;PIERRE;Apto;Apto
4506324223;2024-11-08;;SENHOR DO BONFIM;PIERRE;Aguardando Retorno;Aguardando retorno cliente
4506324571;2024-11-07;;SENHOR DO BONFIM;JOVANIA;Aguardando Retorno;Aguardando retorno cliente
4506325156;2024-11-08;2024-11-08;SENHOR DO BONFIM;PIERRE;Apto;Apto
4506327026;2024-11-08;2024-11-11;SENHOR DO BONFIM;PIERRE;Inapto;Deficiencia tecnica
4506328018;2024-11-06;2024-11-06;SENHOR DO BONFIM;ANDRESSA;;
4506328518;2024-11-08;2024-11-08;SENHOR DO BONFIM;PIERRE;Apto;Apto
4506328520;2024-11-08;2024-11-08;SENHOR DO BONFIM;PIERRE;Apto;Apto
4506329011;2024-11-08;2024-11-08;SENHOR DO BONFIM;PIERRE;Apto;Apto
4506329502;2024-11-08;;SENHOR DO BONFIM;PIERRE;Aguardando Retorno;Aguardando retorno cliente
4506297335;2024-11-08;2024-11-08;SENHOR DO BONFIM;PIERRE;Apto;Apto
4506303795;2024-11-08;2024-11-08;SENHOR DO BONFIM;PIERRE;Apto;Apto
4506307881;2024-11-08;2024-11-08;SENHOR DO BONFIM;PIERRE;Apto;Apto
4506315944;2024-11-07;;SENHOR DO BONFIM;JOVANIA;Aguardando Retorno;Aguardando retorno cliente
4506315951;2024-11-07;2024-11-07;SENHOR DO BONFIM;JOVANIA;Inapto;Deficiencia tecnica
4506316955;2024-11-07;;SENHOR DO BONFIM;JOVANIA;Apto;Apto
4506319446;2024-11-07;;SENHOR DO BONFIM;JOVANIA;Aguardando Retorno;
4506320468;2024-11-07;;SENHOR DO BONFIM;JOVANIA;Aguardando Retorno;Aguardando retorno cliente
4506321443;2024-11-07;;SENHOR DO BONFIM;JOVANIA;Aguardando Retorno;Aguardando retorno cliente
4506321451;2024-11-08;2024-11-08;SENHOR DO BONFIM;PIERRE;Apto;Apto
4506321483;2024-11-08;2024-11-08;SENHOR DO BONFIM;PIERRE;Apto;Apto
4506321806;2024-11-08;2024-11-08;SENHOR DO BONFIM;PIERRE;Apto;Apto
4506321844;2024-11-08;;SENHOR DO BONFIM;PIERRE;Aguardando Retorno;Aguardando retorno cliente
4506322351;2024-11-07;;SENHOR DO BONFIM;ANDRESSA;;
4506322352;2024-11-08;2024-11-08;SENHOR DO BONFIM;PIERRE;Apto;Apto
4506322954;2024-11-08;;SENHOR DO BONFIM;JOVANIA;Sem contato;Sem retorno
4506323371;2024-11-08;2024-11-11;SENHOR DO BONFIM;PIERRE;Apto;Apto
4506323374;2024-11-08;2024-11-08;SENHOR DO BONFIM;PIERRE;Apto;Apto
4506323401;2024-11-08;2024-11-11;SENHOR DO BONFIM;PIERRE;Apto;Apto
4506323751;2024-11-08;2024-11-08;SENHOR DO BONFIM;PIERRE;Apto;Apto
4506323765;2024-11-07;;SENHOR DO BONFIM;ANDRESSA;;
4506324601;2024-11-07;2024-11-07;SENHOR DO BONFIM;ANDRESSA;;
4506326146;2024-11-08;2024-11-08;SENHOR DO BONFIM;PIERRE;Apto;Apto
4506326613;2024-11-08;2024-11-08;SENHOR DO BONFIM;PIERRE;Apto;Apto
4506330015;2024-11-08;2024-11-11;SENHOR DO BONFIM;PIERRE;Inapto;Deficiencia tecnica
4506331005;2024-11-08;2024-11-11;SENHOR DO BONFIM;PIERRE;Inapto;Cadastro Incorreto
4506299053;2024-11-11;2024-11-11;SENHOR DO BONFIM;PIERRE;Apto;Apto
4506301215;2024-11-11;;SENHOR DO BONFIM;PIERRE;Aguardando Retorno;Aguardando retorno cliente
4506304364;2024-11-11;2024-11-11;SENHOR DO BONFIM;PIERRE;Inapto;Deficiencia tecnica
4506305430;2024-11-11;;SENHOR DO BONFIM;PIERRE;Aguardando Retorno;Aguardando retorno cliente
4506305456;2024-11-11;;SENHOR DO BONFIM;PIERRE;Aguardando Retorno;Aguardando retorno cliente
4506313324;2024-11-11;2024-11-12;SENHOR DO BONFIM;DENIZE;Apto;Apto
4506313830;2024-11-11;2024-11-11;SENHOR DO BONFIM;PIERRE;Inapto;Obra
4506315852;2024-11-11;2024-11-11;SENHOR DO BONFIM;PIERRE;Inapto;Sem contato
4506315983;2024-11-11;2024-11-12;SENHOR DO BONFIM;PIERRE;Apto;Apto
4506316262;2024-11-11;2024-11-11;SENHOR DO BONFIM;PIERRE;Apto;Apto
4506316496;2024-11-11;2024-11-11;SENHOR DO BONFIM;PIERRE;Apto;Apto
4506316498;2024-11-11;2024-11-11;SENHOR DO BONFIM;PIERRE;Inapto;Sem contato
4506316969;2024-11-11;;SENHOR DO BONFIM;PIERRE;Aguardando Retorno;Aguardando retorno cliente
4506318522;2024-11-11;;SENHOR DO BONFIM;PIERRE;Aguardando Retorno;Aguardando retorno cliente
4506322366;2024-11-11;;SENHOR DO BONFIM;PIERRE;Aguardando Retorno;Aguardando retorno cliente
4506322384;2024-11-11;;SENHOR DO BONFIM;PIERRE;Aguardando Retorno;Aguardando retorno cliente
4506322979;2024-11-11;;SENHOR DO BONFIM;PIERRE;Aguardando Retorno;Aguardando retorno cliente
4506323788;2024-11-11;;SENHOR DO BONFIM;PIERRE;Aguardando Retorno;Aguardando retorno cliente
4506323803;2024-11-11;2024-11-11;SENHOR DO BONFIM;PIERRE;Apto;Apto
4506324335;2024-11-11;;SENHOR DO BONFIM;PIERRE;Aguardando Retorno;Aguardando retorno cliente
4506324635;2024-11-11;;SENHOR DO BONFIM;PIERRE;Aguardando Retorno;Aguardando retorno cliente
4506325265;2024-11-11;;SENHOR DO BONFIM;PIERRE;Aguardando Retorno;Aguardando retorno cliente
4506325735;2024-11-11;2024-11-11;SENHOR DO BONFIM;PIERRE;Apto;Apto
4506325737;2024-11-11;2024-11-11;SENHOR DO BONFIM;PIERRE;Inapto;Irregularidade do Padrao
4506325774;2024-11-11;;SENHOR DO BONFIM;PIERRE;Inapto;Cadastro Incorreto
4506327092;2024-11-11;2024-11-11;SENHOR DO BONFIM;PIERRE;;Apto
4506327102;2024-11-11;2024-11-12;SENHOR DO BONFIM;PIERRE;Sem contato;Sem contato
4506327600;2024-11-11;2024-11-12;SENHOR DO BONFIM;PIERRE;Apto;Apto
4506329069;2024-11-11;;SENHOR DO BONFIM;PIERRE;Aguardando Retorno;Aguardando retorno cliente
4506330073;2024-11-11;2024-11-11;SENHOR DO BONFIM;PIERRE;Apto;Apto
4506331542;2024-11-11;;SENHOR DO BONFIM;PIERRE;Aguardando Retorno;Aguardando retorno cliente
4506332039;2024-11-11;2024-11-12;SENHOR DO BONFIM;PIERRE;Inapto;Deficiencia tecnica
4506332504;2024-11-11;2024-11-11;SENHOR DO BONFIM;PIERRE;Apto;Apto
4506332510;2024-11-11;2024-11-11;SENHOR DO BONFIM;PIERRE;Apto;Apto
4506335516;2024-11-12;2024-11-12;SENHOR DO BONFIM;DENIZE;Inapto;Sem contato
4506291118;2024-11-11;;SENHOR DO BONFIM;PIERRE;Aguardando Retorno;Aguardando retorno cliente
4506306492;2024-11-11;2024-11-11;SENHOR DO BONFIM;PIERRE;Inapto;Obra
4506307865;2024-11-11;2024-11-12;SENHOR DO BONFIM;PIERRE;Apto;Apto
4506310705;2024-11-11;;SENHOR DO BONFIM;PIERRE;Aguardando Retorno;Aguardando retorno cliente
4506316395;2024-11-11;2024-11-12;SENHOR DO BONFIM;PIERRE;Apto;Apto
4506321216;2024-11-11;2024-11-11;SENHOR DO BONFIM;PIERRE;Apto;Apto
4506321989;2024-11-11;2024-11-12;SENHOR DO BONFIM;PIERRE;Apto;Apto
4506322445;2024-11-11;2024-11-12;SENHOR DO BONFIM;PIERRE;Apto;Apto
4506323471;2024-11-11;;SENHOR DO BONFIM;PIERRE;Aguardando Retorno;Aguardando retorno cliente
4506323490;2024-11-12;;SENHOR DO BONFIM;PIERRE;Aguardando Retorno;Aguardando retorno cliente
4506323866;2024-11-12;2024-11-12;SENHOR DO BONFIM;PIERRE;Apto;Apto
4506324368;2024-11-12;2024-11-12;SENHOR DO BONFIM;PIERRE;Apto;Apto
4506324687;2024-11-12;;SENHOR DO BONFIM;PIERRE;Aguardando Retorno;Aguardando retorno cliente
4506324689;2024-11-12;2024-11-12;SENHOR DO BONFIM;PIERRE;Apto;Apto
4506325274;2024-11-12;2024-11-12;SENHOR DO BONFIM;PIERRE;Apto;Apto
4506325300;2024-11-12;2024-11-12;SENHOR DO BONFIM;PIERRE;Apto;Apto
4506326716;2024-11-12;;SENHOR DO BONFIM;PIERRE;Aguardando Retorno;Aguardando retorno cliente
4506326727;2024-11-12;2024-11-12;SENHOR DO BONFIM;PIERRE;Apto;Apto
4506327171;2024-11-12;2024-11-12;SENHOR DO BONFIM;PIERRE;Apto;Apto
4506327189;2024-11-12;2024-11-12;SENHOR DO BONFIM;PIERRE;Inapto;Obra
4506329610;2024-11-12;2024-11-12;SENHOR DO BONFIM;ANDRESSA;;
4506334060;2024-11-12;2024-11-12;SENHOR DO BONFIM;ANDRESSA;Apto;Apto
4506111973;2024-11-12;2024-11-16;SENHOR DO BONFIM;PIERRE;Apto;Apto
4506283404;2024-11-12;;SENHOR DO BONFIM;PIERRE;Aguardando Retorno;Aguardando retorno cliente
4506301317;2024-11-12;2024-11-13;SENHOR DO BONFIM;PIERRE;Apto;Apto
4506303600;2024-11-12;2024-11-13;SENHOR DO BONFIM;PIERRE;Apto;Apto
4506306427;2024-11-12;2024-11-13;SENHOR DO BONFIM;PIERRE;Apto;Apto
4506308472;2024-11-12;;SENHOR DO BONFIM;PIERRE;Aguardando Retorno;Aguardando retorno cliente
4506314611;2024-11-12;;SENHOR DO BONFIM;PIERRE;Aguardando Retorno;Aguardando retorno cliente
4506309034;2024-11-13;2024-11-13;SENHOR DO BONFIM;PIERRE;Apto;Apto
4506309431;2024-11-13;2024-11-14;SENHOR DO BONFIM;PIERRE;Apto;Apto
4506313950;2024-11-08;;SENHOR DO BONFIM;ANDRESSA;;
4506323935;2024-11-13;2024-11-13;SENHOR DO BONFIM;PIERRE;Apto;Apto
4506323939;2024-11-13;;SENHOR DO BONFIM;PIERRE;Aguardando Retorno;Aguardando retorno cliente
4506323958;2024-11-13;2024-11-13;SENHOR DO BONFIM;PIERRE;Apto;Apto
4506323960;2024-11-13;;SENHOR DO BONFIM;PIERRE;Aguardando Retorno;Aguardando retorno cliente
4506324129;2024-11-13;;SENHOR DO BONFIM;PIERRE;Aguardando Retorno;Aguardando retorno cliente
4506324535;2024-11-13;;SENHOR DO BONFIM;PIERRE;Aguardando Retorno;Aguardando retorno cliente
4506325379;2024-11-13;;SENHOR DO BONFIM;PIERRE;Aguardando Retorno;Aguardando retorno cliente
4506325434;2024-11-13;2024-11-14;SENHOR DO BONFIM;PIERRE;Apto;Apto
4506325962;2024-11-13;;SENHOR DO BONFIM;PIERRE;Aguardando Retorno;Aguardando retorno cliente
4506325974;2024-11-13;2024-11-14;SENHOR DO BONFIM;PIERRE;Apto;Apto
4506326368;2024-11-13;;SENHOR DO BONFIM;PIERRE;Aguardando Retorno;Aguardando retorno cliente
4506327092;2024-11-13;2024-11-13;SENHOR DO BONFIM;PIERRE;Apto;Apto
4506327726;2024-11-13;2024-11-13;SENHOR DO BONFIM;DENIZE;Apto;Apto
4506328701;2024-11-14;2024-11-14;SENHOR DO BONFIM;DENIZE;Apto;Apto
4505487895;2024-11-16;2024-11-16;SENHOR DO BONFIM;DENIZE;Inapto;Cadastro Incorreto
4505578709;2024-11-14;2024-11-16;SENHOR DO BONFIM;PIERRE;Inapto;Deficiencia tecnica
4505949494;2024-11-14;2024-11-18;SENHOR DO BONFIM;PIERRE;Inapto;Cadastro Incorreto
4506296403;2024-11-14;2024-11-16;SENHOR DO BONFIM;PIERRE;Apto;Apto
4506305720;2024-11-16;2024-11-16;SENHOR DO BONFIM;ANDRESSA;Apto;Apto
4506312344;2024-11-14;2024-11-14;SENHOR DO BONFIM;PIERRE;Apto;Apto
4506317914;2024-11-16;2024-11-16;SENHOR DO BONFIM;DENIZE;Apto;Apto
4506322128;2024-11-14;2024-11-16;SENHOR DO BONFIM;PIERRE;Inapto;Deficiencia tecnica
4506324786;2024-11-16;2024-11-16;SENHOR DO BONFIM;DENIZE;Inapto;Cadastro Incorreto
4506325494;2024-11-14;2024-11-16;SENHOR DO BONFIM;PIERRE;Apto;Apto
4506327815;2024-11-14;2024-11-14;SENHOR DO BONFIM;PIERRE;Apto;Apto
4506328767;2024-11-14;;SENHOR DO BONFIM;PIERRE;Aguardando Retorno;Aguardando retorno cliente
4506329402;2024-11-14;;SENHOR DO BONFIM;PIERRE;Aguardando Retorno;Aguardando retorno cliente
4506329411;2024-11-16;2024-11-16;SENHOR DO BONFIM;DENIZE;Inapto;Cadastro Incorreto
4506329747;2024-11-14;;SENHOR DO BONFIM;PIERRE;Aguardando Retorno;Aguardando retorno cliente
4506330797;2024-11-14;;SENHOR DO BONFIM;PIERRE;Aguardando Retorno;Aguardando retorno cliente
4506331344;2024-11-14;2024-11-18;SENHOR DO BONFIM;PIERRE;Inapto;Cadastro Incorreto
4506331699;2024-11-14;;SENHOR DO BONFIM;PIERRE;Aguardando Retorno;Aguardando retorno cliente
4506332765;2024-11-14;2024-11-16;SENHOR DO BONFIM;PIERRE;Apto;Apto
4506332771;2024-11-14;2024-11-16;SENHOR DO BONFIM;PIERRE;Apto;Apto
4506332773;2024-11-14;2024-11-16;SENHOR DO BONFIM;PIERRE;Inapto;Deficiencia tecnica
4506332816;2024-11-14;2024-11-14;SENHOR DO BONFIM;PIERRE;Apto;Apto
4506332835;2024-11-16;2024-11-16;SENHOR DO BONFIM;DENIZE;Inapto;Cadastro Incorreto
4506333214;2024-11-16;2024-11-16;SENHOR DO BONFIM;DENIZE;Inapto;Cadastro Incorreto
4506333748;2024-11-14;2024-11-14;SENHOR DO BONFIM;PIERRE;Inapto;Ja realizada
4506333783;2024-11-14;2024-11-18;SENHOR DO BONFIM;PIERRE;Inapto;Obra
4506334153;2024-11-14;2024-11-16;SENHOR DO BONFIM;PIERRE;Apto;Apto
4506334181;2024-11-14;2024-11-16;SENHOR DO BONFIM;PIERRE;Apto;Apto
4506334748;2024-11-14;2024-11-18;SENHOR DO BONFIM;PIERRE;Inapto;Cadastro Incorreto
4506334874;2024-11-14;2024-11-16;SENHOR DO BONFIM;PIERRE;Apto;Apto
4506335671;2024-11-14;2024-11-16;SENHOR DO BONFIM;PIERRE;Inapto;Cliente deseja KIT financiado
4506335674;2024-11-14;2024-11-16;SENHOR DO BONFIM;PIERRE;Inapto;Irregularidade do Padrao
4506335680;2024-11-14;2024-11-14;SENHOR DO BONFIM;PIERRE;Inapto;Cadastro Incorreto
4506335683;2024-11-14;2024-11-16;SENHOR DO BONFIM;PIERRE;Apto;Apto
4506335686;2024-11-14;2024-11-18;SENHOR DO BONFIM;PIERRE;Apto;Apto
4506335699;2024-11-16;2024-11-16;SENHOR DO BONFIM;DENIZE;Apto;Apto
4506335700;2024-11-27;2024-11-27;SENHOR DO BONFIM;GUILHERME;Apto;Apto
4506336187;2024-11-16;;SENHOR DO BONFIM;DENIZE;Aguardando Retorno;Aguardando retorno cliente
4506336715;2024-11-16;2024-11-16;SENHOR DO BONFIM;DENIZE;Apto;Apto
4506337624;2024-11-16;2024-11-16;SENHOR DO BONFIM;DENIZE;Inapto;Cadastro Incorreto
4506294469;2024-11-18;2024-11-18;SENHOR DO BONFIM;PIERRE;Apto;Apto
4506305737;2024-11-18;;SENHOR DO BONFIM;PIERRE;Aguardando Retorno;Aguardando retorno cliente
4506310527;2024-11-18;2024-11-18;SENHOR DO BONFIM;PIERRE;Apto;Apto
4506311312;2024-11-18;2024-11-18;SENHOR DO BONFIM;PIERRE;Inapto;Obra
4506315543;2024-11-18;;SENHOR DO BONFIM;PIERRE;Aguardando Retorno;Aguardando retorno cliente
4506318359;2024-11-18;2024-11-18;SENHOR DO BONFIM;PIERRE;Apto;Apto
4506322954;2024-11-18;;SENHOR DO BONFIM;PIERRE;Aguardando Retorno;Aguardando retorno cliente
4506322979;2024-11-18;2024-11-18;SENHOR DO BONFIM;PIERRE;Apto;Apto
4506327351;2024-11-18;;SENHOR DO BONFIM;PIERRE;Aguardando Retorno;Aguardando retorno cliente
4506327380;2024-11-18;;SENHOR DO BONFIM;PIERRE;Aguardando Retorno;Aguardando retorno cliente
4506328179;2024-11-18;;SENHOR DO BONFIM;PIERRE;Aguardando Retorno;Aguardando retorno cliente
4506328194;2024-11-18;;SENHOR DO BONFIM;PIERRE;Aguardando Retorno;Aguardando retorno cliente
4506328821;2024-11-18;2024-11-18;SENHOR DO BONFIM;PIERRE;Apto;Apto
4506329821;2024-11-18;;SENHOR DO BONFIM;PIERRE;Aguardando Retorno;Aguardando retorno cliente
4506330302;2024-11-18;;SENHOR DO BONFIM;PIERRE;Aguardando Retorno;Aguardando retorno cliente
4506330909;2024-11-18;2024-11-18;SENHOR DO BONFIM;PIERRE;Apto;Apto
4506331439;2024-11-18;;SENHOR DO BONFIM;PIERRE;Aguardando Retorno;Aguardando retorno cliente
4506331483;2024-11-18;2024-11-18;SENHOR DO BONFIM;PIERRE;Apto;Apto
4506332275;2024-11-18;;SENHOR DO BONFIM;PIERRE;Aguardando Retorno;Aguardando retorno cliente
4506332860;2024-11-18;;SENHOR DO BONFIM;PIERRE;Aguardando Retorno;Aguardando retorno cliente
4506332871;2024-11-18;2024-11-19;SENHOR DO BONFIM;PIERRE;Apto;Apto
4506332887;2024-11-18;2024-11-18;SENHOR DO BONFIM;PIERRE;Apto;Apto
4506333828;2024-11-18;;SENHOR DO BONFIM;PIERRE;Aguardando Retorno;Aguardando retorno cliente
4506336773;2024-11-18;;SENHOR DO BONFIM;PIERRE;Aguardando Retorno;Aguardando retorno cliente
4506336783;2024-11-18;;SENHOR DO BONFIM;PIERRE;Aguardando Retorno;Aguardando retorno cliente
4506336791;2024-11-18;;SENHOR DO BONFIM;PIERRE;Aguardando Retorno;Aguardando retorno cliente
4506337242;2024-11-18;;SENHOR DO BONFIM;PIERRE;Aguardando Retorno;Aguardando retorno cliente
4506337256;2024-11-18;2024-11-18;SENHOR DO BONFIM;PIERRE;Apto;Apto
4506337662;2024-11-18;2024-11-19;SENHOR DO BONFIM;PIERRE;Apto;Apto
4506338066;2024-11-18;;SENHOR DO BONFIM;PIERRE;Aguardando Retorno;Aguardando retorno cliente
4506338578;2024-11-18;;SENHOR DO BONFIM;PIERRE;Aguardando Retorno;Aguardando retorno cliente
4506338633;2024-11-18;;SENHOR DO BONFIM;PIERRE;Aguardando Retorno;Aguardando retorno cliente
4506339080;2024-11-18;;SENHOR DO BONFIM;PIERRE;Aguardando Retorno;Aguardando retorno cliente
4506339086;2024-11-18;;SENHOR DO BONFIM;PIERRE;Aguardando Retorno;Aguardando retorno cliente
4506339099;2024-11-18;;SENHOR DO BONFIM;PIERRE;Aguardando Retorno;Aguardando retorno cliente
4506339110;2024-11-18;;SENHOR DO BONFIM;PIERRE;Aguardando Retorno;Aguardando retorno cliente
4506339120;2024-11-18;;SENHOR DO BONFIM;PIERRE;Aguardando Retorno;Aguardando retorno cliente
4506339551;2024-11-18;;SENHOR DO BONFIM;PIERRE;Aguardando Retorno;Aguardando retorno cliente
4506340013;2024-11-18;;SENHOR DO BONFIM;PIERRE;Aguardando Retorno;Aguardando retorno cliente
4505564646;2024-11-19;;SENHOR DO BONFIM;PIERRE;Aguardando Retorno;Aguardando retorno cliente
4505792677;2024-11-19;;SENHOR DO BONFIM;PIERRE;Aguardando Retorno;Aguardando retorno cliente
4506292979;2024-11-19;2024-11-19;SENHOR DO BONFIM;PIERRE;Inapto;Obra
4506298415;2024-11-19;2024-11-19;SENHOR DO BONFIM;PIERRE;Apto;Apto
4506298432;2024-11-19;;SENHOR DO BONFIM;PIERRE;Aguardando Retorno;Aguardando retorno cliente
4506307380;2024-11-19;2024-11-20;SENHOR DO BONFIM;PIERRE;Apto;Apto
4506307550;2024-11-19;2024-11-19;SENHOR DO BONFIM;PIERRE;Apto;Apto
4506308952;2024-11-19;2024-11-20;SENHOR DO BONFIM;PIERRE;Inapto;Cadastro Incorreto
4506310973;2024-11-19;2024-11-19;SENHOR DO BONFIM;PIERRE;Apto;Apto
4506313324;2024-11-19;2024-11-20;SENHOR DO BONFIM;PIERRE;Apto;Apto
4506316498;2024-11-19;2024-11-20;SENHOR DO BONFIM;PIERRE;Apto;Apto
4506322179;2024-11-19;2024-11-20;SENHOR DO BONFIM;PIERRE;Apto;Apto
4506324845;2024-11-19;;SENHOR DO BONFIM;PIERRE;Aguardando Retorno;Aguardando retorno cliente
4506324855;2024-11-19;2024-11-20;SENHOR DO BONFIM;PIERRE;Inapto;Deficiencia tecnica
4506325265;2024-11-19;;SENHOR DO BONFIM;PIERRE;Aguardando Retorno;Aguardando retorno cliente
4506327421;2024-11-19;2024-11-20;SENHOR DO BONFIM;PIERRE;Apto;Apto
4506328267;2024-11-19;2024-11-19;SENHOR DO BONFIM;PIERRE;Inapto;Sem contato
4506328277;2024-11-19;2024-11-20;SENHOR DO BONFIM;PIERRE;Inapto;Obra
4506328852;2024-11-19;;SENHOR DO BONFIM;PIERRE;Aguardando Retorno;Aguardando retorno cliente
4506329831;2024-11-19;;SENHOR DO BONFIM;PIERRE;Aguardando Retorno;Aguardando retorno cliente
4506329832;2024-11-19;2024-11-20;SENHOR DO BONFIM;PIERRE;Apto;Apto
4506332028;2024-11-19;2024-11-20;SENHOR DO BONFIM;PIERRE;Apto;Apto
4506332039;2024-11-19;2024-11-20;SENHOR DO BONFIM;PIERRE;Apto;Apto
4506332318;2024-11-19;2024-11-19;SENHOR DO BONFIM;PIERRE;Apto;Apto
4506333926;2024-11-19;;SENHOR DO BONFIM;PIERRE;Aguardando Retorno;Aguardando retorno cliente
4506334266;2024-11-19;2024-11-19;SENHOR DO BONFIM;PIERRE;Apto;Apto
4506335249;2024-11-19;;SENHOR DO BONFIM;PIERRE;Aguardando Retorno;Aguardando retorno cliente
4506335250;2024-11-19;2024-11-19;SENHOR DO BONFIM;PIERRE;Inapto;Obra
4506335258;2024-11-19;;SENHOR DO BONFIM;PIERRE;;
4506335553;2024-11-19;2024-11-19;SENHOR DO BONFIM;PIERRE;Apto;Apto
4506335587;2024-11-19;2024-11-20;SENHOR DO BONFIM;PIERRE;Apto;Apto
4506335752;2024-11-19;;SENHOR DO BONFIM;PIERRE;Aguardando Retorno;Aguardando retorno cliente
4506336268;2024-11-19;;SENHOR DO BONFIM;PIERRE;Aguardando Retorno;Aguardando retorno cliente
4506337780;2024-11-19;;SENHOR DO BONFIM;PIERRE;Aguardando Retorno;Aguardando retorno cliente
4506339138;2024-11-19;;SENHOR DO BONFIM;PIERRE;Aguardando Retorno;Aguardando retorno cliente
4506339174;2024-11-19;;SENHOR DO BONFIM;PIERRE;Aguardando Retorno;Aguardando retorno cliente
4506339185;2024-11-19;;SENHOR DO BONFIM;PIERRE;Aguardando Retorno;Aguardando retorno cliente
4506341508;2024-11-19;;SENHOR DO BONFIM;PIERRE;Aguardando Retorno;Aguardando retorno cliente
4506341510;2024-11-19;2024-11-19;SENHOR DO BONFIM;PIERRE;Inapto;Deficiencia tecnica
4506341511;2024-11-19;2024-11-19;SENHOR DO BONFIM;PIERRE;Inapto;Deficiencia tecnica
4506341559;2024-11-19;;SENHOR DO BONFIM;PIERRE;Apto;Apto
4506341563;2024-11-19;;SENHOR DO BONFIM;PIERRE;Aguardando Retorno;Aguardando retorno cliente
4506342519;2024-11-19;;SENHOR DO BONFIM;PIERRE;Aguardando Retorno;Aguardando retorno cliente
4506278206;2024-11-19;2024-11-19;SENHOR DO BONFIM;PIERRE;Inapto;Cliente deseja KIT financiado
4506317232;2024-11-20;2024-11-21;SENHOR DO BONFIM;DENIZE;Apto;Apto
4506324866;2024-11-21;2024-11-21;SENHOR DO BONFIM;DENIZE;Inapto;Cadastro Incorreto
4506324873;2024-11-21;2024-11-21;SENHOR DO BONFIM;DENIZE;Inapto;Deficiencia tecnica
4506327470;2024-11-21;2024-11-21;SENHOR DO BONFIM;DENIZE;Inapto;Cadastro Incorreto
4506327892;2024-11-21;;SENHOR DO BONFIM;DENIZE;Aguardando Retorno;
4506327907;2024-11-21;;SENHOR DO BONFIM;DENIZE;Apto;Apto
4506328297;2024-11-21;;SENHOR DO BONFIM;DENIZE;Apto;Apto
4506328303;2024-11-21;2024-11-21;SENHOR DO BONFIM;DENIZE;Apto;Apto
4506328907;2024-11-22;2024-11-22;SENHOR DO BONFIM;DENIZE;Inapto;CADASTRO INCOMPLETO
4506329898;2024-11-22;2024-11-22;SENHOR DO BONFIM;DENIZE;Inapto;CADASTRO INCOMPLETO
4506331658;2024-11-19;;SENHOR DO BONFIM;PIERRE;Aguardando Retorno;Aguardando retorno cliente
4506331833;2024-11-22;2024-11-22;SENHOR DO BONFIM;DENIZE;Apto;Apto
4506333938;2024-11-22;2024-11-22;SENHOR DO BONFIM;DENIZE;Apto;Apto
4506336308;2024-11-22;2024-11-22;SENHOR DO BONFIM;DENIZE;Inapto;Cliente deseja KIT financiado
4506304459;2024-11-22;2024-11-22;SENHOR DO BONFIM;DENIZE;Sem contato;
4506317804;2024-11-23;2024-11-23;SENHOR DO BONFIM;DENIZE;Inapto;Obra
4506328364;2024-11-23;2024-11-23;SENHOR DO BONFIM;DARIENE;Inapto;CADASTRO INCOMPLETO
4506329956;2024-11-23;;SENHOR DO BONFIM;DENIZE;Aguardando Retorno;
4506331924;2024-11-23;2024-11-23;SENHOR DO BONFIM;DENIZE;Inapto;Cadastro Incorreto
4506335843;2024-11-23;2024-11-23;SENHOR DO BONFIM;DENIZE;Inapto;CADASTRO INCOMPLETO
4506336964;2024-11-23;2024-11-23;SENHOR DO BONFIM;DENIZE;Apto;Apto
4506336993;2024-11-25;2024-11-25;SENHOR DO BONFIM;GUILHERME;Inapto;
4506337380;2024-11-25;2024-11-25;SENHOR DO BONFIM;GUILHERME;Apto;Apto
4506337396;2024-11-25;;SENHOR DO BONFIM;GUILHERME;Apto;Apto
4506338868;2024-11-25;;SENHOR DO BONFIM;GUILHERME;Aguardando Retorno;
4506339335;2024-11-25;;SENHOR DO BONFIM;GUILHERME;Aguardando Retorno;
4506341730;2024-11-25;2024-11-25;SENHOR DO BONFIM;DENIZE;Inapto;CADASTRO INCOMPLETO
4506344024;2024-11-25;2024-11-25;SENHOR DO BONFIM;DENIZE;Inapto;Cliente deseja KIT financiado
4506344044;2024-11-25;2024-01-25;SENHOR DO BONFIM;DENIZE;Inapto;CADASTRO INCOMPLETO
4506344049;2024-11-25;;SENHOR DO BONFIM;GUILHERME;;
4506338852;2024-11-25;;SENHOR DO BONFIM;GUILHERME;Aguardando Retorno;
4506317944;2024-11-25;;SENHOR DO BONFIM;DENIZE;Aguardando Retorno;
4506324983;2024-11-25;;SENHOR DO BONFIM;GUILHERME;Sem retorno;Sem retorno
4506325083;2024-11-25;2024-11-25;SENHOR DO BONFIM;DENIZE;Inapto;Deficiencia tecnica
4506326303;2024-11-25;2024-11-25;SENHOR DO BONFIM;DENIZE;Apto;Apto
4506330111;2024-11-25;;SENHOR DO BONFIM;GUILHERME;;
4506330443;2024-11-25;2024-11-25;SENHOR DO BONFIM;GUILHERME;Apto;Apto
4506331484;2024-11-25;;SENHOR DO BONFIM;GUILHERME;Sem retorno;Sem retorno
4506334347;2024-11-25;2024-11-25;SENHOR DO BONFIM;DENIZE;Telefone não existe;
4506334355;2024-11-25;2024-11-25;SENHOR DO BONFIM;DENIZE;Aguardando Retorno;
4506337941;2024-11-25;2024-11-25;SENHOR DO BONFIM;DENIZE;Apto;Apto
4506338910;2024-11-25;2024-11-25;SENHOR DO BONFIM;DENIZE;Inapto;CADASTRO INCOMPLETO
4506340247;2024-11-26;2024-11-26;SENHOR DO BONFIM;GUILHERME;;Apto
4506340803;2024-11-25;2024-11-25;SENHOR DO BONFIM;DENIZE;Inapto;CADASTRO INCOMPLETO
4506341772;2024-11-25;2024-11-26;SENHOR DO BONFIM;DENIZE;Apto;Apto
4506342712;2024-11-25;2024-11-25;SENHOR DO BONFIM;PIERRE;Apto;Apto
4506342713;2024-11-25;;SENHOR DO BONFIM;PIERRE;Aguardando Retorno;Aguardando retorno cliente
4506343149;2024-11-25;;SENHOR DO BONFIM;PIERRE;Aguardando Retorno;Aguardando retorno cliente
4506343150;2024-11-25;;SENHOR DO BONFIM;PIERRE;Aguardando Retorno;Aguardando retorno cliente
4506343573;2024-11-25;;SENHOR DO BONFIM;PIERRE;Aguardando Retorno;Aguardando retorno cliente
4506343574;2024-11-25;2024-11-25;SENHOR DO BONFIM;PIERRE;Apto;Apto
4506343575;2024-11-25;;SENHOR DO BONFIM;PIERRE;Aguardando Retorno;Aguardando retorno cliente
4506343580;2024-11-25;;SENHOR DO BONFIM;PIERRE;Aguardando Retorno;Aguardando retorno cliente
4506344096;2024-11-26;2024-11-26;SENHOR DO BONFIM;PIERRE;Apto;Apto
4506345040;2024-11-26;2024-11-26;SENHOR DO BONFIM;PIERRE;Apto;Apto
4505792677;2024-11-26;2024-11-26;SENHOR DO BONFIM;PIERRE;Inapto;Deficiencia tecnica
4506328398;2024-11-26;2024-11-26;SENHOR DO BONFIM;GUILHERME;Apto;Apto
4506332035;2024-11-26;2024-11-26;SENHOR DO BONFIM;PIERRE;Apto;Apto
4506334181;2024-11-17;2024-11-27;SENHOR DO BONFIM;GUILHERME;Apto;Apto
4506335428;2024-11-25;;SENHOR DO BONFIM;GUILHERME;;Apto
4506335436;2024-11-26;2024-11-26;SENHOR DO BONFIM;ANDRESSA;Apto;Apto
4506335516;2024-11-25;2024-11-26;SENHOR DO BONFIM;GUILHERME;Apto;Apto
4506338963;2024-11-26;2024-02-26;SENHOR DO BONFIM;GUILHERME;Apto;
4506339418;2024-11-26;;SENHOR DO BONFIM;GUILHERME;Inapto;
4506339863;2027-11-26;2024-11-26;SENHOR DO BONFIM;ANDRESSA;Apto;Apto
4506339881;2024-11-27;2024-11-27;SENHOR DO BONFIM;GUILHERME;Apto;Apto
4506340876;2024-11-26;2024-11-26;SENHOR DO BONFIM;ANDRESSA;Inapto;Cliente deseja KIT financiado
4506341266;2024-11-26;2024-11-26;SENHOR DO BONFIM;GUILHERME;Inapto;Deficiencia tecnica
4506343705;2024-11-26;2024-11-26;SENHOR DO BONFIM;GUILHERME;Inapto;Deficiencia tecnica
4506344118;2024-11-26;2024-11-26;SENHOR DO BONFIM;ANDRESSA;Apto;Apto
4506344160;2024-11-26;2024-11-26;SENHOR DO BONFIM;ANDRESSA;Inapto;CADASTRO INCOMPLETO
4506344645;2024-11-26;2024-11-26;SENHOR DO BONFIM;ANDRESSA;Inapto;Obra
4506345063;2024-11-26;2024-11-26;SENHOR DO BONFIM;ANDRESSA;Apto;Apto
4506345535;2024-11-27;2024-11-27;SENHOR DO BONFIM;GUILHERME;;
4506346053;2024-11-26;2024-11-26;SENHOR DO BONFIM;GUILHERME;;
4506347082;2024-11-26;2024-11-26;SENHOR DO BONFIM;ANDRESSA;Apto;Apto
4506348020;2024-11-26;2024-11-26;SENHOR DO BONFIM;ANDRESSA;Inapto;CADASTRO INCOMPLETO
4506327362;2024-11-27;2024-11-27;SENHOR DO BONFIM;ANDRESSA;Apto;Apto
4506332275;2024-11-27;2024-11-27;SENHOR DO BONFIM;ANDRESSA;Apto;Apto
4506332816;2024-11-27;2024-11-27;SENHOR DO BONFIM;ANDRESSA;Apto;Apto
4506335961;2024-11-28;2024-11-28;SENHOR DO BONFIM;GUILHERME;;
4506335964;2024-11-25;2024-11-25;SENHOR DO BONFIM;DENIZE;Apto;Apto
4506340433;2024-11-27;2024-11-27;SENHOR DO BONFIM;ANDRESSA;Aguardando Retorno;Aguardando retorno cliente
4506340434;2024-11-28;2024-11-28;SENHOR DO BONFIM;ANDRESSA;Aguardando Retorno;
4506341559;2024-11-27;2024-11-27;SENHOR DO BONFIM;ANDRESSA;Apto;Apto
4506341974;2024-11-28;2024-11-28;SENHOR DO BONFIM;ANDRESSA;Aguardando Retorno;Aguardando retorno cliente
4506341978;2024-11-28;2024-11-28;SENHOR DO BONFIM;ANDRESSA;Inapto;Irregularidade do Padrao
4506342895;2024-11-25;2024-11-25;SENHOR DO BONFIM;DENIZE;Apto;Apto
4506343746;2024-11-28;2024-11-28;SENHOR DO BONFIM;ANDRESSA;Inapto;Irregularidade do Padrao
4506346171;2024-11-28;;SENHOR DO BONFIM;ANDRESSA;Aguardando Retorno;Aguardando retorno cliente
4506346560;2024-11-28;2024-11-28;SENHOR DO BONFIM;ANDRESSA;Aguardando Retorno;Aguardando retorno cliente
4506346578;2024-11-28;;SENHOR DO BONFIM;ANDRESSA;Inapto;CADASTRO INCOMPLETO
4506349023;2024-11-28;2024-11-28;SENHOR DO BONFIM;ANDRESSA;;
4506350038;2024-11-27;2024-11-27;SENHOR DO BONFIM;GUILHERME;Apto;Apto
4506350530;2024-11-26;2024-11-26;SENHOR DO BONFIM;GUILHERME;Apto;Apto
4506351068;2024-11-27;2024-11-27;SENHOR DO BONFIM;GUILHERME;;
4506351073;2024-11-27;2024-11-27;SENHOR DO BONFIM;GUILHERME;;
4506305720;2024-11-08;2024-11-08;SENHOR DO BONFIM;ANDRESSA;Apto;Apto
4506305737;2024-11-23;2024-11-23;SENHOR DO BONFIM;DENIZE;Apto;Apto
4506308138;2024-11-28;2024-11-28;SENHOR DO BONFIM;DARIENE;Inapto;Cliente deseja KIT financiado
4506321844;2024-11-27;2024-11-27;SENHOR DO BONFIM;GUILHERME;Inapto;Irregularidade do Padrao
4506328472;2024-11-28;2024-11-28;SENHOR DO BONFIM;GUILHERME;Apto;Apto
4506332835;2024-11-28;2024-11-28;SENHOR DO BONFIM;DENIZE;Apto;Apto
4506335700;2024-11-27;2024-11-27;SENHOR DO BONFIM;GUILHERME;Apto;Apto
4506338282;2024-11-28;2024-11-28;SENHOR DO BONFIM;DENIZE;Apto;Apto
4506340978;2024-11-28;2024-11-28;SENHOR DO BONFIM;DENIZE;Inapto;CADASTRO INCOMPLETO
4506341359;2024-11-28;2024-11-28;SENHOR DO BONFIM;DENIZE;Inapto;CADASTRO INCOMPLETO
4506342453;2024-11-28;2024-11-28;SENHOR DO BONFIM;DENIZE;Inapto;Cliente deseja KIT financiado
4506343389;2024-11-28;2024-11-28;SENHOR DO BONFIM;GUILHERME;Apto;Apto
4506343418;2024-11-28;2024-11-28;SENHOR DO BONFIM;GUILHERME;Inapto;Irregularidade do Padrao
4506344269;2024-11-28;2024-11-28;SENHOR DO BONFIM;DENIZE;Inapto;Cliente deseja KIT financiado
4506344739;2024-11-28;2024-11-28;SENHOR DO BONFIM;DENIZE;Apto;Apto
4506344754;2024-11-28;2024-11-28;SENHOR DO BONFIM;GUILHERME;Apto;Apto
4506351169;2024-11-28;;SENHOR DO BONFIM;GUILHERME;;
4506352025;2024-11-28;;SENHOR DO BONFIM;GUILHERME;Sem contato;Sem contato
4506334355;2024-11-25;2024-11-25;SENHOR DO BONFIM;DENIZE;Apto;Apto
4505564646;2024-11-28;2024-11-28;SENHOR DO BONFIM;PIERRE;Inapto;Irregularidade do Padrao
4505643129;2024-11-28;2024-11-29;SENHOR DO BONFIM;PIERRE;Inapto;Irregularidade do Padrao
4506309398;2024-11-28;2024-11-28;SENHOR DO BONFIM;PIERRE;Inapto;Deficiencia tecnica
4506327489;2024-11-28;;SENHOR DO BONFIM;GUILHERME;Aguardando Retorno;Aguardando retorno cliente
4506344813;2024-11-28;2024-11-28;SENHOR DO BONFIM;PIERRE;Inapto;Sem contato
4506344829;2024-11-28;;SENHOR DO BONFIM;PIERRE;Aguardando Retorno;Aguardando retorno cliente
4506344843;2024-11-28;;SENHOR DO BONFIM;PIERRE;Aguardando Retorno;Aguardando retorno cliente
4506344863;2024-11-28;;SENHOR DO BONFIM;PIERRE;Aguardando Retorno;Aguardando retorno cliente
4506345676;2024-11-28;2024-11-29;SENHOR DO BONFIM;PIERRE;Apto;Apto
4506347674;2024-11-28;;SENHOR DO BONFIM;PIERRE;Aguardando Retorno;Aguardando retorno cliente
4506347722;2024-11-28;2024-11-28;SENHOR DO BONFIM;PIERRE;Apto;Apto
4506353666;2024-11-28;2024-11-28;SENHOR DO BONFIM;GUILHERME;Apto;
4506354554;2024-12-07;2024-12-10;SENHOR DO BONFIM;GUILHERME;Apto;Apto
4506354585;2024-11-02;2024-11-02;SENHOR DO BONFIM;PIERRE;Apto;Apto
4506355020;2024-11-02;2024-11-02;SENHOR DO BONFIM;PIERRE;Apto;Apto
4506355041;2024-11-02;2024-11-02;SENHOR DO BONFIM;PIERRE;Apto;Apto
4505296157;2024-12-02;2024-12-02;SENHOR DO BONFIM;PIERRE;Inapto;Sem contato
4505775636;2024-12-02;2024-12-02;SENHOR DO BONFIM;PIERRE;Inapto;Obra
4506284861;2024-12-02;2024-12-02;SENHOR DO BONFIM;PIERRE;Inapto;Deficiencia tecnica
4506333944;2024-12-02;;SENHOR DO BONFIM;PIERRE;Aguardando Retorno;Aguardando retorno cliente
4506344336;2024-12-02;2024-12-02;SENHOR DO BONFIM;PIERRE;Apto;Apto
4506350176;2024-12-02;2024-12-02;SENHOR DO BONFIM;PIERRE;Apto;Apto
4506350670;2024-12-02;;SENHOR DO BONFIM;PIERRE;Inapto;Cadastro Incorreto
4506351283;2024-12-02;2024-11-02;SENHOR DO BONFIM;GUILHERME;;
4506351301;2024-11-02;2024-11-02;SENHOR DO BONFIM;PIERRE;Apto;Apto
4506354224;2024-11-29;2024-11-29;SENHOR DO BONFIM;GUILHERME;;
4506325083;2024-11-27;2024-11-27;SENHOR DO BONFIM;DENIZE;Apto;Apto
4506334976;2024-11-29;2024-11-29;SENHOR DO BONFIM;GUILHERME;Apto;Apto
4506343942;2024-12-03;2024-12-03;SENHOR DO BONFIM;PIERRE;Apto;Apto
4506344407;2024-12-03;2024-12-03;SENHOR DO BONFIM;PIERRE;Apto;Apto
4506344411;2024-12-03;2024-12-03;SENHOR DO BONFIM;PIERRE;Apto;Apto
4506344414;2024-12-03;2024-12-03;SENHOR DO BONFIM;PIERRE;Apto;Apto
4506344418;2024-12-03;2024-12-03;SENHOR DO BONFIM;PIERRE;Apto;Apto
4506344421;2024-12-03;2024-12-03;SENHOR DO BONFIM;PIERRE;Apto;Apto
4506344947;2024-12-04;2024-12-04;SENHOR DO BONFIM;AMANDA;Apto;Apto
4506344966;2024-12-03;2024-12-03;SENHOR DO BONFIM;PIERRE;Inapto;Obra
4506347379;2024-12-04;2024-12-04;SENHOR DO BONFIM;AMANDA;Apto;Apto
4506340978;2024-11-28;2024-11-28;SENHOR DO BONFIM;DENIZE;Apto;Apto
4506353521;2024-12-05;2024-12-05;SENHOR DO BONFIM;AMANDA;Apto;Apto
4506324866;2024-11-29;2024-11-29;SENHOR DO BONFIM;DENIZE;Apto;Apto
4505343794;2024-12-05;;SENHOR DO BONFIM;AMANDA;Aguardando Retorno;Aguardando retorno cliente
4506323788;2024-12-06;;SENHOR DO BONFIM;AMANDA;Aguardando Retorno;Aguardando retorno cliente
4506324866;2024-12-05;2024-12-05;SENHOR DO BONFIM;AMANDA;Apto;Apto
4506328422;2024-12-05;;SENHOR DO BONFIM;AMANDA;Aguardando Retorno;Aguardando retorno cliente
4506347896;2024-12-05;;SENHOR DO BONFIM;AMANDA;Aguardando Retorno;Aguardando retorno cliente
4506347916;2024-12-03;2024-11-03;SENHOR DO BONFIM;GUILHERME;;Apto
4506350815;2024-12-06;;SENHOR DO BONFIM;AMANDA;Aguardando Retorno;Aguardando retorno cliente
4506351450;2024-12-06;2024-12-06;SENHOR DO BONFIM;AMANDA;Apto;Apto
4506351752;2024-12-04;2024-12-04;SENHOR DO BONFIM;GUILHERME;Sem retorno;
4506352293;2024-12-04;2024-12-04;SENHOR DO BONFIM;AMANDA;Apto;Apto
4506352305;2024-12-06;;SENHOR DO BONFIM;AMANDA;Aguardando Retorno;Aguardando retorno cliente
4506352317;2024-12-04;2024-12-05;SENHOR DO BONFIM;PIERRE;Apto;Apto
4506352815;2024-12-04;2024-12-05;SENHOR DO BONFIM;PIERRE;Apto;Apto
4506352855;2024-12-04;2024-12-04;SENHOR DO BONFIM;PIERRE;Inapto;Deficiencia tecnica
4506352873;2024-12-04;2024-12-04;SENHOR DO BONFIM;PIERRE;Inapto;Obra
4506353209;2024-12-04;2024-12-04;SENHOR DO BONFIM;PIERRE;Apto;Apto
4506353217;2024-12-04;2024-12-04;SENHOR DO BONFIM;PIERRE;Apto;Apto
4506353922;2024-12-04;2024-12-04;SENHOR DO BONFIM;PIERRE;Sem contato;Sem contato
4506353923;2024-12-04;2024-12-04;SENHOR DO BONFIM;PIERRE;Inapto;Ja realizada
4506354761;2024-12-04;2024-12-06;SENHOR DO BONFIM;AMANDA;Apto;Apto
4506354765;2024-12-04;2024-12-05;SENHOR DO BONFIM;PIERRE;Apto;Apto
4506355207;2024-12-04;2024-12-06;SENHOR DO BONFIM;PIERRE;Apto;Apto
4506355651;2024-12-04;2024-12-04;SENHOR DO BONFIM;PIERRE;Apto;Apto
4506356194;2024-12-04;2024-12-05;SENHOR DO BONFIM;PIERRE;Inapto;Deficiencia tecnica
4506356208;2024-12-06;2024-12-06;SENHOR DO BONFIM;AMANDA;Inapto;Cliente em Debito
4506356689;2024-12-04;2024-12-04;SENHOR DO BONFIM;PIERRE;Apto;Apto
4506356706;2024-12-04;;SENHOR DO BONFIM;PIERRE;Sem contato;Sem contato
4506356722;2024-12-04;2024-12-05;SENHOR DO BONFIM;PIERRE;Inapto;Cadastro Incorreto
4506356758;2024-12-06;;SENHOR DO BONFIM;AMANDA;Sem contato;Sem contato
4506357614;2024-12-04;2024-12-05;SENHOR DO BONFIM;PIERRE;Apto;Apto
4506357618;2024-12-04;2024-12-04;SENHOR DO BONFIM;PIERRE;Inapto;Cadastro Incorreto
4506357619;2024-12-04;2024-12-05;SENHOR DO BONFIM;PIERRE;Apto;Apto
4506357634;2024-12-04;2024-12-05;SENHOR DO BONFIM;PIERRE;Apto;Apto
4506358081;2024-12-06;;SENHOR DO BONFIM;AMANDA;Sem contato;Sem contato
4506358680;2024-12-04;;SENHOR DO BONFIM;PIERRE;Aguardando Retorno;Aguardando retorno cliente
4506358683;2024-12-04;2024-12-05;SENHOR DO BONFIM;PIERRE;Inapto;Deficiencia tecnica
4506359050;2024-12-04;2024-12-04;SENHOR DO BONFIM;PIERRE;Inapto;Cadastro Incorreto
4506359078;2024-12-04;2024-12-05;SENHOR DO BONFIM;PIERRE;Inapto;Cadastro Incorreto
4506359083;2024-12-06;2024-12-06;SENHOR DO BONFIM;AMANDA;Inapto;Deficiencia tecnica
4506359533;2024-12-06;2024-12-07;SENHOR DO BONFIM;AMANDA;Apto;Apto
4506359570;2024-12-06;;SENHOR DO BONFIM;AMANDA;Aguardando Retorno;Aguardando retorno cliente
4506361007;2024-12-06;2024-12-06;SENHOR DO BONFIM;GUILHERME;Inapto;
4506177728;2024-12-05;2024-12-05;SENHOR DO BONFIM;PIERRE;Inapto;Obra
4506326303;2024-12-05;2024-12-05;SENHOR DO BONFIM;PIERRE;Apto;Apto
4506329821;2024-12-05;2024-12-05;SENHOR DO BONFIM;PIERRE;Apto;Apto
4506330432;2024-12-05;;SENHOR DO BONFIM;PIERRE;Aguardando Retorno;Aguardando retorno cliente
4506334748;2024-12-05;2024-12-05;SENHOR DO BONFIM;PIERRE;Inapto;Cadastro Incorreto
4506335249;2024-12-05;2024-12-05;SENHOR DO BONFIM;PIERRE;Apto;Apto
4506335475;2024-12-05;2024-12-05;SENHOR DO BONFIM;PIERRE;Inapto;Deficiencia tecnica
4506335752;2024-12-05;;SENHOR DO BONFIM;PIERRE;Aguardando Retorno;Aguardando retorno cliente
4506336441;2024-12-05;2024-12-05;SENHOR DO BONFIM;PIERRE;Inapto;Deficiencia tecnica
4506336792;2024-12-05;;SENHOR DO BONFIM;PIERRE;Aguardando Retorno;Aguardando retorno cliente
4506338447;2024-12-05;2024-12-06;SENHOR DO BONFIM;PIERRE;Inapto;Cadastro Incorreto
4506338543;2024-12-05;2024-12-05;SENHOR DO BONFIM;PIERRE;Inapto;Deficiencia tecnica
4506341510;2024-12-05;2024-12-05;SENHOR DO BONFIM;PIERRE;Sem contato;Cadastro Incorreto
4506343425;2024-12-05;;SENHOR DO BONFIM;PIERRE;Aguardando Retorno;Aguardando retorno cliente
4506344829;2024-12-05;;SENHOR DO BONFIM;PIERRE;Aguardando Retorno;Aguardando retorno cliente
4506345939;2024-12-05;2024-12-06;SENHOR DO BONFIM;PIERRE;Apto;Apto
4506347984;2024-12-05;2024-12-05;SENHOR DO BONFIM;PIERRE;Inapto;Cadastro Incorreto
4506348841;2024-12-05;2024-12-06;SENHOR DO BONFIM;PIERRE;Inapto;Cadastro Incorreto
4506350868;2024-12-05;;SENHOR DO BONFIM;PIERRE;Aguardando Retorno;Aguardando retorno cliente
4506351777;2024-12-05;2024-12-05;SENHOR DO BONFIM;PIERRE;Apto;Apto
4506352377;2024-12-05;;SENHOR DO BONFIM;PIERRE;Aguardando Retorno;Aguardando retorno cliente
4506352382;2024-12-05;2024-12-06;SENHOR DO BONFIM;PIERRE;Sem retorno;Sem retorno
4506352888;2024-12-05;2024-12-06;SENHOR DO BONFIM;PIERRE;Apto;Apto
4506352936;2024-12-05;2024-12-06;SENHOR DO BONFIM;PIERRE;Apto;Apto
4506353979;2024-12-05;2024-12-06;SENHOR DO BONFIM;PIERRE;Inapto;Deficiencia tecnica
4506353982;2024-12-05;2024-12-05;SENHOR DO BONFIM;PIERRE;Inapto;Deficiencia tecnica
4506355013;2024-12-05;2024-12-06;SENHOR DO BONFIM;PIERRE;Apto;Apto
4506355266;2024-12-05;2024-12-06;SENHOR DO BONFIM;PIERRE;Telefone não existe;Sem retorno
4506355660;2024-12-05;2024-12-06;SENHOR DO BONFIM;PIERRE;Apto;Apto
4506356240;2024-12-05;;SENHOR DO BONFIM;PIERRE;Aguardando Retorno;Aguardando retorno cliente
4506356299;2024-12-05;;SENHOR DO BONFIM;PIERRE;Sem retorno;Sem retorno
4506356788;2024-12-05;;SENHOR DO BONFIM;PIERRE;Sem retorno;Sem retorno
4506357199;2024-12-05;;SENHOR DO BONFIM;PIERRE;Sem retorno;Sem retorno
4506357201;2024-12-05;;SENHOR DO BONFIM;PIERRE;Aguardando Retorno;Aguardando retorno cliente
4506357639;2024-12-05;;SENHOR DO BONFIM;PIERRE;Aguardando Retorno;Aguardando retorno cliente
4506357664;2024-12-06;2024-12-06;SENHOR DO BONFIM;PIERRE;Inapto;Sem contato
4506358132;2024-12-06;;SENHOR DO BONFIM;PIERRE;Aguardando Retorno;Aguardando retorno cliente
4506358704;2024-12-06;;SENHOR DO BONFIM;PIERRE;Aguardando Retorno;Aguardando retorno cliente
4506358778;2024-12-06;;SENHOR DO BONFIM;PIERRE;Aguardando Retorno;Aguardando retorno cliente
4506359145;2024-12-06;2024-12-06;SENHOR DO BONFIM;PIERRE;Inapto;Deficiencia tecnica
4506359186;2024-12-06;2024-12-06;SENHOR DO BONFIM;PIERRE;Apto;Apto
4506360548;2024-12-06;2024-12-09;SENHOR DO BONFIM;PIERRE;Inapto;Irregularidade do Padrao
4506349263;2024-12-06;;SENHOR DO BONFIM;PIERRE;Inapto;Cliente deseja KIT financiado
4506129276;2024-12-06;2024-12-06;SENHOR DO BONFIM;PIERRE;Inapto;Obra
4506294469;2024-12-06;;SENHOR DO BONFIM;PIERRE;Aguardando Retorno;Aguardando retorno cliente
4506322780;2024-12-06;;SENHOR DO BONFIM;PIERRE;Aguardando Retorno;Aguardando retorno cliente
4506324129;2024-12-06;;SENHOR DO BONFIM;PIERRE;Aguardando Retorno;Aguardando retorno cliente
4506324873;2024-12-06;2024-12-06;SENHOR DO BONFIM;PIERRE;Apto;Apto
4506326604;2024-12-06;2024-12-06;SENHOR DO BONFIM;PIERRE;Apto;Apto
4506329945;2024-12-06;2024-12-07;SENHOR DO BONFIM;PIERRE;Apto;Apto
4506333828;2024-12-06;2024-12-07;SENHOR DO BONFIM;PIERRE;Inapto;Deficiencia tecnica
4506334644;2024-12-06;2024-12-10;SENHOR DO BONFIM;PIERRE;Inapto;Irregularidade do Padrao
4506340376;2024-12-06;;SENHOR DO BONFIM;PIERRE;Aguardando Retorno;Aguardando retorno cliente
4506340910;2024-12-06;;SENHOR DO BONFIM;PIERRE;Aguardando Retorno;Aguardando retorno cliente
4506345952;2024-12-06;2024-12-06;SENHOR DO BONFIM;PIERRE;Telefone não existe;Cadastro Incorreto
4506345978;2024-12-06;2024-12-06;SENHOR DO BONFIM;PIERRE;Apto;Apto
4506346935;2024-12-06;;SENHOR DO BONFIM;PIERRE;Aguardando Retorno;Aguardando retorno cliente
4506346960;2024-12-06;;SENHOR DO BONFIM;PIERRE;Aguardando Retorno;Aguardando retorno cliente
4506347994;2024-12-06;;SENHOR DO BONFIM;PIERRE;Aguardando Retorno;Aguardando retorno cliente
4506350928;2024-12-06;2024-12-07;SENHOR DO BONFIM;PIERRE;Inapto;Deficiencia tecnica
4506351825;2024-12-06;2024-12-09;SENHOR DO BONFIM;PIERRE;Apto;Apto
4506352415;2024-12-07;2024-12-07;SENHOR DO BONFIM;DENIZE;Inapto;CADASTRO INCOMPLETO
4506354554;2024-12-07;2024-12-10;SENHOR DO BONFIM;GUILHERME;Apto;Apto
4506355284;2024-11-07;2024-12-10;SENHOR DO BONFIM;GUILHERME;Inapto;Cliente deseja KIT financiado
4506356821;2024-12-07;2024-12-10;SENHOR DO BONFIM;GUILHERME;Inapto;Cliente deseja KIT financiado
4506356823;2024-12-07;2024-12-07;SENHOR DO BONFIM;DENIZE;Inapto;Deficiencia tecnica
4506356833;2024-12-07;2024-12-09;SENHOR DO BONFIM;DENIZE;Apto;Apto
4506360133;2024-12-04;2024-12-04;SENHOR DO BONFIM;AMANDA;Apto;Apto
4506362516;2024-12-07;2024-12-07;SENHOR DO BONFIM;GUILHERME;Inapto;Obra
4505643129;2024-12-07;2024-12-07;SENHOR DO BONFIM;DENIZE;Apto;Apto
4505763952;2024-12-07;;SENHOR DO BONFIM;DENIZE;Aguardando Retorno;
4506337624;2024-12-07;2024-11-09;SENHOR DO BONFIM;DENIZE;Inapto;Irregularidade do Padrao
4506341266;2024-12-04;2024-12-04;SENHOR DO BONFIM;ANDRESSA;Apto;Apto
4506346053;2024-12-09;2024-12-09;SENHOR DO BONFIM;DENIZE;Aguardando Retorno;
4506346560;2024-12-09;2024-12-09;SENHOR DO BONFIM;DENIZE;Inapto;Obra
4506349865;2024-12-09;2024-12-10;SENHOR DO BONFIM;DENIZE;Inapto;CADASTRO INCOMPLETO
4506350968;2024-12-09;2024-12-09;SENHOR DO BONFIM;DENIZE;Inapto;Irregularidade do Padrao
4506351872;2024-12-09;;SENHOR DO BONFIM;DENIZE;Aguardando Retorno;
4506358271;2024-12-07;2024-12-09;SENHOR DO BONFIM;GUILHERME;Apto;Apto
4506358275;2024-12-09;2024-12-10;SENHOR DO BONFIM;GUILHERME;Apto;Apto
4506358279;2024-12-07;2024-12-09;SENHOR DO BONFIM;GUILHERME;Apto;Apto
4506350790;2024-11-07;;SENHOR DO BONFIM;GUILHERME;Inapto;
4506351902;2024-11-07;2024-11-08;SENHOR DO BONFIM;GUILHERME;Apto;Apto
4506361201;2024-12-07;;SENHOR DO BONFIM;GUILHERME;Apto;Apto
4506364565;2024-12-07;;SENHOR DO BONFIM;GUILHERME;Apto;Apto
4506367500;2024-12-07;2024-12-09;SENHOR DO BONFIM;GUILHERME;Apto;
4506352002;2024-12-12;2024-12-12;SENHOR DO BONFIM;PIERRE;Apto;Apto
4505599974;2024-12-12;;SENHOR DO BONFIM;DARIENE;Aguardando Retorno;
4506301215;2024-12-12;2024-12-13;SENHOR DO BONFIM;PIERRE;Apto;Apto
4506304364;2024-12-12;;SENHOR DO BONFIM;PIERRE;Inapto;Deficiencia tecnica
4506323471;2024-12-12;;SENHOR DO BONFIM;PIERRE;Aguardando Retorno;Aguardando retorno cliente
4506324335;2024-12-12;;SENHOR DO BONFIM;PIERRE;Aguardando Retorno;Aguardando retorno cliente
4506331684;2024-12-12;;SENHOR DO BONFIM;PIERRE;Inapto;Cadastro Incorreto
4506340449;2024-12-12;;SENHOR DO BONFIM;PIERRE;Apto;Apto
4506343573;2024-12-12;;SENHOR DO BONFIM;PIERRE;Aguardando Retorno;Aguardando retorno cliente
4506347916;2024-12-12;;SENHOR DO BONFIM;PIERRE;Sem retorno;Sem retorno
4506348165;2024-12-12;;SENHOR DO BONFIM;PIERRE;Inapto;Deficiencia tecnica
4506350497;2024-12-12;;SENHOR DO BONFIM;PIERRE;Inapto;Deficiencia tecnica
4506359890;2024-12-13;2024-12-13;SENHOR DO BONFIM;AMANDA;Apto;Apto
4506360273;2024-12-12;2024-12-12;SENHOR DO BONFIM;AMANDA;Apto;Apto
4506360777;2024-12-13;2024-12-13;SENHOR DO BONFIM;AMANDA;Apto;Apto
4506360846;2024-12-12;2024-12-12;SENHOR DO BONFIM;AMANDA;Apto;Apto
4506360857;2024-12-12;2024-12-12;SENHOR DO BONFIM;AMANDA;Apto;Apto
4506363147;2024-11-12;2024-12-12;SENHOR DO BONFIM;DARIENE;Apto;Apto
4506368034;2024-12-12;;SENHOR DO BONFIM;GUILHERME;Apto;Apto
4506332081;2024-12-13;2024-12-16;SENHOR DO BONFIM;PIERRE;Apto;Apto
4506332451;2024-12-13;2024-12-13;SENHOR DO BONFIM;PIERRE;Apto;Apto
4506338282;2024-12-12;2024-12-12;SENHOR DO BONFIM;GUILHERME;Apto;Apto
4506343915;2024-12-13;2024-12-13;SENHOR DO BONFIM;AMANDA;Apto;Apto
4506353465;2024-12-13;2024-12-13;SENHOR DO BONFIM;PIERRE;Inapto;Obra
4506355198;2024-12-13;2024-12-13;SENHOR DO BONFIM;PIERRE;Apto;Apto
4506355474;2024-12-13;2024-12-13;SENHOR DO BONFIM;PIERRE;Apto;Apto
4506355822;2024-12-13;2024-12-13;SENHOR DO BONFIM;AMANDA;Inapto;Cadastro Incorreto
4506355824;2024-12-13;;SENHOR DO BONFIM;PIERRE;Sem retorno;Sem retorno
4506357469;2024-12-13;2024-12-13;SENHOR DO BONFIM;PIERRE;Inapto;Deficiencia tecnica
4506357897;2024-12-12;2024-12-12;SENHOR DO BONFIM;GUILHERME;Apto;Apto
4506358342;2024-12-13;;SENHOR DO BONFIM;PIERRE;Aguardando Retorno;Aguardando retorno cliente
4506358438;2024-12-13;2024-12-16;SENHOR DO BONFIM;PIERRE;Inapto;Deficiencia tecnica
4506358447;2024-12-13;2024-12-16;SENHOR DO BONFIM;PIERRE;Sem retorno;Sem retorno
4506358456;2024-12-13;;SENHOR DO BONFIM;PIERRE;Aguardando Retorno;Aguardando retorno cliente
4506359911;2024-12-13;2024-12-13;SENHOR DO BONFIM;PIERRE;Apto;Apto
4506359921;2024-12-13;2024-12-16;SENHOR DO BONFIM;PIERRE;Inapto;Cadastro Incorreto
4506361362;2024-12-13;2024-12-16;SENHOR DO BONFIM;PIERRE;Inapto;Cliente deseja KIT financiado
4506361706;2024-12-13;2024-12-16;SENHOR DO BONFIM;PIERRE;Inapto;Obra
4506362299;2024-12-12;2024-12-13;SENHOR DO BONFIM;GUILHERME;Apto;Apto
4506363172;2024-12-13;;SENHOR DO BONFIM;PIERRE;Sem retorno;Sem retorno
4506364208;2024-12-13;2024-12-13;SENHOR DO BONFIM;PIERRE;Inapto;Cadastro Incorreto
4506368062;2024-12-12;2024-12-12;SENHOR DO BONFIM;GUILHERME;Apto;Apto
4506370049;2024-12-12;2024-12-12;SENHOR DO BONFIM;GUILHERME;Inapto;Irregularidade do Padrao
4506352415;2024-12-10;2024-12-10;SENHOR DO BONFIM;DENIZE;Apto;Apto
4506286425;2024-12-16;2024-12-16;SENHOR DO BONFIM;PIERRE;Inapto;PARECER 23
4506333384;2024-12-16;2024-12-16;SENHOR DO BONFIM;PIERRE;Aguardando Retorno;Aguardando retorno cliente
4506339185;2024-12-16;;SENHOR DO BONFIM;PIERRE;Aguardando Retorno;Aguardando retorno cliente
4506339418;2024-12-16;2024-12-16;SENHOR DO BONFIM;PIERRE;Inapto;Cadastro Incorreto
4506343436;2024-12-16;;SENHOR DO BONFIM;PIERRE;Aguardando Retorno;Aguardando retorno cliente
4506344829;2024-12-16;2024-12-16;SENHOR DO BONFIM;PIERRE;Inapto;Deficiencia tecnica
4506348429;2024-12-16;2024-12-16;SENHOR DO BONFIM;PIERRE;Telefone não existe;Cadastro Incorreto
4506348442;2024-12-16;;SENHOR DO BONFIM;PIERRE;Aguardando Retorno;Aguardando retorno cliente
4506348443;2024-12-16;2024-12-16;SENHOR DO BONFIM;PIERRE;Apto;Apto
4506354277;2024-12-16;;SENHOR DO BONFIM;PIERRE;Inapto;Obra
4506355847;2024-12-16;;SENHOR DO BONFIM;PIERRE;Aguardando Retorno;Aguardando retorno cliente
4506355859;2024-12-14;;SENHOR DO BONFIM;DENIZE;;
4506355875;2024-12-16;2024-12-16;SENHOR DO BONFIM;PIERRE;Sem contato;Sem contato
4506356299;2024-12-16;;SENHOR DO BONFIM;PIERRE;Aguardando Retorno;Aguardando retorno cliente
4506358704;2024-12-16;;SENHOR DO BONFIM;PIERRE;Aguardando Retorno;Aguardando retorno cliente
4506359945;2024-12-16;2024-12-16;SENHOR DO BONFIM;PIERRE;Inapto;Cadastro Incorreto
4506360356;2024-12-16;;SENHOR DO BONFIM;PIERRE;Aguardando Retorno;Aguardando retorno cliente
4506361449;2024-12-16;;SENHOR DO BONFIM;PIERRE;Aguardando Retorno;Aguardando retorno cliente
4506363738;2024-12-16;;SENHOR DO BONFIM;PIERRE;Aguardando Retorno;Aguardando retorno cliente
4506363744;2024-12-16;2024-12-16;SENHOR DO BONFIM;PIERRE;Aguardando Retorno;Aguardando retorno cliente
4506366636;2024-12-16;;SENHOR DO BONFIM;PIERRE;Aguardando Retorno;Aguardando retorno cliente
4506366641;2024-12-16;;SENHOR DO BONFIM;PIERRE;Aguardando Retorno;Aguardando retorno cliente
4506366648;2024-12-16;2024-12-16;SENHOR DO BONFIM;PIERRE;Apto;Apto
4506367206;2024-12-16;2024-12-16;SENHOR DO BONFIM;PIERRE;Inapto;Deficiencia tecnica
4506367208;2024-12-16;;SENHOR DO BONFIM;PIERRE;Aguardando Retorno;Aguardando retorno cliente
4506367648;2024-12-16;2024-12-16;SENHOR DO BONFIM;PIERRE;Inapto;Obra
4506368133;2024-12-16;2024-12-16;SENHOR DO BONFIM;PIERRE;Inapto;Obra
4506368580;2024-12-14;2024-12-16;SENHOR DO BONFIM;GUILHERME;Apto;Apto
4506370085;2024-12-14;2024-12-14;SENHOR DO BONFIM;GUILHERME;Apto;Apto
4506370108;2024-12-16;;SENHOR DO BONFIM;PIERRE;Aguardando Retorno;Aguardando retorno cliente
4506370131;2024-12-16;;SENHOR DO BONFIM;PIERRE;Aguardando Retorno;Aguardando retorno cliente
4506372037;2024-12-16;2024-12-16;SENHOR DO BONFIM;PIERRE;Inapto;Obra
4506354000;2024-12-14;2024-12-14;SENHOR DO BONFIM;GUILHERME;Inapto;Cliente deseja KIT financiado
4506371521;2024-12-16;2024-12-16;SENHOR DO BONFIM;PIERRE;Inapto;Deficiencia tecnica
4506335250;2024-12-17;2024-12-17;SENHOR DO BONFIM;AMANDA;Inapto;Deficiencia tecnica
4506359999;2024-12-17;2024-12-17;SENHOR DO BONFIM;AMANDA;Apto;Apto
4506360443;2024-12-17;2024-12-17;SENHOR DO BONFIM;DENIZE;Inapto;CADASTRO INCOMPLETO
4506362459;2024-12-17;2024-12-17;SENHOR DO BONFIM;DENIZE;Inapto;CADASTRO INCOMPLETO
4506363285;2024-12-17;;SENHOR DO BONFIM;DENIZE;Aguardando Retorno;
4506364389;2024-12-17;;SENHOR DO BONFIM;DENIZE;Aguardando Retorno;
4506367698;2024-12-17;2024-12-17;SENHOR DO BONFIM;DENIZE;Apto;Apto
4506372052;2024-12-17;;SENHOR DO BONFIM;DENIZE;Aguardando Retorno;
4506358953;2024-12-16;;SENHOR DO BONFIM;PIERRE;Aguardando Retorno;Aguardando retorno cliente
4506200697;2024-12-18;2024-12-18;SENHOR DO BONFIM;PIERRE;Inapto;Obra
4506311406;2024-12-18;2024-12-18;SENHOR DO BONFIM;PIERRE;Inapto;Deficiencia tecnica
4506350038;2024-12-18;2024-12-18;SENHOR DO BONFIM;PIERRE;Apto;Apto
4506353526;2024-12-18;2024-12-19;SENHOR DO BONFIM;PIERRE;Apto;Apto
4506360462;2024-12-18;2024-12-19;SENHOR DO BONFIM;PIERRE;Apto;Apto
4506361866;2024-12-18;2024-12-19;SENHOR DO BONFIM;PIERRE;Apto;Apto
4506363816;2024-12-17;;SENHOR DO BONFIM;GUILHERME;Apto;
4506363849;2024-12-18;2024-12-18;SENHOR DO BONFIM;PIERRE;Apto;Apto
4506364419;2024-12-17;;SENHOR DO BONFIM;GUILHERME;;
4506365274;2024-12-18;2024-12-18;SENHOR DO BONFIM;PIERRE;Apto;Apto
4506365753;2024-12-18;;SENHOR DO BONFIM;PIERRE;Aguardando Retorno;Aguardando retorno cliente
4506366729;2024-12-18;2024-12-18;SENHOR DO BONFIM;PIERRE;Apto;Apto
4506367764;2024-12-18;2024-12-18;SENHOR DO BONFIM;PIERRE;Apto;Apto
4506368795;2024-12-17;2024-12-17;SENHOR DO BONFIM;GUILHERME;Apto;Apto
4506369252;2024-12-18;2024-12-18;SENHOR DO BONFIM;PIERRE;Apto;Apto
4506369262;2024-12-18;2024-12-19;SENHOR DO BONFIM;PIERRE;Apto;Apto
4506369618;2024-12-18;2024-12-18;SENHOR DO BONFIM;PIERRE;Apto;Apto
4506370609;2024-12-18;;SENHOR DO BONFIM;PIERRE;Aguardando Retorno;Aguardando retorno cliente
4506371110;2024-12-18;2024-12-18;SENHOR DO BONFIM;PIERRE;Apto;Apto
4506371697;2024-12-18;;SENHOR DO BONFIM;PIERRE;Aguardando Retorno;Aguardando retorno cliente
4506372088;2024-12-18;2024-12-19;SENHOR DO BONFIM;PIERRE;Apto;Apto
4506372101;2024-12-18;2024-12-18;SENHOR DO BONFIM;PIERRE;Inapto;Cadastro Incorreto
4506372130;2024-12-18;;SENHOR DO BONFIM;PIERRE;Aguardando Retorno;Aguardando retorno cliente
4506373071;2024-12-17;2024-12-17;SENHOR DO BONFIM;GUILHERME;Apto;Apto
4506373072;2024-12-18;2024-12-18;SENHOR DO BONFIM;PIERRE;Apto;Apto
4506373637;2024-12-18;2024-12-19;SENHOR DO BONFIM;PIERRE;Sem retorno;Sem retorno
4506374103;2024-12-17;2024-12-17;SENHOR DO BONFIM;GUILHERME;Apto;
4506375049;2024-12-18;2024-12-19;SENHOR DO BONFIM;PIERRE;Inapto;Deficiencia tecnica
4506051791;2024-12-18;2024-12-18;SENHOR DO BONFIM;PIERRE;Inapto;Obra
4506115817;2024-12-18;2024-12-18;SENHOR DO BONFIM;PIERRE;Inapto;Cadastro Incorreto
4506317804;2024-12-18;;SENHOR DO BONFIM;PIERRE;Aguardando Retorno;Aguardando retorno cliente
4506335475;2024-12-18;;SENHOR DO BONFIM;PIERRE;Aguardando Retorno;Aguardando retorno cliente
4506353067;2024-12-18;2024-12-19;SENHOR DO BONFIM;PIERRE;Apto;Apto
4506355346;2024-12-18;2024-12-19;SENHOR DO BONFIM;PIERRE;Inapto;Deficiencia tecnica
4506358347;2024-12-18;2024-12-19;SENHOR DO BONFIM;PIERRE;Apto;Apto
4506359263;2024-12-18;2024-12-19;SENHOR DO BONFIM;PIERRE;Inapto;Deficiencia tecnica
4506361937;2024-12-19;;SENHOR DO BONFIM;PIERRE;Aguardando Retorno;Aguardando retorno cliente
4506361940;2024-12-19;2024-12-19;SENHOR DO BONFIM;PIERRE;Inapto;Deficiencia tecnica
4506361947;2024-12-19;;SENHOR DO BONFIM;PIERRE;Sem retorno;Sem retorno
4506363363;2024-12-19;;SENHOR DO BONFIM;PIERRE;Aguardando Retorno;Aguardando retorno cliente
4506363372;2024-12-19;;SENHOR DO BONFIM;PIERRE;Aguardando Retorno;Aguardando retorno cliente
4506363621;2024-12-19;2024-12-19;SENHOR DO BONFIM;PIERRE;Apto;Apto
4506363877;2024-12-19;2024-12-19;SENHOR DO BONFIM;PIERRE;Inapto;Cliente deseja KIT financiado
4506363885;2024-12-19;2024-12-19;SENHOR DO BONFIM;PIERRE;Inapto;Cadastro Incorreto
4506363899;2024-12-19;;SENHOR DO BONFIM;PIERRE;Aguardando Retorno;Aguardando retorno cliente
4506363918;2024-12-19;;SENHOR DO BONFIM;PIERRE;Aguardando Retorno;Aguardando retorno cliente
4506364828;2024-12-19;2024-12-19;SENHOR DO BONFIM;PIERRE;Apto;Apto
4506365346;2024-12-19;2024-12-19;SENHOR DO BONFIM;PIERRE;Inapto;Deficiencia tecnica
4506365817;2024-12-19;2024-12-19;SENHOR DO BONFIM;PIERRE;Inapto;Ja realizada
4506365827;2024-12-19;2024-12-19;SENHOR DO BONFIM;PIERRE;Aguardando Retorno;Aguardando retorno cliente
4506366798;2024-12-19;;SENHOR DO BONFIM;PIERRE;Aguardando Retorno;Aguardando retorno cliente
4506367397;2024-12-19;;SENHOR DO BONFIM;PIERRE;Aguardando Retorno;Aguardando retorno cliente
4506367789;2024-12-19;2024-12-19;SENHOR DO BONFIM;PIERRE;Inapto;Cadastro Incorreto
4506367792;2024-12-19;;SENHOR DO BONFIM;PIERRE;Aguardando Retorno;Aguardando retorno cliente
4506367801;2024-12-19;;SENHOR DO BONFIM;AMANDA;Aguardando Retorno;Aguardando retorno cliente
4506367814;2024-12-19;2024-12-19;SENHOR DO BONFIM;PIERRE;Apto;Apto
4506368896;2024-12-19;2024-12-19;SENHOR DO BONFIM;PIERRE;Apto;Apto
4506369285;2024-12-19;;SENHOR DO BONFIM;PIERRE;Aguardando Retorno;Aguardando retorno cliente
4506369313;2024-12-19;;SENHOR DO BONFIM;PIERRE;Aguardando Retorno;Aguardando retorno cliente
4506369692;2024-12-19;;SENHOR DO BONFIM;PIERRE;Aguardando Retorno;Aguardando retorno cliente
4506369696;2024-12-19;;SENHOR DO BONFIM;PIERRE;Aguardando Retorno;Aguardando retorno cliente
4506370665;2024-12-20;;SENHOR DO BONFIM;AMANDA;Sem contato;Sem contato
4506370689;2024-12-19;;SENHOR DO BONFIM;PIERRE;Inapto;Cadastro Incorreto
4506373716;2024-12-20;;SENHOR DO BONFIM;AMANDA;Aguardando Retorno;Aguardando retorno cliente
4506363787;2024-12-19;2024-12-19;SENHOR DO BONFIM;PIERRE;Inapto;Cadastro Incorreto
4506336441;2024-12-20;;SENHOR DO BONFIM;PIERRE;Aguardando Retorno;Aguardando retorno cliente
4506348841;2024-12-20;2024-12-20;SENHOR DO BONFIM;GUILHERME;Apto;
4506355773;2024-12-20;;SENHOR DO BONFIM;GUILHERME;Apto;Apto
4506370287;2024-12-20;2024-12-20;SENHOR DO BONFIM;GUILHERME;Apto;Apto
4506378034;2024-12-21;2024-12-21;SENHOR DO BONFIM;GUILHERME;Apto;
4506378537;2024-12-21;2024-12-21;SENHOR DO BONFIM;GUILHERME;Apto;
4506354463;2024-12-24;2024-12-24;SENHOR DO BONFIM;AMANDA;Apto;Apto
4506360703;2024-12-23;2024-12-23;SENHOR DO BONFIM;AMANDA;Apto;Apto
4506363207;2024-12-23;2024-12-23;SENHOR DO BONFIM;AMANDA;Apto;Apto
4506366922;2024-12-23;2024-12-23;SENHOR DO BONFIM;GUILHERME;Telefone não existe;Sem acesso
4506374727;2024-12-21;2024-12-21;SENHOR DO BONFIM;GUILHERME;Apto;Apto
4506377613;2024-12-21;2024-12-21;SENHOR DO BONFIM;GUILHERME;Apto;
4506379085;2024-12-21;;SENHOR DO BONFIM;GUILHERME;Inapto;Sem contato
4506365976;2024-12-21;2024-12-21;SENHOR DO BONFIM;GUILHERME;Apto;
4506365982;2024-12-21;2024-12-23;SENHOR DO BONFIM;GUILHERME;Apto;
4506367999;2024-12-21;2024-12-21;SENHOR DO BONFIM;GUILHERME;Apto;
4506370493;2024-12-21;;SENHOR DO BONFIM;GUILHERME;Inapto;
4506372345;2024-12-23;;SENHOR DO BONFIM;GUILHERME;Inapto;Cadastro Incorreto
4506373417;2024-12-23;;SENHOR DO BONFIM;GUILHERME;Aguardando Retorno;Sem acesso
4506373464;2024-12-23;2024-12-26;SENHOR DO BONFIM;GUILHERME;Apto;
4506374462;2024-12-25;2024-12-25;SENHOR DO BONFIM;GUILHERME;Apto;
4506378649;2024-12-23;2024-12-26;SENHOR DO BONFIM;GUILHERME;Apto;
4506380615;2024-12-23;2024-12-23;SENHOR DO BONFIM;GUILHERME;Apto;
4506381528;2024-12-23;2024-12-26;SENHOR DO BONFIM;GUILHERME;Apto;Apto
4506361940;2025-01-02;;SENHOR DO BONFIM;GUILHERME;;
4506385615;2025-01-02;2025-01-02;SENHOR DO BONFIM;GUILHERME;Inapto;Irregularidade do Padrao
4506386554;2025-01-02;2025-01-03;SENHOR DO BONFIM;GUILHERME;Apto;
4506387128;2025-01-02;2025-01-03;SENHOR DO BONFIM;GUILHERME;Inapto;Sem contato
4506370964;2025-01-02;2025-01-02;SENHOR DO BONFIM;GUILHERME;Apto;
4506381825;2025-01-02;2025-01-03;SENHOR DO BONFIM;GUILHERME;Apto;
4506382229;2025-01-03;;SENHOR DO BONFIM;GUILHERME;Apto;
4506386157;2025-01-02;2025-01-02;SENHOR DO BONFIM;GUILHERME;Apto;
4506366386;2025-01-03;2025-01-03;SENHOR DO BONFIM;JOVANIA;Apto;Apto
4506366395;2025-01-03;;SENHOR DO BONFIM;JOVANIA;Aguardando Retorno;Aguardando retorno cliente
4506369799;2025-01-03;;SENHOR DO BONFIM;JOVANIA;Aguardando Retorno;Aguardando retorno cliente
4506376725;2025-01-03;;SENHOR DO BONFIM;JOVANIA;Aguardando Retorno;Aguardando retorno cliente
4506379714;2025-01-03;;SENHOR DO BONFIM;JOVANIA;Aguardando Retorno;Aguardando retorno cliente
4506380890;2025-01-06;2025-01-06;SENHOR DO BONFIM;AMANDA;Apto;Apto
4506380908;2025-01-06;2025-01-06;SENHOR DO BONFIM;AMANDA;Inapto;Deficiencia tecnica
4506381348;2025-01-03;2025-01-03;SENHOR DO BONFIM;GUILHERME;Inapto;
4506381367;2025-01-03;2025-01-03;SENHOR DO BONFIM;GUILHERME;Apto;
4506382248;2025-01-06;2025-01-06;SENHOR DO BONFIM;AMANDA;Inapto;Deficiencia tecnica
4506383235;2025-01-06;2025-01-06;SENHOR DO BONFIM;AMANDA;Apto;Apto
4506384644;2025-01-06;2025-01-06;SENHOR DO BONFIM;AMANDA;Apto;Apto
4506386216;2024-01-03;2025-01-03;SENHOR DO BONFIM;GUILHERME;Apto;
4506387616;2024-12-27;;SENHOR DO BONFIM;GUILHERME;Inapto;
4506388623;2025-01-06;2025-01-06;SENHOR DO BONFIM;AMANDA;Inapto;Deficiencia tecnica
4506389563;2025-01-06;2025-01-06;SENHOR DO BONFIM;AMANDA;Apto;Apto
4506390027;2025-01-06;2025-01-06;SENHOR DO BONFIM;AMANDA;Apto;Apto
4506381060;2025-01-07;;SENHOR DO BONFIM;FRANKLYN ;Numero Bloqueado;Sem retorno
4506385723;2025-01-07;;SENHOR DO BONFIM;AMANDA;Aguardando Retorno;Aguardando retorno cliente
4506385725;2025-01-07;;SENHOR DO BONFIM;AMANDA;Aguardando Retorno;Aguardando retorno cliente
4506385728;2025-01-07;;SENHOR DO BONFIM;AMANDA;Aguardando Retorno;Aguardando retorno cliente
4506387276;2025-01-07;2025-01-07;SENHOR DO BONFIM;AMANDA;Inapto;Obra
4506392531;2025-01-07;;SENHOR DO BONFIM;AMANDA;Aguardando Retorno;Aguardando retorno cliente
4506091939;2025-01-07;;SENHOR DO BONFIM;AMANDA;Aguardando Retorno;Aguardando retorno cliente
4506379757;2025-01-07;;SENHOR DO BONFIM;AMANDA;Aguardando Retorno;Aguardando retorno cliente
4506380974;2025-01-07;2025-10-07;SENHOR DO BONFIM;GUILHERME;Inapto;Cadastro Incorreto
4506380975;2025-01-07;2025-01-07;SENHOR DO BONFIM;GUILHERME;Apto;
4506382974;2025-01-06;2025-01-06;SENHOR DO BONFIM;GUILHERME;Apto;Apto
4506383961;2025-01-08;2025-01-08;SENHOR DO BONFIM;AMANDA;Apto;Apto
4506386269;2025-01-08;2025-01-08;SENHOR DO BONFIM;AMANDA;Apto;Apto
4506386273;2025-01-08;2025-01-08;SENHOR DO BONFIM;AMANDA;Apto;Apto
4506386280;2025-01-07;2024-01-07;SENHOR DO BONFIM;GUILHERME;Inapto;Obra
4506387671;2025-01-06;2025-01-06;SENHOR DO BONFIM;GUILHERME;Apto;Apto
4506390095;2025-01-07;;SENHOR DO BONFIM;GUILHERME;Aguardando Retorno;
4506390624;2025-01-07;2025-01-07;SENHOR DO BONFIM;GUILHERME;Apto;
4506352317;2025-01-09;;SENHOR DO BONFIM;AMANDA;Aguardando Retorno;Aguardando retorno cliente
4506365982;2025-01-06;2025-01-06;SENHOR DO BONFIM;GUILHERME;Apto;Apto
4506373614;2025-01-09;2025-01-09;SENHOR DO BONFIM;AMANDA;Apto;Apto
4506377727;2025-01-09;2025-01-09;SENHOR DO BONFIM;AMANDA;Inapto;Deficiencia tecnica
4506380978;2025-01-07;;SENHOR DO BONFIM;GUILHERME;Aguardando Retorno;
4506381478;2025-01-09;2025-01-09;SENHOR DO BONFIM;AMANDA;Apto;Apto
4506381482;2025-01-07;2025-01-08;SENHOR DO BONFIM;GUILHERME;Apto;Apto
4506381487;2025-01-09;;SENHOR DO BONFIM;AMANDA;Aguardando Retorno;Aguardando retorno cliente
4506382332;2025-01-06;2025-01-06;SENHOR DO BONFIM;GUILHERME;Apto;Apto
4506382344;2025-01-06;;SENHOR DO BONFIM;GUILHERME;Apto;Apto
4506383155;2025-01-07;2025-01-07;SENHOR DO BONFIM;GUILHERME;Apto;Apto
4506384736;2025-01-07;2025-01-08;SENHOR DO BONFIM;GUILHERME;Apto;Apto
4506386324;2025-01-09;2025-01-09;SENHOR DO BONFIM;AMANDA;Inapto;Cadastro Incorreto
4506387323;2025-01-03;2025-01-03;SENHOR DO BONFIM;GUILHERME;Apto;
4506387696;2025-01-07;2025-01-08;SENHOR DO BONFIM;GUILHERME;Apto;Apto
4506387705;2025-01-08;;SENHOR DO BONFIM;GUILHERME;Aguardando Retorno;
4506379456;2025-01-06;2025-01-08;SENHOR DO BONFIM;GUILHERME;Apto;
4506383338;2025-01-10;2025-01-10;SENHOR DO BONFIM;AMANDA;Apto;Apto
4506384790;2025-01-08;;SENHOR DO BONFIM;GUILHERME;Apto;Apto
4506385841;2025-12-08;;SENHOR DO BONFIM;GUILHERME;Apto;Apto
4506386340;2025-01-09;;SENHOR DO BONFIM;GUILHERME;Apto;Apto
4506390143;2025-01-10;2025-01-10;SENHOR DO BONFIM;AMANDA;Apto;Apto
4506235531;2025-01-09;;SENHOR DO BONFIM;GUILHERME;Inapto;Irregularidade do Padrao
4506363084;2025-01-09;;SENHOR DO BONFIM;GUILHERME;Inapto;Irregularidade do Padrao
4506366557;2025-01-09;;SENHOR DO BONFIM;GUILHERME;Apto;Apto
4506382443;2025-01-06;2025-01-07;SENHOR DO BONFIM;GUILHERME;Apto;Apto
4506383383;2025-01-06;2025-01-06;SENHOR DO BONFIM;GUILHERME;Apto;Apto
4506383387;2025-01-10;;SENHOR DO BONFIM;JOVANIA;Aguardando Retorno;Aguardando retorno cliente
4506385391;2025-01-10;;SENHOR DO BONFIM;JOVANIA;Aguardando Retorno;Aguardando retorno cliente
4506385898;2025-01-10;;SENHOR DO BONFIM;JOVANIA;Aguardando Retorno;Aguardando retorno cliente
4506386411;2025-01-10;2025-01-10;SENHOR DO BONFIM;JOVANIA;Inapto;Irregularidade do Padrao
4506387404;2025-01-10;2025-01-11;SENHOR DO BONFIM;JOVANIA;Apto;Apto
4506387771;2025-01-10;2025-01-11;SENHOR DO BONFIM;JOVANIA;Apto;Apto
4506388311;2025-01-10;2025-01-13;SENHOR DO BONFIM;JOVANIA;Apto;Apto
4506389204;2025-01-10;;SENHOR DO BONFIM;JOVANIA;Aguardando Retorno;
4506389769;2025-01-13;2025-01-13;SENHOR DO BONFIM;AMANDA;Apto;Apto
4506390170;2025-01-10;2025-01-10;SENHOR DO BONFIM;GUILHERME;Inapto;
4506390737;2025-01-10;2025-01-10;SENHOR DO BONFIM;GUILHERME;Apto;Apto
4506392631;2025-01-10;2025-01-10;SENHOR DO BONFIM;GUILHERME;Apto;Apto
4506393127;2024-01-10;;SENHOR DO BONFIM;GUILHERME;Apto;
4506393609;2024-01-10;;SENHOR DO BONFIM;GUILHERME;Inapto;
4506394558;2025-01-09;2025-01-10;SENHOR DO BONFIM;GUILHERME;Apto;Apto
4506395046;2025-01-09;2025-01-10;SENHOR DO BONFIM;GUILHERME;Apto;Apto
4506395067;2025-01-10;;SENHOR DO BONFIM;GUILHERME;Apto;Apto
4506335250;2025-01-09;2025-01-10;SENHOR DO BONFIM;GUILHERME;Apto;Apto
4506379863;2025-01-11;;SENHOR DO BONFIM;ANDRESSA;Aguardando Retorno;Aguardando retorno cliente
4506394154;2025-01-11;2025-01-11;SENHOR DO BONFIM;ANDRESSA;Aguardando Retorno;
4506395131;2025-01-11;2025-01-13;SENHOR DO BONFIM;ANDRESSA;Aguardando Retorno;Aguardando retorno cliente
4506376365;2025-01-11;;SENHOR DO BONFIM;ANDRESSA;Aguardando Retorno;Aguardando retorno cliente
4506388420;2025-01-15;;SENHOR DO BONFIM;AMANDA;Aguardando Retorno;Aguardando retorno cliente
4506396650;2025-01-10;2025-01-10;SENHOR DO BONFIM;JOVANIA;Inapto;Irregularidade do Padrao
4506397565;2025-01-10;;SENHOR DO BONFIM;GUILHERME;Inapto;Obra
4506398574;2025-01-08;2025-01-10;SENHOR DO BONFIM;GUILHERME;Apto;Apto
4506389402;2025-01-16;;SENHOR DO BONFIM;JOVANIA;Aguardando Retorno;Aguardando retorno cliente
4506389938;2025-01-16;2025-01-16;SENHOR DO BONFIM;JOVANIA;Apto;Apto
4506389961;2025-01-16;;SENHOR DO BONFIM;JOVANIA;Apto;Apto
4506390288;2025-01-16;;SENHOR DO BONFIM;JOVANIA;Inapto;Ja realizada
4506390304;2025-01-16;;SENHOR DO BONFIM;JOVANIA;Aguardando Retorno;Aguardando retorno cliente
4506390470;2025-01-20;;SENHOR DO BONFIM;GUILHERME;Aguardando Retorno;Sem retorno
4506390915;2025-01-20;2025-01-20;SENHOR DO BONFIM;GUILHERME;Apto;Apto
4506390940;2025-01-20;;SENHOR DO BONFIM;GUILHERME;Aguardando Retorno;
4506390982;2025-01-20;2025-01-20;SENHOR DO BONFIM;GUILHERME;Apto;Apto
4506391445;2025-01-20;2025-01-20;SENHOR DO BONFIM;GUILHERME;Apto;
4506391463;2025-01-16;2025-01-16;SENHOR DO BONFIM;AMANDA;Apto;Apto
4506391883;2025-01-20;2025-01-20;SENHOR DO BONFIM;AMANDA;Apto;Apto
4506392396;2025-01-20;2025-01-20;SENHOR DO BONFIM;AMANDA;Apto;Apto
4506393249;2025-01-16;2025-01-16;SENHOR DO BONFIM;AMANDA;Apto;Apto
4506393278;2025-01-20;2025-01-20;SENHOR DO BONFIM;GUILHERME;Apto;
4506393805;2025-01-20;;SENHOR DO BONFIM;GUILHERME;Aguardando Retorno;
4506393849;2025-01-20;2025-01-20;SENHOR DO BONFIM;GUILHERME;Apto;Apto
4506394352;2025-01-20;2025-01-20;SENHOR DO BONFIM;GUILHERME;Inapto;Cadastro Incorreto
4506394371;2025-01-20;2025-01-20;SENHOR DO BONFIM;GUILHERME;Apto;
4506394817;2025-01-20;2025-01-20;SENHOR DO BONFIM;GUILHERME;Apto;Apto
4506395347;2025-01-20;;SENHOR DO BONFIM;GUILHERME;Aguardando Retorno;
4506398169;2025-01-15;2025-01-26;SENHOR DO BONFIM;GUILHERME;Inapto;Obra
4506399727;2025-01-21;;SENHOR DO BONFIM;JOVANIA;Aguardando Retorno;Aguardando retorno cliente
4506399777;2025-05-21;;SENHOR DO BONFIM;JOVANIA;Aguardando Retorno;Aguardando retorno cliente
4506400147;2025-01-21;;SENHOR DO BONFIM;JOVANIA;Aguardando Retorno;Aguardando retorno cliente
4506401150;2025-01-21;;SENHOR DO BONFIM;JOVANIA;Aguardando Retorno;Aguardando retorno cliente
4506402054;2025-01-21;;SENHOR DO BONFIM;AMANDA;Aguardando Retorno;Aguardando retorno cliente
4506396385;2025-01-23;2025-01-23;SENHOR DO BONFIM;AMANDA;Inapto;Deficiencia tecnica
4506396913;2025-01-23;2025-01-23;SENHOR DO BONFIM;AMANDA;Apto;Apto
4506401703;2025-01-23;2025-01-23;SENHOR DO BONFIM;AMANDA;Apto;Apto
4506403006;2025-01-21;;SENHOR DO BONFIM;AMANDA;Aguardando Retorno;Aguardando retorno cliente
4506403084;2025-01-21;;SENHOR DO BONFIM;AMANDA;Aguardando Retorno;Aguardando retorno cliente
4506403514;2025-01-20;2025-01-20;SENHOR DO BONFIM;AMANDA;Inapto;
4506403531;2025-01-21;2025-01-21;SENHOR DO BONFIM;AMANDA;Inapto;
4506403595;2025-01-21;;SENHOR DO BONFIM;AMANDA;Aguardando Retorno;Aguardando retorno cliente
4506404162;2025-01-21;;SENHOR DO BONFIM;AMANDA;Aguardando Retorno;Aguardando retorno cliente
4506404502;2025-01-20;2025-01-20;SENHOR DO BONFIM;AMANDA;Inapto;
4506404507;2025-01-16;2025-01-16;SENHOR DO BONFIM;AMANDA;Apto;Apto
4506405044;2025-01-21;2025-01-21;SENHOR DO BONFIM;JOVANIA;Apto;Apto
4506405522;2025-01-21;2025-01-21;SENHOR DO BONFIM;AMANDA;Apto;Apto
4506405590;2025-01-21;2025-01-21;SENHOR DO BONFIM;AMANDA;Inapto;
4506406530;2025-01-21;2025-01-21;SENHOR DO BONFIM;GUILHERME;Inapto;Irregularidade do Padrao
4506407044;2025-01-21;;SENHOR DO BONFIM;GUILHERME;Inapto;Cadastro Incorreto
4506384790;2025-01-23;2025-01-23;SENHOR DO BONFIM;GUILHERME;Apto;Apto
4506423078;2025-01-24;;SENHOR DO BONFIM;AMANDA;Aguardando Retorno;Aguardando retorno cliente
4506423511;2025-01-24;2025-01-24;SENHOR DO BONFIM;AMANDA;Apto;Apto
4506424545;2025-01-24;;SENHOR DO BONFIM;AMANDA;Aguardando Retorno;Aguardando retorno cliente
4506427031;2025-01-24;;SENHOR DO BONFIM;AMANDA;Aguardando Retorno;Aguardando retorno cliente
4506427549;2025-01-24;2025-01-24;SENHOR DO BONFIM;AMANDA;Apto;Apto
4506428034;2025-01-24;2025-01-24;SENHOR DO BONFIM;AMANDA;Apto;Apto
4506429031;2025-01-23;2025-01-23;SENHOR DO BONFIM;AMANDA;Apto;Apto
4506430000;2025-01-24;2025-01-24;SENHOR DO BONFIM;AMANDA;Apto;Apto
4506431014;2025-01-24;2025-01-24;SENHOR DO BONFIM;AMANDA;Apto;Apto
4506432028;2025-01-24;;SENHOR DO BONFIM;AMANDA;Aguardando Retorno;Aguardando retorno cliente
4506434055;2025-01-24;;SENHOR DO BONFIM;AMANDA;Aguardando Retorno;Aguardando retorno cliente
4506435037;2025-01-24;;SENHOR DO BONFIM;AMANDA;Aguardando Retorno;Aguardando retorno cliente
4506435525;2025-01-22;2025-01-22;SENHOR DO BONFIM;GUILHERME;Apto;Apto
4506435529;2025-01-27;2025-01-27;SENHOR DO BONFIM;AMANDA;Inapto;Deficiencia tecnica
4506436517;2025-01-24;2025-01-24;SENHOR DO BONFIM;AMANDA;Apto;Apto
4506366328;2025-01-24;;SENHOR DO BONFIM;GUILHERME;Aguardando Retorno;Aguardando retorno cliente
4506377724;2025-01-25;2025-01-25;SENHOR DO BONFIM;AMANDA;Apto;Apto
4506384317;2025-01-24;2025-01-24;SENHOR DO BONFIM;GUILHERME;Apto;
4506394817;2025-01-24;2025-01-24;SENHOR DO BONFIM;GUILHERME;Apto;Apto
4506438029;2025-01-27;2025-01-27;SENHOR DO BONFIM;AMANDA;Inapto;Deficiencia tecnica
4506445064;2025-01-24;;SENHOR DO BONFIM;GUILHERME;Apto;Apto
4506446022;2025-01-27;2025-01-27;SENHOR DO BONFIM;AMANDA;Inapto;Deficiencia tecnica
4506448008;2025-01-27;2025-01-27;SENHOR DO BONFIM;AMANDA;Apto;Apto
4506448520;2025-01-24;;SENHOR DO BONFIM;GUILHERME;Apto;Apto
4506449022;2025-01-24;2025-01-27;SENHOR DO BONFIM;GUILHERME;Inapto;Irregularidade do Padrao
4506449504;2025-01-24;;SENHOR DO BONFIM;GUILHERME;Aguardando Retorno;Aguardando retorno cliente
4506450003;2025-01-27;2025-01-27;SENHOR DO BONFIM;AMANDA;Inapto;Deficiencia tecnica
4506452034;2025-01-24;;SENHOR DO BONFIM;GUILHERME;Aguardando Retorno;Aguardando retorno cliente
4506407075;2025-01-21;2025-01-21;SENHOR DO BONFIM;GUILHERME;Apto;Apto
4506384848;2025-01-25;;SENHOR DO BONFIM;GUILHERME;Aguardando Retorno;Aguardando retorno cliente
4506385260;2025-01-27;2025-01-27;SENHOR DO BONFIM;AMANDA;Apto;Apto
4506403008;2025-01-27;2025-01-27;SENHOR DO BONFIM;AMANDA;Apto;Apto
4506444086;2025-01-28;2025-01-28;SENHOR DO BONFIM;AMANDA;Apto;Apto
4506447548;2025-01-27;;SENHOR DO BONFIM;AMANDA;Aguardando Retorno;Aguardando retorno cliente
4506449093;2025-01-27;2025-01-27;SENHOR DO BONFIM;AMANDA;Apto;Apto
4506449551;2025-01-24;2025-01-24;SENHOR DO BONFIM;AMANDA;Inapto;Deficiencia tecnica
4506452544;2025-01-25;2025-01-25;SENHOR DO BONFIM;AMANDA;Apto;Apto
4506384701;2025-01-29;;SENHOR DO BONFIM;JOVANIA;Aguardando Retorno;Aguardando retorno cliente
4506389259;2025-01-24;2025-01-24;SENHOR DO BONFIM;GUILHERME;Apto;Apto
4506395347;2025-01-21;2025-01-21;SENHOR DO BONFIM;GUILHERME;Apto;
4506398169;2025-01-25;;SENHOR DO BONFIM;GUILHERME;Inapto;Obra
4506438100;2025-01-25;;SENHOR DO BONFIM;GUILHERME;Inapto;Sem contato
4506440116;2025-01-25;2025-01-20;SENHOR DO BONFIM;GUILHERME;Inapto;Irregularidade do Padrao
4506440134;2025-01-27;2025-01-27;SENHOR DO BONFIM;AMANDA;Apto;Apto
4506442607;2025-01-25;2025-01-25;SENHOR DO BONFIM;GUILHERME;Apto;
4506443003;2025-01-27;2025-01-27;SENHOR DO BONFIM;GUILHERME;Apto;
4506443087;2025-01-20;;SENHOR DO BONFIM;GUILHERME;Apto;Apto
4506443098;2025-01-27;2025-01-27;SENHOR DO BONFIM;GUILHERME;Apto;
4506443101;2025-01-25;2025-01-25;SENHOR DO BONFIM;GUILHERME;Apto;Apto
4506444119;2025-01-27;2025-01-27;SENHOR DO BONFIM;GUILHERME;Apto;
4506444139;2025-01-27;2025-01-27;SENHOR DO BONFIM;GUILHERME;Apto;Apto
4506448100;2025-01-27;2025-01-27;SENHOR DO BONFIM;GUILHERME;Apto;Apto
4506449615;2025-01-28;;SENHOR DO BONFIM;GUILHERME;Inapto;Cadastro Incorreto
4506449665;2025-01-28;2025-01-28;SENHOR DO BONFIM;GUILHERME;Inapto;Obra
4506452577;2025-01-28;;SENHOR DO BONFIM;GUILHERME;Apto;Apto
4506452608;2025-01-29;2025-01-29;SENHOR DO BONFIM;AMANDA;Apto;Apto
4506361866;2025-01-29;;SENHOR DO BONFIM;JOVANIA;;
4506388311;2025-01-29;;SENHOR DO BONFIM;JOVANIA;Aguardando Retorno;Aguardando retorno cliente
4506389831;2025-01-28;;SENHOR DO BONFIM;GUILHERME;Aguardando Retorno;Aguardando retorno cliente
4506390742;2025-01-23;2025-01-24;SENHOR DO BONFIM;GUILHERME;Apto;Apto
4506397062;2025-01-29;2025-01-30;SENHOR DO BONFIM;JOVANIA;Inapto;Deficiencia tecnica
4506439215;2025-01-22;;SENHOR DO BONFIM;GUILHERME;Apto;Apto
4506439682;2025-01-28;;SENHOR DO BONFIM;GUILHERME;Aguardando Retorno;Aguardando retorno cliente
4506439683;2025-01-28;2025-01-29;SENHOR DO BONFIM;GUILHERME;Apto;Apto
4506442650;2025-01-29;2025-01-29;SENHOR DO BONFIM;JOVANIA;Inapto;CADASTRO INCOMPLETO
4506444583;2025-01-28;2025-01-28;SENHOR DO BONFIM;GUILHERME;Inapto;Irregularidade do Padrao
4506444584;2025-01-30;2025-01-30;SENHOR DO BONFIM;AMANDA;Apto;Apto
4506447610;2025-01-30;2025-01-30;SENHOR DO BONFIM;AMANDA;Apto;Apto
4506449165;2025-01-30;2025-01-30;SENHOR DO BONFIM;AMANDA;Apto;Apto
4506451181;2025-01-28;2025-01-28;SENHOR DO BONFIM;GUILHERME;Apto;Apto
4506452134;2025-01-28;2025-01-28;SENHOR DO BONFIM;GUILHERME;Apto;Apto
4506452147;2025-01-28;;SENHOR DO BONFIM;GUILHERME;Aguardando Retorno;Aguardando retorno cliente
4506454511;2025-01-28;2025-01-28;SENHOR DO BONFIM;GUILHERME;Apto;
4506311406;2025-01-29;;SENHOR DO BONFIM;GUILHERME;Aguardando Retorno;
4506400147;2025-02-01;;SENHOR DO BONFIM;JOVANIA;Apto;Apto
4506453706;2025-01-31;2025-01-31;SENHOR DO BONFIM;GUILHERME;Inapto;Obra
4506453739;2025-02-01;;SENHOR DO BONFIM;JOVANIA;Aguardando Retorno;Aguardando retorno cliente
4506453742;2025-01-31;;SENHOR DO BONFIM;GUILHERME;;
4506455613;2025-02-01;2025-02-03;SENHOR DO BONFIM;JOVANIA;Apto;Apto
4506456700;2025-02-01;;SENHOR DO BONFIM;JOVANIA;Aguardando Retorno;Aguardando retorno cliente
4506457600;2025-02-01;;SENHOR DO BONFIM;JOVANIA;Aguardando Retorno;Aguardando retorno cliente
4506458586;2025-02-01;;SENHOR DO BONFIM;JOVANIA;Aguardando Retorno;Aguardando retorno cliente
4506459091;2025-02-01;;SENHOR DO BONFIM;JOVANIA;Apto;Apto
4506460123;2025-02-01;;SENHOR DO BONFIM;JOVANIA;Aguardando Retorno;Aguardando retorno cliente
4506460589;2025-02-01;;SENHOR DO BONFIM;JOVANIA;Aguardando Retorno;Aguardando retorno cliente
4506385587;2025-02-04;2025-02-04;SENHOR DO BONFIM;AMANDA;Apto;Apto
4506403008;2025-02-04;2025-02-04;SENHOR DO BONFIM;AMANDA;Apto;Apto
4506454269;2025-02-04;2025-02-04;SENHOR DO BONFIM;AMANDA;Inapto;Ja realizada
4506457660;2025-02-04;2025-02-04;SENHOR DO BONFIM;AMANDA;Apto;Apto
4506458616;2025-02-04;;SENHOR DO BONFIM;JOVANIA;Apto;Apto
4506460193;2025-02-04;;SENHOR DO BONFIM;AMANDA;Aguardando Retorno;Aguardando retorno cliente
4506461607;2025-02-04;;SENHOR DO BONFIM;AMANDA;Aguardando Retorno;Aguardando retorno cliente
4506462601;2025-02-04;;SENHOR DO BONFIM;AMANDA;Aguardando Retorno;Aguardando retorno cliente
4506465632;2025-02-04;2025-02-04;SENHOR DO BONFIM;AMANDA;Apto;Apto
4506466095;2025-02-04;;SENHOR DO BONFIM;AMANDA;Aguardando Retorno;Aguardando retorno cliente
4506369642;2025-02-04;;SENHOR DO BONFIM;JOVANIA;Aguardando Retorno;Aguardando retorno cliente
4506387852;2025-02-04;2025-02-04;SENHOR DO BONFIM;AMANDA;Apto;Apto
4506454300;2025-01-04;;SENHOR DO BONFIM;GUILHERME;Inapto;Deficiencia tecnica
4506455233;2025-01-04;;SENHOR DO BONFIM;GUILHERME;Aguardando Retorno;Aguardando retorno cliente
4506455243;2025-01-04;2025-02-04;SENHOR DO BONFIM;GUILHERME;Inapto;Deficiencia tecnica
4506457280;2025-02-04;;SENHOR DO BONFIM;JOVANIA;Aguardando Retorno;Aguardando retorno cliente
4506460669;2025-01-04;2025-01-04;SENHOR DO BONFIM;GUILHERME;Inapto;Obra
4506463325;2025-01-04;2025-01-04;SENHOR DO BONFIM;GUILHERME;Apto;Apto
4506464171;2025-01-04;2025-01-04;SENHOR DO BONFIM;GUILHERME;Inapto;Obra
4506465228;2025-02-04;;SENHOR DO BONFIM;JOVANIA;Aguardando Retorno;Aguardando retorno cliente
4506465677;2025-01-04;2025-01-05;SENHOR DO BONFIM;GUILHERME;Apto;Apto
4506466137;2025-01-04;;SENHOR DO BONFIM;GUILHERME;Inapto;Deficiencia tecnica
4505692866;2025-02-04;;SENHOR DO BONFIM;JOVANIA;Aguardando Retorno;Aguardando retorno cliente
4506444541;2025-02-05;2025-02-05;SENHOR DO BONFIM;GUILHERME;Apto;Apto
4506453900;2025-02-05;;SENHOR DO BONFIM;GUILHERME;Aguardando Retorno;Aguardando retorno cliente
4506454358;2025-01-05;;SENHOR DO BONFIM;GUILHERME;Apto;Apto
4506454848;2025-02-04;2025-02-05;SENHOR DO BONFIM;GUILHERME;Apto;Apto
4506455280;2025-01-04;2025-01-05;SENHOR DO BONFIM;GUILHERME;Apto;Apto
4506455709;2025-02-05;2025-02-06;SENHOR DO BONFIM;GUILHERME;Apto;Apto
4506455719;2025-02-05;2025-02-06;SENHOR DO BONFIM;GUILHERME;Apto;Apto
4506457321;2025-02-05;;SENHOR DO BONFIM;JOVANIA;Aguardando Retorno;Aguardando retorno cliente
4506460243;2025-02-04;2025-02-04;SENHOR DO BONFIM;GUILHERME;Apto;Apto
4506461188;2025-02-04;2025-02-04;SENHOR DO BONFIM;GUILHERME;Apto;Apto
4506462679;2025-02-05;;SENHOR DO BONFIM;JOVANIA;Aguardando Retorno;Aguardando retorno cliente
4506463340;2025-02-05;2025-02-05;SENHOR DO BONFIM;JOVANIA;Inapto;Deficiencia tecnica
4506464690;2025-02-05;;SENHOR DO BONFIM;JOVANIA;Aguardando Retorno;Aguardando retorno cliente
4506453934;2025-02-05;2025-02-05;SENHOR DO BONFIM;JOVANIA;Apto;Apto
4506453937;2025-02-05;2025-02-05;SENHOR DO BONFIM;GUILHERME;Inapto;Deficiencia tecnica
4506455737;2025-02-05;2025-02-05;SENHOR DO BONFIM;GUILHERME;Apto;Apto
4506457381;2025-02-05;2025-02-05;SENHOR DO BONFIM;GUILHERME;Apto;Apto
4506458317;2025-02-05;2025-02-06;SENHOR DO BONFIM;GUILHERME;Apto;Apto
4506459203;2025-02-05;2025-02-06;SENHOR DO BONFIM;GUILHERME;Apto;Apto
4506459794;2025-02-05;2025-02-06;SENHOR DO BONFIM;GUILHERME;Apto;Apto
4506461201;2025-02-05;;SENHOR DO BONFIM;GUILHERME;Sem retorno;Sem contato
4506465327;2025-02-06;2025-02-06;SENHOR DO BONFIM;GUILHERME;Apto;Apto
4506465857;2025-02-06;2025-02-06;SENHOR DO BONFIM;GUILHERME;Inapto;Deficiencia tecnica
4506463991;2025-02-11;2025-02-11;SENHOR DO BONFIM;AMANDA;Apto;Apto
4506465410;2025-02-11;2025-02-11;SENHOR DO BONFIM;AMANDA;Apto;Apto
4506466329;2025-02-11;2025-02-11;SENHOR DO BONFIM;AMANDA;Apto;Apto
4506466339;2025-02-11;2025-02-11;SENHOR DO BONFIM;AMANDA;Apto;Apto
4506468385;2025-02-11;2025-02-11;SENHOR DO BONFIM;AMANDA;Apto;Apto
4506469113;2025-02-11;2025-02-11;SENHOR DO BONFIM;AMANDA;Apto;Apto
4506471037;2025-02-11;2025-02-11;SENHOR DO BONFIM;JOVANIA;Inapto;Irregularidade do Padrao
4506471617;2025-02-11;2025-02-11;SENHOR DO BONFIM;AMANDA;Apto;Apto
4506474513;2025-02-11;2025-02-11;SENHOR DO BONFIM;GUILHERME;Apto;Apto
4506455644;2025-02-12;;SENHOR DO BONFIM;JOVANIA;Aguardando Retorno;Aguardando retorno cliente
4506455907;2025-02-12;;SENHOR DO BONFIM;JOVANIA;Aguardando Retorno;Aguardando retorno cliente
4506464471;2025-02-11;;SENHOR DO BONFIM;AMANDA;Aguardando Retorno;Aguardando retorno cliente
4506466446;2025-02-12;2025-02-12;SENHOR DO BONFIM;JOVANIA;Apto;Apto
4506468666;2025-02-11;;SENHOR DO BONFIM;AMANDA;Aguardando Retorno;Aguardando retorno cliente
4506468670;2025-02-11;2025-02-11;SENHOR DO BONFIM;AMANDA;Apto;Apto
4506471763;2025-02-11;;SENHOR DO BONFIM;GUILHERME;Aguardando Retorno;Aguardando retorno cliente
4506472635;2025-02-12;;SENHOR DO BONFIM;JOVANIA;Aguardando Retorno;Aguardando retorno cliente
4506472646;2025-02-11;2025-02-11;SENHOR DO BONFIM;AMANDA;Apto;Apto
4506475598;2025-02-12;;SENHOR DO BONFIM;JOVANIA;Aguardando Retorno;Aguardando retorno cliente
4506476026;2025-02-11;2024-02-11;SENHOR DO BONFIM;LUIZ;Apto;
4506477012;2025-02-11;2025-02-11;SENHOR DO BONFIM;AMANDA;Inapto;Obra
4506447548;2025-02-13;2025-02-13;SENHOR DO BONFIM;AMANDA;Apto;Apto
4506455968;2025-02-11;2025-02-11;SENHOR DO BONFIM;LUIZ;Apto;
4506457741;2025-02-11;2025-02-11;SENHOR DO BONFIM;AMANDA;Apto;Apto
4506459369;2025-02-11;2025-02-11;SENHOR DO BONFIM;LUIZ;Apto;
4506459376;2025-02-11;;SENHOR DO BONFIM;AMANDA;Aguardando Retorno;Aguardando retorno cliente
4506461481;2025-02-11;;SENHOR DO BONFIM;LUIZ;Sem contato;
4506464999;2025-02-11;;SENHOR DO BONFIM;LUIZ;Sem contato;
4506470744;2025-02-11;2025-02-11;SENHOR DO BONFIM;AMANDA;Apto;Apto
4506474170;2025-02-11;;SENHOR DO BONFIM;LUIZ;Sem contato;
4506475202;2025-02-11;;SENHOR DO BONFIM;LUIZ;Sem contato;
4506475234;2025-02-13;;SENHOR DO BONFIM;AMANDA;Aguardando Retorno;Aguardando retorno cliente
4506476615;2025-02-11;;SENHOR DO BONFIM;LUIZ;Sem contato;
4506476663;2025-02-13;;SENHOR DO BONFIM;AMANDA;Aguardando Retorno;Aguardando retorno cliente
4506478559;2025-02-11;;SENHOR DO BONFIM;FRANKLYN ;Apto;Apto
4506481004;2025-02-13;;SENHOR DO BONFIM;AMANDA;Aguardando Retorno;Aguardando retorno cliente
4506459403;2025-02-11;;SENHOR DO BONFIM;FRANKLYN ;Apto;Apto
4506461491;2025-02-11;;SENHOR DO BONFIM;FRANKLYN ;Aguardando Retorno;Aguardando retorno cliente
4506468838;2025-02-11;;SENHOR DO BONFIM;FRANKLYN ;Apto;Apto
4506469782;2025-02-13;;SENHOR DO BONFIM;AMANDA;Aguardando Retorno;Aguardando retorno cliente
4506472749;2025-02-11;;SENHOR DO BONFIM;LUIZ;Sem contato;
4506474222;2025-02-11;;SENHOR DO BONFIM;LUIZ;Sem contato;
4506475250;2025-02-11;;SENHOR DO BONFIM;LUIZ;Sem contato;
4506480059;2025-02-13;;SENHOR DO BONFIM;AMANDA;Aguardando Retorno;Aguardando retorno cliente
4506481010;2025-02-11;;SENHOR DO BONFIM;LUIZ;Sem contato;
4506481016;2025-02-11;2025-02-11;SENHOR DO BONFIM;GUILHERME;Apto;
4506482062;2024-02-11;;SENHOR DO BONFIM;LUIZ;Aguardando Retorno;
4506482511;2025-02-11;2025-02-11;SENHOR DO BONFIM;GUILHERME;Apto;Apto
4506477249;2025-02-13;;SENHOR DO BONFIM;GUILHERME;Aguardando Retorno;Aguardando retorno cliente
4506477265;2025-02-12;2025-02-13;SENHOR DO BONFIM;GUILHERME;Apto;
4506477723;2025-02-12;2025-02-12;SENHOR DO BONFIM;GUILHERME;Aguardando Retorno;Aguardando retorno cliente
4506478650;2025-02-12;2025-02-12;SENHOR DO BONFIM;GUILHERME;Inapto;Obra
4506480239;2025-02-12;2025-02-12;SENHOR DO BONFIM;GUILHERME;Aguardando Retorno;Aguardando retorno cliente
4506476804;2025-02-19;2025-02-19;SENHOR DO BONFIM;AMANDA;Apto;Apto
4506484593;2025-02-20;2025-02-20;SENHOR DO BONFIM;AMANDA;Apto;Apto
4506488540;2025-02-19;2025-02-19;SENHOR DO BONFIM;AMANDA;Apto;Apto
4506476418;2025-02-20;2025-02-20;SENHOR DO BONFIM;GUILHERME;Apto;Apto
4506487603;2025-02-19;2025-02-19;SENHOR DO BONFIM;GUILHERME;Apto;Apto
4506479034;2025-02-11;2025-02-11;SENHOR DO BONFIM;GUILHERME;Inapto;Cadastro Incorreto
4506474854;2025-02-19;2025-02-19;SENHOR DO BONFIM;AMANDA;Apto;Apto
4506476946;2025-02-20;2025-02-20;SENHOR DO BONFIM;AMANDA;Apto;Apto
4506477417;2025-02-24;2025-02-24;SENHOR DO BONFIM;AMANDA;Apto;Apto
4506480463;2025-02-21;2025-02-21;SENHOR DO BONFIM;AMANDA;Inapto;Deficiencia tecnica
4506480469;2025-02-24;;SENHOR DO BONFIM;AMANDA;Aguardando Retorno;Aguardando retorno cliente
4506480699;2025-02-24;2025-02-24;SENHOR DO BONFIM;AMANDA;Apto;Apto
4506481251;2025-01-20;2025-01-20;SENHOR DO BONFIM;GUILHERME;Inapto;Cadastro Incorreto
4506481728;2025-02-24;2025-02-24;SENHOR DO BONFIM;AMANDA;Apto;Apto
4506482763;2025-02-20;2025-02-20;SENHOR DO BONFIM;AMANDA;Apto;Apto
4506487666;2025-02-22;2025-02-22;SENHOR DO BONFIM;AMANDA;Apto;Apto
4506487675;2025-02-24;;SENHOR DO BONFIM;AMANDA;Aguardando Retorno;Aguardando retorno cliente
4506487715;2025-02-21;2025-02-21;SENHOR DO BONFIM;AMANDA;Apto;Apto
4506489107;2025-02-19;2025-02-19;SENHOR DO BONFIM;AMANDA;Apto;Apto
4506492532;2025-02-24;2025-02-24;SENHOR DO BONFIM;ANDRESSA;Inapto;Obra
4506492533;2025-02-24;2025-02-24;SENHOR DO BONFIM;AMANDA;Apto;Apto
4506478790;2025-02-25;2025-02-25;SENHOR DO BONFIM;AMANDA;Inapto;Obra
4506481770;2025-02-24;2025-02-24;SENHOR DO BONFIM;AMANDA;Apto;Apto
4506482789;2025-02-21;;SENHOR DO BONFIM;GUILHERME;Inapto;Cadastro Incorreto
4506483739;2025-02-25;;SENHOR DO BONFIM;AMANDA;Aguardando Retorno;Aguardando retorno cliente
4506487343;2025-02-25;;SENHOR DO BONFIM;AMANDA;Aguardando Retorno;Aguardando retorno cliente
4506480808;2025-02-25;;SENHOR DO BONFIM;AMANDA;Aguardando Retorno;Aguardando retorno cliente
4506483782;2025-02-24;2025-02-24;SENHOR DO BONFIM;GUILHERME;Inapto;Cadastro Incorreto
4506484911;2025-02-20;2025-02-20;SENHOR DO BONFIM;GUILHERME;Apto;Apto
4506489189;2025-02-20;2025-02-20;SENHOR DO BONFIM;GUILHERME;Apto;Apto
4506490631;2025-02-20;2025-02-20;SENHOR DO BONFIM;GUILHERME;Apto;
4506492599;2025-02-26;;SENHOR DO BONFIM;AMANDA;Aguardando Retorno;Aguardando retorno cliente
4506493084;2025-02-25;2025-02-26;SENHOR DO BONFIM;GUILHERME;Apto;Apto
4506494026;2025-02-25;2025-02-26;SENHOR DO BONFIM;GUILHERME;Inapto;Cadastro Incorreto
4506494048;2025-02-20;2025-02-20;SENHOR DO BONFIM;GUILHERME;Apto;Apto
4506202809;2024-12-16;;SENHOR DO BONFIM;PIERRE;Inapto;Provisoria
4506269109;2024-09-13;2024-09-13;SENHOR DO BONFIM;AMANDA;Apto;Apto
4506296538;2024-12-16;2024-12-16;SENHOR DO BONFIM;PIERRE;Apto;Apto
4506466027;2025-02-27;2025-02-27;SENHOR DO BONFIM;GUILHERME;Apto;Apto
4506480011;2025-02-27;2025-02-27;SENHOR DO BONFIM;GUILHERME;Inapto;Obra
4506481931;2025-02-27;2025-03-27;SENHOR DO BONFIM;GUILHERME;Inapto;Obra
4506482962;2025-02-27;2025-02-27;SENHOR DO BONFIM;GUILHERME;Apto;
4506484497;2025-02-27;2025-02-27;SENHOR DO BONFIM;GUILHERME;Apto;
4506489309;2025-02-27;2025-02-27;SENHOR DO BONFIM;GUILHERME;Inapto;Cadastro Incorreto
4506496530;2025-02-27;;SENHOR DO BONFIM;GUILHERME;Aguardando Retorno;Aguardando retorno cliente
4506490428;2025-02-28;;SENHOR DO BONFIM;GUILHERME;Inapto;Irregularidade do Padrao
4506490954;2025-03-06;2025-03-06;SENHOR DO BONFIM;AMANDA;Apto;Apto
4506494813;2025-03-06;2025-03-06;SENHOR DO BONFIM;AMANDA;Apto;Apto
4506499548;2025-03-06;2025-03-06;SENHOR DO BONFIM;AMANDA;Apto;Apto
4506501023;2025-03-06;2025-03-06;SENHOR DO BONFIM;AMANDA;Apto;Apto
4506502515;2025-03-06;2025-03-06;SENHOR DO BONFIM;AMANDA;Apto;Apto
4506497141;2025-02-28;;SENHOR DO BONFIM;GUILHERME;Inapto;Irregularidade do Padrao
4506497678;2025-02-28;;SENHOR DO BONFIM;GUILHERME;Inapto;Irregularidade do Padrao
4506501537;2025-02-28;;SENHOR DO BONFIM;GUILHERME;Apto;
4506501547;2025-03-05;;SENHOR DO BONFIM;GUILHERME;Aguardando Retorno;
4506502113;2025-03-28;2025-03-28;SENHOR DO BONFIM;GUILHERME;Apto;Apto
4506502122;2025-05-28;2025-03-28;SENHOR DO BONFIM;GUILHERME;Inapto;Cadastro Incorreto
4506503602;2025-02-28;2025-03-28;SENHOR DO BONFIM;GUILHERME;Apto;
4506502186;2025-03-06;;SENHOR DO BONFIM;GUILHERME;Aguardando Retorno;Aguardando retorno cliente
4506502202;2025-03-06;2025-03-06;SENHOR DO BONFIM;GUILHERME;Apto;Apto
4506506026;2025-03-05;;SENHOR DO BONFIM;GUILHERME;Apto;Apto
4506474197;2025-03-17;2025-03-17;SENHOR DO BONFIM;GUILHERME;Apto;Apto
4506475607;1998-03-17;;SENHOR DO BONFIM;GUILHERME;Aguardando Retorno;Aguardando retorno cliente
4506511617;2025-03-17;2025-03-17;SENHOR DO BONFIM;GUILHERME;Apto;Apto
4506512560;2025-03-17;2025-03-17;SENHOR DO BONFIM;GUILHERME;Apto;Apto
4506512593;2025-03-17;;SENHOR DO BONFIM;GUILHERME;Aguardando Retorno;Aguardando retorno cliente
4506516607;2025-03-17;;SENHOR DO BONFIM;GUILHERME;Aguardando Retorno;Aguardando retorno cliente
4506516633;2025-03-17;;SENHOR DO BONFIM;GUILHERME;Telefone não existe;Sem retorno
4506512643;2025-03-17;2025-03-17;SENHOR DO BONFIM;GUILHERME;Apto;Apto
4506467956;2025-03-17;2025-03-17;SENHOR DO BONFIM;GUILHERME;Apto;Apto
4506515291;2025-03-19;2025-03-19;SENHOR DO BONFIM;GUILHERME;Inapto;Cadastro Incorreto
4506515713;2025-03-19;;SENHOR DO BONFIM;GUILHERME;Aguardando Retorno;Aguardando retorno cliente
4506516702;2025-03-17;2025-03-17;SENHOR DO BONFIM;GUILHERME;Inapto;Cadastro Incorreto
4506517144;2025-03-19;2025-03-20;SENHOR DO BONFIM;GUILHERME;Apto;Apto
4506517721;2025-03-19;;SENHOR DO BONFIM;GUILHERME;Aguardando Retorno;Aguardando retorno cliente
4506519298;2025-03-21;2025-03-21;SENHOR DO BONFIM;GUILHERME;Apto;Apto
4506524730;2025-03-20;2025-03-21;SENHOR DO BONFIM;GUILHERME;Apto;Apto
4506512361;2025-03-21;2025-03-21;SENHOR DO BONFIM;GUILHERME;Apto;Apto
4506513778;2025-03-20;2025-03-21;SENHOR DO BONFIM;GUILHERME;Apto;Apto
4506515792;2025-03-20;;SENHOR DO BONFIM;GUILHERME;Aguardando Retorno;Aguardando retorno cliente
4506517798;2025-03-20;1998-03-21;SENHOR DO BONFIM;GUILHERME;Apto;Apto
4506521281;2025-03-19;2025-03-19;SENHOR DO BONFIM;GUILHERME;Apto;Apto
4506522857;2025-03-21;2025-03-21;SENHOR DO BONFIM;GUILHERME;Apto;Apto
4506524253;2025-03-21;;SENHOR DO BONFIM;GUILHERME;Aguardando Retorno;Aguardando retorno cliente
4506525213;2025-03-21;;SENHOR DO BONFIM;GUILHERME;;
4506521397;2025-03-27;2025-03-27;SENHOR DO BONFIM;GUILHERME;Inapto;Obra
4506528594;2025-03-27;2025-03-27;SENHOR DO BONFIM;GUILHERME;Apto;Apto
4506529657;2025-03-27;;SENHOR DO BONFIM;GUILHERME;Aguardando Retorno;Aguardando retorno cliente
4506533548;2025-03-27;2025-03-27;SENHOR DO BONFIM;GUILHERME;Apto;Apto
4506526676;2025-03-27;;SENHOR DO BONFIM;GUILHERME;Aguardando Retorno;Aguardando retorno cliente
4506529211;2025-03-25;2025-03-27;SENHOR DO BONFIM;GUILHERME;Apto;Apto
4506533081;2025-03-27;2025-03-27;SENHOR DO BONFIM;GUILHERME;Apto;Aguardando retorno cliente
4506521981;2025-03-27;2025-03-27;SENHOR DO BONFIM;GUILHERME;Apto;
4506521999;2025-03-27;;SENHOR DO BONFIM;GUILHERME;Aguardando Retorno;Aguardando retorno cliente
4506526475;2025-03-28;;SENHOR DO BONFIM;GUILHERME;Aguardando Retorno;Aguardando retorno cliente
4506537025;2025-03-27;;SENHOR DO BONFIM;GUILHERME;Aguardando Retorno;Aguardando retorno cliente
4506529308;2025-03-27;;SENHOR DO BONFIM;GUILHERME;;
4506533143;2025-03-28;;SENHOR DO BONFIM;GUILHERME;Aguardando Retorno;Aguardando retorno cliente
4506533815;2025-03-28;;SENHOR DO BONFIM;GUILHERME;Aguardando Retorno;Aguardando retorno cliente
4506534617;2025-03-28;;SENHOR DO BONFIM;GUILHERME;Aguardando Retorno;Aguardando retorno cliente
4506537538;2025-03-28;;SENHOR DO BONFIM;GUILHERME;Aguardando Retorno;Aguardando retorno cliente
4506538540;2025-03-28;;SENHOR DO BONFIM;GUILHERME;Aguardando Retorno;
4506539029;2025-03-28;;SENHOR DO BONFIM;GUILHERME;Aguardando Retorno;Aguardando retorno cliente
4506500095;2025-04-03;;SENHOR DO BONFIM;GUILHERME;Aguardando Retorno;Aguardando retorno cliente
4506490429;2025-04-04;;SENHOR DO BONFIM;ANDREYA;;Aguardando retorno cliente
4506526893;2025-04-04;;SENHOR DO BONFIM;ANDREYA;;Aguardando retorno cliente
4506526902;2025-04-04;;SENHOR DO BONFIM;ANDREYA;;Aguardando retorno cliente
4506526909;2025-04-04;;SENHOR DO BONFIM;ANDREYA;;Aguardando retorno cliente
4506527468;2025-04-04;;SENHOR DO BONFIM;ANDREYA;;Aguardando retorno cliente
4506528935;2025-04-04;;SENHOR DO BONFIM;ANDREYA;;Aguardando retorno cliente
4506530428;2025-04-04;2025-04-04;SENHOR DO BONFIM;ANDREYA;;Apto
4506532943;2025-04-04;;SENHOR DO BONFIM;ANDREYA;;Aguardando retorno cliente
4506534780;2025-04-04;;SENHOR DO BONFIM;ANDREYA;;Aguardando retorno cliente
4506534789;2025-04-04;;SENHOR DO BONFIM;ANDREYA;;Aguardando retorno cliente
4506537174;2025-04-04;2025-04-04;SENHOR DO BONFIM;ANDREYA;;Apto
4506537655;2025-04-04;;SENHOR DO BONFIM;ANDREYA;;Apto
4506538676;2025-04-04;;SENHOR DO BONFIM;ANDREYA;;Aguardando retorno cliente
4506539177;2025-04-04;2025-04-04;SENHOR DO BONFIM;ANDREYA;;Apto
4506542575;2025-04-04;;SENHOR DO BONFIM;ANDREYA;;Aguardando retorno cliente
4506542617;2025-04-04;;SENHOR DO BONFIM;ANDREYA;;Aguardando retorno cliente
4506542620;2025-04-04;;SENHOR DO BONFIM;ANDREYA;;Aguardando retorno cliente
4506543610;2025-04-04;;SENHOR DO BONFIM;ANDREYA;;Aguardando retorno cliente
4506543625;2025-04-04;;SENHOR DO BONFIM;ANDREYA;;Aguardando retorno cliente
4506545178;2025-04-04;;SENHOR DO BONFIM;ANDREYA;;Aguardando retorno cliente
4506546037;2025-04-04;;SENHOR DO BONFIM;ANDREYA;;Aguardando retorno cliente
4506500517;2025-04-04;;SENHOR DO BONFIM;ANDREYA;;Aguardando retorno cliente
4506507154;2025-04-04;;SENHOR DO BONFIM;ANDREYA;;Aguardando retorno cliente
4506522629;2025-04-04;;SENHOR DO BONFIM;ANDREYA;;Aguardando retorno cliente
4506523482;2025-04-04;;SENHOR DO BONFIM;ANDREYA;;Aguardando retorno cliente
4506526922;2025-04-04;;SENHOR DO BONFIM;ANDREYA;;Aguardando retorno cliente
4506528975;2025-04-07;;SENHOR DO BONFIM;ANDREYA;;Aguardando retorno cliente
4506530476;2025-04-07;;SENHOR DO BONFIM;ANDREYA;;Aguardando retorno cliente
4506530489;2025-04-07;;SENHOR DO BONFIM;ANDREYA;;Aguardando retorno cliente
4506531719;2025-04-07;;SENHOR DO BONFIM;ANDREYA;;Aguardando retorno cliente
4506536299;2025-04-07;;SENHOR DO BONFIM;ANDREYA;;Aguardando retorno cliente
4506537196;2025-04-07;;SENHOR DO BONFIM;ANDREYA;;Aguardando retorno cliente
4506537709;2025-04-07;;SENHOR DO BONFIM;ANDREYA;;Aguardando retorno cliente
4506538209;2025-04-07;;SENHOR DO BONFIM;ANDREYA;;Aguardando retorno cliente
4506526676;2025-04-09;;SENHOR DO BONFIM;ANDREYA;;Aguardando retorno cliente
4506533402;2025-04-09;;SENHOR DO BONFIM;ANDREYA;;Ja realizada
4506534931;2025-04-09;;SENHOR DO BONFIM;ANDREYA;;Irregularidade do Padrao
4506534953;2025-04-09;;SENHOR DO BONFIM;ANDREYA;;Aguardando retorno cliente
4506536897;2025-04-09;;SENHOR DO BONFIM;ANDREYA;;Aguardando retorno cliente
4506537725;2026-04-09;;SENHOR DO BONFIM;ANDREYA;;Irregularidade do Padrao
4506538733;2025-04-09;;SENHOR DO BONFIM;ANDREYA;;Aguardando retorno cliente
4506545296;2025-04-09;;SENHOR DO BONFIM;ANDREYA;;Aguardando retorno cliente
4506546148;2025-04-09;;SENHOR DO BONFIM;ANDREYA;;Obra
4506546173;2025-04-09;;SENHOR DO BONFIM;ANDREYA;;Aguardando retorno cliente
4506546605;2025-04-09;;SENHOR DO BONFIM;ANDREYA;;Irregularidade do Padrao
4506534982;2025-04-10;;SENHOR DO BONFIM;ANDREYA;Aguardando Retorno;Aguardando retorno cliente
4506549148;2025-04-09;2025-04-09;SENHOR DO BONFIM;GUILHERME;Apto;Apto
4506551610;2025-04-09;;SENHOR DO BONFIM;GUILHERME;Aguardando Retorno;Aguardando retorno cliente
4506526097;2025-04-09;2025-04-10;SENHOR DO BONFIM;GUILHERME;Inapto;Cliente deseja KIT financiado
4506518191;2025-04-10;;SENHOR DO BONFIM;ANDREYA;Aguardando Retorno;Aguardando retorno cliente
4506518524;2025-04-10;;SENHOR DO BONFIM;ANDREYA;Aguardando Retorno;Aguardando retorno cliente
4506520246;2025-04-10;2025-04-10;SENHOR DO BONFIM;ANDREYA;Aguardando Retorno;Aguardando retorno cliente
4506526097;2025-04-10;;SENHOR DO BONFIM;ANDREYA;Aguardando Retorno;Aguardando retorno cliente
4506527005;2025-04-10;;SENHOR DO BONFIM;ANDREYA;Aguardando Retorno;Aguardando retorno cliente
4506544881;2025-04-10;;SENHOR DO BONFIM;GUILHERME;Aguardando Retorno;
4506496227;2025-04-09;2025-04-09;SENHOR DO BONFIM;GUILHERME;Apto;Apto
4506531903;2025-04-11;;SENHOR DO BONFIM;ANDREYA;Aguardando Retorno;Aguardando retorno cliente
4506533699;2025-04-10;2025-04-10;SENHOR DO BONFIM;GUILHERME;Apto;Apto
4506536407;2025-04-11;;SENHOR DO BONFIM;ANDREYA;Aguardando Retorno;Aguardando retorno cliente
4506537324;2025-04-11;;SENHOR DO BONFIM;ANDREYA;Aguardando Retorno;Aguardando retorno cliente
4506537329;2025-04-10;2025-04-10;SENHOR DO BONFIM;GUILHERME;Apto;Apto
4506542786;2025-04-10;2025-04-10;SENHOR DO BONFIM;GUILHERME;Apto;Apto
4506544261;2025-04-11;;SENHOR DO BONFIM;ANDREYA;Aguardando Retorno;Aguardando retorno cliente
4506544954;2025-04-10;2025-04-11;SENHOR DO BONFIM;GUILHERME;Apto;Apto
4506547423;2025-04-10;2025-04-10;SENHOR DO BONFIM;GUILHERME;Apto;Apto
4506547756;2025-04-10;2025-04-10;SENHOR DO BONFIM;GUILHERME;Apto;Apto
4506550790;2025-04-11;2025-04-11;SENHOR DO BONFIM;ANDREYA;Apto;Apto
4506538916;2025-04-10;2025-04-10;SENHOR DO BONFIM;GUILHERME;Inapto;CADASTRO INCOMPLETO
4506539452;2025-04-11;;SENHOR DO BONFIM;ANDREYA;Aguardando Retorno;Aguardando retorno cliente
4506542858;2025-04-11;;SENHOR DO BONFIM;ANDREYA;Aguardando Retorno;Aguardando retorno cliente
4506543459;2025-04-11;;SENHOR DO BONFIM;ANDREYA;Aguardando Retorno;Aguardando retorno cliente
4506543974;2025-04-11;;SENHOR DO BONFIM;ANDREYA;Aguardando Retorno;Aguardando retorno cliente
4506537393;2025-04-15;;SENHOR DO BONFIM;ANDREYA;Aguardando Retorno;Aguardando retorno cliente
4506538941;2025-04-15;;SENHOR DO BONFIM;ANDREYA;Aguardando Retorno;Aguardando retorno cliente
4506539477;2025-04-15;;SENHOR DO BONFIM;GUILHERME;Aguardando Retorno;Aguardando retorno cliente
4506545666;2025-04-15;2025-04-15;SENHOR DO BONFIM;GUILHERME;Inapto;Obra
4506526902;2025-04-24;2025-04-24;SENHOR DO BONFIM;GUILHERME;Inapto;Irregularidade do Padrao
4506529847;2025-04-24;2025-04-25;SENHOR DO BONFIM;GUILHERME;Apto;
4506548712;2025-04-24;2025-04-24;SENHOR DO BONFIM;GUILHERME;Apto;Apto
4506579607;2025-04-24;2025-04-24;SENHOR DO BONFIM;GUILHERME;Inapto;Irregularidade do Padrao
4506588089;2025-04-24;2025-04-25;SENHOR DO BONFIM;GUILHERME;Apto;Apto
4506591061;2025-04-24;;SENHOR DO BONFIM;GUILHERME;Sem retorno;Sem contato
4506487343;2025-04-25;;SENHOR DO BONFIM;GUILHERME;Aguardando Retorno;
4506533548;2025-04-26;2025-04-26;SENHOR DO BONFIM;GUILHERME;Apto;
4506581188;2025-04-25;;SENHOR DO BONFIM;GUILHERME;Aguardando Retorno;
4506581704;2025-04-26;;SENHOR DO BONFIM;GUILHERME;Aguardando Retorno;
4506581727;2025-04-25;2025-04-25;SENHOR DO BONFIM;GUILHERME;Apto;Apto
4506587744;2025-04-25;;SENHOR DO BONFIM;GUILHERME;Aguardando Retorno;Aguardando retorno cliente
4506591683;2025-04-25;2025-04-25;SENHOR DO BONFIM;GUILHERME;Inapto;Obra
4506591706;2025-04-25;;SENHOR DO BONFIM;GUILHERME;Aguardando Retorno;Aguardando retorno cliente
4506591713;2025-04-25;2025-04-25;SENHOR DO BONFIM;GUILHERME;Inapto;Deficiencia tecnica
4506591718;2025-04-25;;SENHOR DO BONFIM;GUILHERME;Aguardando Retorno;Aguardando retorno cliente
4506592083;2025-04-25;2025-04-26;SENHOR DO BONFIM;GUILHERME;Apto;
4506592093;2025-04-25;2025-04-26;SENHOR DO BONFIM;GUILHERME;Inapto;Cadastro Incorreto
4506592647;2025-04-25;;SENHOR DO BONFIM;GUILHERME;Aguardando Retorno;Aguardando retorno cliente
4506592656;2025-05-25;;SENHOR DO BONFIM;GUILHERME;Aguardando Retorno;
4506593200;2025-04-24;2025-04-24;SENHOR DO BONFIM;GUILHERME;Apto;Apto
4506593207;2025-04-25;;SENHOR DO BONFIM;GUILHERME;Aguardando Retorno;Aguardando retorno cliente
4506553304;2025-04-26;;SENHOR DO BONFIM;GUILHERME;Aguardando Retorno;Aguardando retorno cliente
4506595031;2025-04-26;2025-04-26;SENHOR DO BONFIM;GUILHERME;Apto;
4506600044;2025-04-26;2025-04-26;SENHOR DO BONFIM;GUILHERME;Apto;
4506600045;2025-04-26;;SENHOR DO BONFIM;GUILHERME;Aguardando Retorno;
4506601532;2025-04-26;;SENHOR DO BONFIM;GUILHERME;Aguardando Retorno;Aguardando retorno cliente
4506602009;2025-04-26;;SENHOR DO BONFIM;GUILHERME;Aguardando Retorno;Aguardando retorno cliente
4506602030;2025-04-26;2025-04-26;SENHOR DO BONFIM;GUILHERME;Apto;Apto
4506602504;2025-06-26;;SENHOR DO BONFIM;GUILHERME;Aguardando Retorno;Aguardando retorno cliente
4506604020;2025-04-26;;SENHOR DO BONFIM;GUILHERME;Aguardando Retorno;Aguardando retorno cliente
4506604548;2025-04-26;;SENHOR DO BONFIM;GUILHERME;Aguardando Retorno;
4506607009;2025-04-26;;SENHOR DO BONFIM;GUILHERME;Aguardando Retorno;Aguardando retorno cliente
4506607531;2025-04-26;;SENHOR DO BONFIM;GUILHERME;Aguardando Retorno;Aguardando retorno cliente
4506607533;2025-04-26;;SENHOR DO BONFIM;GUILHERME;Aguardando Retorno;Aguardando retorno cliente
4506607541;2025-04-26;;SENHOR DO BONFIM;GUILHERME;Aguardando Retorno;Aguardando retorno cliente
4506390170;2025-07-10;;SENHOR DO BONFIM;JOVANIA;Inapto;
4506666710;2025-07-09;;SENHOR DO BONFIM;JOVANIA;Aguardando Retorno;Aguardando retorno cliente
4506666722;2025-07-09;2025-07-09;SENHOR DO BONFIM;JOVANIA;Apto;Apto
4506680475;2025-07-09;2025-07-10;SENHOR DO BONFIM;JOVANIA;Apto;Apto
4506682867;2025-07-09;;SENHOR DO BONFIM;JOVANIA;Aguardando Retorno;Aguardando retorno cliente
4506682874;2025-07-09;2025-07-09;SENHOR DO BONFIM;JOVANIA;Inapto;Deficiencia tecnica
4506684369;2025-07-09;;SENHOR DO BONFIM;JOVANIA;Aguardando Retorno;Aguardando retorno cliente
4506685505;2025-07-09;2025-07-09;SENHOR DO BONFIM;JOVANIA;Apto;Apto
4506686930;2025-07-09;2025-07-09;SENHOR DO BONFIM;JOVANIA;Inapto;Deficiencia tecnica
4506614529;2025-07-10;;SENHOR DO BONFIM;JOVANIA;Inapto;Cadastro Incorreto
4506649028;2025-07-10;;SENHOR DO BONFIM;JOVANIA;Aguardando Retorno;Aguardando retorno cliente
4506651925;2025-07-10;;SENHOR DO BONFIM;JOVANIA;Aguardando Retorno;Aguardando retorno cliente
4506652454;2025-07-10;;SENHOR DO BONFIM;JOVANIA;Aguardando Retorno;Aguardando retorno cliente
4506659232;2025-07-10;2025-07-11;SENHOR DO BONFIM;JOVANIA;Apto;Apto
4506675377;2025-07-10;;SENHOR DO BONFIM;JOVANIA;Aguardando Retorno;Aguardando retorno cliente
4506685866;2025-07-10;;SENHOR DO BONFIM;JOVANIA;Aguardando Retorno;Aguardando retorno cliente
4506689498;2025-07-10;;SENHOR DO BONFIM;JOVANIA;Aguardando Retorno;Aguardando retorno cliente
4506690767;2025-07-10;;SENHOR DO BONFIM;JOVANIA;Aguardando Retorno;Aguardando retorno cliente
4506693332;2025-07-15;;SENHOR DO BONFIM;ANDREYA;Apto;Apto
4506697619;2025-07-15;;SENHOR DO BONFIM;LUIZ PAULO;;
4506698140;2025-07-15;2025-07-15;SENHOR DO BONFIM;LUIZ PAULO;Apto;Apto
4506699682;2025-07-15;2025-07-15;SENHOR DO BONFIM;ANDREYA;Inapto;Cadastro Incorreto
4506701619;2015-07-15;2025-07-15;SENHOR DO BONFIM;LUIZ PAULO;Inapto;Deficiencia tecnica
4506702047;2025-07-15;2025-07-15;SENHOR DO BONFIM;ANDREYA;Apto;Apto
4506680992;2015-07-15;2025-07-15;SENHOR DO BONFIM;LUIZ PAULO;Apto;Ja realizada
4506698248;2025-07-16;;SENHOR DO BONFIM;LUIZ PAULO;Aguardando Retorno;
4506657149;2025-07-15;2025-05-15;SENHOR DO BONFIM;LUIZ PAULO;Apto;Apto
4506702136;2025-07-15;2025-07-15;SENHOR DO BONFIM;LUIZ PAULO;Inapto;Irregularidade do Padrao
4506704503;2025-07-15;;SENHOR DO BONFIM;LUIZ PAULO;;Aguardando retorno cliente
4506602111;2025-07-15;2025-07-15;SENHOR DO BONFIM;LUIZ PAULO;Apto;Apto
4506632083;2025-07-15;;SENHOR DO BONFIM;JOVANIA;Aguardando Retorno;Aguardando retorno cliente
4506651956;2025-07-16;;SENHOR DO BONFIM;LUIZ PAULO;Sem contato;Cadastro Incorreto
4506686794;2025-07-15;;SENHOR DO BONFIM;JOVANIA;Aguardando Retorno;Aguardando retorno cliente
4506688835;2025-07-15;;SENHOR DO BONFIM;JOVANIA;Aguardando Retorno;Aguardando retorno cliente
4506692849;2025-07-16;;SENHOR DO BONFIM;LUIZ PAULO;Telefone não existe;Sem contato
4506693945;2025-07-16;;SENHOR DO BONFIM;LUIZ PAULO;Apto;Ja realizada
4506694328;2025-07-15;;SENHOR DO BONFIM;LUIZ PAULO;;Aguardando retorno cliente
4506699230;2025-07-15;;SENHOR DO BONFIM;JOVANIA;Aguardando Retorno;Aguardando retorno cliente
4506699752;2025-07-16;;SENHOR DO BONFIM;LUIZ PAULO;Apto;Apto
4506704053;2025-07-15;2025-07-15;SENHOR DO BONFIM;LUIZ PAULO;Apto;Apto
4506704069;2025-07-16;2025-07-16;SENHOR DO BONFIM;LUIZ PAULO;Apto;Apto
4506690463;2025-07-16;;SENHOR DO BONFIM;LUIZ PAULO;Aguardando Retorno;Aguardando retorno cliente
4506692865;2025-07-15;2025-07-16;SENHOR DO BONFIM;LUIZ PAULO;Apto;Apto
4506694941;2025-07-16;2025-07-16;SENHOR DO BONFIM;LUIZ PAULO;Apto;Ja realizada
4506695386;2025-07-16;2025-07-16;SENHOR DO BONFIM;LUIZ PAULO;Inapto;Obra
4506703125;2025-07-16;2025-07-16;SENHOR DO BONFIM;LUIZ PAULO;Apto;Apto
4506694386;2025-07-16;2025-07-16;SENHOR DO BONFIM;LUIZ PAULO;Apto;Apto
4506698840;2025-07-16;2025-07-16;SENHOR DO BONFIM;LUIZ PAULO;Apto;Apto
4506700336;2025-07-16;2025-07-16;SENHOR DO BONFIM;LUIZ PAULO;Apto;Apto
4506702317;2025-07-22;;SENHOR DO BONFIM;ANDREYA;Apto;
4506708025;2025-07-22;;SENHOR DO BONFIM;ANDREYA;Apto;
4506695980;2025-07-22;2025-07-23;SENHOR DO BONFIM;JOVANIA;Apto;Apto
4506696937;2025-07-22;;SENHOR DO BONFIM;JOVANIA;Apto;Apto
4506696948;2025-07-22;;SENHOR DO BONFIM;JOVANIA;Inapto;Obra
4506697463;2025-07-22;;SENHOR DO BONFIM;JOVANIA;Inapto;Cadastro Incorreto
4506697481;2025-07-22;;SENHOR DO BONFIM;JOVANIA;Apto;Apto
4506697924;2025-07-22;2025-07-22;SENHOR DO BONFIM;JOVANIA;Inapto;Deficiencia tecnica
4506698638;2025-07-22;2025-07-23;SENHOR DO BONFIM;JOVANIA;Apto;Apto
4506699955;2025-07-22;;SENHOR DO BONFIM;JOVANIA;Aguardando Retorno;Aguardando retorno cliente
4506702386;2025-07-22;2025-07-22;SENHOR DO BONFIM;JOVANIA;Apto;Apto
4506703217;2025-07-22;;SENHOR DO BONFIM;JOVANIA;Aguardando Retorno;Aguardando retorno cliente
4506703718;2025-07-22;2025-07-23;SENHOR DO BONFIM;JOVANIA;Inapto;Obra
4506704667;2025-07-22;;SENHOR DO BONFIM;JOVANIA;Aguardando Retorno;Aguardando retorno cliente
4506705217;2025-07-22;2025-07-23;SENHOR DO BONFIM;JOVANIA;Inapto;Cadastro Incorreto
4506705741;2025-07-22;2025-07-22;SENHOR DO BONFIM;JOVANIA;Apto;Apto
4506706666;2025-07-22;2025-07-22;SENHOR DO BONFIM;JOVANIA;Apto;Apto
4506706689;2025-07-22;2025-07-23;SENHOR DO BONFIM;JOVANIA;Apto;Apto
4506707284;2025-07-22;;SENHOR DO BONFIM;JOVANIA;Apto;Apto
4506708067;2025-07-22;;SENHOR DO BONFIM;JOVANIA;Aguardando Retorno;Aguardando retorno cliente
4506710528;2025-07-23;;SENHOR DO BONFIM;ANDREYA;Aguardando Retorno;Aguardando retorno cliente
4506702408;2025-07-23;;SENHOR DO BONFIM;ANDREYA;Aguardando Retorno;Aguardando retorno cliente
4506704228;2025-07-23;;SENHOR DO BONFIM;ANDREYA;Aguardando Retorno;Aguardando retorno cliente
4506706726;2025-07-23;;SENHOR DO BONFIM;ANDREYA;Aguardando Retorno;Aguardando retorno cliente
4506707670;2025-07-23;;SENHOR DO BONFIM;ANDREYA;Apto;Apto
4506708123;2025-07-23;;SENHOR DO BONFIM;ANDREYA;Aguardando Retorno;Aguardando retorno cliente
4506710088;2025-07-23;;SENHOR DO BONFIM;ANDREYA;Aguardando Retorno;Aguardando retorno cliente
4506710095;2025-07-23;;SENHOR DO BONFIM;ANDREYA;Aguardando Retorno;Aguardando retorno cliente
4506711534;2025-07-23;;SENHOR DO BONFIM;JOVANIA;Inapto;Cadastro Incorreto
4506711545;2025-07-23;;SENHOR DO BONFIM;JOVANIA;Inapto;Cadastro Incorreto
4506712043;2025-07-23;;SENHOR DO BONFIM;JOVANIA;Inapto;Sem contato
4506712563;2025-07-23;2025-07-24;SENHOR DO BONFIM;JOVANIA;Apto;Apto
4506714003;2025-07-23;;SENHOR DO BONFIM;JOVANIA;Aguardando Retorno;Aguardando retorno cliente
4506714505;2025-07-23;;SENHOR DO BONFIM;JOVANIA;Aguardando Retorno;Aguardando retorno cliente
4506702451;2025-07-24;;SENHOR DO BONFIM;LUIZ PAULO;Aguardando Retorno;Aguardando retorno cliente
4506702829;2025-07-24;2025-07-24;SENHOR DO BONFIM;JOVANIA;Apto;Apto
4506704285;2025-07-24;2025-07-24;SENHOR DO BONFIM;JOVANIA;Apto;Apto
4506705819;2025-04-24;;SENHOR DO BONFIM;LUIZ PAULO;Sem contato;Sem contato
4506706774;2025-07-24;;SENHOR DO BONFIM;JOVANIA;Aguardando Retorno;Aguardando retorno cliente
4506706831;2025-07-24;2025-07-20;SENHOR DO BONFIM;LUIZ PAULO;Apto;Apto
4506707440;2025-07-24;2025-07-24;SENHOR DO BONFIM;JOVANIA;Apto;Apto
4506708146;2025-07-24;;SENHOR DO BONFIM;JOVANIA;Aguardando Retorno;Aguardando retorno cliente
4506709231;2025-07-24;;SENHOR DO BONFIM;JOVANIA;Aguardando Retorno;Aguardando retorno cliente
4506709234;2025-07-24;;SENHOR DO BONFIM;JOVANIA;Aguardando Retorno;Aguardando retorno cliente
4506715030;2025-07-24;;SENHOR DO BONFIM;LUIZ PAULO;Aguardando Retorno;Aguardando retorno cliente
4506715511;2025-07-24;;SENHOR DO BONFIM;LUIZ PAULO;Aguardando Retorno;Aguardando retorno cliente
4506707444;2025-07-24;;SENHOR DO BONFIM;LUIZ PAULO;Aguardando Retorno;Aguardando retorno cliente
4506707447;2025-07-28;;SENHOR DO BONFIM;ANDREYA;Aguardando Retorno;Aguardando retorno cliente
4505644979;2025-07-24;;SENHOR DO BONFIM;LUIZ PAULO;Sem contato;Sem retorno
4506709738;2025-07-28;2025-07-28;SENHOR DO BONFIM;ANDREYA;Apto;Apto
4506704344;2025-07-28;;SENHOR DO BONFIM;ANDREYA;Apto;Apto
4506705934;2025-07-28;;SENHOR DO BONFIM;ANDREYA;Aguardando Retorno;Aguardando retorno cliente
4506706919;2025-07-28;;SENHOR DO BONFIM;ANDREYA;Aguardando Retorno;Aguardando retorno cliente
4506707845;2025-07-28;;SENHOR DO BONFIM;ANDREYA;Aguardando Retorno;Aguardando retorno cliente
4506710679;2025-07-28;;SENHOR DO BONFIM;ANDREYA;Aguardando Retorno;Aguardando retorno cliente
4506707892;2025-07-29;;SENHOR DO BONFIM;ANDREYA;Aguardando Retorno;Aguardando retorno cliente
4506708858;2025-07-29;;SENHOR DO BONFIM;ANDREYA;Aguardando Retorno;Aguardando retorno cliente
4506709837;2025-07-29;;SENHOR DO BONFIM;ANDREYA;Aguardando Retorno;Aguardando retorno cliente
4506710722;2025-07-29;;SENHOR DO BONFIM;ANDREYA;Inapto;Cliente deseja KIT financiado
4506710724;2025-07-29;;SENHOR DO BONFIM;ANDREYA;Apto;Apto
4506712282;2025-07-29;;SENHOR DO BONFIM;ANDREYA;Apto;Ja realizada
4506712801;2025-07-29;;SENHOR DO BONFIM;ANDREYA;Aguardando Retorno;Aguardando retorno cliente
4506716704;2025-07-29;;SENHOR DO BONFIM;ANDREYA;Aguardando Retorno;Aguardando retorno cliente
4506717088;2025-07-29;;SENHOR DO BONFIM;ANDREYA;Aguardando Retorno;Aguardando retorno cliente
4506713913;2025-08-02;;SENHOR DO BONFIM;JOVANIA;Aguardando Retorno;Aguardando retorno cliente
4506714942;2025-08-02;;SENHOR DO BONFIM;JOVANIA;Aguardando Retorno;Aguardando retorno cliente
4506714946;2025-08-02;;SENHOR DO BONFIM;JOVANIA;Aguardando Retorno;Aguardando retorno cliente
4506718206;2025-08-02;;SENHOR DO BONFIM;JOVANIA;Aguardando Retorno;Aguardando retorno cliente
4506719633;2025-08-02;;SENHOR DO BONFIM;JOVANIA;Aguardando Retorno;Aguardando retorno cliente
4506718349;2025-08-06;2025-08-06;SENHOR DO BONFIM;JOVANIA;Apto;Apto
4506719358;2025-08-06;;SENHOR DO BONFIM;JOVANIA;Aguardando Retorno;Aguardando retorno cliente
4506719799;2025-08-06;2025-08-06;SENHOR DO BONFIM;JOVANIA;Apto;Apto
4506720254;2025-08-06;2025-08-06;SENHOR DO BONFIM;JOVANIA;Apto;Apto
4506720650;2025-08-06;;SENHOR DO BONFIM;JOVANIA;Aguardando Retorno;Aguardando retorno cliente
4506720652;2025-08-06;2025-08-06;SENHOR DO BONFIM;JOVANIA;Inapto;Deficiencia tecnica
4506722123;2025-08-06;2025-08-06;SENHOR DO BONFIM;JOVANIA;Apto;Apto
4506723208;2025-08-06;2025-08-07;SENHOR DO BONFIM;JOVANIA;Inapto;Irregularidade do Padrao
4506616641;2025-08-09;;SENHOR DO BONFIM;ANDREYA;Sem contato;Sem contato
4506683889;2025-08-09;;SENHOR DO BONFIM;ANDREYA;Aguardando Retorno;Aguardando retorno cliente
4506690139;2025-08-09;;SENHOR DO BONFIM;ANDREYA;;
4506701892;2025-08-09;2025-08-09;SENHOR DO BONFIM;ANDREYA;Apto;Apto
4506721283;2025-08-09;2025-08-09;SENHOR DO BONFIM;ANDREYA;Inapto;Obra
4506728257;2025-08-09;;SENHOR DO BONFIM;ANDREYA;Aguardando Retorno;Aguardando retorno cliente
4506730563;2025-08-09;2025-08-09;SENHOR DO BONFIM;ANDREYA;Apto;Apto
4506731538;2025-08-09;2025-08-09;SENHOR DO BONFIM;ANDREYA;Apto;Apto
4506750745;2025-10-14;2025-10-14;SENHOR DO BONFIM;AMANDA;Inapto;
4506791642;2025-10-16;;SENHOR DO BONFIM;AMANDA;Aguardando Retorno;Aguardando retorno cliente
4506792701;2025-10-16;;SENHOR DO BONFIM;AMANDA;Aguardando Retorno;Aguardando retorno cliente
4506767796;2025-10-14;2025-10-14;SENHOR DO BONFIM;AMANDA;Inapto;Deficiencia tecnica
4506768803;2025-10-16;;SENHOR DO BONFIM;AMANDA;Aguardando Retorno;Aguardando retorno cliente
4506784716;2025-10-16;;SENHOR DO BONFIM;AMANDA;Aguardando Retorno;Aguardando retorno cliente
4506789763;2025-10-16;;SENHOR DO BONFIM;AMANDA;Aguardando Retorno;Aguardando retorno cliente
4506791677;2025-10-15;2025-10-16;SENHOR DO BONFIM;AMANDA;Apto;Apto
4506792716;2025-10-15;;SENHOR DO BONFIM;AMANDA;Inapto;Sem retorno
4506774435;2025-10-15;;SENHOR DO BONFIM;AMANDA;Inapto;Sem retorno
4506786513;2025-10-14;;SENHOR DO BONFIM;AMANDA;Aguardando Retorno;Aguardando retorno cliente
4506789814;2025-10-15;;SENHOR DO BONFIM;AMANDA;Inapto;Sem retorno
4506792778;2025-10-16;;SENHOR DO BONFIM;AMANDA;Aguardando Retorno;Aguardando retorno cliente
4506784792;2025-10-06;;SENHOR DO BONFIM;ANDREYA;Aguardando Retorno;Aguardando retorno cliente
4506784806;2025-10-06;;SENHOR DO BONFIM;ANDREYA;Aguardando Retorno;Aguardando retorno cliente
4506785825;2025-10-06;;SENHOR DO BONFIM;ANDREYA;Aguardando Retorno;Aguardando retorno cliente
4506786950;2025-10-07;;SENHOR DO BONFIM;ANDREYA;Aguardando Retorno;Aguardando retorno cliente
4506789469;2025-10-07;;SENHOR DO BONFIM;JOVANIA;Inapto;Sem contato
4506789863;2025-10-07;;SENHOR DO BONFIM;JOVANIA;Inapto;Sem contato
4506789876;2025-10-07;;SENHOR DO BONFIM;JOVANIA;Aguardando Retorno;Aguardando retorno cliente
4506790241;2025-10-07;;SENHOR DO BONFIM;JOVANIA;Inapto;Cadastro Incorreto
4506790812;2025-10-07;;SENHOR DO BONFIM;JOVANIA;Inapto;Aguardando retorno cliente
4506790826;2025-10-07;;SENHOR DO BONFIM;JOVANIA;Aguardando Retorno;Aguardando retorno cliente
4506791304;2025-10-07;;SENHOR DO BONFIM;JOVANIA;Aguardando Retorno;Aguardando retorno cliente
4506791333;2025-10-15;;SENHOR DO BONFIM;AMANDA;Inapto;Sem contato
4506791785;2025-10-07;;SENHOR DO BONFIM;JOVANIA;Apto;Apto
4506792323;2025-10-07;;SENHOR DO BONFIM;JOVANIA;Aguardando Retorno;Aguardando retorno cliente
4506792813;2025-10-07;2025-10-07;SENHOR DO BONFIM;AMANDA;Inapto;
4506793299;2025-10-07;;SENHOR DO BONFIM;JOVANIA;Inapto;Sem contato
4506793672;2025-10-07;;SENHOR DO BONFIM;AMANDA;Aguardando Retorno;Aguardando retorno cliente
4506794138;2025-10-07;2025-10-07;SENHOR DO BONFIM;AMANDA;Apto;Apto
4506794142;2025-10-07;2025-10-07;SENHOR DO BONFIM;AMANDA;Inapto;Sem contato
4506794145;2025-10-07;2025-10-08;SENHOR DO BONFIM;AMANDA;Apto;Apto
4506794771;2025-10-07;;SENHOR DO BONFIM;AMANDA;Inapto;CADASTRO INCOMPLETO
4506795213;2025-10-07;2025-10-08;SENHOR DO BONFIM;AMANDA;Inapto;Deficiencia tecnica
4506795228;2025-10-07;;SENHOR DO BONFIM;AMANDA;Aguardando Retorno;Aguardando retorno cliente
4506796583;2025-10-07;2025-10-07;SENHOR DO BONFIM;AMANDA;Apto;Apto
4506796624;2025-10-07;;SENHOR DO BONFIM;JOVANIA;Inapto;
4506797537;2025-10-07;2025-10-08;SENHOR DO BONFIM;AMANDA;Apto;Apto
4506739669;2025-10-07;;SENHOR DO BONFIM;AMANDA;Aguardando Retorno;Aguardando retorno cliente
4506756711;2025-10-07;;SENHOR DO BONFIM;AMANDA;Aguardando Retorno;Aguardando retorno cliente
4506768369;2025-10-07;;SENHOR DO BONFIM;AMANDA;Aguardando Retorno;Aguardando retorno cliente
4506777474;2025-10-07;;SENHOR DO BONFIM;AMANDA;Aguardando Retorno;Aguardando retorno cliente
4506787936;2025-10-07;2025-10-07;SENHOR DO BONFIM;AMANDA;Apto;Apto
4506787942;2025-10-07;2025-10-09;SENHOR DO BONFIM;AMANDA;Apto;Apto
4506789004;2025-10-07;;SENHOR DO BONFIM;AMANDA;Aguardando Retorno;Aguardando retorno cliente
4506790245;2025-10-07;;SENHOR DO BONFIM;AMANDA;Aguardando Retorno;Aguardando retorno cliente
4506790253;2025-10-07;2025-10-08;SENHOR DO BONFIM;AMANDA;Inapto;
4506790848;2025-10-07;2025-10-13;SENHOR DO BONFIM;AMANDA;Inapto;
4506792854;2025-10-07;2025-10-13;SENHOR DO BONFIM;AMANDA;Inapto;
4506793571;2025-10-07;2025-10-08;SENHOR DO BONFIM;JOVANIA;Apto;Apto
4506794215;2025-10-07;;SENHOR DO BONFIM;JOVANIA;Aguardando Retorno;Aguardando retorno cliente
4506795240;2025-10-07;;SENHOR DO BONFIM;JOVANIA;Aguardando Retorno;Aguardando retorno cliente
4506795836;2025-10-07;2025-10-07;SENHOR DO BONFIM;JOVANIA;Inapto;Deficiencia tecnica
4506797105;2025-10-08;2025-10-08;SENHOR DO BONFIM;AMANDA;Apto;Apto
4506798082;2025-10-08;2025-10-08;SENHOR DO BONFIM;JOVANIA;Apto;Apto
4506799008;2025-10-08;;SENHOR DO BONFIM;AMANDA;Aguardando Retorno;Aguardando retorno cliente
4506799021;2025-10-15;;SENHOR DO BONFIM;AMANDA;Inapto;Sem contato
4506799051;2025-10-08;2025-10-08;SENHOR DO BONFIM;AMANDA;Inapto;Deficiencia tecnica
4506800517;2025-10-08;;SENHOR DO BONFIM;AMANDA;Aguardando Retorno;Aguardando retorno cliente
4506801003;2025-10-08;;SENHOR DO BONFIM;JOVANIA;Aguardando Retorno;Aguardando retorno cliente
4506739898;2025-10-08;2025-10-08;SENHOR DO BONFIM;AMANDA;Apto;Apto
4506746147;2025-10-08;2025-10-08;SENHOR DO BONFIM;AMANDA;Apto;Apto
4506762980;2025-10-08;;SENHOR DO BONFIM;AMANDA;Aguardando Retorno;Aguardando retorno cliente
4506765895;2025-10-08;2025-10-09;SENHOR DO BONFIM;AMANDA;Inapto;Deficiencia tecnica
4506770923;2025-10-08;;SENHOR DO BONFIM;AMANDA;Aguardando Retorno;Aguardando retorno cliente
4506774617;2025-10-08;;SENHOR DO BONFIM;ANDREYA;Aguardando Retorno;Aguardando retorno cliente
4506775386;2025-10-08;2025-10-09;SENHOR DO BONFIM;AMANDA;Apto;Apto
4506781089;2025-10-08;;SENHOR DO BONFIM;ANDREYA;Aguardando Retorno;Aguardando retorno cliente
4506785899;2025-10-08;;SENHOR DO BONFIM;AMANDA;Aguardando Retorno;Aguardando retorno cliente
4506787971;2025-10-08;;SENHOR DO BONFIM;ANDREYA;Aguardando Retorno;Aguardando retorno cliente
4506788916;2025-10-08;;SENHOR DO BONFIM;ANDREYA;Aguardando Retorno;Aguardando retorno cliente
4506788949;2025-10-08;;SENHOR DO BONFIM;ANDREYA;Aguardando Retorno;Aguardando retorno cliente
4506790298;2025-10-08;;SENHOR DO BONFIM;ANDREYA;Aguardando Retorno;Aguardando retorno cliente
4506791430;2025-10-08;;SENHOR DO BONFIM;AMANDA;Aguardando Retorno;Aguardando retorno cliente
4506791870;2025-10-08;;SENHOR DO BONFIM;ANDREYA;Aguardando Retorno;Aguardando retorno cliente
4506792382;2025-10-08;;SENHOR DO BONFIM;AMANDA;Aguardando Retorno;Aguardando retorno cliente
4506792869;2025-10-08;;SENHOR DO BONFIM;AMANDA;Aguardando Retorno;Aguardando retorno cliente
4506792875;2025-10-08;2025-10-09;SENHOR DO BONFIM;AMANDA;Apto;Apto
4506793443;2025-10-09;2025-10-15;SENHOR DO BONFIM;AMANDA;Inapto;Deficiencia tecnica
4506793748;2025-10-09;2025-10-09;SENHOR DO BONFIM;AMANDA;Inapto;Deficiencia tecnica
4506794260;2025-10-09;;SENHOR DO BONFIM;AMANDA;Aguardando Retorno;Aguardando retorno cliente
4506794871;2025-10-09;2025-10-09;SENHOR DO BONFIM;AMANDA;Apto;Apto
4506794873;2025-10-09;2025-10-09;SENHOR DO BONFIM;AMANDA;Inapto;Deficiencia tecnica
4506795866;2025-10-08;;SENHOR DO BONFIM;JOVANIA;Aguardando Retorno;Aguardando retorno cliente
4506795879;2025-10-08;;SENHOR DO BONFIM;JOVANIA;Aguardando Retorno;Aguardando retorno cliente
4506796216;2025-10-08;;SENHOR DO BONFIM;JOVANIA;Aguardando Retorno;Aguardando retorno cliente
4506798090;2025-10-08;;SENHOR DO BONFIM;JOVANIA;Aguardando Retorno;Aguardando retorno cliente
4506798110;2025-10-08;;SENHOR DO BONFIM;JOVANIA;Aguardando Retorno;Aguardando retorno cliente
4506762522;2025-10-09;2025-10-09;SENHOR DO BONFIM;AMANDA;Apto;Apto
4506775896;2025-10-14;;SENHOR DO BONFIM;AMANDA;Inapto;Sem retorno
4506775955;2025-10-09;;SENHOR DO BONFIM;AMANDA;Aguardando Retorno;Aguardando retorno cliente
4506779940;2025-10-09;2025-10-10;SENHOR DO BONFIM;AMANDA;Inapto;Deficiencia tecnica
4506780854;2025-10-09;;SENHOR DO BONFIM;AMANDA;Aguardando Retorno;Aguardando retorno cliente
4506784451;2025-10-09;;SENHOR DO BONFIM;AMANDA;Inapto;Sem contato
4506784455;2025-10-09;2025-10-09;SENHOR DO BONFIM;AMANDA;Inapto;Deficiencia tecnica
4506784906;2025-10-09;;SENHOR DO BONFIM;AMANDA;Aguardando Retorno;Aguardando retorno cliente
4506788987;2025-10-09;2025-10-09;SENHOR DO BONFIM;AMANDA;Inapto;Deficiencia tecnica
4506790322;2025-10-09;2025-10-09;SENHOR DO BONFIM;AMANDA;Apto;Apto
4506790914;2025-10-09;2025-10-09;SENHOR DO BONFIM;AMANDA;Apto;Apto
4506791497;2025-10-09;2025-10-09;SENHOR DO BONFIM;AMANDA;Inapto;Deficiencia tecnica
4506792451;2025-10-09;;SENHOR DO BONFIM;AMANDA;Aguardando Retorno;Aguardando retorno cliente
4506792967;2025-10-09;;SENHOR DO BONFIM;AMANDA;Aguardando Retorno;Aguardando retorno cliente
4506795396;2025-10-09;;SENHOR DO BONFIM;AMANDA;Aguardando Retorno;Aguardando retorno cliente
4506796843;2025-10-09;;SENHOR DO BONFIM;AMANDA;Aguardando Retorno;Aguardando retorno cliente
4506797188;2025-10-09;;SENHOR DO BONFIM;AMANDA;Aguardando Retorno;Aguardando retorno cliente
4506798164;2025-10-09;;SENHOR DO BONFIM;AMANDA;Aguardando Retorno;Aguardando retorno cliente
4506798601;2025-10-09;2025-10-15;SENHOR DO BONFIM;AMANDA;Inapto;Deficiencia tecnica
4506799679;2025-10-10;2025-10-10;SENHOR DO BONFIM;AMANDA;Apto;Apto
4506799680;2025-10-10;;SENHOR DO BONFIM;AMANDA;Aguardando Retorno;Aguardando retorno cliente
4506800587;2025-10-10;2025-10-10;SENHOR DO BONFIM;AMANDA;Apto;Apto
4506801074;2025-10-10;2025-10-10;SENHOR DO BONFIM;AMANDA;Inapto;Aguardando retorno cliente
4506801149;2025-10-10;2025-10-10;SENHOR DO BONFIM;AMANDA;Apto;Apto
4506802008;2025-10-10;;SENHOR DO BONFIM;AMANDA;Aguardando Retorno;Aguardando retorno cliente
4506803003;2025-10-10;2025-10-10;SENHOR DO BONFIM;AMANDA;Apto;Apto
4505262296;2025-10-13;;SENHOR DO BONFIM;AMANDA;Aguardando Retorno;Aguardando retorno cliente
4506759293;2025-10-13;2025-10-13;SENHOR DO BONFIM;AMANDA;Apto;Apto
4506777119;2025-10-13;;SENHOR DO BONFIM;AMANDA;Aguardando Retorno;Aguardando retorno cliente
4506784945;2025-10-13;2025-10-13;SENHOR DO BONFIM;AMANDA;Inapto;Deficiencia tecnica
4506784959;2025-10-14;2025-10-14;SENHOR DO BONFIM;AMANDA;Inapto;Sem contato
4506785941;2025-10-14;2025-10-14;SENHOR DO BONFIM;AMANDA;Inapto;Deficiencia tecnica
4506794940;2025-10-13;;SENHOR DO BONFIM;AMANDA;Aguardando Retorno;Aguardando retorno cliente
4506795947;2025-10-14;;SENHOR DO BONFIM;AMANDA;Aguardando Retorno;Aguardando retorno cliente
4506798216;2025-10-13;;SENHOR DO BONFIM;AMANDA;Aguardando Retorno;Aguardando retorno cliente
4506798726;2025-10-14;;SENHOR DO BONFIM;AMANDA;Aguardando Retorno;Aguardando retorno cliente
4506800669;2025-10-14;2025-10-14;SENHOR DO BONFIM;AMANDA;Inapto;Deficiencia tecnica
4506801188;2025-10-13;2025-10-13;SENHOR DO BONFIM;AMANDA;Inapto;Deficiencia tecnica
4506802043;2025-10-13;2025-10-13;SENHOR DO BONFIM;AMANDA;Apto;Apto
4506785987;2025-10-15;;SENHOR DO BONFIM;AMANDA;Inapto;Sem retorno
4506796350;2025-10-14;;SENHOR DO BONFIM;AMANDA;Inapto;Sem retorno
4506796358;2025-10-13;2025-10-13;SENHOR DO BONFIM;AMANDA;Apto;Apto
4506756183;2025-10-14;;SENHOR DO BONFIM;ANDREYA;Aguardando Retorno;Aguardando retorno cliente
4506767920;2025-10-14;;SENHOR DO BONFIM;ANDREYA;Aguardando Retorno;Aguardando retorno cliente
4506784998;2025-10-14;;SENHOR DO BONFIM;ANDREYA;Aguardando Retorno;Aguardando retorno cliente
4506785043;2025-10-14;;SENHOR DO BONFIM;ANDREYA;Aguardando Retorno;Aguardando retorno cliente
4506785811;2025-10-14;;SENHOR DO BONFIM;ANDREYA;Aguardando Retorno;Aguardando retorno cliente
4506790447;2025-10-14;;SENHOR DO BONFIM;ANDREYA;Aguardando Retorno;Aguardando retorno cliente
4506796398;2025-10-15;;SENHOR DO BONFIM;AMANDA;Aguardando Retorno;Aguardando retorno cliente
4506796436;2025-10-14;2025-10-14;SENHOR DO BONFIM;ANDRESSA;Inapto;Irregularidade do Padrao
4506798291;2025-10-15;;SENHOR DO BONFIM;AMANDA;Aguardando Retorno;Aguardando retorno cliente
4506798318;2025-10-15;;SENHOR DO BONFIM;AMANDA;Aguardando Retorno;Aguardando retorno cliente
4506798787;2025-10-15;;SENHOR DO BONFIM;AMANDA;Aguardando Retorno;Aguardando retorno cliente
4506798796;2025-10-15;;SENHOR DO BONFIM;AMANDA;Aguardando Retorno;Aguardando retorno cliente
4506798812;2025-10-14;2025-10-14;SENHOR DO BONFIM;ANDRESSA;Apto;Apto
4506802624;2025-10-14;2025-10-15;SENHOR DO BONFIM;ANDRESSA;Inapto;Sem retorno
4506805556;2025-10-15;;SENHOR DO BONFIM;AMANDA;Aguardando Retorno;Aguardando retorno cliente
4506806561;2025-10-14;2025-10-14;SENHOR DO BONFIM;ANDRESSA;Apto;Apto
4506773725;2025-10-14;2025-10-14;SENHOR DO BONFIM;ANDRESSA;Apto;Apto
4506792778;2025-10-16;2025-10-16;SENHOR DO BONFIM;AMANDA;Apto;Apto
4506796477;2025-10-14;;SENHOR DO BONFIM;ANDRESSA;Aguardando Retorno;Sem retorno
4506802674;2025-10-15;;SENHOR DO BONFIM;ANDRESSA;Aguardando Retorno;
4506803611;2025-10-15;2025-10-15;SENHOR DO BONFIM;ANDRESSA;Inapto;Irregularidade do Padrao
4506806577;2025-10-15;;SENHOR DO BONFIM;ANDRESSA;Aguardando Retorno;
4506807073;2025-10-14;2025-10-14;SENHOR DO BONFIM;ANDRESSA;Inapto;Irregularidade do Padrao
4506779129;2025-10-15;2025-10-15;SENHOR DO BONFIM;ANDRESSA;Apto;Apto
4506793748;2025-10-16;;SENHOR DO BONFIM;AMANDA;Aguardando Retorno;Aguardando retorno cliente
4506794873;2025-10-16;;SENHOR DO BONFIM;AMANDA;Aguardando Retorno;Aguardando retorno cliente
4506798442;2025-10-16;;SENHOR DO BONFIM;AMANDA;Aguardando Retorno;Aguardando retorno cliente
4506801499;2025-10-16;;SENHOR DO BONFIM;AMANDA;Aguardando Retorno;Aguardando retorno cliente
4506804866;2025-10-14;2025-10-14;SENHOR DO BONFIM;ANDRESSA;Inapto;Irregularidade do Padrao
4506805239;2025-10-15;;SENHOR DO BONFIM;ANDRESSA;Inapto;Irregularidade do Padrao
4506810082;2025-10-15;2025-10-15;SENHOR DO BONFIM;ANDRESSA;Inapto;Irregularidade do Padrao
4506772806;2025-10-17;2025-10-17;SENHOR DO BONFIM;AMANDA;Apto;Apto
4506774793;2025-10-17;2025-10-17;SENHOR DO BONFIM;AMANDA;Apto;Apto
4506776840;2025-10-17;;SENHOR DO BONFIM;AMANDA;Inapto;
4506781277;2025-10-17;;SENHOR DO BONFIM;AMANDA;Aguardando Retorno;Aguardando retorno cliente
4506793599;2025-10-17;2025-10-17;SENHOR DO BONFIM;AMANDA;Apto;Apto
4506794597;2025-10-17;2025-10-17;SENHOR DO BONFIM;AMANDA;Apto;Apto
4506795963;2025-10-17;;SENHOR DO BONFIM;AMANDA;Aguardando Retorno;Aguardando retorno cliente
4506798456;2025-10-17;;SENHOR DO BONFIM;AMANDA;Aguardando Retorno;Aguardando retorno cliente
4506800324;2025-10-17;;SENHOR DO BONFIM;AMANDA;Aguardando Retorno;Aguardando retorno cliente
4506800330;2025-10-17;;SENHOR DO BONFIM;AMANDA;Aguardando Retorno;Aguardando retorno cliente
4506800945;2025-10-17;;SENHOR DO BONFIM;AMANDA;Inapto;
4506800950;2025-10-17;;SENHOR DO BONFIM;AMANDA;Aguardando Retorno;Aguardando retorno cliente
4506808776;2025-10-18;;SENHOR DO BONFIM;AMANDA;Inapto;Sem contato
4506811123;2025-10-18;;SENHOR DO BONFIM;AMANDA;Inapto;Deficiencia tecnica
4506750546;2025-10-20;2025-10-20;SENHOR DO BONFIM;AMANDA;Apto;Apto
4506774331;2025-10-20;;SENHOR DO BONFIM;AMANDA;Aguardando Retorno;Aguardando retorno cliente
4506775287;2025-10-20;;SENHOR DO BONFIM;AMANDA;Aguardando Retorno;Aguardando retorno cliente
4506798082;2025-10-20;;SENHOR DO BONFIM;AMANDA;Aguardando Retorno;Aguardando retorno cliente
4506800431;2025-10-20;;SENHOR DO BONFIM;AMANDA;Aguardando Retorno;Aguardando retorno cliente
4506802008;2025-10-20;;SENHOR DO BONFIM;AMANDA;Aguardando Retorno;Aguardando retorno cliente
4506805741;2025-10-20;;SENHOR DO BONFIM;AMANDA;Aguardando Retorno;Aguardando retorno cliente
4506806347;2025-10-20;;SENHOR DO BONFIM;AMANDA;Aguardando Retorno;Aguardando retorno cliente
4506806805;2025-10-20;;SENHOR DO BONFIM;AMANDA;Aguardando Retorno;Aguardando retorno cliente
4506808230;2025-10-20;;SENHOR DO BONFIM;AMANDA;Aguardando Retorno;Aguardando retorno cliente
4506808231;2025-10-20;;SENHOR DO BONFIM;AMANDA;Aguardando Retorno;Aguardando retorno cliente
4506768891;2025-10-23;2025-10-23;SENHOR DO BONFIM;ANDRESSA;Apto;Apto
4506802924;2025-10-23;;SENHOR DO BONFIM;ANDRESSA;Aguardando Retorno;Aguardando retorno cliente
4506803485;2025-10-23;2025-10-23;SENHOR DO BONFIM;ANDRESSA;Apto;Apto
4506805468;2025-10-23;;SENHOR DO BONFIM;ANDRESSA;Aguardando Retorno;Aguardando retorno cliente
4506805772;2025-10-23;2025-10-23;SENHOR DO BONFIM;ANDRESSA;Inapto;Irregularidade do Padrao
4506805789;2025-10-23;2025-10-23;SENHOR DO BONFIM;ANDRESSA;Apto;Apto
4506806863;2025-10-23;;SENHOR DO BONFIM;ANDRESSA;Aguardando Retorno;Aguardando retorno cliente
4506300981;2025-10-23;2025-10-23;SENHOR DO BONFIM;JOVANIA;Inapto;Irregularidade do Padrao
4506499512;2025-10-23;;SENHOR DO BONFIM;JOVANIA;Aguardando Retorno;Aguardando retorno cliente
4506596673;2025-10-23;;SENHOR DO BONFIM;JOVANIA;Aguardando Retorno;Aguardando retorno cliente
4506787071;2025-10-23;;SENHOR DO BONFIM;JOVANIA;Aguardando Retorno;Aguardando retorno cliente
4506788987;2025-10-23;;SENHOR DO BONFIM;JOVANIA;Aguardando Retorno;Aguardando retorno cliente
4506792716;2025-10-23;;SENHOR DO BONFIM;JOVANIA;Aguardando Retorno;Aguardando retorno cliente
4506801652;2025-10-23;;SENHOR DO BONFIM;JOVANIA;Aguardando Retorno;Aguardando retorno cliente
4506802930;2025-10-23;;SENHOR DO BONFIM;JOVANIA;Aguardando Retorno;Aguardando retorno cliente
4506809930;2025-10-23;;SENHOR DO BONFIM;JOVANIA;Aguardando Retorno;Aguardando retorno cliente
4506818630;2025-10-28;;SENHOR DO BONFIM;ANDREYA;;
4506814810;2025-10-28;2025-10-28;SENHOR DO BONFIM;ANDRESSA;;
4506818653;2025-10-28;2025-10-29;SENHOR DO BONFIM;ANDRESSA;;
4506801188;2025-10-29;2025-10-29;SENHOR DO BONFIM;ANDRESSA;;
4506809477;2025-10-29;2025-10-29;SENHOR DO BONFIM;ANDREYA;Apto;Apto
4506809497;2025-10-29;;SENHOR DO BONFIM;ANDREYA;Aguardando Retorno;Aguardando retorno cliente
4506811862;2025-10-29;2025-10-30;SENHOR DO BONFIM;ANDREYA;Apto;Apto
4506813451;2025-10-29;;SENHOR DO BONFIM;ANDREYA;Aguardando Retorno;Aguardando retorno cliente
4506814862;2025-10-29;;SENHOR DO BONFIM;ANDREYA;Inapto;Irregularidade do Padrao
4506815853;2025-10-29;;SENHOR DO BONFIM;ANDREYA;Aguardando Retorno;Aguardando retorno cliente
4506822600;2025-10-29;2025-10-29;SENHOR DO BONFIM;ANDREYA;Aguardando Retorno;Aguardando retorno cliente
4506823130;2025-10-29;;SENHOR DO BONFIM;ANDRESSA;Inapto;Deficiencia tecnica
4506824508;2025-10-29;2025-10-29;SENHOR DO BONFIM;ANDRESSA;Apto;Apto
4506762980;2025-10-29;2025-10-29;SENHOR DO BONFIM;ANDRESSA;Sem contato;Sem contato
4506795947;2025-10-29;;SENHOR DO BONFIM;ANDREYA;Aguardando Retorno;Aguardando retorno cliente
4506806426;2025-10-29;;SENHOR DO BONFIM;ANDREYA;Aguardando Retorno;Aguardando retorno cliente
4506808473;2025-10-29;;SENHOR DO BONFIM;ANDREYA;Aguardando Retorno;Aguardando retorno cliente
4506818741;2025-10-31;;SENHOR DO BONFIM;AMANDA;Inapto;Deficiencia tecnica
4506805468;2025-11-01;;SENHOR DO BONFIM;ANDREYA;Apto;Ja realizada
4506809930;2025-11-01;;SENHOR DO BONFIM;ANDREYA;Apto;Apto
4506816109;2025-11-01;;SENHOR DO BONFIM;ANDREYA;Aguardando Retorno;Aguardando retorno cliente
4506816984;2025-11-01;;SENHOR DO BONFIM;ANDREYA;Aguardando Retorno;Aguardando retorno cliente
4506816987;2025-11-01;;SENHOR DO BONFIM;ANDREYA;Aguardando Retorno;Aguardando retorno cliente
4506818344;2025-11-01;;SENHOR DO BONFIM;ANDREYA;Aguardando Retorno;Aguardando retorno cliente
4506818825;2025-11-01;;SENHOR DO BONFIM;ANDREYA;Aguardando Retorno;Aguardando retorno cliente
4506819805;2025-11-01;;SENHOR DO BONFIM;ANDREYA;Aguardando Retorno;Aguardando retorno cliente
4506820739;2025-11-01;;SENHOR DO BONFIM;ANDREYA;Aguardando Retorno;Aguardando retorno cliente
4506821695;2025-11-01;;SENHOR DO BONFIM;ANDREYA;Aguardando Retorno;Aguardando retorno cliente
4506821707;2025-11-01;;SENHOR DO BONFIM;ANDREYA;Aguardando Retorno;Aguardando retorno cliente
4506824587;2025-11-01;2025-11-01;SENHOR DO BONFIM;AMANDA;Apto;Apto
4506829509;2025-11-01;2025-11-01;SENHOR DO BONFIM;AMANDA;Apto;Apto
4506812944;2025-11-04;;SENHOR DO BONFIM;AMANDA;Inapto;
4506813950;2025-10-28;2025-10-28;SENHOR DO BONFIM;AMANDA;Apto;Apto
4506814985;2025-10-29;2025-10-29;SENHOR DO BONFIM;AMANDA;Apto;Apto
4506822769;2025-10-29;2025-10-29;SENHOR DO BONFIM;AMANDA;Apto;Apto
4506824262;2025-11-04;;SENHOR DO BONFIM;AMANDA;Inapto;
4506824591;2025-11-04;2025-11-04;SENHOR DO BONFIM;AMANDA;Apto;Apto
4506827603;2025-10-29;2025-10-29;SENHOR DO BONFIM;AMANDA;Apto;Apto
4506828541;2025-11-03;2025-11-03;SENHOR DO BONFIM;AMANDA;Apto;Apto
4506828561;2025-10-28;2025-10-28;SENHOR DO BONFIM;AMANDA;Apto;Apto
4506810701;2025-11-07;;SENHOR DO BONFIM;AMANDA;Aguardando Retorno;Aguardando retorno cliente
4506824431;2025-11-07;;SENHOR DO BONFIM;AMANDA;Aguardando Retorno;Aguardando retorno cliente
4506825707;2025-11-07;;SENHOR DO BONFIM;AMANDA;Aguardando Retorno;Aguardando retorno cliente
4506825749;2025-11-07;;SENHOR DO BONFIM;AMANDA;Aguardando Retorno;Aguardando retorno cliente
4506827221;2025-11-07;2025-11-07;SENHOR DO BONFIM;AMANDA;Apto;Apto
4506833052;2025-11-07;2025-11-07;SENHOR DO BONFIM;AMANDA;Apto;Apto
4506833071;2025-11-07;2025-11-07;SENHOR DO BONFIM;AMANDA;Apto;Apto
4506834036;2025-11-07;2025-11-07;SENHOR DO BONFIM;AMANDA;Apto;Apto
4506834079;2025-11-07;;SENHOR DO BONFIM;AMANDA;Aguardando Retorno;Aguardando retorno cliente
4506834511;2025-11-07;2025-11-07;SENHOR DO BONFIM;AMANDA;Apto;Apto
4506799222;2025-11-10;;SENHOR DO BONFIM;AMANDA;Aguardando Retorno;Aguardando retorno cliente
4506835585;2025-11-11;2025-11-11;SENHOR DO BONFIM;AMANDA;Inapto;Deficiencia tecnica
4506825891;2025-11-12;;SENHOR DO BONFIM;AMANDA;Aguardando Retorno;Aguardando retorno cliente
4506791333;2025-11-07;2025-11-07;SENHOR DO BONFIM;AMANDA;Apto;Apto
4506798291;2025-11-13;;SENHOR DO BONFIM;AMANDA;Aguardando Retorno;Aguardando retorno cliente
4506825498;2025-11-13;;SENHOR DO BONFIM;AMANDA;Aguardando Retorno;Aguardando retorno cliente
4506825990;2025-11-10;2025-11-10;SENHOR DO BONFIM;AMANDA;Apto;Apto
4506826489;2025-11-13;2025-11-14;SENHOR DO BONFIM;AMANDA;Apto;Apto
4506828345;2025-11-13;2025-11-13;SENHOR DO BONFIM;AMANDA;Apto;Apto
4506830317;2025-11-13;;SENHOR DO BONFIM;AMANDA;Aguardando Retorno;Aguardando retorno cliente
4506831346;2025-11-13;;SENHOR DO BONFIM;AMANDA;Aguardando Retorno;Aguardando retorno cliente
4506837650;2025-11-13;;SENHOR DO BONFIM;AMANDA;Aguardando Retorno;Aguardando retorno cliente
4506838662;2025-11-07;2025-11-07;SENHOR DO BONFIM;AMANDA;Apto;Apto
4506840568;2025-11-13;2025-11-13;SENHOR DO BONFIM;AMANDA;Apto;Apto
4506832767;2025-11-14;;SENHOR DO BONFIM;AMANDA;Aguardando Retorno;Aguardando retorno cliente
4506825891;2025-11-12;;SENHOR DO BONFIM;AMANDA;Aguardando Retorno;Aguardando retorno cliente
4506826461;2025-11-13;;SENHOR DO BONFIM;AMANDA;Aguardando Retorno;Aguardando retorno cliente
4506605070;2025-11-19;;SENHOR DO BONFIM;AMANDA;Aguardando Retorno;Aguardando retorno cliente
4506785941;2025-11-19;;SENHOR DO BONFIM;AMANDA;Aguardando Retorno;Aguardando retorno cliente
4506825459;2025-11-19;;SENHOR DO BONFIM;AMANDA;Aguardando Retorno;Aguardando retorno cliente
4506828455;2025-11-19;;SENHOR DO BONFIM;AMANDA;Aguardando Retorno;Aguardando retorno cliente
4506834493;2025-11-14;;SENHOR DO BONFIM;AMANDA;Aguardando Retorno;Aguardando retorno cliente
4506843214;2025-11-14;;SENHOR DO BONFIM;AMANDA;Aguardando Retorno;Aguardando retorno cliente
4506843681;2025-11-14;;SENHOR DO BONFIM;AMANDA;Aguardando Retorno;Aguardando retorno cliente
4506845356;2025-12-02;;SENHOR DO BONFIM;AMANDA;Aguardando Retorno;Aguardando retorno cliente
4506846782;2025-12-02;2025-12-02;SENHOR DO BONFIM;AMANDA;Apto;Apto
4506848193;2025-12-02;;SENHOR DO BONFIM;AMANDA;Aguardando Retorno;Aguardando retorno cliente
4506849179;2025-12-02;;SENHOR DO BONFIM;AMANDA;Aguardando Retorno;Aguardando retorno cliente
4506849682;2025-12-02;2025-12-02;SENHOR DO BONFIM;AMANDA;Inapto;Deficiencia tecnica
4506104226;2025-12-02;;SENHOR DO BONFIM;AMANDA;Aguardando Retorno;Aguardando retorno cliente
4506262768;2025-12-01;;SENHOR DO BONFIM;AMANDA;Aguardando Retorno;Aguardando retorno cliente
4506850281;2025-12-02;;SENHOR DO BONFIM;AMANDA;Inapto;Deficiencia tecnica
4506852689;2025-12-01;;SENHOR DO BONFIM;AMANDA;Aguardando Retorno;Aguardando retorno cliente
4506856667;2025-12-02;;SENHOR DO BONFIM;AMANDA;Aguardando Retorno;Aguardando retorno cliente
4506845966;2025-12-02;;SENHOR DO BONFIM;AMANDA;Aguardando Retorno;Aguardando retorno cliente
4506851790;2025-12-02;;SENHOR DO BONFIM;AMANDA;Aguardando Retorno;Aguardando retorno cliente
4506482809;2025-12-03;2025-12-03;SENHOR DO BONFIM;AMANDA;Apto;Apto
4506830399;2025-11-28;2025-11-28;SENHOR DO BONFIM;AMANDA;Apto;Apto
4506836825;2025-11-28;2025-11-28;SENHOR DO BONFIM;AMANDA;Apto;Apto
4506854171;2025-12-03;2025-12-03;SENHOR DO BONFIM;AMANDA;Apto;Apto
4506860041;2025-12-03;2025-12-03;SENHOR DO BONFIM;AMANDA;Apto;Apto
4506854411;2025-12-10;2025-12-10;SENHOR DO BONFIM;JOVANIA;Inapto;Deficiencia tecnica
4506855400;2025-12-10;2025-12-10;SENHOR DO BONFIM;JOVANIA;Aguardando Retorno;Aguardando retorno cliente
4506858423;2025-12-10;2025-12-10;SENHOR DO BONFIM;JOVANIA;Apto;Apto
4506859365;2025-12-10;;SENHOR DO BONFIM;JOVANIA;Aguardando Retorno;Aguardando retorno cliente
4506860807;2025-12-10;2025-12-10;SENHOR DO BONFIM;JOVANIA;Apto;Apto
4506862363;2025-12-10;2025-12-10;SENHOR DO BONFIM;JOVANIA;Apto;Apto
4506862762;2025-12-10;2025-12-10;SENHOR DO BONFIM;JOVANIA;Apto;Apto
4506863258;2025-12-10;;SENHOR DO BONFIM;JOVANIA;Apto;Apto
4506864704;2025-12-10;;SENHOR DO BONFIM;JOVANIA;Aguardando Retorno;Aguardando retorno cliente
4506865643;2025-12-11;;SENHOR DO BONFIM;JOVANIA;Inapto;Sem contato
4506866099;2025-12-10;;SENHOR DO BONFIM;ANDREYA;Aguardando Retorno;
4506867149;2025-12-10;;SENHOR DO BONFIM;ANDREYA;Apto;Ja realizada
4506867659;2025-12-10;;SENHOR DO BONFIM;ANDREYA;Apto;Ja realizada
4506869062;2025-12-10;;SENHOR DO BONFIM;ANDREYA;Telefone não existe;Sem contato
4506870031;2025-12-10;;SENHOR DO BONFIM;ANDREYA;Aguardando Retorno;Aguardando retorno cliente
4506870056;2025-12-10;;SENHOR DO BONFIM;ANDREYA;Aguardando Retorno;Aguardando retorno cliente
4506870505;2025-12-10;;SENHOR DO BONFIM;ANDREYA;Aguardando Retorno;Aguardando retorno cliente
4506837678;2025-12-11;;SENHOR DO BONFIM;JOVANIA;Aguardando Retorno;Aguardando retorno cliente
4506839363;2025-12-11;;SENHOR DO BONFIM;JOVANIA;Aguardando Retorno;Aguardando retorno cliente
4506853939;2025-12-11;2025-12-11;SENHOR DO BONFIM;JOVANIA;Inapto;Cadastro Incorreto
4506854432;2025-12-11;;SENHOR DO BONFIM;JOVANIA;Aguardando Retorno;Aguardando retorno cliente
4506855447;2025-12-11;;SENHOR DO BONFIM;JOVANIA;Aguardando Retorno;Aguardando retorno cliente
4506860890;2025-12-11;;SENHOR DO BONFIM;JOVANIA;Aguardando Retorno;Aguardando retorno cliente
4506864778;2025-12-11;;SENHOR DO BONFIM;JOVANIA;Aguardando Retorno;Aguardando retorno cliente
4506866150;2025-12-11;;SENHOR DO BONFIM;JOVANIA;Aguardando Retorno;Aguardando retorno cliente
4506854490;2025-12-12;2025-12-15;SENHOR DO BONFIM;JOVANIA;Apto;Apto
4506855483;2025-12-12;2025-12-15;SENHOR DO BONFIM;JOVANIA;Apto;Apto
4506859432;2025-12-12;2025-12-12;SENHOR DO BONFIM;JOVANIA;Inapto;Deficiencia tecnica
4506859919;2025-12-12;;SENHOR DO BONFIM;JOVANIA;Aguardando Retorno;Aguardando retorno cliente
4506860040;2025-12-12;;SENHOR DO BONFIM;JOVANIA;Aguardando Retorno;Aguardando retorno cliente
4506861478;2025-12-12;;SENHOR DO BONFIM;JOVANIA;Aguardando Retorno;Aguardando retorno cliente
4506861480;2025-12-12;;SENHOR DO BONFIM;JOVANIA;Inapto;Sem contato
4506861957;2025-12-12;;SENHOR DO BONFIM;JOVANIA;Inapto;Cadastro Incorreto
4506861978;2025-12-12;2025-12-12;SENHOR DO BONFIM;JOVANIA;Inapto;Deficiencia tecnica
4506862438;2025-12-12;2025-12-12;SENHOR DO BONFIM;JOVANIA;Apto;Apto
4506862446;2025-12-12;;SENHOR DO BONFIM;JOVANIA;Aguardando Retorno;Aguardando retorno cliente
4506864504;2025-12-12;;SENHOR DO BONFIM;AMANDA;Aguardando Retorno;Aguardando retorno cliente
4506864813;2025-12-12;;SENHOR DO BONFIM;AMANDA;Aguardando Retorno;Aguardando retorno cliente
4506864839;2025-12-12;;SENHOR DO BONFIM;AMANDA;Aguardando Retorno;Aguardando retorno cliente
4506865247;2025-12-12;;SENHOR DO BONFIM;JOVANIA;Inapto;Sem acesso
4506865735;2025-12-12;;SENHOR DO BONFIM;AMANDA;Inapto;Sem contato
4506865741;2025-12-12;;SENHOR DO BONFIM;AMANDA;Aguardando Retorno;Aguardando retorno cliente
4506867345;2025-12-12;;SENHOR DO BONFIM;AMANDA;Aguardando Retorno;Aguardando retorno cliente
4506867870;2025-12-12;2025-12-12;SENHOR DO BONFIM;AMANDA;Apto;Apto
4506868138;2025-12-12;2025-12-12;SENHOR DO BONFIM;AMANDA;Inapto;Deficiencia tecnica
4506869161;2025-12-12;2025-12-12;SENHOR DO BONFIM;AMANDA;Apto;Apto
4506870169;2025-12-12;;SENHOR DO BONFIM;AMANDA;Aguardando Retorno;Aguardando retorno cliente
4506870594;2025-12-12;;SENHOR DO BONFIM;AMANDA;Aguardando Retorno;Aguardando retorno cliente
4506870631;2025-12-12;;SENHOR DO BONFIM;AMANDA;Aguardando Retorno;Aguardando retorno cliente
4506872052;2025-12-12;;SENHOR DO BONFIM;AMANDA;Aguardando Retorno;Aguardando retorno cliente
4506872056;2025-12-12;;SENHOR DO BONFIM;AMANDA;Aguardando Retorno;Aguardando retorno cliente
4506834930;2025-12-12;;SENHOR DO BONFIM;JOVANIA;Aguardando Retorno;Aguardando retorno cliente
4506853994;2025-12-12;2025-12-16;SENHOR DO BONFIM;JOVANIA;Apto;Apto
4506860381;2025-12-12;2025-12-15;SENHOR DO BONFIM;JOVANIA;Apto;Apto
4506860970;2025-12-12;;SENHOR DO BONFIM;JOVANIA;Aguardando Retorno;Aguardando retorno cliente
4506863389;2025-12-15;2025-12-15;SENHOR DO BONFIM;AMANDA;Apto;Apto
4506864266;2025-12-15;2025-12-15;SENHOR DO BONFIM;AMANDA;Apto;Apto
4506864854;2025-12-15;2025-12-15;SENHOR DO BONFIM;AMANDA;Apto;Apto
4506864972;2025-12-12;2025-12-12;SENHOR DO BONFIM;AMANDA;Apto;Apto
4506865266;2025-12-15;2025-12-15;SENHOR DO BONFIM;AMANDA;Apto;Apto
4506867357;2025-12-15;;SENHOR DO BONFIM;AMANDA;Aguardando Retorno;Aguardando retorno cliente
4506867972;2025-12-15;;SENHOR DO BONFIM;AMANDA;Aguardando Retorno;Aguardando retorno cliente
4506867979;2025-12-16;;SENHOR DO BONFIM;AMANDA;Aguardando Retorno;Aguardando retorno cliente
4506868635;2025-12-16;;SENHOR DO BONFIM;AMANDA;Aguardando Retorno;Aguardando retorno cliente
4506872112;2025-12-16;;SENHOR DO BONFIM;AMANDA;Aguardando Retorno;Aguardando retorno cliente
4506872556;2025-12-16;2025-12-16;SENHOR DO BONFIM;AMANDA;Inapto;Irregularidade do Padrao
4506094363;2025-12-16;;SENHOR DO BONFIM;JOVANIA;Aguardando Retorno;Aguardando retorno cliente
4506458988;2025-12-16;;SENHOR DO BONFIM;JOVANIA;Apto;Apto
4506831062;2025-12-16;;SENHOR DO BONFIM;JOVANIA;Apto;Apto
4506848378;2025-12-16;;SENHOR DO BONFIM;JOVANIA;Inapto;Obra
4506860433;2025-12-16;;SENHOR DO BONFIM;JOVANIA;Aguardando Retorno;Aguardando retorno cliente
4506860437;2025-12-16;;SENHOR DO BONFIM;JOVANIA;Aguardando Retorno;Aguardando retorno cliente
4506860997;2025-12-16;2025-02-17;SENHOR DO BONFIM;JOVANIA;Apto;Apto
4506863901;2025-12-16;;SENHOR DO BONFIM;JOVANIA;Aguardando Retorno;Aguardando retorno cliente
4506864983;2025-12-16;2025-12-16;SENHOR DO BONFIM;JOVANIA;Inapto;Sem contato
4506865296;2025-12-16;;SENHOR DO BONFIM;JOVANIA;Aguardando Retorno;Aguardando retorno cliente
4506281102;2025-12-18;;SENHOR DO BONFIM;AMANDA;Aguardando Retorno;Aguardando retorno cliente
4506862949;2025-12-17;2025-12-18;SENHOR DO BONFIM;JOVANIA;Apto;Apto
4506863904;2025-12-17;;SENHOR DO BONFIM;JOVANIA;Aguardando Retorno;Aguardando retorno cliente
4506863925;2025-12-17;2025-12-18;SENHOR DO BONFIM;JOVANIA;Apto;Aguardando retorno cliente
4506863933;2025-12-17;;SENHOR DO BONFIM;JOVANIA;Aguardando Retorno;Aguardando retorno cliente
4506864421;2025-12-17;;SENHOR DO BONFIM;JOVANIA;Aguardando Retorno;Aguardando retorno cliente
4506867458;2025-12-17;2025-12-18;SENHOR DO BONFIM;JOVANIA;Inapto;Deficiencia tecnica
4506867461;2025-12-17;;SENHOR DO BONFIM;JOVANIA;Inapto;Sem contato
4506867463;2025-12-17;2025-12-18;SENHOR DO BONFIM;JOVANIA;Inapto;Deficiencia tecnica
4506867484;2025-12-17;;SENHOR DO BONFIM;JOVANIA;Aguardando Retorno;Aguardando retorno cliente
4506874060;2025-12-18;;SENHOR DO BONFIM;AMANDA;Aguardando Retorno;Aguardando retorno cliente
4506859071;2025-12-18;;SENHOR DO BONFIM;JOVANIA;Aguardando Retorno;Aguardando retorno cliente
4506864505;2025-12-18;;SENHOR DO BONFIM;JOVANIA;Apto;Apto
4506866428;2025-12-18;;SENHOR DO BONFIM;JOVANIA;Apto;Apto
4506866894;2025-12-18;2025-12-19;SENHOR DO BONFIM;JOVANIA;Apto;Apto
4506868284;2025-12-18;2025-12-18;SENHOR DO BONFIM;JOVANIA;Apto;Apto
4506868288;2025-12-18;;SENHOR DO BONFIM;JOVANIA;Aguardando Retorno;Aguardando retorno cliente
4506868298;2025-12-18;;SENHOR DO BONFIM;JOVANIA;Aguardando Retorno;Aguardando retorno cliente
4506868859;2025-12-18;;SENHOR DO BONFIM;JOVANIA;Aguardando Retorno;Aguardando retorno cliente
4506869124;2025-12-18;2025-12-18;SENHOR DO BONFIM;JOVANIA;Apto;Apto
4506870282;2025-12-18;;SENHOR DO BONFIM;JOVANIA;Aguardando Retorno;Aguardando retorno cliente
4506870327;2025-12-18;2025-12-18;SENHOR DO BONFIM;JOVANIA;Apto;Apto
4506870860;2025-12-18;;SENHOR DO BONFIM;JOVANIA;Aguardando Retorno;Aguardando retorno cliente
4506871401;2025-12-18;;SENHOR DO BONFIM;JOVANIA;Aguardando Retorno;Aguardando retorno cliente
4506872336;2025-12-19;2025-12-19;SENHOR DO BONFIM;AMANDA;Apto;Apto
4506352142;2025-12-18;;SENHOR DO BONFIM;AMANDA;Aguardando Retorno;Aguardando retorno cliente
4506630548;2025-12-18;;SENHOR DO BONFIM;AMANDA;Aguardando Retorno;Aguardando retorno cliente
4506677005;2025-12-18;;SENHOR DO BONFIM;AMANDA;Aguardando Retorno;Aguardando retorno cliente
4506850785;2025-12-18;2025-12-18;SENHOR DO BONFIM;AMANDA;Apto;Apto
4506851429;2025-12-18;;SENHOR DO BONFIM;AMANDA;Aguardando Retorno;Aguardando retorno cliente
4506853734;2025-12-18;;SENHOR DO BONFIM;AMANDA;Aguardando Retorno;Aguardando retorno cliente
4506859919;2025-12-18;;SENHOR DO BONFIM;AMANDA;Aguardando Retorno;Aguardando retorno cliente
4506860621;2025-12-18;;SENHOR DO BONFIM;AMANDA;Aguardando Retorno;Aguardando retorno cliente
4506861820;2025-12-18;;SENHOR DO BONFIM;AMANDA;Aguardando Retorno;Aguardando retorno cliente
4506864494;2025-12-18;2025-12-18;SENHOR DO BONFIM;AMANDA;Apto;Apto
4506865480;2025-12-18;;SENHOR DO BONFIM;AMANDA;Aguardando Retorno;Aguardando retorno cliente
4506866471;2025-12-18;;SENHOR DO BONFIM;AMANDA;Aguardando Retorno;Aguardando retorno cliente
4506866495;2025-12-18;;SENHOR DO BONFIM;AMANDA;Aguardando Retorno;Aguardando retorno cliente
4506868138;2025-12-18;2025-12-18;SENHOR DO BONFIM;AMANDA;Apto;Apto
4506868881;2025-12-18;;SENHOR DO BONFIM;AMANDA;Aguardando Retorno;Aguardando retorno cliente
4506869358;2025-12-18;;SENHOR DO BONFIM;AMANDA;Aguardando Retorno;Aguardando retorno cliente
4506869761;2025-12-18;;SENHOR DO BONFIM;AMANDA;Aguardando Retorno;Aguardando retorno cliente
4506913913;2026-02-02;;SENHOR DO BONFIM;AMANDA;Aguardando Retorno;Aguardando retorno cliente
4506914878;2026-02-02;2026-02-02;SENHOR DO BONFIM;AMANDA;Apto;Apto
4506915762;2026-02-02;;SENHOR DO BONFIM;AMANDA;Aguardando Retorno;Aguardando retorno cliente
4506916783;2026-02-02;;SENHOR DO BONFIM;AMANDA;Aguardando Retorno;Aguardando retorno cliente
4506916787;2026-02-02;2026-02-02;SENHOR DO BONFIM;AMANDA;Inapto;Deficiencia tecnica
4506916794;2026-02-02;2026-02-02;SENHOR DO BONFIM;AMANDA;Apto;Apto
4506917298;2026-02-02;2026-02-02;SENHOR DO BONFIM;AMANDA;Apto;Apto
4506917797;2026-02-02;;SENHOR DO BONFIM;AMANDA;Aguardando Retorno;Aguardando retorno cliente
4506918702;2026-02-02;;SENHOR DO BONFIM;AMANDA;Aguardando Retorno;Aguardando retorno cliente
4506918707;2026-02-02;2026-02-02;SENHOR DO BONFIM;JOVANIA;Inapto;Obra
4506919208;2026-02-02;2026-02-02;SENHOR DO BONFIM;JOVANIA;Inapto;Deficiencia tecnica
4506919689;2026-02-02;2026-02-03;SENHOR DO BONFIM;JOVANIA;Apto;Apto
4506919703;2026-02-02;2026-03-03;SENHOR DO BONFIM;JOVANIA;Apto;Apto
4506920107;2026-02-02;;SENHOR DO BONFIM;JOVANIA;Aguardando Retorno;Aguardando retorno cliente
4506920109;2026-02-02;2026-02-03;SENHOR DO BONFIM;JOVANIA;Apto;Apto
4506920564;2026-02-02;2026-02-02;SENHOR DO BONFIM;JOVANIA;Inapto;Deficiencia tecnica
4506898854;2026-02-04;;SENHOR DO BONFIM;AMANDA;Aguardando Retorno;Aguardando retorno cliente
4506909932;2026-02-04;2026-02-04;SENHOR DO BONFIM;AMANDA;Apto;Apto
4506909954;2026-02-03;2026-02-03;SENHOR DO BONFIM;AMANDA;Apto;Apto
4506910859;2026-02-04;;SENHOR DO BONFIM;AMANDA;Aguardando Retorno;Aguardando retorno cliente
4506910876;2026-02-04;;SENHOR DO BONFIM;AMANDA;Aguardando Retorno;Aguardando retorno cliente
4506911442;2026-02-04;2026-02-04;SENHOR DO BONFIM;AMANDA;Apto;Apto
4506912364;2026-02-04;;SENHOR DO BONFIM;AMANDA;Aguardando Retorno;Aguardando retorno cliente
4506912389;2026-02-04;;SENHOR DO BONFIM;AMANDA;Aguardando Retorno;Aguardando retorno cliente
4506913438;2026-02-04;;SENHOR DO BONFIM;AMANDA;Aguardando Retorno;Aguardando retorno cliente
4506913999;2026-02-05;2026-02-05;SENHOR DO BONFIM;AMANDA;Apto;Apto
4506914952;2026-02-04;;SENHOR DO BONFIM;JOVANIA;Aguardando Retorno;Aguardando retorno cliente
4506915282;2026-02-04;;SENHOR DO BONFIM;JOVANIA;Aguardando Retorno;Aguardando retorno cliente
4506916311;2026-02-04;;SENHOR DO BONFIM;JOVANIA;Apto;Apto
4506917859;2026-02-04;;SENHOR DO BONFIM;JOVANIA;Aguardando Retorno;Aguardando retorno cliente
4506918298;2026-02-04;;SENHOR DO BONFIM;JOVANIA;;
4506919354;2026-02-04;;SENHOR DO BONFIM;JOVANIA;;
4506919511;2026-02-04;;SENHOR DO BONFIM;JOVANIA;;
4506920660;2026-02-05;2026-02-05;SENHOR DO BONFIM;AMANDA;Apto;Apto
4506920678;2026-02-05;2026-02-05;SENHOR DO BONFIM;AMANDA;Apto;Apto
4506922170;2026-02-05;2026-02-05;SENHOR DO BONFIM;AMANDA;Apto;Apto
4506922214;2026-02-04;;SENHOR DO BONFIM;AMANDA;Aguardando Retorno;Aguardando retorno cliente
4506923158;2026-02-04;2026-02-04;SENHOR DO BONFIM;AMANDA;Apto;Apto
4506923633;2026-02-04;;SENHOR DO BONFIM;AMANDA;Aguardando Retorno;Aguardando retorno cliente
4506924201;2026-02-04;;SENHOR DO BONFIM;AMANDA;Aguardando Retorno;Aguardando retorno cliente
4506880749;2026-02-05;2026-02-05;SENHOR DO BONFIM;AMANDA;Apto;Apto
4506912232;2026-02-06;;SENHOR DO BONFIM;AMANDA;Aguardando Retorno;Aguardando retorno cliente
4506915369;2026-02-09;;SENHOR DO BONFIM;AMANDA;Aguardando Retorno;Aguardando retorno cliente
4506921856;2026-02-06;;SENHOR DO BONFIM;AMANDA;Aguardando Retorno;Aguardando retorno cliente
4506922267;2026-02-09;;SENHOR DO BONFIM;AMANDA;Aguardando Retorno;Aguardando retorno cliente
4506923674;2026-02-09;;SENHOR DO BONFIM;AMANDA;Aguardando Retorno;Aguardando retorno cliente
4506920957;2026-02-11;;SENHOR DO BONFIM;JOVANIA;Aguardando Retorno;Aguardando retorno cliente
4506921412;2026-02-11;2026-02-11;SENHOR DO BONFIM;JOVANIA;Inapto;Deficiencia tecnica
4506922485;2026-02-11;;SENHOR DO BONFIM;JOVANIA;Aguardando Retorno;Aguardando retorno cliente
4506923806;2026-02-11;;SENHOR DO BONFIM;JOVANIA;Aguardando Retorno;Aguardando retorno cliente
4506923816;2026-02-11;;SENHOR DO BONFIM;JOVANIA;Aguardando Retorno;Aguardando retorno cliente
4506923821;2026-02-11;;SENHOR DO BONFIM;JOVANIA;Apto;Apto
4506924881;2026-02-11;;SENHOR DO BONFIM;JOVANIA;Apto;Apto
4506925417;2026-02-11;;SENHOR DO BONFIM;AMANDA;Aguardando Retorno;Aguardando retorno cliente
4506926781;2026-02-11;;SENHOR DO BONFIM;AMANDA;Aguardando Retorno;Aguardando retorno cliente
4506926788;2026-02-11;;SENHOR DO BONFIM;AMANDA;Aguardando Retorno;Aguardando retorno cliente
4506927729;2026-02-11;;SENHOR DO BONFIM;AMANDA;Inapto;Deficiencia tecnica
4506928131;2026-02-11;;SENHOR DO BONFIM;AMANDA;Aguardando Retorno;Aguardando retorno cliente
4506905712;2026-02-11;;SENHOR DO BONFIM;JOVANIA;Aguardando Retorno;Aguardando retorno cliente
4506923918;2026-02-11;;SENHOR DO BONFIM;JOVANIA;Aguardando Retorno;Aguardando retorno cliente
4506925451;2026-02-11;2026-02-11;SENHOR DO BONFIM;JOVANIA;Apto;Apto
4506926344;2026-02-11;;SENHOR DO BONFIM;JOVANIA;Aguardando Retorno;Aguardando retorno cliente
4506926374;2026-02-11;;SENHOR DO BONFIM;JOVANIA;Aguardando Retorno;Aguardando retorno cliente
4506926880;2026-02-11;;SENHOR DO BONFIM;JOVANIA;Aguardando Retorno;Aguardando retorno cliente
4506926898;2026-02-11;;SENHOR DO BONFIM;JOVANIA;Aguardando Retorno;Aguardando retorno cliente
4506926910;2026-02-11;2026-02-11;SENHOR DO BONFIM;JOVANIA;Inapto;Deficiencia tecnica
4506928756;2026-02-11;;SENHOR DO BONFIM;AMANDA;Aguardando Retorno;Aguardando retorno cliente
4506929298;2026-02-11;;SENHOR DO BONFIM;AMANDA;Aguardando Retorno;Aguardando retorno cliente
4506929300;2026-02-11;;SENHOR DO BONFIM;AMANDA;Aguardando Retorno;Aguardando retorno cliente
4506929744;2026-02-11;2026-02-11;SENHOR DO BONFIM;AMANDA;Apto;Apto
4506930754;2026-02-11;;SENHOR DO BONFIM;AMANDA;Aguardando Retorno;Aguardando retorno cliente
4506930765;2026-02-11;;SENHOR DO BONFIM;AMANDA;Aguardando Retorno;Aguardando retorno cliente
4506930773;2026-02-11;;SENHOR DO BONFIM;AMANDA;Aguardando Retorno;Aguardando retorno cliente
4506930798;2026-02-11;;SENHOR DO BONFIM;AMANDA;Aguardando Retorno;Aguardando retorno cliente
4506931258;2026-02-11;2026-02-11;SENHOR DO BONFIM;AMANDA;Apto;Apto
4506932766;2026-02-11;;SENHOR DO BONFIM;AMANDA;Aguardando Retorno;Aguardando retorno cliente
4506935100;2026-02-11;;SENHOR DO BONFIM;AMANDA;Aguardando Retorno;Aguardando retorno cliente
4506935712;2026-02-11;;SENHOR DO BONFIM;AMANDA;Aguardando Retorno;Aguardando retorno cliente
4506935720;2026-02-11;;SENHOR DO BONFIM;AMANDA;Aguardando Retorno;Aguardando retorno cliente
4506936098;2026-02-13;;SENHOR DO BONFIM;ANDREYA;Aguardando Retorno;Aguardando retorno cliente
4506937071;2026-02-12;;SENHOR DO BONFIM;AMANDA;Aguardando Retorno;Aguardando retorno cliente
4506937633;2026-02-12;;SENHOR DO BONFIM;AMANDA;Aguardando Retorno;Aguardando retorno cliente
4506937645;2026-02-12;;SENHOR DO BONFIM;AMANDA;Aguardando Retorno;Aguardando retorno cliente
4506938066;2026-02-13;2026-02-13;SENHOR DO BONFIM;AMANDA;Apto;Apto
4506938555;2026-02-12;2026-02-12;SENHOR DO BONFIM;AMANDA;Apto;Apto
4506938564;2026-02-12;2026-02-12;SENHOR DO BONFIM;AMANDA;Apto;Apto
4506938587;2026-02-12;2026-02-12;SENHOR DO BONFIM;AMANDA;Apto;Apto
4506939049;2026-02-12;2026-02-12;SENHOR DO BONFIM;AMANDA;Apto;Apto
4506738459;2026-02-13;;SENHOR DO BONFIM;ANDREYA;Apto;Apto
4506911650;2026-02-13;;SENHOR DO BONFIM;ANDREYA;Apto;Apto
4506923956;2026-02-13;;SENHOR DO BONFIM;ANDREYA;Aguardando Retorno;Aguardando retorno cliente
4506926921;2026-02-13;;SENHOR DO BONFIM;ANDREYA;Inapto;Deficiencia tecnica
4506926923;2026-02-13;;SENHOR DO BONFIM;ANDREYA;Apto;Apto
4506927332;2026-02-13;;SENHOR DO BONFIM;ANDREYA;Apto;Apto
4506927359;2026-02-13;;SENHOR DO BONFIM;ANDREYA;Apto;Apto
4506927361;2026-02-13;;SENHOR DO BONFIM;ANDREYA;Apto;Apto
4506927362;2026-02-13;;SENHOR DO BONFIM;ANDREYA;Inapto;Deficiencia tecnica
4506927363;2026-02-13;;SENHOR DO BONFIM;ANDREYA;Aguardando Retorno;Aguardando retorno cliente
4506927869;2026-02-16;2026-02-16;SENHOR DO BONFIM;ANDREYA;Apto;Apto
4506928790;2026-02-16;;SENHOR DO BONFIM;ANDREYA;Aguardando Retorno;Aguardando retorno cliente
4506928795;2026-02-16;;SENHOR DO BONFIM;ANDREYA;Aguardando Retorno;Aguardando retorno cliente
4506929342;2026-02-16;;SENHOR DO BONFIM;ANDREYA;Aguardando Retorno;Aguardando retorno cliente
4506930828;2026-02-16;;SENHOR DO BONFIM;ANDREYA;Aguardando Retorno;Aguardando retorno cliente
4506931853;2026-02-16;;SENHOR DO BONFIM;ANDREYA;Aguardando Retorno;Aguardando retorno cliente
4506934655;2026-02-16;;SENHOR DO BONFIM;ANDREYA;Apto;Apto
4506935138;2026-02-16;;SENHOR DO BONFIM;ANDREYA;Apto;Ja realizada
4506935144;2026-02-16;;SENHOR DO BONFIM;AMANDA;Aguardando Retorno;Aguardando retorno cliente
4506935730;2026-02-16;;SENHOR DO BONFIM;ANDREYA;Apto;Ja realizada
4506935737;2026-02-16;;SENHOR DO BONFIM;ANDREYA;Aguardando Retorno;Aguardando retorno cliente
4506937661;2026-02-13;2026-02-13;SENHOR DO BONFIM;AMANDA;Apto;Apto
4506937672;2026-02-16;;SENHOR DO BONFIM;ANDREYA;Aguardando Retorno;Aguardando retorno cliente
4506937703;2026-02-16;2026-02-16;SENHOR DO BONFIM;AMANDA;Apto;Apto
4506939102;2026-02-16;;SENHOR DO BONFIM;AMANDA;Aguardando Retorno;Aguardando retorno cliente
4506912417;2026-02-16;;SENHOR DO BONFIM;AMANDA;Aguardando Retorno;Aguardando retorno cliente
4506920140;2026-02-16;;SENHOR DO BONFIM;ANDREYA;Aguardando Retorno;Aguardando retorno cliente
4506928830;2026-02-16;;SENHOR DO BONFIM;ANDREYA;Aguardando Retorno;Aguardando retorno cliente
4506930271;2026-02-16;;SENHOR DO BONFIM;AMANDA;Aguardando Retorno;Aguardando retorno cliente
4506930844;2026-02-16;;SENHOR DO BONFIM;ANDREYA;Aguardando Retorno;Aguardando retorno cliente
4506932212;2026-02-16;;SENHOR DO BONFIM;ANDREYA;Aguardando Retorno;Aguardando retorno cliente
4506933691;2026-02-16;;SENHOR DO BONFIM;AMANDA;Aguardando Retorno;Aguardando retorno cliente
4506935754;2026-02-16;;SENHOR DO BONFIM;AMANDA;Aguardando Retorno;Aguardando retorno cliente
4506936159;2026-02-16;;SENHOR DO BONFIM;AMANDA;Aguardando Retorno;Aguardando retorno cliente
4506937144;2026-02-16;;SENHOR DO BONFIM;AMANDA;Aguardando Retorno;Aguardando retorno cliente
4506938208;2026-02-16;2026-02-16;SENHOR DO BONFIM;AMANDA;Apto;Apto
4506175147;2024-12-04;;OUROLANDIA;JOANDERSON;Apto;Apto
4506171675;2024-12-04;;OUROLANDIA;JOANDERSON;Apto;Apto
4506172326;2024-12-04;;OUROLANDIA;JOANDERSON;Apto;Apto
4506705387;2025-07-29;2025-07-25;JACOBINA;CAMILO;Apto;Apto
4506709743;2025-07-29;2025-07-29;PIRITIBA;CAMILO;Apto;Ja realizada
4506705359;2025-07-29;;SAUDE;CAMILO;Cadastro incompleto;Contato incorreto
4506712132;2025-07-29;2025-07-25;CAPIM GROSSO;CAMILO;Inapto;Obra
4506716055;2025-07-29;2025-07-29;VARZEA DA ROCA;CAMILO;Inapto;Obra
4506716062;2025-07-29;2025-07-29;SERROLANDIA;CAMILO;Apto;Apto
4506713657;2025-07-29;2025-07-29;JACOBINA;CAMILO;Apto;Apto
4506715627;2025-07-29;2025-07-29;JACOBINA;CAMILO;Apto;Apto
4506706850;2025-07-29;2025-07-29;SERROLANDIA;CAMILO;Apto;Apto
4506716073;2025-07-29;2025-07-25;JACOBINA;CAMILO;Apto;Apto
4506716571;2025-07-29;2025-07-29;VARZEA NOVA;CAMILO;Inapto;Preparar padrao
4506713208;2025-07-29;2025-07-29;VARZEA NOVA;CAMILO;Inapto;Preparar padrao
4506704800;2025-07-29;;PIRITIBA;CAMILO;Aguardando retorno;
4506703346;2025-07-29;2025-07-29;PIRITIBA;CAMILO;Inapto;Preparar padrao
4506706862;2025-07-29;2025-07-29;SERROLANDIA;CAMILO;Apto;Apto
4506714155;2025-07-29;;MUNDO NOVO;CAMILO;Cadastro incompleto;Sem contato
4506710204;2025-07-29;;SAO JOSE DO JACUIPE;CAMILO;Cadastro incompleto;Contato incorreto
4506706890;2025-07-29;2025-07-29;VARZEA DO POCO;CAMILO;Apto;Apto
4506704809;2025-07-29;2025-07-29;JACOBINA;CAMILO;Inapto;Preparar padrao
4506710208;2025-07-29;2025-07-29;SAO JOSE DO JACUIPE;CAMILO;Apto;Apto
4506710209;2025-07-29;;CAPIM GROSSO;CAMILO;Aguardando retorno;
4506710210;2025-07-29;2025-07-29;BAIXA GRANDE;CAMILO;Inapto;Preparar padrao
4506710211;2025-07-29;2025-07-29;GAVIAO;CAMILO;Apto;Apto
4506710213;2025-07-29;;OUROLANDIA;CAMILO;Cadastro incompleto;Sem contato
4506710214;2025-07-29;2025-07-29;OUROLANDIA;CAMILO;Apto;Apto
4506709295;2025-07-29;2025-07-29;JACOBINA;CAMILO;Inapto;Preparar padrao
4506707780;2025-07-29;2025-07-29;MUNDO NOVO;CAMILO;Inapto;Preparar padrao
4506710220;2025-07-29;;SAO JOSE DO JACUIPE;CAMILO;Cadastro incompleto;Contato incorreto
4506713672;2025-07-29;2025-07-29;MUNDO NOVO;CAMILO;Inapto;Preparar padrao
4506706403;2025-07-29;2025-07-29;JACOBINA;CAMILO;Apto;Apto
4506712171;2025-07-29;;UMBURANAS;CAMILO;Aguardando retorno;
4506706407;2025-07-29;2025-07-29;MIGUEL CALMON;CAMILO;Apto;Apto
4506703363;2025-07-29;;QUIXABEIRA;CAMILO;Aguardando retorno;
4506716107;2025-07-29;2025-07-29;CAPIM GROSSO;CAMILO;Apto;Apto
4506704825;2025-07-29;;JACOBINA;CAMILO;Cadastro incompleto;Contato incorreto
4506713686;2025-07-29;;JACOBINA;CAMILO;Aguardando retorno;
4506631018;2025-07-29;;CAEM;CAMILO;Aguardando retorno;
4506639504;2025-07-29;;MIRANGABA;CAMILO;Aguardando retorno;
4506675558;2025-07-29;;QUIXABEIRA;CAMILO;Aguardando retorno;
4506676609;2025-07-29;;CAEM;CAMILO;Apto;
4506685186;2025-07-29;2025-07-29;MIRANGABA;CAMILO;Apto;
4506693013;2025-07-29;2025-07-29;BAIXA GRANDE;CAMILO;Apto;
4506688935;2025-07-29;2025-07-29;SERROLANDIA;CAMILO;Inapto;Deficiencia Tecnica
4506691929;2025-07-29;2025-07-29;JACOBINA;CAMILO;Apto;Ja realizada
4506697679;2025-07-29;2025-07-29;PIRITIBA;CAMILO;Inapto;Obra
4506696260;2025-07-29;2025-07-29;PIRITIBA;CAMILO;Apto;Apto
4506706054;2025-07-29;2025-07-29;JACOBINA;CAMILO;Apto;Apto
4506710687;2025-07-29;2025-07-29;CAPIM GROSSO;CAMILO;Apto;Apto
4506709319;2025-07-29;2025-07-29;JACOBINA;CAMILO;Apto;Apto
4506714261;2025-07-29;2025-07-29;JACOBINA;CAMILO;Apto;Apto
4506706975;2025-07-29;2025-07-29;MIGUEL CALMON;CAMILO;Apto;Ja realizada
4506707828;2025-07-29;;PIRITIBA;CAMILO;Aguardando retorno;
4506711293;2025-07-29;2025-07-29;PIRITIBA;CAMILO;Inapto;Solicitação errada
4506704348;2025-07-29;2025-07-29;PIRITIBA;CAMILO;Inapto;Deficiencia Tecnica
4506704354;2025-07-29;2025-07-29;OUROLANDIA;CAMILO;Apto;Apto
4506709309;2025-07-29;2025-07-29;UMBURANAS;CAMILO;Inapto;Preparar padrao
4506716690;2025-07-29;2025-07-29;JACOBINA;CAMILO;Inapto;Preparar padrao
4506705965;2025-07-29;;OUROLANDIA;CAMILO;Cadastro incompleto;Contato incorreto
4506709333;2025-07-29;;MIGUEL CALMON;CAMILO;Aguardando retorno;
4506706935;2025-07-29;;JACOBINA;CAMILO;Aguardando retorno;
4506706942;2025-07-29;;BAIXA GRANDE;CAMILO;Aguardando retorno;
4506711698;2025-07-29;;OUROLANDIA;CAMILO;Cadastro incompleto;Contato incorreto
4506716118;2025-07-29;;MIGUEL CALMON;CAMILO;Cadastro incompleto;Sem contato
4506708215;2025-07-29;;MIRANGABA;CAMILO;Aguardando retorno;
4506715654;2025-07-29;;JACOBINA;CAMILO;Aguardando retorno;
4506706926;2025-07-29;2025-07-29;OUROLANDIA;CAMILO;Apto;Apto
4506706459;2025-07-29;2025-07-29;SERROLANDIA;CAMILO;Apto;Apto
4506707837;2025-07-29;;BAIXA GRANDE;CAMILO;Cadastro incompleto;Contato incorreto
4506706470;2025-07-29;;MIGUEL CALMON;CAMILO;Aguardando retorno;
4506706476;2025-07-29;2025-07-29;GAVIAO;CAMILO;Apto;Apto
4506713289;2025-07-29;2025-07-28;CAPIM GROSSO;CAMILO;Apto;Apto
4506714714;2025-07-29;2025-07-28;SERROLANDIA;CAMILO;Apto;Apto
4506713294;2025-07-29;2025-07-28;PIRITIBA;CAMILO;Apto;Ja realizada
4506712208;2025-07-29;2025-07-28;MIGUEL CALMON;CAMILO;Inapto;Preparar padrao
4506703407;2025-07-29;2025-07-28;CAPIM GROSSO;CAMILO;Apto;Ja realizada
4506675320;2025-07-30;;MIGUEL CALMON;CAMILO;Cadastro incompleto;Contato incorreto
4506675378;2025-07-30;;CAPIM GROSSO;CAMILO;Aguardando retorno;
4506675499;2025-07-30;2025-07-29;CAEM;CAMILO;Apto;Apto
4506682896;2025-07-30;2025-07-29;QUIXABEIRA;CAMILO;Apto;Apto
4506688987;2025-07-30;2025-07-29;VARZEA NOVA;CAMILO;Apto;Apto
4506699874;2025-07-30;;SAO JOSE DO JACUIPE;CAMILO;Aguardando retorno;
4506699449;2025-07-30;;GAVIAO;CAMILO;Cadastro incompleto;Contato incorreto
4506717132;2025-07-30;2025-07-30;BAIXA GRANDE;CAMILO;Apto;Apto
4506705449;2025-07-30;2025-07-30;JACOBINA;CAMILO;Apto;Apto
4506713804;2025-07-30;;JACOBINA;CAMILO;Aguardando retorno;
4506707889;2025-07-30;2025-07-30;JACOBINA;CAMILO;Inapto;Obra
4506705463;2025-07-30;;MUNDO NOVO;CAMILO;Aguardando retorno;
4506718059;2025-07-30;;VARZEA DA ROCA;CAMILO;Aguardando retorno;
4506718500;2025-07-30;2025-07-30;MIGUEL CALMON;CAMILO;Apto;Apto
4506703927;2025-07-30;2025-07-30;JACOBINA;CAMILO;Apto;Apto
4506707888;2025-07-30;2025-07-30;VARZEA DA ROCA;CAMILO;Apto;Apto
4506710716;2025-07-30;2025-07-29;BAIXA GRANDE;CAMILO;Apto;Apto
4506715155;2025-07-30;2025-07-29;VARZEA DA ROCA;CAMILO;Apto;Apto
4506711296;2025-07-30;;CALDEIRAO GRANDE;CAMILO;Aguardando retorno;
4506717092;2025-07-30;2025-07-30;CAPIM GROSSO;CAMILO;Apto;Apto
4506703906;2025-07-30;2025-07-29;MAIRI;CAMILO;Apto;Apto
4506702917;2025-07-30;2025-07-30;PIRITIBA;CAMILO;Apto;Ja realizada
4506706993;2025-07-30;;CALDEIRAO GRANDE;CAMILO;Aguardando retorno;
4506710291;2025-07-30;;OUROLANDIA;CAMILO;Aguardando retorno;
4506702921;2025-07-30;2025-07-30;VARZEA NOVA;CAMILO;Apto;Apto
4506718520;2025-07-30;;PIRITIBA;CAMILO;Aguardando retorno;
4506712233;2025-07-30;2025-07-30;GAVIAO;CAMILO;Apto;Apto
4506704374;2025-07-30;;VARZEA NOVA;CAMILO;Aguardando retorno;
4506712805;2025-07-30;;CAEM;CAMILO;Aguardando retorno;
4506717551;2025-07-30;;PIRITIBA;CAMILO;Aguardando retorno;
4506705487;2025-07-30;2025-07-30;SAUDE;CAMILO;Apto;Apto
4506708888;2025-07-30;2025-07-30;CAPIM GROSSO;CAMILO;Apto;Apto
4506715720;2025-07-30;;PIRITIBA;CAMILO;Aguardando retorno;
4506712828;2025-07-30;2025-07-30;CAPIM GROSSO;CAMILO;Apto;Apto
4506709397;2025-07-30;;JACOBINA;CAMILO;Cadastro incompleto;Contato incorreto
4506704394;2025-07-30;;CAPIM GROSSO;CAMILO;Aguardando retorno;
4505789285;2025-07-30;2025-07-30;MIGUEL CALMON;CAMILO;Cadastro incompleto;Contato incorreto
4506040196;2025-07-30;;UMBURANAS;CAMILO;Cadastro incompleto;Contato incorreto
4506565002;2025-07-30;;VARZEA DA ROCA;CAMILO;Aguardando retorno;
4506649943;2025-07-30;2025-07-30;VARZEA NOVA;CAMILO;Inapto;Cliente deseja KIT financiado
4506675319;2025-07-30;;VARZEA DO POCO;CAMILO;;
4506689366;2025-07-30;;JACOBINA;CAMILO;;
4506691657;2025-07-30;;SAUDE;CAMILO;;
4506696089;2025-07-30;;CALDEIRAO GRANDE;CAMILO;;
4506695696;2025-07-30;;MUNDO NOVO;CAMILO;;
4506690426;2025-07-30;;CALDEIRAO GRANDE;CAMILO;Cadastro incompleto;
4506703735;2025-07-30;;VARZEA NOVA;CAMILO;Cadastro incompleto;Contato incorreto
4506704738;2025-07-30;2025-07-30;VARZEA DO POCO;CAMILO;Apto;Apto
4506719530;2025-07-30;2025-07-30;BAIXA GRANDE;CAMILO;Inapto;Preparar padrao
4506715768;2025-07-30;;GAVIAO;CAMILO;Aguardando retorno;
4506719515;2025-07-30;;GAVIAO;CAMILO;Aguardando retorno;
4506719514;2025-07-30;;JACOBINA;CAMILO;Cadastro incompleto;Contato incorreto
4506715774;2025-07-30;2025-07-30;MAIRI;CAMILO;Inapto;Preparar padrao
4506719067;2025-07-30;2025-07-30;SERROLANDIA;CAMILO;Apto;Apto
4506713357;2025-07-30;2025-07-30;VARZEA DO POCO;CAMILO;Apto;Apto
4506719532;2025-07-30;2025-07-30;VARZEA DO POCO;CAMILO;Apto;Apto
4506704926;2025-07-30;;GAVIAO;CAMILO;Cadastro incompleto;Sem contato
4506716228;2025-07-30;;PIRITIBA;CAMILO;Aguardando retorno;
4506713838;2025-07-30;;JACOBINA;CAMILO;Cadastro incompleto;Contato incorreto
4506717217;2025-07-30;2025-07-30;JACOBINA;CAMILO;Apto;Apto
4506704403;2025-07-30;2025-07-30;JACOBINA;CAMILO;Apto;Apto
4506710765;2025-07-30;2025-07-30;BAIXA GRANDE;CAMILO;Apto;Apto
4506713342;2025-07-30;2025-08-01;VARZEA NOVA;CAMILO;Apto;Apto
4506711341;2025-07-30;2025-07-30;GAVIAO;CAMILO;Apto;Apto
4506716764;2025-07-30;2025-07-30;JACOBINA;CAMILO;Inapto;Preparar padrao
4506712873;2025-07-30;2025-07-30;VARZEA DA ROCA;CAMILO;Apto;Ja realizada
4506713843;2025-07-30;2025-07-30;JACOBINA;CAMILO;Apto;Ja realizada
4506711351;2025-07-30;2025-07-30;VARZEA NOVA;CAMILO;Apto;Apto
4506716259;2025-07-30;;VARZEA DA ROCA;CAMILO;Cadastro incompleto;Contato incorreto
4506703950;2025-07-30;2025-07-30;MIRANGABA;CAMILO;Apto;Apto
4506718598;2025-07-30;2025-07-30;CAEM;CAMILO;Apto;Apto
4506719079;2025-07-30;2025-08-01;MUNDO NOVO;CAUÊ;Inapto;Obra
4506704917;2025-07-30;;JACOBINA;CAMILO;Aguardando retorno;
4506703480;2025-07-30;;JACOBINA;CAMILO;Cadastro incompleto;Contato incorreto
4506720008;2025-07-30;2025-07-30;PIRITIBA;CAMILO;Apto;Apto
4506714837;2025-07-30;;OUROLANDIA;CAMILO;Aguardando retorno;
4506714838;2025-07-30;;VARZEA DA ROCA;CAMILO;Aguardando retorno;
4604731258;2025-07-30;2025-07-31;SAUDE;LUCAS;Apto;Apto
4506715399;2025-07-30;;CAEM;;;
4506724115;2025-07-30;;CAEM;;;
4506722106;2025-07-30;;CAEM;;;
4506723187;2025-07-30;;CAEM;;;
4506719355;2025-07-30;;CAEM;;;
4506534494;2025-08-01;2025-08-01;BAIXA GRANDE;CAMILO;Apto;Apto
4506678693;2025-08-01;2025-07-31;MUNDO NOVO;CAMILO;Apto;Apto
4506686437;2025-08-01;2025-07-31;CAEM;CAMILO;Apto;Apto
4506690753;2025-08-01;;JACOBINA;CAMILO;Aguardando retorno;
4506700045;2025-08-01;2025-07-31;CALDEIRAO GRANDE;CAMILO;Apto;Ja realizada
4506698192;2025-08-01;2025-08-01;CAPIM GROSSO;CAMILO;Apto;Apto
4506695265;2025-08-01;2025-08-01;MIGUEL CALMON;CAMILO;Inapto;Preparar padrao
4506697685;2025-08-01;2025-08-01;TAPIRAMUTA;CAMILO;Apto;Apto
4506691943;2025-08-01;;BAIXA GRANDE;CAMILO;Aguardando retorno;
4506696783;2025-08-01;2025-08-01;MAIRI;CAMILO;Apto;Apto
4506704124;2025-08-01;2025-08-01;MIGUEL CALMON;CAMILO;Inapto;Preparar padrao
4506705763;2025-08-01;;JACOBINA;CAMILO;Aguardando retorno;
4506702769;2025-08-01;2025-07-31;JACOBINA;CAMILO;Apto;Ja realizada
4506702444;2025-08-01;2025-08-01;JACOBINA;CAMILO;Apto;Apto
4506709243;2025-08-01;2025-07-31;JACOBINA;CAMILO;Apto;Ja realizada
4506710601;2025-08-01;2025-08-01;CAPIM GROSSO;CAMILO;Apto;Ja realizada
4506703978;2025-08-01;2025-07-31;JACOBINA;CAMILO;Apto;Apto
4506717252;2025-08-01;;JACOBINA;JOAO VICTOR;Apto;Apto
4506707978;2025-08-01;;MIGUEL CALMON;CAMILO;Aguardando retorno;
4506703492;2025-08-01;;PIRITIBA;CAMILO;Aguardando retorno;
4506720016;2025-08-01;2025-08-01;VARZEA NOVA;CAMILO;Apto;Apto
4506704440;2025-08-01;;PIRITIBA;CAMILO;Aguardando retorno;
4506715797;2025-08-01;2025-07-31;CALDEIRAO GRANDE;CAMILO;Apto;Apto
4506710818;2025-08-01;;UMBURANAS;CAMILO;Aguardando retorno;
4506718634;2025-08-01;2025-08-01;JACOBINA;CAMILO;Apto;Apto
4506710369;2025-08-01;;JACOBINA;CAMILO;Aguardando retorno;
4506716303;2025-08-01;;MIGUEL CALMON;CAMILO;Aguardando retorno;
4506708359;2025-08-01;2025-07-01;TAPIRAMUTA;CAMILO;Apto;Apto
4506713872;2025-08-01;;JACOBINA;CAMILO;Aguardando retorno;
4506716818;2025-08-01;;OUROLANDIA;CAMILO;Aguardando retorno;
4506716823;2025-08-01;;TAPIRAMUTA;CAMILO;Aguardando retorno;
4506713454;2025-08-01;;BAIXA GRANDE;JOAO VICTOR;Apto;Apto
4506713910;2025-08-01;;CAPIM GROSSO;CAMILO;Aguardando retorno;
4506717338;2025-08-01;2025-07-31;BAIXA GRANDE;JOAO VICTOR;Apto;Apto
4506708469;2025-08-01;;BAIXA GRANDE;CAMILO;Aguardando retorno;
4506712389;2025-08-01;;JACOBINA;CAMILO;Aguardando retorno;
4506718700;2025-08-01;;JACOBINA;CAMILO;Aguardando retorno;
4506712398;2025-08-01;;MIGUEL CALMON;CAMILO;Aguardando retorno;
4506717329;2025-08-01;;UMBURANAS;CAMILO;Aguardando retorno;
4506722547;2025-08-01;;JACOBINA;JOAO VICTOR;Apto;Apto
4506720119;2025-08-01;;JACOBINA;CAMILO;Aguardando retorno;
4506711497;2025-08-01;;OUROLANDIA;CAMILO;Aguardando retorno;
4506704956;2025-08-01;;MAIRI;CAMILO;Aguardando retorno;
4506710408;2025-08-01;;JACOBINA;CAMILO;Aguardando retorno;
4506716836;2025-08-01;;JACOBINA;CAMILO;Aguardando retorno;
4506723599;2025-08-01;;VARZEA DA ROCA;CAMILO;Aguardando retorno;
4506712392;2025-08-01;;PIRITIBA;CAMILO;Aguardando retorno;
4506718184;2025-08-01;2025-07-31;OUROLANDIA;CAMILO;Apto;Apto
4506721535;2025-08-01;;VARZEA DA ROCA;CAMILO;Aguardando retorno;
4506711834;2025-08-01;;PIRITIBA;CAMILO;Aguardando retorno;
4506704468;2025-08-01;2025-08-04;MIRANGABA;CAMILO;Apto;Apto
4506711457;2025-08-01;;PIRITIBA;CAMILO;Aguardando retorno;
4506711458;2025-08-01;;TAPIRAMUTA;CAMILO;Aguardando retorno;
4506715856;2025-08-01;;PIRITIBA;CAMILO;Aguardando retorno;
4506711462;2025-08-01;;MAIRI;CAMILO;Aguardando retorno;
4506719638;2025-08-01;;UMBURANAS;JOAO VICTOR;Apto;Apto
4506716359;2025-08-01;2025-08-04;JACOBINA;CAMILO;Inapto;Preparar padrao
4506708437;2025-08-01;;CAEM;CAMILO;Aguardando retorno;
4506723069;2025-08-01;;VARZEA DA ROCA;CAMILO;Aguardando retorno;
4506718208;2025-08-01;;MIRANGABA;CAMILO;Aguardando retorno;
4506711841;2025-08-01;2025-07-31;VARZEA DO POCO;CAMILO;Apto;Apto
4506723073;2025-08-01;;JACOBINA;CAMILO;Aguardando retorno;
4506716368;2025-08-01;;MAIRI;CAMILO;Aguardando retorno;
4506713937;2025-08-01;;MIGUEL CALMON;CAMILO;Aguardando retorno;
4506715910;2025-08-04;2025-08-04;BAIXA GRANDE;CAMILO;Inapto;Preparar padrao
4506724054;2025-08-04;2025-08-04;JACOBINA;CAMILO;Apto;Ja realizada
4506721092;2025-08-04;2025-08-05;JACOBINA;CAMILO;Inapto;Obra
4506722594;2025-08-04;2025-08-05;MIGUEL CALMON;CAMILO;Aguardando retorno;
4506714983;2025-08-04;;MIGUEL CALMON;CAMILO;Aguardando retorno;
4506716898;2025-08-04;;MIGUEL CALMON;CAMILO;Aguardando retorno;
4506719705;2025-08-04;;PIRITIBA;CAMILO;Aguardando retorno;
4506724057;2025-08-04;2025-08-04;SERROLANDIA;CAMILO;Apto;Apto
4506726505;2025-08-04;;SERROLANDIA;CAMILO;Aguardando retorno;
4506715906;2025-08-04;2025-08-04;BAIXA GRANDE;CAMILO;Apto;Apto
4506724042;2025-08-04;;VARZEA DA ROCA;CAMILO;Aguardando retorno;
4506716886;2025-08-04;2025-08-04;PIRITIBA;CAMILO;Apto;Apto
4506723109;2025-08-04;;PIRITIBA;CAMILO;Aguardando retorno;
4506721098;2025-08-04;2025-08-05;CALDEIRAO GRANDE;CAMILO;Apto;Apto
4506719675;2025-08-04;;MUNDO NOVO;CAMILO;Aguardando retorno;
4506717381;2025-08-04;;MIGUEL CALMON;CAMILO;Aguardando retorno;
4506723649;2025-08-04;2025-08-04;MIRANGABA;CAMILO;Inapto;Obra
4506717385;2025-08-04;;VARZEA DO POCO;CAMILO;Aguardando retorno;
4506717387;2025-08-04;;VARZEA DO POCO;CAMILO;Aguardando retorno;
4506723112;2025-08-04;;PIRITIBA;CAMILO;Aguardando retorno;
4506717776;2025-08-04;2025-08-05;MAIRI;CAMILO;Apto;Apto
4506710499;2025-08-04;;VARZEA DO POCO;CAMILO;Inapto;Preparar padrao
4506710967;2025-08-04;;MUNDO NOVO;CAMILO;Aguardando retorno;
4506722050;2025-08-04;2025-08-04;MAIRI;CAMILO;Apto;Apto
4506722575;2025-08-04;;VARZEA DA ROCA;CAMILO;Aguardando retorno;
4506716895;2025-08-04;;MAIRI;CAMILO;Aguardando retorno;
4506726506;2025-08-04;2025-08-04;PIRITIBA;CAMILO;Apto;Apto
4506713965;2025-08-04;;SAUDE;CAMILO;Aguardando retorno;
4506711886;2025-08-04;2025-08-04;JACOBINA;CAMILO;Apto;Apto
4506716422;2025-08-04;;JACOBINA;CAMILO;Aguardando retorno;
4506727018;2025-08-04;2025-08-04;JACOBINA;CAMILO;Apto;Apto
4506678305;2025-08-05;;CALDEIRAO GRANDE;CAMILO;Aguardando retorno;
4506686953;2025-08-05;;OUROLANDIA;CAMILO;Aguardando retorno;
4506682937;2025-08-05;;CAEM;CAMILO;Aguardando retorno;
4506690812;2025-08-05;;JACOBINA;CAMILO;Aguardando retorno;
4506693372;2025-08-05;2025-08-05;CAPIM GROSSO;CAMILO;Apto;Apto
4506693894;2025-08-05;;MIRANGABA;CAMILO;Aguardando retorno;
4506705518;2025-08-05;;JACOBINA;CAMILO;Aguardando retorno;
4506691486;2025-08-05;;MIRANGABA;CAMILO;Aguardando retorno;
4506701389;2025-08-05;;MIRANGABA;CAMILO;Cadastro incompleto;Contato incorreto
4506708511;2025-08-05;;CAPIM GROSSO;CAMILO;Aguardando retorno;
4506708016;2025-08-05;;JACOBINA;CAMILO;Aguardando retorno;
4506710583;2025-08-05;;JACOBINA;CAMILO;Aguardando retorno;
4506714714;2025-08-05;;SERROLANDIA;CAMILO;Aguardando retorno;
4506715963;2025-08-05;;CAEM;CAMILO;Aguardando retorno;
4506722608;2025-08-05;;GAVIAO;CAMILO;Aguardando retorno;
4506722086;2025-08-05;2025-08-05;MAIRI;CAMILO;Inapto;Preparar padrao
4506720641;2025-08-05;2025-08-05;MIGUEL CALMON;CAMILO;Apto;Apto
4506724099;2025-08-05;2025-08-05;MIGUEL CALMON;CAMILO;Cadastro incompleto;Sem contato
4506719309;2025-08-05;;MUNDO NOVO;CAMILO;Aguardando retorno;
4506729014;2025-08-05;;SERROLANDIA;CAMILO;Aguardando retorno;
4506718768;2025-08-05;2025-08-05;MAIRI;CAMILO;Apto;Apto
4506716442;2025-08-05;;QUIXABEIRA;CAMILO;Aguardando retorno;
4506723710;2025-08-05;;VARZEA DA ROCA;CAMILO;Aguardando retorno;
4506715372;2025-08-05;;MUNDO NOVO;CAMILO;Aguardando retorno;
4506724096;2025-08-05;;BAIXA GRANDE;CAMILO;Aguardando retorno;
4506723719;2025-08-05;;QUIXABEIRA;CAMILO;Aguardando retorno;
4506717826;2025-08-05;;SERROLANDIA;CAMILO;Aguardando retorno;
4506724568;2025-08-05;;VARZEA DO POCO;CAMILO;Aguardando retorno;
4506721142;2025-08-05;;CAPIM GROSSO;CAMILO;Aguardando retorno;
4506725053;2025-08-05;;VARZEA DA ROCA;CAMILO;Aguardando retorno;
4506722083;2025-08-05;2025-08-05;MIGUEL CALMON;CAMILO;Inapto;Preparar padrao
4506716472;2025-08-05;2025-08-05;JACOBINA;CAMILO;Apto;Apto
4506726557;2025-08-05;2025-08-05;JACOBINA;CAMILO;Apto;Apto
4506723731;2025-08-05;2025-08-05;JACOBINA;CAMILO;Apto;Apto
4506728031;2025-08-05;;QUIXABEIRA;CAMILO;Aguardando retorno;
4506721646;2025-08-05;;MIGUEL CALMON;CAMILO;Aguardando retorno;
4506721647;2025-08-05;;VARZEA DA ROCA;CAMILO;Aguardando retorno;
4506718822;2025-08-05;;CAPIM GROSSO;CAMILO;Aguardando retorno;
4506722108;2025-08-05;;JACOBINA;CAMILO;Aguardando retorno;
4506132374;2025-08-06;;MIGUEL CALMON;CAMILO;Aguardando retorno;
4506614147;2025-08-06;2025-08-06;MUNDO NOVO;CAMILO;Inapto;Preparar padrao
4506685752;2025-08-06;;CALDEIRAO GRANDE;CAMILO;Aguardando retorno;
4506689386;2025-08-06;2025-08-06;OUROLANDIA;CAMILO;Apto;Apto
4506682896;2025-08-06;;QUIXABEIRA;CAMILO;Aguardando retorno;
4506688987;2025-08-06;2025-08-06;VARZEA NOVA;CAMILO;Apto;Apto
4506698324;2025-08-06;;CAEM;CAMILO;Aguardando retorno;
4506700852;2025-08-06;;BAIXA GRANDE;CAMILO;Aguardando retorno;
4506698795;2025-08-06;2025-08-06;JACOBINA;CAMILO;Apto;Apto
4506706583;2025-08-06;;JACOBINA;CAMILO;Aguardando retorno;
4506709557;2025-08-06;;CALDEIRAO GRANDE;CAMILO;Aguardando retorno;
4506702447;2025-08-06;;UMBURANAS;CAMILO;Aguardando retorno;
4506713208;2025-08-06;;VARZEA NOVA;CAMILO;Aguardando retorno;
4506708215;2025-08-06;;MIRANGABA;CAMILO;Aguardando retorno;
4506712805;2025-08-06;;CAEM;CAMILO;Aguardando retorno;
4506716997;2025-08-06;;CALDEIRAO GRANDE;CAMILO;Aguardando retorno;
4506726588;2025-08-06;;MIGUEL CALMON;CAMILO;Aguardando retorno;
4506711977;2025-08-06;;MIGUEL CALMON;CAMILO;Aguardando retorno;
4506727085;2025-08-06;;MIGUEL CALMON;CAMILO;Aguardando retorno;
4506724620;2025-08-06;;OUROLANDIA;CAMILO;Aguardando retorno;
4506719369;2025-08-06;;PIRITIBA;CAMILO;Aguardando retorno;
4506728539;2025-08-06;2025-08-06;JACOBINA;CAMILO;Apto;Apto
4506720655;2025-08-06;;MIGUEL CALMON;CAMILO;Aguardando retorno;
4506720649;2025-08-06;2025-08-06;VARZEA DA ROCA;CAMILO;Inapto;Preparar padrao
4506722110;2025-08-06;2025-08-06;PIRITIBA;CAMILO;Inapto;Preparar padrao
4506722630;2025-08-06;;VARZEA NOVA;CAMILO;Aguardando retorno;
4506723199;2025-08-06;2025-08-06;MIGUEL CALMON;CAMILO;Inapto;Preparar padrao
4506715413;2025-08-06;2025-08-06;MIRANGABA;CAMILO;Inapto;Obra
4506723766;2025-08-06;2025-08-06;QUIXABEIRA;CAMILO;Inapto;Preparar padrao
4506711970;2025-08-06;2025-08-06;JACOBINA;CAMILO;Apto;Apto
4506721177;2025-08-06;;JACOBINA;CAMILO;Aguardando retorno;
4506727068;2025-08-06;;MIGUEL CALMON;CAMILO;Aguardando retorno;
4506720249;2025-08-06;2025-08-06;CALDEIRAO GRANDE;CAMILO;Inapto;Preparar padrao
4506715418;2025-08-06;2025-08-06;PIRITIBA;CAMILO;Inapto;Preparar padrao
4506723768;2025-08-06;2025-08-06;CALDEIRAO GRANDE;CAMILO;Inapto;Preparar padrao
4506722122;2025-08-06;2025-08-06;TAPIRAMUTA;CAMILO;Apto;Apto
4506728544;2025-08-06;2025-08-06;SERROLANDIA;CAMILO;Inapto;Preparar padrao
4506725564;2025-08-06;2025-08-06;JACOBINA;CAMILO;Apto;Apto
4506725565;2025-08-06;2025-08-06;VARZEA NOVA;CAMILO;Inapto;Preparar padrao
4506725115;2025-08-06;2025-08-06;JACOBINA;CAMILO;Apto;Apto
4506723207;2025-08-06;2025-08-06;UMBURANAS;CAMILO;Inapto;Preparar padrao
4506729075;2025-08-06;;CAPIM GROSSO;CAMILO;Aguardando retorno;
4506719374;2025-08-06;;OUROLANDIA;CAMILO;Cadastro incompleto;Sem contato
4506728558;2025-08-06;2025-08-06;CAEM;CAMILO;Inapto;Preparar padrao
4506715426;2025-08-06;2025-08-06;MUNDO NOVO;CAMILO;Inapto;Preparar padrao
4506724153;2025-08-06;2025-08-06;QUIXABEIRA;CAMILO;Apto;Apto
4506720667;2025-08-06;2025-08-06;MIRANGABA;CAMILO;Apto;Apto
4506726590;2025-08-06;2025-08-07;MIGUEL CALMON;CAMILO;Inapto;Preparar padrao
4506724156;2025-08-06;2025-08-06;OUROLANDIA;CAMILO;Inapto;Obra
4506730067;2025-08-06;2025-08-06;JACOBINA;CAMILO;Apto;Apto
4506715436;2025-08-06;2025-08-06;JACOBINA;CAMILO;Apto;Apto
4506727093;2025-08-06;;PIRITIBA;CAMILO;Cadastro incompleto;Contato incorreto
4506719391;2025-08-06;;MIGUEL CALMON;CAMILO;Aguardando retorno;
4506724645;2025-08-06;;JACOBINA;CAMILO;Aguardando retorno;
4506730500;2025-08-06;;SAO JOSE DO JACUIPE;CAMILO;Aguardando retorno;
4506726123;2025-08-06;;CAPIM GROSSO;CAMILO;Aguardando retorno;
4506724651;2025-08-06;;CAPIM GROSSO;CAMILO;Cadastro incompleto;Sem contato
4506225159;2025-08-07;;BAIXA GRANDE;CAMILO;Aguardando retorno;
4506488417;2025-08-07;;SAO JOSE DO JACUIPE;CAMILO;Aguardando retorno;
4506535805;2025-08-07;;VARZEA DA ROCA;CAMILO;Aguardando retorno;
4506687350;2025-08-07;2025-08-07;MUNDO NOVO;CAMILO;Apto;Apto
4506685265;2025-08-07;;MIGUEL CALMON;CAMILO;Aguardando retorno;
4506676871;2025-08-07;2025-08-07;JACOBINA;CAMILO;Apto;Apto
4506689494;2025-08-07;2025-08-07;VARZEA DO POCO;CAMILO;Inapto;Preparar padrao
4506695864;2025-08-07;2025-08-07;JACOBINA;CAMILO;Apto;Apto
4506704135;2025-08-07;;TAPIRAMUTA;CAMILO;Aguardando retorno;
4506715720;2025-08-07;;PIRITIBA;CAMILO;Aguardando retorno;
4506718936;2025-08-07;;JACOBINA;CAMILO;Aguardando retorno;
4506725594;2025-08-07;;JACOBINA;CAMILO;Aguardando retorno;
4506726619;2025-08-07;;MIRANGABA;CAMILO;Aguardando retorno;
4506718413;2025-08-07;;VARZEA DO POCO;CAUÊ;Inapto;Deficiencia Tecnica
4506717911;2025-08-07;;MAIRI;CAMILO;Aguardando retorno;
4506731017;2025-08-07;;CAPIM GROSSO;CAMILO;Aguardando retorno;
4506721221;2025-08-07;;UMBURANAS;CAMILO;Cadastro incompleto;Contato incorreto
4506722663;2025-08-07;;VARZEA DA ROCA;CAMILO;Aguardando retorno;
4506727633;2025-08-07;;PIRITIBA;CAMILO;Cadastro incompleto;Contato incorreto
4506729108;2025-08-07;2025-08-07;SAO JOSE DO JACUIPE;CAMILO;Apto;Apto
4506720297;2025-08-07;;PIRITIBA;CAMILO;Cadastro incompleto;Contato incorreto
4506724658;2025-08-07;;VARZEA NOVA;CAMILO;Aguardando retorno;
4506721225;2025-08-07;;OUROLANDIA;CAMILO;Aguardando retorno;
4506721227;2025-08-07;;OUROLANDIA;CAMILO;Aguardando retorno;
4506727637;2025-08-07;;OUROLANDIA;CAMILO;Aguardando retorno;
4506719427;2025-08-07;2025-08-07;SERROLANDIA;CAUÊ;Apto;
4506725595;2025-08-07;;MIGUEL CALMON;CAMILO;Aguardando retorno;
4506719861;2025-08-07;;VARZEA DA ROCA;CAMILO;Aguardando retorno;
4506725597;2025-08-07;;TAPIRAMUTA;CAMILO;Aguardando retorno;
4506727642;2025-08-07;;MIGUEL CALMON;CAMILO;Aguardando retorno;
4506720306;2025-08-07;;CAEM;CAMILO;Aguardando retorno;
4506729603;2025-08-07;;CAPIM GROSSO;CAMILO;Aguardando retorno;
4506723866;2025-08-07;;MUNDO NOVO;CAMILO;Aguardando retorno;
4506719435;2025-08-07;;TAPIRAMUTA;CAMILO;Aguardando retorno;
4506724182;2025-08-07;;MIGUEL CALMON;CAMILO;Aguardando retorno;
4506729612;2025-08-07;;CAPIM GROSSO;CAMILO;Aguardando retorno;
4506725611;2025-08-07;;JACOBINA;CAMILO;Aguardando retorno;
4506723883;2025-08-07;;JACOBINA;CAMILO;Cadastro incompleto;Contato incorreto
4506731033;2025-08-07;;JACOBINA;CAMILO;Aguardando retorno;
4506718455;2025-08-07;;CAPIM GROSSO;CAMILO;Aguardando retorno;
4506725185;2025-08-07;;JACOBINA;CAMILO;Aguardando retorno;
4506725187;2025-08-07;;MAIRI;CAMILO;Aguardando retorno;
4506725186;2025-08-07;;JACOBINA;CAMILO;Aguardando retorno;
4506725188;2025-08-07;;MUNDO NOVO;CAMILO;Aguardando retorno;
4506616002;2025-08-08;;JACOBINA;CAMILO;Aguardando retorno;
4506681594;2025-08-08;;MIRANGABA;CAMILO;Aguardando retorno;
4506675319;2025-08-08;2025-08-08;VARZEA DO POCO;CAMILO;Inapto;Preparar padrao
4506680498;2025-08-08;2025-08-08;MIRANGABA;CAMILO;Apto;Apto
4506700783;2025-08-08;;JACOBINA;CAMILO;Aguardando retorno;
4506705763;2025-08-08;2025-08-08;JACOBINA;CAMILO;Apto;Apto
4506704738;2025-08-08;2025-08-08;VARZEA DO POCO;CAMILO;Apto;Apto
4506710209;2025-08-08;;CAPIM GROSSO;CAMILO;Aguardando retorno;
4506706942;2025-08-08;;BAIXA GRANDE;CAMILO;Aguardando retorno;
4506719067;2025-08-08;2025-08-11;SERROLANDIA;CAMILO;Apto;Apto
4506712420;2025-08-08;;SERROLANDIA;CAMILO;Aguardando retorno;
4506732061;2025-08-08;;CAEM;CAMILO;Aguardando retorno;
4506732076;2025-08-08;;JACOBINA;CAMILO;Cadastro incompleto;Sem contato
4506730593;2025-08-08;;JACOBINA;CAMILO;Aguardando retorno;
4506731539;2025-08-08;2025-08-11;JACOBINA;CAMILO;Apto;Apto
4506731059;2025-08-08;;MAIRI;CAMILO;Aguardando retorno;
4506729173;2025-08-08;;MIRANGABA;CAMILO;Aguardando retorno;
4506732060;2025-08-08;;BAIXA GRANDE;CAMILO;Aguardando retorno;
4506720366;2025-08-08;;SERROLANDIA;CAMILO;Aguardando retorno;
4506730556;2025-08-08;;JACOBINA;CAMILO;Aguardando retorno;
4506723347;2025-08-08;2025-08-11;JACOBINA;CAMILO;Apto;Apto
4506725631;2025-08-08;;TAPIRAMUTA;CAMILO;Aguardando retorno;
4506731537;2025-08-08;2025-08-08;BAIXA GRANDE;CAMILO;Inapto;Preparar padrao
4506726661;2025-08-08;;VARZEA DA ROCA;CAMILO;Aguardando retorno;
4506724696;2025-08-08;;MIGUEL CALMON;CAMILO;Aguardando retorno;
4506725194;2025-08-08;;UMBURANAS;CAMILO;Aguardando retorno;
4506719482;2025-08-08;;JACOBINA;CAMILO;Aguardando retorno;
4506721281;2025-08-08;;QUIXABEIRA;CAMILO;Aguardando retorno;
4506721785;2025-08-08;;UMBURANAS;CAMILO;Aguardando retorno;
4506719893;2025-08-08;2025-08-11;MUNDO NOVO;CAMILO;Inapto;Preparar padrao
4506729628;2025-08-08;;QUIXABEIRA;CAMILO;Aguardando retorno;
4506721791;2025-08-08;;SERROLANDIA;CAMILO;Cadastro incompleto;Sem contato
4506731056;2025-08-08;2025-08-11;CAPIM GROSSO;CAMILO;Apto;Apto
4506725203;2025-08-08;;MUNDO NOVO;CAUÊ;Aguardando retorno;
4506718480;2025-08-08;;MUNDO NOVO;CAUÊ;Aguardando retorno;
4506726179;2025-08-08;;UMBURANAS;CAMILO;Aguardando retorno;
4506722716;2025-08-08;2025-08-11;CAPIM GROSSO;CAMILO;Apto;Apto
4506729655;2025-08-08;2025-08-11;JACOBINA;CAMILO;Apto;Apto
4506723362;2025-08-08;;MUNDO NOVO;CAMILO;Aguardando retorno;
4506727717;2025-08-08;;PIRITIBA;CAMILO;Aguardando retorno;
4506726185;2025-08-08;;SERROLANDIA;CAUÊ;Inapto;Deficiencia Tecnica
4506733001;2025-08-08;;MUNDO NOVO;CAMILO;Aguardando retorno;
4506722723;2025-08-08;;JACOBINA;CAMILO;Aguardando retorno;
4506718497;2025-08-08;;JACOBINA;CAMILO;Aguardando retorno;
4506728247;2025-08-08;;JACOBINA;CAMILO;Aguardando retorno;
4506720746;2025-08-08;;CAPIM GROSSO;CAMILO;Aguardando retorno;
4506721315;2025-08-08;;MAIRI;CAMILO;Aguardando retorno;
4506727731;2025-08-08;;JACOBINA;CAMILO;Aguardando retorno;
4506721823;2025-08-08;;MIRANGABA;CAMILO;Aguardando retorno;
4506731089;2025-08-08;2025-08-11;BAIXA GRANDE;CAMILO;Inapto;Obra
4506726726;2025-08-08;2025-08-11;CAPIM GROSSO;CAMILO;Apto;Apto
4506504624;2025-08-11;;OUROLANDIA;CAUÊ;Aguardando retorno;
4506725203;2025-08-11;;MUNDO NOVO;CAUÊ;;
4506283161;2025-08-11;2025-08-11;CAPIM GROSSO;CAMILO;Apto;Ja realizada
4506467367;2025-08-11;2025-08-11;JACOBINA;CAMILO;Inapto;Preparar padrao
4506656888;2025-08-11;2025-08-11;TAPIRAMUTA;CAMILO;Inapto;Preparar padrao
4506686437;2025-08-11;2025-08-11;CAEM;CAMILO;Apto;Apto
4506698982;2025-08-11;;VARZEA NOVA;CAMILO;Aguardando retorno;
4506705387;2025-08-11;;JACOBINA;CAMILO;Aguardando retorno;
4506716073;2025-08-11;;JACOBINA;CAMILO;Aguardando retorno;
4506718330;2025-08-11;2025-08-11;CAPIM GROSSO;CAMILO;Inapto;Preparar padrao
4506722750;2025-08-11;;JACOBINA;CAMILO;Aguardando retorno;
4506732101;2025-08-11;;TAPIRAMUTA;CAMILO;Inapto;Religa/Reativação
4506721873;2025-08-11;;JACOBINA;CAMILO;Aguardando retorno;
4506719930;2025-08-11;2025-08-11;TAPIRAMUTA;CAMILO;Apto;Apto
4506731094;2025-08-11;;SAO JOSE DO JACUIPE;CAMILO;Aguardando retorno;
4506730597;2025-08-11;2025-08-11;OUROLANDIA;CAMILO;Inapto;Preparar padrao
4506726731;2025-08-11;2025-08-11;MIRANGABA;CAMILO;Apto;Ja realizada
4506725678;2025-08-11;;JACOBINA;CAMILO;Aguardando retorno;
4506722757;2025-08-11;;QUIXABEIRA;CAMILO;Aguardando retorno;
4506723390;2025-08-11;;JACOBINA;CAMILO;Aguardando retorno;
4506722255;2025-08-11;;MIRANGABA;CAMILO;Aguardando retorno;
4506731114;2025-08-11;;VARZEA DO POCO;CAMILO;Aguardando retorno;
4506726223;2025-08-11;;BAIXA GRANDE;CAMILO;Aguardando retorno;
4506731614;2025-08-11;2025-08-11;VARZEA NOVA;CAMILO;Apto;Apto
4506721862;2025-08-11;;JACOBINA;CAMILO;Aguardando retorno;
4506727768;2025-08-11;;JACOBINA;CAMILO;Aguardando retorno;
4506729693;2025-08-11;;BAIXA GRANDE;CAMILO;Aguardando retorno;
4506724317;2025-08-11;2025-08-11;MIRANGABA;CAMILO;Apto;Apto
4506722273;2025-08-11;;MUNDO NOVO;CAMILO;Aguardando retorno;
4506728280;2025-08-11;;JACOBINA;CAMILO;Aguardando retorno;
4506729700;2025-08-11;;MAIRI;CAMILO;Aguardando retorno;
4506725701;2025-08-11;2025-08-11;JACOBINA;CAMILO;Inapto;Preparar padrao
4506730622;2025-08-11;;MIGUEL CALMON;CAMILO;Aguardando retorno;
4506731628;2025-08-11;;UMBURANAS;CAMILO;Aguardando retorno;
4506731629;2025-08-11;;PIRITIBA;CAMILO;Aguardando retorno;
4506731630;2025-08-11;;PIRITIBA;CAMILO;Aguardando retorno;
4506731632;2025-08-11;2025-08-11;VARZEA DA ROCA;CAMILO;Inapto;Preparar padrao
4506727217;2025-08-11;2025-08-11;CAPIM GROSSO;CAMILO;Apto;Apto
4506721888;2025-08-11;;CAPIM GROSSO;CAMILO;Aguardando retorno;
4505789285;2025-08-12;;MIGUEL CALMON;CAMILO;Aguardando retorno;
4506532779;2025-08-12;;MAIRI;CAMILO;Aguardando retorno;
4506686805;2025-08-12;2025-08-12;MIRANGABA;CAMILO;Apto;Apto
4506704226;2025-08-12;2025-08-12;CAPIM GROSSO;CAMILO;Apto;Apto
4506702444;2025-08-12;2025-08-12;JACOBINA;CAMILO;Apto;Apto
4506704376;2025-08-12;2025-08-12;PIRITIBA;CAMILO;Apto;Apto
4506704926;2025-08-12;;GAVIAO;CAMILO;Aguardando retorno;
4506715856;2025-08-12;2025-08-12;PIRITIBA;CAMILO;Inapto;Obra
4506721092;2025-08-12;2025-08-12;JACOBINA;CAMILO;Apto;Apto
4506716886;2025-08-12;2025-08-12;PIRITIBA;CAMILO;Inapto;Preparar padrao
4506727534;2025-08-12;;TAPIRAMUTA;CAMILO;Aguardando retorno;
4506722108;2025-08-12;2025-08-12;JACOBINA;CAMILO;Inapto;Preparar padrao
4506730654;2025-08-12;2025-08-12;CAPIM GROSSO;CAMILO;Apto;Apto
4506733605;2025-08-12;2025-08-12;JACOBINA;CAMILO;Apto;Apto
4506727805;2025-08-12;2025-08-12;JACOBINA;CAMILO;Apto;Apto
4506730310;2025-08-12;2025-08-12;MAIRI;CAMILO;Apto;Apto
4506725716;2025-08-12;2025-08-12;MIGUEL CALMON;CAMILO;Apto;Apto
4506732630;2025-08-12;2025-08-12;TAPIRAMUTA;CAMILO;Apto;Apto
4506735500;2025-08-12;2025-08-12;JACOBINA;CAMILO;Aguardando retorno;
4506724378;2025-08-12;;JACOBINA;CAMILO;Aguardando retorno;
4506727794;2025-08-12;;PIRITIBA;CAMILO;Aguardando retorno;
4506727221;2025-08-12;;UMBURANAS;CAMILO;Aguardando retorno;
4506729745;2025-08-12;;CAPIM GROSSO;CAMILO;Aguardando retorno;
4506722786;2025-08-12;2025-08-12;PIRITIBA;CAMILO;Apto;Apto
4506732148;2025-08-12;;CAPIM GROSSO;CAMILO;Aguardando retorno;
4506726280;2025-08-12;;OUROLANDIA;CAMILO;Aguardando retorno;
4506729239;2025-08-12;;MIRANGABA;CAMILO;Aguardando retorno;
4506728306;2025-08-12;;CAPIM GROSSO;CAMILO;Aguardando retorno;
4506721909;2025-08-12;;MIRANGABA;CAMILO;Aguardando retorno;
4506728307;2025-08-12;;CALDEIRAO GRANDE;CAMILO;Aguardando retorno;
4506729255;2025-08-12;;JACOBINA;CAMILO;Aguardando retorno;
4506730268;2025-08-12;2025-08-12;SAO JOSE DO JACUIPE;CAMILO;Inapto;Preparar padrao
4506721914;2025-08-12;;VARZEA DA ROCA;CAMILO;Aguardando retorno;
4506723460;2025-08-12;;MIRANGABA;CAMILO;Aguardando retorno;
4506724783;2025-08-12;;CAPIM GROSSO;CAMILO;Aguardando retorno;
4506728751;2025-08-12;;JACOBINA;CAMILO;Aguardando retorno;
4506727248;2025-08-12;;JACOBINA;CAMILO;Aguardando retorno;
4506731680;2025-08-12;;JACOBINA;CAMILO;Aguardando retorno;
4506724790;2025-08-12;;MIRANGABA;CAMILO;Aguardando retorno;
4506725336;2025-08-13;;JUNCO;CAMILO;Aguardando retorno;
4506722382;2025-08-13;2025-08-13;PARAISO;CAMILO;Inapto;Preparar padrao
4506663345;2025-08-13;2025-08-13;CACHOEIRA GRANDE;CAMILO;Inapto;Preparar padrao
4506735173;2025-08-13;;CACHOEIRA GRANDE;CAMILO;Aguardando retorno;
4506727398;2025-08-13;;JUREMA CONTORNO ZE GONCALO;CAMILO;Aguardando retorno;
4506675558;2025-08-13;;QUIXABEIRA;CAMILO;Aguardando retorno;
4506692255;2025-08-13;2025-08-13;JACOBINA;CAMILO;Inapto;Preparar padrao
4506700091;2025-08-13;2025-08-13;VARZEA DO POCO;CAMILO;Apto;Apto
4506703788;2025-08-13;2025-08-13;JACOBINA;CAMILO;Inapto;Preparar padrao
4506714714;2025-08-13;2025-08-13;SERROLANDIA;CAMILO;Inapto;Preparar padrao
4506728817;2025-08-13;2025-08-13;JACOBINA;CAMILO;Apto;Apto
4506722347;2025-08-13;2025-08-13;JACOBINA;CAMILO;Apto;Apto
4506727274;2025-08-13;2025-08-13;MIRANGABA;CAMILO;Apto;Apto
4506721956;2025-08-13;2025-08-13;MIRANGABA;CAMILO;Inapto;Preparar padrao
4506726326;2025-08-13;2025-08-13;MIGUEL CALMON;CAMILO;Apto;Apto
4506730700;2025-08-13;;QUIXABEIRA;CAMILO;Aguardando retorno;
4506727269;2025-08-13;2025-08-13;SAO JOSE DO JACUIPE;CAMILO;Apto;Apto
4506734137;2025-08-13;;MUNDO NOVO;CAMILO;Aguardando retorno;
4506725747;2025-08-13;2025-08-13;VARZEA DA ROCA;CAMILO;Apto;Apto
4506726321;2025-08-13;;JACOBINA;CAMILO;Aguardando retorno;
4506725336;2025-08-13;2025-08-13;JACOBINA;CAMILO;Inapto;Preparar padrao
4506731193;2025-08-13;;SAUDE;CAMILO;Aguardando retorno;
4506731194;2025-08-13;;MAIRI;CAMILO;Aguardando retorno;
4506736006;2025-08-13;;CAPIM GROSSO;CAMILO;Aguardando retorno;
4506729313;2025-08-13;2025-08-13;CAPIM GROSSO;CAMILO;Apto;Apto
4506733663;2025-08-13;2025-08-13;SERROLANDIA;CAMILO;Apto;Apto
4506731717;2025-08-13;2025-08-13;JACOBINA;CAMILO;Apto;Apto
4506735637;2025-08-13;;UMBURANAS;CAMILO;Aguardando retorno;
4506729325;2025-08-13;;JACOBINA;CAMILO;Aguardando retorno;
4506729334;2025-08-13;2025-08-13;CAEM;CAMILO;Apto;Apto
4506724452;2025-08-13;;MIRANGABA;CAMILO;Aguardando retorno;
4604735339;2025-08-13;2025-08-13;CAPIM GROSSO;CAMILO;Apto;Apto
4604735340;2025-08-13;2025-08-13;CAPIM GROSSO;CAMILO;Apto;Apto
4604732642;2025-08-13;2025-08-13;QUIXABEIRA;CAMILO;Apto;Apto
4604736099;2025-08-13;2025-08-13;QUIXABEIRA;CAMILO;Inapto;Preparar padrao
4604732644;2025-08-13;2025-08-13;QUIXABEIRA;CAMILO;Inapto;Preparar padrao
4604736104;2025-08-13;2025-08-13;PIRITIBA;CAMILO;Apto;Ja realizada
4604715348;2025-08-13;2025-08-13;SERROLANDIA;CAMILO;Inapto;Preparar padrao
4604733136;2025-08-13;2025-08-13;VARZEA NOVA;CAMILO;Inapto;Preparar padrao
4604735343;2025-08-13;2025-08-13;JACOBINA;CAMILO;Inapto;Preparar padrao
4604725455;2025-08-13;2025-08-13;MAIRI;CAMILO;Apto;Ja realizada
4506663345;2025-08-14;2025-08-14;JACOBINA;CAMILO;Apto;Apto
4506691486;2025-08-14;2025-08-14;MIRANGABA;CAMILO;Cadastro incompleto;Contato incorreto
4506709557;2025-08-14;;CALDEIRAO GRANDE;CAMILO;Aguardando retorno;
4506702447;2025-08-14;2025-08-14;UMBURANAS;CAMILO;Inapto;Deficiencia Tecnica
4506703315;2025-08-14;2025-08-14;JACOBINA;CAMILO;Inapto;Deficiencia Tecnica
4506715910;2025-08-14;2025-08-14;BAIXA GRANDE;CAMILO;Apto;Ja realizada
4506724534;2025-08-14;;OUROLANDIA;CAMILO;Inapto;Deficiencia Tecnica
4506718318;2025-08-14;;VARZEA NOVA;CAMILO;Cadastro incompleto;Sem contato
4506722122;2025-08-14;2025-08-14;TAPIRAMUTA;CAMILO;Apto;Ja realizada
4506729366;2025-08-14;2025-08-14;CAPIM GROSSO;CAMILO;Inapto;Preparar padrao
4506724496;2025-08-14;2025-08-14;OUROLANDIA;CAMILO;Apto;Ja realizada
4506727305;2025-08-14;2025-08-14;VARZEA DO POCO;CAMILO;Apto;Apto
4506722382;2025-08-14;2025-08-14;JACOBINA;CAMILO;Apto;Ja realizada
4506735657;2025-08-14;2025-08-14;PIRITIBA;CAMILO;Apto;Apto
4506734652;2025-08-14;2025-08-14;VARZEA DA ROCA;CAMILO;Inapto;Preparar padrao
4506733717;2025-08-14;;PIRITIBA;CAMILO;Aguardando retorno;
4506735652;2025-08-14;2025-08-14;BAIXA GRANDE;CAMILO;Apto;Ja realizada
4506735092;2025-08-14;;VARZEA NOVA;CAMILO;Aguardando retorno;
4506736508;2025-08-14;;VARZEA DA ROCA;CAMILO;Aguardando retorno;
4506722364;2025-08-14;2025-08-14;MAIRI;CAMILO;Apto;Ja realizada
4506735656;2025-08-14;;PIRITIBA;CAMILO;Aguardando retorno;
4506734193;2025-08-14;;BAIXA GRANDE;CAMILO;Aguardando retorno;
4506733711;2025-08-14;;SERROLANDIA;CAMILO;Aguardando retorno;
4506732742;2025-08-14;;PIRITIBA;CAMILO;Aguardando retorno;
4506729342;2025-08-14;;JACOBINA;CAMILO;Aguardando retorno;
4506720883;2025-08-14;;CALDEIRAO GRANDE;CAMILO;Aguardando retorno;
4506731746;2025-08-14;;MIGUEL CALMON;CAMILO;Aguardando retorno;
4506728851;2025-08-14;;PIRITIBA;CAMILO;Aguardando retorno;
4506727948;2025-08-14;;SAUDE;CAMILO;Aguardando retorno;
4506724495;2025-08-14;;SAO JOSE DO JACUIPE;CAMILO;Aguardando retorno;
4506736048;2025-08-14;;VARZEA DO POCO;CAMILO;Aguardando retorno;
4506731750;2025-08-14;;VARZEA NOVA;CAMILO;Aguardando retorno;
4506725811;2025-08-14;;SERROLANDIA;CAMILO;Aguardando retorno;
4506725388;2025-08-14;;JACOBINA;CAMILO;Aguardando retorno;
4506726374;2025-08-14;2025-08-14;MIGUEL CALMON;CAMILO;Inapto;Obra
4506736055;2025-08-14;2025-08-14;QUIXABEIRA;CAMILO;Inapto;Preparar padrao
4506734228;2025-08-14;;JACOBINA;CAMILO;Apto;Ja realizada
4506722899;2025-08-14;;CAPIM GROSSO;CAMILO;Aguardando retorno;
4506728872;2025-08-14;;PIRITIBA;CAMILO;Aguardando retorno;
4506737032;2025-08-14;2025-08-14;JACOBINA;CAMILO;Apto;Apto
4506734726;2025-08-14;2025-08-14;MIRANGABA;CAMILO;Apto;Ja realizada
4506698141;2025-08-15;2025-08-15;JACOBINA;CAMILO;Apto;Apto
4506705020;2025-08-15;;VARZEA DO POCO;CAMILO;Aguardando retorno;
4506719067;2025-08-15;2025-08-15;SERROLANDIA;CAMILO;Apto;Apto
4506718627;2025-08-15;;JACOBINA;CAMILO;Aguardando retorno;
4506717373;2025-08-15;;CALDEIRAO GRANDE;CAMILO;Cadastro incompleto;Sem contato
4506722630;2025-08-15;;VARZEA NOVA;CAMILO;Aguardando retorno;
4506719391;2025-08-15;;MIGUEL CALMON;CAMILO;Aguardando retorno;
4506719427;2025-08-15;;SERROLANDIA;CAMILO;Aguardando retorno;
4506728618;2025-08-15;;MAIRI;CAMILO;Cadastro incompleto;Sem contato
4506733776;2025-08-15;;JACOBINA;CAMILO;Aguardando retorno;
4506728883;2025-08-15;2025-08-15;JACOBINA;CAMILO;Inapto;Preparar padrao
4506722428;2025-08-15;;MAIRI;CAMILO;Aguardando retorno;
4506728915;2025-08-15;;MIRANGABA;CAMILO;Aguardando retorno;
4506738501;2025-08-15;;SAO JOSE DO JACUIPE;CAMILO;Cadastro incompleto;Sem contato
4506722421;2025-08-15;;SERROLANDIA;CAMILO;Cadastro incompleto;Sem contato
4506727351;2025-08-15;;VARZEA DO POCO;CAMILO;Cadastro incompleto;Sem contato
4506735177;2025-08-15;2025-08-15;MUNDO NOVO;CAMILO;Inapto;Cliente deseja KIT financiado
4506735161;2025-08-15;2025-08-15;MAIRI;CAMILO;Apto;Apto
4506734732;2025-08-15;2025-08-15;JACOBINA;CAMILO;Inapto;Deficiencia Tecnica
4506735706;2025-08-15;2025-08-15;MUNDO NOVO;CAMILO;Apto;Apto
4506730466;2025-08-15;2025-08-15;CALDEIRAO GRANDE;CAMILO;Inapto;Deficiencia Tecnica
4506728885;2025-08-15;2025-08-15;PIRITIBA;CAMILO;Inapto;Preparar padrao
4506735709;2025-08-15;;QUIXABEIRA;CAMILO;Aguardando retorno;
4506732271;2025-08-15;2025-08-15;PIRITIBA;CAMILO;Apto;Apto
4506728887;2025-08-15;2025-08-15;MIGUEL CALMON;CAMILO;Inapto;Preparar padrao
4506738003;2025-08-15;2025-08-15;MIGUEL CALMON;CAMILO;Apto;Ja realizada
4506728891;2025-08-15;;OUROLANDIA;CAMILO;Aguardando retorno;
4506738503;2025-08-15;2025-08-15;VARZEA DA ROCA;CAMILO;Inapto;Deficiencia Tecnica
4506729878;2025-08-15;2025-08-15;CAPIM GROSSO;CAMILO;Inapto;Deficiencia Tecnica
4506736559;2025-08-15;;JACOBINA;CAMILO;Aguardando retorno;
4506726934;2025-08-15;2025-08-15;VARZEA DA ROCA;CAMILO;Apto;Apto
4506734274;2025-08-15;2025-08-15;MUNDO NOVO;CAMILO;Inapto;Preparar padrao
4506734747;2025-08-15;2025-08-15;CAPIM GROSSO;CAMILO;Apto;Ja realizada
4506732294;2025-08-15;;TAPIRAMUTA;CAMILO;Aguardando retorno;
4506730495;2025-08-15;2025-08-15;GAVIAO;CAMILO;Apto;Apto
4506730499;2025-08-15;;OUROLANDIA;CAMILO;Aguardando retorno;
4506734289;2025-08-15;;SERROLANDIA;CAMILO;Cadastro incompleto;Contato incorreto
4506737062;2025-08-15;;VARZEA DA ROCA;CAMILO;Aguardando retorno;
4506739007;2025-08-15;2025-08-15;JACOBINA;CAMILO;Inapto;Deficiencia Tecnica
4506726431;2025-08-15;2025-08-15;JACOBINA;CAMILO;Apto;Apto
4506733333;2025-08-15;2025-08-15;JACOBINA;CAMILO;Apto;Ja realizada
4506736579;2025-08-15;2025-08-15;CAPIM GROSSO;CAMILO;Apto;Apto
4506738035;2025-08-15;2025-08-15;CAPIM GROSSO;CAMILO;Apto;Apto
4506726962;2025-08-15;2025-08-15;MIGUEL CALMON;CAMILO;Apto;Apto
4506734774;2025-08-15;2025-08-15;CAPIM GROSSO;CAMILO;Apto;Apto
4506726968;2025-08-15;;JACOBINA;CAMILO;Aguardando retorno;
4506730842;2025-08-15;2025-08-15;MUNDO NOVO;CAMILO;Apto;Apto
4506736591;2025-08-15;2025-08-15;SERROLANDIA;CAMILO;Apto;Apto
4506695265;2025-08-18;2025-08-18;MIGUEL CALMON;CAMILO;Apto;Apto
4506708016;2025-08-18;;JACOBINA;CAMILO;Aguardando retorno;
4506713208;2025-08-18;2025-08-18;VARZEA NOVA;CAMILO;Apto;Apto
4506719537;2025-08-18;;JACOBINA;CAMILO;Aguardando retorno;
4506711974;2025-08-18;2025-08-18;VARZEA DA ROCA;CAMILO;Apto;Apto
4506719374;2025-08-18;;OUROLANDIA;CAMILO;Aguardando retorno;
4506725194;2025-08-18;;UMBURANAS;CAMILO;Aguardando retorno;
4506721294;2025-08-18;2025-08-18;MIGUEL CALMON;CAMILO;Inapto;Obra
4506726185;2025-08-18;2025-08-18;SERROLANDIA;CAMILO;Apto;Apto
4506729227;2025-08-18;2025-08-18;CAPIM GROSSO;CAMILO;Apto;Apto
4506731849;2025-08-18;2025-08-18;CALDEIRAO GRANDE;CAMILO;Inapto;Deficiencia Tecnica
4506735224;2025-08-18;;CALDEIRAO GRANDE;CAMILO;Aguardando retorno;
4506737153;2025-08-18;2025-08-18;CAPIM GROSSO;CAMILO;Inapto;Deficiencia Tecnica
4506720977;2025-08-18;2025-08-18;MAIRI;CAMILO;Apto;Apto
4506735761;2025-08-18;2025-08-18;PIRITIBA;CAMILO;Apto;Ja realizada
4506728944;2025-08-18;2025-08-18;VARZEA NOVA;CAMILO;Apto;Apto
4506739509;2025-08-18;;JACOBINA;CAMILO;Aguardando retorno;
4506727371;2025-08-18;2025-08-18;JACOBINA;CAMILO;Apto;Apto
4506736137;2025-08-18;;PIRITIBA;CAMILO;Aguardando retorno;
4506739042;2025-08-18;2025-08-18;VARZEA NOVA;CAMILO;Inapto;Cliente deseja KIT financiado
4506734336;2025-08-18;;CAPIM GROSSO;CAMILO;Aguardando retorno;
4506731363;2025-08-18;2025-08-18;OUROLANDIA;CAMILO;Apto;Apto
4506725882;2025-08-18;2025-08-18;VARZEA DA ROCA;CAMILO;Apto;Apto
4506720971;2025-08-18;2025-08-18;MIGUEL CALMON;CAMILO;Apto;Apto
4506732927;2025-08-18;2025-08-18;QUIXABEIRA;CAMILO;Inapto;Preparar padrao
4506725451;2025-08-18;2025-08-18;QUIXABEIRA;CAMILO;Apto;Apto
4506725887;2025-08-18;2025-08-18;CAPIM GROSSO;CAMILO;Apto;Apto
4506733369;2025-08-18;;MUNDO NOVO;CAMILO;Aguardando retorno;
4506738564;2025-08-18;;PIRITIBA;CAMILO;Aguardando retorno;
4506737630;2025-08-18;2025-08-18;CAPIM GROSSO;CAMILO;Apto;Apto
4506720984;2025-08-18;;MUNDO NOVO;CAMILO;Aguardando retorno;
4506726993;2025-08-18;;JACOBINA;CAMILO;Aguardando retorno;
4506733373;2025-08-18;2025-08-18;SERROLANDIA;CAMILO;Apto;Apto
4506731865;2025-08-18;;CAPIM GROSSO;CAMILO;Aguardando retorno;
4506722987;2025-08-18;;PIRITIBA;CAMILO;Aguardando retorno;
4506722484;2025-08-18;;JACOBINA;CAMILO;Aguardando retorno;
4506737652;2025-08-18;2025-08-18;MUNDO NOVO;CAMILO;Inapto;Obra
4506741506;2025-08-18;2025-08-18;CAPIM GROSSO;CAMILO;Apto;Apto
4506738096;2025-08-18;;CAEM;CAMILO;Aguardando retorno;
4506731911;2025-08-18;2025-08-18;VARZEA NOVA;CAMILO;Apto;Apto
4506738591;2025-08-18;;CAPIM GROSSO;CAMILO;Aguardando retorno;
4506540409;2025-08-19;2025-08-19;TAPIRAMUTA;CAMILO;Aguardando retorno;
4506699449;2025-08-19;;GAVIAO;CAMILO;Aguardando retorno;
4506703307;2025-08-19;2025-08-19;PIRITIBA;CAMILO;Apto;Apto
4506703346;2025-08-19;2025-08-19;PIRITIBA;CAMILO;Apto;Apto
4506706862;2025-08-19;;SERROLANDIA;CAMILO;Aguardando retorno;
4506716836;2025-08-19;;JACOBINA;CAMILO;Aguardando retorno;
4506721315;2025-08-19;;MAIRI;CAMILO;Aguardando retorno;
4506727217;2025-08-19;;CAPIM GROSSO;CAMILO;Aguardando retorno;
4506736180;2025-08-19;2025-08-19;BAIXA GRANDE;CAMILO;Inapto;Preparar padrao
4506744012;2025-08-19;;CAEM;CAMILO;Aguardando retorno;
4506732981;2025-08-19;2025-08-19;CAPIM GROSSO;CAMILO;Apto;Apto
4506734456;2025-08-19;;CAPIM GROSSO;CAMILO;Aguardando retorno;
4506739159;2025-08-19;;CAPIM GROSSO;CAMILO;Aguardando retorno;
4506740603;2025-08-19;;CAPIM GROSSO;CAMILO;Aguardando retorno;
4506735824;2025-08-19;;JACOBINA;CAMILO;Aguardando retorno;
4506725948;2025-08-19;;MIGUEL CALMON;CAMILO;Aguardando retorno;
4506727433;2025-08-19;;OUROLANDIA;CAMILO;Aguardando retorno;
4506735280;2025-08-19;;SAUDE;CAMILO;Aguardando retorno;
4506739142;2025-08-19;;SERROLANDIA;CAMILO;Aguardando retorno;
4506730901;2025-08-19;;SERROLANDIA;CAMILO;Aguardando retorno;
4506741536;2025-08-19;2025-08-19;VARZEA NOVA;CAMILO;Inapto;Preparar padrao
4506735293;2025-08-19;;OUROLANDIA;CAMILO;Aguardando retorno;
4506742508;2025-08-19;;JACOBINA;CAMILO;Aguardando retorno;
4506736675;2025-08-19;;JACOBINA;CAMILO;Aguardando retorno;
4506735305;2025-08-19;;BAIXA GRANDE;CAMILO;Aguardando retorno;
4506738604;2025-08-19;;PIRITIBA;CAMILO;Aguardando retorno;
4506730903;2025-08-19;;JACOBINA;CAMILO;Aguardando retorno;
4506742503;2025-08-19;;MIRANGABA;CAMILO;Aguardando retorno;
4506733910;2025-08-19;;MIRANGABA;CAMILO;Aguardando retorno;
4506742507;2025-08-19;;MAIRI;CAMILO;Aguardando retorno;
4506728983;2025-08-19;;SAO JOSE DO JACUIPE;CAMILO;Aguardando retorno;
4506736181;2025-08-19;;MUNDO NOVO;CAMILO;Aguardando retorno;
4506739540;2025-08-19;;MUNDO NOVO;CAMILO;Aguardando retorno;
4506735783;2025-08-19;;CALDEIRAO GRANDE;CAMILO;Aguardando retorno;
4506737235;2025-08-19;2025-08-19;JACOBINA;CAMILO;Apto;Apto
4506740552;2025-08-19;2025-08-19;BAIXA GRANDE;CAMILO;Inapto;Preparar padrao
4506731499;2025-08-19;;VARZEA DO POCO;CAMILO;Aguardando retorno;
4506743006;2025-08-19;;CAPIM GROSSO;CAMILO;Aguardando retorno;
4506733919;2025-08-19;;OUROLANDIA;CAMILO;Aguardando retorno;
4506736664;2025-08-19;;MAIRI;CAMILO;Aguardando retorno;
4506740554;2025-08-19;2025-08-19;CAPIM GROSSO;CAMILO;Inapto;Preparar padrao
4506730917;2025-08-19;;SERROLANDIA;CAMILO;Aguardando retorno;
4506742027;2025-08-19;;MUNDO NOVO;CAMILO;Aguardando retorno;
4506725953;2025-08-19;;SAUDE;CAMILO;Aguardando retorno;
4506737676;2025-08-19;;VARZEA NOVA;CAMILO;Aguardando retorno;
4506733442;2025-08-19;2025-08-19;CAPIM GROSSO;CAMILO;Apto;Apto
4506733927;2025-08-19;;MAIRI;CAMILO;Aguardando retorno;
4506725960;2025-08-19;2025-08-19;MUNDO NOVO;CAMILO;Apto;Apto
4506728999;2025-08-19;;JACOBINA;CAMILO;Aguardando retorno;
4506735304;2025-08-19;;JACOBINA;CAMILO;Aguardando retorno;
4506739556;2025-08-19;;JACOBINA;CAMILO;Aguardando retorno;
4506742036;2025-08-19;;JACOBINA;CAMILO;Aguardando retorno;
4506733952;2025-08-19;;JACOBINA;CAMILO;Aguardando retorno;
4506745009;2025-08-19;;CAPIM GROSSO;CAMILO;Aguardando retorno;
4506740082;2025-08-19;;CAPIM GROSSO;CAMILO;Aguardando retorno;
4506733479;2025-08-19;;MIGUEL CALMON;CAMILO;Aguardando retorno;
4506735312;2025-08-19;;CAPIM GROSSO;CAMILO;Aguardando retorno;
4506732460;2025-08-19;;CAEM;CAMILO;Cadastro incompleto;
4506742623;2025-08-19;;CALDEIRAO GRANDE;CAMILO;Cadastro incompleto;
4506743657;2025-08-19;;CALDEIRAO GRANDE;CAMILO;Cadastro incompleto;
4506743659;2025-08-19;;OUROLANDIA;CAMILO;Cadastro incompleto;
4506584530;2025-08-19;2025-08-19;GAVIAO;CAMILO;Apto;Apto
4506693429;2025-08-19;;JACOBINA;CAMILO;Aguardando retorno;
4506710583;2025-08-19;2025-08-19;JACOBINA;CAMILO;Apto;Apto
4506719309;2025-08-19;2025-08-19;MUNDO NOVO;CAMILO;Apto;Apto
4506729700;2025-08-19;2025-08-19;MAIRI;CAMILO;Inapto;Preparar padrao
4506731680;2025-08-19;;JACOBINA;CAMILO;Aguardando retorno;
4506737703;2025-08-19;2025-08-19;CALDEIRAO GRANDE;CAMILO;Cadastro incompleto;Contato incorreto
4506742551;2025-08-19;2025-08-19;JACOBINA;CAMILO;Apto;Apto
4506744066;2025-08-19;;MIGUEL CALMON;CAMILO;Aguardando retorno;
4506735357;2025-08-19;;UMBURANAS;CAMILO;Aguardando retorno;
4506735836;2025-08-19;;BAIXA GRANDE;CAMILO;Aguardando retorno;
4506735390;2025-08-19;2025-08-19;VARZEA DO POCO;CAMILO;Apto;Apto
4506735833;2025-08-19;;MIGUEL CALMON;CAMILO;Aguardando retorno;
4506733979;2025-08-19;;CAPIM GROSSO;CAMILO;Aguardando retorno;
4506742048;2025-08-19;;JACOBINA;CAMILO;Cadastro incompleto;Sem contato
4506737298;2025-08-19;2025-08-19;VARZEA DO POCO;CAMILO;Apto;Apto
4506740608;2025-08-19;;OUROLANDIA;CAMILO;Aguardando retorno;
4506730987;2025-08-19;2025-08-19;SAO JOSE DO JACUIPE;CAMILO;Inapto;Preparar padrao
4506743044;2025-08-19;;SAO JOSE DO JACUIPE;CAMILO;Aguardando retorno;
4506740610;2025-08-19;;JACOBINA;CAMILO;Aguardando retorno;
4506744540;2025-08-19;;VARZEA NOVA;CAMILO;Aguardando retorno;
4506736240;2025-08-19;2025-08-19;BAIXA GRANDE;CAMILO;Apto;Apto
4506735865;2025-08-19;;SERROLANDIA;CAMILO;Aguardando retorno;
4506742060;2025-08-19;2025-08-19;UMBURANAS;CAMILO;Inapto;Deficiencia Tecnica
4506737723;2025-08-19;;JACOBINA;CAMILO;Aguardando retorno;
4506732480;2025-08-19;2025-08-19;MIRANGABA;CAMILO;Inapto;Obra
4506727493;2025-08-19;2025-08-19;CAPIM GROSSO;CAMILO;Apto;Apto
4506736730;2025-08-19;;CAPIM GROSSO;CAMILO;Aguardando retorno;
4506738202;2025-08-19;;VARZEA DO POCO;CAMILO;Aguardando retorno;
4506736733;2025-08-19;2025-08-19;OUROLANDIA;VINICIUS;Inapto;Deficiencia Tecnica
4506734918;2025-08-19;;JACOBINA;CAMILO;Aguardando retorno;
4506740120;2025-08-19;;CAPIM GROSSO;CAMILO;Cadastro incompleto;
4506742591;2025-08-19;2025-08-19;CAEM;CAMILO;Apto;Apto
4506738714;2025-08-19;;CAPIM GROSSO;CAMILO;Cadastro incompleto;Contato incorreto
4506318893;2025-08-21;;CAPIM GROSSO;CAMILO;Aguardando retorno;
4506706690;2025-08-21;2025-08-21;TAPIRAMUTA;CAMILO;Apto;Apto
4506706700;2025-08-21;2025-08-21;JACOBINA;CAMILO;Apto;Apto
4506718318;2025-08-21;2025-08-21;VARZEA NOVA;CAMILO;Inapto;Obra
4506726726;2025-08-21;2025-08-21;CAPIM GROSSO;CAMILO;Apto;Apto
4506719930;2025-08-21;2025-08-21;TAPIRAMUTA;CAMILO;Apto;Apto
4506725701;2025-08-21;2025-08-21;JACOBINA;CAMILO;Apto;Apto
4506729313;2025-08-21;2025-08-21;CAPIM GROSSO;CAMILO;Apto;Apto
4506746051;2025-08-21;2025-08-21;BAIXA GRANDE;CAMILO;Apto;Apto
4506737363;2025-08-21;2025-08-21;CAPIM GROSSO;CAMILO;Apto;Apto
4506740638;2025-08-21;2025-08-21;MAIRI;CAMILO;Aguardando retorno;
4506737353;2025-08-21;2025-08-21;MIGUEL CALMON;CAMILO;Apto;Apto
4506738336;2025-08-21;;VARZEA NOVA;CAMILO;Aguardando retorno;
4506742599;2025-08-21;2025-08-21;MAIRI;CAMILO;Inapto;Preparar padrao
4506747050;2025-08-21;2025-08-21;JACOBINA;CAMILO;Apto;Apto
4506741153;2025-08-21;2025-08-21;JACOBINA;CAMILO;Apto;Apto
4506744106;2025-08-21;2025-08-21;CAPIM GROSSO;CAMILO;Apto;Ja realizada
4506740633;2025-08-21;2025-08-21;JACOBINA;CAMILO;Apto;Apto
4506740637;2025-08-21;;CAPIM GROSSO;CAMILO;Aguardando retorno;
4506742600;2025-08-21;;CAEM;CAMILO;Aguardando retorno;
4506735903;2025-08-21;2025-08-21;JACOBINA;CAMILO;Apto;Ja realizada
4506741124;2025-08-21;;JACOBINA;CAMILO;Aguardando retorno;
4506746045;2025-08-21;2025-08-21;JACOBINA;CAMILO;Apto;Apto
4506744083;2025-08-21;2025-08-21;VARZEA NOVA;CAMILO;Apto;Apto
4506743077;2025-08-21;2025-08-21;JACOBINA;CAMILO;Apto;Apto
4506738299;2025-08-21;2025-08-21;OUROLANDIA;CAMILO;Apto;Apto
4506746064;2025-08-21;;SAO JOSE DO JACUIPE;CAMILO;Aguardando retorno;
4506740155;2025-08-21;;SERROLANDIA;CAMILO;Aguardando retorno;
4506746067;2025-08-21;2025-08-21;JACOBINA;CAMILO;Inapto;Obra
4506742618;2025-08-21;2025-08-21;JACOBINA;CAMILO;Apto;Apto
4506739263;2025-08-21;2025-08-21;JACOBINA;CAMILO;Apto;Apto
4506746074;2025-08-21;2025-08-21;CAPIM GROSSO;CAMILO;Apto;Apto
4506747548;2025-08-21;2025-08-21;MIGUEL CALMON;CAMILO;Apto;Apto
4506749018;2025-08-21;2025-08-21;MUNDO NOVO;CAMILO;Apto;Apto
4506737817;2025-08-21;2025-08-21;SERROLANDIA;CAMILO;Apto;Apto
4506744102;2025-08-21;2025-08-21;JACOBINA;CAMILO;Apto;Apto
4506738747;2025-08-21;;CAPIM GROSSO;CAMILO;Aguardando retorno;
4506746570;2025-08-21;2025-08-21;GAVIAO;CAMILO;Aguardando retorno;
4506737837;2025-08-21;;CAPIM GROSSO;CAMILO;Aguardando retorno;
4506737839;2025-08-21;2025-08-21;CAPIM GROSSO;CAMILO;Apto;Apto
4506746085;2025-08-21;;MUNDO NOVO;CAMILO;Aguardando retorno;
4506740178;2025-08-21;;OUROLANDIA;CAMILO;Aguardando retorno;
4506749069;2025-08-21;;SAO JOSE DO JACUIPE;CAMILO;Cadastro incompleto;
4506740681;2025-08-21;;OUROLANDIA;CAMILO;Aguardando retorno;
4506742123;2025-08-21;;CAPIM GROSSO;CAMILO;Cadastro incompleto;
4506745603;2025-08-21;;CAPIM GROSSO;CAMILO;Cadastro incompleto;
4506739697;2025-08-21;;VARZEA DA ROCA;CAMILO;Aguardando retorno;
4506737885;2025-08-25;;;CAMILO;Aguardando retorno;
4506749075;2025-08-25;;;CAMILO;Aguardando retorno;
4506740250;2025-08-25;;;CAMILO;Aguardando retorno;
4506742161;2025-08-25;;;CAMILO;Aguardando retorno;
4506741299;2025-08-25;;;CAMILO;Aguardando retorno;
4506735948;2025-08-25;;;CAMILO;Aguardando retorno;
4506736378;2025-08-25;;;CAMILO;Aguardando retorno;
4506742664;2025-08-25;;;CAMILO;Aguardando retorno;
4506745159;2025-08-25;;;CAMILO;Aguardando retorno;
4506737901;2025-08-25;;;CAMILO;Aguardando retorno;
4506745643;2025-08-25;;;CAMILO;Aguardando retorno;
4506746613;2025-08-25;;;CAMILO;Aguardando retorno;
4506736362;2025-08-25;;;CAMILO;Aguardando retorno;
4506738449;2025-08-25;;;CAMILO;Aguardando retorno;
4506742126;2025-08-25;;;CAMILO;Aguardando retorno;
4506740181;2025-08-25;;;CAMILO;Aguardando retorno;
4506747625;2025-08-25;;;CAMILO;Aguardando retorno;
4506736798;2025-08-25;;;CAMILO;Aguardando retorno;
4506724504;2025-08-25;2025-08-25;;CAMILO;Inapto;Obra
4506739715;2025-08-25;;;CAMILO;Aguardando retorno;
4506734993;2025-08-25;;;CAMILO;Aguardando retorno;
4506721956;2025-08-25;2025-08-25;;CAMILO;Inapto;Cliente deseja KIT financiado
4506745616;2025-08-25;;;CAMILO;Aguardando retorno;
4506737449;2025-08-25;;;CAMILO;Aguardando retorno;
4506740693;2025-08-25;2025-08-25;;CAMILO;Aguardando retorno;
4506743696;2025-08-25;;;CAMILO;Aguardando retorno;
4506747577;2025-08-25;;;CAMILO;Aguardando retorno;
4506728851;2025-08-25;;;CAMILO;Aguardando retorno;
4506744143;2025-08-25;;;CAMILO;Aguardando retorno;
4506734981;2025-08-25;;;CAMILO;Aguardando retorno;
4506740218;2025-08-25;;;CAMILO;Aguardando retorno;
4506749074;2025-08-25;;;CAMILO;Aguardando retorno;
4506725798;2025-08-25;;;CAMILO;Aguardando retorno;
4506740683;2025-08-25;;;CAMILO;Aguardando retorno;
4506743706;2025-08-25;2025-08-25;;CAMILO;Apto;Apto
4506737902;2025-08-25;;;CAMILO;Aguardando retorno;
4506720366;2025-08-25;;;CAMILO;Aguardando retorno;
4506738772;2025-08-25;;;CAMILO;Aguardando retorno;
4506735438;2025-08-25;;;CAMILO;Aguardando retorno;
4506710508;2025-08-25;;;CAMILO;Aguardando retorno;
4506738769;2025-08-25;;;CAMILO;Aguardando retorno;
4506735934;2025-08-25;;;CAMILO;Aguardando retorno;
4506744614;2025-08-25;;;CAMILO;Aguardando retorno;
4506742136;2025-08-25;;;CAMILO;Aguardando retorno;
4506689494;2025-08-25;;;CAMILO;Aguardando retorno;
4506713342;2025-08-25;;;CAMILO;Aguardando retorno;
4506702921;2025-08-25;;;CAMILO;Aguardando retorno;
4506740697;2025-08-25;;;CAMILO;Aguardando retorno;
4506319334;2025-08-26;2025-08-26;JACOBINA;CAMILO;Apto;Apto
4506464631;2025-08-26;2025-08-26;SAO JOSE DO JACUIPE;CAMILO;Inapto;Preparar padrao
4506508214;2025-08-26;;CAPIM GROSSO;CAMILO;Aguardando retorno;
4506603461;2025-08-26;2025-08-26;SAO JOSE DO JACUIPE;CAMILO;Inapto;Preparar padrao
4506707370;2025-08-26;2025-08-26;OUROLANDIA;CAMILO;Apto;Apto
4506706403;2025-08-26;2025-08-26;JACOBINA;CAMILO;Apto;Apto
4506722083;2025-08-26;2025-08-26;MIGUEL CALMON;CAMILO;Apto;Apto
4506727093;2025-08-26;;PIRITIBA;CAMILO;Aguardando retorno;
4506729603;2025-08-26;;CAPIM GROSSO;CAMILO;Aguardando retorno;
4506728872;2025-08-26;;PIRITIBA;CAMILO;Aguardando retorno;
4506740289;2025-08-26;2025-08-26;BAIXA GRANDE;CAMILO;Apto;Apto
4506745283;2025-08-26;;CAPIM GROSSO;CAMILO;Aguardando retorno;
4506739399;2025-08-26;;CAPIM GROSSO;CAMILO;Aguardando retorno;
4506743794;2025-08-26;2025-08-26;CAPIM GROSSO;CAMILO;Apto;Ja realizada
4506742174;2025-08-26;2025-08-26;SERROLANDIA;CAMILO;Apto;Ja realizada
4506746166;2025-08-26;2025-08-26;OUROLANDIA;CAMILO;Inapto;Contato incorreto
4506736391;2025-08-26;2025-08-26;JACOBINA;CAMILO;Apto;Ja realizada
4506748149;2025-08-26;;SAO JOSE DO JACUIPE;CAMILO;Aguardando retorno;
4506746642;2025-08-26;2025-08-26;JACOBINA;CAMILO;Apto;Apto
4506747114;2025-08-26;;OUROLANDIA;CAMILO;Aguardando retorno;
4506744651;2025-08-26;2025-08-26;VARZEA DO POCO;CAMILO;Apto;Ja realizada
4506745691;2025-08-26;;CAEM;CAMILO;Aguardando retorno;
4506740288;2025-08-26;2025-08-26;PIRITIBA;CAMILO;Inapto;Preparar padrao
4506742697;2025-08-26;2025-08-26;VARZEA NOVA;CAMILO;Apto;Apto
4506741661;2025-08-26;;JACOBINA;CAMILO;Aguardando retorno;
4506737496;2025-08-26;;CAPIM GROSSO;CAMILO;Aguardando retorno;
4506737497;2025-08-26;;SAO JOSE DO JACUIPE;CAMILO;Aguardando retorno;
4506739790;2025-08-26;2025-08-26;SERROLANDIA;CAMILO;Apto;Apto
4506748581;2025-08-26;2025-08-26;VARZEA DO POCO;CAMILO;Inapto;Preparar padrao
4506745703;2025-08-26;2025-08-26;BAIXA GRANDE;CAMILO;Inapto;Preparar padrao
4506743152;2025-08-26;;VARZEA DO POCO;CAMILO;Aguardando retorno;
4506749119;2025-08-26;;VARZEA NOVA;CAMILO;Aguardando retorno;
4506739803;2025-08-26;;CAPIM GROSSO;CAMILO;Aguardando retorno;
4506744174;2025-08-26;2025-08-26;UMBURANAS;CAMILO;Apto;Apto
4506746194;2025-08-26;2025-08-26;CALDEIRAO GRANDE;CAMILO;Inapto;Preparar padrao
4506742193;2025-08-26;;VARZEA NOVA;CAMILO;Aguardando retorno;
4506741670;2025-08-26;;CAPIM GROSSO;CAMILO;Aguardando retorno;
4506749574;2025-08-26;;JACOBINA;CAMILO;Aguardando retorno;
4506744671;2025-08-26;;BAIXA GRANDE;CAMILO;Aguardando retorno;
4506748605;2025-08-26;;MAIRI;CAMILO;Aguardando retorno;
4506743798;2025-08-26;2025-08-26;CAPIM GROSSO;CAMILO;Apto;Apto
4506749146;2025-08-26;;OUROLANDIA;CAMILO;Aguardando retorno;
4506745747;2025-08-26;2025-08-26;CAPIM GROSSO;CAMILO;Apto;Ja realizada
4506675319;2025-08-26;2025-08-26;VARZEA DO POCO;CAMILO;Apto;Ja realizada
4506708557;2025-08-26;2025-08-26;CAPIM GROSSO;CAMILO;Apto;Apto
4506696493;2025-08-26;;JACOBINA;CAMILO;Aguardando retorno;
4506712208;2025-08-26;2025-08-26;MIGUEL CALMON;CAMILO;Inapto;Deficiencia Tecnica
4506707978;2025-08-26;2025-08-26;MIGUEL CALMON;CAMILO;Apto;Apto
4506723096;2025-08-26;;MIRANGABA;CAMILO;Aguardando retorno;
4506716886;2025-08-26;2025-08-26;PIRITIBA;CAMILO;Apto;Ja realizada
4506721142;2025-08-26;2025-08-26;CAPIM GROSSO;CAMILO;Inapto;Preparar padrao
4506717911;2025-08-26;2025-08-26;MAIRI;CAMILO;Apto;Ja realizada
4506721281;2025-08-26;;QUIXABEIRA;CAMILO;Aguardando retorno;
4506726179;2025-08-26;2025-08-26;UMBURANAS;CAMILO;Inapto;Preparar padrao
4506733711;2025-08-26;;SERROLANDIA;CAMILO;Aguardando retorno;
4506737009;2025-08-26;;TAPIRAMUTA;CAMILO;Aguardando retorno;
4506727371;2025-08-26;2025-08-26;JACOBINA;CAMILO;Apto;Apto
4506741536;2025-08-26;2025-08-26;VARZEA NOVA;CAMILO;Apto;Apto
4506749174;2025-08-26;2025-08-26;JACOBINA;CAMILO;Apto;Apto
4506740812;2025-08-26;2025-08-26;JACOBINA;CAMILO;Apto;Apto
4506744234;2025-08-26;2025-08-26;MUNDO NOVO;CAMILO;Apto;Apto
4506742742;2025-08-26;2025-08-26;PIRITIBA;CAMILO;Apto;Apto
4506744775;2025-08-26;;OUROLANDIA;CAMILO;Apto;Apto
4506752021;2025-08-26;;OUROLANDIA;CAMILO;Aguardando retorno;
4506745765;2025-08-26;2025-08-26;UMBURANAS;CAMILO;Apto;Apto
4506738886;2025-08-26;;CAPIM GROSSO;CAMILO;Aguardando retorno;
4506745805;2025-08-26;;JACOBINA;CAMILO;Aguardando retorno;
4506743886;2025-08-26;;TAPIRAMUTA;CAMILO;Aguardando retorno;
4506751539;2025-08-26;2025-08-26;VARZEA DO POCO;CAMILO;Apto;Apto
4506748619;2025-08-26;;MIRANGABA;CAMILO;Aguardando retorno;
4506742222;2025-08-26;;JACOBINA;CAMILO;Aguardando retorno;
4506748620;2025-08-26;;VARZEA DO POCO;CAMILO;Aguardando retorno;
4506751057;2025-08-26;;CALDEIRAO GRANDE;CAMILO;Aguardando retorno;
4506743180;2025-08-26;;JACOBINA;CAMILO;Aguardando retorno;
4506742741;2025-08-26;;MUNDO NOVO;CAMILO;Aguardando retorno;
4506745764;2025-08-26;2025-08-26;OUROLANDIA;CAMILO;Apto;Apto
4506750125;2025-08-26;;JACOBINA;CAMILO;Aguardando retorno;
4506750583;2025-08-26;;BAIXA GRANDE;CAMILO;Aguardando retorno;
4506751549;2025-08-26;;JACOBINA;CAMILO;Aguardando retorno;
4506750131;2025-08-26;;CAPIM GROSSO;CAMILO;Aguardando retorno;
4506736889;2025-08-26;;UMBURANAS;CAMILO;Aguardando retorno;
4506746718;2025-08-26;2025-08-26;CAEM;CAMILO;Apto;Apto
4506750610;2025-08-26;2025-08-26;CAEM;CAMILO;Apto;Apto
4506742249;2025-08-26;2025-08-26;MIGUEL CALMON;CAMILO;Apto;Apto
4506750149;2025-08-26;;CAPIM GROSSO;CAMILO;Aguardando retorno;
4506743223;2025-08-26;2025-08-26;MIGUEL CALMON;CAMILO;Inapto;Preparar padrao
4506746308;2025-08-26;2025-08-26;JACOBINA;CAMILO;Apto;Apto
4506744768;2025-08-26;;TAPIRAMUTA;CAMILO;Aguardando retorno;
4506744253;2025-08-26;;TAPIRAMUTA;CAMILO;Aguardando retorno;
4506743889;2025-08-26;2025-08-26;TAPIRAMUTA;CAMILO;Apto;Ja realizada
4506743890;2025-08-26;2025-08-26;MIGUEL CALMON;CAMILO;Apto;Apto
4506693081;2025-08-27;2025-08-27;MIRANGABA;CAMILO;Apto;Apto
4506693429;2025-08-27;;JACOBINA;CAMILO;Aguardando retorno;
4506716836;2025-08-27;;JACOBINA;CAMILO;Aguardando retorno;
4506719427;2025-08-27;2025-08-27;SERROLANDIA;CAMILO;Apto;Apto
4506732101;2025-08-27;2025-08-27;TAPIRAMUTA;CAMILO;Apto;Apto
4506725451;2025-08-27;2025-08-27;QUIXABEIRA;CAMILO;Inapto;Deficiencia Tecnica
4506722987;2025-08-27;;PIRITIBA;CAMILO;Aguardando retorno;
4506735293;2025-08-27;2025-08-27;OUROLANDIA;CAMILO;Apto;Apto
4506730987;2025-08-27;2025-08-27;SAO JOSE DO JACUIPE;CAMILO;Apto;Apto
4506748276;2025-08-27;2025-08-27;CAPIM GROSSO;CAMILO;Inapto;Preparar padrao
4506740410;2025-08-27;2025-08-27;CAPIM GROSSO;CAMILO;Apto;Apto
4506751129;2025-08-27;2025-08-27;JACOBINA;CAMILO;Apto;Apto
4506746371;2025-08-27;;JACOBINA;CAMILO;Aguardando retorno;
4506742303;2025-08-27;2025-08-27;OUROLANDIA;CAMILO;Inapto;Preparar padrao
4506740441;2025-08-27;2025-08-27;OUROLANDIA;CAMILO;Apto;Apto
4506740857;2025-08-27;;JACOBINA;CAMILO;Aguardando retorno;
4506740858;2025-08-27;;JACOBINA;CAMILO;Aguardando retorno;
4506749199;2025-08-27;;JACOBINA;CAMILO;Aguardando retorno;
4506746332;2025-08-27;2025-08-27;VARZEA DO POCO;CAMILO;Inapto;Deficiencia Tecnica
4506749200;2025-08-27;2025-08-27;MIRANGABA;CAMILO;Apto;Apto
4506743240;2025-08-27;2025-08-27;VARZEA DO POCO;CAMILO;Apto;Apto
4506751604;2025-08-27;2025-08-27;MAIRI;CAMILO;Apto;Apto
4506743895;2025-08-27;2025-08-27;TAPIRAMUTA;CAMILO;Apto;Apto
4506740862;2025-08-27;2025-08-27;SERROLANDIA;CAMILO;Inapto;Preparar padrao
4506742271;2025-08-27;2025-08-27;JACOBINA;CAMILO;Apto;Apto
4506739893;2025-08-27;2025-08-27;MIGUEL CALMON;CAMILO;Apto;Ja realizada
4506747187;2025-08-27;;SAUDE;CAMILO;Aguardando retorno;
4506749224;2025-08-27;;CAPIM GROSSO;CAMILO;Aguardando retorno;
4506749228;2025-08-27;2025-08-27;MIRANGABA;CAMILO;Inapto;Preparar padrao
4506743904;2025-08-27;;CAPIM GROSSO;CAMILO;Aguardando retorno;
4506746795;2025-08-27;2025-08-27;JACOBINA;CAMILO;Apto;Apto
4506744274;2025-08-27;;OUROLANDIA;CAMILO;Aguardando retorno;
4506749769;2025-08-27;2025-08-27;CAEM;CAMILO;Apto;Apto
4506742283;2025-08-27;2025-08-27;OUROLANDIA;CAMILO;Apto;Apto
4506743917;2025-08-27;2025-08-27;CAEM;CAMILO;Apto;Ja realizada
4506751147;2025-08-27;2025-08-27;JACOBINA;CAMILO;Apto;Apto
4506745412;2025-08-27;;JACOBINA;CAMILO;Aguardando retorno;
4506741399;2025-08-27;2025-08-27;CAPIM GROSSO;CAMILO;Apto;Apto
4506752125;2025-08-27;;CAPIM GROSSO;CAMILO;Aguardando retorno;
4506748691;2025-08-27;2025-08-27;MIGUEL CALMON;CAMILO;Apto;Apto
4506739928;2025-08-27;2025-08-27;CAPIM GROSSO;CAMILO;Inapto;Preparar padrao
4506752128;2025-08-27;;MIGUEL CALMON;CAMILO;Aguardando retorno;
4506739933;2025-08-27;2025-08-27;VARZEA DO POCO;CAMILO;Apto;Apto
4506695856;2025-08-27;2025-08-27;CAPIM GROSSO;CAMILO;Apto;Apto
4506710583;2025-08-27;;JACOBINA;CAMILO;Aguardando retorno;
4506718302;2025-08-27;;MIRANGABA;CAMILO;Aguardando retorno;
4506724156;2025-08-27;;OUROLANDIA;CAMILO;Aguardando retorno;
4506727233;2025-08-27;;JACOBINA;CAMILO;Aguardando retorno;
4506735637;2025-08-27;;UMBURANAS;CAMILO;Aguardando retorno;
4506734652;2025-08-27;;VARZEA DA ROCA;CAMILO;Aguardando retorno;
4506736559;2025-08-27;;JACOBINA;CAMILO;Aguardando retorno;
4506731911;2025-08-27;;VARZEA NOVA;CAMILO;Aguardando retorno;
4506731499;2025-08-27;;VARZEA DO POCO;CAMILO;Aguardando retorno;
4506742027;2025-08-27;;MUNDO NOVO;CAMILO;Aguardando retorno;
4506744315;2025-08-27;;CALDEIRAO GRANDE;CAMILO;Aguardando retorno;
4506747850;2025-08-27;;JACOBINA;CAMILO;Aguardando retorno;
4506745909;2025-08-27;;PIRITIBA;CAMILO;Aguardando retorno;
4506743961;2025-08-27;;JACOBINA;CAMILO;Aguardando retorno;
4506742310;2025-08-27;;TAPIRAMUTA;CAMILO;Aguardando retorno;
4506743279;2025-08-27;;TAPIRAMUTA;CAMILO;Aguardando retorno;
4506752138;2025-08-27;;OUROLANDIA;CAMILO;Aguardando retorno;
4506746865;2025-08-27;;PIRITIBA;CAMILO;Aguardando retorno;
4506745423;2025-08-27;;JACOBINA;CAMILO;Aguardando retorno;
4506742315;2025-08-27;;JACOBINA;CAMILO;Aguardando retorno;
4506742856;2025-08-27;;PIRITIBA;CAMILO;Aguardando retorno;
4506740461;2025-08-27;;MIGUEL CALMON;CAMILO;Aguardando retorno;
4506751675;2025-08-27;2025-08-27;MUNDO NOVO;CAMILO;Inapto;Deficiencia Tecnica
4506738983;2025-08-27;2025-08-27;MUNDO NOVO;CAMILO;Apto;Apto
4506745434;2025-08-27;;VARZEA DA ROCA;CAMILO;Aguardando retorno;
4506742863;2025-08-27;;JACOBINA;CAMILO;Aguardando retorno;
4506750247;2025-08-27;;CALDEIRAO GRANDE;CAMILO;Aguardando retorno;
4506741428;2025-08-27;2025-08-27;CAPIM GROSSO;CAMILO;Apto;Apto
4506742329;2025-08-27;;TAPIRAMUTA;CAMILO;Aguardando retorno;
4506736986;2025-08-27;;MUNDO NOVO;CAMILO;Aguardando retorno;
4506742869;2025-08-27;2025-08-27;QUIXABEIRA;CAMILO;Apto;Apto
4506744333;2025-08-27;;VARZEA NOVA;CAMILO;Aguardando retorno;
4506740474;2025-08-27;;JACOBINA;CAMILO;Aguardando retorno;
4506744341;2025-08-27;;OUROLANDIA;CAMILO;Aguardando retorno;
4506743989;2025-08-27;;SERROLANDIA;CAMILO;Aguardando retorno;
4506740956;2025-08-27;;CAPIM GROSSO;CAMILO;Aguardando retorno;
4506743995;2025-08-27;2025-08-27;JACOBINA;CAMILO;Inapto;Deficiencia Tecnica
4506750272;2025-08-27;;JACOBINA;CAMILO;Aguardando retorno;
4506748354;2025-08-27;;CAEM;CAMILO;Aguardando retorno;
4506750285;2025-08-27;;UMBURANAS;CAMILO;Aguardando retorno;
4506532623;2025-08-29;2025-08-29;JACOBINA;CAMILO;Inapto;Preparar padrao
4506676871;2025-08-29;2025-08-29;JACOBINA;CAMILO;Inapto;Preparar padrao
4506675499;2025-08-29;;CAEM;CAMILO;Aguardando retorno;
4506709309;2025-08-29;;UMBURANAS;CAMILO;Aguardando retorno;
4506706942;2025-08-29;;BAIXA GRANDE;CAMILO;Aguardando retorno;
4506708888;2025-08-29;2025-08-29;CAPIM GROSSO;CAMILO;Apto;Ja realizada
4506717217;2025-08-29;;JACOBINA;CAMILO;Aguardando retorno;
4506718627;2025-08-29;2025-08-29;JACOBINA;CAMILO;Apto;Apto
4506715324;2025-08-29;;OUROLANDIA;CAMILO;Aguardando retorno;
4506715418;2025-08-29;2025-08-29;PIRITIBA;CAMILO;Inapto;Preparar padrao
4506736508;2025-08-29;2025-08-29;VARZEA DA ROCA;CAMILO;Inapto;Preparar padrao
4506735390;2025-08-29;2025-08-29;VARZEA DO POCO;CAMILO;Inapto;Preparar padrao
4506747969;2025-08-29;2025-08-29;CAPIM GROSSO;CAMILO;Apto;Apto
4506752246;2025-08-29;2025-08-29;MIRANGABA;CAMILO;Apto;Ja realizada
4506751765;2025-08-29;2025-08-29;SERROLANDIA;CAMILO;Apto;Apto
4506747939;2025-08-29;;MUNDO NOVO;CAMILO;Aguardando retorno;
4506747928;2025-08-29;;TAPIRAMUTA;CAMILO;Aguardando retorno;
4506745961;2025-08-29;;VARZEA DA ROCA;CAMILO;Aguardando retorno;
4506745965;2025-08-29;;CAEM;CAMILO;Aguardando retorno;
4506747930;2025-08-29;2025-08-29;CAEM;CAMILO;Aguardando retorno;
4506744881;2025-08-29;;JACOBINA;CAMILO;Aguardando retorno;
4506755507;2025-08-29;;VARZEA DO POCO;CAMILO;Aguardando retorno;
4506741823;2025-08-29;2025-08-29;JACOBINA;CAMILO;Apto;Apto
4506755013;2025-08-29;;MIGUEL CALMON;CAMILO;Aguardando retorno;
4506749357;2025-08-29;;CAPIM GROSSO;CAMILO;Aguardando retorno;
4506744887;2025-08-29;;PIRITIBA;CAMILO;Aguardando retorno;
4506752253;2025-08-29;2025-08-29;JACOBINA;CAMILO;Apto;Apto
4506754027;2025-08-29;;JACOBINA;CAMILO;Aguardando retorno;
4506743340;2025-08-29;;VARZEA DA ROCA;CAMILO;Aguardando retorno;
4506754028;2025-08-29;;MAIRI;CAMILO;Aguardando retorno;
4506754555;2025-08-29;;JACOBINA;CAMILO;Aguardando retorno;
4506753559;2025-08-29;;OUROLANDIA;CAMILO;Aguardando retorno;
4506747290;2025-08-29;;OUROLANDIA;CAMILO;Aguardando retorno;
4506755538;2025-08-29;;OUROLANDIA;CAMILO;Aguardando retorno;
4506756018;2025-08-29;;MAIRI;CAMILO;Aguardando retorno;
4506748372;2025-08-29;;MIGUEL CALMON;CAMILO;Aguardando retorno;
4506751310;2025-08-29;;JACOBINA;CAMILO;Aguardando retorno;
4506747295;2025-08-29;;MIGUEL CALMON;CAMILO;Aguardando retorno;
4506756025;2025-08-29;;MUNDO NOVO;CAMILO;Cadastro incompleto;Contato incorreto
4506743344;2025-08-29;;CAPIM GROSSO;CAMILO;Cadastro incompleto;Contato incorreto
4506753571;2025-08-29;;SERROLANDIA;CAMILO;Aguardando retorno;
4506752270;2025-08-29;;VARZEA NOVA;CAMILO;Aguardando retorno;
4506747306;2025-08-29;;VARZEA NOVA;CAMILO;Aguardando retorno;
4506742371;2025-08-29;;MUNDO NOVO;CAMILO;Aguardando retorno;
4506755565;2025-08-29;;OUROLANDIA;CAMILO;Aguardando retorno;
4506742962;2025-08-29;;JACOBINA;CAMILO;Aguardando retorno;
4506750834;2025-08-29;;MIGUEL CALMON;CAMILO;Aguardando retorno;
4506757503;2025-08-29;;JACOBINA;CAMILO;Aguardando retorno;
4506744401;2025-08-29;;JACOBINA;CAMILO;Aguardando retorno;
4506742378;2025-08-29;2025-08-29;JACOBINA;CAMILO;Inapto;Deficiencia Tecnica
4506755614;2025-08-29;2025-08-29;CAPIM GROSSO;CAMILO;Inapto;Preparar padrao
4506756524;2025-08-29;;VARZEA DA ROCA;CAMILO;Aguardando retorno;
4506756525;2025-08-29;;MAIRI;CAMILO;Aguardando retorno;
4506756531;2025-08-29;;MAIRI;CAMILO;Aguardando retorno;
4506756533;2025-08-29;2025-08-29;JACOBINA;CAMILO;Apto;Apto
4506747960;2025-08-29;;CAPIM GROSSO;CAMILO;Aguardando retorno;
4506748398;2025-08-29;;JACOBINA;CAMILO;Aguardando retorno;
4506743361;2025-08-29;;JACOBINA;CAMILO;Aguardando retorno;
4506756540;2025-08-29;2025-08-29;JACOBINA;CAMILO;Apto;Ja realizada
4506756541;2025-08-29;;JACOBINA;CAMILO;Aguardando retorno;
4506756544;2025-08-29;;PIRITIBA;CAMILO;Aguardando retorno;
4506756545;2025-08-29;;MUNDO NOVO;CAMILO;Aguardando retorno;
4506750872;2025-08-29;;JACOBINA;CAMILO;Aguardando retorno;
4506759044;2025-08-29;;JACOBINA;CAMILO;Aguardando retorno;
4506707532;2025-09-01;;SAUDE;CAMILO;Cadastro incompleto;Contato incorreto
4506716368;2025-09-01;2025-09-01;MAIRI;CAMILO;Apto;Apto
4506714983;2025-09-01;;MIGUEL CALMON;CAMILO;Aguardando retorno;
4506740552;2025-09-01;2025-09-01;BAIXA GRANDE;CAMILO;Inapto;Preparar padrao
4506744540;2025-09-01;2025-09-01;VARZEA NOVA;CAMILO;Apto;Apto
4506743706;2025-09-01;2025-09-01;SERROLANDIA;CAMILO;Apto;Ja realizada
4506743171;2025-09-01;;VARZEA DO POCO;CAMILO;Cadastro incompleto;Sem contato
4506752721;2025-09-01;2025-09-01;BAIXA GRANDE;CAMILO;Apto;Apto
4506757045;2025-09-01;;CALDEIRAO GRANDE;CAMILO;Cadastro incompleto;Contato incorreto
4506747361;2025-09-01;;JACOBINA;CAMILO;Cadastro incompleto;Sem contato
4506747998;2025-09-01;2025-09-01;JACOBINA;CAMILO;Apto;Apto
4506750342;2025-09-01;;MUNDO NOVO;CAMILO;Aguardando retorno;
4506755761;2025-09-01;2025-09-01;MAIRI;CAMILO;Apto;Apto
4506741880;2025-09-01;;OUROLANDIA;CAMILO;Aguardando retorno;
4506743383;2025-09-01;2025-09-01;VARZEA NOVA;CAMILO;Apto;Apto
4506752295;2025-09-01;2025-09-01;OUROLANDIA;CAMILO;Apto;Apto
4506758025;2025-09-01;2025-09-01;BAIXA GRANDE;CAMILO;Apto;Apto
4506746984;2025-09-01;;QUIXABEIRA;CAMILO;Cadastro incompleto;Contato incorreto
4506741871;2025-09-01;;VARZEA NOVA;CAMILO;Aguardando retorno;
4506750881;2025-09-01;;VARZEA DO POCO;CAMILO;Aguardando retorno;
4506744936;2025-09-01;2025-09-01;VARZEA DA ROCA;CAMILO;Inapto;Preparar padrao
4506744937;2025-09-01;2025-09-01;VARZEA DA ROCA;CAMILO;Apto;Apto
4506752297;2025-09-01;2025-09-01;BAIXA GRANDE;CAMILO;Apto;Apto
4506747346;2025-09-01;2025-09-01;CAPIM GROSSO;CAMILO;Apto;Apto
4506756587;2025-09-01;;CAPIM GROSSO;CAMILO;Aguardando retorno;
4506756087;2025-09-01;2025-09-01;UMBURANAS;CAMILO;Apto;Apto
4506756092;2025-09-01;2025-09-01;JACOBINA;CAMILO;Apto;Apto
4506744946;2025-09-01;;MIRANGABA;CAMILO;Aguardando retorno;
4506755727;2025-09-01;2025-09-01;BAIXA GRANDE;CAMILO;Inapto;Deficiencia Tecnica
4506758549;2025-09-01;;CALDEIRAO GRANDE;CAMILO;Aguardando retorno;
4506754610;2025-09-01;;SERROLANDIA;CAMILO;Aguardando retorno;
4506744952;2025-09-01;2025-09-01;VARZEA DA ROCA;CAMILO;Apto;Apto
4506758553;2025-09-01;;VARZEA NOVA;CAMILO;Aguardando retorno;
4506750894;2025-09-01;2025-09-01;CAPIM GROSSO;CAMILO;Apto;Apto
4506757048;2025-09-01;2025-09-01;VARZEA NOVA;CAMILO;Inapto;Obra
4506752746;2025-09-01;;MUNDO NOVO;CAMILO;Aguardando retorno;
4506759062;2025-09-01;2025-09-01;CAEM;CAMILO;Inapto;Deficiencia Tecnica
4506758038;2025-09-01;;MUNDO NOVO;CAMILO;Aguardando retorno;
4506750353;2025-09-01;;MIGUEL CALMON;CAMILO;Aguardando retorno;
4506248547;2025-09-02;;CAPIM GROSSO;CAMILO;Aguardando retorno;
4506706862;2025-09-02;2025-09-02;SERROLANDIA;CAMILO;Apto;Apto
4506734274;2025-09-02;2025-09-02;MUNDO NOVO;CAMILO;Inapto;Deficiencia Tecnica
4506720977;2025-09-02;2025-09-02;MAIRI;CAMILO;Apto;Apto
4506727398;2025-09-02;2025-09-02;JACOBINA;CAMILO;Inapto;Deficiencia Tecnica
4506738772;2025-09-02;2025-09-02;SERROLANDIA;CAMILO;Apto;Apto
4506749119;2025-09-02;2025-09-02;VARZEA NOVA;CAMILO;Apto;Apto
4506755797;2025-09-02;2025-09-02;BAIXA GRANDE;CAMILO;Inapto;Deficiencia Tecnica
4506751423;2025-09-02;;CAPIM GROSSO;CAMILO;Aguardando retorno;
4506744991;2025-09-02;2025-09-02;JACOBINA;CAMILO;Inapto;Deficiencia Tecnica
4506752338;2025-09-02;2025-09-02;MIGUEL CALMON;CAMILO;Inapto;Preparar padrao
4506754643;2025-09-02;;JACOBINA;CAMILO;Aguardando retorno;
4506755783;2025-09-02;;SAO JOSE DO JACUIPE;CAMILO;Aguardando retorno;
4506760059;2025-09-02;2025-09-02;MIRANGABA;CAMILO;Apto;Ja realizada
4506749436;2025-09-02;2025-09-02;VARZEA DA ROCA;CAMILO;Apto;Apto
4506760550;2025-09-02;;JACOBINA;CAMILO;Aguardando retorno;
4506756612;2025-09-02;2025-09-02;SERROLANDIA;CAMILO;Inapto;Deficiencia Tecnica
4506755159;2025-09-02;2025-09-02;CAPIM GROSSO;CAMILO;Apto;Apto
4506754654;2025-09-02;2025-09-02;UMBURANAS;CAMILO;Apto;Apto
4506749444;2025-09-02;;JACOBINA;CAMILO;Aguardando retorno;
4506748473;2025-09-02;;BAIXA GRANDE;CAMILO;Aguardando retorno;
4506747401;2025-09-02;;SAUDE;CAMILO;Aguardando retorno;
4506748826;2025-09-02;2025-09-02;MIRANGABA;CAMILO;Inapto;Deficiencia Tecnica
4506753228;2025-09-02;2025-09-02;SAUDE;CAMILO;Inapto;Cliente deseja KIT financiado
4506758617;2025-09-02;2025-09-02;MUNDO NOVO;CAMILO;Inapto;Deficiencia Tecnica
4506752339;2025-09-02;;JACOBINA;CAMILO;Aguardando retorno;
4506759570;2025-09-02;;GAVIAO;CAMILO;Aguardando retorno;
4506743424;2025-09-02;;JACOBINA;CAMILO;Aguardando retorno;
4506758623;2025-09-02;;VARZEA DA ROCA;CAMILO;Aguardando retorno;
4506758627;2025-09-02;;GAVIAO;CAMILO;Aguardando retorno;
4506760095;2025-09-02;;JACOBINA;CAMILO;Aguardando retorno;
4506750990;2025-09-02;;CAPIM GROSSO;CAMILO;Aguardando retorno;
4506754672;2025-09-02;2025-09-02;CAPIM GROSSO;CAMILO;Inapto;Obra
4506759113;2025-09-02;;CAPIM GROSSO;CAMILO;Aguardando retorno;
4506760111;2025-09-02;;CAEM;CAMILO;Aguardando retorno;
4506713342;2025-09-02;2025-09-02;VARZEA NOVA;CAMILO;Apto;Apto
4506722110;2025-09-02;2025-09-02;PIRITIBA;CAMILO;Inapto;Obra
4506722300;2025-09-02;2025-09-02;JACOBINA;CAMILO;Inapto;Deficiencia Tecnica
4506728983;2025-09-02;;SAO JOSE DO JACUIPE;CAMILO;Aguardando retorno;
4506740610;2025-09-02;2025-09-02;JACOBINA;CAMILO;Apto;Apto
4506746074;2025-09-02;2025-09-02;CAPIM GROSSO;CAMILO;Apto;Apto
4506746166;2025-09-02;2025-09-02;OUROLANDIA;CAMILO;Apto;Ja realizada
4506746199;2025-09-02;;PIRITIBA;CAMILO;Aguardando retorno;
4506750455;2025-09-02;2025-09-02;BAIXA GRANDE;CAMILO;Apto;Apto
4506756200;2025-09-02;2025-09-02;MIGUEL CALMON;CAMILO;Apto;Apto
4506741946;2025-09-02;2025-09-02;MIGUEL CALMON;CAMILO;Apto;Apto
4506761044;2025-09-02;2025-09-02;PIRITIBA;CAMILO;Apto;Apto
4506760122;2025-09-02;2025-09-02;SAO JOSE DO JACUIPE;CAMILO;Apto;Apto
4506760586;2025-09-02;2025-09-02;SERROLANDIA;CAMILO;Apto;Apto
4506756646;2025-09-02;2025-09-02;VARZEA NOVA;CAMILO;Apto;Apto
4506751904;2025-09-02;2025-09-02;SERROLANDIA;CAMILO;Inapto;Deficiencia Tecnica
4506761509;2025-09-02;2025-09-02;BAIXA GRANDE;CAMILO;Inapto;Deficiencia Tecnica
4506752367;2025-09-02;2025-09-02;CAPIM GROSSO;CAMILO;Apto;Apto
4506759128;2025-09-02;2025-09-02;QUIXABEIRA;CAMILO;Apto;Apto
4506754193;2025-09-02;;JACOBINA;CAMILO;Aguardando retorno;
4506750463;2025-09-02;2025-09-02;MAIRI;CAMILO;Apto;Apto
4506753691;2025-09-02;2025-09-02;MIRANGABA;CAMILO;Inapto;Deficiencia Tecnica
4506761021;2025-09-02;;BAIXA GRANDE;CAMILO;Aguardando retorno;
4506751490;2025-09-02;2025-09-02;PIRITIBA;CAMILO;Apto;Apto
4506752372;2025-09-02;2025-09-02;CAEM;CAMILO;Inapto;Deficiencia Tecnica
4506743457;2025-09-02;;SAO JOSE DO JACUIPE;CAMILO;Aguardando retorno;
4506760610;2025-09-02;;PIRITIBA;CAMILO;Aguardando retorno;
4506759612;2025-09-02;;MIRANGABA;CAMILO;Aguardando retorno;
4506758121;2025-09-02;;GAVIAO;CAMILO;Aguardando retorno;
4506749496;2025-09-02;;VARZEA DA ROCA;CAMILO;Aguardando retorno;
4506756204;2025-09-02;;TAPIRAMUTA;CAMILO;Aguardando retorno;
4506742487;2025-09-02;;TAPIRAMUTA;CAMILO;Aguardando retorno;
4506747445;2025-09-02;;JACOBINA;CAMILO;Aguardando retorno;
4506758131;2025-09-02;;CAEM;CAMILO;Aguardando retorno;
4506741950;2025-09-02;;MIGUEL CALMON;CAMILO;Aguardando retorno;
4506760630;2025-09-02;;VARZEA DO POCO;CAMILO;Aguardando retorno;
4506754214;2025-09-02;;CAPIM GROSSO;CAMILO;Aguardando retorno;
4506743467;2025-09-02;;JACOBINA;CAMILO;Aguardando retorno;
4506747455;2025-09-02;;CAPIM GROSSO;CAMILO;Aguardando retorno;
4506753286;2025-09-02;;JACOBINA;CAMILO;Cadastro incompleto;Sem contato
4506753714;2025-09-02;;CAPIM GROSSO;CAMILO;Aguardando retorno;
4506747463;2025-09-02;;CAPIM GROSSO;CAMILO;Aguardando retorno;
4506758702;2025-09-02;;JACOBINA;CAMILO;Aguardando retorno;
4506743474;2025-09-02;;MIGUEL CALMON;CAMILO;Aguardando retorno;
4506754840;2025-09-02;;JACOBINA;CAMILO;Cadastro incompleto;Sem contato
4506754841;2025-09-02;;JACOBINA;CAMILO;Cadastro incompleto;Sem contato
4506754843;2025-09-02;;CAPIM GROSSO;CAMILO;Cadastro incompleto;Sem contato
4506754845;2025-09-02;;CAPIM GROSSO;CAMILO;Cadastro incompleto;Sem contato
4506754846;2025-09-02;;CAPIM GROSSO;CAMILO;Cadastro incompleto;Sem contato
4506754847;2025-09-02;;JACOBINA;CAMILO;Cadastro incompleto;Sem contato
4506754849;2025-09-02;;CAPIM GROSSO;CAMILO;Cadastro incompleto;Sem contato
4506754857;2025-09-02;;CAPIM GROSSO;CAMILO;Cadastro incompleto;Sem contato
4506758248;2025-09-02;;GAVIAO;CAMILO;Cadastro incompleto;Sem contato
4506689494;2025-09-04;;VARZEA DO POCO;CAMILO;Aguardando retorno;
4506722428;2025-09-04;2025-09-04;MAIRI;CAMILO;Apto;Apto
4506735934;2025-09-04;;VARZEA DA ROCA;CAMILO;Aguardando retorno;
4506735438;2025-09-04;;TAPIRAMUTA;CAMILO;Aguardando retorno;
4506743798;2025-09-04;2025-09-04;CAPIM GROSSO;CAMILO;Apto;Apto
4506740862;2025-09-04;2025-09-04;SERROLANDIA;CAMILO;Apto;Apto
4506753315;2025-09-04;2025-09-04;JACOBINA;CAMILO;Apto;Apto
4506743480;2025-09-04;2025-09-04;MIGUEL CALMON;CAMILO;Inapto;Deficiencia Tecnica
4506756237;2025-09-04;2025-09-04;PIRITIBA;CAMILO;Apto;Apto
4506761561;2025-09-04;2025-09-04;SERROLANDIA;CAMILO;Apto;Apto
4506759629;2025-09-04;2025-09-04;VARZEA DA ROCA;CAMILO;Aguardando retorno;
4506757210;2025-09-04;2025-09-04;JACOBINA;CAMILO;Apto;Ja realizada
4506751974;2025-09-04;2025-09-04;VARZEA DA ROCA;CAMILO;Inapto;Deficiencia Tecnica
4506763045;2025-09-04;2025-09-04;BAIXA GRANDE;CAMILO;Apto;Apto
4506755236;2025-09-04;2025-09-04;JACOBINA;CAMILO;Inapto;Deficiencia Tecnica
4506755886;2025-09-04;;CAPIM GROSSO;CAMILO;Cadastro incompleto;Contato incorreto
4506763027;2025-09-04;;CAPIM GROSSO;CAMILO;Aguardando retorno;
4506762548;2025-09-04;;TAPIRAMUTA;CAMILO;Aguardando retorno;
4506764000;2025-09-04;;SAO JOSE DO JACUIPE;CAMILO;Aguardando retorno;
4506760194;2025-09-04;;OUROLANDIA;CAMILO;Aguardando retorno;
4506757192;2025-09-04;;CAEM;CAMILO;Aguardando retorno;
4506762573;2025-09-04;;MUNDO NOVO;CAMILO;Aguardando retorno;
4506755899;2025-09-04;;BAIXA GRANDE;CAMILO;Aguardando retorno;
4506751977;2025-09-04;2025-09-04;SAO JOSE DO JACUIPE;CAMILO;Inapto;Deficiencia Tecnica
4506762577;2025-09-04;;CALDEIRAO GRANDE;CAMILO;Aguardando retorno;
4506755902;2025-09-04;;OUROLANDIA;CAMILO;Aguardando retorno;
4506760210;2025-09-04;;MUNDO NOVO;CAMILO;Aguardando retorno;
4506751999;2025-09-04;;MUNDO NOVO;CAMILO;Aguardando retorno;
4506757759;2025-09-04;;CAPIM GROSSO;CAMILO;Aguardando retorno;
4506754259;2025-09-04;;CAPIM GROSSO;CAMILO;Aguardando retorno;
4506758750;2025-09-04;;CAPIM GROSSO;CAMILO;Aguardando retorno;
4506764514;2025-09-04;;CAPIM GROSSO;CAMILO;Aguardando retorno;
4506752885;2025-09-04;;JACOBINA;CAMILO;Aguardando retorno;
4506704376;2025-09-05;2025-09-05;PIRITIBA;CAMILO;Apto;Apto
4506759248;2025-09-05;2025-09-05;JACOBINA;CAMILO;Inapto;Deficiencia Tecnica
4506730500;2025-09-05;2025-09-05;SAO JOSE DO JACUIPE;CAMILO;Apto;Apto
4506724790;2025-09-05;;MIRANGABA;CAMILO;Aguardando retorno;
4506729366;2025-09-05;;CAPIM GROSSO;CAMILO;Aguardando retorno;
4506743006;2025-09-05;;CAPIM GROSSO;CAMILO;Aguardando retorno;
4506738202;2025-09-05;2025-09-05;VARZEA DO POCO;CAMILO;Apto;Apto
4506741124;2025-09-05;;JACOBINA;CAMILO;Aguardando retorno;
4506736362;2025-09-05;2025-09-05;JACOBINA;CAMILO;Apto;Apto
4506756280;2025-09-05;;BAIXA GRANDE;CAMILO;Aguardando retorno;
4506758239;2025-09-05;;CAPIM GROSSO;CAMILO;Aguardando retorno;
4506761182;2025-09-05;2025-09-05;JACOBINA;CAMILO;Apto;Apto
4506759229;2025-09-05;;MIRANGABA;CAMILO;Aguardando retorno;
4506752938;2025-09-05;;PIRITIBA;CAMILO;Aguardando retorno;
4506753356;2025-09-05;2025-09-05;PIRITIBA;CAMILO;Apto;Apto
4506759226;2025-09-05;;TAPIRAMUTA;CAMILO;Aguardando retorno;
4506754822;2025-09-05;;VARZEA DO POCO;CAMILO;Aguardando retorno;
4506764072;2025-09-05;;MUNDO NOVO;CAMILO;Aguardando retorno;
4506752916;2025-09-05;;UMBURANAS;CAMILO;Aguardando retorno;
4506765025;2025-09-05;2025-09-05;PIRITIBA;CAMILO;Apto;Apto
4506762692;2025-09-05;2025-09-05;CAEM;CAMILO;Inapto;Obra
4506764530;2025-09-05;;SAUDE;CAMILO;Aguardando retorno;
4506757239;2025-09-05;;BAIXA GRANDE;CAMILO;Aguardando retorno;
4506748936;2025-09-05;;JACOBINA;CAMILO;Aguardando retorno;
4506756787;2025-09-05;;UMBURANAS;CAMILO;Aguardando retorno;
4506756287;2025-09-05;;MUNDO NOVO;CAMILO;Aguardando retorno;
4506758777;2025-09-05;;JACOBINA;CAMILO;Aguardando retorno;
4506756789;2025-09-05;;CAEM;CAMILO;Aguardando retorno;
4506764540;2025-09-05;;JACOBINA;CAMILO;Aguardando retorno;
4506762703;2025-09-05;;UMBURANAS;CAMILO;Aguardando retorno;
4506763095;2025-09-05;;JACOBINA;CAMILO;Aguardando retorno;
4506761165;2025-09-05;;OUROLANDIA;CAMILO;Aguardando retorno;
4506759248;2025-09-05;2025-09-05;JACOBINA;CAMILO;Inapto;Deficiencia Tecnica
4506760294;2025-09-05;2025-09-05;CAEM;CAMILO;Apto;Apto
4506765043;2025-09-05;;VARZEA DO POCO;CAMILO;Aguardando retorno;
4506748953;2025-09-05;;MIGUEL CALMON;CAMILO;Aguardando retorno;
4506274884;2025-09-08;;BAIXA GRANDE;CAMILO;Aguardando retorno;
4506322403;2025-09-08;;VARZEA NOVA;CAMILO;Aguardando retorno;
4506378798;2025-09-08;;MIGUEL CALMON;CAMILO;Aguardando retorno;
4506489242;2025-09-08;;PIRITIBA;CAMILO;Aguardando retorno;
4506526292;2025-09-08;2025-09-08;JACOBINA;CAMILO;Apto;Apto
4506547909;2025-09-08;;SAO JOSE DO JACUIPE;CAMILO;Aguardando retorno;
4506594347;2025-09-08;;MIGUEL CALMON;CAMILO;Aguardando retorno;
4506709309;2025-09-08;2025-09-08;UMBURANAS;CAMILO;Apto;Apto
4506749560;2025-09-08;2025-09-08;JACOBINA;CAMILO;Apto;Apto
4506738886;2025-09-08;2025-09-08;CAPIM GROSSO;CAMILO;Inapto;Deficiencia Tecnica
4506751057;2025-09-08;;CALDEIRAO GRANDE;CAMILO;Aguardando retorno;
4506747960;2025-09-08;2025-09-08;CAPIM GROSSO;CAMILO;Apto;Apto
4506748977;2025-09-08;2025-09-08;MUNDO NOVO;CAMILO;Apto;Apto
4506762179;2025-09-08;;PIRITIBA;CAMILO;Aguardando retorno;
4506748974;2025-09-08;;PIRITIBA;CAMILO;Aguardando retorno;
4506764583;2025-09-08;;OUROLANDIA;CAMILO;Aguardando retorno;
4506758858;2025-09-08;2025-09-08;BAIXA GRANDE;CAMILO;Apto;Ja realizada
4506765056;2025-09-08;;CAPIM GROSSO;CAMILO;Aguardando retorno;
4506753820;2025-09-08;;MAIRI;CAMILO;Aguardando retorno;
4506758825;2025-09-08;;JACOBINA;CAMILO;Aguardando retorno;
4506753822;2025-09-08;;VARZEA DA ROCA;CAMILO;Aguardando retorno;
4506753824;2025-09-08;;QUIXABEIRA;CAMILO;Aguardando retorno;
4506756330;2025-09-08;;CALDEIRAO GRANDE;CAMILO;Apto;
4506759743;2025-09-08;;VARZEA DA ROCA;CAMILO;Aguardando retorno;
4506759749;2025-09-08;;JACOBINA;CAMILO;Aguardando retorno;
4506758839;2025-09-08;;JACOBINA;CAMILO;Aguardando retorno;
4506756838;2025-09-08;;MAIRI;CAMILO;Aguardando retorno;
4506753841;2025-09-08;;VARZEA DO POCO;CAMILO;Aguardando retorno;
4506762759;2025-09-08;;SAO JOSE DO JACUIPE;CAMILO;Aguardando retorno;
4506762246;2025-09-08;;MUNDO NOVO;CAMILO;Aguardando retorno;
4506762773;2025-09-08;2025-09-08;JACOBINA;CAMILO;Apto;Apto
4506759315;2025-09-08;;JACOBINA;CAMILO;Aguardando retorno;
4506759316;2025-09-08;2025-09-08;MIRANGABA;CAMILO;Inapto;Deficiencia Tecnica
4506759320;2025-09-08;;SERROLANDIA;CAMILO;Aguardando retorno;
4506759325;2025-09-08;2025-09-08;MIGUEL CALMON;CAMILO;Inapto;Deficiencia Tecnica
4506598332;2025-09-09;2025-09-09;VARZEA DA ROCA;CAMILO;Apto;Apto
4506721862;2025-09-09;2025-09-09;JACOBINA;CAMILO;Apto;Apto
4506742599;2025-09-09;2025-09-09;MAIRI;CAMILO;Inapto;Deficiencia Tecnica
4506748149;2025-09-09;;SAO JOSE DO JACUIPE;CAMILO;Aguardando retorno;
4506744234;2025-09-09;2025-09-09;MUNDO NOVO;CAMILO;Apto;Apto
4506757617;2025-09-09;2025-09-09;VARZEA NOVA;CAMILO;Apto;Apto
4506759349;2025-09-09;2025-09-09;CAPIM GROSSO;CAMILO;Apto;Apto
4506768010;2025-09-09;2025-09-09;JACOBINA;CAMILO;Inapto;Deficiencia Tecnica
4506768016;2025-09-09;2025-09-09;MIRANGABA;CAMILO;Apto;Apto
4506765097;2025-09-09;2025-09-09;MIRANGABA;CAMILO;Cadastro incompleto;Contato incorreto
4506767086;2025-09-09;;JACOBINA;CAMILO;Aguardando retorno;
4506768511;2025-09-09;2025-09-09;OUROLANDIA;CAMILO;Inapto;Deficiencia Tecnica
4506757920;2025-09-09;2025-09-09;CAPIM GROSSO;CAMILO;Inapto;Obra
4506757321;2025-09-09;;JACOBINA;CAMILO;Aguardando retorno;
4506764652;2025-09-09;2025-09-09;VARZEA NOVA;CAMILO;Inapto;Deficiencia Tecnica
4506763163;2025-09-09;2025-09-09;OUROLANDIA;CAMILO;Apto;Apto
4506768507;2025-09-09;;SERROLANDIA;CAMILO;Aguardando retorno;
4506759334;2025-09-09;2025-09-09;SERROLANDIA;CAMILO;Apto;Apto
4506753868;2025-09-09;;UMBURANAS;CAMILO;Aguardando retorno;
4506761234;2025-09-09;2025-09-09;JACOBINA;CAMILO;Apto;Apto
4506766101;2025-09-09;2025-09-09;MIGUEL CALMON;CAMILO;Apto;Apto
4506754968;2025-09-09;2025-09-09;VARZEA DA ROCA;CAMILO;Apto;Apto
4506768017;2025-09-09;2025-09-09;CALDEIRAO GRANDE;CAMILO;Apto;Apto
4506760829;2025-09-09;2025-09-09;CAEM;CAMILO;Inapto;Preparar padrao
4506755402;2025-09-09;;SERROLANDIA;CAMILO;Aguardando retorno;
4506760404;2025-09-09;2025-09-09;VARZEA NOVA;CAMILO;Inapto;Provisoria
4506758364;2025-09-09;2025-09-09;JACOBINA;CAMILO;Inapto;Obra
4506756891;2025-09-09;2025-09-09;SAO JOSE DO JACUIPE;CAMILO;Apto;Apto
4506762825;2025-09-09;;VARZEA DO POCO;CAMILO;Aguardando retorno;
4506761245;2025-09-09;2025-09-09;CAEM;CAMILO;Apto;Apto
4506764679;2025-09-09;2025-09-09;JACOBINA;CAMILO;Inapto;Obra
4506758929;2025-09-09;;MIGUEL CALMON;CAMILO;Aguardando retorno;
4506768046;2025-09-09;;SAO JOSE DO JACUIPE;CAMILO;Aguardando retorno;
4506756444;2025-09-09;2025-09-09;MUNDO NOVO;CAMILO;Apto;Apto
4506766640;2025-09-09;;PIRITIBA;CAMILO;Aguardando retorno;
4506767116;2025-09-09;;JACOBINA;CAMILO;Aguardando retorno;
4506692255;2025-09-10;2025-09-10;JACOBINA;CAMILO;Apto;Apto
4506702444;2025-09-10;2025-09-10;JACOBINA;CAMILO;Apto;Apto
4506748605;2025-09-10;2025-09-10;MAIRI;CAMILO;Apto;Apto
4506744688;2025-09-10;;CALDEIRAO GRANDE;CAMILO;Aguardando retorno;
4506755761;2025-09-10;2025-09-10;MAIRI;CAMILO;Inapto;Deficiencia Tecnica
4506754193;2025-09-10;2025-09-10;JACOBINA;CAMILO;Inapto;Cliente deseja KIT financiado
4506760875;2025-09-10;2025-09-10;MUNDO NOVO;CAMILO;Apto;Apto
4506767590;2025-09-10;2025-09-10;OUROLANDIA;CAMILO;Apto;Apto
4506763662;2025-09-10;;PIRITIBA;CAMILO;Aguardando retorno;
4506767594;2025-09-10;2025-09-10;MUNDO NOVO;CAMILO;Inapto;Deficiencia Tecnica
4506766644;2025-09-10;2025-09-10;OUROLANDIA;CAMILO;Apto;Apto
4506763650;2025-09-10;2025-09-10;VARZEA DA ROCA;CAMILO;Apto;Apto
4506763651;2025-09-10;2025-09-10;QUIXABEIRA;CAMILO;Apto;Apto
4506765612;2025-09-10;2025-09-10;SAUDE;CAMILO;Apto;Apto
4506759802;2025-09-10;2025-09-10;CAPIM GROSSO;CAMILO;Apto;Apto
4506766137;2025-09-10;2025-09-10;CALDEIRAO GRANDE;CAMILO;Apto;Apto
4506761279;2025-09-10;;JACOBINA;CAMILO;Aguardando retorno;
4506767121;2025-09-10;;CAEM;CAMILO;Aguardando retorno;
4506757986;2025-09-10;;JACOBINA;CAMILO;Cadastro incompleto;Sem contato
4506766143;2025-09-10;2025-09-10;TAPIRAMUTA;CAMILO;Inapto;Deficiencia Tecnica
4506760870;2025-09-10;;QUIXABEIRA;CAMILO;Cadastro incompleto;Sem contato
4506765616;2025-09-10;2025-09-10;GAVIAO;CAMILO;Apto;Apto
4506764244;2025-09-10;2025-09-10;MUNDO NOVO;CAMILO;Inapto;Deficiencia Tecnica
4506766151;2025-09-10;2025-09-10;BAIXA GRANDE;CAMILO;Apto;Apto
4506764248;2025-09-10;2025-09-10;MUNDO NOVO;CAMILO;Apto;Apto
4506767131;2025-09-10;2025-09-10;OUROLANDIA;CAMILO;Apto;Apto
4506755432;2025-09-10;;MAIRI;CAMILO;Cadastro incompleto;Contato incorreto
4506764766;2025-09-10;2025-09-10;JACOBINA;CAMILO;Apto;Apto
4506756474;2025-09-10;;VARZEA NOVA;CAMILO;Aguardando retorno;
4506768068;2025-09-10;2025-09-10;CAPIM GROSSO;CAMILO;Apto;Apto
4506760921;2025-09-10;;MUNDO NOVO;CAMILO;Aguardando retorno;
4506756976;2025-09-10;2025-09-10;JARDIM FORMOSA;CAMILO;Apto;Apto
4506765164;2025-09-10;2025-09-10;JOSE MENDES DE QUEIROZ;CAMILO;Apto;Apto
4506760933;2025-09-10;2025-09-10;PLANALTINO;CAMILO;Apto;Apto
4506747969;2025-09-10;2025-09-10;OLIVEIRA;CAMILO;Apto;Apto
4506744952;2025-09-10;2025-09-10;VARZEA DA ROCA;CAMILO;Apto;Apto
4506772510;2025-09-10;2025-09-10;JACOBINA;CAMILO;Apto;Apto
4506767179;2025-09-10;;JACOBINA;CAMILO;Cadastro incompleto;Contato incorreto
4506318893;2025-09-11;2025-09-11;CAPIM GROSSO;CAMILO;Inapto;Deficiencia Tecnica
4506724534;2025-09-11;;OUROLANDIA;CAMILO;Cadastro incompleto;Sem contato
4506737652;2025-09-11;;MUNDO NOVO;CAMILO;Aguardando retorno;
4506744768;2025-09-11;;TAPIRAMUTA;CAMILO;Aguardando retorno;
4506744253;2025-09-11;;TAPIRAMUTA;CAMILO;Aguardando retorno;
4506742863;2025-09-11;2025-09-11;JACOBINA;CAMILO;Inapto;Obra
4506751977;2025-09-11;2025-09-11;SAO JOSE DO JACUIPE;CAMILO;Inapto;Deficiencia Tecnica
4506766754;2025-09-11;2025-09-11;JACOBINA;CAMILO;Apto;Apto
4506765659;2025-09-11;;JACOBINA;CAMILO;Aguardando retorno;
4506756990;2025-09-11;;MIRANGABA;CAMILO;Aguardando retorno;
4506764864;2025-09-11;;PIRITIBA;CAMILO;Aguardando retorno;
4506758464;2025-09-11;;SERROLANDIA;CAMILO;Aguardando retorno;
4506760925;2025-09-11;;MUNDO NOVO;CAMILO;Aguardando retorno;
4506767154;2025-09-11;;JACOBINA;CAMILO;Aguardando retorno;
4506758457;2025-09-11;;CALDEIRAO GRANDE;CAMILO;Aguardando retorno;
4506765644;2025-09-11;2025-09-11;JACOBINA;CAMILO;Apto;Apto
4506756495;2025-09-11;;JACOBINA;CAMILO;Aguardando retorno;
4506767162;2025-09-11;;TAPIRAMUTA;CAMILO;Aguardando retorno;
4506768581;2025-09-11;;OUROLANDIA;CAMILO;Aguardando retorno;
4506762922;2025-09-11;;CAPIM GROSSO;CAMILO;Aguardando retorno;
4506755462;2025-09-11;;VARZEA NOVA;CAMILO;Aguardando retorno;
4506759854;2025-09-11;;TAPIRAMUTA;CAMILO;Aguardando retorno;
4506770530;2025-09-11;;JACOBINA;CAMILO;Aguardando retorno;
4506759862;2025-09-11;;BAIXA GRANDE;CAMILO;Aguardando retorno;
4506761326;2025-09-11;;MUNDO NOVO;CAMILO;Aguardando retorno;
4506767674;2025-09-11;;JACOBINA;CAMILO;Aguardando retorno;
4506758485;2025-09-11;;CALDEIRAO GRANDE;CAMILO;Aguardando retorno;
4506772526;2025-09-11;2025-09-11;QUIXABEIRA;CAMILO;Apto;Apto
4506724452;2025-09-12;2025-09-12;MIRANGABA;CAMILO;Inapto;Deficiencia Tecnica
4506738503;2025-09-12;2025-09-12;VARZEA DA ROCA;CAMILO;Apto;Apto
4506735438;2025-09-12;;TAPIRAMUTA;CAMILO;Aguardando retorno;
4506740858;2025-09-12;2025-09-12;JACOBINA;CAMILO;Apto;Apto
4506738923;2025-09-12;2025-09-12;OUROLANDIA;CAMILO;Apto;Apto
4506747290;2025-09-12;;OUROLANDIA;CAMILO;Aguardando retorno;
4506760194;2025-09-12;2025-09-12;OUROLANDIA;CAMILO;Apto;Apto
4506763244;2025-09-12;2025-09-12;SENTO SE;CAMILO;Apto;Apto
4506761378;2025-09-12;;BAIXA GRANDE;CAMILO;Aguardando retorno;
4506764365;2025-09-12;2025-09-12;CAPIM GROSSO;CAMILO;Apto;Apto
4506758492;2025-09-12;2025-09-12;JACOBINA;CAMILO;Apto;Apto
4506762494;2025-09-12;;MIGUEL CALMON;CAMILO;Aguardando retorno;
4506759936;2025-09-12;2025-09-12;SAUDE;CAMILO;Apto;Apto
4506770583;2025-09-12;;TAPIRAMUTA;CAMILO;Aguardando retorno;
4506762491;2025-09-12;;VARZEA DA ROCA;CAMILO;Aguardando retorno;
4506764915;2025-09-12;2025-09-12;CALDEIRAO GRANDE;CAMILO;Inapto;Deficiencia Tecnica
4506773053;2025-09-12;;SERROLANDIA;CAMILO;Aguardando retorno;
4506769091;2025-09-12;2025-09-12;OUROLANDIA;CAMILO;Apto;Apto
4506768607;2025-09-12;;VARZEA DA ROCA;CAMILO;Aguardando retorno;
4506766775;2025-09-12;2025-09-12;OUROLANDIA;CAMILO;Inapto;Deficiencia Tecnica
4506765194;2025-09-12;;MIRANGABA;CAMILO;Aguardando retorno;
4506766214;2025-09-12;2025-09-12;MIRANGABA;CAMILO;Apto;Apto
4506768127;2025-09-12;2025-09-12;JACOBINA;CAMILO;Apto;Apto
4506762495;2025-09-12;2025-09-12;JACOBINA;CAMILO;Apto;Apto
4506771047;2025-09-12;2025-09-12;OUROLANDIA;CAMILO;Apto;Apto
4506768129;2025-09-12;2025-09-12;SERROLANDIA;CAMILO;Apto;Apto
4506764347;2025-09-12;;UMBURANAS;CAMILO;Aguardando retorno;
4506767704;2025-09-12;;MIGUEL CALMON;CAMILO;Aguardando retorno;
4506763301;2025-09-12;2025-09-12;VARZEA DA ROCA;CAMILO;Apto;Apto
4506766803;2025-09-12;2025-09-12;JACOBINA;CAMILO;Apto;Apto
4506760979;2025-09-12;2025-09-12;CAPIM GROSSO;CAMILO;Inapto;Obra
4506765203;2025-09-12;;TAPIRAMUTA;CAMILO;Aguardando retorno;
4506773541;2025-09-12;2025-09-12;CAEM;CAMILO;Inapto;Deficiencia Tecnica
4506774509;2025-09-12;2025-09-12;JACOBINA;CAMILO;Inapto;Deficiencia Tecnica
4506759918;2025-09-12;;JACOBINA;CAMILO;Aguardando retorno;
4506769124;2025-09-12;2025-09-12;MIRANGABA;CAMILO;Inapto;Deficiencia Tecnica
4506768639;2025-09-12;2025-09-12;MIGUEL CALMON;CAMILO;Apto;Apto
4506769126;2025-09-12;2025-09-12;JACOBINA;CAMILO;Apto;Apto
4506760992;2025-09-12;;SAO JOSE DO JACUIPE;CAMILO;Aguardando retorno;
4506762978;2025-09-12;;MIGUEL CALMON;CAMILO;Aguardando retorno;
4506760994;2025-09-12;2025-09-12;MIGUEL CALMON;CAMILO;Apto;Apto
4506763737;2025-09-12;2025-09-12;MIGUEL CALMON;CAMILO;Inapto;Deficiencia Tecnica
4506759938;2025-09-12;2025-09-12;MUNDO NOVO;CAMILO;Apto;Apto
4506762982;2025-09-12;;MUNDO NOVO;CAMILO;Aguardando retorno;
4506761400;2025-09-12;;JACOBINA;CAMILO;Aguardando retorno;
4506703307;2025-09-15;2025-09-15;PIRITIBA;CAMILO;Apto;Apto
4506720977;2025-09-15;2025-09-15;MAIRI;CAMILO;Apto;Apto
4506732981;2025-09-15;2025-09-15;CAPIM GROSSO;CAMILO;Apto;Apto
4506728983;2025-09-15;;SAO JOSE DO JACUIPE;CAMILO;Aguardando retorno;
4506735836;2025-09-15;;BAIXA GRANDE;CAMILO;Aguardando retorno;
4506750834;2025-09-15;2025-09-15;MIGUEL CALMON;CAMILO;Apto;
4506752338;2025-09-15;2025-09-15;MIGUEL CALMON;CAMILO;Apto;Apto
4506761182;2025-09-15;;JACOBINA;CAMILO;Aguardando retorno;
4506764530;2025-09-15;;SAUDE;CAMILO;Aguardando retorno;
4506762703;2025-09-15;;UMBURANAS;CAMILO;Aguardando retorno;
4506754460;2025-09-15;;GAVIAO;CAMILO;Aguardando retorno;
4506756865;2025-09-15;;VARZEA NOVA;CAMILO;Aguardando retorno;
4506770242;2025-09-15;;CAEM;CAMILO;Aguardando retorno;
4506769680;2025-09-15;;JACOBINA;CAMILO;Aguardando retorno;
4506771090;2025-09-15;2025-09-15;JACOBINA;CAMILO;Apto;Apto
4506773134;2025-09-15;;MIGUEL CALMON;CAMILO;Aguardando retorno;
4506762990;2025-09-15;2025-09-15;OUROLANDIA;CAMILO;Inapto;Deficiencia Tecnica
4506776501;2025-09-15;;PIRITIBA;CAMILO;Aguardando retorno;
4506772101;2025-09-15;;PIRITIBA;CAMILO;Aguardando retorno;
4506776504;2025-09-15;;PIRITIBA;CAMILO;Aguardando retorno;
4506772661;2025-09-15;;MIGUEL CALMON;CAMILO;Aguardando retorno;
4506768655;2025-09-15;2025-09-15;BAIXA GRANDE;CAMILO;Apto;
4506774533;2025-09-15;2025-09-15;CALDEIRAO GRANDE;CAMILO;Inapto;Obra
4506763330;2025-09-15;2025-09-15;CALDEIRAO GRANDE;CAMILO;Apto;Apto
4506770639;2025-09-15;;UMBURANAS;CAMILO;Aguardando retorno;
4506768169;2025-09-15;;MIGUEL CALMON;CAMILO;Aguardando retorno;
4506765728;2025-09-15;2025-09-15;PIRITIBA;CAMILO;Apto;Apto
4506771617;2025-09-15;;MUNDO NOVO;CAMILO;Aguardando retorno;
4506769146;2025-09-15;2025-09-15;JACOBINA;CAMILO;Apto;Apto
4506773571;2025-09-15;2025-09-15;CAPIM GROSSO;CAMILO;Apto;Apto
4506763760;2025-09-15;2025-09-15;UMBURANAS;CAMILO;Inapto;Obra
4506774536;2025-09-15;2025-09-15;PIRITIBA;CAMILO;Apto;Apto
4506765229;2025-09-15;;BAIXA GRANDE;CAMILO;Aguardando retorno;
4506769655;2025-09-15;2025-09-15;JACOBINA;CAMILO;Apto;Apto
4506765740;2025-09-15;2025-09-15;VARZEA DA ROCA;CAMILO;Apto;Apto
4506769657;2025-09-15;2025-09-15;OUROLANDIA;CAMILO;Inapto;Deficiencia Tecnica
4506769148;2025-09-15;;BAIXA GRANDE;CAMILO;Aguardando retorno;
4506765743;2025-09-15;2025-09-15;TAPIRAMUTA;CAMILO;Apto;Apto
4506774051;2025-09-15;2025-09-15;OUROLANDIA;CAMILO;Inapto;Obra
4506769661;2025-09-15;2025-09-15;CAEM;CAMILO;Inapto;Deficiencia Tecnica
4506763388;2025-09-15;2025-09-15;JACOBINA;CAMILO;Inapto;Deficiencia Tecnica
4506768681;2025-09-15;2025-09-15;MUNDO NOVO;CAMILO;Apto;Apto
4506775612;2025-09-15;2025-09-15;JACOBINA;CAMILO;Apto;Apto
4506776027;2025-09-15;;QUIXABEIRA;CAMILO;Aguardando retorno;
4506771112;2025-09-15;;VARZEA NOVA;CAMILO;Aguardando retorno;
4506536238;2025-09-16;2025-09-16;SERROLANDIA;CAMILO;Apto;Ja realizada
4506734274;2025-09-16;;MUNDO NOVO;CAMILO;Aguardando retorno;
4506731911;2025-09-16;;VARZEA NOVA;CAMILO;Aguardando retorno;
4506744083;2025-09-16;2025-09-16;VARZEA NOVA;CAMILO;Apto;Apto
4506743798;2025-09-16;;CAPIM GROSSO;CAMILO;Aguardando retorno;
4506752021;2025-09-16;;OUROLANDIA;CAMILO;Aguardando retorno;
4506745764;2025-09-16;2025-09-16;OUROLANDIA;CAMILO;Apto;Apto
4506747930;2025-09-16;;CAEM;CAMILO;Aguardando retorno;
4506750455;2025-09-16;2025-09-16;BAIXA GRANDE;CAMILO;Inapto;Deficiencia Tecnica
4506763045;2025-09-16;2025-09-16;BAIXA GRANDE;CAMILO;Apto;Apto
4506755236;2025-09-16;2025-09-16;JACOBINA;CAMILO;Apto;Apto
4506759248;2025-09-16;2025-09-16;JACOBINA;CAMILO;Apto;Apto
4506758283;2025-09-16;2025-09-16;SERROLANDIA;CAMILO;Inapto;Deficiencia Tecnica
4506769698;2025-09-16;2025-09-16;BAIXA GRANDE;CAMILO;Inapto;Deficiencia Tecnica
4506777017;2025-09-16;;BAIXA GRANDE;CAMILO;Aguardando retorno;
4506771673;2025-09-16;2025-09-16;BAIXA GRANDE;CAMILO;Apto;Apto
4506770262;2025-09-16;;JACOBINA;CAMILO;Aguardando retorno;
4506777013;2025-09-16;;JACOBINA;CAMILO;Aguardando retorno;
4506769759;2025-09-16;;MUNDO NOVO;CAMILO;Aguardando retorno;
4506773151;2025-09-16;;MUNDO NOVO;CAMILO;Aguardando retorno;
4506774106;2025-09-16;;OUROLANDIA;CAMILO;Aguardando retorno;
4506777009;2025-09-16;;SAO JOSE DO JACUIPE;CAMILO;Aguardando retorno;
4506768217;2025-09-16;;UMBURANAS;CAMILO;Aguardando retorno;
4506769203;2025-09-16;;VARZEA DO POCO;CAMILO;Aguardando retorno;
4506771118;2025-09-16;;PIRITIBA;CAMILO;Aguardando retorno;
4506773143;2025-09-16;;PIRITIBA;CAMILO;Aguardando retorno;
4506768696;2025-09-16;;CALDEIRAO GRANDE;CAMILO;Aguardando retorno;
4506776545;2025-09-16;;SERROLANDIA;CAMILO;Aguardando retorno;
4506765265;2025-09-16;;SAO JOSE DO JACUIPE;CAMILO;Aguardando retorno;
4506768704;2025-09-16;;CALDEIRAO GRANDE;CAMILO;Aguardando retorno;
4506777010;2025-09-16;;MIGUEL CALMON;CAMILO;Aguardando retorno;
4506763795;2025-09-16;;PIRITIBA;CAMILO;Aguardando retorno;
4506766891;2025-09-16;;JACOBINA;CAMILO;Aguardando retorno;
4506765781;2025-09-16;;CAEM;CAMILO;Aguardando retorno;
4506776047;2025-09-16;;CAEM;CAMILO;Aguardando retorno;
4506768235;2025-09-16;;JACOBINA;CAMILO;Aguardando retorno;
4506777032;2025-09-16;;SERROLANDIA;CAMILO;Aguardando retorno;
4506766903;2025-09-16;;JACOBINA;CAMILO;Aguardando retorno;
4506770734;2025-09-16;;JACOBINA;CAMILO;Aguardando retorno;
4506765800;2025-09-16;;JACOBINA;CAMILO;Aguardando retorno;
4506773167;2025-09-16;;PIRITIBA;CAMILO;Aguardando retorno;
4506763439;2025-09-16;;MUNDO NOVO;CAMILO;Aguardando retorno;
4506774145;2025-09-16;;PIRITIBA;CAMILO;Aguardando retorno;
4506774599;2025-09-16;;MIGUEL CALMON;CAMILO;Aguardando retorno;
4506535581;2025-09-17;;SERROLANDIA;CAMILO;Aguardando retorno;
4506535257;2025-09-17;;MIGUEL CALMON;CAMILO;Aguardando retorno;
4506601665;2025-09-17;;SERROLANDIA;CAMILO;Aguardando retorno;
4506736137;2025-09-17;;PIRITIBA;CAMILO;Aguardando retorno;
4506743006;2025-09-17;;CAPIM GROSSO;CAMILO;Aguardando retorno;
4506738769;2025-09-17;2025-09-17;UMBURANAS;CAMILO;Apto;Apto
4506739399;2025-09-17;2025-09-17;CAPIM GROSSO;CAMILO;Aguardando retorno;
4506737496;2025-09-17;2025-09-17;CAPIM GROSSO;CAMILO;Apto;Apto
4506748605;2025-09-17;2025-09-17;MAIRI;CAMILO;Apto;Apto
4506742487;2025-09-17;2025-09-17;TAPIRAMUTA;CAMILO;Inapto;Preparar padrao
4506752916;2025-09-17;2025-09-17;UMBURANAS;CAMILO;Inapto;Obra
4506768010;2025-09-17;2025-09-17;JACOBINA;CAMILO;Apto;Apto
4506757321;2025-09-17;2025-09-17;JACOBINA;CAMILO;Apto;Apto
4506760870;2025-09-17;2025-09-17;QUIXABEIRA;CAMILO;Apto;Apto
4506765824;2025-09-17;2025-09-17;BAIXA GRANDE;CAMILO;Inapto;Deficiencia Tecnica
4506769810;2025-09-17;2025-09-17;CAPIM GROSSO;CAMILO;Apto;Ja realizada
4506767854;2025-09-17;;JACOBINA;CAMILO;Aguardando retorno;
4506768283;2025-09-17;;MIRANGABA;CAMILO;;
4506773781;2025-09-17;2025-09-17;MIRANGABA;CAMILO;Inapto;Deficiencia Tecnica
4506763837;2025-09-17;2025-09-17;MIGUEL CALMON;CAMILO;Inapto;Deficiencia Tecnica
4506777642;2025-09-17;2025-09-17;PIRITIBA;CAMILO;Apto;Ja realizada
4506778007;2025-09-17;;BAIXA GRANDE;CAMILO;Aguardando retorno;
4506777053;2025-09-17;;JACOBINA;CAMILO;Aguardando retorno;
4506772167;2025-09-17;;PIRITIBA;CAMILO;Aguardando retorno;
4506765813;2025-09-17;;CALDEIRAO GRANDE;CAMILO;Aguardando retorno;
4506771163;2025-09-17;;UMBURANAS;CAMILO;Aguardando retorno;
4506778009;2025-09-17;;CALDEIRAO GRANDE;CAMILO;Aguardando retorno;
4506769780;2025-09-17;;MIGUEL CALMON;CAMILO;Aguardando retorno;
4506766931;2025-09-17;;CAEM;CAMILO;Aguardando retorno;
4506777056;2025-09-17;;OUROLANDIA;CAMILO;Aguardando retorno;
4506771720;2025-09-17;;MIGUEL CALMON;CAMILO;Aguardando retorno;
4506770790;2025-09-17;;JACOBINA;CAMILO;Aguardando retorno;
4506776595;2025-09-17;;VARZEA NOVA;CAMILO;Aguardando retorno;
4506766328;2025-09-17;;CAPIM GROSSO;CAMILO;Aguardando retorno;
4506774157;2025-09-17;;MIRANGABA;CAMILO;Aguardando retorno;
4506774608;2025-09-17;;CAPIM GROSSO;CAMILO;Aguardando retorno;
4506767381;2025-09-17;;VARZEA DO POCO;CAMILO;Aguardando retorno;
4506777059;2025-09-17;;MIGUEL CALMON;CAMILO;Aguardando retorno;
4506774162;2025-09-17;;VARZEA NOVA;CAMILO;Aguardando retorno;
4506768272;2025-09-17;;VARZEA DO POCO;CAMILO;Aguardando retorno;
4506763835;2025-09-17;;PIRITIBA;CAMILO;Aguardando retorno;
4506772738;2025-09-17;;JACOBINA;CAMILO;Aguardando retorno;
4506769789;2025-09-17;;JACOBINA;CAMILO;Aguardando retorno;
4506774171;2025-09-17;;SAUDE;CAMILO;Aguardando retorno;
4506765308;2025-09-17;;JACOBINA;CAMILO;Aguardando retorno;
4506771171;2025-09-17;;MIGUEL CALMON;CAMILO;Aguardando retorno;
4506771173;2025-09-17;;OUROLANDIA;CAMILO;Aguardando retorno;
4506766950;2025-09-17;;SERROLANDIA;CAMILO;Aguardando retorno;
4506764472;2025-09-17;;CAEM;CAMILO;Aguardando retorno;
4506772746;2025-09-17;;JACOBINA;CAMILO;Aguardando retorno;
4506777073;2025-09-17;;CAEM;CAMILO;Aguardando retorno;
4506776118;2025-09-17;;JACOBINA;CAMILO;Aguardando retorno;
4506775746;2025-09-17;;JACOBINA;CAMILO;Aguardando retorno;
4506774183;2025-09-17;;JACOBINA;CAMILO;Aguardando retorno;
4506776122;2025-09-17;;CAEM;CAMILO;Aguardando retorno;
4506766954;2025-09-17;;CAEM;CAMILO;Aguardando retorno;
4506763485;2025-09-17;;VARZEA DA ROCA;CAMILO;Aguardando retorno;
4506773211;2025-09-17;;CAPIM GROSSO;CAMILO;Aguardando retorno;
4506763487;2025-09-17;;PIRITIBA;CAMILO;Aguardando retorno;
4506776616;2025-09-17;;TAPIRAMUTA;CAMILO;Aguardando retorno;
4506776768;2025-09-17;;CAPIM GROSSO;CAMILO;Aguardando retorno;
4506776771;2025-09-17;;CAPIM GROSSO;CAMILO;Aguardando retorno;
4506773868;2025-09-17;;CAPIM GROSSO;CAMILO;Aguardando retorno;
4506771294;2025-09-17;;JACOBINA;CAMILO;Aguardando retorno;
4506771301;2025-09-17;;JACOBINA;CAMILO;Aguardando retorno;
4506709309;2025-09-17;;UMBURANAS;CAMILO;Aguardando retorno;
4506742599;2025-09-17;;MAIRI;CAMILO;Aguardando retorno;
4506737901;2025-09-17;;JACOBINA;CAMILO;Aguardando retorno;
4506744315;2025-09-17;;CALDEIRAO GRANDE;CAMILO;Aguardando retorno;
4506756087;2025-09-17;;UMBURANAS;CAMILO;Aguardando retorno;
4506752339;2025-09-17;;JACOBINA;CAMILO;Aguardando retorno;
4506754193;2025-09-17;2025-09-17;JACOBINA;CAMILO;Apto;Apto
4506761021;2025-09-17;;BAIXA GRANDE;CAMILO;Aguardando retorno;
4506741950;2025-09-17;;MIGUEL CALMON;CAMILO;Aguardando retorno;
4506752426;2025-09-17;;OUROLANDIA;CAMILO;Aguardando retorno;
4506762773;2025-09-17;;JACOBINA;CAMILO;Aguardando retorno;
4506753868;2025-09-17;;UMBURANAS;CAMILO;Aguardando retorno;
4506762922;2025-09-17;;CAPIM GROSSO;CAMILO;Aguardando retorno;
4506762944;2025-09-17;;CAPIM GROSSO;CAMILO;Aguardando retorno;
4506779007;2025-09-17;;CAPIM GROSSO;CAMILO;Aguardando retorno;
4506768783;2025-09-17;;GAVIAO;CAMILO;Aguardando retorno;
4506773825;2025-09-17;;GAVIAO;CAMILO;Aguardando retorno;
4506776160;2025-09-17;;MIGUEL CALMON;CAMILO;Aguardando retorno;
4506779032;2025-09-17;;MIGUEL CALMON;CAMILO;Aguardando retorno;
4506778538;2025-09-17;;UMBURANAS;CAMILO;Aguardando retorno;
4506770851;2025-09-17;;VARZEA NOVA;CAMILO;Aguardando retorno;
4506774214;2025-09-17;;VARZEA NOVA;CAMILO;Aguardando retorno;
4506771770;2025-09-17;;MAIRI;CAMILO;Aguardando retorno;
4506774655;2025-09-17;;JACOBINA;CAMILO;Aguardando retorno;
4506777755;2025-09-17;;SERROLANDIA;CAMILO;Aguardando retorno;
4506770398;2025-09-17;;CAEM;CAMILO;Aguardando retorno;
4506769275;2025-09-17;;BAIXA GRANDE;CAMILO;Aguardando retorno;
4506770840;2025-09-17;;MIGUEL CALMON;CAMILO;Aguardando retorno;
4506774654;2025-09-17;;SERROLANDIA;CAMILO;Aguardando retorno;
4506767874;2025-09-17;;OUROLANDIA;CAMILO;Aguardando retorno;
4506772798;2025-09-17;;UMBURANAS;CAMILO;Aguardando retorno;
4506777120;2025-09-17;;CAEM;CAMILO;Aguardando retorno;
4506765859;2025-09-17;;JACOBINA;CAMILO;Aguardando retorno;
4506779015;2025-09-17;;SAO JOSE DO JACUIPE;CAMILO;Aguardando retorno;
4506777131;2025-09-17;;MIRANGABA;CAMILO;Aguardando retorno;
4506778136;2025-09-17;;BAIXA GRANDE;CAMILO;Aguardando retorno;
4506765352;2025-09-17;;JACOBINA;CAMILO;Aguardando retorno;
4506779027;2025-09-17;;CAPIM GROSSO;CAMILO;Aguardando retorno;
4506775181;2025-09-17;;MIGUEL CALMON;CAMILO;Aguardando retorno;
4506774225;2025-09-17;;JACOBINA;CAMILO;Aguardando retorno;
4506779543;2025-09-17;;JACOBINA;CAMILO;Aguardando retorno;
4506775192;2025-09-17;;CAPIM GROSSO;CAMILO;Aguardando retorno;
4506773278;2025-09-17;;CAPIM GROSSO;CAMILO;Aguardando retorno;
4506777767;2025-09-17;;JACOBINA;CAMILO;Aguardando retorno;
4506772258;2025-09-17;;VARZEA DA ROCA;CAMILO;Aguardando retorno;
4506779546;2025-09-17;;VARZEA NOVA;CAMILO;Aguardando retorno;
4506769316;2025-09-17;;OUROLANDIA;CAMILO;Aguardando retorno;
4506766379;2025-09-17;;QUIXABEIRA;CAMILO;Aguardando retorno;
4506777161;2025-09-17;;JACOBINA;CAMILO;Aguardando retorno;
4506778163;2025-09-17;;MUNDO NOVO;CAMILO;Aguardando retorno;
4506798165;2025-10-10;;JACOBINA;ANDERSON;Apto;
4506792427;2025-10-10;;CAEM;ANDERSON;;
4506797192;2025-10-10;;CAPIM GROSSO;ANDERSON;;
4506800087;2025-10-10;;OUROLANDIA;ANDERSON;Apto;
4506802517;2025-10-10;;OUROLANDIA;ANDERSON;;
4506796851;2025-10-10;;SERROLANDIA;ANDERSON;;
4506845919;2025-12-01;2025-12-01;CAPIM GROSSO;VICTOR;Apto;Apto
4506848937;2025-12-01;;JACOBINA;VICTOR;Aguardando retorno;
4506846827;2025-12-01;;JACOBINA;VICTOR;Aguardando retorno;
4506845922;2025-12-01;;JACOBINA;VICTOR;Aguardando retorno;
4506856294;2025-12-01;;PIRITIBA;VICTOR;Aguardando retorno;
4506810398;2025-12-01;;CAEM;VICTOR;Aguardando retorno;
4506816408;2025-12-01;;JACOBINA;VICTOR;Aguardando retorno;
4506811929;2025-12-01;;MUNDO NOVO;VICTOR;Aguardando retorno;
4506834403;2025-12-01;;SAUDE;VICTOR;Aguardando retorno;
4506830451;2025-12-01;;MIRANGABA;VICTOR;Aguardando retorno;
4506845971;2025-12-01;;BAIXA GRANDE;VICTOR;Aguardando retorno;
4506851809;2025-12-01;;JACOBINA;VICTOR;Aguardando retorno;
4506850931;2025-12-01;;JACOBINA;VICTOR;Aguardando retorno;
4506851286;2025-12-01;;JACOBINA;VICTOR;Aguardando retorno;
4506845434;2025-12-01;;MIRANGABA;VICTOR;Aguardando retorno;
4506856696;2025-12-01;;SERROLANDIA;VICTOR;Aguardando retorno;
4506849260;2025-12-01;;UMBURANAS;VICTOR;Aguardando retorno;
4506857632;2025-12-01;;TAPIRAMUTA;VICTOR;Aguardando retorno;
4506853649;2025-12-01;;VARZEA NOVA;VICTOR;Aguardando retorno;
4506859501;2025-12-01;;JACOBINA;VICTOR;Aguardando retorno;
4506846388;2025-12-01;;MAIRI;VICTOR;Apto;Apto
4506854793;2025-12-01;;SAUDE;VICTOR;Aguardando retorno;
4506849264;2025-12-01;;UMBURANAS;VICTOR;Aguardando retorno;
4506850322;2025-12-01;;PIRITIBA;VICTOR;Aguardando retorno;
4506851293;2025-12-01;;MIRANGABA;VICTOR;Apto;Apto
4506859503;2025-12-01;;MIGUEL CALMON;VICTOR;Apto;Apto
4506848265;2025-12-01;;OUROLANDIA;VICTOR;Aguardando retorno;
4506856341;2025-12-01;;MIRANGABA;VICTOR;Aguardando retorno;
4506858077;2025-12-01;;JACOBINA;VICTOR;Aguardando retorno;
4506854811;2025-12-01;;CAEM;VICTOR;Aguardando retorno;
4506848966;2025-12-01;;JACOBINA;VICTOR;Aguardando retorno;
4506848968;2025-12-01;;JACOBINA;VICTOR;Aguardando retorno;
4506859030;2025-12-01;;CAPIM GROSSO;VICTOR;Aguardando retorno;
4506858083;2025-12-01;;SAUDE;VICTOR;Aguardando retorno;
4506860518;2025-12-01;;JACOBINA;VICTOR;Aguardando retorno;
4506860522;2025-12-01;;CAPIM GROSSO;VICTOR;Aguardando retorno;
4506860021;2025-12-01;;JACOBINA;VICTOR;Aguardando retorno;
4506860022;2025-12-01;;MIRANGABA;VICTOR;Aguardando retorno;
4506850357;2025-12-01;;OUROLANDIA;VICTOR;Aguardando retorno;
4506853274;2025-12-01;;OUROLANDIA;VICTOR;Aguardando retorno;
4506821221;2025-12-29;;BAIXA GRANDE;MATHEUS;Apto;Apto
4506886562;2025-12-29;;CALDEIRAO GRANDE;MATHEUS;Aguardando retorno;
4506880367;2025-12-29;;CALDEIRAO GRANDE;MATHEUS;Aguardando retorno;
4506883156;2025-12-29;;CAPIM GROSSO;MATHEUS;Aguardando retorno;
4506880744;2025-12-29;2025-12-30;CAPIM GROSSO;MATHEUS;Apto;Apto
4506883150;2025-12-29;;CAPIM GROSSO;MATHEUS;Aguardando retorno;
4506880745;2025-12-29;;JACOBINA;MATHEUS;Aguardando retorno;
4506882648;2025-12-29;2025-12-29;JACOBINA;MATHEUS;Apto;Apto
4506854421;2025-12-29;;JACOBINA;MATHEUS;Cadastro incompleto;Contato incorreto
4506872965;2025-12-29;;JACOBINA;MATHEUS;Aguardando retorno;
4506853018;2025-12-29;;JACOBINA;MATHEUS;Aguardando retorno;
4506860559;2025-12-29;;MAIRI;MATHEUS;Aguardando retorno;
4506881713;2025-12-29;;MAIRI;MATHEUS;Aguardando retorno;
4506882188;2025-12-29;;MAIRI;MATHEUS;Cadastro incompleto;Contato incorreto
4506888007;2025-12-29;;MAIRI;MATHEUS;Cadastro incompleto;Contato incorreto
4506861206;2025-12-29;;MIGUEL CALMON;MATHEUS;Cadastro incompleto;Contato incorreto
4506879731;2025-12-29;;MIGUEL CALMON;MATHEUS;Aguardando retorno;
4506835847;2025-12-29;;MIGUEL CALMON;MATHEUS;Cadastro incompleto;Contato incorreto
4506879271;2025-12-29;;MIRANGABA;MATHEUS;Aguardando retorno;
4506874307;2025-12-29;;MIRANGABA;MATHEUS;Aguardando retorno;
4506866332;2025-12-29;;MIRANGABA;MATHEUS;Aguardando retorno;
4506885048;2025-12-29;2025-12-29;MIRANGABA;MATHEUS;Apto;Apto
4506824476;2025-12-29;;MIRANGABA;MATHEUS;Aguardando retorno;
4506855728;2025-12-29;2025-12-30;MUNDO NOVO;MATHEUS;Apto;Apto
4506864080;2025-12-29;;OUROLANDIA;MATHEUS;Cadastro incompleto;Contato incorreto
4506873831;2025-12-29;2025-12-29;OUROLANDIA;MATHEUS;Apto;Apto
4506884091;2025-12-29;2025-12-29;OUROLANDIA;MATHEUS;Apto;Ja realizada
4506885061;2025-12-29;;OUROLANDIA;MATHEUS;Inapto;Preparar padrao
4506871891;2025-12-29;;PIRITIBA;MATHEUS;Aguardando retorno;
4506881202;2025-12-29;2025-12-29;PIRITIBA;MATHEUS;Inapto;Obra
4506879280;2025-12-29;;PIRITIBA;MATHEUS;Aguardando retorno;
4506852146;2025-12-29;;PIRITIBA;MATHEUS;Aguardando retorno;
4506875313;2025-12-29;;QUIXABEIRA;MATHEUS;Aguardando retorno;
4506873843;2025-12-29;;QUIXABEIRA;MATHEUS;Aguardando retorno;
4506885564;2025-12-29;2025-12-29;SAUDE;MATHEUS;Apto;Apto
4506848167;2025-12-29;;SAUDE;MATHEUS;Aguardando retorno;
4506872940;2025-12-29;2025-12-29;SERROLANDIA;MATHEUS;Apto;Apto
4506872936;2025-12-29;;TAPIRAMUTA;MATHEUS;Aguardando retorno;
4506877307;2025-12-29;;UMBURANAS;MATHEUS;Aguardando retorno;
4506881701;2025-12-29;;UMBURANAS;MATHEUS;Aguardando retorno;
4506887506;2025-12-29;2025-12-29;UMBURANAS;MATHEUS;Inapto;Obra
4506881712;2025-12-29;;UMBURANAS;MATHEUS;Aguardando retorno;
4506878316;2025-12-29;;VARZEA NOVA;MATHEUS;Aguardando retorno;
4506887040;2025-12-29;2025-12-30;VARZEA NOVA;MATHEUS;Inapto;Preparar padrao
4506882172;2025-12-29;;VARZEA NOVA;MATHEUS;Aguardando retorno;
4506699248;2025-12-29;;CAPIM GROSSO;MATHEUS;Inapto;Preparar padrao
4506741823;2025-12-29;2025-12-30;JACOBINA;MATHEUS;Apto;Apto
4506887075;2025-12-29;;BAIXA GRANDE;VICTOR;Aguardando retorno;
4506885628;2025-12-29;2025-12-29;BAIXA GRANDE;VICTOR;Inapto;Preparar padrao
4506874355;2025-12-29;;BAIXA GRANDE;VICTOR;Aguardando retorno;
4506882245;2025-12-29;;BAIXA GRANDE;VICTOR;Aguardando retorno;
4506889003;2025-12-29;2025-12-29;BAIXA GRANDE;VICTOR;Apto;Apto
4506869329;2025-12-30;;CALDEIRAO GRANDE;VICTOR;Aguardando retorno;
4506869961;2025-12-30;2025-12-30;CAPIM GROSSO;VICTOR;Apto;Ja realizada
4506888074;2025-12-30;2025-12-30;CAPIM GROSSO;VICTOR;Apto;Ja realizada
4506877923;2025-12-30;;CAPIM GROSSO;VICTOR;Aguardando retorno;
4506879354;2025-12-30;2025-12-30;CAPIM GROSSO;VICTOR;Apto;Apto
4506884157;2025-12-30;;CAPIM GROSSO;VICTOR;Aguardando retorno;
4506887591;2025-12-30;;JACOBINA;VICTOR;Aguardando retorno;
4506881246;2025-12-30;;JACOBINA;VICTOR;Aguardando retorno;
4506887085;2025-12-30;;JACOBINA;VICTOR;Aguardando retorno;
4506877375;2025-12-30;;JACOBINA;VICTOR;Aguardando retorno;
4506885103;2025-12-30;;JACOBINA;VICTOR;Inapto;Deficiencia Tecnica
4506848968;2025-12-30;2025-12-30;JACOBINA;VICTOR;Apto;Apto
4506819673;2025-12-30;2025-12-30;JACOBINA;VICTOR;Apto;Apto
4506879815;2025-12-30;2025-12-30;JACOBINA;VICTOR;Apto;Apto
4506872987;2025-12-30;;JACOBINA;VICTOR;Aguardando retorno;
4506874357;2025-12-30;;JACOBINA;VICTOR;Aguardando retorno;
4506884136;2025-12-30;;JACOBINA;VICTOR;Cadastro incompleto;Contato incorreto
4506835183;2025-12-30;2025-12-30;MIGUEL CALMON;VICTOR;Apto;Apto
4506857947;2025-12-30;;MIGUEL CALMON;VICTOR;Aguardando retorno;
4506880417;2025-12-30;;MIRANGABA;VICTOR;Aguardando retorno;
4506803543;2025-12-30;;MIRANGABA;VICTOR;Aguardando retorno;
4506873665;2025-12-30;;MUNDO NOVO;VICTOR;Aguardando retorno;
4506874918;2025-12-30;;MUNDO NOVO;VICTOR;Cadastro incompleto;Contato incorreto
4506882685;2025-12-30;;OUROLANDIA;VICTOR;Aguardando retorno;
4506879323;2025-12-30;;OUROLANDIA;VICTOR;Aguardando retorno;
4506887077;2025-12-30;;OUROLANDIA;VICTOR;Aguardando retorno;
4506882698;2025-12-30;;OUROLANDIA;VICTOR;Aguardando retorno;
4506886595;2025-12-30;;PIRITIBA;VICTOR;Aguardando retorno;
4506872993;2025-12-30;;PIRITIBA;VICTOR;Aguardando retorno;
4506889008;2025-12-30;;PIRITIBA;VICTOR;Aguardando retorno;
4506878371;2025-12-30;;QUIXABEIRA;VICTOR;Aguardando retorno;
4506882690;2025-12-30;;SAO JOSE DO JACUIPE;VICTOR;Aguardando retorno;
4506885682;2025-12-30;;SAUDE;VICTOR;Aguardando retorno;
4506873885;2025-12-30;;SAUDE;VICTOR;Aguardando retorno;
4506869934;2025-12-30;;TAPIRAMUTA;VICTOR;Aguardando retorno;
4506877095;2025-12-30;;TAPIRAMUTA;VICTOR;Aguardando retorno;
4506883177;2025-12-30;;TAPIRAMUTA;VICTOR;Aguardando retorno;
4506737009;2025-12-30;;TAPIRAMUTA;VICTOR;Aguardando retorno;
4506832929;2025-12-30;;TAPIRAMUTA;VICTOR;Aguardando retorno;
4506855718;2025-12-30;;UMBURANAS;VICTOR;Aguardando retorno;
4506874923;2025-12-30;;UMBURANAS;VICTOR;Aguardando retorno;
4506873877;2025-12-30;;UMBURANAS;VICTOR;Aguardando retorno;
4506888509;2025-12-30;;VARZEA DO POCO;VICTOR;Aguardando retorno;
4506876455;2025-12-30;;VARZEA NOVA;VICTOR;Aguardando retorno;
4506880416;2025-12-30;;VARZEA NOVA;VICTOR;Aguardando retorno;
4506882841;2026-01-02;2026-01-05;BAIXA GRANDE;MATHEUS;Cadastro incompleto;Contato incorreto
4506878165;2026-01-02;2026-01-05;CAEM;MATHEUS;Apto;Apto
4506882850;2026-01-02;2026-01-05;CAPIM GROSSO;MATHEUS;Aguardando retorno;
4506892505;2026-01-02;2026-01-05;CAPIM GROSSO;MATHEUS;Aguardando retorno;
4506873213;2026-01-02;2026-01-05;CAPIM GROSSO;MATHEUS;Apto;Apto
4506873456;2026-01-02;2026-01-05;CAPIM GROSSO;MATHEUS;Cadastro incompleto;Contato incorreto
4506884304;2026-01-02;2026-01-05;CAPIM GROSSO;MATHEUS;Apto;Apto
4506883327;2026-01-02;2026-01-05;CAPIM GROSSO;MATHEUS;Aguardando retorno;
4506874571;2026-01-02;2026-01-05;JACOBINA;MATHEUS;Apto;Apto
4506859111;2026-01-02;2026-01-05;JACOBINA;MATHEUS;Aguardando retorno;
4506889651;2026-01-02;2026-01-05;JACOBINA;MATHEUS;Inapto;Deficiencia Tecnica
4506866427;2026-01-02;2026-01-05;JACOBINA;MATHEUS;Apto;Apto
4506879440;2026-01-02;2026-01-05;JACOBINA;MATHEUS;Aguardando retorno;
4506887225;2026-01-02;2026-01-05;JACOBINA;MATHEUS;Cadastro incompleto;Contato incorreto
4506886220;2026-01-02;2026-01-05;JACOBINA;MATHEUS;Apto;Apto
4506892028;2026-01-02;2026-01-05;JACOBINA;MATHEUS;Aguardando retorno;
4506893011;2026-01-02;2026-01-05;JACOBINA;MATHEUS;Aguardando retorno;
4506879420;2026-01-02;2026-01-05;JACOBINA;MATHEUS;Cadastro incompleto;Contato incorreto
4506886212;2026-01-02;2026-01-05;MIGUEL CALMON;MATHEUS;Cadastro incompleto;Contato incorreto
4506890129;2026-01-02;2026-01-05;MIGUEL CALMON;MATHEUS;Aguardando retorno;
4506814678;2026-01-02;2026-01-05;MIGUEL CALMON;MATHEUS;Apto;Apto
4506888195;2026-01-02;2026-01-05;MIRANGABA;MATHEUS;Apto;Apto
4506892507;2026-01-02;2026-01-05;MIRANGABA;MATHEUS;Apto;Apto
4506865000;2026-01-02;2026-01-05;MIRANGABA;MATHEUS;Inapto;Obra
4506879973;2026-01-02;2026-01-05;OUROLANDIA;MATHEUS;Apto;Apto
4506893523;2026-01-02;2026-01-05;SAO JOSE DO JACUIPE;MATHEUS;Aguardando retorno;
4506858083;2026-01-02;2026-01-05;SAUDE;MATHEUS;Apto;Apto
4506864428;2026-01-02;2026-01-05;SAUDE;MATHEUS;Inapto;Preparar padrao
4506889657;2026-01-02;2026-01-05;SERROLANDIA;MATHEUS;Cadastro incompleto;Contato incorreto
4506855984;2026-01-02;2026-01-05;TAPIRAMUTA;MATHEUS;Cadastro incompleto;Contato incorreto
4506874180;2026-01-02;2026-01-05;TAPIRAMUTA;MATHEUS;Apto;Apto
4506873711;2026-01-02;2026-01-05;UMBURANAS;MATHEUS;Cadastro incompleto;Contato incorreto
4506874179;2026-01-02;2026-01-05;UMBURANAS;MATHEUS;Cadastro incompleto;Contato incorreto
4506877197;2026-01-02;2026-01-05;UMBURANAS;MATHEUS;Cadastro incompleto;Contato incorreto
4506885762;2026-01-02;2026-01-05;VARZEA DO POCO;MATHEUS;Aguardando retorno;
4506891533;2026-01-02;2026-01-05;VARZEA NOVA;MATHEUS;Inapto;Obra
4506883315;2026-01-02;2026-01-05;VARZEA NOVA;MATHEUS;Cadastro incompleto;Contato incorreto
4506887704;2026-01-02;2026-01-05;VARZEA NOVA;MATHEUS;Apto;Apto
4506852375;2026-01-02;2026-01-05;VARZEA NOVA;MATHEUS;Apto;Apto
4506891544;2026-01-02;2026-01-05;CALDEIRAO GRANDE;MATHEUS;Inapto;Preparar padrao
4506889679;2026-01-02;2026-01-05;JACOBINA;MATHEUS;Aguardando retorno;
4506889678;2026-01-02;2026-01-05;MIGUEL CALMON;MATHEUS;Aguardando retorno;
4506889677;2026-01-02;2026-01-05;MIGUEL CALMON;MATHEUS;Aguardando retorno;
4506889692;2026-01-02;2026-01-05;MIRANGABA;MATHEUS;Inapto;Preparar padrao
4506890170;2026-01-02;2026-01-05;SERROLANDIA;MATHEUS;Cadastro incompleto;Contato incorreto
4506883411;2026-01-05;2026-01-05;CAEM;MATHEUS;Inapto;Obra
4506874481;2026-01-05;;CAEM;MATHEUS;Inapto;Obra
4506889705;2026-01-05;;CAEM;MATHEUS;Aguardando retorno;
4506889231;2026-01-05;;CAEM;MATHEUS;Cadastro incompleto;Contato incorreto
4506863962;2026-01-05;;CAEM;MATHEUS;Aguardando retorno;
4506875573;2026-01-05;;CALDEIRAO GRANDE;MATHEUS;Cadastro incompleto;Contato incorreto
4506889693;2026-01-05;;CAPIM GROSSO;MATHEUS;Cadastro incompleto;Contato incorreto
4506887841;2026-01-05;;CAPIM GROSSO;MATHEUS;Cadastro incompleto;Contato incorreto
4506892541;2026-01-05;;CAPIM GROSSO;MATHEUS;Apto;Apto
4506894017;2026-01-05;;JACOBINA;MATHEUS;Aguardando retorno;
4506879983;2026-01-05;2026-01-05;JACOBINA;MATHEUS;Apto;Apto
4506885846;2026-01-05;2026-01-06;JACOBINA;MATHEUS;Apto;Apto
4506882898;2026-01-05;2026-01-05;JACOBINA;MATHEUS;Apto;Apto
4506860021;2026-01-05;;JACOBINA;MATHEUS;Cadastro incompleto;Contato incorreto
4506813385;2026-01-05;;JACOBINA;MATHEUS;Cadastro incompleto;Contato incorreto
4506890215;2026-01-05;;MAIRI;MATHEUS;Aguardando retorno;
4506885819;2026-01-05;;MIGUEL CALMON;MATHEUS;Aguardando retorno;
4506887817;2026-01-05;2026-01-12;MIGUEL CALMON;MATHEUS;Apto;Apto
4506892557;2026-01-05;2026-01-05;MIGUEL CALMON;MATHEUS;Apto;Apto
4506884347;2026-01-05;;MIGUEL CALMON;MATHEUS;Aguardando retorno;
4506879466;2026-01-05;;MIGUEL CALMON;MATHEUS;Aguardando retorno;
4506877702;2026-01-05;;MUNDO NOVO;MATHEUS;Aguardando retorno;
4506894005;2026-01-05;2026-01-05;MUNDO NOVO;MATHEUS;Apto;Apto
4506885840;2026-01-05;;MUNDO NOVO;MATHEUS;Aguardando retorno;
4506890172;2026-01-05;;OUROLANDIA;MATHEUS;Cadastro incompleto;Contato incorreto
4506860306;2026-01-05;;PIRITIBA;MATHEUS;Cadastro incompleto;Contato incorreto
4506875227;2026-01-05;2026-01-05;PIRITIBA;MATHEUS;Apto;Apto
4506871827;2026-01-05;;PIRITIBA;MATHEUS;Aguardando retorno;
4506868408;2026-01-05;2026-01-06;PIRITIBA;MATHEUS;Inapto;Deficiencia Tecnica
4506852359;2026-01-05;;PIRITIBA;MATHEUS;Aguardando retorno;
4506887811;2026-01-05;2026-01-06;QUIXABEIRA;MATHEUS;Apto;Apto
4506891104;2026-01-05;;SAUDE;MATHEUS;Aguardando retorno;
4506885817;2026-01-05;;SERROLANDIA;MATHEUS;Aguardando retorno;
4506882460;2026-01-05;2026-01-06;TAPIRAMUTA;MATHEUS;Apto;Apto
4506885812;2026-01-05;;TAPIRAMUTA;MATHEUS;Aguardando retorno;
4506844516;2026-01-05;;TAPIRAMUTA;MATHEUS;Cadastro incompleto;Contato incorreto
4506844877;2026-01-05;2026-01-06;TAPIRAMUTA;MATHEUS;Apto;Apto
4506878181;2026-01-05;2026-01-05;TAPIRAMUTA;MATHEUS;Apto;Apto
4506892537;2026-01-05;2026-01-06;UMBURANAS;MATHEUS;Inapto;Obra
4506874469;2026-01-05;;UMBURANAS;MATHEUS;Cadastro incompleto;Contato incorreto
4506881917;2026-01-05;2026-01-06;UMBURANAS;MATHEUS;Apto;Apto
4506881386;2026-01-05;;VARZEA DA ROCA;MATHEUS;Aguardando retorno;
4506888227;2026-01-05;2026-01-06;VARZEA DA ROCA;MATHEUS;Apto;Apto
4506838862;2026-01-05;;VARZEA NOVA;MATHEUS;Aguardando retorno;
4506889236;2026-01-06;;BAIXA GRANDE;VICTOR;Apto;Apto
4506873262;2026-01-06;;BAIXA GRANDE;VICTOR;Cadastro incompleto;Contato incorreto
4506868637;2026-01-06;;CAPIM GROSSO;VICTOR;Cadastro incompleto;Contato incorreto
4506885259;2026-01-06;2026-01-07;CAPIM GROSSO;VICTOR;Apto;Apto
4506891591;2026-01-06;;CAPIM GROSSO;VICTOR;Aguardando retorno;
4506871499;2026-01-06;2026-01-07;JACOBINA;VICTOR;Inapto;Obra
4506878894;2026-01-06;;JACOBINA;VICTOR;Cadastro incompleto;Contato incorreto
4506892106;2026-01-06;2026-01-07;JACOBINA;VICTOR;Apto;Apto
4506896015;2026-01-06;;JACOBINA;VICTOR;Cadastro incompleto;Contato incorreto
4506888677;2026-01-06;2026-01-06;JACOBINA;VICTOR;Apto;Apto
4506884469;2026-01-06;2026-01-07;JACOBINA;VICTOR;Apto;Apto
4506852807;2026-01-06;;JACOBINA;VICTOR;Aguardando retorno;
4506875141;2026-01-06;2026-01-07;JACOBINA;VICTOR;Apto;Apto
4506863242;2026-01-06;;JACOBINA;VICTOR;Aguardando retorno;
4506880119;2026-01-06;2026-01-07;JACOBINA;VICTOR;Apto;Apto
4506859793;2026-01-06;;JACOBINA;VICTOR;Inapto;Obra
4506883967;2026-01-06;2026-01-06;JACOBINA;VICTOR;Apto;Apto
4506885253;2026-01-06;;MAIRI;VICTOR;Cadastro incompleto;Contato incorreto
4506894527;2026-01-06;2026-01-07;MAIRI;VICTOR;Apto;Apto
4506890277;2026-01-06;;MIGUEL CALMON;VICTOR;Aguardando retorno;
4506888665;2026-01-06;;MIGUEL CALMON;VICTOR;Cadastro incompleto;Contato incorreto
4506895025;2026-01-06;2026-01-07;MIGUEL CALMON;VICTOR;Apto;Apto
4506884886;2026-01-06;;MIRANGABA;VICTOR;Aguardando retorno;
4506893081;2026-01-06;;MUNDO NOVO;VICTOR;Cadastro incompleto;Contato incorreto
4506888653;2026-01-06;2026-01-07;OUROLANDIA;VICTOR;Inapto;Deficiencia Tecnica
4506855932;2026-01-06;;PIRITIBA;VICTOR;Apto;Apto
4506885252;2026-01-06;;TAPIRAMUTA;VICTOR;Cadastro incompleto;Contato incorreto
4506879489;2026-01-06;;TAPIRAMUTA;VICTOR;Aguardando retorno;
4506879482;2026-01-06;2026-01-07;TAPIRAMUTA;VICTOR;Apto;Apto
4506865152;2026-01-06;;VARZEA NOVA;VICTOR;Cadastro incompleto;Contato incorreto
4506894033;2026-01-06;;VARZEA NOVA;VICTOR;Apto;Apto
4506868848;2026-01-07;2026-01-08;CAEM;VICTOR;Apto;Apto
4506869376;2026-01-07;2026-01-07;CAEM;MATHEUS;Inapto;Sem MDV
4506889811;2026-01-07;2026-01-07;CAEM;MATHEUS;Inapto;Sem MDV
4506891628;2026-01-07;2026-01-07;GAVIAO;VICTOR;Apto;Ja realizada
4506881999;2026-01-07;2026-01-07;JACOBINA;MATHEUS;Inapto;Sem MDV
4506887085;2026-01-07;2026-01-07;JACOBINA;VICTOR;Apto;Ja realizada
4506885896;2026-01-07;2026-01-07;MIGUEL CALMON;MATHEUS;Inapto;Sem MDV
4506841464;2026-01-07;2026-01-07;MIGUEL CALMON;MATHEUS;Inapto;Sem MDV
4506894064;2026-01-07;;MIRANGABA;MATHEUS;Aguardando retorno;
4506891624;2026-01-07;2026-01-08;MIRANGABA;MATHEUS;Inapto;Deficiencia Tecnica
4506889812;2026-01-07;;MIRANGABA;MATHEUS;Aguardando retorno;
4506889810;2026-01-07;2026-01-07;MIRANGABA;MATHEUS;Inapto;Sem MDV
4506889809;2026-01-07;;MIRANGABA;MATHEUS;Aguardando retorno;
4506889808;2026-01-07;2026-01-07;MIRANGABA;MATHEUS;Inapto;Sem MDV
4506889813;2026-01-07;2026-01-07;PIRITIBA;MATHEUS;Inapto;Sem MDV
4506894075;2026-01-07;2026-01-08;PIRITIBA;MATHEUS;Apto;Apto
4506879220;2026-01-07;2026-01-08;PIRITIBA;MATHEUS;Apto;Apto
4506885908;2026-01-07;;QUIXABEIRA;;Aguardando retorno;
4506889814;2026-01-07;2026-01-07;TAPIRAMUTA;MATHEUS;Inapto;Sem MDV
4506861362;2026-01-07;2026-01-07;VARZEA DA ROCA;MATHEUS;Inapto;Sem MDV
4506893600;2026-01-07;2026-01-07;VARZEA DO POCO;MATHEUS;Inapto;Sem MDV
4506887897;2026-01-07;;VARZEA DO POCO;;Aguardando retorno;
4506887322;2026-01-07;;VARZEA DO POCO;;Cadastro incompleto;Contato incorreto
4505920335;2026-01-07;2026-01-08;;VICTOR;Apto;Apto
4506875807;2026-01-08;2026-01-08;BAIXA GRANDE;MATHEUS;Apto;Apto
4506879815;2026-01-08;2026-01-09;JACOBINA;MATHEUS;Apto;Apto
4506853963;2026-01-08;;JACOBINA;MATHEUS;Aguardando retorno;
4506853989;2026-01-08;;MIGUEL CALMON;VICTOR;Inapto;Sem MDV
4506895568;2026-01-08;;MIGUEL CALMON;VICTOR;Inapto;Sem MDV
4506891638;2026-01-08;;MIRANGABA;VICTOR;Inapto;Sem MDV
4506879019;2026-01-08;;OUROLANDIA;VICTOR;Inapto;Sem MDV
4506889278;2026-01-08;;OUROLANDIA;VICTOR;Inapto;Sem MDV
4506874184;2026-01-08;;OUROLANDIA;MATHEUS;Inapto;Fuga de débito
4506894565;2026-01-08;;PIRITIBA;MATHEUS;Cadastro incompleto;Contato incorreto
4506892177;2026-01-08;;SAO JOSE DO JACUIPE;MATHEUS;Aguardando retorno;
4506869795;2026-01-08;;SAUDE;VICTOR;Inapto;Sem MDV
4506896511;2026-01-08;2026-01-09;SERROLANDIA;MATHEUS;Apto;Apto
4506881450;2026-01-08;;UMBURANAS;VICTOR;Inapto;Sem MDV
4506891636;2026-01-08;;VARZEA DA ROCA;MATHEUS;Inapto;Preparar padrao
4506887911;2026-01-08;;VARZEA DA ROCA;VICTOR;Inapto;Sem MDV
4506896030;2026-01-08;;VARZEA NOVA;VICTOR;Inapto;Sem MDV
4506882172;2026-01-08;;VARZEA NOVA;MATHEUS;Aguardando retorno;
4506874357;2026-01-08;2026-01-09;JACOBINA;MATHEUS;Apto;Apto
4506857947;2026-01-08;;MIGUEL CALMON;MATHEUS;Aguardando retorno;
4506832626;2026-01-08;;VARZEA NOVA;MATHEUS;Cadastro incompleto;Contato incorreto
4506894122;2026-01-08;;CAEM;VICTOR;Inapto;Sem MDV
4506889932;2026-01-08;2026-01-08;CAEM;MATHEUS;Apto;Ja realizada
4506848073;2026-01-08;2026-01-12;CALDEIRAO GRANDE;MATHEUS;Apto;Apto
4506885340;2026-01-08;2026-01-12;CAPIM GROSSO;MATHEUS;Apto;Apto
4506894111;2026-01-08;;CAPIM GROSSO;VICTOR;Inapto;Sem MDV
4506889542;2026-01-08;2026-01-09;CAPIM GROSSO;MATHEUS;Apto;Ja realizada
4506885319;2026-01-08;2026-01-12;CAPIM GROSSO;MATHEUS;Apto;Apto
4506889639;2026-01-08;2026-01-09;CAPIM GROSSO;MATHEUS;Apto;Apto
4506897049;2026-01-08;2026-01-09;JACOBINA;MATHEUS;Apto;Ja realizada
4506897544;2026-01-08;2026-01-08;JACOBINA;MATHEUS;Apto;Apto
4506896545;2026-01-08;2026-01-08;JACOBINA;MATHEUS;Apto;Apto
4506887349;2026-01-08;;JACOBINA;VICTOR;Inapto;Sem MDV
4506892223;2026-01-08;;JACOBINA;VICTOR;Inapto;Sem MDV
4506889321;2026-01-08;;JACOBINA;VICTOR;Apto;Ja realizada
4506898048;2026-01-08;;JACOBINA;VICTOR;Apto;Apto
4506892654;2026-01-08;2026-01-08;JACOBINA;VICTOR;Cadastro incompleto;Contato incorreto
4506868225;2026-01-08;;JACOBINA;VICTOR;Apto;Apto
4506889919;2026-01-08;;JACOBINA;VICTOR;Inapto;Deficiencia Tecnica
4506890401;2026-01-08;;MIGUEL CALMON;VICTOR;Inapto;Sem MDV
4506898022;2026-01-09;;MIGUEL CALMON;MATHEUS;Aguardando retorno;
4506858288;2026-01-09;;MIGUEL CALMON;MATHEUS;Aguardando retorno;
4506887356;2026-01-08;;MIGUEL CALMON;VICTOR;Inapto;Sem MDV
4506892233;2026-01-08;;MIGUEL CALMON;VICTOR;Inapto;Sem MDV
4506895050;2026-01-09;;MIRANGABA;MATHEUS;Aguardando retorno;
4506841326;2026-01-09;;MUNDO NOVO;MATHEUS;Apto;Apto
4506874918;2026-01-09;;MUNDO NOVO;MATHEUS;Cadastro incompleto;Contato incorreto
4506887373;2026-01-08;;OUROLANDIA;VICTOR;Inapto;Sem MDV
4506885951;2026-01-08;;OUROLANDIA;VICTOR;Inapto;Sem MDV
4506876153;2026-01-08;;PIRITIBA;VICTOR;Inapto;Sem MDV
4506898007;2026-01-08;;PIRITIBA;VICTOR;Inapto;Sem MDV
4506898038;2026-01-08;;PIRITIBA;VICTOR;Inapto;Sem MDV
4506894112;2026-01-09;;SAO JOSE DO JACUIPE;VICTOR;Apto;Apto
4506888495;2026-01-09;;SAO JOSE DO JACUIPE;MATHEUS;Inapto;Preparar padrao
4506889921;2026-01-09;;SAO JOSE DO JACUIPE;MATHEUS;Inapto;Preparar padrao
4506887938;2026-01-08;;SAO JOSE DO JACUIPE;VICTOR;Inapto;Sem MDV
4506874155;2026-01-08;;SAUDE;VICTOR;Inapto;Sem MDV
4506848167;2026-01-09;;SAUDE;MATHEUS;Cadastro incompleto;Contato incorreto
4506881468;2026-01-09;;SERROLANDIA;MATHEUS;Apto;Ja realizada
4506889592;2026-01-09;2026-01-12;SERROLANDIA;MATHEUS;Apto;Apto
4506877031;2026-01-09;;TAPIRAMUTA;MATHEUS;Apto;Apto
4506868930;2026-01-09;;TAPIRAMUTA;MATHEUS;Apto;Apto
4506896517;2026-01-09;2026-01-12;TAPIRAMUTA;MATHEUS;Apto;Apto
4506895590;2026-01-09;;TAPIRAMUTA;MATHEUS;Aguardando retorno;
4506892219;2026-01-09;;VARZEA DA ROCA;MATHEUS;Aguardando retorno;
4506888733;2026-01-08;;VARZEA DA ROCA;VICTOR;Inapto;Sem MDV
4506885312;2026-01-08;;VARZEA DA ROCA;VICTOR;Inapto;Sem MDV
4506885952;2026-01-08;;VARZEA DO POCO;VICTOR;Inapto;Sem MDV
4506889628;2026-01-08;;BAIXA GRANDE;VICTOR;Inapto;Sem MDV
4506895098;2026-01-08;;BAIXA GRANDE;VICTOR;Inapto;Sem MDV
4506897084;2026-01-08;;BAIXA GRANDE;VICTOR;Inapto;Sem MDV
4506881330;2026-01-08;;BAIXA GRANDE;VICTOR;Inapto;Sem MDV
4506895094;2026-01-08;;CAEM;VICTOR;Inapto;Sem MDV
4506836878;2026-01-12;;CALDEIRAO GRANDE;VICTOR;Apto;Apto
4506900005;2026-01-12;;CAPIM GROSSO;VICTOR;Cadastro incompleto;Contato incorreto
4506891235;2026-01-12;;CAPIM GROSSO;VICTOR;Aguardando retorno;
4506897613;2026-01-12;;JACOBINA;VICTOR;Apto;Apto
4506747694;2026-01-12;2026-01-13;JACOBINA;MATHEUS;Apto;Apto
4506898546;2026-01-12;;MAIRI;VICTOR;Cadastro incompleto;Contato incorreto
4506884246;2026-01-12;;MAIRI;VICTOR;Apto;Apto
4505935864;2026-01-12;;MAIRI;VICTOR;Aguardando retorno;
4506872599;2026-01-12;;MIRANGABA;VICTOR;Apto;Apto
4506871956;2026-01-12;;MIRANGABA;VICTOR;Apto;Apto
4506896562;2026-01-12;;MIRANGABA;VICTOR;Inapto;Preparar padrao
4506894142;2026-01-12;;MIRANGABA;VICTOR;Aguardando retorno;
4506881542;2026-01-12;2026-01-13;MIRANGABA;MATHEUS;Apto;Apto
4506873777;2026-01-12;;MUNDO NOVO;VICTOR;Aguardando retorno;
4506884222;2026-01-12;;OUROLANDIA;VICTOR;Apto;Apto
4506899095;2026-01-12;;PIRITIBA;VICTOR;Inapto;Sem MDV
4506898109;2026-01-12;;PIRITIBA;VICTOR;Inapto;Sem MDV
4506895112;2026-01-12;;SAO JOSE DO JACUIPE;VICTOR;Aguardando retorno;
4506897616;2026-01-12;;SAO JOSE DO JACUIPE;VICTOR;Apto;Ja realizada
4506853879;2026-01-12;;SAUDE;VICTOR;Inapto;Sem MDV
4506893198;2026-01-12;;SAUDE;VICTOR;Cadastro incompleto;Contato incorreto
4506887438;2026-01-12;2026-01-13;SERROLANDIA;MATHEUS;Apto;Apto
4506886981;2026-01-12;2026-01-13;UMBURANAS;MATHEUS;Inapto;Obra
4506881701;2026-01-12;;UMBURANAS;VICTOR;Inapto;Sem MDV
4506878662;2026-01-13;2026-01-14;JACOBINA;VICTOR;Apto;Apto
4506882898;2026-01-13;2026-01-13;JACOBINA;MATHEUS;Apto;Apto
4506793466;2026-01-13;2026-01-14;MIGUEL CALMON;VICTOR;Apto;Apto
4506889112;2026-01-13;;MIRANGABA;VICTOR;Aguardando retorno;
4506886447;2026-01-13;2026-01-13;MIRANGABA;VICTOR;Apto;Apto
4506898646;2026-01-13;2026-01-13;MIRANGABA;VICTOR;Apto;Apto
4506898645;2026-01-13;2026-01-13;MIRANGABA;VICTOR;Inapto;Cliente deseja KIT financiado
4506824476;2026-01-13;;MIRANGABA;VICTOR;Aguardando retorno;
4506882165;2026-01-12;;MUNDO NOVO;VICTOR;Inapto;Sem MDV
4506877702;2026-01-12;;MUNDO NOVO;VICTOR;Inapto;Sem MDV
4506888919;2026-01-12;;MUNDO NOVO;VICTOR;Inapto;Sem MDV
4506855728;2026-01-12;;MUNDO NOVO;VICTOR;Apto;Apto
4506888904;2026-01-12;;MUNDO NOVO;VICTOR;Aguardando retorno;
4506879323;2026-01-12;2026-01-14;OUROLANDIA;MATHEUS;Apto;Apto
4506885407;2026-01-12;;PIRITIBA;VICTOR;Inapto;Sem MDV
4506722110;2026-01-12;;PIRITIBA;VICTOR;Inapto;Sem MDV
4506898641;2026-01-12;;PIRITIBA;VICTOR;Inapto;Sem MDV
4506872993;2026-01-12;;PIRITIBA;VICTOR;Inapto;Sem MDV
4506875280;2026-01-12;;PIRITIBA;VICTOR;Inapto;Sem MDV
4506887486;2026-01-12;2026-01-13;PIRITIBA;VICTOR;Apto;Apto
4506898639;2026-01-12;;PIRITIBA;VICTOR;Inapto;Sem MDV
4506898640;2026-01-12;;PIRITIBA;VICTOR;Aguardando retorno;
4506891277;2026-01-12;2026-01-15;TAPIRAMUTA;MATHEUS;Apto;Apto
4506863962;2026-01-14;2026-01-14;CAEM;VICTOR;Apto;Apto
4506880233;2026-01-14;;CAPIM GROSSO;VICTOR;Cadastro incompleto;Contato incorreto
4506899659;2026-01-14;2026-01-15;CAPIM GROSSO;MATHEUS;Apto;Apto
4506888983;2026-01-14;2026-01-16;JACOBINA;MATHEUS;Apto;Apto
4506874423;2026-01-14;;JACOBINA;MATHEUS;Apto;Apto
4506895744;2026-01-14;;JACOBINA;VICTOR;Apto;Apto
4506894209;2026-01-14;;JACOBINA;VICTOR;Inapto;Sem MDV
4506886494;2026-01-14;2026-01-14;JACOBINA;VICTOR;Inapto;Cliente deseja KIT financiado
4506899636;2026-01-14;;JACOBINA;VICTOR;Cadastro incompleto;Contato incorreto
4506884136;2026-01-14;;JACOBINA;VICTOR;Inapto;Sem MDV
4506885819;2026-01-14;;MIGUEL CALMON;VICTOR;Apto;Apto
4506835183;2026-01-14;;MIGUEL CALMON;VICTOR;Apto;Apto
4506891790;2026-01-14;2026-01-15;MIGUEL CALMON;MATHEUS;Apto;Apto
4506853917;2026-01-14;2026-01-15;MUNDO NOVO;MATHEUS;Apto;Apto
4506896196;2026-01-14;2026-01-16;MUNDO NOVO;MATHEUS;Apto;Apto
4506896641;2026-01-14;;TAPIRAMUTA;VICTOR;Aguardando retorno;
4506897001;2026-01-16;2026-01-16;BAIXA GRANDE;VICTOR;Apto;Apto
4506873262;2026-01-16;2026-01-16;BAIXA GRANDE;VICTOR;Aguardando retorno;
4506791268;2026-01-16;;BAIXA GRANDE;VICTOR;Cadastro incompleto;Contato incorreto
4506903099;2026-01-16;;BAIXA GRANDE;VICTOR;Aguardando retorno;
4506854811;2026-01-16;;CAEM;VICTOR;Aguardando retorno;
4506883156;2026-01-16;;CAPIM GROSSO;VICTOR;Cadastro incompleto;Contato incorreto
4506895776;2026-01-16;2026-01-16;CAPIM GROSSO;VICTOR;Apto;Apto
4506903543;2026-01-15;2026-01-16;CAPIM GROSSO;MATHEUS;Apto;Apto
4506897735;2026-01-16;2026-01-16;JACOBINA;MATHEUS;Apto;Apto
4506893854;2026-01-16;;JACOBINA;VICTOR;Aguardando retorno;
4506894797;2026-01-16;;JACOBINA;VICTOR;Cadastro incompleto;Contato incorreto
4506877375;2026-01-16;;JACOBINA;VICTOR;Apto;Apto
4506303983;2026-01-16;;JACOBINA;VICTOR;Aguardando retorno;
4506900116;2026-01-16;;JACOBINA;VICTOR;Aguardando retorno;
4506903510;2026-01-16;2026-01-16;JACOBINA;MATHEUS;Inapto;Deficiencia Tecnica
4506844719;2026-01-16;;JACOBINA;VICTOR;Aguardando retorno;
4506865368;2026-01-16;;JACOBINA;VICTOR;Aguardando retorno;
4506888997;2026-01-16;;JACOBINA;VICTOR;Apto;Apto
4506894834;2026-01-16;;JACOBINA;VICTOR;Cadastro incompleto;Contato incorreto
4506903109;2026-01-16;;JACOBINA;VICTOR;Aguardando retorno;
4506903103;2026-01-16;2026-01-16;JACOBINA;VICTOR;Apto;Apto
4506890926;2026-01-16;;JACOBINA;VICTOR;Aguardando retorno;
4506903117;2026-01-16;;MIGUEL CALMON;VICTOR;Aguardando retorno;
4506889808;2026-01-16;;MIRANGABA;VICTOR;Aguardando retorno;
4506889459;2026-01-16;;MUNDO NOVO;VICTOR;Aguardando retorno;
4506895844;2026-01-15;2026-01-16;MUNDO NOVO;MATHEUS;Apto;Apto
4506882698;2026-01-16;2026-01-16;OUROLANDIA;VICTOR;Apto;Apto
4506901587;2026-01-16;;SERROLANDIA;VICTOR;Aguardando retorno;
4506894262;2026-01-16;;TAPIRAMUTA;VICTOR;Aguardando retorno;
4506885445;2026-01-16;;TAPIRAMUTA;VICTOR;Aguardando retorno;
4506874923;2026-01-16;;UMBURANAS;VICTOR;Apto;Apto
4506881450;2026-01-16;2026-01-16;UMBURANAS;VICTOR;Inapto;Preparar padrao
4506899222;2026-01-16;2026-01-16;VARZEA DA ROCA;VICTOR;Inapto;Deficiencia Tecnica
4506737298;2026-01-16;2026-01-16;VARZEA DO POCO;VICTOR;Apto;Ja realizada
4506831636;2026-01-16;;TAPIRAMUTA;VICTOR;Aguardando retorno;
4506870944;2026-01-19;;BAIXA GRANDE;VICTOR;Apto;Apto
4506828314;2026-01-19;;CAEM;VICTOR;Apto;Apto
4506895923;2026-01-19;;CALDEIRAO GRANDE;VICTOR;Inapto;Sem MDV
4506864430;2026-01-19;;CALDEIRAO GRANDE;VICTOR;Aguardando retorno;
4506898739;2026-01-19;;JACOBINA;VICTOR;Inapto;Obra
4506863845;2026-01-19;;JACOBINA;VICTOR;Apto;Apto
4506896755;2026-01-19;;JACOBINA;VICTOR;Inapto;Provisoria
4506868896;2026-01-19;;JACOBINA;VICTOR;Apto;Apto
4506903583;2026-01-19;;OUROLANDIA;VICTOR;Inapto;Obra
4506895265;2026-01-19;;SAUDE;VICTOR;Inapto;Sem MDV
4506885564;2026-01-19;;SAUDE;VICTOR;Apto;Apto
4506893369;2026-01-19;;SAUDE;VICTOR;Inapto;Sem MDV
4506892475;2026-01-19;;SERROLANDIA;VICTOR;Inapto;Sem MDV
4506904037;2026-01-19;;VARZEA DA ROCA;VICTOR;Apto;Apto
4506893600;2026-01-19;;VARZEA DA ROCA;VICTOR;Apto;Apto
4506894974;2026-01-19;;CAEM;VICTOR;Apto;Apto
4506892876;2026-01-19;;CAEM;VICTOR;Apto;Apto
4506899329;2026-01-19;;CALDEIRAO GRANDE;VICTOR;Cadastro incompleto;Contato incorreto
4506895291;2026-01-19;;CALDEIRAO GRANDE;VICTOR;Aguardando retorno;
4506893418;2026-01-19;;CAPIM GROSSO;VICTOR;Apto;Apto
4506898347;2026-01-19;;CAPIM GROSSO;VICTOR;Aguardando retorno;
4506900296;2026-01-19;;CAPIM GROSSO;VICTOR;Cadastro incompleto;Contato incorreto
4506896344;2026-01-19;;JACOBINA;VICTOR;Inapto;Mudar local do padrão
4506903650;2026-01-19;;JACOBINA;VICTOR;Apto;Ja realizada
4506905132;2026-01-19;;JACOBINA;VICTOR;Aguardando retorno;
4506895946;2026-01-19;;JACOBINA;VICTOR;Aguardando retorno;
4506896320;2026-01-19;;JACOBINA;VICTOR;Aguardando retorno;
4506900901;2026-01-19;;JACOBINA;VICTOR;Aguardando retorno;
4506895940;2026-01-19;;MAIRI;VICTOR;Cadastro incompleto;Contato incorreto
4506900878;2026-01-19;;MAIRI;VICTOR;Cadastro incompleto;Contato incorreto
4506868202;2026-01-19;;MIGUEL CALMON;VICTOR;Aguardando retorno;
4506885132;2026-01-19;;MIGUEL CALMON;VICTOR;Cadastro incompleto;Contato incorreto
4506891624;2026-01-19;;MIRANGABA;VICTOR;Apto;Apto
4506904133;2026-01-19;;MIRANGABA;VICTOR;Apto;Ja realizada
4506898857;2026-01-19;;MIRANGABA;VICTOR;Apto;Apto
4506895285;2026-01-19;;MUNDO NOVO;VICTOR;Apto;Apto
4506896326;2026-01-19;;MUNDO NOVO;VICTOR;Apto;Apto
4506894005;2026-01-19;;MUNDO NOVO;VICTOR;Apto;Apto
4506903272;2026-01-19;;MUNDO NOVO;VICTOR;Aguardando retorno;
4506892860;2026-01-19;;MUNDO NOVO;VICTOR;Aguardando retorno;
4506902696;2026-01-19;;OUROLANDIA;VICTOR;Aguardando retorno;
4506837316;2026-01-19;;PIRITIBA;VICTOR;Aguardando retorno;
4506902284;2026-01-19;;PIRITIBA;VICTOR;Cadastro incompleto;Contato incorreto
4506895112;2026-01-19;;SAO JOSE DO JACUIPE;VICTOR;Cadastro incompleto;Contato incorreto
4506868931;2026-01-19;;SAUDE;VICTOR;Aguardando retorno;
4506892862;2026-01-19;;TAPIRAMUTA;VICTOR;Aguardando retorno;
4506898344;2026-01-19;;TAPIRAMUTA;VICTOR;Cadastro incompleto;Contato incorreto
4506906039;2026-01-19;;TAPIRAMUTA;VICTOR;Apto;Apto
4506902697;2026-01-19;;UMBURANAS;VICTOR;Cadastro incompleto;Contato incorreto
4506896340;2026-01-19;;UMBURANAS;VICTOR;Aguardando retorno;
4506903258;2026-01-19;;UMBURANAS;VICTOR;Apto;Apto
4506887911;2026-01-19;;VARZEA DA ROCA;VICTOR;Aguardando retorno;
4506906038;2026-01-19;;VARZEA DA ROCA;VICTOR;Aguardando retorno;
4506907021;2026-01-19;;VARZEA DO POCO;VICTOR;Aguardando retorno;
4506892861;2026-01-19;;VARZEA NOVA;MATHEUS;Inapto;Sem MDV
4506903630;2026-01-19;;VARZEA NOVA;MATHEUS;Inapto;Sem MDV
4506902701;2026-01-19;;VARZEA NOVA;MATHEUS;Inapto;Sem MDV
4506902335;2026-01-20;;BAIXA GRANDE;MATHEUS;Apto;Ja realizada
4506901752;2026-01-20;;BAIXA GRANDE;MATHEUS;Inapto;Sem MDV
4506896816;2026-01-20;;CAEM;MATHEUS;Inapto;Sem MDV
4506892901;2026-01-20;;CAEM;MATHEUS;Aguardando retorno;
4506904641;2026-01-20;;CAEM;MATHEUS;Apto;Ja realizada
4506875015;2026-01-20;;CALDEIRAO GRANDE;MATHEUS;Aguardando retorno;
4506881371;2026-01-20;;CALDEIRAO GRANDE;MATHEUS;Inapto;Religa/Reativação
4506903325;2026-01-20;;CAPIM GROSSO;MATHEUS;Apto;Apto
4506907564;2026-01-20;;CAPIM GROSSO;MATHEUS;Apto;Apto
4506907617;2026-01-20;;CAPIM GROSSO;MATHEUS;Inapto;Sem MDV
4506885319;2026-01-20;;CAPIM GROSSO;MATHEUS;Apto;Apto
4506904648;2026-01-20;;CAPIM GROSSO;MATHEUS;Inapto;Sem MDV
4506895362;2026-01-20;;CAPIM GROSSO;MATHEUS;Inapto;Sem MDV
4506900304;2026-01-20;;JACOBINA;MATHEUS;Apto;Apto
4506907650;2026-01-20;;JACOBINA;MATHEUS;Apto;Apto
4506902316;2026-01-20;;JACOBINA;MATHEUS;Aguardando retorno;
4506902791;2026-01-20;;JACOBINA;MATHEUS;Inapto;Sem MDV
4506881177;2026-01-20;;JACOBINA;MATHEUS;Apto;Apto
4506907618;2026-01-20;;JACOBINA;MATHEUS;Apto;Apto
4506834460;2026-01-20;;JACOBINA;MATHEUS;Apto;Apto
4506879815;2026-01-20;;JACOBINA;MATHEUS;Apto;Apto
4506903323;2026-01-20;;JACOBINA;MATHEUS;Apto;Apto
4506879851;2026-01-20;;JACOBINA;MATHEUS;Apto;Apto
4506861516;2026-01-20;;MIGUEL CALMON;MATHEUS;Apto;Apto
4506895331;2026-01-20;;MIGUEL CALMON;MATHEUS;Apto;Apto
4506896371;2026-01-20;;MIRANGABA;MATHEUS;Inapto;Gerado incorretamente
4506880417;2026-01-20;;MIRANGABA;MATHEUS;Apto;Apto
4506885048;2026-01-20;;MIRANGABA;MATHEUS;Apto;Apto
4506893977;2026-01-20;;MUNDO NOVO;MATHEUS;Apto;Apto
4506877702;2026-01-20;;MUNDO NOVO;MATHEUS;Inapto;Sem MDV
4506907088;2026-01-20;;MUNDO NOVO;MATHEUS;Cadastro incompleto;Contato incorreto
4506855286;2026-01-20;;OUROLANDIA;MATHEUS;Aguardando retorno;
4506901758;2026-01-20;;OUROLANDIA;MATHEUS;Inapto;Sem MDV
4506866316;2026-01-20;;OUROLANDIA;MATHEUS;Inapto;Sem MDV
4506903665;2026-01-20;;OUROLANDIA;MATHEUS;Inapto;Sem MDV
4506901759;2026-01-20;;OUROLANDIA;MATHEUS;Inapto;Sem MDV
4506879973;2026-01-20;;OUROLANDIA;MATHEUS;Inapto;Sem MDV
4506896413;2026-01-20;;PIRITIBA;MATHEUS;Aguardando retorno;
4506898007;2026-01-20;;PIRITIBA;MATHEUS;Aguardando retorno;
4506892897;2026-01-20;;PIRITIBA;MATHEUS;Inapto;Sem MDV
4506898408;2026-01-20;;QUIXABEIRA;MATHEUS;Apto;Apto
4506896366;2026-01-20;;SAO JOSE DO JACUIPE;MATHEUS;Cadastro incompleto;Contato incorreto
4506901754;2026-01-20;;SAUDE;MATHEUS;Inapto;Sem MDV
4506893198;2026-01-20;;SAUDE;MATHEUS;Cadastro incompleto;Contato incorreto
4506907061;2026-01-20;;SERROLANDIA;MATHEUS;Apto;Apto
4506901764;2026-01-20;;SERROLANDIA;MATHEUS;Apto;Apto
4506887438;2026-01-20;;SERROLANDIA;MATHEUS;Apto;Apto
4506903333;2026-01-20;;TAPIRAMUTA;MATHEUS;Inapto;Sem MDV
4506899790;2026-01-20;;UMBURANAS;MATHEUS;Apto;Apto
4506903338;2026-01-20;;VARZEA DA ROCA;MATHEUS;Inapto;Sem MDV
4506903339;2026-01-20;;VARZEA DA ROCA;MATHEUS;Inapto;Sem MDV
4506897898;2026-01-20;;VARZEA DA ROCA;MATHEUS;Aguardando retorno;
4506896373;2026-01-20;;VARZEA DA ROCA;MATHEUS;Apto;Apto
4506897867;2026-01-20;;VARZEA DO POCO;MATHEUS;Aguardando retorno;
4506905162;2026-01-20;;VARZEA NOVA;MATHEUS;Inapto;Sem MDV
4506907670;2026-01-20;;BAIXA GRANDE;MATHEUS;Inapto;Sem MDV
4506869831;2026-01-22;;CAEM;MATHEUS;Inapto;Sem MDV
4506909017;2026-01-22;;CAEM;MATHEUS;Inapto;Sem MDV
4506904688;2026-01-22;;CAEM;MATHEUS;Inapto;Sem MDV
4506902819;2026-01-22;;CAEM;MATHEUS;Inapto;Preparar padrao
4506845369;2026-01-22;;CAEM;VICTOR;Cadastro incompleto;Contato incorreto
4506908070;2026-01-22;;CALDEIRAO GRANDE;VICTOR;Inapto;Obra
4506898449;2026-01-22;;CAPIM GROSSO;MATHEUS;Inapto;Sem MDV
4506895396;2026-01-22;;CAPIM GROSSO;MATHEUS;Inapto;Sem MDV
4506880745;2026-01-22;;JACOBINA;MATHEUS;Apto;Apto
4506905265;2026-01-22;;JACOBINA;MATHEUS;Apto;Ja realizada
4506902828;2026-01-22;;JACOBINA;MATHEUS;Aguardando retorno;
4506908564;2026-01-22;;JACOBINA;MATHEUS;Apto;Ja realizada
4506909034;2026-01-22;;JACOBINA;MATHEUS;Apto;Apto
4506895395;2026-01-22;;JACOBINA;VICTOR;Apto;Apto
4506903770;2026-01-22;;JACOBINA;VICTOR;Apto;Apto
4506894435;2026-01-22;;JACOBINA;VICTOR;Apto;Apto
4506892970;2026-01-22;;JACOBINA;VICTOR;Apto;Apto
4506904226;2026-01-22;;JACOBINA;MATHEUS;Apto;Apto
4506834393;2026-01-22;;MIGUEL CALMON;MATHEUS;Apto;Ja realizada
4506902851;2026-01-22;;PIRITIBA;MATHEUS;Apto;Apto
4506881807;2026-01-22;;SERROLANDIA;MATHEUS;Apto;Apto
4506833076;2026-01-22;;TAPIRAMUTA;MATHEUS;Apto;Apto
4506901807;2026-01-22;;TAPIRAMUTA;MATHEUS;Apto;Apto
4506897997;2026-01-22;;CAPIM GROSSO;VICTOR;Apto;Ja realizada
4506902466;2026-01-22;;GAVIAO;VICTOR;Inapto;Deficiencia Tecnica
4506907160;2026-01-22;;GAVIAO;VICTOR;Apto;Apto
4506902480;2026-01-22;;JACOBINA;VICTOR;Aguardando retorno;
4506904254;2026-01-22;;JACOBINA;VICTOR;Apto;Apto
4506874423;2026-01-22;;JACOBINA;VICTOR;Apto;Apto
4506895432;2026-01-22;;JACOBINA;VICTOR;Cadastro incompleto;Contato incorreto
4506906672;2026-01-22;;JACOBINA;VICTOR;Apto;Apto
4506896480;2026-01-22;;JACOBINA;VICTOR;Apto;Apto
4506911002;2026-01-22;;MIGUEL CALMON;VICTOR;Apto;Apto
4506909058;2026-01-22;;MIRANGABA;VICTOR;Aguardando retorno;
4506907170;2026-01-22;;MIRANGABA;VICTOR;Inapto;Preparar padrao
4506882165;2026-01-22;;MUNDO NOVO;VICTOR;Inapto;Preparar padrao
4506896876;2026-01-22;;MUNDO NOVO;VICTOR;Apto;Apto
4506861855;2026-01-22;;MUNDO NOVO;VICTOR;Apto;Apto
4506894461;2026-01-22;;MUNDO NOVO;VICTOR;Apto;Apto
4506864080;2026-01-22;;OUROLANDIA;VICTOR;Inapto;Preparar padrao
4506895409;2026-01-22;;PIRITIBA;VICTOR;Apto;Apto
4506909072;2026-01-22;;QUIXABEIRA;VICTOR;Aguardando retorno;
4506905276;2026-01-22;;QUIXABEIRA;VICTOR;Aguardando retorno;
4506888495;2026-01-22;;SAO JOSE DO JACUIPE;VICTOR;Apto;Apto
4506907697;2026-01-22;;SERROLANDIA;VICTOR;Aguardando retorno;
4506881635;2026-01-22;;TAPIRAMUTA;VICTOR;Apto;Apto
4506908098;2026-01-22;;TAPIRAMUTA;VICTOR;Aguardando retorno;
4506901852;2026-01-22;;TAPIRAMUTA;VICTOR;Apto;Apto
4506897084;2026-01-23;;BAIXA GRANDE;VICTOR;Apto;Apto
4506903120;2026-01-23;;CALDEIRAO GRANDE;VICTOR;Apto;Apto
4506908164;2026-01-23;;CAPIM GROSSO;VICTOR;Aguardando retorno;
4506895776;2026-01-23;;CAPIM GROSSO;VICTOR;Apto;Apto
4506909286;2026-01-23;;JACOBINA;VICTOR;Aguardando retorno;
4506903510;2026-01-23;;JACOBINA;VICTOR;Apto;Apto
4506865368;2026-01-23;;JACOBINA;VICTOR;Apto;Apto
4506886494;2026-01-23;;JACOBINA;VICTOR;Apto;Apto
4506803484;2026-01-23;;JACOBINA;VICTOR;Apto;Apto
4506904295;2026-01-23;;JACOBINA;VICTOR;Apto;Apto
4506883967;2026-01-23;;JACOBINA;VICTOR;Apto;Apto
4506817172;2026-01-23;;JACOBINA;VICTOR;Apto;Apto
4506900467;2026-01-23;;MAIRI;VICTOR;Cadastro incompleto;Contato incorreto
4506888195;2026-01-23;;MIRANGABA;VICTOR;Apto;Apto
4506913540;2026-01-23;;MIRANGABA;VICTOR;Apto;Apto
4506868394;2026-01-23;;MIRANGABA;VICTOR;Apto;Apto
4506873665;2026-01-23;;MUNDO NOVO;VICTOR;Inapto;Deficiencia Tecnica
4506904770;2026-01-23;;MUNDO NOVO;VICTOR;Apto;Apto
4506914515;2026-01-23;;MUNDO NOVO;VICTOR;Apto;Apto
4506909181;2026-01-23;;MUNDO NOVO;VICTOR;Aguardando retorno;
4506901907;2026-01-23;;MUNDO NOVO;VICTOR;Inapto;Obra
4506907734;2026-01-23;;MUNDO NOVO;VICTOR;Aguardando retorno;
4506885061;2026-01-23;;OUROLANDIA;VICTOR;Inapto;Preparar padrao
4506265167;2026-01-23;;PIRITIBA;VICTOR;Aguardando retorno;
4506910093;2026-01-23;;PIRITIBA;VICTOR;Aguardando retorno;
4506852146;2026-01-23;;PIRITIBA;VICTOR;Aguardando retorno;
4506875280;2026-01-23;;PIRITIBA;VICTOR;Apto;Apto
4506891848;2026-01-23;;PIRITIBA;VICTOR;Aguardando retorno;
4506905761;2026-01-23;;QUIXABEIRA;VICTOR;Aguardando retorno;
4506908163;2026-01-23;;SAO JOSE DO JACUIPE;VICTOR;Aguardando retorno;
4506904781;2026-01-23;;SERROLANDIA;VICTOR;Apto;Apto
4506903844;2026-01-23;;SERROLANDIA;VICTOR;Aguardando retorno;
4506904760;2026-01-23;;TAPIRAMUTA;VICTOR;Apto;Apto
4506909176;2026-01-23;;TAPIRAMUTA;VICTOR;Aguardando retorno;
4506902886;2026-01-23;;TAPIRAMUTA;VICTOR;Apto;Apto
4506909180;2026-01-23;;VARZEA DA ROCA;VICTOR;Aguardando retorno;
4506908171;2026-01-23;;VARZEA DA ROCA;VICTOR;Cadastro incompleto;Contato incorreto
4506896944;2026-01-23;;VARZEA DA ROCA;VICTOR;Cadastro incompleto;Contato incorreto
4506908181;2026-01-23;;VARZEA NOVA;VICTOR;Inapto;Preparar padrao
4506895481;2026-01-26;;CAEM;VICTOR;Inapto;Preparar padrao
4506854811;2026-01-26;;CAEM;VICTOR;Apto;Apto
4506895923;2026-01-26;;CALDEIRAO GRANDE;VICTOR;Apto;Apto
4506903894;2026-01-26;;CAPIM GROSSO;VICTOR;Aguardando retorno;
4506902988;2026-01-26;;CAPIM GROSSO;VICTOR;Apto;Apto
4506910626;2026-01-26;;CAPIM GROSSO;VICTOR;Aguardando retorno;
4506904824;2026-01-26;;JACOBINA;VICTOR;Apto;Apto
4506915544;2026-01-26;;JACOBINA;VICTOR;Inapto;Preparar padrao
4506885103;2026-01-26;;JACOBINA;VICTOR;Inapto;Deficiencia Tecnica
4506917016;2026-01-26;;JACOBINA;VICTOR;Apto;Apto
4506883112;2026-01-26;;JACOBINA;VICTOR;Aguardando retorno;
4506893231;2026-01-26;;JACOBINA;VICTOR;Apto;Apto
4506904843;2026-01-26;;JACOBINA;VICTOR;Apto;Apto
4506899728;2026-01-26;;MAIRI;VICTOR;Cadastro incompleto;Contato incorreto
4506904337;2026-01-26;;MIGUEL CALMON;VICTOR;Inapto;Sem MDV
4506913589;2026-01-26;;MIGUEL CALMON;VICTOR;Apto;Apto
4506891790;2026-01-26;;MIGUEL CALMON;VICTOR;Apto;Apto
4506904820;2026-01-26;;MIRANGABA;VICTOR;Apto;Apto
4506891638;2026-01-26;;MIRANGABA;VICTOR;Apto;Apto
4506895498;2026-01-26;;MIRANGABA;VICTOR;Inapto;Fuga de débito
4506889459;2026-01-26;;MUNDO NOVO;VICTOR;Apto;Apto
4506871809;2026-01-26;;MUNDO NOVO;VICTOR;Aguardando retorno;
4506911661;2026-01-26;;SAO JOSE DO JACUIPE;VICTOR;Aguardando retorno;
4506907804;2026-01-26;;SERROLANDIA;VICTOR;Apto;Apto
4506916517;2026-01-26;;SERROLANDIA;VICTOR;Aguardando retorno;
4506915043;2026-01-26;;TAPIRAMUTA;VICTOR;Apto;Apto
4506917015;2026-01-26;;VARZEA DO POCO;VICTOR;Apto;Apto
4506904351;2026-01-26;;VARZEA DO POCO;VICTOR;Aguardando retorno;
4506883082;2026-01-26;;VARZEA NOVA;VICTOR;Cadastro incompleto;Contato incorreto
4506896751;2026-01-27;;CAEM;VICTOR;Apto;Apto
4506918528;2026-01-27;;CALDEIRAO GRANDE;VICTOR;Aguardando retorno;
4506904856;2026-01-27;;CALDEIRAO GRANDE;VICTOR;Aguardando retorno;
4506912650;2026-01-27;;CALDEIRAO GRANDE;VICTOR;Cadastro incompleto;Contato incorreto
4506917589;2026-01-27;;CALDEIRAO GRANDE;VICTOR;Inapto;Mudar local do padrão
4506919507;2026-01-27;;CAPIM GROSSO;VICTOR;Apto;Apto
4506915572;2026-01-27;;CAPIM GROSSO;VICTOR;Aguardando retorno;
4506903967;2026-01-27;;CAPIM GROSSO;VICTOR;Apto;Apto
4506912123;2026-01-27;;CAPIM GROSSO;VICTOR;Cadastro incompleto;Contato incorreto
4506904421;2026-01-27;;CAPIM GROSSO;VICTOR;Apto;Ja realizada
4506907349;2026-01-27;;GAVIAO;VICTOR;Apto;Apto
4506909342;2026-01-27;;JACOBINA;VICTOR;Aguardando retorno;
4506893854;2026-01-27;;JACOBINA;VICTOR;Apto;Apto
4506914198;2026-01-27;;JACOBINA;VICTOR;Apto;Apto
4506915106;2026-01-27;;JACOBINA;VICTOR;Apto;Apto
4506913643;2026-01-27;;JACOBINA;VICTOR;Aguardando retorno;
4506905859;2026-01-27;;JACOBINA;VICTOR;Apto;Apto
4506827176;2026-01-27;;JACOBINA;VICTOR;Cadastro incompleto;Contato incorreto
4506916063;2026-01-27;;MAIRI;VICTOR;Cadastro incompleto;Contato incorreto
4506913146;2026-01-27;;MIGUEL CALMON;MATHEUS;Inapto;Sem MDV
4506904874;2026-01-27;;MIGUEL CALMON;VICTOR;Aguardando retorno;
4506895025;2026-01-27;;MIGUEL CALMON;VICTOR;Apto;Apto
4506916577;2026-01-27;;MIGUEL CALMON;VICTOR;Aguardando retorno;
4506888653;2026-01-27;;OUROLANDIA;MATHEUS;Inapto;Sem MDV
4506917588;2026-01-27;;OUROLANDIA;MATHEUS;Inapto;Sem MDV
4506882698;2026-01-27;;OUROLANDIA;VICTOR;Apto;Apto
4506876153;2026-01-27;;PIRITIBA;VICTOR;Apto;Apto
4506918522;2026-01-27;;PIRITIBA;VICTOR;Apto;Apto
4506898038;2026-01-27;;PIRITIBA;VICTOR;Aguardando retorno;
4506913149;2026-01-27;;PIRITIBA;VICTOR;Aguardando retorno;
4506916066;2026-01-27;;PIRITIBA;VICTOR;Apto;Apto
4506913148;2026-01-27;;PIRITIBA;VICTOR;Aguardando retorno;
4506914660;2026-01-27;;PIRITIBA;VICTOR;Aguardando retorno;
4506869837;2026-01-27;;PIRITIBA;VICTOR;Cadastro incompleto;Contato incorreto
4506907385;2026-01-27;;PIRITIBA;MATHEUS;;
4506915565;2026-01-27;;QUIXABEIRA;MATHEUS;Inapto;Sem MDV
4506812016;2026-01-27;;SAO JOSE DO JACUIPE;VICTOR;Aguardando retorno;
4506916579;2026-01-27;;SAO JOSE DO JACUIPE;VICTOR;Aguardando retorno;
4506916064;2026-01-27;;SAO JOSE DO JACUIPE;MATHEUS;Inapto;Sem MDV
4506915566;2026-01-27;;SAO JOSE DO JACUIPE;MATHEUS;Inapto;Sem MDV
4506878160;2026-01-27;;TAPIRAMUTA;VICTOR;Apto;Apto
4506849614;2026-01-27;;UMBURANAS;MATHEUS;Inapto;Sem MDV
4506835506;2026-01-27;;VARZEA DA ROCA;MATHEUS;Inapto;Sem MDV
4506913631;2026-01-27;;VARZEA DO POCO;VICTOR;Aguardando retorno;
4506912125;2026-01-27;;VARZEA NOVA;MATHEUS;Inapto;Sem MDV
4506882172;2026-01-27;;VARZEA NOVA;VICTOR;Apto;Apto
4506911759;2026-01-28;;BAIXA GRANDE;MATHEUS;Inapto;Sem MDV
4506915119;2026-01-28;;BAIXA GRANDE;MATHEUS;Apto;Apto
4506918058;2026-01-28;;BAIXA GRANDE;MATHEUS;Cadastro incompleto;Contato incorreto
4506919057;2026-01-28;;CAEM;MATHEUS;Aguardando retorno;
4506906938;2026-01-28;;CAEM;MATHEUS;Inapto;Sem MDV
4506758485;2026-01-28;;CALDEIRAO GRANDE;MATHEUS;Inapto;Sem MDV
4506911774;2026-01-28;;CALDEIRAO GRANDE;MATHEUS;Inapto;Deficiencia Tecnica
4506909395;2026-01-28;;CAPIM GROSSO;MATHEUS;Apto;Ja realizada
4506754672;2026-01-28;;CAPIM GROSSO;MATHEUS;Inapto;Sem MDV
4506912167;2026-01-28;;CAPIM GROSSO;MATHEUS;Aguardando retorno;
4506913729;2026-01-28;;CAPIM GROSSO;MATHEUS;Inapto;Deficiencia Tecnica
4506909371;2026-01-28;;GAVIAO;VICTOR;Apto;Ja realizada
4506919068;2026-01-28;;JACOBINA;MATHEUS;Aguardando retorno;
4506912178;2026-01-28;;JACOBINA;MATHEUS;Cadastro incompleto;Contato incorreto
4506913210;2026-01-28;;JACOBINA;MATHEUS;Inapto;Sem MDV
4506894834;2026-01-28;;JACOBINA;MATHEUS;Cadastro incompleto;Contato incorreto
4506911787;2026-01-28;;MAIRI;MATHEUS;Inapto;Sem MDV
4506911789;2026-01-28;;MAIRI;MATHEUS;Cadastro incompleto;Contato incorreto
4506910680;2026-01-28;;MAIRI;MATHEUS;Aguardando retorno;
4506917636;2026-01-28;;MIGUEL CALMON;MATHEUS;Aguardando retorno;
4506869412;2026-01-28;;MIGUEL CALMON;MATHEUS;Apto;Apto
4506919058;2026-01-28;;MIGUEL CALMON;MATHEUS;Aguardando retorno;
4506909392;2026-01-28;;MIGUEL CALMON;MATHEUS;Aguardando retorno;
4506904891;2026-01-28;;MIRANGABA;MATHEUS;Apto;Apto
4506911793;2026-01-28;;MUNDO NOVO;MATHEUS;Inapto;Sem MDV
4506760210;2026-01-28;;MUNDO NOVO;MATHEUS;Apto;Apto
4506911788;2026-01-28;;MUNDO NOVO;MATHEUS;Apto;Ja realizada
4506919063;2026-01-28;;MUNDO NOVO;MATHEUS;Apto;Apto
4506904888;2026-01-28;;MUNDO NOVO;MATHEUS;Inapto;Deficiencia Tecnica
4506911794;2026-01-28;;MUNDO NOVO;MATHEUS;Aguardando retorno;
4506907892;2026-01-28;;PIRITIBA;MATHEUS;Aguardando retorno;
4506911809;2026-01-28;;PIRITIBA;MATHEUS;Aguardando retorno;
4506918082;2026-01-28;;PIRITIBA;MATHEUS;Apto;Apto
4506899095;2026-01-28;;PIRITIBA;MATHEUS;Cadastro incompleto;Contato incorreto
4506911790;2026-01-28;;PIRITIBA;MATHEUS;Aguardando retorno;
4506908406;2026-01-28;;PIRITIBA;MATHEUS;Apto;Ja realizada
4506917622;2026-01-28;;PIRITIBA;MATHEUS;Apto;Apto
4506879280;2026-01-28;;PIRITIBA;MATHEUS;Aguardando retorno;
4506906927;2026-01-28;;QUIXABEIRA;MATHEUS;Inapto;Deficiencia Tecnica
4506918586;2026-01-28;;QUIXABEIRA;MATHEUS;Apto;Apto
4506918077;2026-01-28;;SAUDE;MATHEUS;Inapto;Sem MDV
4506904449;2026-01-28;;SERROLANDIA;MATHEUS;Apto;Apto
4506911791;2026-01-28;;SERROLANDIA;MATHEUS;Inapto;Sem MDV
4506916644;2026-01-28;;SERROLANDIA;MATHEUS;Inapto;Sem MDV
4506909380;2026-01-28;;TAPIRAMUTA;MATHEUS;Inapto;Preparar padrao
4506907399;2026-01-28;;TAPIRAMUTA;MATHEUS;Apto;Apto
4506893783;2026-01-28;;TAPIRAMUTA;MATHEUS;Inapto;Sem MDV
4506909741;2026-01-28;;VARZEA DA ROCA;MATHEUS;Apto;Apto
4506911757;2026-01-28;;VARZEA DO POCO;MATHEUS;Apto;Apto
4506902701;2026-01-28;;VARZEA NOVA;MATHEUS;Apto;Apto
4506910836;2026-02-03;;CALDEIRAO GRANDE;VICTOR;Aguardando retorno;
4506917395;2026-02-03;;CALDEIRAO GRANDE;VICTOR;Apto;Apto
4506917394;2026-02-03;;GAVIAO;VICTOR;Aguardando retorno;
4506915833;2026-02-03;;JACOBINA;VICTOR;Cadastro incompleto;Contato incorreto
4506920134;2026-02-03;;JACOBINA;VICTOR;Aguardando retorno;
4506871499;2026-02-03;;JACOBINA;VICTOR;Inapto;Obra
4506921115;2026-02-03;;JACOBINA;VICTOR;Aguardando retorno;
4506893854;2026-02-03;;JACOBINA;VICTOR;Apto;Apto
4506905242;2026-02-03;;JACOBINA;VICTOR;Apto;Apto
4506886494;2026-02-03;;JACOBINA;VICTOR;Apto;Apto
4506923572;2026-02-03;;JACOBINA;VICTOR;Aguardando retorno;
4506900467;2026-02-03;;MAIRI;VICTOR;Cadastro incompleto;Contato incorreto
4506918765;2026-02-03;;MIGUEL CALMON;VICTOR;Apto;Apto
4506909911;2026-02-03;;MIGUEL CALMON;VICTOR;Aguardando retorno;
4506895331;2026-02-03;;MIGUEL CALMON;VICTOR;Apto;Apto
4506912341;2026-02-03;;MIGUEL CALMON;VICTOR;Apto;Apto
4506922655;2026-02-03;;MIGUEL CALMON;VICTOR;Cadastro incompleto;Contato incorreto
4506923093;2026-02-03;;MIRANGABA;VICTOR;Cadastro incompleto;Contato incorreto
4506920166;2026-02-03;;PIRITIBA;VICTOR;Apto;Apto
4506925521;2026-02-03;;PIRITIBA;VICTOR;Cadastro incompleto;Contato incorreto
4506910849;2026-02-03;;PIRITIBA;VICTOR;Inapto;Obra
4506912346;2026-02-03;;PIRITIBA;VICTOR;Apto;Apto
4506919735;2026-02-03;;SERROLANDIA;VICTOR;Apto;Apto
4506914892;2026-02-03;;TAPIRAMUTA;VICTOR;Apto;Apto
4506919728;2026-02-03;;TAPIRAMUTA;VICTOR;Aguardando retorno;
4506917396;2026-02-03;;TAPIRAMUTA;VICTOR;Aguardando retorno;
4506917391;2026-02-03;;UMBURANAS;VICTOR;Aguardando retorno;
4506819547;2026-02-03;;VARZEA DA ROCA;VICTOR;Aguardando retorno;
4506920139;2026-02-03;;VARZEA DO POCO;VICTOR;Apto;Apto
4506889236;2026-02-04;;BAIXA GRANDE;MATHEUS;Inapto;Sem MDV
4506926510;2026-02-04;;BAIXA GRANDE;MATHEUS;Inapto;Preparar padrao
4506912366;2026-02-04;;CALDEIRAO GRANDE;MATHEUS;Aguardando retorno;
4506911435;2026-02-04;;CALDEIRAO GRANDE;MATHEUS;Cadastro incompleto;Contato incorreto
4506919507;2026-02-04;;CAPIM GROSSO;MATHEUS;Inapto;Deficiencia Tecnica
4506926513;2026-02-04;;JACOBINA;MATHEUS;Apto;Apto
4506863845;2026-02-04;;JACOBINA;MATHEUS;Apto;Apto
4506924205;2026-02-04;;JACOBINA;MATHEUS;Inapto;Deficiencia Tecnica
4506860021;2026-02-04;;JACOBINA;MATHEUS;Inapto;Mudar local do padrão
4506923178;2026-02-04;;JACOBINA;MATHEUS;Apto;Apto
4506923151;2026-02-04;;JACOBINA;MATHEUS;Apto;Apto
4506915309;2026-02-04;;JACOBINA;MATHEUS;Apto;Apto
4506893231;2026-02-04;;JACOBINA;MATHEUS;Apto;Apto
4506927003;2026-02-04;;MAIRI;MATHEUS;Cadastro incompleto;Contato incorreto
4506899842;2026-02-04;;MAIRI;MATHEUS;Apto;Apto
4506923155;2026-02-04;;MAIRI;MATHEUS;Aguardando retorno;
4506923175;2026-02-04;;MAIRI;MATHEUS;Apto;Apto
4506896472;2026-02-04;;MIGUEL CALMON;MATHEUS;Aguardando retorno;
4506927000;2026-02-04;;MIGUEL CALMON;MATHEUS;Cadastro incompleto;Sem contato
4506927001;2026-02-04;;MIGUEL CALMON;MATHEUS;Inapto;Sem MDV
4506925539;2026-02-04;;MIRANGABA;MATHEUS;Inapto;Sem MDV
4506923162;2026-02-04;;MIRANGABA;MATHEUS;Aguardando retorno;
4506898857;2026-02-04;;MIRANGABA;MATHEUS;Apto;Apto
4506918291;2026-02-04;;MIRANGABA;MATHEUS;Apto;Apto
4506914515;2026-02-04;2026-02-04;MUNDO NOVO;MATHEUS;Apto;Apto
4506910858;2026-02-04;2026-02-04;OUROLANDIA;MATHEUS;Apto;Apto
4506923159;2026-02-04;;OUROLANDIA;MATHEUS;Aguardando retorno;
4506901758;2026-02-04;;OUROLANDIA;MATHEUS;Inapto;Sem MDV
4506879973;2026-02-04;;OUROLANDIA;MATHEUS;Inapto;Sem MDV
4506914973;2026-02-04;;OUROLANDIA;MATHEUS;Inapto;Sem MDV
4506774051;2026-02-04;;OUROLANDIA;MATHEUS;Inapto;Preparar padrao
4506923606;2026-02-04;;OUROLANDIA;MATHEUS;Inapto;Preparar padrao
4506922156;2026-02-04;;QUIXABEIRA;MATHEUS;Aguardando retorno;
4506918811;2026-02-04;;SAUDE;MATHEUS;Inapto;Sem MDV
4506911432;2026-02-04;;SAUDE;MATHEUS;Inapto;Sem MDV
4506909066;2026-02-04;;SAUDE;MATHEUS;Inapto;Sem MDV
4506893198;2026-02-04;;SAUDE;MATHEUS;Inapto;Obra
4506925536;2026-02-04;;TAPIRAMUTA;MATHEUS;Apto;Apto
4506920673;2026-02-04;;TAPIRAMUTA;MATHEUS;Inapto;Religa/Reativação
4506918297;2026-02-04;;TAPIRAMUTA;MATHEUS;Apto;Apto
4505721633;2026-02-04;;TAPIRAMUTA;MATHEUS;Aguardando retorno;
4506913985;2026-02-04;;UMBURANAS;MATHEUS;Aguardando retorno;
4506917890;2026-02-05;;BAIXA GRANDE;VICTOR;Cadastro incompleto;Contato incorreto
4506918860;2026-02-05;;BAIXA GRANDE;VICTOR;Aguardando retorno;
4506926558;2026-02-04;;CAEM;VICTOR;Inapto;Sem MDV
4506925580;2026-02-05;;CALDEIRAO GRANDE;VICTOR;Apto;Apto
4506914977;2026-02-05;;CAPIM GROSSO;VICTOR;Aguardando retorno;
4506912402;2026-02-05;;GAVIAO;VICTOR;Inapto;Sem MDV
4506887225;2026-02-05;;JACOBINA;VICTOR;Apto;Apto
4506875977;2026-02-05;;JACOBINA;VICTOR;Cadastro incompleto;Contato incorreto
4506923242;2026-02-05;;JACOBINA;VICTOR;Inapto;Sem MDV
4506900901;2026-02-05;;JACOBINA;VICTOR;Apto;Apto
4506918857;2026-02-05;;MAIRI;VICTOR;Apto;Apto
4506920257;2026-02-05;;MIGUEL CALMON;VICTOR;Apto;Apto
4506923641;2026-02-05;;MIGUEL CALMON;VICTOR;Apto;Apto
4506911002;2026-02-05;;MIGUEL CALMON;VICTOR;Apto;Apto
4506884347;2026-02-05;;MIGUEL CALMON;VICTOR;Inapto;Sem MDV
4506879466;2026-02-05;;MIGUEL CALMON;VICTOR;Inapto;Sem MDV
4506923642;2026-02-05;;MIGUEL CALMON;VICTOR;Aguardando retorno;
4506923643;2026-02-05;;MIGUEL CALMON;VICTOR;Inapto;Deficiencia Tecnica
4506915331;2026-02-05;;MIRANGABA;VICTOR;Inapto;Preparar padrao
4506923255;2026-02-05;;MIRANGABA;VICTOR;Inapto;Preparar padrao
4506904699;2026-02-05;;MIRANGABA;MATHEUS;Inapto;Sem MDV
4506924239;2026-02-05;;MIRANGABA;MATHEUS;Inapto;Sem MDV
4506922728;2026-02-05;;MIRANGABA;MATHEUS;Inapto;Sem MDV
4506885840;2026-02-05;;MUNDO NOVO;MATHEUS;Inapto;Sem MDV
4506873831;2026-02-05;;OUROLANDIA;MATHEUS;Inapto;Sem MDV
4506920262;2026-02-05;;OUROLANDIA;VICTOR;Apto;Apto
4506891495;2026-02-05;;OUROLANDIA;MATHEUS;Cadastro incompleto;Contato incorreto
4506920746;2026-02-05;;PIRITIBA;VICTOR;Inapto;Obra
4506919804;2026-02-05;;SAUDE;MATHEUS;Inapto;Sem MDV
4506913471;2026-02-05;;SERROLANDIA;MATHEUS;Inapto;Sem MDV
4506918368;2026-02-05;;SERROLANDIA;MATHEUS;Cadastro incompleto;Contato incorreto
4506925077;2026-02-05;;SERROLANDIA;VICTOR;Apto;Apto
4506923652;2026-02-05;;TAPIRAMUTA;VICTOR;Apto;Apto
4506878160;2026-02-05;;TAPIRAMUTA;MATHEUS;Inapto;Sem MDV
4506929010;2026-02-05;;CAEM;VICTOR;Cadastro incompleto;Contato incorreto
4506929006;2026-02-05;;CAPIM GROSSO;MATHEUS;Inapto;Sem MDV
4506929003;2026-02-05;;JACOBINA;MATHEUS;Apto;Apto
4506919499;2026-02-05;;JACOBINA;VICTOR;Inapto;Deficiencia Tecnica
4506929005;2026-02-05;;JACOBINA;MATHEUS;Inapto;Sem MDV
4506758364;2026-02-05;;JACOBINA;MATHEUS;Inapto;Mudar local do padrão
4506919492;2026-02-05;;MIRANGABA;VICTOR;Cadastro incompleto;Contato incorreto
4506929007;2026-02-05;;MUNDO NOVO;MATHEUS;Inapto;Sem MDV
4506929001;2026-02-05;;MUNDO NOVO;MATHEUS;Inapto;Sem MDV
4506919496;2026-02-05;;OUROLANDIA;MATHEUS;Inapto;Sem MDV
4506929000;2026-02-05;;OUROLANDIA;MATHEUS;Inapto;Sem MDV
4506929002;2026-02-05;;PIRITIBA;MATHEUS;Apto;Ja realizada
4506929008;2026-02-06;;PIRITIBA;MATHEUS;Aguardando retorno;
4506926633;2026-02-05;;PIRITIBA;MATHEUS;Inapto;Obra
4505928477;2026-02-05;;UMBURANAS;MATHEUS;Inapto;Sem MDV
4506919498;2026-02-05;;UMBURANAS;VICTOR;Cadastro incompleto;Contato incorreto
4506763760;2026-02-05;;UMBURANAS;VICTOR;Apto;Apto
4506919495;2026-02-05;;VARZEA NOVA;VICTOR;Aguardando retorno;
4506787551;2026-02-05;;VARZEA NOVA;VICTOR;Inapto;Obra
4506895098;2026-02-06;;BAIXA GRANDE;MATHEUS;Inapto;Deficiencia Tecnica
4506896816;2026-02-06;;CAEM;MATHEUS;Apto;Apto
4506921255;2026-02-06;;CAEM;MATHEUS;Aguardando retorno;
4506919846;2026-02-06;;CAEM;MATHEUS;Inapto;Religa/Reativação
4506929035;2026-02-06;;CALDEIRAO GRANDE;MATHEUS;Apto;Apto
4506922270;2026-02-06;;CALDEIRAO GRANDE;MATHEUS;Inapto;Deficiencia Tecnica
4506864430;2026-02-06;;CALDEIRAO GRANDE;MATHEUS;Apto;Apto
4506754672;2026-02-06;;CAPIM GROSSO;MATHEUS;Aguardando retorno;
4506920786;2026-02-06;;CAPIM GROSSO;MATHEUS;Inapto;Sem MDV
4506895776;2026-02-06;;CAPIM GROSSO;MATHEUS;Inapto;Deficiencia Tecnica
4506900296;2026-02-06;;CAPIM GROSSO;MATHEUS;Inapto;Deficiencia Tecnica
4506902466;2026-02-06;;GAVIAO;MATHEUS;Inapto;Deficiencia Tecnica
4506911498;2026-02-06;;JACOBINA;MATHEUS;Aguardando retorno;
4506915544;2026-02-06;;JACOBINA;MATHEUS;Apto;Ja realizada
4506919843;2026-02-06;;JACOBINA;MATHEUS;Inapto;Deficiencia Tecnica
4506921953;2026-02-06;;JACOBINA;MATHEUS;Aguardando retorno;
4506925658;2026-02-06;;JACOBINA;MATHEUS;Apto;Ja realizada
4506924285;2026-02-06;;JACOBINA;MATHEUS;Apto;Apto
4506903510;2026-02-06;;JACOBINA;MATHEUS;Aguardando retorno;
4506924323;2026-02-06;;JACOBINA;MATHEUS;Aguardando retorno;
4506922911;2026-02-06;;JACOBINA;MATHEUS;Inapto;Sem MDV
4506919872;2026-02-06;;JACOBINA;MATHEUS;Apto;Apto
4506921918;2026-02-06;;JACOBINA;MATHEUS;Aguardando retorno;
4506924269;2026-02-06;;JACOBINA;MATHEUS;Apto;Ja realizada
4506921864;2026-02-06;;JACOBINA;MATHEUS;Aguardando retorno;
4506701077;2026-02-06;;JACOBINA;MATHEUS;Inapto;Deficiencia Tecnica
4506892028;2026-02-06;;JACOBINA;MATHEUS;Inapto;Deficiencia Tecnica
4506920792;2026-02-06;;JACOBINA;MATHEUS;Apto;Ja realizada
4506928522;2026-02-06;;JACOBINA;MATHEUS;Aguardando retorno;
4506921869;2026-02-06;;MAIRI;MATHEUS;Aguardando retorno;
4506930022;2026-02-06;;MAIRI;MATHEUS;Inapto;Sem MDV
4506928512;2026-02-06;;MAIRI;MATHEUS;Aguardando retorno;
4506920778;2026-02-06;;MIGUEL CALMON;MATHEUS;Aguardando retorno;
4506885132;2026-02-06;;MIGUEL CALMON;MATHEUS;Apto;Apto
4506886447;2026-02-06;;MIRANGABA;MATHEUS;Aguardando retorno;
4506877702;2026-02-06;;MUNDO NOVO;MATHEUS;Inapto;Sem MDV
4506861855;2026-02-06;;MUNDO NOVO;MATHEUS;Aguardando retorno;
4506929053;2026-02-06;;MUNDO NOVO;MATHEUS;Aguardando retorno;
4506922798;2026-02-06;;OUROLANDIA;MATHEUS;Inapto;Sem MDV
4506926131;2026-02-06;;OUROLANDIA;MATHEUS;Inapto;Sem MDV
4506923700;2026-02-06;;OUROLANDIA;MATHEUS;Apto;Ja realizada
4506927086;2026-02-06;;OUROLANDIA;MATHEUS;Inapto;Sem MDV
4506922272;2026-02-06;;OUROLANDIA;MATHEUS;Aguardando retorno;
4506918522;2026-02-06;;PIRITIBA;MATHEUS;Apto;Apto
4506923702;2026-02-06;;PIRITIBA;MATHEUS;Aguardando retorno;
4506920316;2026-02-06;;PIRITIBA;MATHEUS;Aguardando retorno;
4506906927;2026-02-06;;QUIXABEIRA;MATHEUS;Apto;Apto
4506891744;2026-02-06;;SAUDE;MATHEUS;Inapto;Sem MDV
4506929013;2026-02-06;;SAUDE;MATHEUS;Inapto;Sem MDV
4506915381;2026-02-06;;SERROLANDIA;MATHEUS;Apto;Apto
4506928513;2026-02-06;;TAPIRAMUTA;MATHEUS;Aguardando retorno;
4506869077;2026-02-06;;TAPIRAMUTA;MATHEUS;Apto;Apto
4506926120;2026-02-06;;UMBURANAS;MATHEUS;Apto;Apto
4506922820;2026-02-06;;UMBURANAS;MATHEUS;Cadastro incompleto;Contato incorreto
4506917944;2026-02-06;;VARZEA DA ROCA;MATHEUS;Apto;Apto
4506910962;2026-02-06;;VARZEA DA ROCA;MATHEUS;Aguardando retorno;
4506927524;2026-02-06;;VARZEA DO POCO;MATHEUS;Inapto;Deficiencia Tecnica
4506928516;2026-02-06;;VARZEA NOVA;MATHEUS;Inapto;Sem MDV
4506882172;2026-02-06;;VARZEA NOVA;MATHEUS;Inapto;Deficiencia Tecnica
4506933001;2026-02-09;;BAIXA GRANDE;MATHEUS;Inapto;Sem MDV
4506920824;2026-02-09;;BAIXA GRANDE;MATHEUS;Inapto;Sem MDV
4506927144;2026-02-10;;CAEM;MATHEUS;Aguardando retorno;
4506828314;2026-02-10;;CAEM;MATHEUS;Inapto;Deficiencia Tecnica
4506927149;2026-02-10;;CAPIM GROSSO;MATHEUS;Aguardando retorno;
4506920831;2026-02-10;;CAPIM GROSSO;MATHEUS;Inapto;Sem MDV
4506915988;2026-02-10;;CAPIM GROSSO;MATHEUS;Inapto;Sem MDV
4506927097;2026-02-10;;JACOBINA;MATHEUS;Apto;Apto
4506921322;2026-02-10;;JACOBINA;MATHEUS;Inapto;Deficiencia Tecnica
4506929096;2026-02-10;;JACOBINA;MATHEUS;Inapto;Sem MDV
4506926718;2026-02-10;;JACOBINA;MATHEUS;Inapto;Sem MDV
4506926206;2026-02-10;;JACOBINA;MATHEUS;Apto;Apto
4506927143;2026-02-10;;JACOBINA;MATHEUS;Apto;Apto
4506927146;2026-02-10;;JACOBINA;MATHEUS;Apto;Apto
4506927142;2026-02-10;;JACOBINA;MATHEUS;Inapto;Sem MDV
4506925235;2026-02-10;;MIGUEL CALMON;MATHEUS;Aguardando retorno;
4506920821;2026-02-10;;MIGUEL CALMON;MATHEUS;Aguardando retorno;
4506920873;2026-02-10;;MIGUEL CALMON;MATHEUS;Inapto;Sem MDV
4506927147;2026-02-10;;MIGUEL CALMON;MATHEUS;Inapto;Sem MDV
4506915413;2026-02-10;;MIRANGABA;MATHEUS;Apto;Apto
4506895498;2026-02-10;;MIRANGABA;MATHEUS;Inapto;Fuga de débito
4506896196;2026-02-10;;MUNDO NOVO;MATHEUS;Apto;Apto
4506922317;2026-02-10;;MUNDO NOVO;MATHEUS;Aguardando retorno;
4506927573;2026-02-10;;MUNDO NOVO;MATHEUS;Apto;Apto
4506922964;2026-02-10;;SERROLANDIA;MATHEUS;Inapto;Sem MDV
4506919924;2026-02-10;;UMBURANAS;MATHEUS;Aguardando retorno;
4506930570;2026-02-10;;UMBURANAS;MATHEUS;Aguardando retorno;
4506922332;2026-02-10;;VARZEA DA ROCA;MATHEUS;Inapto;Sem MDV
4506927576;2026-02-10;;VARZEA DA ROCA;MATHEUS;Inapto;Sem MDV
4506929538;2026-02-10;;VARZEA DO POCO;MATHEUS;Apto;Apto
4506892861;2026-02-10;;VARZEA NOVA;MATHEUS;Inapto;Sem MDV
4506914172;2026-02-10;;VARZEA NOVA;MATHEUS;Inapto;Deficiencia Tecnica
4506837450;2026-02-10;;VARZEA NOVA;MATHEUS;Aguardando retorno;
4506922966;2026-02-10;;BAIXA GRANDE;MATHEUS;Inapto;Sem MDV
4506907670;2026-02-10;;BAIXA GRANDE;MATHEUS;Apto;Apto
4506863962;2026-02-10;;CAEM;MATHEUS;Apto;Apto
4506926222;2026-02-10;;CAEM;MATHEUS;Apto;Apto
4506918528;2026-02-10;;CALDEIRAO GRANDE;MATHEUS;Aguardando retorno;
4506933507;2026-02-10;;CALDEIRAO GRANDE;MATHEUS;Inapto;Sem MDV
4506918475;2026-02-10;;CALDEIRAO GRANDE;MATHEUS;Aguardando retorno;
4506895291;2026-02-10;;CALDEIRAO GRANDE;MATHEUS;Inapto;Mudar local do padrão
4506929155;2026-02-10;;CAPIM GROSSO;MATHEUS;Inapto;Sem MDV
4506894764;2026-02-10;;JACOBINA;MATHEUS;Apto;Apto
4506930612;2026-02-10;;JACOBINA;MATHEUS;Aguardando retorno;
4506920452;2026-02-10;;JACOBINA;MATHEUS;Inapto;Sem MDV
4506933043;2026-02-10;;JACOBINA;MATHEUS;Apto;Apto
4506911515;2026-02-10;;JACOBINA;MATHEUS;Apto;Apto
4506932030;2026-02-10;;MIGUEL CALMON;MATHEUS;Apto;Apto
4506842217;2026-02-10;;MIGUEL CALMON;MATHEUS;Apto;Apto
4506927178;2026-02-10;;MIGUEL CALMON;MATHEUS;Aguardando retorno;
4506927154;2026-02-10;;MIGUEL CALMON;MATHEUS;Inapto;Sem MDV
4506931530;2026-02-10;;MIGUEL CALMON;MATHEUS;Apto;Apto
4506891638;2026-02-10;;MIRANGABA;MATHEUS;Apto;Apto
4506873665;2026-02-10;;MUNDO NOVO;MATHEUS;Apto;Apto
4506905543;2026-02-10;;OUROLANDIA;MATHEUS;Apto;Apto
4506930594;2026-02-10;;PIRITIBA;MATHEUS;Apto;Apto
4506887486;2026-02-10;;PIRITIBA;MATHEUS;Inapto;Sem MDV
4506923748;2026-02-10;;QUIXABEIRA;MATHEUS;Aguardando retorno;
4506912012;2026-02-10;;SAUDE;MATHEUS;Inapto;Sem MDV
4506920875;2026-02-10;;TAPIRAMUTA;MATHEUS;Aguardando retorno;
4506929102;2026-02-10;;UMBURANAS;MATHEUS;Inapto;Sem MDV
4506885312;2026-02-10;;VARZEA DA ROCA;MATHEUS;Inapto;Sem MDV
4506922969;2026-02-10;;VARZEA DO POCO;MATHEUS;Apto;Apto
4506920938;2026-02-10;;VARZEA DO POCO;MATHEUS;Inapto;Sem MDV
4506928641;2026-02-11;;BAIXA GRANDE;VICTOR;Aguardando retorno;
4506931577;2026-02-11;;BAIXA GRANDE;VICTOR;Apto;Apto
4506927711;2026-02-11;;BAIXA GRANDE;VICTOR;Aguardando retorno;
4506930639;2026-02-11;;CAEM;VICTOR;Aguardando retorno;
4506929161;2026-02-11;;CALDEIRAO GRANDE;VICTOR;Inapto;Sem MDV
4506936529;2026-02-11;;CALDEIRAO GRANDE;VICTOR;Aguardando retorno;
4506926814;2026-02-11;;CAPIM GROSSO;VICTOR;Inapto;Sem MDV
4506920461;2026-02-11;;CAPIM GROSSO;VICTOR;Apto;Apto
4506936532;2026-02-11;;CAPIM GROSSO;VICTOR;Inapto;Sem MDV
4506937504;2026-02-11;;CAPIM GROSSO;VICTOR;Cadastro incompleto;Contato incorreto
4506936531;2026-02-11;;CAPIM GROSSO;VICTOR;Inapto;Sem MDV
4506920958;2026-02-11;;JACOBINA;VICTOR;Apto;Apto
4506933553;2026-02-11;;JACOBINA;VICTOR;Inapto;Preparar padrao
4506834460;2026-02-11;;JACOBINA;VICTOR;Apto;Apto
4506880119;2026-02-11;;JACOBINA;VICTOR;Apto;Apto
4506935549;2026-02-11;;JACOBINA;VICTOR;Aguardando retorno;
4506932649;2026-02-11;;JACOBINA;VICTOR;Apto;Apto
4506931148;2026-02-11;;JACOBINA;VICTOR;Apto;Apto
4506928635;2026-02-11;;JACOBINA;VICTOR;Inapto;Mudar local do padrão
4506289631;2026-02-11;;JACOBINA;VICTOR;Aguardando retorno;
4506936530;2026-02-11;;JACOBINA;VICTOR;Aguardando retorno;
4506894527;2026-02-11;;MAIRI;VICTOR;Inapto;Sem MDV
4506905275;2026-02-11;;MIGUEL CALMON;VICTOR;Cadastro incompleto;Contato incorreto
4506923805;2026-02-11;;MIRANGABA;VICTOR;Apto;Apto
4506923831;2026-02-11;;MIRANGABA;VICTOR;Apto;Apto
4506925354;2026-02-11;;MIRANGABA;VICTOR;Aguardando retorno;
4506922494;2026-02-11;;MUNDO NOVO;VICTOR;Apto;Apto
4506932071;2026-02-11;;MUNDO NOVO;VICTOR;Aguardando retorno;
4506929167;2026-02-11;;OUROLANDIA;VICTOR;Inapto;Sem MDV
4506915565;2026-02-11;;QUIXABEIRA;VICTOR;Inapto;Sem MDV
4506934074;2026-02-11;;QUIXABEIRA;VICTOR;Inapto;Sem MDV
4506926780;2026-02-11;;SAO JOSE DO JACUIPE;VICTOR;Cadastro incompleto;Contato incorreto
4506920465;2026-02-11;;SERROLANDIA;VICTOR;Apto;Apto
4506889814;2026-02-11;;TAPIRAMUTA;VICTOR;Inapto;Sem MDV
4506929158;2026-02-11;;TAPIRAMUTA;VICTOR;Aguardando retorno;
4506930644;2026-02-11;;TAPIRAMUTA;VICTOR;Aguardando retorno;
4506921421;2026-02-11;;TAPIRAMUTA;VICTOR;Cadastro incompleto;Contato incorreto
4506930130;2026-02-11;;VARZEA DA ROCA;VICTOR;Aguardando retorno;
4506932631;2026-02-11;;VARZEA DO POCO;VICTOR;Inapto;Sem MDV
4506932076;2026-02-11;;VARZEA DO POCO;VICTOR;Apto;Apto
4506936535;2026-02-11;;VARZEA DO POCO;VICTOR;Apto;Apto
4506834135;2026-02-11;;VARZEA DO POCO;VICTOR;Apto;Apto
4506927716;2026-02-11;;VARZEA NOVA;VICTOR;Inapto;Sem MDV
4506930137;2026-02-11;;VARZEA NOVA;VICTOR;Apto;Apto
4506904335;2026-02-11;;VARZEA NOVA;VICTOR;Inapto;Sem MDV
4506923853;2026-02-12;;BAIXA GRANDE;VICTOR;Apto;Apto
4506921634;2026-02-12;;CAEM;VICTOR;Apto;Apto
4506921616;2026-02-12;;CAEM;VICTOR;Apto;Apto
4506895923;2026-02-12;;CALDEIRAO GRANDE;VICTOR;Apto;Apto
4506913809;2026-02-12;;CALDEIRAO GRANDE;VICTOR;Cadastro incompleto;Contato incorreto
4506911774;2026-02-12;;CALDEIRAO GRANDE;VICTOR;Inapto;Preparar padrao
4506936539;2026-02-12;;CAPIM GROSSO;MATHEUS;Inapto;Sem MDV
4506930167;2026-02-12;;JACOBINA;VICTOR;Apto;Apto
4506938022;2026-02-12;;JACOBINA;MATHEUS;Inapto;Sem MDV
4506937035;2026-02-12;;JACOBINA;VICTOR;Apto;Apto
4506881177;2026-02-12;;JACOBINA;VICTOR;Apto;Apto
4506912318;2026-02-12;;JACOBINA;MATHEUS;Inapto;Sem MDV
4506905242;2026-02-12;;JACOBINA;VICTOR;Apto;Apto
4506924205;2026-02-12;;JACOBINA;VICTOR;Inapto;Obra
4506895331;2026-02-12;;MIGUEL CALMON;VICTOR;Inapto;Deficiencia Tecnica
4506889112;2026-02-12;;MIRANGABA;VICTOR;Aguardando retorno;
4506934581;2026-02-12;;MIRANGABA;VICTOR;Apto;Apto
4506923849;2026-02-12;;MIRANGABA;VICTOR;Inapto;Deficiencia Tecnica
4506931159;2026-02-12;;MIRANGABA;VICTOR;Apto;Apto
4506909662;2026-02-12;;MIRANGABA;VICTOR;Apto;Apto
4506890172;2026-02-12;;OUROLANDIA;MATHEUS;Inapto;Sem MDV
4506931617;2026-02-12;;OUROLANDIA;MATHEUS;Inapto;Sem MDV
4506929239;2026-02-12;;OUROLANDIA;MATHEUS;Inapto;Sem MDV
4506932703;2026-02-12;;OUROLANDIA;VICTOR;Aguardando retorno;
4506930179;2026-02-12;;OUROLANDIA;VICTOR;Aguardando retorno;
4506934562;2026-02-12;;PIRITIBA;VICTOR;Apto;Apto
4506936550;2026-02-12;;SAO JOSE DO JACUIPE;VICTOR;Aguardando retorno;
4506933584;2026-02-12;;SAUDE;MATHEUS;Inapto;Sem MDV
4506930682;2026-02-12;;SAUDE;MATHEUS;Inapto;Sem MDV
4506925429;2026-02-12;;SAUDE;MATHEUS;Inapto;Sem MDV
4506935632;2026-02-12;;SAUDE;MATHEUS;Inapto;Sem MDV
4506927763;2026-02-12;;SAUDE;MATHEUS;Inapto;Sem MDV
4506896511;2026-02-12;;SERROLANDIA;VICTOR;Apto;Apto
4506901764;2026-02-12;;SERROLANDIA;VICTOR;Apto;Apto
4506929696;2026-02-12;;SERROLANDIA;MATHEUS;Inapto;Sem MDV
4506892862;2026-02-12;;TAPIRAMUTA;VICTOR;Apto;Apto
4506895590;2026-02-12;;TAPIRAMUTA;VICTOR;Apto;Apto
4506901852;2026-02-12;;TAPIRAMUTA;VICTOR;Apto;Apto
4506903118;2026-02-12;;TAPIRAMUTA;MATHEUS;Inapto;Sem MDV
4506935572;2026-02-12;;TAPIRAMUTA;VICTOR;Inapto;Obra
4506927733;2026-02-12;;UMBURANAS;VICTOR;Aguardando retorno;
4506905186;2026-02-12;;VARZEA DA ROCA;VICTOR;Aguardando retorno;
4506935047;2026-02-12;;VARZEA NOVA;MATHEUS;Inapto;Sem MDV
4506904077;2026-02-12;;CAPIM GROSSO;MATHEUS;Inapto;Sem MDV
4506919156;2026-02-12;;MUNDO NOVO;VICTOR;Cadastro incompleto;Contato incorreto
4506881635;2026-02-12;;TAPIRAMUTA;VICTOR;Apto;Apto
4506904971;2026-02-12;;UMBURANAS;MATHEUS;Inapto;Sem MDV
4506932177;2026-02-16;;CAPIM GROSSO;VICTOR;Inapto;Sem MDV
4506937077;2026-02-16;;CAPIM GROSSO;VICTOR;Inapto;Sem MDV
4506939508;2026-02-16;;CAPIM GROSSO;VICTOR;Inapto;Sem MDV
4506939065;2026-02-13;;JACOBINA;MATHEUS;Aguardando retorno;
4506932770;2026-02-13;;JACOBINA;MATHEUS;Apto;Apto
4506939063;2026-02-13;;JACOBINA;MATHEUS;Apto;Apto
4506924981;2026-02-13;;JACOBINA;MATHEUS;Aguardando retorno;
4506934135;2026-02-13;;JACOBINA;MATHEUS;Aguardando retorno;
4506936588;2026-02-13;;JACOBINA;MATHEUS;Apto;Apto
4506936635;2026-02-16;;JACOBINA;VICTOR;Inapto;Sem MDV
4506930201;2026-02-13;;JACOBINA;MATHEUS;Inapto;Preparar padrao
4506936582;2026-02-13;;JACOBINA;MATHEUS;Apto;Apto
4506923902;2026-02-13;;JACOBINA;MATHEUS;Inapto;Mudar local do padrão
4506926872;2026-02-13;;JACOBINA;MATHEUS;Aguardando retorno;
4506928768;2026-02-16;;MAIRI;VICTOR;Inapto;Sem MDV
4506928758;2026-02-13;;MAIRI;MATHEUS;Cadastro incompleto;Contato incorreto
4506937643;2026-02-13;;MIGUEL CALMON;MATHEUS;Apto;Apto
4506937060;2026-02-13;;MIGUEL CALMON;MATHEUS;Aguardando retorno;
4506938073;2026-02-13;;MIGUEL CALMON;MATHEUS;Cadastro incompleto;Contato incorreto
4506938058;2026-02-13;;MIGUEL CALMON;MATHEUS;Apto;Apto
4506925467;2026-02-13;;MUNDO NOVO;MATHEUS;Aguardando retorno;
4506938068;2026-02-16;;OUROLANDIA;VICTOR;Inapto;Sem MDV
4506934600;2026-02-16;;OUROLANDIA;VICTOR;Inapto;Sem MDV
4506935086;2026-02-16;;OUROLANDIA;VICTOR;Inapto;Sem MDV
4506923892;2026-02-16;;SAO JOSE DO JACUIPE;VICTOR;Inapto;Sem MDV
4506931237;2026-02-16;;SAUDE;VICTOR;Inapto;Sem MDV
4506928753;2026-02-16;;SAUDE;VICTOR;Inapto;Sem MDV
4506924993;2026-02-16;;SAUDE;VICTOR;Inapto;Sem MDV
4506939051;2026-02-16;;SAUDE;VICTOR;Inapto;Sem MDV
4506936086;2026-02-13;;SERROLANDIA;MATHEUS;Aguardando retorno;
4506934602;2026-02-13;;TAPIRAMUTA;MATHEUS;Apto;Apto
4506931217;2026-02-13;;UMBURANAS;MATHEUS;Apto;Apto
4506926346;2026-02-13;;VARZEA DA ROCA;MATHEUS;Aguardando retorno;
4506923891;2026-02-16;;VARZEA DA ROCA;VICTOR;Inapto;Sem MDV
4506932716;2026-02-13;;VARZEA DA ROCA;MATHEUS;Apto;Ja realizada
4506937662;2026-02-16;;BAIXA GRANDE;MATHEUS;Apto;Apto
4506932191;2026-02-16;;BAIXA GRANDE;MATHEUS;Aguardando retorno;
4506931298;2026-02-16;;CAEM;MATHEUS;Apto;Apto
4506939108;2026-02-16;;CAEM;MATHEUS;Aguardando retorno;
4506928812;2026-02-16;;CALDEIRAO GRANDE;MATHEUS;Aguardando retorno;
4506936120;2026-02-16;;CAPIM GROSSO;VICTOR;Inapto;Sem MDV
4506927813;2026-02-16;;CAPIM GROSSO;MATHEUS;Aguardando retorno;
4506935143;2026-02-16;;CAPIM GROSSO;VICTOR;Inapto;Sem MDV
4506926931;2026-02-16;;CAPIM GROSSO;VICTOR;Inapto;Sem MDV
4506928794;2026-02-16;;CAPIM GROSSO;MATHEUS;Apto;Ja realizada
4506930818;2026-02-16;;JACOBINA;VICTOR;Inapto;Sem MDV
4506939093;2026-02-16;;JACOBINA;VICTOR;Inapto;Sem MDV
4506939120;2026-02-16;;JACOBINA;MATHEUS;Aguardando retorno;
4506939615;2026-02-16;;JACOBINA;VICTOR;Inapto;Sem MDV
4506927816;2026-02-16;;JACOBINA;VICTOR;Inapto;Sem MDV
4506933663;2026-02-16;;JACOBINA;MATHEUS;Apto;Ja realizada
4506926971;2026-02-16;;JACOBINA;VICTOR;Inapto;Sem MDV
4506929338;2026-02-16;;JACOBINA;MATHEUS;Apto;Apto
4506923970;2026-02-16;;JACOBINA;VICTOR;Inapto;Sem MDV
4506938171;2026-02-16;;MIGUEL CALMON;MATHEUS;Apto;Apto
4506935141;2026-02-16;;MIRANGABA;MATHEUS;Aguardando retorno;
4506936675;2026-02-16;;MIRANGABA;MATHEUS;Apto;Apto
4506934176;2026-02-16;;MIRANGABA;MATHEUS;Aguardando retorno;
4506939538;2026-02-16;;MUNDO NOVO;MATHEUS;Apto;Apto
4506926421;2026-02-16;;MUNDO NOVO;VICTOR;Inapto;Sem MDV
4506935735;2026-02-16;;MUNDO NOVO;MATHEUS;Inapto;Obra
4506929860;2026-02-16;;OUROLANDIA;VICTOR;Cadastro incompleto;Sem contato
4506929858;2026-02-16;;OUROLANDIA;VICTOR;Cadastro incompleto;Sem contato
4506927351;2026-02-16;;PIRITIBA;MATHEUS;Apto;Apto
4506937674;2026-02-16;;SAO JOSE DO JACUIPE;VICTOR;Inapto;Sem MDV
4506937697;2026-02-16;;SAO JOSE DO JACUIPE;VICTOR;Apto;Ja realizada
4506927333;2026-02-16;;SAUDE;VICTOR;Inapto;Sem MDV
4506938098;2026-02-16;;TAPIRAMUTA;MATHEUS;Aguardando retorno;
4506929334;2026-02-16;;TAPIRAMUTA;MATHEUS;Aguardando retorno;
4506939542;2026-02-16;;VARZEA DA ROCA;VICTOR;Inapto;Sem MDV
4506934669;2026-02-16;;VARZEA DA ROCA;VICTOR;Inapto;Sem MDV
4506936656;2026-02-16;;VARZEA DA ROCA;VICTOR;Inapto;Sem MDV
4506938197;2026-02-18;;BAIXA GRANDE;VICTOR;Inapto;Deficiencia Tecnica
4506932847;2026-02-18;;BAIXA GRANDE;VICTOR;Apto;Ja realizada
4506935753;2026-02-18;;CAEM;MATHEUS;Cadastro incompleto;Contato incorreto
4506919843;2026-02-18;;JACOBINA;VICTOR;Apto;Ja realizada
4506929096;2026-02-18;;JACOBINA;MATHEUS;Apto;Ja realizada
4506915106;2026-02-18;;JACOBINA;VICTOR;Inapto;Deficiencia Tecnica
4506937181;2026-02-18;;JACOBINA;VICTOR;Apto;Ja realizada
4506931363;2026-02-18;;JACOBINA;VICTOR;Apto;Ja realizada
4506930861;2026-02-18;;JACOBINA;VICTOR;Apto;Ja realizada
4506931412;2026-02-18;;JACOBINA;MATHEUS;Inapto;Sem MDV
4506939169;2026-02-18;;MAIRI;MATHEUS;Cadastro incompleto;Sem contato
4506933700;2026-02-18;;MIGUEL CALMON;MATHEUS;Inapto;Sem MDV
4506927369;2026-02-18;;MUNDO NOVO;MATHEUS;Apto;Ja realizada
4506931976;2026-02-18;;OUROLANDIA;MATHEUS;Inapto;Sem MDV
4506900358;2026-02-18;;OUROLANDIA;MATHEUS;Inapto;Sem MDV
4506915037;2026-02-18;;VARZEA NOVA;MATHEUS;Inapto;Sem MDV
4506912125;2026-02-18;;VARZEA NOVA;VICTOR;Apto;Ja realizada
4506905421;2026-02-18;;VARZEA NOVA;MATHEUS;Inapto;Sem MDV
4506937183;2026-02-19;;BAIXA GRANDE;MATHEUS;Apto;Ja realizada
4506940157;2026-02-19;;CALDEIRAO GRANDE;MATHEUS;Aguardando retorno;
4506927924;2026-02-19;;CAPIM GROSSO;MATHEUS;Inapto;Sem MDV
4506934747;2026-02-19;;CAPIM GROSSO;MATHEUS;Aguardando retorno;
4506932931;2026-02-19;;CAPIM GROSSO;MATHEUS;Inapto;Sem MDV
4506938321;2026-02-19;;CAPIM GROSSO;MATHEUS;Apto;Apto
4506928359;2026-02-19;;JACOBINA;MATHEUS;Aguardando retorno;
4506936228;2026-02-19;;JACOBINA;MATHEUS;Inapto;Sem MDV
4506934260;2026-02-19;;JACOBINA;MATHEUS;Inapto;Deficiencia Tecnica
4506935786;2026-02-19;;JACOBINA;MATHEUS;Aguardando retorno;
4506939182;2026-02-19;;MIGUEL CALMON;MATHEUS;Apto;Apto
4506936745;2026-02-19;;MIGUEL CALMON;MATHEUS;Inapto;Sem MDV
4506936728;2026-02-19;;MUNDO NOVO;MATHEUS;Apto;Ja realizada
4506941054;2026-02-19;;OUROLANDIA;MATHEUS;Aguardando retorno;
4506932925;2026-02-19;;OUROLANDIA;MATHEUS;Apto;Apto
4506936721;2026-02-19;;OUROLANDIA;MATHEUS;Inapto;Deficiencia Tecnica
4506941055;2026-02-19;;OUROLANDIA;MATHEUS;Cadastro incompleto;Contato incorreto
4506936201;2026-02-19;;QUIXABEIRA;MATHEUS;Inapto;Deficiencia Tecnica
4506934268;2026-02-19;;QUIXABEIRA;MATHEUS;Apto;Apto
4506940519;2026-02-19;;SAUDE;MATHEUS;Inapto;Preparar padrao
4506937190;2026-02-19;;SERROLANDIA;MATHEUS;Apto;Ja realizada
4506927427;2026-02-19;;SERROLANDIA;MATHEUS;Inapto;Deficiencia Tecnica
4506937760;2026-02-19;;UMBURANAS;MATHEUS;Apto;Apto
4506937754;2026-02-19;;VARZEA NOVA;MATHEUS;Inapto;Sem MDV
4506930307;2026-02-19;;VARZEA NOVA;MATHEUS;Inapto;Sem MDV
4506937757;2026-02-19;;VARZEA NOVA;MATHEUS;Apto;Apto
4506935254;2026-02-20;;BAIXA GRANDE;MATHEUS;Apto;Apto
4506933348;2026-02-20;;CAEM;MATHEUS;Inapto;Sem MDV
4506932999;2026-02-20;;CAEM;MATHEUS;Inapto;Sem MDV
4506933794;2026-02-20;;CAPIM GROSSO;MATHEUS;Inapto;Sem MDV
4506927974;2026-02-20;;CAPIM GROSSO;MATHEUS;Inapto;Sem MDV
4506936244;2026-02-20;;JACOBINA;MATHEUS;Aguardando retorno;
4506939780;2026-02-20;;JACOBINA;MATHEUS;Aguardando retorno;
4506938793;2026-02-20;;JACOBINA;MATHEUS;Aguardando retorno;
4506934277;2026-02-20;;JACOBINA;MATHEUS;Apto;Apto
4506942532;2026-02-20;;JACOBINA;MATHEUS;Apto;Apto
4506940176;2026-02-20;;JACOBINA;MATHEUS;Aguardando retorno;
4506939788;2026-02-20;;JACOBINA;MATHEUS;Inapto;Sem MDV
4506941550;2026-02-20;;JACOBINA;MATHEUS;Aguardando retorno;
4506930934;2026-02-20;;MIGUEL CALMON;MATHEUS;Aguardando retorno;
4506929461;2026-02-20;;MIRANGABA;MATHEUS;Aguardando retorno;
4506941531;2026-02-20;;MIRANGABA;MATHEUS;Aguardando retorno;
4506938386;2026-02-20;;MIRANGABA;MATHEUS;Apto;Apto
4506935827;2026-02-20;;MIRANGABA;MATHEUS;Aguardando retorno;
4506933765;2026-02-20;;OUROLANDIA;MATHEUS;Inapto;Sem MDV
4506941536;2026-02-20;;OUROLANDIA;MATHEUS;Apto;Ja realizada
4506940566;2026-02-20;;PIRITIBA;MATHEUS;Aguardando retorno;
4506932303;2026-02-20;;PIRITIBA;MATHEUS;Aguardando retorno;
4506937214;2026-02-20;;QUIXABEIRA;MATHEUS;Aguardando retorno;
4506933339;2026-02-20;;SAUDE;MATHEUS;Inapto;Sem MDV
4506937789;2026-02-20;;SERROLANDIA;MATHEUS;Cadastro incompleto;Contato incorreto
4506933781;2026-02-20;;TAPIRAMUTA;MATHEUS;Apto;Apto
4506938369;2026-02-20;;UMBURANAS;MATHEUS;Aguardando retorno;
4506938390;2026-02-20;;UMBURANAS;MATHEUS;Inapto;Sem MDV
4506927965;2026-02-20;;VARZEA DA ROCA;MATHEUS;Apto;Apto
4506931457;2026-02-20;;VARZEA DO POCO;MATHEUS;Apto;Apto
4506942069;2026-02-20;;VARZEA NOVA;MATHEUS;Inapto;Sem MDV
4506936808;2026-02-20;;CAPIM GROSSO;VICTOR;Inapto;Sem MDV
4506942095;2026-02-20;;CAEM;VICTOR;Inapto;Sem MDV
4506941106;2026-02-20;;CALDEIRAO GRANDE;VICTOR;Inapto;Sem MDV
4506941598;2026-02-20;;CALDEIRAO GRANDE;VICTOR;Inapto;Sem MDV
4506936286;2026-02-20;;CAPIM GROSSO;VICTOR;Inapto;Sem MDV
4506945011;2026-02-20;;CAPIM GROSSO;VICTOR;Inapto;Sem MDV
4506928441;2026-02-20;;MUNDO NOVO;VICTOR;Aguardando retorno;
4506945017;2026-02-20;;OUROLANDIA;VICTOR;Inapto;Sem MDV
4506941104;2026-02-20;;QUIXABEIRA;VICTOR;Cadastro incompleto;Contato incorreto
4506935280;2026-02-20;;SERROLANDIA;VICTOR;Inapto;Sem MDV
4506942640;2026-02-20;;UMBURANAS;VICTOR;Aguardando retorno;
