PROJETO_FATO;Carteira;COORD;% CAVAS;% POSTES;AR;AS BUILT;AVANÇO;AVNR;BOOK;CAVD;CAVR;CLIENT.;CLIET.;CLIET. PREV;CLIET. REAL;CONCRETO;COORDENADAS;CRITERIO;DATA DESL;DESLIG;DEVOLUÇAO;DIAS;DIAS.1;DIAS.2;DT DESL;DT. SEPARAÇÃO;ENCARREGADO;ENERGIZAÇÃO;EQPP;EQPR;FAIXA;FIM;INICIO;LAT;LATITUDE;LINK PROJETO;LONG;LONGITUDE;LV;MUNICIPIO;NOTA;Nº PES;OBRAS SIMPLIFICADAS;OBS;OBS CAVA;PERFIL;PES DESLIG;PES S/I;PG'S;PLANO;PROJETO;PRÉ FECHAMENTO;PST EXEC;PSTP;PV. FIM;PV. INICIO;PV. INÍCIO;RDEP;RDER;REFERÊNCIA;RESERVA;RESUMO;RESUMO LV;SACADO;STATUS;SUPERVISOR;TÍTULO;V. PRJ 25%;V. PROJETO;V. REAL;VISITA PRÉVIA
1121813;01/01/2025;SENHOR DO BONFIM;;;;;;;;;;;;11;;;;REPUTACIONAL;;;;;;;;;;;;;;;;;;;;;;QUEIMADAS;;;;;;ACIMA 100 POSTES;;;;;B-1121813;;;109;2025-01-31 00:00:00;;;;;;;;;;NÃO DEFINIDO;;MP-CCOL-POV.SANTO EUSEBIO-RURAL;;1299165.01;;
1112875;01/01/2025;SENHOR DO BONFIM;;;;;;;;;;;;0;;;;GOVERNO;;;;;;;;;;;;;;;;;;;;;;NORDESTINA;;;;;;16-50 POSTES;;;;;B-1112875;;;45;2025-01-31 00:00:00;;;;;;;;;;NÃO DEFINIDO;;ER-CCOL-FAZ-CALDEIR O DO COXO-RURAL;;490292.56;;
1140841;01/01/2025;SENHOR DO BONFIM;;;;;;;;;;;;1;1;;;REPUTACIONAL;;;;;;;;;ANAILTON;2025-01-17 00:00:00;;;;;;;;;;;;NORDESTINA;9102074591;;;;;0-5 POSTES;;;;;B-1140841;;3;3;2025-01-10 00:00:00;;;;;;;;;;NÃO DEFINIDO;DICSON;IT-CIND-AV-LUIZ EDU. MAGALHAES-CENTRO;;28425.29;;
1113890;01/01/2025;SENHOR DO BONFIM;;;;;;;;;;;;3;4;;;GOVERNO;;;;;;;;;ANAILTON;2025-01-24 00:00:00;;;;;;;;;;;;CANSANÇÃO;;;;;;16-50 POSTES;;;;;B-1113890;;30;30;2025-01-18 00:00:00;;;;;;;;;;NÃO DEFINIDO;DICSON;ER-SEIN-POV-LAGOA DO CURRAL-RURAL;;214459.58;;
1158254;01/01/2025;SENHOR DO BONFIM;;;;;;;;;;;;1;;;;SOLICITAÇÃO ATENDIMENTO;;;;;;;;;ANAILTON;2025-01-23 00:00:00;;;;;;;;;;;;CANSANÇÃO;;;;;;6-15 POSTES;;;;;X-1158254;;6;6;2025-01-20 00:00:00;;;;;;;;;;NÃO DEFINIDO;DICSON;UB-CIND-AV- MONTE SANTO-99;;77522.55;;
1089356;01/01/2025;SENHOR DO BONFIM;;;;;;;;;;;;3;;;;REPUTACIONAL;;;;;;;;;;;;;;;;;;;;;;QUEIMADAS;;;;;;16-50 POSTES;;;;;B-1089356;;;43;2025-01-31 00:00:00;;;;;;;;;;NÃO DEFINIDO;;MP-CCOL-FAZ.VARZEA DA NOVILHA RURAL;;356018.91;;
0477336;01/01/2025;SENHOR DO BONFIM;;;;;;;;;;;;46;;;;REPUTACIONAL;;;;;;;;;;;;;;;;;;;;;;MONTE SANTO;;;;;;;;;;;B-0477336;;;281;2025-02-27 00:00:00;;;;;;;;;;NÃO DEFINIDO;;MP-CCOL-POV CURRAL FALSO AROEIRA-RURAL;;1073081.49;;
1128973;01/01/2025;SENHOR DO BONFIM;;;;;;;;;;;;2;;;;QLP;;;;;;;;;;;;;;;;;;;;;;MONTE SANTO;;;;;;16-50 POSTES;;;;;B-1128973;;;17;2025-01-17 00:00:00;;;;;;;;;;NÃO DEFINIDO;;MP CIND POV QUEIMADA GRANDE RURAL;;138101.08;;
1113285;01/01/2025;SENHOR DO BONFIM;;;;;;;;;;;;1;1;;;NOVOS QUESTIONAMENTOS ANEEL;;;;;;;;;OSMAR;2025-01-30 00:00:00;;;;;;;;;;;;MONTE SANTO;;;;;;6-15 POSTES;;;;;B-1113285;;8;8;2025-01-24 00:00:00;;;;;;;;;;NÃO DEFINIDO;DICSON;ER-CIND-POV-VILA NOVA-VILA NOVA;;71298.86;;
1053426;01/01/2025;SENHOR DO BONFIM;;;;;;;;;;;;5;7;;;REPUTACIONAL;;;;;;;;;ISRAEL;2025-01-31 00:00:00;;;;;;;;;;;;ITIÚBA;;;;;;16-50 POSTES;;;;;B-1053426;;25;26;2025-01-17 00:00:00;;;;;;;;;;NÃO DEFINIDO;DICSON;MP-CCOL-POV GATO-RURAL;;105541.05;;
1053427;01/01/2025;SENHOR DO BONFIM;;;;;;;;;;;;3;;;;REPUTACIONAL;;;;;;;;;;;;;;;;;;;;;;ITIÚBA;;;;;;6-15 POSTES;;;;;B-1053427;;;11;2025-01-24 00:00:00;;;;;;;;;;NÃO DEFINIDO;;MP-CCOL-FAZ OLHOS DAGUA-RURAL;;65807.63;;
1168522;01/01/2025;SENHOR DO BONFIM;;;;;;;;;;;;0;1;;;RECLAMAÇÃO;;;;;;;;;ALDAIR;2025-01-22 00:00:00;;;;;;;;;;;;ITIÚBA;;;;;;0-5 POSTES;;;;;X-1168522;;0;0;2025-01-20 00:00:00;;;;;;;;;;NÃO DEFINIDO;DICSON;ME-COEL-AV-ROGERIO BENTO PITANGA 99999;;29834.15;;
1085264;01/01/2025;SENHOR DO BONFIM;;;;;;;;;;;;11;18;;;NOVOS QUESTIONAMENTOS ANEEL;;;;;;;;;REGINALDO;2025-01-31 00:00:00;;;;;;;;;;;;PINDOBAÇU;;;;;;16-50 POSTES;;;;;B-1085264;;41;39;2025-01-24 00:00:00;;;;;;;;;;NÃO DEFINIDO;DICSON;MP CIND RUA DA LINHA PINDOBAÇU RURAL;;366503.58;;
1161107;01/01/2025;SENHOR DO BONFIM;;;;;;;;;;;;0;0;;;REPUTACIONAL;;;;;;;;;JOSE SILVA;2025-01-30 00:00:00;;;;;;;;;;;;PINDOBAÇU;;;;;;0-5 POSTES;;;;;X-1161107;;1;3;2025-01-17 00:00:00;;;;;;;;;;NÃO DEFINIDO;DICSON;RC-GOVE-RUA-CARNAIBA DE BAIXO-RURAL;;65125.21;;
0948330;01/01/2025;SENHOR DO BONFIM;;;;;;;;;;;;1;1;;;REPUTACIONAL;;;;;;;;;JOSE SILVA;2024-01-09 00:00:00;;;;;;;;;;;;ANTÔNIO GONÇALVES;;;;;;0-5 POSTES;;;;;B-0948330;;3;3;2025-01-14 00:00:00;;;;;;;;;;NÃO DEFINIDO;DICSON;RR-CIND-POV JIBOIA ZU-RL ANTO GON ALVES;;17004.96;;
1139377;01/01/2025;SENHOR DO BONFIM;;;;;;;;;;;;1;1;;;RECLAMAÇÃO;;;;;;;;;VAGNER;2025-01-09 00:00:00;;;;;;;;;;;;ANTÔNIO GONÇALVES;;;;;;0-5 POSTES;;;;;X-1139377;;2;2;2025-01-16 00:00:00;;;;;;;;;;NÃO DEFINIDO;DICSON;ER-CIND-POV-BREJAO DA GROTA 530-RURAL;;31019.1;;
1114986;01/01/2025;SENHOR DO BONFIM;;;;;;;;;;;;0;0;;;REPUTACIONAL;;;;;;;;;GERSONI;2025-01-31 00:00:00;;;;;;;;;;;;SENHOR DO BONFIM;;;;;;51-100 POSTES;;;;;X-1114986;;68;68;2025-01-31 00:00:00;;;;;;;;;;NÃO DEFINIDO;DICSON;IP-CCOL-AV-CONTORNO-CENTRO-TIJUACU;;461717.75;;
0952864;01/01/2025;SENHOR DO BONFIM;;;;;;;;;;;;0;1;;;REPUTACIONAL;;;;;;;;;JOILSON;2025-01-27 00:00:00;;;;;;;;;;;;SENHOR DO BONFIM;;;;;;16-50 POSTES;;;;;B-0952864;;28;28;2025-01-24 00:00:00;;;;;;;;;;NÃO DEFINIDO;DICSON;RI-SEIN-POV-TANQUINHO DE CIMA-RURAL-TANQ;;123130.57;;
1024130;01/01/2025;SENHOR DO BONFIM;;;;;;;;;;;;2;2;;;REPUTACIONAL;;;;;;;;;JOSE SILVA;2025-01-21 00:00:00;;;;;;;;;;;;FILADÉLFIA;;;;;;6-15 POSTES;;;;;X-1024130;;7;7;2025-01-10 00:00:00;;;;;;;;;;NÃO DEFINIDO;DICSON;RR-CIND-POV-VARZEA DOS PATOS-RURAL;;54185.57;;
1093839;01/01/2025;SENHOR DO BONFIM;;;;;;;;;;;;1;1;;;SOLICITAÇÃO ATENDIMENTO;;;;;;;;;REGINALDO;2025-01-09 00:00:00;;;;;;;;;;;;ANDORINHAS;;;;;;0-5 POSTES;;;;;B-1093839;;0;1;2025-01-20 00:00:00;;;;;;;;;;NÃO DEFINIDO;DICSON;AC-CIND-POV  TANQUINHO DO POÇO-RURAL;;25421.07;;
1094402;01/01/2025;SENHOR DO BONFIM;;;;;;;;;;;;1;1;;;SOLICITAÇÃO ATENDIMENTO;;;;;;;;;REGINALDO;2025-01-23 00:00:00;;;;;;;;;;;;ANDORINHAS;;;;;;0-5 POSTES;;;;;B-1094402;;0;0;2025-01-17 00:00:00;;;;;;;;;;NÃO DEFINIDO;DICSON;AC-PREF-AV-CARLOS HUMBERTO FILHO-MEDRADO;;2158.36;;
1160430;01/01/2025;SENHOR DO BONFIM;;;;;;;;;;;;1;;;;RECLAMAÇÃO;;;;;;;;;;;;;;;;;;;;;;JAGUARARI;;;;;;0-5 POSTES;;;;;X-1160430;;;1;2025-01-09 00:00:00;;;;;;;;;;NÃO DEFINIDO;;ER-CIND-RUA-DO MATADOURO 95-CATUNY;;9171.67;;
1073129;01/01/2025;SENHOR DO BONFIM;;;;;;;;;;;;6;6;;;REPUTACIONAL;;;;;;;;;REGINALDO;2025-01-24 00:00:00;;;;;;;;;;;;ANDORINHAS;;;;;;0-5 POSTES;;;;;X-1073129;;6;5;2025-01-13 00:00:00;;;;;;;;;;NÃO DEFINIDO;DICSON;ER-CCOL-POV-GAMELEIRA-GAMELEIRA;;15032.02;;
1131409;01/01/2025;SENHOR DO BONFIM;;;;;;;;;;;;1;1;;;REPUTACIONAL;;;;;;;;;JOILSON;2025-01-28 00:00:00;;;;;;;;;;;;SENHOR DO BONFIM;;;;;;0-5 POSTES;;;;;X-1131409;;2;2;2025-01-19 00:00:00;;;;;;;;;;NÃO DEFINIDO;WESLEY;AC-CIND-AV-ANTONIO LAURINDO-CENTRO;;42042.49;;
1044483;01/01/2025;SENHOR DO BONFIM;;;;;;;;;;;;27;;;;REPUTACIONAL;;;;;;;;;;;;;;;;;;;;;;CAMPO FORMOSO;;;;;;;;;;;B-1044483;;;324;2025-03-31 00:00:00;;;;;;;;;;NÃO DEFINIDO;;MP-CCOL-POV.CACIMBINHA-RURAL;;3518237.37;;
0914747;01/01/2025;SENHOR DO BONFIM;;;;;;;;;;;;10;;;;JUDICIAL;;;;;;;;;;;;;;;;;;;;;;CAMPO FORMOSO;;;;;;51-100 POSTES;;;;;B-0914747;;;96;2025-01-31 00:00:00;;;;;;;;;;NÃO DEFINIDO;;RU-CCOL-FAZ GENIO-RURAL-CRB;;660273.67;;
1156377;01/01/2025;SENHOR DO BONFIM;;;;;;;;;;;;;1;;;;;;;;;;;;REGINALDO;2025-01-11 00:00:00;;;;;;;;;;;;SENHOR DO BONFIM;;;;;;;;;;;B-1156377;;5;;;;;;;;;;;;NÃO DEFINIDO;DICSON;AC-CIND-LOT-RIO DA PRATA-MISSAO DO SAHY;;;;
1158654;01/01/2025;SENHOR DO BONFIM;;;;;;;;;;;;1;1;;;JUDICIAL;;;;;;;;;VAGNER;2025-01-22 00:00:00;;;;;;;;;;;;CAMPO FORMOSO;9102124526;;;;;;;;;;B-1158654;;6;6;2024-12-19 00:00:00;2024-12-17 00:00:00;;;;;;;;;NÃO DEFINIDO;ALAN;ER-CIND-POV-FOLHA LARGA-RURAL;;;;
1140793;01/01/2025;SENHOR DO BONFIM;;;;;;;;;;;;;0;;;;;;;;;;;;GERSONI;2025-01-28 00:00:00;;;;;;;;;;;;FILADÉLFIA;;;;;;;;;;;B-1140793;;0;;;;;;;;;;;;NÃO DEFINIDO;DICSON;ER-CIND-POV-SANTO ANTONIO-RURAL;;;;
1121963;01/01/2025;SENHOR DO BONFIM;;;;;;;;;;;;;1;;;;;;;;;;;;GERSONI;2025-01-25 00:00:00;;;;;;;;;;;;FILADÉLFIA;9101905218;;;;;;;;;;B-1121963;;63;65;;;;;;;;;;;NÃO DEFINIDO;DICSON;IT-GRUA-POV-CONSORCIO BA SOLAR 2-RURAL;;1172396;;
1183001;01/01/2025;SENHOR DO BONFIM;;;;;;;;;;;;;1;;;;;;;;;;;;JOILSON;2025-01-29 00:00:00;;;;;;;;;;;;SENHOR DO BONFIM;;;;;;;;;;;B-1183001;;4;;;;;;;;;;;;NÃO DEFINIDO;WESLEY;ER-CIND-POV-CARIACA DE CIMA-CARIACA;;;;
1121944;01/01/2025;SENHOR DO BONFIM;;;;;;;;;;;;;1;;;;;;;;;;;;ALDAIR;2025-01-30 00:00:00;;;;;;;;;;;;ITIÚBA;;;;;;;;;;;B-1121944;;0;;;;;;;;;;;;NÃO DEFINIDO;DICSON;ER-CIND-FAZ-BOM SUCESSO-ROMULO CAMPOS;;;;
1033879;01/01/2025;SENHOR DO BONFIM;;;;;;;;;;;;;4;;;;;;;;;;;;ALDAIR;2025-01-30 00:00:00;;;;;;;;;;;;ITIÚBA;;;;;;;;;;;B-1033879;;4;;;;;;;;;;;;NÃO DEFINIDO;DICSON;ER-CIND-FAZ-VARZINHA-ROMULO CAMPOS;;;;
1155045;01/01/2025;SENHOR DO BONFIM;;;;;;;;;;;;;2;;;;;;;;;;;;REGINALDO;2025-01-16 00:00:00;;;;;;;;;;;;SENHOR DO BONFIM;;;;;;;;;;;B-1155045;;4;;;;;;;;;;;;NÃO DEFINIDO;DICSON;ER-CCOL-POV-TEIU-RURAL;;;;
1128886;01/02/2025;SENHOR DO BONFIM;;;;;;;;;;;;;2;;;ESTADUAL;;;;;;;;;OSMAR ;2025-02-01 00:00:00;;;;;;;;;;;;MONTE SANTO;9102022738;;;;;0-5 POSTES;;;;;B-1128886;;2;2;;;;;;;;;;;NÃO DEFINIDO;DICSON;ER-CIND-FAZ-SAO LUIZ-PEDRA VERMELHA;;;;
1183387;01/02/2025;SENHOR DO BONFIM;;;;;;;;;;;;;1;;;;;;;;;;;;OSMAR ;2025-02-01 00:00:00;;;;;;;;;;;;MONTE SANTO;9102164217;;;;;0-5 POSTES;;;;;B-1183387;;0;0;;;;;;;;;;;NÃO DEFINIDO;DICSON;UB-CIND-AV-LUIZ E MAGALHAES-CENTRO;;;;
1083736;01/02/2025;SENHOR DO BONFIM;;;;;;;;;;;;;1;;;ESTADUAL;;;;;;;;;OSMAR ;2025-02-01 00:00:00;;;;;;;;;;;;MONTE SANTO;9101904936;;;;;0-5 POSTES;;;;;B-1083736;;2;2;;;;;;;;;;;NÃO DEFINIDO;DICSON;ER-CIND-FAZ-CEROULA NOVA-RURAL;;;;
1137475;01/02/2025;SENHOR DO BONFIM;;;;;;;;;;;;;2;;;DIA C;;;;;;;;;JOILSON ;2025-02-05 00:00:00;;;;;;;;;;;;SENHOR DO BONFIM;9102057564;;;;;6-15 POSTES;;;;;B-1137475;;6;6;;;;;;;;;;;NÃO DEFINIDO;WESLEY;ER-CIND-POV-MULUNGU-RURAL;;;;
1112875;01/02/2025;SENHOR DO BONFIM;;;;;;;;;;;;;6;;;GOVERNO;;;;;;;;;ANAILTON;2025-02-05 00:00:00;;;;;;;;;;;;NORDESTINA;9101978110;;;;;;;;;;B-1112875;;47;67;;;;;;;;;;;NÃO DEFINIDO;ALAN;ER-CCOL-FAZ-CALDEIR O DO COXO-RURAL;;;;
1155909;01/02/2025;SENHOR DO BONFIM;;;;;;;;;;;;;2;;;DIA C;;;;;;;;;JOSÉ SILVA;2025-02-15 00:00:00;;;;;;;;;;;;SENHOR DO BONFIM;9102095904;;;;;0-5 POSTES;;;;;B-1155909;;1;1;;;;;;;;;;;NÃO DEFINIDO;WESLEY;ER-CIND-POV-TEIU-RURAL;;;;
1159228;01/02/2025;SENHOR DO BONFIM;;;;;;;;;;;;;1;;;DIA C;;;;;;;;;ERIELTON ;2025-02-08 00:00:00;;;;;;;;;;;;SENHOR DO BONFIM;9102133030;;;;;0-5 POSTES;;;;;B-1159228;;4;4;;;;;;;;;;;NÃO DEFINIDO;DICSON;ER-CCOL-POV-LAGES-RURAL;;;;
1007298;01/02/2025;SENHOR DO BONFIM;;;;;;;;;;;;;3;;;JUDICIAL;;;;;;;;;BADU;2025-02-28 00:00:00;;;;;;;;;;;;JAGUARARI;9101727174;;;;;6-15 POSTES;;;;;B-1007298;;13;13;;;;;;;;;;;NÃO DEFINIDO;DICSON;RR-CIND-ET-ADUTORA MINA CARAIBA-RURAL NU;;;;
1053427;01/02/2025;SENHOR DO BONFIM;;;;;;;;;;;;;5;;;ESTADUAL;;;;;;;;;ISRAEL ;2025-02-14 00:00:00;;;;;;;;;;;;ITIÚBA;9101805511;;;;;;;;;;B-1053427;;14;11;;;;;;;;;;;NÃO DEFINIDO;ALAN;MP-CCOL-FAZ OLHOS DAGUA-RURAL;;;;
1128973;01/02/2025;SENHOR DO BONFIM;;;;;;;;;;;;;2;;;QLP;;;;;;;;;OSMAR ;2025-02-14 00:00:00;;;;;;;;;;;;MONTE SANTO;9102022726;;;;;;;;;;B-1128973;;21;17;;;;;;;;;;;NÃO DEFINIDO;ALAN;MP CIND POV QUEIMADA GRANDE RURAL;;;;
1107362;01/02/2025;SENHOR DO BONFIM;;;;;;;;;;;;;;;;REPUTACIONAL;;;;;;;;;BADU;;;;;;;;;;;;;SENHOR DO BONFIM;9101959951;;;;;16-50 POSTES;;;;;B-1107362;;;31;;;;;;;;;;;NÃO DEFINIDO;;RR-SEIN-POV-LAGOA DO PEIXE-RURAL;;;;
1062185;01/02/2025;SENHOR DO BONFIM;;;;;;;;;;;;;8;;;ESTADUAL;;;;;;;;;GESONI ;2025-02-14 00:00:00;;;;;;;;;;;;PONTO NOVO;9101867733;;;;;16-50 POSTES;;;;;B-1062185;;23;21;;;;;;;;;;;NÃO DEFINIDO;DICSON;ER-CIND-FAZ-PLANALTO 10-RURAL;;;;
1146265;01/02/2025;SENHOR DO BONFIM;;;;;;;;;;;;;0;;;REPUTACIONAL;;;;;;;;;JOILSON ;2025-02-16 00:00:00;;;;;;;;;;;;CAMPO FORMOSO;9102078212;;;;;0-5 POSTES;;;;;B-1146265;;1;0;;;;;;;;;;;NÃO DEFINIDO;DICSON;IS-COEL-RUA-DR ANTONIO GONCALVES-CENTRO;;;;
0914747;01/02/2025;SENHOR DO BONFIM;;;;;;;;;;;;;10;;;JUDICIAL;;;;;;;;;WAGNER ;2025-02-27 00:00:00;;;;;;;;;;;;CAMPO FORMOSO;9101290252;;;;;;;;;;B-0914747;;84;96;;;;;;;;;;;NÃO DEFINIDO;DICSON;RU-CCOL-FAZ GENIO-RURAL-CRB;;;;
1138085;01/02/2025;SENHOR DO BONFIM;;;;;;;;;;;;;1;;;PLANO ANEEL;;;;;;;;;WAGNER ;2025-02-18 00:00:00;;;;;;;;;;;;CAMPO FORMOSO;9102057077;;;;;6-15 POSTES;;;;;B-1138085;;8;8;;;;;;;;;;;NÃO DEFINIDO;DICSON;ER-CIND-SI-GENIO 1000 --Z-RURAL;;;;
1134465;01/02/2025;SENHOR DO BONFIM;;;;;;;;;;;;;;;;REPUTACIONAL;;;;;;;;;ANAILTON;;;;;;;;;;;;;CANSANÇÃO;9102042813;;;;;16-50 POSTES;;;;;B-1134465;;;18;;;;;;;;;;;NÃO DEFINIDO;;ER-CIND-POV-CAIXAO-RURAL;;;;
1143184;01/02/2025;SENHOR DO BONFIM;;;;;;;;;;;;;8;;;ESTADUAL;;;;;;;;;ANAILTON;2025-02-27 00:00:00;;;;;;;;;;;;CANSANÇÃO;9101794121;;;;;6-15 POSTES;;;;;B-1143184;;11;8;;;;;;;;;;;NÃO DEFINIDO;ALAN;ER-CCOL-POV-CALDEIRAO DOS VAQ-RURAL;;;;
1180051;01/02/2025;SENHOR DO BONFIM;;;;;;;;;;;;;1;;;GOVERNO;;;;;;;;;ISRAEL ;2025-03-01 00:00:00;;;;;;;;;;;;ITIÚBA;9102151875;;;;;0-5 POSTES;;;;;B-1180051;;2;2;;;;;;;;;;;NÃO DEFINIDO;ALAN;UB-EMBA-RUA-CASAS POPULARES-CENTRO;;;;
1075226;01/02/2025;SENHOR DO BONFIM;;;;;;;;;;;;;;;;REPUTACIONAL;;;;;;;;;ISRAEL ;;;;;;;;;;;;;ITIÚBA;9101874275;;;;;6-15 POSTES;;;;;B-1075226;;;15;;;;;;;;;;;NÃO DEFINIDO;;MP CIND POV CALDEIRÃOZINHO RURAL;;;;
1042982;01/02/2025;SENHOR DO BONFIM;;;;;;;;;;;;;;;;REPUTACIONAL;;;;;;;;;ISRAEL ;;;;;;;;;;;;;ITIÚBA;9101675556;;;;;16-50 POSTES;;;;;B-1042982;;;50;;;;;;;;;;;NÃO DEFINIDO;;MP-CIND-POV-CACIMBAS-RURAL;;;;
1115635;01/02/2025;SENHOR DO BONFIM;;;;;;;;;;;;;1;;;LPT;;;;;;;;;BADU;2025-02-25 00:00:00;;;;;;;;;;;;JAGUARARI;9101977256;;;;;6-15 POSTES;;;;;B-1115635;;11;11;;;;;;;;;;;NÃO DEFINIDO;DICSON;ER-CIND-PR -IGREJA-CATUNY;;;;
0984449;01/02/2025;SENHOR DO BONFIM;;;;;;;;;;;;;4;;;REPUTACIONAL;;;;;;;;;OSMAR ;2025-02-28 00:00:00;;;;;;;;;;;;MONTE SANTO;9101587099;;;;;16-50 POSTES;;;;;B-0984449;;35;35;;;;;;;;;;;NÃO DEFINIDO;ALAN;RR-CIND-FZ ANGICO-ANGICO;;;;
1143757;01/02/2025;SENHOR DO BONFIM;;;;;;;;;;;;;1;;;JUDICIAL;;;;;;;;;OSMAR ;2025-02-21 00:00:00;;;;;;;;;;;;QUEIMADAS;9102084184;;;;;0-5 POSTES;;;;;B-1143757;;3;3;;;;;;;;;;;NÃO DEFINIDO;ALAN;ER-CCOL-LOT-NOVA QUEIMADAS-NOVA QUEIMADA;;;;
1144008;01/02/2025;SENHOR DO BONFIM;;;;;;;;;;;;;1;;;RECLAMAÇÃO;;;;;;;;;ANAILTON;2025-02-13 00:00:00;;;;;;;;;;;;QUEIMADAS;9102070360;;;;;0-5 POSTES;;;;;B-1144008;;1;1;;;;;;;;;;;NÃO DEFINIDO;ALAN;ER-CIND-POV-MARRUAIS-RURAL;;;;
0686033;01/02/2025;SENHOR DO BONFIM;;;;;;;;;;;;;;;;NOVOS QUESTIONAMENTOS ANEEL;;;;;;;;;ERIELTON ;;;;;;;;;;;;;QUEIMADAS;9100709091;;;;;;;;;;B-0686033;;;86;;;;;;;;;;;NÃO DEFINIDO;;MP-CCOL-FAZ. VÁRZEA DA NOVILHA COMPL.RUR;;;;
1090786;01/02/2025;SENHOR DO BONFIM;;;;;;;;;;;;;;;;REPUTACIONAL;;;;;;;;;JEFERSON ;;;;;;;;;;;;;QUEIMADAS;9101910191;;;;;6-15 POSTES;;;;;B-1090786;;;31;;;;;;;;;;;NÃO DEFINIDO;;MP  CIND POV . LAGOA DAS CABRAS RURAL;;;;
1121813;01/02/2025;SENHOR DO BONFIM;;;;;;;;;;;;;11;;;ESTADUAL;;;;;;;;;JEFERSON ;2025-02-27 00:00:00;;;;;;;;;;;;QUEIMADAS;9102002528;;;;;;;;;;B-1121813;;109;109;;;;;;;;;;;NÃO DEFINIDO;ALAN;MP-CCOL-POV.SANTO EUSEBIO-RURAL;;;;
1122959;01/02/2025;SENHOR DO BONFIM;;;;;;;;;;;;;7;;;QLP;;;;;;;;;JEFERSON ;2025-02-27 00:00:00;;;;;;;;;;;;QUEIMADAS;9102025021;;;;;6-15 POSTES;;;;;B-1122959;;22;22;;;;;;;;;;;NÃO DEFINIDO;ALAN;AC CIND POV SANTO EUSEBIO RURAL;;;;
1089356;01/02/2025;SENHOR DO BONFIM;;;;;;;;;;;;;;;;ESTADUAL;;;;;;;;;ERIELTON ;;;;;;;;;;;;;QUEIMADAS;9101908619;;;;;;;;;;B-1089356;;;43;;;;;;;;;;;NÃO DEFINIDO;;MP-CCOL-FAZ.VARZEA DA NOVILHA RURAL;;;;
1151080;01/02/2025;SENHOR DO BONFIM;;;;;;;;;;;;;0;;;RECLAMAÇÃO;;;;;;;;;JOILSON;2025-02-19 00:00:00;;;;;;;;;;;;SENHOR DO BONFIM;9102095610;;;;;0-5 POSTES;;;;;B-1151080;;1;1;;;;;;;;;;;NÃO DEFINIDO;DICSON;AC-CIND-RUA-25 DE JANEIRO-SANTOS DUMONT;;;;
1089429;01/02/2025;SENHOR DO BONFIM;;;;;;;;;;;;;3;;;ESTADUAL;;;;;;;;;JOILSON ;2025-02-28 00:00:00;;;;;;;;;;;;SENHOR DO BONFIM;9101911590;;;;;16-50 POSTES;;;;;B-1089429;;24;24;;;;;;;;;;;NÃO DEFINIDO;DICSON;MP CIND FAZ MANCAMBIRA RURAL;;;;
1044080;01/02/2025;SENHOR DO BONFIM;;;;;;;;;;;;;3;;;ESTADUAL;;;;;;;;;BADU;2025-02-27 00:00:00;;;;;;;;;;;;SENHOR DO BONFIM;9101662765;;;;;16-50 POSTES;;;;;B-1044080;;24;24;;;;;;;;;;;NÃO DEFINIDO;DICSON;MP-CCOL-POV-CACO DE TELHA-RURAL;;;;
1160399;01/02/2025;SENHOR DO BONFIM;;;;;;;;;;;;;;;;DIA C;;;;;;;;;GESONI ;;;;;;;;;;;;;FILADÉLFIA;9102131406;;;;;0-5 POSTES;;;;;B-1160399;;;5;;;;;;;;;;;NÃO DEFINIDO;;UB-CIND-RUA-ANA IZABEL MUNIZ-CENTRO;;;;
1165543;01/02/2025;SENHOR DO BONFIM;;;;;;;;;;;;;;;;DIA C;;;;;;;;;ISRAEL ;;;;;;;;;;;;;ITIÚBA;9102134827;;;;;0-5 POSTES;;;;;B-1165543;;;3;;;;;;;;;;;NÃO DEFINIDO;;UB-CIND-RUA-SIMOES-N S DA CONCEI  O;;;;
1161715;01/02/2025;SENHOR DO BONFIM;;;;;;;;;;;;;;;;DIA C;;;;;;;;;;;;;;;;;;;;;;MONTE SANTO;9102121141;;;;;0-5 POSTES;;;;;B-1161715;;;2;;;;;;;;;;;NÃO DEFINIDO;;ER-CIND-POV-ENGORDA-RURAL;;;;
1157312;01/02/2025;SENHOR DO BONFIM;;;;;;;;;;;;;;;;DIA C;;;;;;;;;;;;;;;;;;;;;;MONTE SANTO;9102106606;;;;;0-5 POSTES;;;;;B-1157312;;;5;;;;;;;;;;;NÃO DEFINIDO;;AC-CIND-POV-LAGOA DO SACO-RURAL;;;;
1149258;01/02/2025;SENHOR DO BONFIM;;;;;;;;;;;;;;;;DIA C;;;;;;;;;;;;;;;;;;;;;;NORDESTINA;9102084887;;;;;0-5 POSTES;;;;;B-1149258;;;5;;;;;;;;;;;NÃO DEFINIDO;;ER-SEIN-FAZ-LAGOA DOS BOIS-RURAL;;;;
1152255;01/02/2025;SENHOR DO BONFIM;;;;;;;;;;;;;;;;DIA C;;;;;;;;;;;;;;;;;;;;;;QUEIMADAS;9102090398;;;;;0-5 POSTES;;;;;B-1152255;;;1;;;;;;;;;;;NÃO DEFINIDO;;ER-CIND-AV-OTAVIO FERREIRA-URBANO;;;;
1167180;01/02/2025;SENHOR DO BONFIM;;;;;;;;;;;;;;;;DIA C;;;;;;;;;;;;;;;;;;;;;;SENHOR DO BONFIM;9102136651;;;;;;;;;;B-1167180;;;2;;;;;;;;;;;NÃO DEFINIDO;;RR-SEIN-FAZ-PATIOBA-RURAL;;;;
1044483;01/02/2025;SENHOR DO BONFIM;;;;;;;;;;;;;;;;REPUTACIONAL;;;;;;;;;;;;;;;;;;;;;;CAMPO FORMOSO;9101691568;;;;;;;;;;B-1044483;;;324;;;;;;;;;;;NÃO DEFINIDO;;MP-CCOL-POV.CACIMBINHA-RURAL;;;;
0477336;01/02/2025;SENHOR DO BONFIM;;;;;;;;;;;;;;;;REPUTACIONAL;;;;;;;;;;;;;;;;;;;;;;MONTE SANTO;9003901510;;;;;;;;;;B-0477336;;;281;;;;;;;;;;;NÃO DEFINIDO;;MP-CCOL-POV CURRAL FALSO AROEIRA-RURAL;;;;
1173976;01/02/2025;SENHOR DO BONFIM;;;;;;;;;;;;;1;;;;;;;;;;;;ANAILTON;2025-02-11 00:00:00;;;;;;;;;;;;NORDESTINA;;;;;;;;;;;B-1173976;;0;;;;;;;;;;;;NÃO DEFINIDO;ALAN;RR-CIND-POV- TANQUINHO-RURAL;;;;
1190045;01/02/2025;SENHOR DO BONFIM;;;;;;;;;;;;;1;;;;;;;;;;;;JOILSON;2025-02-17 00:00:00;;;;;;;;;;;;SENHOR DO BONFIM;;;;;;;;;;;B-1190045;;2;;;;;;;;;;;;NÃO DEFINIDO;WESLEY;ER-CIND-POV-BARRO DE BAIXO II 6-B D B II;;;;
1167180;01/02/2025;SENHOR DO BONFIM;;;;;;;;;;;;;1;;;;;;;;;;;;JOILSON;2025-02-20 00:00:00;;;;;;;;;;;;SENHOR DO BONFIM;;;;;;;;;;;B-1167180;;2;;;;;;;;;;;;NÃO DEFINIDO;DICSON;RR-SEIN-FAZ-PATIOBA-RURAL;;;;
1091723;01/02/2025;SENHOR DO BONFIM;;;;;;;;;;;;;4;;;;;;;;;;;;ANAILTON;2025-02-05 00:00:00;;;;;;;;;;;;NORDESTINA;;;;;;;;;;;B-1091723;;20;;;;;;;;;;;;NÃO DEFINIDO;ALAN;AC-CCOL FAZ CALDEIRÃO DO COXO RURAL;;;;
1121813;01/02/2025;SENHOR DO BONFIM;;;;;;;;;;;;;;;;;;;;;;;;;;;;;;;;;;;;;;QUEIMADAS;;;;;;;;;;;B-1121813;;;;;;;;;;;;;;NÃO DEFINIDO;;MP-CCOL-POV.SANTO EUSEBIO-RURAL;;;;
1112875;01/02/2025;SENHOR DO BONFIM;;;;;;;;;;;;;;;;;;;;;;;;;;;;;;;;;;;;;;NORDESTINA;;;;;;;;;;;B-1112875;;;;;;;;;;;;;;NÃO DEFINIDO;;ER-CCOL-FAZ-CALDEIR O DO COXO-RURAL;;;;
1089356;01/02/2025;SENHOR DO BONFIM;;;;;;;;;;;;;;;;;;;;;;;;;;;;;;;;;;;;;;QUEIMADAS;;;;;;;;;;;B-1089356;;;;;;;;;;;;;;NÃO DEFINIDO;;MP-CCOL-FAZ.VARZEA DA NOVILHA RURAL;;;;
1128973;01/02/2025;SENHOR DO BONFIM;;;;;;;;;;;;;;;;;;;;;;;;;;;;;;;;;;;;;;MONTE SANTO;;;;;;;;;;;B-1128973;;;;;;;;;;;;;;NÃO DEFINIDO;;MP CIND POV QUEIMADA GRANDE RURAL;;;;
1053427;01/02/2025;SENHOR DO BONFIM;;;;;;;;;;;;;;;;;;;;;;;;;;;;;;;;;;;;;;ITIÚBA;;;;;;;;;;;B-1053427;;;;;;;;;;;;;;NÃO DEFINIDO;;MP-CCOL-FAZ OLHOS DAGUA-RURAL;;;;
1160430;01/02/2025;SENHOR DO BONFIM;;;;;;;;;;;;;;;;;;;;;;;;;;;;;;;;;;;;;;JAGUARARI;;;;;;;;;;;B-1160430;;;;;;;;;;;;;;NÃO DEFINIDO;;ER-CIND-RUA-DO MATADOURO 95-CATUNY;;;;
0914747;01/02/2025;SENHOR DO BONFIM;;;;;;;;;;;;;;;;;;;;;;;;;;;;;;;;;;;;;;CAMPO FORMOSO;;;;;;;;;;;B-0914747;;;;;;;;;;;;;;NÃO DEFINIDO;;RU-CCOL-FAZ GENIO-RURAL-CRB;;;;
1185144;01/03/2025;SENHOR DO BONFIM;;;;;;;;;;;;1;;;;PRIORIDADE PLANO ANEEL;;;;;;;;;REGINALDO;;;;0-5 POSTES;2025-03-27 00:00:00;2025-03-26 00:00:00;;;;;;;ANDORINHAS;9102166668;;;;;;;;;;B-1185144;;;4;;;;;;;;;;;NÃO DEFINIDO;;ER-CIND-POV-TANQUE DAS VARAS-831;;;;
1134925;01/03/2025;SENHOR DO BONFIM;;;;;;;;;;;;1;;;;ESTRATÉGICA;;;;;;;;;REGINALDO;;;;0-5 POSTES;2025-03-28 00:00:00;2025-03-28 00:00:00;;;;;;;ANDORINHAS;9102039781;;;;;;;;;;B-1134925;;;1;;;;;;;;;;;NÃO DEFINIDO;;UB-CIND-RUA-DO CURRAL-CENTRO-ANDORINHA;;;;
1183437;01/03/2025;SENHOR DO BONFIM;;;;;;;;;;;;0;4;;;PRIORIDADE PLANO ANEEL;;;;;;;;;REGINALDO;2025-03-19 00:00:00;;;6-15 POSTES;2025-03-22 00:00:00;2025-03-20 00:00:00;;;;;;;ANTÔNIO GONÇALVES;9102159387;;;;;;;;;;B-1183437;;9;8;;;;;;;;;;;NÃO DEFINIDO;DICSON;ER-CIND-POV-LARANJEIRAS-RURAL;;;;
1044483;01/03/2025;SENHOR DO BONFIM;;;;;;;;;;;;27;;;;REPUTACIONAL;;;;;;;;;EDVALDO + ALDAIR ;;;;ACIMA 100 POSTES;2025-03-31 00:00:00;2025-01-15 00:00:00;;;;;;;CAMPO FORMOSO;9101691568;;;;;;;;;;B-1044483;;;324;;;;;;;;;;;NÃO DEFINIDO;;MP-CCOL-POV.CACIMBINHA-RURAL;;;;
1060807;01/03/2025;SENHOR DO BONFIM;;;;;;;;;;;;3;5;;;REPUTACIONAL;;;;;;;;;ANAILTON ;2025-03-26 00:00:00;;;6-15 POSTES;2025-03-15 00:00:00;2025-03-10 00:00:00;;;;;;;CANSANÇÃO;9101864792;;;;;;;;;;B-1060807;;11;11;;;;;;;;;;;NÃO DEFINIDO;ALAN;LD-CIND-POV RDP-RIACHO DAS PEDRAS-CSC;;;;
1137977;01/03/2025;SENHOR DO BONFIM;;;;;;;;;;;;1;1;;;SOLICITAÇÃO ATENDIMENTO;;;;;;;;;ANAILTON ;2025-03-21 00:00:00;;;16-50 POSTES;2025-03-24 00:00:00;2025-03-17 00:00:00;;;;;;;CANSANÇÃO;9102050747;;;;;;;;;;B-1137977;;35;37;;;;;;;;;;;NÃO DEFINIDO;ALAN;ER-CIND-POV-LAGE DA GAMELEIRA-RURAL;;;;
1183187;01/03/2025;SENHOR DO BONFIM;;;;;;;;;;;;1;2;;;PRIORIDADE PLANO ANEEL;;;;;;;;;GESONI ;2025-03-26 00:00:00;;;0-5 POSTES;2025-03-12 00:00:00;2025-03-10 00:00:00;;;;;;;CANSANÇÃO;9102165518;;;;;;;;;;B-1183187;;2;3;;;;;;;;;;;NÃO DEFINIDO;DICSON;ER-CIND-POV-DEIXAI 7-RURAL;;;;
1179724;01/03/2025;SENHOR DO BONFIM;;;;;;;;;;;;0;2;;;JUDICIAL;;;;;;;;;ANAILTON ;2025-03-07 00:00:00;;;0-5 POSTES;2025-03-13 00:00:00;2025-02-13 00:00:00;;;;;;;CANSANÇÃO;9102156278;;;;;;;;;;B-1179724;;1;1;;;;;;;;;;;NÃO DEFINIDO;ALAN;UB-CIND-RUA-ANTONIO JOSE -CENTRO;;;;
1181422;01/03/2025;SENHOR DO BONFIM;;;;;;;;;;;;0;1;;;PRIORIDADE PLANO ANEEL;;;;;;;;;GESONI ;2025-03-21 00:00:00;;;0-5 POSTES;2025-03-14 00:00:00;2025-03-14 00:00:00;;;;;;;CANSANÇÃO;9102157683;;;;;;;;;;B-1181422;;1;1;;;;;;;;;;;NÃO DEFINIDO;DICSON;UB-CIND-RUA-JOSE BELAU -TAPERA;;;;
1100808;01/03/2025;SENHOR DO BONFIM;;;;;;;;;;;;0;1;;;AIC OBJETIVO;;;;;;;;;GESONI ;2025-03-21 00:00:00;;;6-15 POSTES;2025-03-14 00:00:00;2025-03-13 00:00:00;;;;;;;FILADÉLFIA;9101947893;;;;;;;;;;B-1100808;;9;6;;;;;;;;;;;NÃO DEFINIDO;DICSON;ER-CIND-FAZ-MALHADOR-RURAL;;;;
1152231;01/03/2025;SENHOR DO BONFIM;;;;;;;;;;;;1;1;;;PRIORIDADE PLANO ANEEL;;;;;;;;;GESONI ;2025-03-10 00:00:00;;;0-5 POSTES;2025-03-10 00:00:00;2025-03-10 00:00:00;;;;;;;FILADÉLFIA;9102091854;;;;;;;;;;B-1152231;;3;3;;;;;;;;;;;NÃO DEFINIDO;DICSON;UB-CIND-RUA DO POSTO 237-CENTRO-JACARE;;;;
1180582;01/03/2025;SENHOR DO BONFIM;;;;;;;;;;;;1;1;;;PRIORIDADE PLANO ANEEL;;;;;;;;;JOILSON;2025-03-12 00:00:00;;;0-5 POSTES;2025-03-12 00:00:00;2025-03-11 00:00:00;;;;;;;FILADÉLFIA;9102163012;;;;;;;;;;B-1180582;;4;4;;;;;;;;;;;NÃO DEFINIDO;DICSON;ER-CCOL-FAZ-ALAGADICO DE CIMA-RURAL;;;;
0972525;01/03/2025;SENHOR DO BONFIM;;;;;;;;;;;;2;;;;GOVERNO;;;;;;;;;GESONI ;;;;16-50 POSTES;2025-03-31 00:00:00;2025-03-21 00:00:00;;;;;;;ITIÚBA;9101581073;;;;;;;;;;B-0972525;;;34;;;;;;;;;;;NÃO DEFINIDO;;MP-CIND-POV ITAPICURU-ITAPICURU;;;;
1134653;01/03/2025;SENHOR DO BONFIM;;;;;;;;;;;;4;;;;GOVERNO;;;;;;;;;WAGNER;;;;51-100 POSTES;2025-03-31 00:00:00;2025-03-13 00:00:00;;;;;;;ITIÚBA;9102041389;;;;;;;;;;B-1134653;;;53;;;;;;;;;;;NÃO DEFINIDO;;ER-GOVE-FAZ-ALAGOAS-ALAGOAS;;;;
1183295;01/03/2025;SENHOR DO BONFIM;;;;;;;;;;;;1;1;;;PRIORIDADE PLANO ANEEL;;;;;;;;;ISRAEL ;2025-03-13 00:00:00;;;0-5 POSTES;2025-03-08 00:00:00;2025-03-07 00:00:00;;;;;;;ITIÚBA;9102164106;;;;;;;;;;B-1183295;;2;2;;;;;;;;;;;NÃO DEFINIDO;ALAN;ER-CIND-POV-ALAGADICO-TAQUARI;;;;
0592367;01/03/2025;SENHOR DO BONFIM;;;;;;;;;;;;2;2;;;REPUTACIONAL;;;;;;;;;ISRAEL ;2025-03-29 00:00:00;;;16-50 POSTES;2025-03-28 00:00:00;2025-03-24 00:00:00;;;;;;;ITIÚBA;9100436184;;;;;;;;;;B-0592367;;21;21;;;;;;;;;;;NÃO DEFINIDO;ALAN;MP-CCOL-POV.VARZEA DE FORA-RURAL;;;;
0812057;01/03/2025;SENHOR DO BONFIM;;;;;;;;;;;;2;2;;;REPUTACIONAL;;;;;;;;;ISRAEL ;2025-03-21 00:00:00;;;6-15 POSTES;2025-03-22 00:00:00;2025-03-19 00:00:00;;;;;;;ITIÚBA;9101065082;;;;;;;;;;B-0812057;;15;15;;;;;;;;;;;NÃO DEFINIDO;ALAN;MP CIND ASSENTAMENTO CASSATINGA-RURAL;;;;
1176815;01/03/2025;SENHOR DO BONFIM;;;;;;;;;;;;4;;;;REPUTACIONAL;;;;;;;;;ISRAEL ;;;;16-50 POSTES;;;;;;;;;ITIÚBA;9102134160;;;;;;;;;;B-1176815;;;22;;;;;;;;;;;NÃO DEFINIDO;;RR-CIND POV V COMPRIDA VARZEA COMPRIDA;;;;
1184688;01/03/2025;SENHOR DO BONFIM;;;;;;;;;;;;1;1;;;PRIORIDADE PLANO ANEEL;;;;;;;;;GESONI ;2025-03-25 00:00:00;;;0-5 POSTES;2025-03-19 00:00:00;2025-03-19 00:00:00;;;;;;;ITIÚBA;9102161712;;;;;;;;;;B-1184688;;0;0;;;;;;;;;;;NÃO DEFINIDO;DICSON;ER-CIND-POV-VARZEA FORMOSA 51-RURAL;;;;
1184422;01/03/2025;SENHOR DO BONFIM;;;;;;;;;;;;1;;;;PRIORIDADE PLANO ANEEL;;;;;;;;;WAGNER;;;;0-5 POSTES;2025-03-12 00:00:00;2025-03-10 00:00:00;;;;;;;ITIÚBA;9102168025;;;;;;;;;;B-1184422;;;5;;;;;;;;;;;NÃO DEFINIDO;;ER-CIND-POV-BOM DESPACHO-BOM DESPACHO;;;;
1183866;01/03/2025;SENHOR DO BONFIM;;;;;;;;;;;;1;;;;PRIORIDADE PLANO ANEEL;;;;;;;;;ISRAEL ;;;;0-5 POSTES;2025-03-11 00:00:00;2025-03-08 00:00:00;;;;;;;ITIÚBA;9102154740;;;;;;;;;;B-1183866;;;2;;;;;;;;;;;NÃO DEFINIDO;;ER-CIND-POV-PONTA BAIXA 36-RURAL;;;;
1183673;01/03/2025;SENHOR DO BONFIM;;;;;;;;;;;;1;;;;RECLAMAÇÃO;;;;;;;;;ISRAEL ;;;;0-5 POSTES;2025-03-11 00:00:00;2025-03-06 00:00:00;;;;;;;ITIÚBA;9102156891;;;;;;;;;;B-1183673;;;1;;;;;;;;;;;NÃO DEFINIDO;;ER-CIND-RUA-DA IGREJA -ADRO S  GONCALO;;;;
1158239;01/03/2025;SENHOR DO BONFIM;;;;;;;;;;;;4;4;;;PRIORIDADE PLANO ANEEL;;;;;;;;;GESONI ;2025-03-14 00:00:00;;;6-15 POSTES;2025-03-19 00:00:00;2025-03-17 00:00:00;;;;;;;ITIÚBA;9102106139;;;;;;;;;;B-1158239;;7;7;;;;;;;;;;;NÃO DEFINIDO;DICSON;ER-CIND-POV-CARRAPATO-RURAL;;;;
1183391;01/03/2025;SENHOR DO BONFIM;;;;;;;;;;;;2;2;;;PRIORIDADE PLANO ANEEL;;;;;;;;;GESONI ;2025-03-14 00:00:00;;;0-5 POSTES;2025-03-19 00:00:00;2025-03-17 00:00:00;;;;;;;ITIÚBA;9102162613;;;;;;;;;;B-1183391;;2;2;;;;;;;;;;;NÃO DEFINIDO;DICSON;ER-CIND-POV-CARRAPATO-CARRAPATO;;;;
1164780;01/03/2025;SENHOR DO BONFIM;;;;;;;;;;;;11;;;;PRIORIDADE PLANO ANEEL;;;;;;;;;ISRAEL ;;;;6-15 POSTES;2025-03-12 00:00:00;2025-03-07 00:00:00;;;;;;;ITIÚBA;9102132348;;;;;;;;;;B-1164780;;;7;;;;;;;;;;;NÃO DEFINIDO;;UB-CIND-RUA-JOAO AVELINO SILVA-CENTRO;;;;
1182772;01/03/2025;SENHOR DO BONFIM;;;;;;;;;;;;1;1;;;PRIORIDADE PLANO ANEEL;;;;;;;;;GESONI ;2025-03-21 00:00:00;;;0-5 POSTES;2025-03-20 00:00:00;2025-03-20 00:00:00;;;;;;;ITIÚBA;9102153949;;;;;;;;;;B-1182772;;1;1;;;;;;;;;;;NÃO DEFINIDO;DICSON;ER-CIND-POV-CAJARANA-SIITO DO FELIX;;;;
1163339;01/03/2025;SENHOR DO BONFIM;;;;;;;;;;;;6;;;;ESTRATÉGICA;;;;;;;;;REGINALDO;;;;6-15 POSTES;2025-03-25 00:00:00;2025-03-21 00:00:00;;;;;;;JAGUARARI;9102123724;;;;;;;;;;B-1163339;;;6;;;;;;;;;;;NÃO DEFINIDO;;LD CIND POV JOCUNA RURAL;;;;
1142637;01/03/2025;SENHOR DO BONFIM;;;;;;;;;;;;0;1;;;SOLICITAÇÃO ATENDIMENTO;;;;;;;;;REGINALDO;2025-03-19 00:00:00;;;0-5 POSTES;2025-03-19 00:00:00;2025-03-19 00:00:00;;;;;;;JAGUARARI;9102074760;;;;;;;;;;B-1142637;;1;1;;;;;;;;;;;NÃO DEFINIDO;DICSON;ER-CIND-POV-GAMELEIRA-RURAL;;;;
1180432;01/03/2025;SENHOR DO BONFIM;;;;;;;;;;;;1;1;;;PRIORIDADE PLANO ANEEL;;;;;;;;;REGINALDO;2025-03-17 00:00:00;;;0-5 POSTES;2025-03-20 00:00:00;2025-03-20 00:00:00;;;;;;;JAGUARARI;9102158766;;;;;;;;;;B-1180432;;1;1;;;;;;;;;;;NÃO DEFINIDO;DICSON;ER-CIND-ROD-MINA BARRINHA-RURAL;;;;
0477336;01/03/2025;SENHOR DO BONFIM;;;;;;;;;;;;46;;;;REPUTACIONAL;;;;;;;;;OSMAR ;;;;ACIMA 100 POSTES;;;;;;;;;MONTE SANTO;9003901510;;;;;;;;;;B-0477336;;;281;;;;;;;;;;;NÃO DEFINIDO;;MP-CCOL-POV CURRAL FALSO AROEIRA-RURAL;;;;
1152424;01/03/2025;SENHOR DO BONFIM;;;;;;;;;;;;1;;;;ESTRATÉGICA;;;;;;;;;OSMAR ;;;;0-5 POSTES;2025-03-22 00:00:00;2025-03-22 00:00:00;;;;;;;MONTE SANTO;9102103056;;;;;;;;;;B-1152424;;;1;;;;;;;;;;;NÃO DEFINIDO;;LD - CIND POV  PERIPERI - RURAL;;;;
0787131;01/03/2025;SENHOR DO BONFIM;;;;;;;;;;;;2;2;;;REPUTACIONAL;;;;;;;;;OSMAR ;2025-03-29 00:00:00;;;16-50 POSTES;2025-03-27 00:00:00;2025-03-24 00:00:00;;;;;;;MONTE SANTO;9100995051;;;;;;;;;;B-0787131;;16;16;;;;;;;;;;;NÃO DEFINIDO;ALAN;MP-CCOL-POV.SERRA GRANDE-RURAL;;;;
1185105;01/03/2025;SENHOR DO BONFIM;;;;;;;;;;;;1;1;;;PRIORIDADE PLANO ANEEL;;;;;;;;;DIEGO;2025-03-31 00:00:00;;;0-5 POSTES;2025-03-22 00:00:00;2025-03-22 00:00:00;;;;;;;MONTE SANTO;9102156488;;;;;;;;;;B-1185105;;3;3;;;;;;;;;;;NÃO DEFINIDO;DICSON;ER-CIND-POV-PANTANAL-RURAL;;;;
1184458;01/03/2025;SENHOR DO BONFIM;;;;;;;;;;;;1;;;;SOLICITAÇÃO ATENDIMENTO;;;;;;;;;OSMAR ;;;;6-15 POSTES;2025-03-12 00:00:00;2025-03-06 00:00:00;;;;;;;MONTE SANTO;9102156917;;;;;;;;;;B-1184458;;;7;;;;;;;;;;;NÃO DEFINIDO;;ER-CIND-FAZ-LAGOA DA VOLTA-RURAL;;;;
1013407;01/03/2025;SENHOR DO BONFIM;;;;;;;;;;;;0;6;;;REPUTACIONAL;;;;;;;;;OSMAR /GERSONI;2025-03-31 00:00:00;;;16-50 POSTES;2025-03-31 00:00:00;2025-03-28 00:00:00;;;;;;;MONTE SANTO;9101737748;;;;;;;;;;B-1013407;;17;17;;;;;;;;;;;NÃO DEFINIDO;DICSON;RR-CIND-POV-TOCAS-RURAL;;;;
1143227;01/03/2025;SENHOR DO BONFIM;;;;;;;;;;;;1;;;;RECLAMAÇÃO;;;;;;;;;OSMAR ;;;;0-5 POSTES;2025-03-21 00:00:00;2025-03-21 00:00:00;;;;;;;MONTE SANTO;9102065832;;;;;;;;;;B-1143227;;;2;;;;;;;;;;;NÃO DEFINIDO;;ER-CIND-POV-BOM SUCESSO-I E II;;;;
1183537;01/03/2025;SENHOR DO BONFIM;;;;;;;;;;;;1;;;;PRIORIDADE PLANO ANEEL;;;;;;;;;OSMAR ;;;;0-5 POSTES;2025-03-13 00:00:00;2025-03-13 00:00:00;;;;;;;MONTE SANTO;9102167589;;;;;;;;;;B-1183537;;;3;;;;;;;;;;;NÃO DEFINIDO;;ER-CIND-FAZ-POCO DANTAS-RURAL;;;;
1157312;01/03/2025;SENHOR DO BONFIM;;;;;;;;;;;;4;4;;;DIA C;;;;;;;;;JOSE SILVA ;2025-03-31 00:00:00;;;0-5 POSTES;2025-03-19 00:00:00;2025-03-19 00:00:00;;;;;;;MONTE SANTO;9102106606;;;;;;;;;;B-1157312;;5;5;;;;;;;;;;;NÃO DEFINIDO;DICSON;AC-CIND-POV-LAGOA DO SACO-RURAL;;;;
1183032;01/03/2025;SENHOR DO BONFIM;;;;;;;;;;;;1;2;;;PRIORIDADE PLANO ANEEL;;;;;;;;;OSMAR ;2025-03-15 00:00:00;;;0-5 POSTES;2025-03-14 00:00:00;2025-03-14 00:00:00;;;;;;;MONTE SANTO;9102160174;;;;;;;;;;B-1183032;;4;2;;;;;;;;;;;NÃO DEFINIDO;ALAN;ER-CIND-FAZ JUREMA DO ALTO ALEGRE-RURAL;;;;
1180132;01/03/2025;SENHOR DO BONFIM;;;;;;;;;;;;1;1;;;PRIORIDADE PLANO ANEEL;;;;;;;;;OSMAR ;2025-03-17 00:00:00;;;0-5 POSTES;2025-03-11 00:00:00;2025-03-06 00:00:00;;;;;;;MONTE SANTO;9102162534;;;;;;;;;;B-1180132;;4;4;;;;;;;;;;;NÃO DEFINIDO;ALAN;ER-CIND-POV-LAGE-RURAL;;;;
1180261;01/03/2025;SENHOR DO BONFIM;;;;;;;;;;;;1;;;;PRIORIDADE PLANO ANEEL;;;;;;;;;OSMAR ;;;;0-5 POSTES;2025-03-20 00:00:00;2025-03-20 00:00:00;;;;;;;MONTE SANTO;9102151378;;;;;;;;;;B-1180261;;;1;;;;;;;;;;;NÃO DEFINIDO;;ER-CIND-POV-BOQUEIRAO 1103-RURAL;;;;
1182012;01/03/2025;SENHOR DO BONFIM;;;;;;;;;;;;1;2;;;PRIORIDADE PLANO ANEEL;;;;;;;;;OSMAR ;2025-03-15 00:00:00;;;0-5 POSTES;2025-03-11 00:00:00;2025-03-06 00:00:00;;;;;;;MONTE SANTO;9102153366;;;;;;;;;;B-1182012;;4;2;;;;;;;;;;;NÃO DEFINIDO;ALAN;ER-CIND-POV-LAGE-RURAL;;;;
1181327;01/03/2025;SENHOR DO BONFIM;;;;;;;;;;;;0;1;;;PRIORIDADE PLANO ANEEL;;;;;;;;;JOSE SILVA ;2025-03-31 00:00:00;;;0-5 POSTES;2025-03-18 00:00:00;2025-03-18 00:00:00;;;;;;;MONTE SANTO;9102156715;;;;;;;;;;B-1181327;;3;3;;;;;;;;;;;NÃO DEFINIDO;DICSON;AC-CIND-POV-LAGOA DO SACO 62-RURAL CX TE;;;;
1066471;01/03/2025;SENHOR DO BONFIM;;;;;;;;;;;;16;;;;GOVERNO;;;;;;;;;MARCELO;;;;16-50 POSTES;2025-03-28 00:00:00;2025-03-24 00:00:00;;;;;;;NORDESTINA;9101680413;;;;;;;;;;B-1066471;;;29;;;;;;;;;;;NÃO DEFINIDO;;MP-CCOL RUA DO CAMPO RURAL;;;;
1063282;01/03/2025;SENHOR DO BONFIM;;;;;;;;;;;;4;;;;GOVERNO;;;;;;;;;ANAILTON ;;;;16-50 POSTES;2025-03-29 00:00:00;2025-03-25 00:00:00;;;;;;;NORDESTINA;9101774517;;;;;;;;;;B-1063282;;;18;;;;;;;;;;;NÃO DEFINIDO;;MP CIND POV FAZEDINHA RURAL;;;;
1184767;01/03/2025;SENHOR DO BONFIM;;;;;;;;;;;;1;1;;;PRIORIDADE PLANO ANEEL;;;;;;;;;ANAILTON ;2025-03-07 00:00:00;;;0-5 POSTES;2025-03-31 00:00:00;2025-03-31 00:00:00;;;;;;;NORDESTINA;9102156475;;;;;;;;;;B-1184767;;1;1;;;;;;;;;;;NÃO DEFINIDO;ALAN;ER-CIND-FAZ-COSTA 40-RUARAL-NORDESTINA;;;;
1152856;01/03/2025;SENHOR DO BONFIM;;;;;;;;;;;;0;;;;TRANSGRESSÃO;;;;;;;;;MARCELO;;;;0-5 POSTES;2025-03-13 00:00:00;2025-03-12 00:00:00;;;;;;;NORDESTINA;9102091353;;;;;;;;;;B-1152856;;;4;;;;;;;;;;;NÃO DEFINIDO;;AC-CIND-POV-ANGIGAL-RURAL;;;;
1086353;01/03/2025;SENHOR DO BONFIM;;;;;;;;;;;;4;;;;NOVOS QUESTIONAMENTOS ANEEL;;;;;;;;;JOSE SILVA ;;;;6-15 POSTES;2025-03-31 00:00:00;2025-03-26 00:00:00;;;;;;;PINDOBAÇU;9101918653;;;;;;;;;;B-1086353;;;10;;;;;;;;;;;NÃO DEFINIDO;;LD - CIND POV  CARNAÍBA - RURAL;;;;
1184908;01/03/2025;SENHOR DO BONFIM;;;;;;;;;;;;1;2;;;PRIORIDADE PLANO ANEEL;;;;;;;;;JOSE SILVA ;2025-03-14 00:00:00;;;0-5 POSTES;2025-03-19 00:00:00;2025-03-19 00:00:00;;;;;;;PINDOBAÇU;9102161705;;;;;;;;;;B-1184908;;2;2;;;;;;;;;;;NÃO DEFINIDO;DICSON;ER-CIND-POV-DE LAGINHA-RURAL;;;;
1157778;01/03/2025;SENHOR DO BONFIM;;;;;;;;;;;;0;1;;;RECLAMAÇÃO;;;;;;;;;JOSE SILVA ;2025-03-18 00:00:00;;;0-5 POSTES;2025-03-25 00:00:00;2025-03-25 00:00:00;;;;;;;PINDOBAÇU;9102109527;;;;;;;;;;B-1157778;;1;1;;;;;;;;;;;NÃO DEFINIDO;DICSON;ER-CIND-RUA-APOLONIO 316-CENTRO-JATOBA;;;;
1173807;01/03/2025;SENHOR DO BONFIM;;;;;;;;;;;;4;4;;;PRIORIDADE PLANO ANEEL;;;;;;;;;JOSE SILVA ;2025-03-14 00:00:00;;;0-5 POSTES;2025-03-18 00:00:00;2025-03-17 00:00:00;;;;;;;PINDOBAÇU;9102141476;;;;;;;;;;B-1173807;;3;3;;;;;;;;;;;NÃO DEFINIDO;DICSON;UB-RUA-ISMAEL LOPES-CENTRO-PINDOBACU;;;;
1182410;01/03/2025;SENHOR DO BONFIM;;;;;;;;;;;;1;10;;;PRIORIDADE PLANO ANEEL;;;;;;;;;GESONI ;2025-03-18 00:00:00;;;6-15 POSTES;2025-03-08 00:00:00;2025-03-07 00:00:00;;;;;;;PONTO NOVO;9102159284;;;;;;;;;;B-1182410;;6;6;;;;;;;;;;;NÃO DEFINIDO;DICSON;ER-CIND-POV-VARZEA CUMPRIDA-RURAL;;;;
1185080;01/03/2025;SENHOR DO BONFIM;;;;;;;;;;;;1;1;;;PRIORIDADE PLANO ANEEL;;;;;;;;;WAGNER;2025-03-04 00:00:00;;;0-5 POSTES;2025-03-06 00:00:00;2025-03-05 00:00:00;;;;;;;PONTO NOVO;9102167635;;;;;;;;;;B-1185080;;1;1;;;;;;;;;;;NÃO DEFINIDO;DICSON;ER-CIND-FAZ-MANDINGA 50033-RURAL;;;;
1183344;01/03/2025;SENHOR DO BONFIM;;;;;;;;;;;;1;1;;;PRIORIDADE PLANO ANEEL;;;;;;;;;WAGNER;2025-03-04 00:00:00;;;0-5 POSTES;2025-03-06 00:00:00;2025-03-05 00:00:00;;;;;;;PONTO NOVO;9102165536;;;;;;;;;;B-1183344;;1;1;;;;;;;;;;;NÃO DEFINIDO;DICSON;ER-CIND-RUA-NOVA-BARRACAS;;;;
0686033;01/03/2025;SENHOR DO BONFIM;;;;;;;;;;;;8;;;;REPUTACIONAL;;;;;;;;;JEFERSON ;;;;51-100 POSTES;2025-03-25 00:00:00;2025-03-10 00:00:00;;;;;;;QUEIMADAS;9100709091;;;;;;;;;;B-0686033;;;86;;;;;;;;;;;NÃO DEFINIDO;;MP-CCOL-FAZ. VÁRZEA DA NOVILHA COMPL.RUR;;;;
0939786;01/03/2025;SENHOR DO BONFIM;;;;;;;;;;;;1;1;;;JUDICIAL;;;;;;;;;JEFERSON ;2025-03-29 00:00:00;;;6-15 POSTES;2025-03-31 00:00:00;2025-03-26 00:00:00;;;;;;;QUEIMADAS;9101388734;;;;;;;;;;B-0939786;;14;14;;;;;;;;;;;NÃO DEFINIDO;ALAN;RR-CIND-FAZ LARANJEIRAS-RURAL-QMD;;;;
1148095;01/03/2025;SENHOR DO BONFIM;;;;;;;;;;;;1;;;;SOLICITAÇÃO ATENDIMENTO;;;;;;;;;MARCELO;;;;6-15 POSTES;2025-03-31 00:00:00;2025-03-26 00:00:00;;;;;;;QUEIMADAS;9102091063;;;;;;;;;;B-1148095;;;8;;;;;;;;;;;NÃO DEFINIDO;;ER-CIND-FAZ-MORRINHO-PEROLANDIA;;;;
1155396;01/03/2025;SENHOR DO BONFIM;;;;;;;;;;;;1;;;;REPUTACIONAL;;;;;;;;;MARCELO;;;;0-5 POSTES;2025-03-14 00:00:00;2025-03-14 00:00:00;;;;;;;QUEIMADAS;9102105564;;;;;;;;;;B-1155396;;;3;;;;;;;;;;;NÃO DEFINIDO;;UB-CIND-RUA-J M DE ANDRADE-QUEIMADAS;;;;
1181827;01/03/2025;SENHOR DO BONFIM;;;;;;;;;;;;0;;;;PRIORIDADE PLANO ANEEL;;;;;;;;;MARCELO;;;;0-5 POSTES;2025-03-11 00:00:00;2025-03-10 00:00:00;;;;;;;QUEIMADAS;9102158236;;;;;;;;;;B-1181827;;;0;;;;;;;;;;;NÃO DEFINIDO;;AC-CIND-RUA-OSVALDO JOSE -NOVA QUEIMADA;;;;
1090786;01/03/2025;SENHOR DO BONFIM;;;;;;;;;;;;1;1;;;REPUTACIONAL;;;;;;;;;ANAILTON /JEFFERSON;2025-03-31 00:00:00;;;16-50 POSTES;2025-03-22 00:00:00;2025-03-17 00:00:00;;;;;;;QUEIMADAS;9101910191;;;;;;;;;;B-1090786;;31;31;;;;;;;;;;;NÃO DEFINIDO;ALAN;MP  CIND POV . LAGOA DAS CABRAS RURAL;;;;
1148189;01/03/2025;SENHOR DO BONFIM;;;;;;;;;;;;1;1;;;REPUTACIONAL;;;;;;;;;JOILSON;2025-03-12 00:00:00;;;6-15 POSTES;2025-03-18 00:00:00;2025-03-18 00:00:00;;;;;;;SENHOR DO BONFIM;9102094057;;;;;;;;;;B-1148189;;6;6;;;;;;;;;;;NÃO DEFINIDO;DICSON;ER-CIND-POV-QUEIMADA GRANDE-QUEIMADA GRA;;;;
1184232;01/03/2025;SENHOR DO BONFIM;;;;;;;;;;;;1;1;;;PRIORIDADE PLANO ANEEL;;;;;;;;;JOILSON;2025-03-04 00:00:00;;;0-5 POSTES;2025-03-07 00:00:00;2025-03-07 00:00:00;;;;;;;SENHOR DO BONFIM;9102163635;;;;;;;;;;B-1184232;;2;2;;;;;;;;;;;NÃO DEFINIDO;DICSON;ER-CIND-RUA-SOCOTO 244-SOCOTO;;;;
1183941;01/03/2025;SENHOR DO BONFIM;;;;;;;;;;;;1;1;;;PRIORIDADE PLANO ANEEL;;;;;;;;;JOILSON;2025-03-03 00:00:00;;;0-5 POSTES;2025-03-07 00:00:00;;;;;;;;SENHOR DO BONFIM;9102158936;;;;;;;;;;B-1183941;;3;3;;;;;;;;;;;NÃO DEFINIDO;DICSON;ER-CIND-POV-LAGOA DO COXO-RURAL;;;;
1150105;01/03/2025;SENHOR DO BONFIM;;;;;;;;;;;;0;;;;TRANSGRESSÃO;;;;;;;;;REGINALDO;;;;0-5 POSTES;2025-03-19 00:00:00;2025-03-19 00:00:00;;;;;;;SENHOR DO BONFIM;9102082999;;;;;;;;;;B-1150105;;;1;;;;;;;;;;;NÃO DEFINIDO;;RR-CIND-ROD-BR 407-RURAL;;;;
1183439;01/03/2025;SENHOR DO BONFIM;;;;;;;;;;;;1;1;;;PRIORIDADE PLANO ANEEL;;;;;;;;;JOILSON;2025-03-06 00:00:00;;;6-15 POSTES;2025-03-12 00:00:00;2025-03-12 00:00:00;;;;;;;SENHOR DO BONFIM;9102163609;;;;;;;;;;B-1183439;;6;6;;;;;;;;;;;NÃO DEFINIDO;DICSON;ER-CIND-POV-PASSAGEM VELHA-RURAL;;;;
1166716;01/03/2025;SENHOR DO BONFIM;;;;;;;;;;;;2;2;;;GOVERNO;;;;;;;;;REGINALDO;2025-03-11 00:00:00;;;6-15 POSTES;2025-03-14 00:00:00;2025-03-13 00:00:00;;;;;;;SENHOR DO BONFIM;9102132441;;;;;;;;;;B-1166716;;8;8;;;;;;;;;;;NÃO DEFINIDO;DICSON;ER-CIND-POV-TEIU-RURAL;;;;
1182460;01/03/2025;SENHOR DO BONFIM;;;;;;;;;;;;1;1;;;PRIORIDADE PLANO ANEEL;;;;;;;;;JOILSON;2025-03-06 00:00:00;;;0-5 POSTES;2025-03-17 00:00:00;2025-03-17 00:00:00;;;;;;;SENHOR DO BONFIM;9102161097;;;;;;;;;;B-1182460;;4;4;;;;;;;;;;;NÃO DEFINIDO;DICSON;ER-CIND-POV-AGUA BRANCA-RURAL;;;;
1182140;01/03/2025;SENHOR DO BONFIM;;;;;;;;;;;;1;1;;;PRIORIDADE PLANO ANEEL;;;;;;;;;REGINALDO;2025-03-08 00:00:00;;;0-5 POSTES;2025-03-08 00:00:00;2025-03-08 00:00:00;;;;;;;SENHOR DO BONFIM;9102148481;;;;;;;;;;B-1182140;;0;0;;;;;;;;;;;NÃO DEFINIDO;DICSON;AC-CIND-FAZ-BARAUNA 50-RURAL;;;;
1181338;01/03/2025;SENHOR DO BONFIM;;;;;;;;;;;;1;;;;PRIORIDADE PLANO ANEEL;;;;;;;;;REGINALDO;;;;0-5 POSTES;2025-03-11 00:00:00;2025-03-10 00:00:00;;;;;;;SENHOR DO BONFIM;9102148935;;;;;;;;;;B-1181338;;;3;;;;;;;;;;;NÃO DEFINIDO;;UB-CIND-RUA-MARIO SAN 13-S O JORGE;;;;
1075226;01/03/2025;SENHOR DO BONFIM;;;;;;;;;;;;;1;;;REPUTACIONAL;;;;;;;;;ISRAEL /WAGNER;2025-03-31 00:00:00;;;6-15 POSTES;2025-03-18 00:00:00;2025-03-13 00:00:00;;;;;;;ITIÚBA;9101874275;;;;;;;;;;B-1075226;;15;15;;;;;;;;;;;NÃO DEFINIDO;DICSON;MP CIND POV CALDEIRÃOZINHO RURAL;;;;
1160634;01/03/2025;SENHOR DO BONFIM;;;;;;;;;;;;;0;;;;;;;;;;;;JOSE SILVA ;2025-03-31 00:00:00;;;51-100 POSTES;2025-03-31 00:00:00;2025-01-13 00:00:00;;;;;;;CAMPO FORMOSO;;;;;;;;;;;B-1160634;;55;51;;;;;;;;;;;NÃO DEFINIDO;DICSON;POV. LIMOEIRO ;;;;
1107362;01/03/2025;SENHOR DO BONFIM;;;;;;;;;;;;;28;;;REPUTACIONAL;;;;;;;;;REGINALDO;2025-03-07 00:00:00;;;16-50 POSTES;2025-03-08 00:00:00;2025-03-10 00:00:00;;;;;;;SENHOR DO BONFIM;9101959951;;;;;;;;;;B-1107362;;36;35;;;;;;;;;;;NÃO DEFINIDO;DICSON;RR-SEIN-POV-LAGOA DO PEIXE-RURAL;;;;
1042982;01/03/2025;SENHOR DO BONFIM;;;;;;;;;;;;;5;;;REPUTACIONAL;;;;;;;;;ISRAEL / GERSONI;2025-03-10 00:00:00;;;16-50 POSTES;2025-03-10 00:00:00;;;;;;;;ITIÚBA;9101675556;;;;;;;;;;B-1042982;;45;50;;;;;;;;;;;NÃO DEFINIDO;ALAN;MP-CIND-POV-CACIMBAS-RURAL;;;;
1161894;01/03/2025;SENHOR DO BONFIM;;;;;;;;;;;;;1;;;;;;;;;;;;OSMAR ;2025-03-14 00:00:00;;;;;;;;;;;;MONTE SANTO;;;;;;;;;;;B-1161894;;1;;;;;;;;;;;;NÃO DEFINIDO;ALAN;ER-CIND-POV-LAGE DO ANTONIO -LAGE;;;;
1189378;01/03/2025;SENHOR DO BONFIM;;;;;;;;;;;;;1;;;;;;;;;;;;JOILSON;2025-03-18 00:00:00;;;;;;;;;;;;ANTÔNIO GONÇALVES;;;;;;;;;;;B-1189378;;0;;;;;;;;;;;;NÃO DEFINIDO;DICSON;AC-CIND-POV-BREJO DOS COELHOS-RURAL;;;;
1089356;01/03/2025;SENHOR DO BONFIM;;;;;;;;;;;;;3;;;ESTADUAL;;;;;;;;;MARCELO;2025-03-26 00:00:00;;;;;;;;;;;;QUEIMADAS;9101908619;;;;;;;;;;B-1089356;;43;43;;;;;;;;;;;NÃO DEFINIDO;ALAN;MP-CCOL-FAZ.VARZEA DA NOVILHA RURAL;;;;
1191130;01/03/2025;SENHOR DO BONFIM;;;;;;;;;;;;;1;;;;;;;;;;;;ISRAEL;2025-03-31 00:00:00;;;;;;;;;;;;ITIÚBA;;;;;;;;;;;B-1191130;;3;;;;;;;;;;;;NÃO DEFINIDO;DICSON;ER-CIND-POV-ALTO SAO GONCALO-RURAL;;;;
1134465;01/03/2025;SENHOR DO BONFIM;;;;;;;;;;;;;;;;;;;;;;;;;;;;;;;;;;;;;;CANSANÇÃO;9102042813;;;;;;;;;;B-1134465;;;;;;;;;;;;;;NÃO DEFINIDO;;ER-CIND-POV-CAIXAO-RURAL;;;;
1075226;01/03/2025;SENHOR DO BONFIM;;;;;;;;;;;;;;;;;;;;;;;;;;;;;;;;;;;;;;ITIÚBA;9101874275;;;;;;;;;;B-1075226;;;;;;;;;;;;;;NÃO DEFINIDO;;MP CIND POV CALDEIRÃOZINHO RURAL;;;;
1090786;01/03/2025;SENHOR DO BONFIM;;;;;;;;;;;;;;;;;;;;;;;;;;;;;;;;;;;;;;QUEIMADAS;9101910191;;;;;;;;;;B-1090786;;;;;;;;;;;;;;NÃO DEFINIDO;;MP  CIND POV . LAGOA DAS CABRAS RURAL;;;;
1160399;01/03/2025;SENHOR DO BONFIM;;;;;;;;;;;;;;;;;;;;;;;;;;;;;;;;;;;;;;FILADÉLFIA;9102131406;;;;;;;;;;B-1160399;;;;;;;;;;;;;;NÃO DEFINIDO;;UB-CIND-RUA-ANA IZABEL MUNIZ-CENTRO;;;;
1165543;01/03/2025;SENHOR DO BONFIM;;;;;;;;;;;;;;;;;;;;;;;;;;;;;;;;;;;;;;ITIÚBA;9102134827;;;;;;;;;;B-1165543;;;;;;;;;;;;;;NÃO DEFINIDO;;UB-CIND-RUA-SIMOES-N S DA CONCEI  O;;;;
1161715;01/03/2025;SENHOR DO BONFIM;;;;;;;;;;;;;;;;;;;;;;;;;;;;;;;;;;;;;;MONTE SANTO;9102121141;;;;;;;;;;B-1161715;;;;;;;;;;;;;;NÃO DEFINIDO;;ER-CIND-POV-ENGORDA-RURAL;;;;
1157312;01/03/2025;SENHOR DO BONFIM;;;;;;;;;;;;;;;;;;;;;;;;;;;;;;;;;;;;;;MONTE SANTO;9102106606;;;;;;;;;;B-1157312;;;;;;;;;;;;;;NÃO DEFINIDO;;AC-CIND-POV-LAGOA DO SACO-RURAL;;;;
1149258;01/03/2025;SENHOR DO BONFIM;;;;;;;;;;;;;;;;;;;;;;;;;;;;;;;;;;;;;;NORDESTINA;9102084887;;;;;;;;;;B-1149258;;;;;;;;;;;;;;NÃO DEFINIDO;;ER-SEIN-FAZ-LAGOA DOS BOIS-RURAL;;;;
1152255;01/03/2025;SENHOR DO BONFIM;;;;;;;;;;;;;;;;;;;;;;;;;;;;;;;;;;;;;;QUEIMADAS;9102090398;;;;;;;;;;B-1152255;;;;;;;;;;;;;;NÃO DEFINIDO;;ER-CIND-AV-OTAVIO FERREIRA-URBANO;;;;
1044483;01/04/2025;SENHOR DO BONFIM;;;HIAGO;;100%;0%;;;;;27;;;;;;;;;;;;;01/03/2025;ALDAIR + EDVALDO;30/04/2025;;;;;;;-9.9124989;;;-40.6843068;Realizado;CAMPO FORMOSO;;;FALSE;;;;;*;;PLANO 14;;TRUE;0;323;05/04/2025;;01/03/2025;;;D010745;;LV + ENERG;;TRUE;Energizada;JOÃO;MP-CCOL-POV.CACIMBINHA-RURAL;R$ 880.588,66;R$ 3.522.354,62;;FALSE
1127905;01/04/2025;SENHOR DO BONFIM;;;DIORLAN;;50%;0%;;;;;4;;;;;;;;;;;;;08/04/2025;JOSE SILVA;;;;;;;;-10.2215332;;;-39.9953837;Pendente;ANDORINHAS;;;FALSE;;;;;45474/45475;;PLANO 14;;TRUE;0;38;26/05/2025;;03/04/2025;;;D565526;Sim;LV + ENERG;;TRUE;Em execução;JOÃO;RR-CCOL-POV-BARAUNA-RURAL;R$ 64.961,07;R$ 259.844,28;;FALSE
1160399;01/04/2025;SENHOR DO BONFIM;;;LUDIMILA;;100%;0%;;;;;1;;;;;;;;;;;;;07/04/2025;BADU;09/04/2025;;;;;;;-10.7406578;;;-40.1320495;Realizado;FILADÉLFIA;;;TRUE;;;;32528 09/04;;;PLANO 7;;TRUE;0;4;09/04/2025;;07/04/2025;;;Q053010;;DESLG. 09/04 + LV;;TRUE;Energizada;JOÃO;UB-CIND-RUA-ANA IZABEL MUNIZ-CENTRO;R$ 28.623,07;R$ 114.492,27;;FALSE
1152424;01/04/2025;SENHOR DO BONFIM;;;ADISON;;100%;0%;;;;;1;;;;;;;;;;;;;;GESONI;04/04/2025;;;;;;;-10,5117465;;;-39,5420435;Realizado;MONTE SANTO;;;TRUE;;;;;;;PLANO 7;;TRUE;1;1;31/03/2025;;01/03/2025;;;A189384;;LV + ENERGIZAÇÃO;;TRUE;Energizada;DICSON;LD - CIND POV PERIPERI - RURAL;R$ 8.451,18;R$ 33.804,70;;FALSE
1078156;01/04/2025;SENHOR DO BONFIM;;;DIORLAN;;100%;0%;;;;;1;;;;;;;;;;;;;10/04/2025;BADU;30/04/2025;;;;;;;-10.0647744;;;-40.1924558;Pendente;JAGUARARI;;;FALSE;;;;;2025-39888/2025-39889;;PLANO 14;;TRUE;0;13;11/04/2025;;02/04/2025;;;D179260;Sim;LV + ENERG;;TRUE;Energizada;JOÃO;LD CIND POV ALAGADIÇO RURAL JQR;R$ 24.257,32;R$ 97.029,27;;FALSE
1179348;01/04/2025;SENHOR DO BONFIM;;;DIORLAN;;100%;0%;;;;;1;;;;;;;;;;;;;01/04/2025;BADU;04/04/2025;;;;;;;-9.8123444;;;-40.003984;Realizado;JAGUARARI;;;FALSE;;;;;;;PLANO 7;;TRUE;0;6;12/04/2025;;01/04/2025;;;Q067034;;LV + ENERG;;TRUE;Energizada;JOÃO;ER-CCOL-ET-ADUTORA MINA CARAIBA-RURAL;R$ 10.213,03;R$ 40.852,13;;FALSE
1123289;01/04/2025;SENHOR DO BONFIM;;;GUTEMBERG;;100%;0%;;;;;1;;;;;;;;;;;;;07/04/2025;ANAILTON;30/04/2025;;;;;;;-10.6269935;;;-39.5479689;Realizado;CANSANÇÃO;;;FALSE;;;;;45398/45399;;PLANO 7;;TRUE;0;13;08/04/2025;;01/04/2025;;;D189057;;LV + ENERG;;TRUE;Energizada;DICSON;ER-CIND-POV-PARELHA-RURAL;R$ 32.507,33;R$ 130.029,31;;FALSE
1093080;01/04/2025;SENHOR DO BONFIM;;;ANDERSON;;100%;0%;;;;;5;;;;;;;;;;;;;02/04/2025;BADU;30/04/2025;;;;;;;-10,7519593;;;-40,3589326;Realizado;PINDODAÇU;;;FALSE;;;;;;;PLANO 14;;TRUE;0;6;18/04/2025;;07/04/2025;;;D595807;;LV + ENERGIZAÇAO;;TRUE;Energizada;JOÃO;ER-CCOL-FAZ-VARZEA NOVA-RURAL;R$ 12.927,37;R$ 51.709,46;;FALSE
1143227;01/04/2025;SENHOR DO BONFIM;;;ADISON;;100%;0%;;;;;1;;;;;;;;;;;;;;GESONI;03/04/2025;;;;;;;-10,3721488;;;-39,1971232;Realizado;MONTE SANTO;;;TRUE;;;;;;;PLANO 14;;TRUE;2;2;31/03/2025;;01/03/2025;;;D196167;;LV + ENERGIZAÇÃO;;TRUE;Energizada;DICSON;ER-CIND-POV-BOM SUCESSO-I E II;R$ 5.704,94;R$ 22.819,74;;FALSE
1134653;01/04/2025;SENHOR DO BONFIM;;;LUDIMILA;;100%;0%;;;;;4;;;;;;;;;;;;;07/04/2025;ISRAEL;;;;;;;;-10.5937937;;;-39.7930004;Pendente;ITIÚBA;;;FALSE;;;;;45476/45479;;PLANO 14;;TRUE;0;53;26/04/2025;;02/04/2025;;;D200297;;LV + ENERG;;TRUE;Em execução;JOÃO;ER-GOVE-FAZ-ALAGOAS-ALAGOAS;R$ 112.446,13;R$ 449.784,53;;FALSE
1159887;01/04/2025;SENHOR DO BONFIM;;;FERNANDA;;100%;0%;;;;;0;;;;;;;;;;;;;01/04/2025;BADU;30/04/2025;;;;;;;-10.4578204;;;-40.1812621;;SENHOR DO BONFIM;;;TRUE;;;;39581 23/04;;;PLANO 8;;TRUE;0;0;03/04/2025;;03/04/2025;;;Q042701;;DESLIG. TROCA DE TF + BARRAMENTO 03/04;;TRUE;Energizada;JOÃO;ME-COEL-RUA-CANDIDO FONSECA-MERCADO;R$ 8.861,52;R$ 35.446,09;;FALSE
1148579;01/04/2025;SENHOR DO BONFIM;;;FERNANDA;;100%;0%;;;;;1;;;;;;;;;;;;;?;BADU;30/04/2025;;;;;;;-10.359970;;;-40.171431;Realizado;SENHOR DO BONFIM;;;FALSE;;;;;45461;;PLANO 7;;TRUE;0;1;;;;;;Q044272;;LV + DESLG (Não Precisa de LV);;FALSE;Energizada;JOÃO;ER-CIND-RUA-CATUNY-CENTRO-ESTIVA;R$ 4.552,16;R$ 18.208,65;;FALSE
1007792;01/04/2025;SENHOR DO BONFIM;;;HIAGO;;100%;0%;;;;;1;;;;;;;;;;;;;10/04/2025;EDVALDO;30/04/2025;;;;;;;-9.9648812;;;-40.5897338;;CAMPO FORMOSO;;;TRUE;;;;33864 08/04;;;PLANO 7;;TRUE;0;3;08/04/2025;;07/04/2025;;;D301550;Sim;DESLIG. 08/04;;TRUE;Energizada;JOÃO;ER-CCOL-POV-QUIXABEIRA -RURAL;R$ 5.911,84;R$ 23.647,36;;FALSE
1063282;01/04/2025;SENHOR DO BONFIM;;;GUTEMBERG;;100%;0%;;;;;4;;;;;;;;;;;;;14/04/2025;MARCELO;30/04/2025;;;;;;;-10,8232852;;;-39,4457387;Pendente;NORDESTINA;;;FALSE;;;;;45386/45387/45388;;PLANO 14;;TRUE;0;16;30/04/2025;;01/03/2025;;;Q102337;Solicitado;LV + ENERGIZAÇÃO;;FALSE;Energizada;DICSON;MP CIND POV FAZEDINHA RURAL;R$ 36.452,41;R$ 145.809,63;;FALSE
0724629;01/04/2025;SENHOR DO BONFIM;;;LUDIMILA;;50%;0%;;;;;10;;;;;;;;;;;;;03/04/2025;WAGNER;;;;;;;;-10.621766;;;-39.7793679;Pendente;ITIÚBA;;;FALSE;;;;;45417/45420/45421/45424/45425;;PLANO 14;;TRUE;0;33;30/05/2025;;14/04/2025;;;Q093587;;LV + ENERG + TRANS DE REDE;;TRUE;Em execução;JOÃO;MP-CCOL-PO ALAGADICO 222-RURAL;R$ 57.712,27;R$ 230.849,09;;FALSE
1190908;01/04/2025;SENHOR DO BONFIM;;;LUDIMILA;;100%;0%;;;;;1;;;;;;;;;;;;;;ISRAEL;30/04/2025;;;;;;;-10.8629581;;;-40.0134818;;ITIÚBA;;;FALSE;;;;40491 22/04;;;PLANO 7;;TRUE;0;0;08/04/2025;;08/04/2025;;;Q053883;;DESLIG. SUBS DE TRAFO 08-04;;FALSE;Energizada;JOÃO;ER-CIND-RUA-CAPITAO ARISTIDES-COVAS;R$ 7.000,59;R$ 28.002,34;;FALSE
1152856;01/04/2025;SENHOR DO BONFIM;;;GUTEMBERG;;0%;62%;;;;;0;;;;;;;;;;;;;?;MARCELO;;;;;;;;-10,9446747;;;-39,4145806;Pendente;NORDESTINA;;;TRUE;;;;;45383/45385;;PLANO 7;;TRUE;0;4;;;01/03/2025;;;Q106463;;LV (REGULADOR DE TENSAO);;FALSE;Paralisada;DICSON;AC-CIND-POV-ANGIGAL-RURAL;R$ 349.160,41;R$ 1.396.641,65;;FALSE
1181827;01/04/2025;SENHOR DO BONFIM;;;GUTEMBERG;;100%;0%;;;;;0;;;;;;;;;;;;;14/04/2025;MARCELO;30/04/2025;;;;;;;-10.979952;;;-39.620984;;QUEIMADAS;;;FALSE;;;;44277 30/04;;;PLANO 7;;TRUE;0;1;30/04/2025;;01/03/2025;;;Q097059;Solicitado;DESLIG. DO TF 1170 CHI;;FALSE;Energizada;DICSON;AC-CIND-RUA-OSVALDO JOSE -NOVA QUEIMADA;R$ 2.208,90;R$ 8.835,60;;FALSE
1174977;01/04/2025;SENHOR DO BONFIM;;;DIORLAN;;0%;0%;;;;;1;;;;;;;;;;;;;01/04/2025;BADU;;;;;;;;-10.2551031;;;-40.2011621;;JAGUARARI;;;TRUE;;;;;37356;;PLANO 7;;TRUE;0;1;04/05/2025;;04/04/2025;;;D366171;;ENCAB BT;;TRUE;Paralisada;JOÃO;ER-CIND-POV-JAGUARARI 119-RURAL;R$ 2.529,89;R$ 10.119,55;;FALSE
0477336;01/04/2025;SENHOR DO BONFIM;;;ADISON;;60%;100%;;;;;46;;;;;;;;;;;;;31/03/2025;ANAILTON + BOB;;;;;;;;-10.5538389;;;-39.2735588;Pendente;MONTE SANTO;;;FALSE;;;;;*;;PLANO 14;;TRUE;403;281;31/05/2025;;08/04/2025;;;D149983;;DESLIG. DO TF;;TRUE;Em execução;DICSON;MP-CCOL-POV CURRAL FALSO AROEIRA-RURAL;R$ 269.306,94;R$ 1.077.227,77;;FALSE
1161715;01/04/2025;SENHOR DO BONFIM;;;ADISON;;100%;0%;;;;;1;;;;;;;;;;;;;31/03/2025;BOB;10/04/2025;;;;;;;-10.5590253;;;-39.3004369;;MONTE SANTO;;;TRUE;;;;;;;PLANO 7;;TRUE;0;2;04/04/2025;;03/04/2025;;;Q108492;;ENCAB BT;;TRUE;Energizada;DICSON;ER-CIND-POV-ENGORDA-RURAL;R$ 4.914,08;R$ 19.656,30;;FALSE
0913817;01/04/2025;SENHOR DO BONFIM;;;ADISON;;100%;0%;;;;;1;;;;;;;;;;;;;07/04/2025;BOB;30/04/2025;;;;;;;-10.4936259;;;-39.2883191;Realizado;MONTE SANTO;;;FALSE;;;;;45400/45401/45402;;PLANO 14;;TRUE;0;13;12/04/2025;;08/04/2025;;;D140143;;LV + ENERG;;TRUE;Energizada;DICSON;RR-CIND-FAZ PEDRA-LAGE-MTS;R$ 15.087,78;R$ 60.351,13;;FALSE
1140220;01/04/2025;SENHOR DO BONFIM;;;ADISON;;100%;0%;;;;;1;;;;;;;;;;;;;31/03/2025;BOB;30/04/2025;;;;;;;-10.1476019;;;-39.5859927;Realizado;MONTE SANTO;;;TRUE;;;;;;;PLANO 7;;TRUE;0;3;02/04/2025;;01/04/2025;;;D107855;;LV + ENERG + TROCA DE POSTE;;TRUE;Energizada;DICSON;ER-CIND-POV-FLORES-FLORES;R$ 9.036,32;R$ 36.145,28;;FALSE
1155396;01/04/2025;SENHOR DO BONFIM;;;GUTEMBERG;;100%;0%;;;;;1;;;;;;;;;;;;;22/04/2025;MARCELO;30/04/2025;;;;;;;-10,9789083;;;-39,6257017;Pendente;QUEIMADAS;;;FALSE;;;;44701 29/04;;;PLANO 7;;TRUE;0;3;;;01/03/2025;;;Q107439;; DESLIG. DO TF;;FALSE;Energizada;DICSON;UB-CIND-RUA-J M DE ANDRADE-QUEIMADAS;R$ 14.709,24;R$ 58.836,94;;FALSE
1148095;01/04/2025;SENHOR DO BONFIM;;;GUTEMBERG;;100%;0%;;;;;1;;;;;;;;;;;;;;MARCELO;09/04/2025;;;;;;;"11°02'11.3""S";;;"39°34'14.3""W";Realizado;QUEIMADAS;;;FALSE;;;;;;;PLANO 7;;TRUE;8;8;10/04/2025;;01/03/2025;;;E194818;;LV + ENERGIZAÇÃO;;TRUE;Energizada;DICSON;ER-CIND-FAZ-MORRINHO-PEROLANDIA;R$ 15.696,67;R$ 62.786,69;;FALSE
1152255;01/04/2025;SENHOR DO BONFIM;;;GUTEMBERG;;100%;0%;;;;;1;;;;;;;;;;;;;14/04/2025;JEFFERSON;30/04/2025;;;;;;;-11.2441517;;;-39.7471178;;QUEIMADAS;;;TRUE;;;;;;;PLANO 7;;TRUE;0;1;14/04/2025;;14/04/2025;;;R008346;Solicitado;ENCAB BT;;FALSE;Energizada;DICSON;ER-CIND-AV-OTAVIO FERREIRA-URBANO;R$ 1.871,04;R$ 7.484,15;;FALSE
1144826;01/04/2025;SENHOR DO BONFIM;;;GUTEMBERG;;50%;0%;;;;;17;;;;;;;;;;;;;08/04/2025;JEFFERSON;;;;;;;;-10.9660146;;;-39.6376195;Pendente;QUEIMADAS;;;FALSE;;;;;*;;PLANO 7;;TRUE;0;73;30/05/2025;;01/04/2025;;;D549379;;LV + ENERG;;TRUE;Em execução;DICSON;ER-CCOL-FAZ-SANTO ANTONIO-RURAL;R$ 162.409,85;R$ 649.639,39;;FALSE
1121146;01/04/2025;SENHOR DO BONFIM;;;LUDIMILA;;100%;0%;;;;;0;;;;;;;;;;;;;02/04/2025;ISRAEL;30/04/2025;;;;;;;-10.4700646;;;-39.8056646;Realizado;ITIÚBA;;;FALSE;;;;36361 04/04 * 36334 15/04;;;PLANO 7;;TRUE;0;11;11/04/2025;;07/04/2025;;;D143372;;DESLIG 04/04 e 15/04;;TRUE;Energizada;JOÃO;ER-CIND-POV-LAGOA DO TANQUE-CENTRO;R$ 39.812,73;R$ 159.250,90;;FALSE
0734029;01/04/2025;SENHOR DO BONFIM;;;ANDERSON;;25%;0%;;;;;26;;;;;;;;;;;;;05/04/2025;GESONI + EDVALDO + ALDAIR;;;;;;;;-10.8045399;;;-40.2369411;Pendente;PINDODAÇU;;;FALSE;;;;;*;;PLANO 14;;TRUE;0;127;30/05/2025;;02/04/2025;;;Q057977;;LV + ENERG;;TRUE;Em execução;JOÃO;MP-CCOL-POV VARZEA COMPRIDA 141-B-RURAL;R$ 107.469,57;R$ 429.878,28;;FALSE
1196260;01/04/2025;SENHOR DO BONFIM;;;FERNANDA;;100%;0%;;;;;1;;;;;;;;;;;;;09/04/2025;JOILSON;10/04/2025;;;;;;;;;;;;SENHOR DO BONFIM;;;FALSE;;;;;;;PLANO 7;;TRUE;0;2;;;;;;;Sim;ENCAB BT;;TRUE;Energizada;JOÃO;ER-CIND-POV-PASSAGEM VELHA-RURAL;R$ 2.908,14;R$ 11.632,56;;FALSE
0686033;01/04/2025;SENHOR DO BONFIM;;;GUTEMBERG;;100%;0%;;;;;8;;;;;;;;;;;;;01/03/2025;JEFFERSON;30/04/2025;;;;;;;-11.1865266;;;-39.7331208;Realizado;QUEIMADAS;;;FALSE;;;;;;;PLANO 14;;TRUE;48;48;12/04/2025;;01/04/2025;;;D612539;;LV + ENERG;;TRUE;Energizada;DICSON;MP-CCOL-FAZ. VÁRZEA DA NOVILHA COMPL.RUR;R$ 79.563,40;R$ 318.253,58;;FALSE
1134925;01/04/2025;SENHOR DO BONFIM;;;DIORLAN;;100%;0%;;;;;1;;;;;;;;;;;;;17/04/2025;BADU;;;;;;;;-10,3470511;;;-39,8279943;Pendente;ANDORINHAS;;;TRUE;KLC NO DIA/VER POSSIBILIDADE DE TROCAR O CABO;;;43138 29/04 ERRADO;45378;;PLANO 7;;TRUE;0;1;31/05/2025;;01/03/2025;;;Q095143;;DESLIG. 29/04 + LV;;FALSE;Paralisada;JOÃO;UB-CIND-RUA-DO CURRAL-CENTRO-ANDORINHA;R$ 1.897,21;R$ 7.588,84;;FALSE
1181338;01/04/2025;SENHOR DO BONFIM;;;FERNANDA;;100%;0%;;;;;1;;;;;;;;;;;;;Falta cabo 3x35;BADU;30/04/2025;;;;;;;-10,4476706;;;-40,187303;;SENHOR DO BONFIM;;;FALSE;;;;37223 16/04;;;PLANO 7;;TRUE;0;3;16/04/2025;;01/03/2025;;;Q040484;;DESL 1127 CHI;;TRUE;Energizada;JOÃO;UB-CIND-RUA-MARIO SAN 13-S O JORGE;R$ 5.462,54;R$ 21.850,15;;FALSE
1184422;01/04/2025;SENHOR DO BONFIM;;;LUDIMILA;;100%;0%;;;;;1;;;;;;;;;;;;;;ISRAEL;30/04/2025;;;;;;;-10,4376606;;;-39,7860714;Pendente;ITIÚBA;;;FALSE;;;;;45379;;PLANO 14;;TRUE;0;5;24/04/2025;;01/03/2025;;;D316655;;ENCAB BT;;TRUE;Energizada;JOÃO;ER-CIND-POV-BOM DESPACHO-BOM DESPACHO;R$ 5.294,59;R$ 21.178,35;;FALSE
1163339;01/04/2025;SENHOR DO BONFIM;;;DIORLAN;;100%;0%;;;;;6;;;;;;;;;;;;;?;BADU;;;;;;;;-10,2312683;;;-40,0983643;Pendente;JAGUARARI;;;FALSE;;;;45488 06/04;45482/45484;;PLANO 14;;FALSE;0;6;29/04/2025;;01/03/2025;;;Q047343;;LV + ENERGIZAÇÃO;;FALSE;Paralisada;JOÃO;LD CIND POV JOCUNA RURAL;R$ 21.364,28;R$ 85.457,10;;FALSE
1164780;01/04/2025;SENHOR DO BONFIM;;;LUDIMILA;;100%;0%;;;;;11;;;;;;;;;;;;;22/04/2025 3x35;ISRAEL;30/04/2025;;;;;;;-10.684507;;;-39.855760;;ITIÚBA;;;FALSE;;;;;2025-45381;;PLANO 7;;TRUE;0;6;;;01/03/2025;;;D700912;;ENCAB BT PRIORIDADE;;FALSE;Energizada;JOÃO;UB-CIND-RUA-JOAO AVELINO SILVA-CENTRO;R$ 18.138,82;R$ 72.555,29;;FALSE
1144977;01/04/2025;SENHOR DO BONFIM;;;GUTEMBERG;;100%;0%;;;;;10;;;;;;;;;;;;;14/04/2025;MARCELO;30/04/2025;;;;;;;-10.8862801;;;-39.6121762;Realizado;QUEIMADAS;;;FALSE;;;;;45395/45396;;PLANO 7;;TRUE;0;6;30/04/2025;;15/04/2025;;;D714472;Solicitado;LV + ENERG;;FALSE;Energizada;DICSON;RR-CCOL-FAZ-JACURICI DA PONTE-RURAL;R$ 55.408,10;R$ 221.632,41;;FALSE
1108136;01/04/2025;SENHOR DO BONFIM;;;FERNANDA;;50%;0%;;;;;9;;;;;;;;;;;;;14/04/2025;BADU;;;;;;;;-10.4980276;;;-40.1168434;Pendente;SENHOR DO BONFIM;;;FALSE;;;;;45406/45407/45408;;PLANO 14;;TRUE;0;30;26/05/2025;;14/04/2025;;;B911851;Solicitado;LV + ENERG;;FALSE;Em execução;JOÃO;ER-CIND-POV-CARIACA DE CIMA-RURAL-CARIAC;R$ 61.780,92;R$ 247.123,69;;
1107748;01/04/2025;SENHOR DO BONFIM;;;FERNANDA;;100%;0%;;;;;3;;;;;;;;;;;;;29/03/2025;JOILSON;01/04/2025;;;;;;;-10.5024623;;;-40.0939618;Realizado;SENHOR DO BONFIM;;;FALSE;;;;;;;PLANO 14;;TRUE;0;10;17/04/2025;;14/04/2025;;;E291645;;LV + ENERG;;TRUE;Energizada;JOÃO;ER-SEIN-FAZ-NOVA ESPERANCA-RURAL-QUICE;R$ 12.227,87;R$ 48.911,46;;FALSE
1125144;01/04/2025;SENHOR DO BONFIM;;;FERNANDA;;100%;0%;;;;;4;;;;;;;;;;;;;07/04/2025;JOILSON;10/04/2025;;;;;;;-10.511949;;;-40.1625112;Realizado;SENHOR DO BONFIM;;;FALSE;;;;;39892/39893;;PLANO 14;;TRUE;0;11;11/04/2025;;07/04/2025;;;E524672;;LV + ENERG;;TRUE;Energizada;JOÃO;ER-CCOL-POV-PASSAGEM VELHA-RURAL;R$ 11.288,04;R$ 45.152,17;;FALSE
1121552;01/04/2025;SENHOR DO BONFIM;;;FERNANDA;;100%;0%;;;;;4;;;;;;;;;;;;;?;JOILSON;30/04/2025;;;;;;;-10.4181559;;;-40.1751407;Realizado;SENHOR DO BONFIM;;;FALSE;;;;;44378/45403/45404/45405;;PLANO 14;;TRUE;0;13;26/04/2025;;22/04/2025;;;B651292;;LV + ENERG;;FALSE;Energizada;JOÃO;RR-CIND-POV- SOCOTO-RURAL;R$ 26.309,71;R$ 105.238,82;;FALSE
1114885;01/04/2025;SENHOR DO BONFIM;;;FERNANDA;;100%;0%;;;;;4;;;;;;;;;;;;;10/04/2025;JOILSON;30/04/2025;;;;;;;-10.5041803;;;-40.1212758;Realizado;SENHOR DO BONFIM;;;FALSE;;;;;;;PLANO 14;;TRUE;0;15;30/04/2025;;28/04/2025;;;E163137;Sim;LV + ENERG;;TRUE;Energizada;JOÃO;ER-CCOL-FAZ-LAGADISCO-RURAL;R$ 21.123,11;R$ 84.492,43;;FALSE
1145662;01/04/2025;SENHOR DO BONFIM;;;DIORLAN;;100%;0%;;;;;1;;;;;;;;;;;;;08/04/2025;JOSE SILVA;30/04/2025;;;;;;;-10.2749725;;;-39.8940714;Pendente;ANDORINHAS;;;TRUE;;;;;43727/43728;;PLANO 7;;TRUE;0;3;09/04/2025;;07/04/2025;;;D273943;Sim;LV + ENCAB BT;;TRUE;Energizada;JOÃO;ER-CIND-POV-QUEIMADA DE CIMA-RURAL;R$ 5.492,68;R$ 21.970,73;;FALSE
1086353;01/04/2025;SENHOR DO BONFIM;;;ANDERSON;;100%;0%;;;;;4;;;;;;;;;;;;;17/04/2025;JOSE SILVA;30/04/2025;;;;;;;-10,7455918;;;-40,4809533;Realizado;PINDOBAÇU;;;FALSE;;;;39087 22/04 ;45097/33472;;PLANO 7;;TRUE;0;10;22/04/2025;;01/03/2025;;;Q064550;;DESLIG MT + LV + ENERGIZAÇÃO  1187 CHI;;FALSE;Energizada;JOÃO;LD - CIND POV CARNAÍBA - RURAL;R$ 27.571,16;R$ 110.284,62;;FALSE
1185144;01/04/2025;SENHOR DO BONFIM;;;DIORLAN;;100%;0%;;;;;1;;;;;;;;;;;;;;REGINALDO;30/04/2025;;;;;;;-10,3462394;;;-39,9276229;;ANDORINHAS;;;FALSE;;;;;45380;;PLANO 14;;TRUE;0;4;25/04/2025;;01/03/2025;;;D316863;;ENCAB BT;;TRUE;Energizada;JOÃO;ER-CIND-POV-TANQUE DAS VARAS-831;R$ 4.338,47;R$ 17.353,86;;FALSE
1176815;01/04/2025;SENHOR DO BONFIM;;;LUDIMILA;;100%;0%;;;;;4;;;;;;;;;;;;;03/04/2025;WAGNER;30/04/2025;;;;;;;-10.9150038;;;-39.8384606;Realizado;ITIÚBA;;;FALSE;;;;;;;PLANO 7;;TRUE;22;22;12/04/2025;;03/04/2025;;;Q055569;;LV + ENERG;;TRUE;Energizada;JOÃO;RR-CIND POV V COMPRIDA VARZEA COMPRIDA;R$ 40.059,95;R$ 160.239,79;;FALSE
1139854;01/05/2025;SENHOR DO BONFIM;;;;;100%;;;;;;1;;;;;;;;;;;;;12/05/2025;ISRAEL;31/05/2025;;;;;;;-10,3759353;;;-40,0183995;Realizado;ANDORINHAS;;;;LV INTERCALAR POSTE C/ TRF;;;;59866 59867;;PLANO 14;;TRUE;2;2;21/05/2025;;21/05/2025;;;D042366;;LV + ENERGZ;;FALSE;Energizada;JOÃO;ER-CIND-POV-TANQUINHO-RURAL;;R$ 23.775,79;;
1127905;01/05/2025;SENHOR DO BONFIM;;;;;100%;;;;;;4;;;;;;;;;;;;;;JOSE SILVA;31/05/2025;;;;;;;-10,2215332;;;-39,9953837;;ANDORINHAS;;;;LV N3-N4  SEM CHAVE;;;;;;PLANO 14;;FALSE;0;38;17/05/2025;;21/04/2025;;;D565526;;LV + ENERGZ;;TRUE;Energizada;JOÃO;RR-CCOL-POV-BARAUNA-RURAL;;R$ 259.844,28;;
1170277;01/05/2025;SENHOR DO BONFIM;;;;;100%;;;;;;0;;;;;;;;;;;;;?;JOILSON;;;;;;;;-10,2054067;;;-40,5745999;Pendente;CAMPO FORMOSO;;;;LV INTERCALAR POSTE C/ REL;;;;;;PLANO 8;;;;1;27/05/2025;;26/05/2025;;;Q022985;;LV + ENERGZ;;;Em execução;JOÃO;IE-RELIGADOR-JNC-09X1-Q022984;;R$ 134.004,23;;
1170290;01/05/2025;SENHOR DO BONFIM;;;;;100%;;;;;;0;;;;;;;;;;;;;?;WAGNER;31/05/2025;;;;;;;-10,1359804;;;-40,8358857;Pendente;CAMPO FORMOSO;;;;LV INTERCALAR POSTE C/ REL;;;;;;PLANO 8;;;0;1;29/05/2025;;28/05/2025;;;Q024663;;LV + ENERGZ;;;Energizada;JOÃO;IE-RELIGADOR-JNC-09X1-J05447;;R$ 134.577,25;;
1011966;01/05/2025;SENHOR DO BONFIM;;;;;100%;;;;;;4;;;;;;;;;;;;;20/05/2025;GESONI;;;;;;;;-10,4574857;;;-40,2785532;Pendente;CAMPO FORMOSO;;;FALSE;LV TROCAR POSTE N1-3 SEM CHAVE;;;;59888 59889;;PLANO 14;;TRUE;0;16;23/05/2025;;12/05/2025;;;D134562;;LV + ENERGZ;;;Em execução;JOÃO;RR-CIND-FAZ-BANANEIRA-VANVANA;;R$ 59.682,97;25.449,98;
1134465;01/05/2025;SENHOR DO BONFIM;;;;;100%;;;;;;1;;;;;;;;;;;;;12/05/2025;MARCELO;31/05/2025;;;;;;;-10,688478;;;-39,4557857;Pendente;CANSANÇÃO;;;FALSE;LV INTERCALAR 2 POSTES;;; 30/05 TEM PEX;59891;;PLANO 14;;TRUE;18;18;20/05/2025;;01/05/2025;;;D250226;;DESLG + LV + ENERGZ;;TRUE;Energizada;DICSON;ER-CIND-POV-CAIXAO-RURAL;;R$ 189.655,06;;FALSE
1197043;01/05/2025;SENHOR DO BONFIM;;;;;100%;;;;;;0;;;;;;;;;;;;;;WAGNER;31/05/2025;;;;;;;-10,8991024;;;-39,8778471;;ITIÚBA;;;;LV INTERCALAR 1 POSTE N1-3;;;;Já executada;;PLANO 8;;TRUE;0;2;07/05/2025;;05/05/2025;;;Q055340;;REGULARIZAÇÃO;;TRUE;Energizada;JOÃO;RC-COEL-RUA-MARINHO MOREIRA-AT S GONCALO;;R$ 16.107,96;;
1169759;01/05/2025;SENHOR DO BONFIM;;;;;100%;;;;;;0;;;;;;;;;;;;;;WAGNER;31/05/2025;;;;;;;-10,6909839;;;-39,8533201;;ITIÚBA;;;TRUE;VER SE PODE SER FEITO DURANTE A SEMANA / LV TROCAR 2 POSTES B4-3 E B1 VAI TROCAR A MT? CHI MUITO ALTO  992;;;;Sem opção de manobra;;PLANO 8;;;0;5;16/05/2025;;08/05/2025;;;Q068179;;DESLG + LV + ENERGZ;;TRUE;Energizada;JOÃO;ME-COEL-RUA ROGERIO BENTO PITANGA-CENTRO;;R$ 116.489,96;;
0724629;01/05/2025;SENHOR DO BONFIM;;;;;100%;;;;;;10;;;;;;;;;;;;;;WAGNER;31/05/2025;;;;;;;-10,6216745;;;-39,7803461;;ITIÚBA;;;;LV N3/N4 SEM CHAVE;;;;Feita;;PLANO 14;;TRUE;30;28;30/05/2025;;19/05/2025;;;Q093586;;LV + ENERGZ;;TRUE;Energizada;JOÃO;MP-CCOL-PO ALAGADICO 222-RURAL;;R$ 226.659,96;;
1134653;01/05/2025;SENHOR DO BONFIM;;;;;100%;;;;;;4;;;;;;;;;;;;;;ISRAEL;31/05/2025;;;;;;;-10.5937937;;;-39.7930004;Pendente;ITIÚBA;;;FALSE;;;;;45476/45479;;PLANO 14;;TRUE;0;53;26/04/2025;;02/04/2025;;;D200297;;LV + ENERG;;TRUE;Energizada;JOÃO;ER-GOVE-FAZ-ALAGOAS-ALAGOAS;;R$ 449.784,53;112.446,13;FALSE
1163339;01/05/2025;SENHOR DO BONFIM;;;;;100%;;;;;;6;;;;;;;;;;;;;27/05/2025;BADU;31/05/2025;;;;;;;-10,2312683;;;-40,0983643;Realizado;JAGUARARI;;;FALSE;;;;50098 28/05;45482/45484;;PLANO 14;;FALSE;6;6;29/04/2025;;01/03/2025;;;Q047343;;LV + ENERGIZAÇÃO;;FALSE;Energizada;JOÃO;LD CIND POV JOCUNA RURAL;;R$ 85.457,10;21.364,28;FALSE
1181548;01/05/2025;SENHOR DO BONFIM;;;;;100%;;;;;;1;;;;;;;;;;;;;27/05/2025;BADU;31/05/2025;;;;;;;-9,9962361;;;-40,1048269;Realizado;JAGUARARI;;;;LV INTERCALAR POSTE N1-3;;;;59872 59873;;PLANO 7;;TRUE;7;7;09/05/2025;;07/05/2025;;;D320256;;LV + ENERGZ;;;Energizada;JOÃO;ER-CCOL-POV SAO MIGUEL-RURAL-JAGUARARI;;R$ 60.207,43;12.113,86;
1181969;01/05/2025;SENHOR DO BONFIM;;;;;100%;;;;;;1;;;;;;;;;;;;;20/05/2025;BADU;31/05/2025;;;;;;;-10,2797255;;;-40,1756648;Realizado;JAGUARARI;;;;;;;49778 27/05;;;PLANO 7;;TRUE;9;11;17/05/2025;;15/05/2025;;;Q044576;;DESLG + ENERGZ;;;Energizada;JOÃO;ER-CCOL-ET-VELHA-RURAL;;R$ 60.835,69;;
1181889;01/05/2025;SENHOR DO BONFIM;;;;;100%;;;;;;3;;;;;;;;;;;;;27/05/2025;BADU;31/05/2025;;;;;;;-10,0790464;;;-40,0858101;Realizado;JAGUARARI;;;;LV N3/4 C/ CH POSTERIOR;;;;59882 59883;;PLANO 14;;TRUE;12;12;14/05/2025;;12/05/2025;;;D217190;;LV + ENERGZ;;;Energizada;JOÃO;ER-SEIN-POV-STO ANTONIO-FAZENDINHA;;R$ 85.651,44;20.784,62;
1041188;01/05/2025;SENHOR DO BONFIM;;;;;100%;;;;;;0;;;;;;;;;;;;;13/05/2025;JOSE SILVA;;;;;;;;-10,4762649;;;-39,3442719;;MONTE SANTO;;;TRUE;SEM CAD;;;53749 31/05;;;PLANO 8;;TRUE;2;2;20/05/2025;;20/05/2025;;;A269411;;X;;TRUE;Em execução;DICSON;RC-CIND-POV-TAPERA-RURAL;;R$ 15.682,30;;
1200672;01/05/2025;SENHOR DO BONFIM;;;;;100%;;;;;;0;;;;;;;;;;;;;13/05/2025;JOSE SILVA;;;;;;;;-10,238673;;;-39,2133007;;MONTE SANTO;;;;LV 2 POSTE INTERCALADO E 18 AVIFAUNA;;;49837 16/05 E 49838 30/05;;;PLANO 7;;TRUE;;5;31/05/2025;;13/05/2025;;;D517281;;DESLG + LV + ENERGZ;;TRUE;Em execução;DICSON;RR-CIND-POV-JUA-S O BENTO;;R$ 119.404,34;;
0503276;01/05/2025;SENHOR DO BONFIM;;;;;100%;;;;;;3;;;;;;;;;;;;;13/05/2025;JOSE SILVA;31/05/2025;;;;;;;-10,5323936;;;-39,2453477;Pendente;MONTE SANTO;;;;LV N3-N4  SEM CHAVE;;;;59893 59894;;PLANO 14;;TRUE;0;17;28/05/2025;;22/05/2025;;;D314176;;LV + ENERGZ;;TRUE;Energizada;DICSON;MP-CCOL-POV. LAGOA REDONDA-RURAL;;R$ 68.812,08;;
0477336;01/05/2025;SENHOR DO BONFIM;;;;;50%;;;;;;46;;;;;;;;;;;;;26/05/2025;BIGODE / BOB / ISRAEL;;;;;;;;-10.5538389;;;-39.2735588;Pendente;MONTE SANTO;;;;LV 1 POSTE N4 E 2 N3-N4;;;50054 21/05 ;;;PLANO 14;;FALSE;403;281;30/06/2025;;15/04/2025;;;D149983;;DESLG + LV + ENERGZ;;FALSE;Em execução;DICSON;MP-CCOL-POV CURRAL FALSO AROEIRA-RURAL;;R$ 1.077.227,77;;
1194252;01/05/2025;SENHOR DO BONFIM;;;;;0%;;;;;;0;;;;;;;;;;;;;;ALDAIR;;;;;;;;;;;;;NORDESTINA;;;;;;;;;;PLANO 1;;;;0;30/06/2025;;05/05/2025;;;;;SUBTERRANEO;;;Em execução;DICSON;RS-AL 2-COEL-SE NORDESTINA II;;R$ 525.831,16;;
1177723;01/05/2025;SENHOR DO BONFIM;;;;;25%;;;;;;1;;;;;;;;;;;;;;ALDAIR;;;;;;;;-10,8273031;;;-39,4923821;;NORDESTINA;;;TRUE;LV INTERCALAR 2 POSTE C/ REG;;;;;;PLANO 1;;;0;2;30/06/2025;;05/05/2025;;;D026487;;LV + ENERGZ;;;Em execução;DICSON;AL-02-NOR-CONSTR-EQ;;R$ 388.702,22;;
1149258;01/05/2025;SENHOR DO BONFIM;;;;;100%;;;;;;2;;;;;;;;;;;;;19/05/2025;ALDAIR;31/05/2025;;;;;;;-10,8727161;;;-39,4417777;;NORDESTINA;;;;Esta pedindo para trocar o cabo (Ver necessidade) / 4 POSTES LV;;;;57796-2025 / 57797-2025;;PLANO 14;;TRUE;0;3;08/05/2025;;05/05/2025;;;D079729;;LV + ENERGZ + ENCA BT;;TRUE;Energizada;DICSON;ER-SEIN-FAZ-LAGOA DOS BOIS-RURAL;;R$ 37.738,75;;
1152856;01/05/2025;SENHOR DO BONFIM;;;;;100%;;;;;;0;;;;;;;;;;;;;26/05/2025;MARCELO;;;;;;;;-10,9446747;;;-39,4145806;Pendente;NORDESTINA;;;TRUE;LV 4 POSTES C/ REG;;;;59886;;PLANO 7;;TRUE;0;4;31/05/2025;;01/03/2025;;;Q106463;;LV + ENERGZ;;FALSE;Em execução;DICSON;AC-CIND-POV-ANGIGAL-RURAL;;R$ 1.396.641,65;;FALSE
1178565;01/05/2025;SENHOR DO BONFIM;;;;;25%;;;;;;0;;;;;;;;;;;;;19/05/2025;ALDAIR;;;;;;;;-10,7776394;;;-39,5248747;Pendente;NORDESTINA;;;;LV 9 POSTES 7 N1 3 N3 2 N4 2 4 CH 2 TENSIONAR;;;;57799 57800;;PLANO 1;;;0;12;30/06/2025;;05/05/2025;;;Q097849;;DESLG + LV + ENERGZ;;TRUE;Em execução;DICSON;AL-02-NOR-CONSTR;;R$ 210.613,24;;
1177813;01/05/2025;SENHOR DO BONFIM;;;;;25%;;;;;;1;;;;;;;;;;;;;19/05/2025;ALDAIR;;;;;;;;-10,8045332;;;-39,5206598;Pendente;NORDESTINA;;;TRUE;LV 1 POSTE N1-3 E INTERLIGAR FRONTEIRA N/A DE N3-N4;;;52349 29/05 TEM PEX;59885;;PLANO 1;;;25;25;30/06/2025;;05/05/2025;;;D368110;;DESLG + LV + ENERGZ;;TRUE;Em execução;DICSON;AL-02-NOR-CONSTR;;R$ 417.638,43;;
1169863;01/05/2025;SENHOR DO BONFIM;;;;;100%;;;;;;1;;;;;;;;;;;;;12/05/2025;LALA;31/05/2025;;;;;;;-10,6207869;;;-40,2830849;;PINDOBAÇU;;;;LV INTERCALAR POSTE C/ TRF;;;53758 29/05;;;PLANO 7;;TRUE;6;6;20/05/2025;;19/05/2025;;;Q036684;;LV + ENERGZ;;TRUE;Energizada;JOÃO;ER CIND ANTONIO JOAQUIM DE BARROS RURAL;;R$ 57.690,31;;
0734029;01/05/2025;SENHOR DO BONFIM;;;;;100%;;;;;;26;;;;;;;;;;;;;;GESONI / LALA;31/05/2025;;;;;;;-10,8045399;;;-40,2369411;Realizado;PINDOBAÇU;;;FALSE;LV INTERCALAR N1-3 C/ CH POSTERIOR;;;;57795-2025;;PLANO 14;;TRUE;0;127;23/05/2025;;15/04/2025;;;Q057977;;LV + ENERGZ;;TRUE;Energizada;JOÃO;MP-CCOL-POV VARZEA COMPRIDA 141-B-RURAL;;R$ 429.878,28;;
1149688;01/05/2025;SENHOR DO BONFIM;;;;;100%;;;;;;1;;;;;;;;;;;;;12/05/2025;JEFERSON;31/05/2025;;;;;;;-10,9801009;;;-39,6250963;;QUEIMADAS;;;FALSE;;;;;57994-2025;;PLANO 7;;TRUE;0;4;31/05/2025;;01/05/2025;;;Q105415;;ENCABEÇAMENTO.BT;;TRUE;Energizada;DICSON;UB-CIND-RUA-JO O M DE ANDRADE-CENTRO;;R$ 25.487,13;;FALSE
1123599;01/05/2025;SENHOR DO BONFIM;;;;;100%;;;;;;0;;;;;;;;;;;;;26/05/2025;MARCELO;31/05/2025;;;;;;;-10,9387791;;;-39,6299377;Pendente;QUEIMADAS;;;TRUE;LV TROCAR 2 POSTES N4 N1 E INTERCALAR 1 N4-3 E 1 INSTALAR 1 CHAVE E 3 GLV/PRECISA VER COM ESTA A SITUAÇAO DO CLIENTES;;;50423 27/05;59984;;PLANO 7;;;0;15;23/05/2025;;12/05/2025;;;Q090218;;DESLG + LV + ENERGZ;;FALSE;Energizada;DICSON;IT- CIND - FAZ. SOLIDADE-CEL JOÃO BORGES;;R$ 135.648,00;;
1144826;01/05/2025;SENHOR DO BONFIM;;;;;100%;;;;;;17;;;;;;;;;;;;;;JEFERSON;31/05/2025;;;;;;;-10,9660146;;;-39,6376195;;QUEIMADAS;;;;LV N3/N4 SEM CHAVE;;;;;;PLANO 14;;TRUE;0;73;31/05/2025;;28/04/2025;;;D549379;;LV + ENERGZ;;TRUE;Energizada;DICSON;ER-CCOL-FAZ-SANTO ANTONIO-RURAL;;R$ 638.652,34;;
1168948;01/05/2025;SENHOR DO BONFIM;;;;;100%;;;;;;1;;;;;;;;;;;;;05/05/2025;JOILSON;31/05/2025;;;;;;;-10,4776415;;;-40,1995108;;SENHOR DO BONFIM;;;TRUE;;;;;54259-2025;;PLANO 7;;TRUE;0;0;21/05/2025;;21/05/2025;;;D122930;;ENCABEÇAMENTO.BT;;TRUE;Energizada;JOÃO;UB-CIND-CA-08 98566-BONFIM III;;R$ 3.046,49;507,32;
1108317;01/05/2025;SENHOR DO BONFIM;;;;;100%;;;;;;0;;;;;;;;;;;;;09/05/2025;BADU;31/05/2025;;;;;;;-10,4635934;;;-40,1897455;;SENHOR DO BONFIM;;;;LV TROCAR 2 POSTE N4 INTERCALAR POSTE 1 N1 INSTALAR 3 CH;;;49851 18/05 TEM PEX;Chave provisoria;;PLANO 8;;TRUE;0;5;18/05/2025;;18/05/2025;;;Q040655;;DESLG + LV + ENERGZ;;TRUE;Energizada;JOÃO;RC-CIND-PR -DR JOSE GONCALVES-CENTRO;;R$ 63.921,50;;
1149648;01/05/2025;SENHOR DO BONFIM;;;;;100%;;;;;;3;;;;;;;;;;;;;28/04/2025;JOILSON;31/05/2025;;;;;;;-10,4424590;;;-40,1426631;;SENHOR DO BONFIM;;;;;;;;;;PLANO 14;;TRUE;0;5;23/05/2025;;22/05/2025;;;E398585;;ENCABEÇAMENTO.BT;;TRUE;Energizada;JOÃO;ER-CIND-POV-RANCHARIA 512-RURAL;;R$ 25.019,56;;
1161104;01/05/2025;SENHOR DO BONFIM;;;;;100%;;;;;;0;;;;;;;;;;;;;28/05/2025;BADU;31/05/2025;;;;;;;-10,469229;;;-40,1780364;Realizado;SENHOR DO BONFIM;;;;LV TROCAR 2 POSTE E INTERCALAR 1 E N3-N4;;;49008 14/05 E 49010 30/05 TEM PEX;;;PLANO 8;;TRUE;0;10;29/05/2025;;21/05/2025;;;Q043539;;DESLG + LV + ENERGZ;;FALSE;Energizada;JOÃO;ME-COEL-AV-CAMPO CLUBE-CAMPO CLUBE;;R$ 187.456,00;;
1188750;01/05/2025;SENHOR DO BONFIM;;;;;100%;;;;;;2;;;;;;;;;;;;;;JOILSON;31/05/2025;;;;;;;;;;;;PINDOBAÇU;;;FALSE;;;;;;;PLANO 7;;FALSE;0;0;28/05/2025;;28/05/2025;;;;;;;FALSE;Energizada;CADU;UB-CIND-RUA-DO LAGEDO - 9999;;R$ 1.638,61;;FALSE
1196615;01/05/2025;SENHOR DO BONFIM;;;;;100%;;;;;;3;;;;;;;;;;;;;;JOILSON;31/05/2025;;;;;;;;;;;;SENHOR DO BONFIM;;;FALSE;;;;;;;PLANO 7;;FALSE;0;0;28/05/2025;;28/05/2025;;;;;;;FALSE;Energizada;CADU;ER-CIND-POV-VARGINHA 922-VARGINHA;;R$ 4.957,27;;FALSE
1194223;01/05/2025;SENHOR DO BONFIM;;;;;100%;;;;;;0;;;;;;;;;;;;;;JOILSON;31/05/2025;;;;;;;;;;;;SENHOR DO BONFIM;;;FALSE;;;;;;;PLANO 8;;FALSE;0;0;20/05/2025;;20/05/2025;;;;;;;FALSE;Energizada;CADU;FVU-RELIGADOR-SBF-01Y8-J20063;;R$ 100.384,10;;FALSE
1200088;01/05/2025;SENHOR DO BONFIM;;;;;100%;;;;;;0;;;;;;;;;;;;;;JOILSON;31/05/2025;;;;;;;;;;;;SENHOR DO BONFIM;;;FALSE;;;;;;;PLANO 8;;FALSE;0;0;20/05/2025;;20/05/2025;;;;;;;FALSE;Energizada;CADU;FVU-RELIGADOR-SAU-01L1-N85774;;R$ 0,00;;FALSE
1108136;01/05/2025;SENHOR DO BONFIM;;;;;100%;;;;;;9;;;;;;;;;;;;;;BADU;31/05/2025;;;;;;;-10,4980276;;;-40,1168434;;SENHOR DO BONFIM;;;;LV N3-N4 SEM CHAVE;;;;;;PLANO 14;;TRUE;30;30;06/05/2025;;15/04/2025;;;B911851;;LV + ENERGZ+ T.POSTE;;TRUE;Energizada;JOÃO;ER-CIND-POV-CARIACA DE CIMA-RURAL-CARIAC;;R$ 247.123,69;;
1044051;01/05/2025;SENHOR DO BONFIM;;;;;100%;;;;;;4;;;;;;;;;;;;;30/04/2025;BADU;31/05/2025;;;;;;;-10,5531983;;;-40,1809307;;SENHOR DO BONFIM;;;;LV N3 C/ CHAVE POSTERIOR;;;;;;PLANO 14;;TRUE;0;51;31/05/2025;;24/05/2025;;;D282071;;LV + ENERGZ;;TRUE;Energizada;JOÃO;MP-CCOL-FAZ-LAGE -RURAL;;R$ 195.441,71;;
1172125;01/05/2025;SENHOR DO BONFIM;;;;;100%;;;;;;0;;;;;;;;;;;;;;JOILSON;31/05/2025;;;;;;;;;;;;SENHOR DO BONFIM;;;FALSE;;;;;;;PLANO 14;;FALSE;0;0;25/05/2025;;25/05/2025;;;;;;;FALSE;Energizada;JOÃO;AC-CIND-ROD-LOMANTO JUNIOR -RURAL;;R$ 22.689,86;;FALSE
1191012;01/05/2025;SENHOR DO BONFIM;;;;;100%;;;;;;1;;;;;;;;;;;;;;ISRAEL;31/05/2025;;;;;;;;;;;;SENHOR DO BONFIM;;;FALSE;;;;;;;PLANO 7;;FALSE;1;1;31/05/2025;;31/05/2025;;;;;;;FALSE;Energizada;JOÃO;ER-CIND-POV-TRES MORROS 136-RURAL;;R$ 7.501,49;;FALSE
1196174;01/05/2025;SENHOR DO BONFIM;;;;;100%;;;;;;1;;;;;;;;;;;;;;ISRAEL;31/05/2025;;;;;;;;;;;;SENHOR DO BONFIM;;;FALSE;;;;;;;PLANO 7;;FALSE;1;1;31/05/2025;;31/05/2025;;;;;;;FALSE;Energizada;JOÃO;ER-CIND-POV-LAGOA PEIXE-RURAL - SENHOR;;R$ 7.848,50;;FALSE
1178565;01/06/2025;SENHOR DO BONFIM;;;HIAGO SANTANA - U470061;;100%;;;;;;0;;;;;;10 e 11 60426 E 60427;;;;;;;;ALDAIR;30/06/2025;;;;;;;-10,7776394;;;-39,5248747;Pendente;NORDESTINA;;;;;;;Desligamento;;;PLANO 1;;TRUE;13;12;30/06/2025;;01/06/2025;;;Q097849;;DESL + LV;LV 9 POSTES 7 N1 3 N3 2 N4 2 4 CH 2 TENSIONAR;TRUE;Energizada;DICSON;AL-02-NOR-CONSTR;;R$ 210.613,24;;
1199258;01/06/2025;SENHOR DO BONFIM;;;GUTTEMBERG SANTOS - U343220;;100%;;;;;;1;;;;;;17 62799;;;;;;;;MARCELO;30/06/2025;;;;;;;-10,9747515;;;-39,6866611;;QUEIMADAS;;;;;;;Intercalar poste com trafo;;;PLANO 7;;TRUE;1;1;#REF!;;#REF!;;;D314218;;DESL;;TRUE;Energizada;DICSON;ER-CIND-FAZ-BARAUNA-RURAL;;R$ 32.236,96;;
1169805;01/06/2025;SENHOR DO BONFIM;;;FERNANDA MACEDO - U465311;;100%;;;;;;1;;;;;;17 63436;;;;;;;Confirma Edmeia 13/06;BADU;30/06/2025;;;;;;;-10,2874858;;;-40,1887176;Pendente;JAGUARARI;;;FALSE;;;;20 UCS;;;PLANO 7;;TRUE;19;19;#REF!;;#REF!;;;D521684;;LV + ENERGZ;LV N1-3 CHP;TRUE;Energizada;JOÃO;ER-CIND-FAZ-AROEIRA 9999-RURAL-AROEIRA;;R$ 206.354,39;;FALSE
1060739;01/06/2025;SENHOR DO BONFIM;;;GUTTEMBERG SANTOS - U343220;;100%;;;;;;2;;;;;;18 64084;;;;;;;;GESONI;30/06/2025;;;;;;;-10,973153;;;-40,0211715;Pendente;PONTO NOVO;;;FALSE;;;;21 UCS;;;PLANO 7;;TRUE;19;20;#REF!;;#REF!;;;D116625;;LV + ENERGZ;LV N3/4 CHP;TRUE;Energizada;JOÃO;MP-CCOL-POV-SANHARO-RURAL;;R$ 219.780,55;;FALSE
1146383;01/06/2025;SENHOR DO BONFIM;;;DIORLAN SOUZA - U352259;;100%;;;;;;3;;;;;;21 65538;;;;;;;26/06/2025;GESONI;;;;;;;;-10,6318672;;;-39,995069;Pendente;FILADÉLFIA;;72579;FALSE;;;;3 UCS;;;PLANO 14;;FALSE;23;23;#REF!;;#REF!;;;E451599;;LV + ENERGZ;LV N3/4 CHP;FALSE;Paralisada;JOÃO;MP CIND POV BOA VISTA RURAL;;R$ 254.259,61;;FALSE
1090074;01/06/2025;SENHOR DO BONFIM;;;GUTTEMBERG SANTOS - U343220;;100%;;;;;;1;;;;;;21 65539;;;;;;;16/06 adIcional;MARCELO;;;;;;;;-11,1253775;;;-39,9327972;Pendente;QUEIMADAS;;72486 72487 72489;FALSE;;;;68 UCS;;;PLANO 14;;TRUE;15;15;#REF!;;#REF!;;;D186221;;LV + ENERGZ;LV N3/4 CHP;TRUE;NÃO DEFINIDO;DICSON;MP CIND FAZ MUCAMBO RURAL;;R$ 126.511,97;;FALSE
1173439;01/06/2025;SENHOR DO BONFIM;;;ADISON FERREIRA - U343222;;100%;;;;;;1;;;;;;25 67744;;;;;;;21/06/2025;BADU;30/06/2025;;;;;;;-10,3828534;;;-39,7318872;Pendente;ANDORINHAS;;72578;FALSE;;;;29 UCS;;;PLANO 14;;FALSE;17;18;#REF!;;#REF!;;;D261283;;LV + ENERGZ;LV N1-3 ;FALSE;Energizada;JOÃO;ER-CIND-FAZ-VARZEA-DE FORA;;R$ 74.344,68;;FALSE
1183168;01/06/2025;SENHOR DO BONFIM;;;ADISON FERREIRA - U343222;;100%;;;;;;2;;;;;;25 67745;;;;;;;;BIGODE;;;;;;;;-10,4075682;;;-39,1767321;Pendente;MONTE SANTO;;;FALSE;;;;81 UCS;;;PLANO 7;;FALSE;0;15;#REF!;;#REF!;;;D939343;;LV + ENERGZ;LV N3/4 E 3 N1;FALSE;Paralisada;DICSON;RR-CIND-POV-LAGOA DA PEDRA-RURAL MONTE S;;R$ 159.373,98;;FALSE
1199397;01/06/2025;SENHOR DO BONFIM;;;LUDIMILA BARBOSA - U464746;;100%;;;;;;0;;;;;;26 29 72634 72632;;;;;;;;ISRAEL;30/06/2025;;;;;;;-10,850997;;;-39,9763629;;ITIÚBA;;;;;;;Retirar rede do terreno do cliente ( 7 vaos bt e mt). Mas, a rede nova deve ser feita antes  ;;;PLANO 8;;TRUE;10;8;#REF!;;#REF!;;;D000698;;DESL;;TRUE;Energizada;JOÃO;RC-CIND-FAZ-CURRAL DA VARA-RURAL;;R$ 87.779,31;;
1168792;01/06/2025;SENHOR DO BONFIM;;;GUTTEMBERG SANTOS - U343220;;100%;;;;;;1;;;;;;26 68196 e 27 68962;;;;;;;21/06/2025;GESONI;;;;;;;;-10,8994324;;;-40,1157079;Pendente;PONTO NOVO;;72598;;;;;36 UCS;;;PLANO 14;;TRUE;18;18;#REF!;;#REF!;;;E528962;;LV + ENERGZ;LV 18 N1;;NÃO DEFINIDO;JOÃO;ER-CIND-LOT-RURAL-REASSENTAMENTO BARRAGE;;R$ 131.673,01;;
0940009;01/06/2025;SENHOR DO BONFIM;;;GUTTEMBERG SANTOS - U343220;;100%;;;;;;2;;;;;;26 68200;;;;;;;;JEFERSON;;;;;;;;-10,7700442;;;-39,3392976;Pendente;CANSANÇÃO;;;;;;;;;;PLANO 7;;TRUE;45;45;#REF!;;#REF!;;;B305491;;LV + ENERGZ;LV N3/4;FALSE;Paralisada;DICSON;RR-CIND-POV RIACHO DAS P-R PEDRAS-CSC;;R$ 178.644,65;;
1158905;01/06/2025;SENHOR DO BONFIM;;;LUDIMILA BARBOSA - U464746;;100%;;;;;;0;;;;;;27 68963;;;;;;;;ISRAEL;30/06/2025;;;;;;;-10,9135903;;;-39,9202362;Realizado;ITIÚBA;;;;;;;ADF (5 VAOS) a LV adicionar a chave antes;;;PLANO 7;;TRUE;0;1;#REF!;;#REF!;;;D580907;;DESL + LV;LV +1 CH;TRUE;Energizada;JOÃO;IT-CIND-FAZ-CASTELO-RURAL;;R$ 12.995,42;;
1200672;01/06/2025;SENHOR DO BONFIM;;;;;100%;;;;;;0;;;;;;28 62798;;;;;;;;JOSE;;;;;;;;-10,238673;;;-39,2133007;;MONTE SANTO;;;FALSE;;;;Terminar estruturas AVIFAUNA;;;PLANO 7;;TRUE;5;5;30/06/2025;;01/06/2025;;;D517281;;DESL;;TRUE;NÃO DEFINIDO;DICSON;RR-CIND-POV-JUA-S O BENTO;;R$ 119.404,34;;FALSE
1165562;01/06/2025;SENHOR DO BONFIM;;;LUDIMILA BARBOSA - U464746;;100%;;;;;;0;;;;;;28 68964;;;;;;;;ISRAEL;30/06/2025;;;;;;;-10,7983685;;;-39,959938;Pendente;ITIÚBA;;72580;;;;;Intercalar 5 poste MT;;;PLANO 14;;TRUE;15;15;#REF!;;#REF!;;;E573828;;LV + BT;LV 5 BI;TRUE;Energizada;JOÃO;ER-CIND-FAZ-MAMOTE-RURAL-ITIUBA;;R$ 143.923,01;;
1041188;01/06/2025;SENHOR DO BONFIM;;;;;100%;;;;;;0;;;;;;30 62797;;;;;;;16/06;JOSE;30/06/2025;;;;;;;-10,4762649;;;-39,3442719;;MONTE SANTO;;72470;FALSE;;;;Realocar rede MT;;;PLANO 8;;TRUE;2;2;30/06/2025;;01/06/2025;;;A269411;;DESL;;TRUE;Energizada;DICSON;RC-CIND-POV-TAPERA-RURAL;;R$ 15.682,30;;FALSE
0545761;01/06/2025;SENHOR DO BONFIM;;;HIAGO SANTANA - U470061;;100%;;;;;;2;;;;;;30 69760;;;;;;;14/06;ALDAIR;;;;;;;;-10,9330151;;;-39,3748213;Pendente;NORDESTINA;;72596 72597;;;;;MUITO CLIENTES 220;;;PLANO 14;;TRUE;23;23;#REF!;;#REF!;;;D144635;;LV + BT + ENERGZ;7;TRUE;NÃO DEFINIDO;DICSON;MP-CCOL-POV. SAO PEDRO COMPL-RURAL;;R$ 107.491,64;;
0477336;01/06/2025;SENHOR DO BONFIM;;;ADISON FERREIRA - U343222;;100%;;;;;;46;;;;;;30 69761;;;;;;;16/06;OSMAR/GESONI/ANAILTON;30/06/2025;;;;;;;-10,5538389;;;-39,2735588;Pendente;MONTE SANTO;;72587 72586;FALSE;;;;;;;PLANO 14;;TRUE;327;281;#REF!;;#REF!;;;D149983;;LV;LV N3/4 + N3 P/ N1;TRUE;Energizada;DICSON;MP-CCOL-POV CURRAL FALSO AROEIRA-RURAL;;R$ 1.077.227,77;;FALSE
1192258;01/06/2025;SENHOR DO BONFIM;;;LUDIMILA BARBOSA - U464746;;100%;;;;;;1;;;;;;30 72967;;;;;;;;ISRAEL;30/06/2025;;;;;;;-10,7858834;;;-39,8239698;Pendente;ITIÚBA;;;;;;;ADF (4 VAOS) (No dia dos desligamento levar duas turmas, uma para intercalar o poste e outra para fazer a ADF;;;PLANO 7;;TRUE;1;1;#REF!;;#REF!;;;Q093067;;DESL + LV;LV +1 CH + N1;TRUE;Energizada;JOÃO;ER-CIND-POV-PEDRA SOLTA-RURAL;;R$ 39.431,57;;
1134925;01/06/2025;SENHOR DO BONFIM;;;;;100%;;;;;;1;;;;;;;;;;;;;;BADU;;;;;;;;;;;;;ANDORINHAS;;;FALSE;;;;;;;PLANO 7;;FALSE;0;4;30/06/2025;;01/06/2025;;;;;BT;;FALSE;Paralisada;JOÃO;UB-CIND-RUA-DO CURRAL-CENTRO-ANDORINHA;;R$ 17.257,70;;FALSE
1011966;01/06/2025;SENHOR DO BONFIM;;;;;100%;;;;;;1;;;;;;;;;;;;;;GESONI;30/06/2025;;;;;;;-10,4574857;;;-40,2785532;Pendente;CAMPO FORMOSO;;;FALSE;;;;;;;PLANO 14;;TRUE;22;24;30/06/2025;;01/06/2025;;;D134562;;LV + ENERGZ;;TRUE;Energizada;JOÃO;RR-CIND-FAZ-BANANEIRA-VANVANA;;R$ 107.354,71;;FALSE
1170277;01/06/2025;SENHOR DO BONFIM;;;;;100%;;;;;;0;;;;;;;;;;;;;;RAEL;;;;;;;;-10,2054067;;;-40,5745999;Pendente;CAMPO FORMOSO;;72468 72469;FALSE;;;;;;;PLANO 8;;TRUE;1;1;30/06/2025;;01/06/2025;;;Q022985;;LV + ENERGZ;;FALSE;NÃO DEFINIDO;JOÃO;IE-RELIGADOR-JNC-09X1-Q022984;;R$ 134.004,23;;FALSE
1209528;01/06/2025;SENHOR DO BONFIM;;;;;100%;;;;;;0;;;;;;;;;;;;;;JOILSON;30/06/2025;;;;;;;;;;;;CAMPO FORMOSO;;;FALSE;;;;;;;PLANO 7;;FALSE;0;0;30/06/2025;;15/06/2025;;;;;;;FALSE;Energizada;JOÃO;PROVISORIA;;R$ 21.940,45;;FALSE
1170254;01/06/2025;SENHOR DO BONFIM;;;GUTTEMBERG SANTOS - U343220;;100%;;;;;;5;;;;;;;;;;;;;16/06/2025;JEFERSON;;;;;;;;-10,6299415;;;-39,4706341;Pendente;CANSANÇÃO;;72475 72476;;;;;MUITO CLIENTES 276;;;PLANO 7;;TRUE;12;12;#REF!;;#REF!;;;D576724;;LV + BT + ENERGZ;LV 3 N1;TRUE;NÃO DEFINIDO;DICSON;ER-CIND-POV-PAU DE COLHER-1260;;R$ 131.840,28;;
1015193;01/06/2025;SENHOR DO BONFIM;;;GUTTEMBERG SANTOS - U343220;;100%;;;;;;1;;;;;;;;;;;;;;JEFERSON;30/06/2025;;;;;;;-10,5532926;;;-39,6122308;Pendente;CANSANÇÃO;;;FALSE;;;;;;;PLANO 14;;TRUE;25;21;#REF!;;#REF!;;;D249197;;LV + BT + ENERGZ;LV N3/4;TRUE;Energizada;DICSON;ER-CIND-POV-PATOS-LAGOA DOS PATOS;;R$ 72.238,45;;FALSE
1165543;01/06/2025;SENHOR DO BONFIM;;;LUDIMILA BARBOSA - U464746;;100%;;;;;;5;;;;;;;;;;;;;;ISRAEL;;;;;;;;-10,6950092;;;-39,8572339;;ITIÚBA;;72582;;;;;;;;PLANO 7;;TRUE;3;3;#REF!;;#REF!;;;D057586;;BT;;TRUE;Paralisada;JOÃO;UB-CIND-RUA-SIMOES-N S DA CONCEI O;;R$ 17.943,38;;
1198416;01/06/2025;SENHOR DO BONFIM;;;LUDIMILA BARBOSA - U464746;;100%;;;;;;8;;;;;;;;;;;;;;ISRAEL;30/06/2025;;;;;;;-10,5792539;;;-39,7664223;;ITIÚBA;;;;;;;Avaliar necessidade realocar o cabo;;;PLANO 7;;TRUE;6;6;#REF!;;#REF!;;;D397341;;BT;;TRUE;Energizada;JOÃO;ER-SEIN-RUA-RIO BRANCO-RURAL;;R$ 27.910,35;;
0265379;01/06/2025;SENHOR DO BONFIM;;;FERNANDA MACEDO - U465311;;100%;;;;;;1;;;;;;;;;;;;;12/06;BADU;30/06/2025;;;;;;;-10,2193822;;;-40,1869726;Realizado;JAGUARARI;;;FALSE;;;;;;;PLANO 14;;TRUE;28;22;#REF!;;#REF!;;;B475834;;LV + BT + ENERGZ;LV N3/4;TRUE;Energizada;JOÃO;MP-CCOL-POV FERRO II-RURAL;;R$ 85.485,63;;FALSE
1202056;01/06/2025;SENHOR DO BONFIM;;;FERNANDA MACEDO - U465311;;100%;;;;;;1;;;;;;;;;;;;;;BADU;30/06/2025;;;;;;;-9,7922609;;;-39,9436612;;JAGUARARI;;;FALSE;;;;;;;PLANO 7;;TRUE;2;2;#REF!;;#REF!;;;D803248;;BT;;TRUE;Energizada;JOÃO;ER-CIND-POV-BARRAGEM VELHA-JAGUARARI;;R$ 14.665,30;;FALSE
1184458;01/06/2025;SENHOR DO BONFIM;;;ADISON FERREIRA - U343222;;100%;;;;;;1;;;;;;;;;;;;;;BIGODE;;;;;;;;-10,4632632;;;-39,2439461;Pendente;MONTE SANTO;;;;;;;MUITO CLIENTES 4411;;;PLANO 7;;;0;7;#REF!;;#REF!;;;A249905;;LV + ENERGZ;LV N1 + TRF;;Paralisada;DICSON;ER-CIND-FAZ-LAGOA DA VOLTA-RURAL;;R$ 71.093,68;;
1132965;01/06/2025;SENHOR DO BONFIM;;;ADISON FERREIRA - U343222;;100%;;;;;;1;;;;;;;;;;;;;16/06/2025;BIGODE;;;;;;;;-10,6547057;;;-39,2549557;;MONTE SANTO;;72590;;;;;;;;PLANO 14;;TRUE;8;8;#REF!;;#REF!;;;D152839;;BT;;TRUE;NÃO DEFINIDO;DICSON;ER-CIND-POV-PEDREGULHO-RURAL;;R$ 49.487,93;;
1181949;01/06/2025;SENHOR DO BONFIM;;;ADISON FERREIRA - U343222;;100%;;;;;;0;;;;;;;;;;;;;;BIGODE;;;;;;;;-10,4152608;;;-39,3339679;Pendente;MONTE SANTO;;;;;;;Alterar local da rede, prox SE;;;PLANO 7;;;0;15;#REF!;;#REF!;;;A189347;;DESL + LV;LV 5 AN4;;Paralisada;DICSON;RC-SEIN-FAZ-QUIQUIM-RURAL-PEDRA VERMELHA;;R$ 199.612,52;;
1043096;01/06/2025;SENHOR DO BONFIM;;;ADISON FERREIRA - U343222;;100%;;;;;;3;;;;;;;;;;;;;16/06;BIGODE;;;;;;;;-10,5064322;;;-39,4858086;Pendente;MONTE SANTO;;;;;;;Realocar vão de Rede e intercalar poste MT;;;PLANO 14;;;0;22;#REF!;;#REF!;;;D408484;;DESL + LV;LV N4-3 CHP;;Paralisada;DICSON;MP-CCOL-FAZ-LAGOA DO CORREDOR-RURAL;;R$ 190.175,54;;
1149335;01/06/2025;SENHOR DO BONFIM;;;ADISON FERREIRA - U343222;;100%;;;;;;1;;;;;;;;;;;;;25/06/2025;BIGODE;30/06/2025;;;;;;;-10,4656727;;;-39,2416118;;MONTE SANTO;;72592;;;;;;;;PLANO 14;;TRUE;1;1;#REF!;;#REF!;;;E398688;;BT;;;Energizada;DICSON;ER-CIND-FAZ-LAGOA DA VOLTA-LAGE;;R$ 6.726,17;;
1141711;01/06/2025;SENHOR DO BONFIM;;;ADISON FERREIRA - U343222;;100%;;;;;;5;;;;;;;;;;;;;;BIGODE;;;;;;;;-10,3596809;;;-39,4978574;Pendente;MONTE SANTO;;;;;;;MUITO CLIENTES 6105;;;PLANO 14;;TRUE;0;12;#REF!;;#REF!;;;A254727;;LV + ENERGZ;LV N1-3;;Paralisada;DICSON;RR-CIND-POV-PEDRA VERMELHA 40-RURAL;;R$ 87.996,29;;
1177813;01/06/2025;SENHOR DO BONFIM;;;HIAGO SANTANA - U470061;;100%;;;;;;1;;;;;;;;;;;;;13/06;ALDAIR;30/06/2025;;;;;;;-10,7818925;;;-39,516279;Pendente;NORDESTINA;;72473;;;;;;;;PLANO 1;;TRUE;25;25;#REF!;;#REF!;;;B412976;;DESL + LV;LV 1 POSTE N1-3 E INTERLIGAR FRONTEIRA N/A DE N3-N4;TRUE;Energizada;DICSON;AL-02-NOR-CONSTR;;R$ 417.638,43;;
1193890;01/06/2025;SENHOR DO BONFIM;;;HIAGO SANTANA - U470061;;100%;;;;;;1;;;;;;;;;;;;;25/06/2025;ALDAIR;30/06/2025;;;;;;;-10,7776394;;;-39,5248747;Pendente;NORDESTINA;;72472;;;;;;;;PLANO 1;;;1;1;#REF!;;#REF!;;;G17233;;LV + EQUIP;LV N4 C/ RELIGADOR;;Energizada;DICSON;AL 02-NOR-RT-2-3-G17233;;R$ 108.463,80;;
1177723;01/06/2025;SENHOR DO BONFIM;;;HIAGO SANTANA - U470061;;100%;;;;;;1;;;;;;;;;;;;;13/06;ALDAIR;;;;;;;;-10,8273031;;;-39,4923821;Pendente;NORDESTINA;;72481 72482;;;;;;;;PLANO 1;;;0;2;#REF!;;#REF!;;;D026487;;LV + EQUIP;LV INTERCALAR 2 POSTE C/ REG;TRUE;NÃO DEFINIDO;DICSON;AL-02-NOR-CONSTR-EQ;;R$ 388.702,22;;
1152856;01/06/2025;SENHOR DO BONFIM;;;;;100%;;;;;;0;;;;;;;;;;;;;;MARCELO;;;;;;;;-10,9446747;;;-39,4145806;;NORDESTINA;;;FALSE;;;;;;;PLANO 7;;FALSE;4;4;30/06/2025;;01/06/2025;;;Q106463;;LV;;FALSE;Paralisada;DICSON;AC-CIND-POV-ANGIGAL-RURAL;;R$ 500.760,90;;FALSE
1082438;01/06/2025;SENHOR DO BONFIM;;;DIORLAN SOUZA - U352259;;100%;;;;;;1;;;;;;;;;;;;;13/06/2025 tarde;EDVALDO;;;;;;;;-10,7209586;;;-40,3289308;Pendente;PINDOBAÇU;;;FALSE;;;;Acredito que sera feito rede subterraneo (MUFLA) TRAVESSIA LT;;;PLANO 7;;TRUE;29;29;#REF!;;#REF!;;;B306389;;DESL + LV;LV N3/4 CHP;TRUE;Paralisada;JOÃO;LD CIND FAZ IPUCA RURAL;;R$ 387.222,50;;FALSE
1179710;01/06/2025;SENHOR DO BONFIM;;;DIORLAN SOUZA - U352259;;100%;;;;;;1;;;;;;;;;;;;;;EDVALDO;30/06/2025;;;;;;;-10,7275001;;;-40,3461075;Pendente;PINDOBAÇU;;;FALSE;;;;;;;PLANO 14;;TRUE;18;18;#REF!;;#REF!;;;B306369;;LV + ENERGZ;LV N1-3 CHP + N1 TRF;TRUE;Energizada;JOÃO;ER-CIND-FAZ-BARREIRA 1500-RURAL;;R$ 156.753,38;;FALSE
1195749;01/06/2025;SENHOR DO BONFIM;;;DIORLAN SOUZA - U352259;;100%;;;;;;1;;;;;;;;;;;;;;EDVALDO;30/06/2025;;;;;;;-10,9070848;;;-40,0633912;;PINDOBAÇU;;;;;;;;;;PLANO 7;;TRUE;2;2;#REF!;;#REF!;;;D001041;;BT;;TRUE;Energizada;JOÃO;UB-CIND-RUA-CIRIACO ROCHA-CENTRO;;R$ 10.681,56;;
1161822;01/06/2025;SENHOR DO BONFIM;;;GUTTEMBERG SANTOS - U343220;;100%;;;;;;2;;;;;;;;;;;;;;GESONI;30/06/2025;;;;;;;-11,0869909;;;-40,0817798;Realizado;PONTO NOVO;;;FALSE;;;;;;;PLANO 7;;TRUE;11;15;#REF!;;#REF!;;;B288131;;LV + ENERGZ;LV N3;TRUE;Energizada;JOÃO;ER-CIND-FAZ-DOMINO-RURAL;;R$ 88.451,73;;FALSE
1206994;01/06/2025;SENHOR DO BONFIM;;;;;100%;;;;;;0;;;;;;;;;;;;;;JEFERSON;30/06/2025;;;;;;;;;;;;QUEIMADAS;;;FALSE;;;;;;;PLANO 7;;FALSE;0;0;17/06/2025;;20/05/2025;;;;;;;FALSE;Energizada;DICSON;PR-PREF-RUA-ELZIO FERREIRA-A STO ANTONIO;;R$ 24.141,62;;FALSE
1187662;01/06/2025;SENHOR DO BONFIM;;;GUTTEMBERG SANTOS - U343220;;100%;;;;;;5;;;;;;;;;;;;;;MARCELO;30/06/2025;;;;;;;-10,9660382;;;-39,6280522;;QUEIMADAS;;;;;;;;;;PLANO 14;;TRUE;9;6;#REF!;;#REF!;;;D627461;;BT;;TRUE;Energizada;DICSON;ER-CIND-FAZ-PONTE NOVA 130-RURAL;;R$ 31.643,38;;
1148107;01/06/2025;SENHOR DO BONFIM;;;GUTTEMBERG SANTOS - U343220;;100%;;;;;;5;;;;;;;;;;;;;;MARCELO;;;;;;;;-11,2970312;;;-39,8701245;Pendente;QUEIMADAS;;;;;;;;;;PLANO 14;;;25;25;#REF!;;#REF!;;;D277799;;LV + ENERGZ;LV N4-3;;Paralisada;DICSON;MP CIND POV TIRIRCA E BANABEIRA RURAL;;R$ 240.479,16;;
1169740;01/06/2025;SENHOR DO BONFIM;;;FERNANDA MACEDO - U465311;;100%;;;;;;6;;;;;;;;;;;;;21/06/2025;EDVALDO;30/06/2025;;;;;;;-10,5313601;;;-39,9976944;Pendente;SENHOR DO BONFIM;;72497 72498;;;;;;;;PLANO 14;;;22;22;#REF!;;#REF!;;;D355041;;LV + ENERGZ;LV N1-3 CH;;Energizada;JOÃO;ER-CIND-FAZ-TAMBURI-RURAL;;R$ 168.471,33;;
1165857;01/06/2025;SENHOR DO BONFIM;;;FERNANDA MACEDO - U465311;;100%;;;;;;1;;;;;;;;;;;;;;BADU;30/06/2025;;;;;;;-10,4946339;;;-40,0626526;;SENHOR DO BONFIM;;;;;;;;;;PLANO 14;;TRUE;8;8;#REF!;;#REF!;;;E529014;;BT;;TRUE;Energizada;JOÃO;ER CIND FZ CACUCAR RURAL;;R$ 56.468,84;;
1114891;01/06/2025;SENHOR DO BONFIM;;;FERNANDA MACEDO - U465311;;100%;;;;;;2;;;;;;;;;;;;;;BADU;30/06/2025;;;;;;;-10,4973788;;;-40,0598958;;SENHOR DO BONFIM;;;;;;;;;;PLANO 14;;TRUE;3;3;#REF!;;#REF!;;;E323752;;BT;;TRUE;Energizada;JOÃO;ER-CCOL-FAZ-CACUCAR-RURAL;;R$ 16.384,74;;
1044425;01/06/2025;SENHOR DO BONFIM;;;FERNANDA MACEDO - U465311;;100%;;;;;;1;;;;;;;;;;;;;;BADU / JOILSON;30/06/2025;;;;;;;-10,4996474;;;-40,1072064;Pendente;SENHOR DO BONFIM;;;;;;;;;;PLANO 14;;TRUE;3;4;#REF!;;#REF!;;;B039085;;LV + BT;LV 2 N1;TRUE;Energizada;JOÃO;ER-CCOL-POV-TEIU-RURAL;;R$ 17.766,32;;
1213036;01/06/2025;SENHOR DO BONFIM;;;;;100%;;;;;;0;;;;;;;;;;;;;;BADU;30/06/2025;;;;;;;;;;;;SENHOR DO BONFIM;;;FALSE;;;;;;;PLANO 7;;FALSE;0;0;30/06/2025;;18/06/2025;;;;;;;FALSE;Energizada;JOÃO;PROVISORIA;;R$ 33.002,98;;FALSE
1181484;01/06/2025;SENHOR DO BONFIM;;;FERNANDA MACEDO - U465311;;100%;;;;;;4;;;;;;;;;;;;;;JOILSON;;;;;;;;-10,5360857;;;-40,1331102;Pendente;SENHOR DO BONFIM;;72490 72491;;;;;;;;PLANO 14;;TRUE;17;17;#REF!;;#REF!;;;Q051300;;LV + BT + ENERGZ;LV N3/4 ;TRUE;NÃO DEFINIDO;JOÃO;ER-CIND-ET-SR BOMFIM 3 MORRINHOS-URBANA;;R$ 140.909,38;;
1213070;01/06/2025;SENHOR DO BONFIM;;;;;100%;;;;;;0;;;;;;;;;;;;;;BADU;30/06/2025;;;;;;;;;;;;SENHOR DO BONFIM;;;FALSE;;;;;;;PLANO 7;;FALSE;0;0;30/06/2025;;18/06/2025;;;;;;;FALSE;Energizada;JOÃO;PROVISORIA;;R$ 33.002,98;;FALSE
1193876;01/07/2025;SENHOR DO BONFIM;;;;;100%;;;;;;0;;;;;AL/MELHORAMENTO;NÃO É POSSIVEL DESL;;;;;;;21/07/2025;ALDAIR;;;;;;;;-10,8244484;;;-39,4294331;Pendente;NORDESTINA;;;;;;;;;;PLANO 1;;;1;1;16/07/2025;;15/07/2025;;;Q098711;;LV + ENERGZ;1 N4 C/ RELIG;TRUE;Energizada;DICSON;AL 02-NOR-RT-3-3-Q098711;;R$ 108.656,57;;
1156254;01/07/2025;SENHOR DO BONFIM;;;;;100%;;;;;;4;;;;;QLP;250 UC'S;;;;;;;14/07/2025;ALDAIR;;;;;;;;-10,8548086;;;-39,461793;Pendente;NORDESTINA;;81499 / 2025-81552 SUBST.PT;;;;;30;;;PLANO 14;;TRUE;20;20;26/07/2025;;14/07/2025;;;D020453;;LV + ENERGZ;N1-3 CHP;TRUE;Energizada;DICSON;MP CIND POV CALDEIRÃO DO SANGUE RURAL;;R$ 73.043,81;35.449,43;
0545761;01/07/2025;SENHOR DO BONFIM;;;;;100%;;;;;;2;;;;;REPUTACIONAL;NÃO É POSSIVEL DESL;;;;;;;SACADO JUNHO;ALDAIR;;;;;;;;-10,9330151;;;-39,3748213;Realizado;NORDESTINA;;;;;;;;;;PLANO 14;;TRUE;25;23;;;;;;D144635;;LV + BT + ENERGZ;N3 P/ N4;TRUE;Energizada;DICSON;MP-CCOL-POV. SAO PEDRO COMPL-RURAL;;R$ 107.491,64;;
1182735;01/07/2025;SENHOR DO BONFIM;;;;;100%;;;;;;0;;;;;AL/MELHORAMENTO;SUBS TRF, SUBS 10 VAOS BT;;;;;;;10/07/2025;BADU;;;;;;;;-10,4668278;;;-40,1804812;Realizado;SENHOR DO BONFIM;;;;;;;18 76483;;;PLANO 8;;TRUE;4;5;18/07/2025;;17/07/2025;;;Q043523;;DESL + LV;1 N1, 1 N4;TRUE;Energizada;JOAO;RC-COEL-RUA-DOM PEDRO II-GAMBOA;;R$ 84.191,00;;
1161096;01/07/2025;SENHOR DO BONFIM;;;;;100%;;;;;;5;;;;;REPUTACIONAL;1 UC'S;;;;;;;16/07/2025;BADU;;;;;;;;-10,5765487;;;-39,9498358;Pendente;SENHOR DO BONFIM;;;;;;;;;;PLANO 14;;TRUE;47;43;26/07/2025;;14/07/2025;;;E069795;;LV + ENERGZ;N4-3 C/ CHP;TRUE;Energizada;JOAO;MP CIND POV ALTO BONITO RURAL;;R$ 418.713,48;;
0858295;01/07/2025;SENHOR DO BONFIM;;;;;100%;;;;;;6;;;;;REPUTACIONAL;;;;;;;;04/07/2025;EDVALDO;;;;;;;;-10,4184801;;;-40,8384324;Realizado;CAMPO FORMOSO;;79498;;;;;;;;PLANO 14;;TRUE;25;37;26/07/2025;;11/07/2025;;;B768939;;LV + ENERGZ;N3/N4 CHP;TRUE;Energizada;JOAO;MP CIND POV MAXIXEIRO-RURAL;;R$ 360.855,98;44.690,50;TRUE
1082438;01/07/2025;SENHOR DO BONFIM;;;;;100%;;;;;;1;;;;;PRIORIDADE PLANO ANEEL;112 UCS'S;;;;;;;SACADO JUNHO;EDVALDO;;;;;;;;-10,7209586;;;-40,3289308;Pendente;PINDOBAÇU;;;;;;;29 80508;;;PLANO 7;;TRUE;29;29;;;;;;B306389;;LV + ENERGZ;N3 P/ N4;TRUE;Energizada;JOAO;LD CIND FAZ IPUCA RURAL;;R$ 387.222,50;;
0940009;01/07/2025;SENHOR DO BONFIM;;;;;100%;;;;;;2;;;;;REPUTACIONAL;TROCAR POSTE MT;;;;;;;21/07/2025;JEFERSON;;;;;;;;-10,7704325;;;-39,3399141;;CANSANÇÃO;;Visitar obra;;;;;24 79044;;;PLANO 14;;TRUE;;45;31/07/2025;;17/07/2025;;;B305490;;DESL + ENERGZ;N3/N4 S/ CHP;TRUE;Em execução;DICSON;RR-CIND-POV RIACHO DAS P-R PEDRAS-CSC;;R$ 178.644,65;;
1146383;01/07/2025;SENHOR DO BONFIM;;;;;100%;;;;;;2;;;;;PRIORIDADE PLANO ANEEL;;;;;;;;21/07/2025;GESONI;;;;;;;;;;;;Pendente;FILADÉLFIA;;Visitar obra;FALSE;;;;;;;PLANO 14;;FALSE;24;23;;;;;;;;LV + ENERGZ;;TRUE;Energizada;JOAO;MP CIND POV BOA VISTA RURAL;;R$ 254.259,61;;FALSE
1203209;01/07/2025;SENHOR DO BONFIM;;;;;100%;;;;;;1;;;;;GOVERNO;ADF (2 VAOS), N1 C/ TRAFO, 1 SUBS 1 VAO 3X35;;;;;;;07/07/2025;GESONI;;;;;;;;-10,9240745;;;-40,0631371;Realizado;PONTO NOVO;;78060;;;;;13 80528;;;PLANO 7;;TRUE;4;2;16/07/2025;;14/07/2025;;;Q055421;;DESL + LV;LV 2 POSTES;TRUE;Energizada;JOAO;ER-CIND-POV-VARZEA DO PO O -RURAL;;R$ 45.333,35;5.904,19;
1168792;01/07/2025;SENHOR DO BONFIM;;;;;100%;;;;;;1;;;;;SOLICITAÇÃO ATENDIMENTO;NÃO É POSSIVEL DESL;;;;;;;SACADO JUNHO;GESONI;;;;;;;;-10,8994324;;;-40,1157079;Pendente;PONTO NOVO;;;;;;;;;;PLANO 7;;TRUE;15;18;;;;;;E528962;;LV + ENERGZ;LV 18 N1;TRUE;Energizada;JOAO;ER-CIND-LOT-RURAL-REASSENTAMENTO BARRAGE;;R$ 131.673,01;;
1044044;01/07/2025;SENHOR DO BONFIM;;;;;100%;;;;;;6;;;;;RECLAMAÇÃO;280 UC'S;;;;;;;11/07/2025;GESONI;;;;;;;;-10,7238843;;;-40,1632901;Pendente;FILADÉLFIA;;;;;;;29 80514;;;PLANO 7;;TRUE;;43;31/07/2025;;17/07/2025;;;Q039701;;LV + ENERGZ;N1-3 CHP;TRUE;Em execução;JOAO;MP-CCOL-POV ÁGUA LIMPA-RURAL;;R$ 184.949,75;;
1190969;01/07/2025;SENHOR DO BONFIM;;;;;100%;;;;;;1;;;;;REPUTACIONAL;93 UC'S;;;;;;;03/07/2025;JEFERSON;;;;;;;;-10,6429582;;;-39,5426553;Pendente;CANSANÇÃO;;;;;;;18 76492 ;;;PLANO 7;;TRUE;1;1;16/07/2025;;14/07/2025;;;D189147;;LV + ENERGZ;N1 C/ TRF;TRUE;Energizada;DICSON;ER-CIND-POV-LAGE DO JOS -RURAL;;R$ 19.222,11;2.374,80;
1165543;01/07/2025;SENHOR DO BONFIM;;;;;100%;;;;;;;;;;;PRIORIDADE PLANO ANEEL;;;;;;;;SACADO JUNHO;ISRAEL;;;;;;;;;;;;;ITIÚBA;;Visitar obra;FALSE;;;;;;;PLANO 7;;FALSE;;3;;;;;;;;BT;;TRUE;Em execução;JOAO;UB-CIND-RUA-SIMOES-N S DA CONCEI O;;;;FALSE
1170254;01/07/2025;SENHOR DO BONFIM;;;;;100%;;;;;;5;;;;;RECLAMAÇÃO;NÃO É POSSIVEL DESL;;;;;;;SACADO JUNHO;JEFERSON;;;;;;;;-10,6299415;;;-39,4706341;Pendente;CANSANÇÃO;;;;;;;;;;PLANO 7;;TRUE;12;12;;;;;;D576724;;LV + BT + ENERGZ;LV 3 N1;TRUE;Energizada;DICSON;ER-CIND-POV-PAU DE COLHER-1260;;R$ 131.840,28;;
1198578;01/07/2025;SENHOR DO BONFIM;;;;;100%;;;;;;1;;;;;REPUTACIONAL;;;;;;;;03/07/2025;JEFERSON;;;;;;;;-10,668702;;;-39,4719632;;CANSANÇÃO;;80838;;;;;;;;PLANO 7;;TRUE;7;6;10/07/2025;;08/07/2025;;;Q099584;;BT;;TRUE;Energizada;DICSON;AC-CIND-FAZ LAGOA DO SERTAO-RURAL;;R$ 26.090,32;11.406,19;
1125553;01/07/2025;SENHOR DO BONFIM;;;;;100%;;;;;;;;;;;GOVERNO;2 EQUIPES;;;;;;;15/07/2025;JOSE;;;;;;;;;;;;;MONTE SANTO;;;FALSE;;;;29 81609;;;PLANO 8;;TRUE;;6;;;;;;;;DESL;;TRUE;Em execução;DICSON;RC-PREF-ROD-BA 220 -FAZ LAGOA DA VOLTA;;;19.953,82;FALSE
1172956;01/07/2025;SENHOR DO BONFIM;;;;;100%;;;;;;2;;;;;REPUTACIONAL;;;;;;;;04/07/2025;JEFFERSON;;;;;;;;-10,1074835;;;-40,8170714;;CAMPO FORMOSO;;;;;;;;;;PLANO 7;;TRUE;2;2;10/07/2025;;08/07/2025;;;Q024725;;BT;;TRUE;Energizada;JOAO;ER-CIND-FAZ-PACUI-RURAL;;R$ 15.407,86;3.225,49;
1181949;01/07/2025;SENHOR DO BONFIM;;;;;100%;;;;;;;;;;;GOVERNO;;;;;;;;21/07/2025;JOSE;;;;;;;;;;;;Pendente;MONTE SANTO;;;FALSE;;;;30, 31;;;PLANO 7;;FALSE;;15;;;;;;;;DESL + LV;;TRUE;Em execução;DICSON;RC-SEIN-FAZ-QUIQUIM-RURAL-PEDRA VERMELHA;;;;FALSE
1170277;01/07/2025;SENHOR DO BONFIM;;;;;100%;;;;;;0;;;;;EQUIPAMENTO;NÃO É POSSIVEL DESL;;;;;;;08/07/2025;JEFFERSON;;;;;;;;-10,2054067;;;-40,5745999;Realizado;CAMPO FORMOSO;;79425, 80253;;;;;;;;PLANO 8;;TRUE;0;1;;;;;;Q022985;;LV + ENERGZ;LV RELIG;TRUE;Energizada;JOAO;IE-RELIGADOR-JNC-09X1-Q022984;;R$ 134.004,23;;
1184458;01/07/2025;SENHOR DO BONFIM;;;;;100%;;;;;;1;;;;;SOLICITAÇÃO ATENDIMENTO;NÃO É POSSIVEL DESL;;;;;;;04/07/2025;JOSE;;;;;;;;-10,4632632;;;-39,2439461;Pendente;MONTE SANTO;;;;;;;;;;PLANO 7;;TRUE;;7;17/07/2025;;14/07/2025;;;A249905;;LV + ENERGZ;N1 C/ TRF;TRUE;Em execução;DICSON;ER-CIND-FAZ-LAGOA DA VOLTA-RURAL;;R$ 71.093,68;11.856,02;
1108365;01/07/2025;SENHOR DO BONFIM;;;;;100%;;;;;;0;;;;;SOLICITAÇÃO ATENDIMENTO;;;;;;;;03/07/2025;JOILSON/DIEGO;;;;;;;;-10,5598357;;;-40,0955606;Realizado;SENHOR DO BONFIM;;;;;;;;;;PLANO 14;;TRUE;3;5;29/07/2025;;28/07/2025;;;D097755;;LV + ENERGZ;2 N1;TRUE;Energizada;JOAO;ER-CIND-POV-TANQUE VELHO-TANQUE VELHO;;R$ 38.525,31;8.951,75;
1181484;01/07/2025;SENHOR DO BONFIM;;;;;100%;;;;;;4;;;;;PRIORIDADE PLANO ANEEL;NÃO É POSSIVEL DESL;;;;;;;SACADO JUNHO;JOILSON/DIEGO;;;;;;;;-10,238673;;;-39,2133007;Realizado;SENHOR DO BONFIM;;;;;;;;;;PLANO 14;;TRUE;20;17;;;;;;D517281;;LV + BT + ENERGZ;LV N3/4 ;TRUE;Energizada;JOAO;ER-CIND-ET-SR BOMFIM 3 MORRINHOS-URBANA;;R$ 140.909,38;;
1177723;01/07/2025;SENHOR DO BONFIM;;;;;100%;;;;;;0;;;;;AL/MELHORAMENTO;212;;;;;;;21/07/2025;ALDAIR;;;;;;;;-10,8273031;;;-39,4923821;Pendente;NORDESTINA;;;;;;;18 76486;;;PLANO 1;;TRUE;;2;12/07/2025;;11/06/2025;;;D026487;;LV + ENERGZ;2 N1 C/ REGUL;TRUE;Em execução;DICSON;AL-02-NOR-CONSTR-EQ;;R$ 388.702,22;4.556,63;
1193545;01/07/2025;SENHOR DO BONFIM;;;;;100%;;;;;;0;;;;;AL/MELHORAMENTO;NÃO É POSSIVEL DESL;;;;;;;07/07/2025;ALDAIR + BIGODE;;;;;;;;-10,7779993;;;-39,5615471;Pendente;NORDESTINA;;;;;;;;;;PLANO 1;;TRUE;;71;31/07/2025;;07/07/2025;;;D714585;;LV + ENERGZ;1 N1-3, 3 N1, 1 N4;TRUE;Em execução;DICSON;AL QDD-09S4-CONSTRUCAO;;R$ 1.035.467,34;164.125,47;
1200672;01/07/2025;SENHOR DO BONFIM;;;;;100%;;;;;;0;;;;;SOLICITAÇÃO ATENDIMENTO;Terminar estruturas AVIFAUNA;;;;;;;SACADO JUNHO;JOSE;;;;;;;;-10,2054067;;;-40,5745999;;MONTE SANTO;;;;;;;26 79559;;;PLANO 7;;TRUE;0;5;;;;;;Q022985;;DESL;;TRUE;Energizada;DICSON;RR-CIND-POV-JUA-S O BENTO;;R$ 119.404,34;;
1176389;01/07/2025;SENHOR DO BONFIM;;;;;100%;;;;;;0;;;;;AL/MELHORAMENTO;NÃO É POSSIVEL DESL;;;;;;;21/07/2025;ALDAIR;;;;;;;;-10,743699;;;-39,4443619;Pendente;NORDESTINA;;;;;;;;;;PLANO 1;;;;2;19/07/2025;;18/07/2025;;;Q095587;;LV + ENERGZ;2 N1 C/ REGUL;TRUE;Em execução;DICSON;AL-NOR-01N1-RECOND-EQUIPAMENTO;;R$ 390.193,62;;
1165914;01/07/2025;SENHOR DO BONFIM;;;;;100%;;;;;;0;;;;;AL/MELHORAMENTO;NÃO É POSSIVEL DESL;;;;;;;21/07/2025;ALDAIR;;;;;;;;-10,6886805;;;-39,4846989;Pendente;NORDESTINA;;;;;;;;;;PLANO 8;;;;2;29/07/2025;;28/07/2025;;;Q095459;;LV + ENERGZ;2 N1 E RELOC REGUL;TRUE;Em execução;DICSON;EQ-COEL-RUA-MARCOS DE JESUS-ALTO DAS POP;;R$ 114.607,64;;
1043096;01/07/2025;SENHOR DO BONFIM;;;;;100%;;;;;;;;;;;REPUTACIONAL;;;;;;;;15/07/2025;JOSE;;;;;;;;;;;;;MONTE SANTO;;;FALSE;;;;25 79554;;;PLANO 14;;TRUE;22;22;;;;;;;;DESL + ENERGZ;;TRUE;Energizada;DICSON;MP-CCOL-FAZ-LAGOA DO CORREDOR-RURAL;;R$ 257.838,10;;FALSE
1132965;01/07/2025;SENHOR DO BONFIM;;;;;100%;;;;;;1;;;;;REPUTACIONAL;;;;;;;;SACADO JUNHO;JOSE;;;;;;;;-10,6547057;;;-39,2549557;;MONTE SANTO;;83273;;;;;;;;PLANO 14;;TRUE;9;8;;;;;;D152839;;BT;;TRUE;Energizada;DICSON;ER-CIND-POV-PEDREGULHO-RURAL;;R$ 49.487,93;;
1172446;01/07/2025;SENHOR DO BONFIM;;;;;100%;;;;;;0;;;;;REPUTACIONAL;;;;;;;;04/07/2025;JOSE;;;;;;;;-10,4245018;;;-39,3344775;;MONTE SANTO;;;;;;;;;;PLANO 7;;TRUE;3;3;09/07/2025;;08/07/2025;;;E358942;;BT;;TRUE;Energizada;DICSON;UB-CIND-RUA-CORONEL JO O CORDEIRO-ALTO;;R$ 18.788,59;3.674,48;
1203693;01/07/2025;SENHOR DO BONFIM;;;;;100%;;;;;;1;;;;;REPUTACIONAL;;;;;;;;SACADO JUNHO;JOSE;;;;;;;;-10,6508911;;;-39,2612228;;MONTE SANTO;;83279;;;;;;;;PLANO 7;;TRUE;3;3;11/07/2025;;10/07/2025;;;D152864;;BT;;TRUE;Energizada;DICSON;ER-CIND-POV-PEDREGULHO-RURAL;;R$ 16.584,52;5.011,48;
1197295;01/07/2025;SENHOR DO BONFIM;;;;;100%;;;;;;14;;;;;QLP;REALOC TRF (Precisa implantar 2 postes e 2 vao BT antes);;;;;;;09/07/2025;LALA;;;;;;;;-10,4642887;;;-40,3590396;;CAMPO FORMOSO;;;;;;;17 72955;;;PLANO 7;;TRUE;16;15;17/07/2025;;07/07/2025;;;B062471;;DESL;;TRUE;Energizada;JOAO;ER-CIND-FAZ-PILOES-RURAL;;R$ 73.043,81;29.383,43;
1146608;01/07/2025;SENHOR DO BONFIM;;;;;100%;;;;;;7;;;;;RECLAMAÇÃO;NÃO É POSSIVEL DESL;;;;;;;09/07/2025;LALA;;;;;;;;-10,4772578;;;-40,3530188;Pendente;CAMPO FORMOSO;;;;;;;;;;PLANO 14;;TRUE;15;16;25/07/2025;;18/07/2025;;;D520441;;LV + ENERGZ;N1-3 CHP;TRUE;Energizada;JOAO;ER-CIND-FAZ-PILOES-RURAL;;R$ 109.138,53;27.801,99;
1158477;01/07/2025;SENHOR DO BONFIM;;;;;100%;;;;;;1;;;;;GOVERNO;38 UC'S;;;;;;;14/07/2025;RAEL;;;;;;;;-11,047114;;;-39,7604503;Pendente;QUEIMADAS;;;;;;;26 79558;;;PLANO 14;;TRUE;;18;22/07/2025;;16/07/2025;;;D582546;;LV + ENERGZ;N3/N4 C/ CHP;TRUE;Em execução;DICSON;RR-SEIN-FAZ-SANTA TEREZA-POV ALECRIM;;R$ 157.067,04;26.192,67;
1155338;01/07/2025;SENHOR DO BONFIM;;;;;100%;;;;;;3;;;;;GOVERNO;0 UC'S;;;;;;;14/07/2025;MARCELO;;;;;;;;-11,0588737;;;-39,5505086;Pendente;QUEIMADAS;;;;;;;29 80518;;;PLANO 14;;TRUE;42;40;31/07/2025;;23/07/2025;;;E518179;;LV + ENERGZ;N1-3 S/ CHP;TRUE;Energizada;DICSON;ER-COEL-FAZ-RIO DO PEIXE-RURAL-QUEIMADAS;;R$ 272.368,57;67.014,85;
1090074;01/07/2025;SENHOR DO BONFIM;;;;;100%;;;;;;1;;;;;PRIORIDADE PLANO ANEEL;68 UCS;;;;;;;SACADO JUNHO;MARCELO;;;;;;;;-11,1253775;;;-39,9327972;Pendente;QUEIMADAS;;;;;;;22 78013;;;PLANO 14;;TRUE;21;15;;;;;;D186221;;LV + ENERGZ;LV N3/4 CHP;TRUE;Energizada;DICSON;MP CIND FAZ MUCAMBO RURAL;;R$ 126.511,97;;
1155419;01/07/2025;SENHOR DO BONFIM;;;;;100%;;;;;;4;;;;;GOVERNO;69 UC'S;;;;;;;07/07/2025;RAEL;;;;;;;;-11,0787966;;;-39,5842949;Pendente;QUEIMADAS;;;;;;;24 79046;;;PLANO 7;;TRUE;23;23;15/07/2025;;07/07/2025;;;P367324;;LV + ENERGZ;N3/N4 S/ CHP;TRUE;Energizada;DICSON;ER-SEIN-POV-CANCELAS-RURAL;;R$ 170.766,30;38.724,60;
1108950;01/07/2025;SENHOR DO BONFIM;;;;;100%;;;;;;5;;;;;REPUTACIONAL;;;;;;;;03/07/2025;REGINALDO;;;;;;;;-9,9009181;;;-39,9627596;;JAGUARARI;;;;;;;;;;PLANO 14;;TRUE;9;8;10/07/2025;;07/07/2025;;;B977291;;BT;;TRUE;Energizada;JOAO;ER-CIND-FAZ-CARPINTARIA-NCL PILAR-RURAL;;R$ 43.099,10;13.405,26;
1195324;01/07/2025;SENHOR DO BONFIM;;;;;100%;;;;;;1;;;;;OBRA +;;;;;;;;12/07/2025;WAGNER;;;;;;;;-10,584679;;;-40,19565;;ANTONIO GONCALVES;;;FALSE;;;;;;;PLANO 7;;TRUE;2;2;;;;;;D002794;;BT;;TRUE;Energizada;JOAO;ER-CIND-RUA-DO CAMPO-CENTRO;;R$ 9.811,92;;FALSE
1185391;01/07/2025;SENHOR DO BONFIM;;;;;100%;;;;;;1;;;;;OBRA +;;;;;;;;12/07/2025;WAGNER;;;;;;;;-10,663457;;;-40,145658;;FILADÉLFIA;;;FALSE;;;;;;;PLANO 7;;TRUE;3;3;;;;;;D091313;;BT;;TRUE;Energizada;JOAO;ER-CIND-POV-NOVO HORIZONTE-N HORIZONTE;;R$ 18.054,49;;FALSE
1188766;01/07/2025;SENHOR DO BONFIM;;;;;100%;;;;;;1;;;;;OBRA +;;;;;;;;12/07/2025;WAGNER;;;;;;;;-10,494315;;;-40,161061;;SENHOR DO BONFIM;;;FALSE;;;;;;;PLANO 7;;TRUE;3;3;;;;;;D922253;;BT;;TRUE;Energizada;JOAO;ER-SEIN-ROD-LOMANTO JR-PASSAGEM VELHA;;R$ 16.746,53;;FALSE
1209307;01/07/2025;SENHOR DO BONFIM;;;;;100%;;;;;;1;;;;;OBRA +;;;;;;;;12/07/2025;WAGNER;;;;;;;;-10,453306;;;-40,190138;;SENHOR DO BONFIM;;;FALSE;;;;;;;PLANO 7;;TRUE;2;2;;;;;;Q040580;;BT;;TRUE;Energizada;JOAO;UB-CIND-RUA-LESTE BRASILEIRO-CENTRO-SENH;;R$ 13.029,84;;FALSE
1200655;01/07/2025;SENHOR DO BONFIM;;;;;100%;;;;;;0;;;;;GOVERNO;NÃO É POSSIVEL DESL;;;;;;;SACADO JUNHO;WAGNER;;;;;;;;-10,5067374;;;-40,0884618;Realizado;SENHOR DO BONFIM;;;;;;;;;;PLANO 7;;TRUE;67;67;12/07/2025;;16/06/2025;;;Q049739;;LV + ENERGZ;N1-3 C/ CHP;TRUE;Energizada;JOAO;IP-SEIN-POV-DISTRITO DE QUICE-RURAL-QUIC;;R$ 455.027,69;;
1193545;01/08/2025;SENHOR DO BONFIM;;;;;100%;;;;;;0;;;;;AL/MELHORAMENTO;;;;;;;;11/08/2025;ALDAIR/BIGODE;01/08/2025;;;;;;;-10,7788284;;;-39,5621061;Realizado;NORDESTINA;;87134 87135 (LV);;;;;;;;PLANO 1;;FALSE;76;71;30/08/2025;;01/08/2025;;;D714584;;LV + ENERGZ;1 N1-3, 3 N1, 1 N4;;Energizada;DICSON;AL QDD-09S4-CONSTRUCAO;;R$ 1.035.467,34;;
1134327;01/08/2025;SENHOR DO BONFIM;;;;;50%;;;;;;1;;;;;PRIORIDADE PLANO ANEEL;;;;;;;;;JEFFERSON;;;;;;;;-10.8421072;;;-39.308;Pendente;CANSANÇÃO;;;;;;;;;;PLANO 14;;;;56;;;;;;E284390;;LV + ENERGZ;N3/4;;NÃO DEFINIDO;DICSON;LD CIND FAZ SÃO JOÃO RURAL;;R$ 756.608,39;;
1137567;01/08/2025;SENHOR DO BONFIM;;;;;50%;;;;;;6;;;;;PRIORIDADE PLANO ANEEL;;;;;;;;11/08/2025;JEFFERSON/MARCELO;;;;;;;;-10,7369388;;;-39,3225267;Realizado;CANSANÇÃO;;94547 94548(LV) - 98339-(BT)  98357-(BT);;;;;;;;PLANO 14;;;;51;30/08/2025;;11/08/2025;;;D708789;;LV + ENERGZ;1 N4-3 + N3;TRUE;NÃO DEFINIDO;DICSON;MP CIND-POV-NOVO ACORDO RURAL;;R$ 465.190,43;;
0877780;01/08/2025;SENHOR DO BONFIM;;;;;50%;;;;;;9;;;;;REPUTACIONAL;;;;;;;;;OSMAR;;;;;;;;-10,9814946;;;-39,6346926;;QUEIMADAS;;;;;;;;;;PLANO 14;;;;49;;;;;;Q104891;;DESL +LV + ENERGZ;;;Paralisada;DICSON;MP-CCOL-FAZ RAIO DO SOL-RURAL;;R$ 196.518,35;;
0940009;01/08/2025;SENHOR DO BONFIM;;;;;100%;;;;;;;;;;;REPUTACIONAL;;;;;;;;;JEFFERSON;01/08/2025;;;;;;;;;;;;CANSANÇÃO;;;FALSE;;;;;;;PLANO 14;;FALSE;47;45;30/08/2025;;01/08/2025;;;;;DESL + ENERGZ;N3/N4 S/ CHP;TRUE;Energizada;DICSON;RR-CIND-POV RIACHO DAS P-R PEDRAS-CSC;;R$ 178.644,65;;FALSE
1044044;01/08/2025;SENHOR DO BONFIM;;;;;100%;;;;;;2;;;;;RECLAMAÇÃO;;;;;;;;;GESONI;01/08/2025;;;;;;;;;;;Realizado;FILADÉLFIA;;94577 (LV);FALSE;;;;;;;PLANO 7;;FALSE;37;43;30/08/2025;;01/08/2025;;;;;LV + ENERGZ;N1-3 CHP;TRUE;Energizada;JOÃO;MP-CCOL-POV ÁGUA LIMPA-RURAL;;R$ 178.644,65;;FALSE
1161547;01/08/2025;SENHOR DO BONFIM;;;;;50%;;;;;;1;;;;;GOVERNO;;;;;;;;05/08/2025;ISRAEL;01/08/2025;;;;;;;-10,8264401;;;-39,6008524;Realizado;QUEIMADAS;;97727(LV)      98876(BT)       97525(BT)  ;;;;;;;;PLANO 14;;;35;35;18/08/2025;;06/08/2025;;;Q090282;;LV + BT + ENERGZ;N3/4;TRUE;Energizada;DICSON;ER-CCOL-POV-BOCA DO MATO-BOCA DO MATO;;R$ 287.956,17;;
1200619;01/08/2025;SENHOR DO BONFIM;;;;;100%;;;;;;4;;;;;PRIORIDADE PLANO ANEEL;;;;;;;;;;;;;;;;;-10.4260454;;;-40.5242499;Pendente;CAMPO FORMOSO;;;;;;;;;;PLANO 14;;;;32;;;;;;E477078;;LV + ENERGZ;N3/4;;Paralisada;JOÃO;RR-CIND-POV-LAGEDO RASO-TIQUARA-RURAL;;R$ 239.433,16;;
1075602;01/08/2025;SENHOR DO BONFIM;;;;;100%;;;;;;1;;;;;RECLAMAÇÃO;;;;;;;;18/08/2025;GESONI;;;;;;;;-11,1998166;;;-39,8280442;Pendente;QUEIMADAS;;94571(LV)                99742-(BT) ;;;;;;;;PLANO 7;;;;29;30/08/2025;;25/08/2025;;;D555004;;LV + ENERGZ;N3;;Em execução;DICSON;AC-CIND-FAZ-NOVA ESPERAN A-RURAL;;R$ 155.068,88;;
1148107;01/08/2025;SENHOR DO BONFIM;;;;;100%;;;;;;5;;;;;AIC AUDITORIA;;;;;;;;11/08/2025;GESONI/MARCELO;;;;;;;;-11,2970312;;;-39,8701245;Pendente;QUEIMADAS;;94561 (LV)               99714-(BT);;;;;;;;PLANO 14;;;;25;16/08/2025;;04/08/2025;;;D277799;;LV + ENERGZ;1 N4-3;;Em execução;DICSON;MP CIND POV TIRIRCA E BANABEIRA RURAL;;R$ 240.479,16;;
1155426;01/08/2025;SENHOR DO BONFIM;;;;;100%;;;;;;1;;;;;GOVERNO;;;;;;;;18/08/2025;ISRAEL;;;;;;;;-11,0629465;;;-39,5846894;Pendente;QUEIMADAS;;94572 (LV)      99788-(BT)    99765-(BT);;;;;;;;PLANO 7;;;;24;30/08/2025;;25/08/2025;;;D205317;;LV + ENERGZ;N3;;Em execução;DICSON;ER-CCOL-POV-VAZEA CURRAL-RURAL;;R$ 211.324,50;;
0636485;01/08/2025;SENHOR DO BONFIM;;;;;100%;;;;;;2;;;;;PRIORIDADE PLANO ANEEL;;;;;;;;18/08/2025;MARCELO;01/08/2025;;;;;;;-10,9719001;;;-39,7030752;Realizado;QUEIMADAS;;94573(LV)            100370-(BT);;;;;;;;PLANO 14;;;12;23;16/08/2025;;04/08/2025;;;D314243;;LV + ENERGZ;N3/4;;Energizada;DICSON;MP-CCOL-F. PAPAGAIO-POÇA DA SEREIA-RURAL;;R$ 94.527,05;;
1161877;01/08/2025;SENHOR DO BONFIM;;;;;50%;;;;;;1;;;;;GOVERNO;;;;;;;;11/08/2025;MARCELO;;;;;;;;-10,9428983;;;-39,802938;Pendente;QUEIMADAS;;94563(LV)                98206-(BT);;;;;;;;PLANO 7;;;;23;23/08/2025;;18/08/2025;;;D668425;;LV + BT + ENERGZ;N3/4;;NÃO DEFINIDO;DICSON;ER-SEIN-POV-BOQUEIRAO-BOQUEIRAO;;R$ 229.942,73;;
1125291;01/08/2025;SENHOR DO BONFIM;;;;;100%;;;;;;0;;;;;GOVERNO;;;;;;;;30/07/2025;REGINALDO;01/08/2025;;;;;;;-10,5414168;;;-40,0297585;Realizado;SENHOR DO BONFIM;;87131(LV) 92857(BT);;;;;;;;PLANO 7;;TRUE;21;21;15/08/2025;;01/08/2025;;;Q048210;;DESL + LV + BT;1 N1;TRUE;Energizada;JOÃO;ER-SEIN-RUA-SR DO BONFIM-CENTRO;;R$ 133.665,40;;
1123444;01/08/2025;SENHOR DO BONFIM;;;;;100%;;;;;;3;;;;;PRIORIDADE PLANO ANEEL;;;;;;;;18/08/2025;MARCELO/GESONI;01/08/2025;;;;;;;-11,0795708;;;-39,7370091;Realizado;QUEIMADAS;;94570(LV)                98243-(BT);;;;;;;;PLANO 14;;;21;21;23/08/2025;;18/08/2025;;;D509021;;LV + BT + ENERGZ;;;Energizada;DICSON;LD CND FAZ ICHU RURAL;;R$ 228.835,36;;
1158477;01/08/2025;SENHOR DO BONFIM;;;;;100%;;;;;;;;;;;QLP;;;;;;;;;MARCELO;01/08/2025;;;;;;;;;;;;QUEIMADAS;;;FALSE;;;;;;;PLANO 14;;FALSE;15;18;09/08/2025;;06/08/2025;;;;;;;FALSE;Energizada;DICSON;RR-SEIN-FAZ-SANTA TEREZA-POV ALECRIM;;R$ 157.067,04;;FALSE
1125500;01/08/2025;SENHOR DO BONFIM;;;;;100%;;;;;;0;;;;;GOVERNO;28 99508 FALTA PEX;;;;;;;12/08/2025;EDVALDO;01/08/2025;;;;;;;-10,3815726;;;-40,0779726;Realizado;SENHOR DO BONFIM;;92155(LV) 94566(LV);TRUE;;;;;;;PLANO 7;;TRUE;16;16;26/08/2025;;12/08/2025;;;Q045408;;LV + DESL;;TRUE;Energizada;JOÃO;RI-SEIN-POV-PEREIROS-PEREIROS;;R$ 137.816,99;;TRUE
1093364;01/08/2025;SENHOR DO BONFIM;;;;;100%;;;;;;1;;;;;REPUTACIONAL;;;;;;;;12/08/2025;REGINALDO;01/08/2025;;;;;;;-10,041521;;;-40,225644;Realizado;JAGUARARI;;94565(LV)  98414-BT   98438-(BT);;;;;;;;PLANO 14;;;16;16;30/08/2025;;25/08/2025;;;Q047507;;LV + ENERGZ;1 N4-3;;Energizada;JOÃO;LD CIND RUA DA LINHA RURAL;;R$ 155.066,05;;
1171504;01/08/2025;SENHOR DO BONFIM;;;;;100%;;;;;;2;;;;;PRIORIDADE PLANO ANEEL;;;;;;;;19/08/2025;REGINALDO;01/08/2025;;;;;;;-9,9059478;;;-40,1360988;Realizado;JAGUARARI;;94575(LV)                     98805-(BT);;;;;;;;PLANO 14;;;16;16;30/08/2025;;25/08/2025;;;D394389;;LV + ENERGZ;1 N4-3;;Energizada;JOÃO;MP - CIND FAZ ANGICO BARRINHA - RURAL;;R$ 146.670,43;;
1133580;01/08/2025;SENHOR DO BONFIM;;;;;100%;;;;;;0;;;;;RECLAMAÇÃO;;;;;;;;11/08/2025;OSMAR;;;;;;;;-10,4075682;;;-39,1767321;Pendente;MONTE SANTO;;94549(LV)        98935(BT)   98942-(BT);;;;;;;;PLANO 14;;;;15;12/08/2025;;18/08/2025;;;D939343;;LV + ENERGZ;1 N1 C/ TRF;;Em execução;DICSON;ER-CIND-POV-LAGOA DA PEDRA-RURAL;;R$ 20.301,31;;
1181949;01/08/2025;SENHOR DO BONFIM;;;;;100%;;;;;;0;;;;;GOVERNO;28 e 29 FALTA PEX;;;;;;;;OSMAR/JOSE;01/08/2025;;;;;;;-10,4424618;;;-39,3147106;Realizado;MONTE SANTO;;100373(LV);FALSE;;;;;;;PLANO 7;;FALSE;13;15;22/08/2025;;11/08/2025;;;A249997;;DESL + LV;8 N4;FALSE;Energizada;DICSON;RC-SEIN-FAZ-QUIQUIM-RURAL-PEDRA VERMELHA;;R$ 199.612,52;;FALSE
1206259;01/08/2025;SENHOR DO BONFIM;;;;;100%;;;;;;4;;;;;PRIORIDADE PLANO ANEEL;21 90857;;;;;;;18/08/2025;EDVALDO;01/08/2025;;;;;;;-10.3889012;;;-40.4038222;;CAMPO FORMOSO;;100385-(BT);;;;;;;;PLANO 14;;;14;14;20/08/2025;;18/08/2025;;;E141298;;DESL;;;Energizada;JOÃO;ER-CIND-POV-CAMPO ALEGRE 5-CAMPO ALEGRE;;R$ 83.756,68;;
1152994;01/08/2025;SENHOR DO BONFIM;;;;;100%;;;;;;2;;;;;PRIORIDADE PLANO ANEEL;;;;;;;;04/08/2025;ANAILTON;01/08/2025;;;;;;;-10,9400017;;;-39,5565632;Realizado;QUEIMADAS;;99668-(BT) 100986(LV);;;;;;;;PLANO 7;;FALSE;12;12;15/08/2025;;04/08/2025;;;D330952;;LV + ENERGZ;N3/4;TRUE;Energizada;DICSON;ER-CIND-FAZ-BOA SORTE 72-RURAL;;R$ 131.900,16;;
1141711;01/08/2025;SENHOR DO BONFIM;;;;;100%;;;;;;5;;;;;PRIORIDADE PLANO ANEEL;;;;;;;;11/08/2025;OSMAR;01/08/2025;;;;;;;-10,3596809;;;-39,4978574;Realizado;MONTE SANTO;;94560(LV)       99446-(BT)      99415-(BT);;;;;;;;PLANO 14;;;17;12;23/08/2025;;18/08/2025;;;A254727;;LV + ENERGZ;1 N1-3;;Energizada;DICSON;RR-CIND-POV-PEDRA VERMELHA 40-RURAL;;R$ 87.996,29;;
1198151;01/08/2025;SENHOR DO BONFIM;;;;;100%;;;;;;3;;;;;PRIORIDADE PLANO ANEEL;;;;;;;;30/07/2025;EDVALDO;01/08/2025;;;;;;;-10,7272672;;;-40,3400179;Realizado;PINDOBAÇU;;;;;;;;;;PLANO 14;;;11;11;06/08/2025;;01/08/2025;;;Q039185;;LV + ENERGZ;1 N1-3;TRUE;Energizada;JOÃO;ER-CIND-FAZ-BARREIRA-RURAL;;R$ 76.005,27;;
1180267;01/08/2025;SENHOR DO BONFIM;;;;;100%;;;;;;1;;;;;SOLICITAÇÃO ATENDIMENTO;;;;;;;;;;;;;;;;;-10,0808017;;;-40,754031;Pendente;CAMPO FORMOSO;;;;;;;;;;PLANO 7;;;;11;;;;;;Q024111;;LV + ENERGZ;N3/4;;Paralisada;JOÃO;ER-CIND-POV-SUMIDOURO-RURAL;;R$ 130.483,38;;
1207058;01/08/2025;SENHOR DO BONFIM;;;;;100%;;;;;;3;;;;;OBRA ZERO POSTE;;;;;;;;;JOILSON;01/08/2025;;;;;;;;;;;;CAMPO FORMOSO;;;FALSE;;;;;;;;;FALSE;10;10;30/08/0205;;01/08/2025;;;;;;;FALSE;Energizada;JOÃO;ER-CIND-FAZ-MATO LIMPO 120-A-RURAL;;R$ 52.931,28;;FALSE
1164341;01/08/2025;SENHOR DO BONFIM;;;;;100%;;;;;;3;;;;;PRIORIDADE PLANO ANEEL;;;;;;;;19/08/2025;REGINALDO;01/08/2025;;;;;;;-9,8813412;;;-39,9348223;Realizado;JAGUARARI;;94574(LV)        98769-(BT);;;;;;;;PLANO 7;;;10;10;23/08/2025;;18/08/2025;;;Q066751;;LV + ENERGZ;1 N4-3;;Energizada;JOÃO;LD CIND RO MINA BARRINHA RURAL;;R$ 82.076,46;;
1181110;01/08/2025;SENHOR DO BONFIM;;;;;100%;;;;;;3;;;;;PRIORIDADE PLANO ANEEL;26 95174;;;;;;;06/08/2025;JEFFERSON;01/08/2025;;;;;;;-10,661654;;;-39,4849137;;CANSANÇÃO;;98271                          95174-95174-(BT);;;;;;;;PLANO 7;;;9;9;08/08/2025;;05/08/2025;;;B706964;;DESL + BT;2 BI;FALSE;Energizada;DICSON;UB-CIND-RUA-VALDOMIRO SANTOS-TAPERA;;R$ 54.909,15;;
1088855;01/08/2025;SENHOR DO BONFIM;;;;;100%;;;;;;1;;;;;RECLAMAÇÃO;;;;;;;;06/08/2025;ISRAEL;;;;;;;;-10,7715694;;;-39,6952645;;ITIÚBA;;;;;;;;;;PLANO 14;;;;9;12/08/2025;;06/08/2025;;;D301468;;BT;;;Paralisada;JOÃO;ER-CIND-FAZ-ALEGRE-ROMULO CAMPOS;;R$ 33.497,18;;
1175533;01/08/2025;SENHOR DO BONFIM;;;;;100%;;;;;;2;;;;;PRIORIDADE PLANO ANEEL;;;;;;;;11/08/2025;OSMAR;;;;;;;;-10,1943803;;;-39,4088117;Pendente;MONTE SANTO;;94559(LV)                  99036-(BT);;;;;;;;PLANO 14;;;;9;20/08/2025;;11/08/2025;;;A284303;;LV + ENERGZ;1 N1 C/ TRF;;Em execução;DICSON;ER-CIND-POV-LAGOA GRANDE-RURAL;;R$ 91.398,66;;
1040506;01/08/2025;SENHOR DO BONFIM;;;;;100%;;;;;;2;;;;;RECLAMAÇÃO;;;;;;;;04/08/2025;OSMAR;01/08/2025;;;;;;;-10,6260534;;;-39,3933698;;MONTE SANTO;;;;;;;;;;PLANO 14;;TRUE;8;8;09/08/2025;;04/08/2025;;;D613020 ;;BT;;TRUE;Energizada;DICSON;ER-CIND-PR -STO ANTONIO-LAGOA DO MEIO;;R$ 44.893,51;;
1167483;01/08/2025;SENHOR DO BONFIM;;;;;100%;;;;;;2;;;;;RECLAMAÇÃO;;;;;;;;02/08/2025;REGINALDO;01/08/2025;;;;;;;-10,3916105;;;-40,1605891;Realizado;SENHOR DO BONFIM;;90942(LV) 92850(BT);;;;;;;;PLANO 14;;;8;8;15/08/2025;;02/08/2025;;;Q043743;;LV +  ENERGZ;1 N1;TRUE;Energizada;JOÃO;ER-CIND-ET-VELHA CARRAPICHEL-RURAL-CARRA;;R$ 73.274,38;;
1138650;01/08/2025;SENHOR DO BONFIM;;;;;100%;;;;;;3;;;;;PRIORIDADE PLANO ANEEL;;;;;;;;;;;;;;;;;-10,6050323;;;-39,7385837;Pendente;ITIÚBA;;;;;;;;;;PLANO 7;;;;8;;;;;;Q097715;;LV + ENERGZ;1 N1-3;;Paralisada;JOÃO;ER-CCOL-FAZ-BEIRA DAGUA 51-RURAL;;R$ 71.767,33;;
1134498;01/08/2025;SENHOR DO BONFIM;;;;;100%;;;;;;3;;;;;REPUTACIONAL;;;;;;;;11/08/2025;JOSE;01/08/2025;;;;;;;-10,5447593;;;-39,4366355;Realizado;MONTE SANTO;;94556(LV)                  99007-(BT)  ;;;;;;;;PLANO 14;;;15;7;15/08/2025;;11/08/2025;;;D244428;;LV + ENERGZ;N3/4;;Energizada;DICSON;LD-CCOL-POV.VARZEA DOS BOIS RURAL;;R$ 101.240,94;;
1166043;01/08/2025;SENHOR DO BONFIM;;;;;100%;;;;;;0;;;;;JUDICIAL;;;;;;;;02/08/2025;REGINALDO;01/08/2025;;;;;;;-10,430019;;;-40,1397818;Realizado;SENHOR DO BONFIM;;90941(LV) 91943 (BT);;;;;;;;PLANO 14;;;7;7;15/08/2025;;02/08/2025;;;D383282;;LV + BT;1 N1;TRUE;Energizada;JOÃO;ER-CIND-POV-DE BARAUNA-RURAL;;R$ 40.464,23;;
1184458;01/08/2025;SENHOR DO BONFIM;;;;;100%;;;;;;1;;;;;SOLICITAÇÃO ATENDIMENTO;;;;;;;;;JOSE;01/08/2025;;;;;;;;;;;Realizado;MONTE SANTO;;87136(LV)                  99065-(BT);FALSE;;;;;;;PLANO 7;;FALSE;7;7;30/08/2025;;01/08/2025;;;;;LV + ENERGZ;N1 C/ TRF;TRUE;Energizada;DICSON;ER-CIND-FAZ-LAGOA DA VOLTA-RURAL;;R$ 71.093,68;;FALSE
1161733;01/08/2025;SENHOR DO BONFIM;;;;;100%;;;;;;1;;;;;MAIS OBRAS;;;;;;;;;EDVALDO;01/08/2025;;;;;;;;;;;;SENHOR DO BONFIM;;;FALSE;;;;;;;;;FALSE;6;6;30/08/0205;;01/08/2025;;;;;;;FALSE;Energizada;JOÃO;ER-CIND-POV-MAMAO-RURAL;;R$ 37.818,78;;FALSE
1140968;01/08/2025;SENHOR DO BONFIM;;;;;100%;;;;;;3;;;;;RECLAMAÇÃO;;;;;;;;04/08/2025;ANAILTON;01/08/2025;;;;;;;-10,9319149;;;-39,6263993;Realizado;QUEIMADAS;;2025-95776 (LV)    99625-(BT)     99596-(BT);;;;;;;;PLANO 14;;;6;6;15/08/2025;;04/08/2025;;;D714428;;LV + ENERGZ;N3 + 1 N1 C/TRF;TRUE;Energizada;DICSON;ER-CCOL-POV-JACURICI-RURAL;;R$ 87.241,46;;
1125553;01/08/2025;SENHOR DO BONFIM;;;;;100%;;;;;;;;;;;GOVERNO;26 95173 ;;;;;;;;JOSE;01/08/2025;;;;;;;;;;;;MONTE SANTO;;;FALSE;;;;;;;PLANO 8;;FALSE;6;6;30/08/2025;;01/08/2025;;;;;DESL;;TRUE;Energizada;DICSON;RC-PREF-ROD-BA 220 -FAZ LAGOA DA VOLTA;;R$ 100.355,98;;FALSE
1108596;01/08/2025;SENHOR DO BONFIM;;;;;100%;;;;;;1;;;;;RECLAMAÇÃO;;;;;;;;02/08/2025;REGINALDO;01/08/2025;;;;;;;-10,6279275;;;-40,0678544;Realizado;SENHOR DO BONFIM;;90939(LV) 91958(BT);;;;;;;;PLANO 14;;;5;5;05/08/2025;;02/08/2025;;;D211939;;LV + BT;4 N1;TRUE;Energizada;JOÃO;ER-CIND-POV-RODEADOR-RURAL;;R$ 34.145,78;;
1192137;01/08/2025;SENHOR DO BONFIM;;;;;100%;;;;;;1;;;;;GOVERNO;;;;;;;;;;;;;;;;;-10,6321634;;;-39,8987568;;ITIÚBA;;;;;;;;;;PLANO 7;;;;5;;;;;;D294689;;DESL;;;Paralisada;JOÃO;ER-CIND-POV-PICOS-RURAL;;R$ 58.088,16;;
1190677;01/08/2025;SENHOR DO BONFIM;;;;;100%;;;;;;1;;;;;REPUTACIONAL;;;;;;;;26/07/2025;REGINALDO;01/08/2025;;;;;;;-10.5146881;;;-40.1634207;;SENHOR DO BONFIM;;89451 (BT);FALSE;;;;;;;PLANO 7;;TRUE;4;4;01/08/2025;;01/08/2025;;;E524678;;BT;;TRUE;Energizada;JOÃO;ER-CIND-POV-PASSAGEM VELHA-RURAL;;R$ 27.427,36;;FALSE
1174765;01/08/2025;SENHOR DO BONFIM;;;;;100%;;;;;;2;;;;;RECLAMAÇÃO;;;;;;;;04/08/2025;OSMAR;01/08/2025;;;;;;;-10,3166437;;;-39,1912018;;MONTE SANTO;;                         97538(BT) ;;;;;;;;PLANO 14;;TRUE;4;4;06/08/2025;;04/08/2025;;;D130220;;BT;;TRUE;Energizada;DICSON;ER-CIND-POV-PEDRA BRANCA-RURAL;;R$ 23.217,49;;
1037436;01/08/2025;SENHOR DO BONFIM;;;;;100%;;;;;;2;;;;;REPUTACIONAL;;;;;;;;06/08/2025;JEFFERSON;01/08/2025;;;;;;;-10,6152839;;;-39,4978524;;CANSANÇÃO;;97390-BT;;;;;;;;PLANO 7;;;3;3;09/08/2025;;05/08/2025;;;Q098496;;BT;;TRUE;Energizada;DICSON;ER-CIND-POV-CAETANO 1063-RURAL;;R$ 11.161,27;;
1161840;01/08/2025;SENHOR DO BONFIM;;;;;100%;;;;;;2;;;;;RECLAMAÇÃO;;;;;;;;04/08/2025;OSMAR;01/08/2025;;;;;;;-10,3771813;;;-39,561118;Realizado;MONTE SANTO;;99108(LV)       98911-(BT);;;;;;;;PLANO 14;;TRUE;3;3;12/08/2025;;04/08/2025;;;B028449;;LV + ENERGZ;1 N1 C/ TRF;TRUE;Energizada;DICSON;ER-CCOL-POV-MUNDO NOVO 819-MUNDO NOVO;;R$ 19.291,77;;
1159223;01/08/2025;SENHOR DO BONFIM;;;;;100%;;;;;;1;;;;;GOVERNO;;;;;;;;06/08/2025;REGINALDO;01/08/2025;;;;;;;-10.5193497;;;-40.1013881;Realizado;SENHOR DO BONFIM;;91293 (LV) 91935 (BT);;;;;;;;PLANO 14;;;3;3;15/08/2025;;11/08/2025;;;B747201;;LV + BT;;;Energizada;JOÃO;ER-CIND-POV-PEDRO DE SOUZA-RURAL;;R$ 31.665,57;;
1167135;01/08/2025;SENHOR DO BONFIM;;;;;100%;;;;;;1;;;;;GOVERNO;;;;;;;;30/07/2025;REGINALDO;01/08/2025;;;;;;;-10,5759862;;;-39,9829443;Realizado;SENHOR DO BONFIM;;90930(LV) 91930(BT);;;;;;;;PLANO 14;;;3;3;20/08/2025;;20/08/2025;;;B111674;;LV + BT;1 N1;TRUE;Energizada;JOÃO;ER-SEIN-FAZ-RAPOSA-QUICE;;R$ 21.689,46;;
1134925;01/08/2025;SENHOR DO BONFIM;;;;;100%;;;;;;5;;;;;PRIORIDADE PLANO ANEEL;;;;;;;;19/08/2025;ISRAEL;01/08/2025;;;;;;;-10,3473042;;;-39,8288778;;ANDORINHAS;;97286(BT);;;;;;;;PLANO 7;;;3;3;22/08/2025;;21/08/2025;;;B056335;;BT;;;Energizada;JOÃO;UB-CIND-RUA-DO CURRAL-CENTRO-ANDORINHA;;R$ 17.257,70;;
1181184;01/08/2025;SENHOR DO BONFIM;;;;;100%;;;;;;1;;;;;RECLAMAÇÃO;;;;;;;;12/08/2025;REGINALDO;01/08/2025;;;;;;;-10,259165;;;-40,1860245;Realizado;JAGUARARI;;94564(LV) 95466(BT);;;;;;;;PLANO 7;;;3;3;23/08/2025;;18/08/2025;;;D508730;;LV + ENERGZ;1 N1;;Energizada;JOÃO;UB-CIND-ROD-LOMANTO JUNIOR-O GONCALVES;;R$ 22.780,12;;
1165543;01/08/2025;SENHOR DO BONFIM;;;;;100%;;;;;;6;;;;;PRIORIDADE PLANO ANEEL;;;;;;;;;ISRAEL;01/08/2025;;;;;;;;;;;;ITIÚBA;;97525(BT);FALSE;;;;;;;PLANO 7;;FALSE;2;3;30/08/2025;;01/08/2025;;;;;BT;;TRUE;Energizada;JOÃO;UB-CIND-RUA-SIMOES-N S DA CONCEI O;;R$ 184.949,75;;FALSE
1152856;01/08/2025;SENHOR DO BONFIM;;;;;100%;;;;;;0;;;;;TRANSGRESSÃO;;;;;;;;18/08/2025;ALDAIR;;;;;;;;;;;;Pendente;NORDESTINA;;100686 (LV);FALSE;;;;;;;PLANO 7;;FALSE;;3;30/08/2025;;01/08/2025;;;;;LV + REGULADOR;;FALSE;Em execução;DICSON;AC-CIND-POV-ANGIGAL-RURAL;;R$ 114.607,64;;FALSE
1190192;01/08/2025;SENHOR DO BONFIM;;;;;100%;;;;;;2;;;;;MAIS OBRAS;;;;;;;;;JOILSON;01/08/2025;;;;;;;;;;;;PINDOBACU;;;FALSE;;;;;;;;;FALSE;2;2;30/08/0205;;01/08/2025;;;;;;;FALSE;Energizada;JOÃO;ER-CIND-RUA-APOLONIO-CJATOBA;;R$ 9.324,71;;FALSE
1166474;01/08/2025;SENHOR DO BONFIM;;;;;100%;;;;;;1;;;;;RECLAMAÇÃO;;;;;;;;02/08/2025;REGINALDO;01/08/2025;;;;;;;-10,5808311;;;-40,1267837;;SENHOR DO BONFIM;;89899 (BT);;;;;;;;PLANO 14;;;2;2;08/08/2025;;02/08/2025;;;D912981;;BT;;TRUE;Energizada;JOÃO;ER-CIND-POV LAGOA DO COXO-RURAL;;R$ 12.221,81;;
0995799;01/08/2025;SENHOR DO BONFIM;;;;;100%;;;;;;3;;;;;PRIORIDADE PLANO ANEEL;;;;;;;;06/08/2025;ISRAEL;01/08/2025;;;;;;;-10,7104037;;;-40,0180293;Realizado;ITIÚBA;;2025-95772;;;;;;;;PLANO 7;;;2;2;16/08/2025;;06/08/2025;;;D003910;;LV + ENERGZ;1 N1 + 1 N1 C/TRF;;Energizada;JOÃO;AC-CIND-POV-CARRAPATO-RURAL;;R$ 10.875,48;;
1198592;01/08/2025;SENHOR DO BONFIM;;;;;100%;;;;;;0;;;;;GOVERNO;20 90712;;;;;;;18/08/2025;REGINALDO;01/08/2025;;;;;;;-10,467071;;;-40,1840712;Realizado;SENHOR DO BONFIM;;;FALSE;;;;;;;PLANO 8;;FALSE;2;2;19/08/2025;;19/08/2025;;;D196699;;LV + DESL;;FALSE;Energizada;JOÃO;ME-COEL-RUA-PAULO COELHO-CENTRO;;R$ 35.783,80;;FALSE
1177723;01/08/2025;SENHOR DO BONFIM;;;;;100%;;;;;;1;;;;;AL/MELHORAMENTO;;;;;;;;;ALDAIR;01/08/2025;;;;;;;;;;;Realizado;NORDESTINA;;;FALSE;;;;;;;PLANO 1;;FALSE;2;2;30/08/2025;;01/08/2025;;;;;LV + ENERGZ;2 N1 C/ REGUL;TRUE;Energizada;DICSON;AL-02-NOR-CONSTR-EQ;;R$ 291.107,74;;FALSE
1176389;01/08/2025;SENHOR DO BONFIM;;;;;100%;;;;;;0;;;;;AL/MELHORAMENTO;;;;;;;;;ALDAIR;01/08/2025;;;;;;;;;;;Realizado;NORDESTINA;;;FALSE;;;;;;;PLANO 1;;FALSE;2;2;30/08/2025;;01/08/2025;;;;;LV + ENERGZ;2 N1 C/ REGUL;TRUE;Energizada;DICSON;AL-NOR-01N1-RECOND-EQUIPAMENTO;;R$ 388.702,22;;FALSE
1165914;01/08/2025;SENHOR DO BONFIM;;;;;0%;;;;;;0;;;;;AL/MELHORAMENTO;;;;;;;;;ALDAIR;;;;;;;;;;;;Pendente;NORDESTINA;;94567(LV);FALSE;;;;;;;PLANO 8;;FALSE;;2;30/08/2025;;01/08/2025;;;;;LV + ENERGZ;2 N1 E RELOC REGUL;TRUE;Paralisada;DICSON;EQ-COEL-RUA-MARCOS DE JESUS-ALTO DAS POP;;R$ 525.831,16;;FALSE
1150105;01/08/2025;SENHOR DO BONFIM;;;;;100%;;;;;;0;;;;;TRANSGRESSÃO;;;;;;;;02/08/2025;REGINALDO;;;;;;;;-10,4771384;;;-40,1681173;Pendente;SENHOR DO BONFIM;;90938(LV);FALSE;;;;;;;PLANO 7;;FALSE;;1;04/08/2025;;02/08/2025;;;D570916;;LV;1 CE1 CE3;FALSE;Paralisada;JOÃO;RR-CIND-ROD-BR 407-RURAL;;R$ 9.683,00;;FALSE
1198161;01/08/2025;SENHOR DO BONFIM;;;;;100%;;;;;;1;;;;;GOVERNO;;;;;;;;06/08/2025;ISRAEL;01/08/2025;;;;;;;-10,5473803;;;-39,8069426;;ITIÚBA;;97478(BT);;;;;;;;PLANO 7;;;1;1;07/08/2025;;06/08/2025;;;D401973;;BT;;;Energizada;JOÃO;ER-CCOL-FAZ-QUIXABEIRA-RURAL;;R$ 7.643,61;;
1215852;01/08/2025;SENHOR DO BONFIM;;;;;100%;;;;;;;;;;;;27 95157 95181;;;;;;;25/08/2025;REGINALDO;01/08/2025;;;;;;;;;;;Realizado;ANDORINHAS;;100595 (LV);FALSE;;;;;;;PLANO 7;;FALSE;1;1;09/08/2025;;06/08/2025;;;;;LV + DESL ;1 N1-3;FALSE;Energizada;JOÃO;UB-CIND-RUA-DA ENTRADA-CENTRO ANDORINHA;;R$ 37.457,04;;FALSE
1214384;01/08/2025;SENHOR DO BONFIM;;;;;100%;;;;;;0;;;;;AL/MELHORAMENTO;;;;;;;;06/08/2025;EDVALDO;01/08/2025;;;;;;;-10,5388285;;;-40,3958004;Realizado;CAMPO FORMOSO;;;;;;;;;;PLANO 8;;;1;1;09/08/2025;;06/08/2025;;;D271667;;LV;1 N1 + CAP;;Energizada;JOÃO;ME-COEL-CO-BOSQUE DAS MANGUEIRAS-CENTRO;;R$ 29.696,14;;
1192007;01/08/2025;SENHOR DO BONFIM;;;;;100%;;;;;;1;;;;;RECLAMAÇÃO;;;;;;;;04/08/2025;ANAILTON;01/08/2025;;;;;;;-10,9041745;;;-39,5975937;Realizado;QUEIMADAS;;94170(LV);;;;;;;;PLANO 7;;;1;1;15/08/2025;;04/08/2025;;;D228474;;LV + BT;1 N1;TRUE;Energizada;DICSON;ER-CIND-FAZ-RIACHAO-RIACHO DOS BOIS;;R$ 8.814,01;;
1199714;01/08/2025;SENHOR DO BONFIM;;;;;100%;;;;;;0;;;;;AL/MELHORAMENTO;;;;;;;;18/08/2025;JEFFERSON;;;;;;;;-10,6667636;;;-39,5065648;Pendente;CANSANÇÃO;;94576(LV);;;;;;;;PLANO 8;;;;1;22/08/2025;;22/08/2025;;;Q090197;;LV;1 RELIG;;Em execução;DICSON;IE-RELIGADOR-JAC-09Z3-Q097526;;R$ 131.264,76;;
1188374;01/08/2025;SENHOR DO BONFIM;;;;;100%;;;;;;1;;;;;OBRA ZERO POSTE;;;;;;;;;EDVALDO;01/08/2025;;;;;;;;;;;;CAMPO FORMOSO;;;FALSE;;;;;;;;;FALSE;0;0;30/08/0205;;01/08/2025;;;;;;;FALSE;Energizada;JOÃO;ER-CIND-POV-LAGOA DA ROCA-LAGOA DA ROCA;;R$ 2.466,42;;FALSE
1202020;01/08/2025;SENHOR DO BONFIM;;;;;100%;;;;;;1;;;;;OBRA ZERO POSTE;;;;;;;;;REGINALDO;01/08/2025;;;;;;;;;;;;ITIUBA;;;FALSE;;;;;;;;;FALSE;0;0;30/08/0205;;01/08/2025;;;;;;;FALSE;Energizada;JOÃO;ER-CIND-FAZ-GATO-RURAL;;R$ 1.449,89;;FALSE
1174584;01/08/2025;SENHOR DO BONFIM;;;;;100%;;;;;;1;;;;;OBRA ZERO POSTE;;;;;;;;;REGINALDO;01/08/2025;;;;;;;;;;;;ITIUBA;;;FALSE;;;;;;;;;FALSE;0;0;30/08/0205;;01/08/2025;;;;;;;FALSE;Energizada;JOÃO;ER-CIND-POV-CARRAPATO-RURAL;;R$ 1.449,89;;FALSE
1172820;01/08/2025;SENHOR DO BONFIM;;;;;100%;;;;;;1;;;;;RECLAMAÇÃO;;;;;;;;02/08/2025;EDVALDO;01/08/2025;;;;;;;-10,3663569;;;-40,0748063;Realizado;SENHOR DO BONFIM;;90937(LV) 92853(BT);;;;;;;;PLANO 7;;;0;0;04/08/2025;;02/08/2025;;;Q044197;;LV +  ENERGZ;TRF;;Energizada;JOÃO;ER-CIND-POV-TAPUIA 942-RURAL;;R$ 14.670,89;;
1127991;01/08/2025;SENHOR DO BONFIM;;;;;100%;;;;;;1;;;;;RECLAMAÇÃO;;;;;;;;01/08/2025;GESONI;01/08/2025;;;;;;;-10,9242311;;;-40,1475487;Realizado;PONTO NOVO;;90932(LV) 92085(BT);;;;;;;;PLANO 14;;;0;0;08/08/2025;;04/08/2025;;;D184986;;LV + ENERGZ;TRF;TRUE;Energizada;JOÃO;ER-CIND-POV-DERROTA 1010-RURAL;;R$ 13.361,61;;
1196953;01/08/2025;SENHOR DO BONFIM;;;;;100%;;;;;;0;;;;;RECLAMAÇÃO;19 90721;;;;;;;18/08/2025;GESONI;01/08/2025;;;;;;;-10,7516911;;;-40,1229423;;FILADÉLFIA;;92069(LV);;;;;;;;PLANO 7;;;1;0;14/08/2025;;14/08/2025;;;D700717;;DESL;;;Energizada;JOÃO;AC-CIND-RUA-DO CAMPO-CENTRO;;R$ 5.302,40;;
1194252;01/08/2025;SENHOR DO BONFIM;;;;;100%;;;;;;0;;;;;AL/MELHORAMENTO;;;;;;;;;ALDAIR;01/08/2025;;;;;;;;;;;;NORDESTINA;;;FALSE;;;;;;;PLANO 1;;FALSE;0;0;30/08/2025;;01/08/2025;;;;;SE;;FALSE;Energizada;DICSON;RS-AL 2-COEL-SE NORDESTINA II     subt;;R$ 390.193,62;;FALSE
1192755;01/09/2025;SENHOR DO BONFIM;;;;;100%;;;;;;1;;;;-10.0171927,-39.8492799;GOVERNO;29/09;;;;;;;16/09/2025;ALDAIR/GESONI;;;;;;;;-10,0171927;Não precisa;;-39,8492799;Pendente;JAGUARARI;;108859(LV);FALSE;;;;113355;;E860609 - E860713;PLANO 7;;FALSE;;105;30/09/2025;;08/09/2025;;;D253996;;LV + ENERGZ;1 N1-3;FALSE;Em execução;JOÃO;RR-SEIN-FAZ-CORRENCIA-RURAL;;R$ 1.060.332,60;;FALSE
1134327;01/09/2025;SENHOR DO BONFIM;;;;;100%;;;;;;1;;;;-10.8421072,-39.308;PRIORIDADE PLANO ANEEL;29/09;;;;;;;15/09/2025;JEFERSON;;;;;;;;-10.8421072;Não precisa;;-39.308;Pendente;CANSANÇÃO;;108861(LV);;;;;113356;;E843809 - E843864;PLANO 14;;;;56;30/09/2025;;14/09/2025;;;E284390;;LV + ENERGZ;N3/4;;Em execução;DICSON;LD CIND FAZ SÃO JOÃO RURAL;;R$ 756.608,39;;
1137567;01/09/2025;SENHOR DO BONFIM;;;;;100%;;;;;;6;;;;-10.7369388,-39.3225267;PRIORIDADE PLANO ANEEL;;;;;;;;;JEFERSON;;;;;;;;-10,7369388;Não precisa;;-39,3225267;Pendente;CANSANÇÃO;;94547 94548(LV) 98339(BT)  98357(BT);;;;;;;E843869 - E843919;PLANO 14;;;;51;13/09/2025;;20/08/2025;;;D708789;;LV + ENERGZ;1 N4-3 + N3;TRUE;Energizada;DICSON;MP CIND-POV-NOVO ACORDO RURAL;;R$ 465.190,43;;
0877780;01/09/2025;SENHOR DO BONFIM;;;;;100%;;;;;;9;;;;-10.9814946,-39.6346926;REPUTACIONAL;27/09;;;;;;;15/09/2025;MARCELO;;;;;;;;-10,9814946;Não precisa;;-39,6346926;Pendente;QUEIMADAS;;108873(LV);FALSE;;;;111338;;E843924 - E843973;PLANO 14;;FALSE;;49;30/09/2025;;19/09/2025;;;Q104891;;DESL + LV + BT + ENERGZ;N1/3;FALSE;Em execução;DICSON;MP-CCOL-FAZ RAIO DO SOL-RURAL;;R$ 196.839,24;;FALSE
1154340;01/09/2025;SENHOR DO BONFIM;;;;;100%;;;;;;6;;;;-10.1933987,-39.4527863;PRIORIDADE PLANO ANEEL;;;;;;;;15/09/2025;OSMAR;;;;;;;;-10,1933987;https://drive.google.com/file/d/1Fcuhka_18iXbaxSIoli_oFijEgGvt3IC/view?usp=drive_link;;-39,4527863;Pendente;MONTE SANTO;;108882(LV);FALSE;;;;;;E860407 - E860443;PLANO 14;;TRUE;;37;30/09/2025;;22/09/2025;;;A284276;;LV + ENERGZ;N4-3;FALSE;Energizada;DICSON;MP-CIND-POV-SANTA ROSA-RURAL-MOD;;R$ 339.861,54;;FALSE
1180936;01/09/2025;SENHOR DO BONFIM;;;;;100%;;;;;;8;;;;-10.2120057,-40.1889997;GOVERNO;;;;;;;;09/09/2025;REGINALDO;;;;;;;;-10,2120057;Não precisa;;-40,1889997;Pendente;JAGUARARI;;108860(LV)   ENERG-(112562);FALSE;;;;;;E860444 - E860480;PLANO 7;;TRUE;;37;20/09/2025;;09/09/2025;;;Q046632;;LV + ENERGZ;N1-3;FALSE;Energizada;JOÃO;ER-CCOL-POV TANQUE VELHO-TANQUE VELHO;;R$ 290.366,94;;FALSE
1171500;01/09/2025;SENHOR DO BONFIM;;;;;100%;;;;;;3;;;;-10.2197973,-40.0382803;PRIORIDADE PLANO ANEEL;30/09;;;;;;;22/09/2025;REGINALDO;;;;;;;;-10,2197973;Não precisa;;-40,0382803;Pendente;JAGUARARI;;108884(LV);FALSE;;;;113357;;E860481 - E860516;PLANO 14;;FALSE;;36;30/09/2025;;22/09/2025;;;D002995;;LV + ENERGZ;N3/N4;FALSE;Energizada;JOÃO;MP - CIND - POV VARZEA DA PEDRA - RURAL;;R$ 269.705,40;;FALSE
0583003;01/09/2025;SENHOR DO BONFIM;;;;;100%;;;;;;5;;;;-10.365062,-39.3533881;RECLAMAÇÃO;;;;;;;;15/09/2025;JOSE;;;;;;;;-10,365062;https://drive.google.com/file/d/15XutZB2Evn28tTauCeUks27-QxnBieO0/view?usp=drive_link;;-39,3533881;Pendente;MONTE SANTO;;108881(LV);FALSE;;;;;;E860370 - E860402;PLANO 14;;TRUE;;33;30/09/2025;;22/09/2025;;;D366157;;LV + ENERGZ;N3;FALSE;Energizada;DICSON;MP-CCOL-POV. FOVEIRO - COMPL. I-RURAL;;R$ 387.155,97;;FALSE
1066471;01/09/2025;SENHOR DO BONFIM;;;;;100%;;;;;;18;;;;-10.7844436,-39.5742173;GOVERNO;26/09 25/09;;;;;;;15/09/2025;ANAILTON;;;;;;;;-10,7844436;https://drive.google.com/file/d/1L395ttYUHG8qr0tgjS2oTbHVsg7RPRiy/view?usp=drive_link;;-39,5742173;Pendente;NORDESTINA;; ENERG-(112568)   BT-(112574);FALSE;;;;112625(25) 110216(26) ;;E860361 - E860389;PLANO 14;;FALSE;;29;30/09/2025;;15/09/2025;;;Q108264;;DESL + LV + BT + ENERGZ;4 N1, 2 N3-3, 1 N4;FALSE;Energizada;DICSON;MP-CCOL RUA DO CAMPO RURAL;;R$ 241.890,75;;FALSE
1075602;01/09/2025;SENHOR DO BONFIM;;;;;100%;;;;;;1;;;;-11.1998166,-39.8280442;RECLAMAÇÃO;;;;;;;;;GESONI;;;;;;;;-11,1998166;Não precisa;;-39,8280442;Pendente;QUEIMADAS;;94571(LV) 99742(BT) ;;;;;;;E844059 - E844087;PLANO 7;;;;29;19/09/2025;;01/09/2025;;;D555004;;LV + ENERGZ;N3;TRUE;Energizada;DICSON;AC-CIND-FAZ-NOVA ESPERAN A-RURAL;;R$ 155.068,88;;
1148107;01/09/2025;SENHOR DO BONFIM;;;;;100%;;;;;;5;;;;-11.2970312,-39.8701245;AIC AUDITORIA;;;;;;;;;EDVALDO;;;;;;;;-11,2970312;Não precisa;;-39,8701245;Pendente;QUEIMADAS;;94561 (LV) 99714(BT);;;;;;;E844089 - E844113;PLANO 14;;;;25;11/09/2025;;26/08/2025;;;D277799;;LV + ENERGZ;1 N4-3;TRUE;Energizada;DICSON;MP CIND POV TIRIRCA E BANABEIRA RURAL;;R$ 240.479,16;;
1155426;01/09/2025;SENHOR DO BONFIM;;;;;100%;;;;;;1;;;;-11.0629465,-39.5846894;GOVERNO;;;;;;;;;ISRAEL;;;;;;;;-11,0629465;Não precisa;;-39,5846894;Pendente;QUEIMADAS;;94572 (LV) 99788(BT) 99765(BT);;;;;;;E844114 -E844138;PLANO 7;;;;24;13/09/2025;;25/08/2025;;;D205317;;LV + ENERGZ;N3;TRUE;Energizada;DICSON;ER-CCOL-POV-VAZEA CURRAL-RURAL;;R$ 211.324,50;;
1161877;01/09/2025;SENHOR DO BONFIM;;;;;100%;;;;;;1;;;;-10.9428983,-39.802938;GOVERNO;;;;;;;;;MARCELO;;;;;;;;-10,9428983;Não precisa;;-39,802938;Pendente;QUEIMADAS;;94563(LV) 98206(BT);;;;;;;E844162 - E844184;PLANO 7;;;;23;18/09/2025;;08/09/2025;;;D668425;;LV + BT + ENERGZ;N3/4;TRUE;Energizada;DICSON;ER-SEIN-POV-BOQUEIRAO-BOQUEIRAO;;R$ 229.942,73;;
0984964;01/09/2025;SENHOR DO BONFIM;;;;;100%;;;;;;1;;;;-10.4446056,-40.1845477;QLP;17/09;;;;;;;12/09/2025;JOILSON;;;;;;;;-10,4446056;https://drive.google.com/file/d/1lVKEGoWiGQTI4bK-KlYSpv4p_eLZ7aqK/view?usp=drive_link;;-40,1845477;Pendente;SENHOR DO BONFIM;;108858(LV)  112307-BT  112323 LV;FALSE;;;;104957;;E860295 - E860310;PLANO 14;;FALSE;;16;19/09/2025;;08/09/2025;;;Q050602;;DESL + LV + BT + ENERGZ;1 N1-3;FALSE;Energizada;JOÃO;ER-CIND-RUA-PE DE MONTE 4566 --B-RURAL;;R$ 91.671,67;;FALSE
1133580;01/09/2025;SENHOR DO BONFIM;;;;;100%;;;;;;0;;;;-10.4075682,-39.1767321;RECLAMAÇÃO;;;;;;;;;OSMAR;;;;;;;;-10,4075682;https://drive.google.com/file/d/13kLp5DcUZzfTZjqJ3_0HZhloS8eHQ6-P/view?usp=drive_link;;-39,1767321;Pendente;MONTE SANTO;;94549(LV) 98935(BT) 98942(BT);;;;;;;E860581 - E860595;PLANO 14;;;;15;09/09/2025;;03/09/2025;;;D939343;;LV + ENERGZ;1 N1 C/ TRF;TRUE;Energizada;DICSON;ER-CIND-POV-LAGOA DA PEDRA-RURAL;;R$ 20.301,31;;
1092121;01/09/2025;SENHOR DO BONFIM;;;;;100%;;;;;;1;;;;-10.79384,-40.253584;NOVOS QUESTIONAMENTOS ANEEL;23/09;;;;;;;12/09/2025;EDVALDO;;;;;;;;-10,79384;https://drive.google.com/file/d/1DQsb8w17yKBWCeMkzhT4I3uPMPqGQt8z/view?usp=drive_link;;-40,253584;Pendente;PINDOBAÇU;;112323(ENERG);FALSE;;;;108905;;E860551 - E860564;PLANO 14;;FALSE;;14;23/09/2025;;18/09/2025;;;Q058253;;DESL + ENERGZ;;FALSE;Energizada;JOÃO;RR-CIND-POV-CACHIMBO-CACHIMBO;;R$ 66.090,67;;FALSE
0972150;01/09/2025;SENHOR DO BONFIM;;;;;100%;;;;;;1;;;;-10.7118401, -40.4764177;QLP;;;;;;;;12/09/2025;EDVALDO;;;;;;;;;https://drive.google.com/file/d/1cSMCjmGCfeyj4MQsh2710bSbQRCyuNEy/view?usp=drive_link;;;Pendente;PINDOBAÇU;;108885(LV);FALSE;;;;;;E860565 - E860578;PLANO 7;;FALSE;;11;25/09/2025;;22/09/2025;;;Q063843;;LV + ENERGZ;1 N1-3;FALSE;Em execução;JOÃO;RR-CIND-RUA-DA AREIA-CARNAIBA;;R$ 59.465,82;;FALSE
1175533;01/09/2025;SENHOR DO BONFIM;;;;;100%;;;;;;2;;;;-10.1943803,-39.4088117;PRIORIDADE PLANO ANEEL;;;;;;;;;OSMAR;;;;;;;;-10,1943803;https://drive.google.com/file/d/1x_xk_tSHsm3JoNWxJDy98zFyh4Stat7f/view?usp=drive_link;;-39,4088117;Pendente;MONTE SANTO;;94559(LV)99036(BT);;;;;;;E844385 - E844393;PLANO 14;;FALSE;;9;20/09/2025;;17/09/2025;;;A284303;;LV + ENERGZ;1 N1 C/ TRF;TRUE;Energizada;DICSON;ER-CIND-POV-LAGOA GRANDE-RURAL;;R$ 91.398,66;;
1138650;01/09/2025;SENHOR DO BONFIM;;;;;100%;;;;;;3;;;;-10.6050323,-39.7385837;PRIORIDADE PLANO ANEEL;;;;;;;;02/09/2025;ISRAEL;;;;;;;;-10,6050323;https://drive.google.com/file/d/1BDbcwGtlbLxqNdpZvcVEFr3O_uCFwBJa/view?usp=drive_link;;-39,7385837;Pendente;ITIÚBA;;108864(LV);;;;;;;E844411 - E844418;PLANO 7;;TRUE;;8;20/09/2025;;15/09/2025;;;Q097715;Sim;LV + ENERGZ;1 N1-3;;Energizada;JOÃO;ER-CCOL-FAZ-BEIRA DAGUA 51-RURAL;;R$ 71.767,33;;
1191920;01/09/2025;SENHOR DO BONFIM;;;;;100%;;;;;;2;;;;-10.2559277,-40.2015178;RECLAMAÇÃO;;;;;;;;03/09/2025;REGINALDO;;;;;;;;-10,2559277;https://drive.google.com/file/d/1Cvk2W99szGNZixqM9d-OJHQHsBeJbR5m/view?usp=drive_link;;-40,2015178;;JAGUARARI;;(BT-109767);FALSE;;;;;;E860284 - E860289;PLANO 7;;TRUE;;6;06/09/2025;;03/09/2025;;;Q046595;;BT;;FALSE;Energizada;JOÃO;UB-CIND-RUA-MATA FUNDA 138-MATA FUNDA;;R$ 41.363,03;;FALSE
1192137;01/09/2025;SENHOR DO BONFIM;;;;;100%;;;;;;1;;;;-10.6321634,-39.8987568;GOVERNO;26/09;;;;;;;15/09/2025;ISRAEL;;;;;;;;-10,6321634;https://drive.google.com/file/d/1ECOK5CnqZjiqR_XeA6ZvchhmYoG64Z6-/view?usp=drive_link;;-39,8987568;Realizado;ITIÚBA;;108866(LV)    112390(ENERGI);FALSE;;;;111064;;E844432 - E844436;PLANO 7;;TRUE;;5;20/09/2025;;16/09/2025;;;D294689;;DESL + LV + ENERGZ;5 N1;FALSE;Energizada;JOÃO;ER-CIND-POV-PICOS-RURAL;;R$ 58.088,16;;FALSE
1206954;01/09/2025;SENHOR DO BONFIM;;;;;100%;;;;;;2;;;;-10.3865038,-40.1755112;QLP;;;;;;;;02/09/2025;JOILSON;;;;;;;;-10,3865038;https://drive.google.com/file/d/1DQF3zhtY_44-dbhtbiUX3-Xz8Z452qu8/view?usp=drive_link;;-40,1755112;Realizado;SENHOR DO BONFIM;;103027(LV);FALSE;;;;;;E860276 - E860280;PLANO 7;;TRUE;;5;10/09/2025;;04/09/2025;;;D030928;Sim;LV + ENERGZ;1 N1;FALSE;Energizada;JOÃO;ER-CIND-ROD-LOMANTO JUNIOR 1708-RURAL;;R$ 27.801,39;;FALSE
1206228;01/09/2025;SENHOR DO BONFIM;;;;;100%;;;;;;1;;;;-10.9790921,-39.6573284;QLP;24/09;;;;;;;08/09/2025;MARCELO;;;;;;;;-10,9790921;https://drive.google.com/file/d/1WAFF1_9PGHhrpkF9x36XPLwzsrEvbOgc/view?usp=drive_link;;-39,6573284;;QUEIMADAS;;;FALSE;;;;110074;;E860517 - E860521;PLANO 7;;TRUE;;5;23/09/2025;;23/09/2025;;;D003068;;DESL;;FALSE;Energizada;DICSON;ER-CIND-FAZ-SANTO ANTONIO-RURAL;;R$ 70.400,69;;FALSE
1206014;01/09/2025;SENHOR DO BONFIM;;;;;100%;;;;;;1;;;;-10.723571,-40.461421;QLP;;;;;;;;02/09/2025;WAGNER;;;;;;;;-10,723571;https://drive.google.com/file/d/1Da7bZORtL90tBM6tBKxNnjpfe5qQpGmH/view?usp=drive_link;;-40,461421;;PINDOBAÇU;;109474(BT);FALSE;;;;;;E860331 - E860335;PLANO 14;;TRUE;;5;11/09/2025;;05/09/2025;;;E584971;Sim;BT;;FALSE;Energizada;JOÃO;ER-CIND-RUA-DO CAJUEIRO-CENTRO;;R$ 23.255,18;;FALSE
1204810;01/09/2025;SENHOR DO BONFIM;;;;;100%;;;;;;2;;;;-10.6108417,-39.4580384;QLP;;;;;;;;08/09/2025;ANAILTON;;;;;;;;-10,6108417;https://drive.google.com/file/d/1635uI2NeYJwj57kJ_JkwqMqoOmCh2-1D/view?usp=drive_link;;-39,4580384;Realizado;CANSANÇÃO;;108875(LV)    BT(110445);FALSE;;;;;;E860290 - E860293;PLANO 14;;TRUE;;4;20/09/2025;;19/09/2025;;;D288287;;LV + ENERGZ;N3/N4;FALSE;Energizada;DICSON;ER-CIND-POV-PAU DE COLHER 1-RURAL;;R$ 36.575,78;;FALSE
1219940;01/09/2025;SENHOR DO BONFIM;;;;;100%;;;;;;1;;;;;REPUTACIONAL;;;;;;;;04/09/2025;REGINALDO;;;;;;;;;Não precisa;;;Pendente;SENHOR DO BONFIM;;108068(LV);FALSE;;;;;;E860600 - E860603;PLANO 7;;TRUE;;4;12/09/2025;;09/09/2025;;;;;LV + BT;CE3;FALSE;Energizada;JOÃO;IT-CIND-PR -SIMOES FILHO-CENTRO;;33.932,12;;FALSE
1168671;01/09/2025;SENHOR DO BONFIM;;;;;100%;;;;;;0;;;;-10.6725007,-39.4993519;RECLAMAÇÃO;;;;;;;;08/09/2025;ANAILTON;;;;;;;;-10,6725007;https://drive.google.com/file/d/1OAF9eXfeuQv-0UEK5z-aV_kEHQpsMr6z/view?usp=drive_link;;-39,4993519;;CANSANÇÃO;;BT(110415);FALSE;;;;;;E844017 - E844019;PLANO 7;;TRUE;;3;11/09/2025;;04/09/2025;;;Q098321;;BT;;FALSE;Energizada;DICSON;UB-CIND-RUA-ANTONIO J FERNANDES-CENTRO;;R$ 17.394,64;;FALSE
1207248;01/09/2025;SENHOR DO BONFIM;;;;;100%;;;;;;2;;;;-10.7869811,-39.4100883;QLP;;;;;;;;08/09/2025;ANAILTON;;;;;;;;-10,7869811;https://drive.google.com/file/d/1wjAkR7S08BvRgkyzo_14rtXPNLPSfczs/view?usp=drive_link;;-39,4100883;;NORDESTINA;;BT(109714);FALSE;;;;;;E860317 - E860319;PLANO 14;;TRUE;;3;12/09/2025;;05/09/2025;;;Q095919;;BT;;FALSE;Energizada;DICSON;ER-CIND-POV-LAGOA DA PICADA 745-RURAL;;R$ 16.982,10;;FALSE
1152856;01/09/2025;SENHOR DO BONFIM;;;;;100%;;;;;;0;;;;-10.9446747,-39.4145806;TRANSGRESSÃO;;;;;;;;;ALDAIR;;;;;;;;-10,9446747;Não precisa;;-39,4145806;Pendente;NORDESTINA;;100686 (LV);FALSE;;;;;;E550421 - E550424;PLANO 7;;;;3;12/09/2025;;03/09/2025;;;Q106463;;LV + REGULADOR;4 N1;TRUE;Energizada;DICSON;AC-CIND-POV-ANGIGAL-RURAL;;R$ 114.607,64;;FALSE
1209033;01/09/2025;SENHOR DO BONFIM;;;;;100%;;;;;;2;;;;-10.82016743,-40.2277743;QLP;;;;;;;;02/09/2025;WAGNER;;;;;;;;-10,82016743;https://drive.google.com/file/d/1DBiPa0Oy2gbj-ouB0UrGF8NkZiRZtjlE/view?usp=drive_link;;-40,2277743;;PINDOBAÇU;;107705(BT);FALSE;;;;;;E860340 - E860342;PLANO 14;;TRUE;;3;09/09/2025;;04/09/2025;;;E755909;Sim;BT;;FALSE;Energizada;JOÃO;ER-CIND-RUA-JOSE EMIDIO DA SILVA-CENTRO;;R$ 16.653,57;;FALSE
1203171;01/09/2025;SENHOR DO BONFIM;;;;;100%;;;;;;1;;;;-10.6554347,-39.4858557;QLP;19/09;;;;;;;08/09/2025;ANAILTON;;;;;;;;-10,6554347;https://drive.google.com/file/d/1v3Hcvb3uzT_mSEQps2VVufn1HJsUHYjI/view?usp=drive_link;;-39,4858557;Realizado;CANSANÇÃO;;108862(LV);FALSE;;;;106280;;E860359 - E860360;PLANO 14;;TRUE;;2;19/09/2025;;15/09/2025;;;D649790;;DESL + BT + LV;1 N1;FALSE;Energizada;DICSON;ER-CIND-POV-LAGOA DOS CAVALOS-AROEIRA;;R$ 18.056,34;;FALSE
1201275;01/09/2025;SENHOR DO BONFIM;;;;;100%;;;;;;1;;;;-10.7568439,-39.6467208;QLP;;;;;;;;08/09/2025;ANAILTON;;;;;;;;-10,7568439;https://drive.google.com/file/d/1rIAkrJD-pzRAee04kzpzx7GqbQjueVB4/view?usp=drive_link;;-39,6467208;;CANSANÇÃO;;111649(BT);FALSE;;;;;;E860320 - E860321;PLANO 14;;TRUE;;2;09/09/2025;;02/09/2025;;;D145349;;BT;;FALSE;Energizada;DICSON;ER-CIND-POV-JIBOIA-JIBOIA;;R$ 16.488,84;;FALSE
1201413;01/09/2025;SENHOR DO BONFIM;;;;;100%;;;;;;1;;;;-10.6136228,-39.4974447;QLP;;;;;;;;08/09/2025;ANAILTON;;;;;;;;-10,6136228;https://drive.google.com/file/d/12jM_L-YJu2Ic9PB1NY1VyCNlcelpSooL/view?usp=sharing;;-39,4974447;;CANSANÇÃO;;(109662)BT;FALSE;;;;;;E860313 - E860314;PLANO 7;;TRUE;;2;10/09/2025;;03/09/2025;;;D127033;;BT;;FALSE;Energizada;DICSON;ER-CIND-POV-CAETANO-CAETANO;;R$ 7.704,51;;FALSE
1201139;01/09/2025;SENHOR DO BONFIM;;;;;100%;;;;;;2;;;;-11.0769205,-40.0750265;QLP;;;;;;;;05/09/2025;GESONI;;;;;;;;-11,0769205;https://drive.google.com/file/d/1ClnmEoPmKbRjqm_YWIGA6mWmeFFT9yjq/view?usp=drive_link;;-40,0750265;;PONTO NOVO;;108745(BT);FALSE;;;;;;E844376 - E844377;PLANO 7;;TRUE;;2;06/09/2025;;04/09/2025;;;R014599;;BT;;FALSE;Energizada;JOÃO;ER-CIND-RUA-DAS FLORES-CENTRO-BARRACAS;;R$ 10.542,91;;FALSE
1170403;01/09/2025;SENHOR DO BONFIM;;;;;100%;;;;;;1;;;;-10.8808876,-40.1626316;RECLAMAÇÃO;;;;;;;;05/09/2025;GESONI;;;;;;;;-10,8808876;https://drive.google.com/file/d/1D13Ou1LVG4hdxFYacxop9yE-MF9kA2nZ/view?usp=drive_link;;-40,1626316;;PONTO NOVO;;108762(BT);FALSE;;;;;;E844378 - E844379;PLANO 7;;TRUE;;2;06/09/2025;;05/09/2025;;;D329501;;BT;;FALSE;Energizada;JOÃO;ER CIND FAZ LARAJEIRA RURAL;;R$ 13.695,96;;FALSE
1206651;01/09/2025;SENHOR DO BONFIM;;;;;100%;;;;;;1;;;;-10.6612607,-39.6508568;QLP;;;;;;;;02/09/2025;ISRAEL;;;;;;;;-10,6612607;https://drive.google.com/file/d/1DXFdvxai5OJ7ToQe3mhl-MygSkfIQRA_/view?usp=drive_link;;-39,6508568;;CANSANÇÃO;;1202886;FALSE;;;;;;E860329 - E860330;PLANO 14;;TRUE;;2;13/09/2025;;09/09/2025;;;Q093321;;BT;;FALSE;Energizada;JOÃO;ER-CIND-POV-ALTO LINDO S N-ALTO LINDO;;R$ 16.385,04;;FALSE
1204516;01/09/2025;SENHOR DO BONFIM;;;;;100%;;;;;;1;;;;-10.6961278,-40.0861349;QLP;;;;;;;;10/09/2025;ISRAEL;;;;;;;;-10,6961278;https://drive.google.com/file/d/1BZDnwQA06ttb8eFoMUcpKO-1jgJ9tnDm/view?usp=drive_link;;-40,0861349;Pendente;FILADÉLFIA;;108889(LV)             112262(BT);FALSE;;;;;;E860326 - E860327;PLANO 14;;FALSE;;2;30/09/2025;;29/09/2025;;;D088929;;LV + BT;2 N1;FALSE;Energizada;JOÃO;ER-CIND-POV-CASSIANOS 148-RURAL;;R$ 15.436,36;;FALSE
1204914;01/09/2025;SENHOR DO BONFIM;;;;;100%;;;;;;0;;;;-10.7095779,-40.0118378;QLP;;;;;;;;02/09/2025;ISRAEL;;;;;;;;-10,7095779;https://drive.google.com/file/d/1BGZLteeAm0zYHNYAaD0cVglLdzibuJQT/view?usp=drive_link;;-40,0118378;;ITIÚBA;;107515(BT);FALSE;;;;;;E860311 - E860312;PLANO 14;;TRUE;;2;06/09/2025;;02/09/2025;;;D003935;Sim;BT;;FALSE;Energizada;JOÃO;ER-CIND-POV-CARRAPATO-CARRAPATO;;R$ 9.542,09;;FALSE
1205995;01/09/2025;SENHOR DO BONFIM;;;;;100%;;;;;;1;;;;-10.6836193,-39.8684191;QLP;;;;;;;;02/09/2025;ISRAEL;;;;;;;;-10,6836193;https://drive.google.com/file/d/1DadKvivrNbyZpvALf4uoNIwlFH_pIZDo/view?usp=drive_link;;-39,8684191;;ITIÚBA;;108525(BT);FALSE;;;;;;E860346 - E860347;PLANO 7;;TRUE;;2;13/09/2025;;08/09/2025;;;D337170;Sim;BT;;FALSE;Energizada;JOÃO;UB-CIND-RUA-ANTONIO P DA SILVA 7-CENTRO;;R$ 17.353,84;;FALSE
1203955;01/09/2025;SENHOR DO BONFIM;;;;;100%;;;;;;1;;;;-10.4319098,-39.3258685;QLP;;;;;;;;08/09/2025;JOSE;;;;;;;;-10,4319098;https://drive.google.com/file/d/1BjVLso9TVj0-j5mXNPERq0-kukBEQhfa/view?usp=drive_link;;-39,3258685;Pendente;MONTE SANTO;;108865(LV)   BT(110658);FALSE;;;;;;E860363 - E860364;PLANO 7;;TRUE;;2;16/09/2025;;15/09/2025;;;D660024;;LV + BT;2 CE1;FALSE;Energizada;DICSON;UB-CIND-AV PEDRA VERMELHA-CENTRO;;R$ 13.420,51;;FALSE
1206653;01/09/2025;SENHOR DO BONFIM;;;;;100%;;;;;;0;;;;-10.3964692,-39.2948442;QLP;;;;;;;;08/09/2025;JOSE;;;;;;;;-10,3964692;https://drive.google.com/file/d/1DW3p2WaTXHd0WLIEkUaN5pBmbdpBHmXc/view?usp=drive_link;;-39,2948442;Pendente;MONTE SANTO;;108876(LV)   112462(BT);FALSE;;;;;;E860367 - E860368;PLANO 14;;TRUE;;2;19/09/2025;;19/09/2025;;;D239865;;LV + BT;2 AN1;FALSE;Energizada;DICSON;ER-CIND-FAZ-PO O SANTAS-PEDRA VERMELHA;;R$ 15.954,44;;FALSE
1165914;01/09/2025;SENHOR DO BONFIM;;;;;100%;;;;;;0;;;;-10.6886805,-39.4846989;AL/MELHORAMENTO;;;;;;;;;ALDAIR;;;;;;;;-10,6886805;Não precisa;;-39,4846989;Pendente;NORDESTINA;;94567(LV);FALSE;;;;;;E860598 - E860599;PLANO 8;;;;2;30/09/2025;;15/08/2025;;;Q095459;;LV + ENERGZ;2 N1 E REGUL;TRUE;Energizada;DICSON;EQ-COEL-RUA-MARCOS DE JESUS-ALTO DAS POP;;R$ 525.831,16;;FALSE
1205166;01/09/2025;SENHOR DO BONFIM;;;;;100%;;;;;;1;;;;-10.5209917,-39.4805121;QLP;;;;;;;;08/09/2025;OSMAR;;;;;;;;-10,5209917;https://drive.google.com/file/d/1BFHtAT38CrnzAZ61m2rcXLizRslL6ptW/view?usp=drive_link;;-39,4805121;;MONTE SANTO;;;FALSE;;;;;;E860403 - E860404;PLANO 14;;TRUE;;2;09/09/2025;;08/09/2025;;;D239997;;BT;;FALSE;Energizada;DICSON;ER-CIND-FAZ-CANJAO 1204-CANJAO;;R$ 10.140,45;;FALSE
1202536;01/09/2025;SENHOR DO BONFIM;;;;;100%;;;;;;1;;;;-9.891134,-39.971109;RECLAMAÇÃO;;;;;;;;03/09/2025;REGINALDO;;;;;;;;-9,891134;https://drive.google.com/file/d/1CCTOh9AUck6MWGzA2ASs8zs0izRme7nU/view?usp=drive_link;;-39,971109;Pendente;JAGUARARI;;109649(LV);FALSE;;;;;;E860607 - E860608;PLANO 7;;TRUE;;2;06/09/2025;;02/09/2025;;;Q067768;;LV + BT;N1;FALSE;Energizada;JOÃO;UB-CIND-RUA-MANDACARU-CRNTRO;;R$ 15.235,49;;FALSE
1204056;01/09/2025;SENHOR DO BONFIM;;;;;100%;;;;;;2;;;;-10.7286818,-40.3575009;QLP;;;;;;;;02/09/2025;WAGNER;;;;;;;;-10,7286818;https://drive.google.com/file/d/1BZhCZTh08Gcl5_KbaPHCGK0wqXALTCgc/view?usp=drive_link;;-40,3575009;;PINDOBAÇU;;107639(BT);FALSE;;;;;;E860336 - E860337;PLANO 7;;TRUE;;2;10/09/2025;;03/09/2025;;;B034301;Sim;BT;;FALSE;Energizada;JOÃO;UB-CIND-RUA-FRANCISCO ROCHA-CENTRO;;R$ 12.494,83;;FALSE
1203275;01/09/2025;SENHOR DO BONFIM;;;;;100%;;;;;;0;;;;-10.7226902,-40.4540074;QLP;;;;;;;;02/09/2025;WAGNER;;;;;;;;-10,7226902;https://drive.google.com/file/d/1BvmyYublJAnP0F77FTWPXAbUpjsG942z/view?usp=drive_link;;-40,4540074;;PINDOBAÇU;;109504(BT);FALSE;;;;;;E860338 - E860339;PLANO 14;;TRUE;;2;13/09/2025;;06/09/2025;;;Q063813;Sim;BT;;FALSE;Energizada;JOÃO;ER-CIND-RUA-DA PALHA-CENTRO;;R$ 14.359,72;;FALSE
1206688;01/09/2025;SENHOR DO BONFIM;;;;;100%;;;;;;1;;;;-10.7876246,-40.2885779;QLP;;;;;;;;02/09/2025;WAGNER;;;;;;;;-10,7876246;https://drive.google.com/file/d/1DRR8NBWVi66pyCqvG2tUk-_rHEfv7Ae0/view?usp=drive_link;;-40,2885779;Pendente;PINDOBAÇU;;108868(LV) 111646(BT);FALSE;;;;;;E860343 - E860344;PLANO 14;;TRUE;;2;17/09/2025;;16/09/2025;;;E168212;Sim;LV + BT;1 N1;FALSE;Energizada;JOÃO;ER-CIND-POV-BREJOS DOS PAULOS-RURAL;;R$ 12.892,11;;FALSE
1203779;01/09/2025;SENHOR DO BONFIM;;;;;100%;;;;;;1;;;;-10.7832017,-39.6529635;QLP;;;;;;;;08/09/2025;ANAILTON;;;;;;;;-10,7832017;https://drive.google.com/file/d/1Ns1X-zT_bvK6UFaI8x3tfQB6TUHUldP3/view?usp=drive_link;;-39,6529635;;QUEIMADAS;;111401(BT);FALSE;;;;;;E860315;PLANO 14;;TRUE;;1;06/09/2025;;03/09/2025;;;D201081;;BT;;FALSE;Energizada;DICSON;ER-CIND-POV-LAGOA DO ALTO-LAGOA DO ALTO;;R$ 5.254,53;;FALSE
1195905;01/09/2025;SENHOR DO BONFIM;;;;;100%;;;;;;1;;;;-10.7201924,-40.4417586;SOLICITAÇÃO ATENDIMENTO;;;;;;;;12/09/2025;EDVALDO;;;;;;;;-10,7201924;https://drive.google.com/file/d/1ClMX6ZyO7jF2CRDWGIjcJ8Z-uLOnX3mC/view?usp=drive_link;;-40,4417586;Pendente;PINDOBAÇU;;108888(LV);FALSE;;;;;;E860348 - E860358;PLANO 7;;FALSE;;1;30/09/2025;;26/09/2025;;;Q065478;;LV + ENERGZ;N3/N4;FALSE;Energizada;JOÃO;ER-CIND-POV-CARNAIBA DE CIMA-RURAL;;R$ 112.572,70;;FALSE
1207576;01/09/2025;SENHOR DO BONFIM;;;;;100%;;;;;;0;;;;-10.7532144,-40.1081521;QLP;;;;;;;;03/09/2025;ISRAEL;;;;;;;;-10,7532144;https://drive.google.com/file/d/1DKzeKdvxBFUlRdYbckITLxFStvP25wvL/view?usp=drive_link;;-40,1081521;;FILADÉLFIA;;107507(BT);FALSE;;;;;;E860294;PLANO 7;;TRUE;;1;06/09/2025;;02/09/2025;;;B682517;;BT;;FALSE;Energizada;JOÃO;ER-CIND-POV-RURAL-POCOS;;R$ 7.897,17;;FALSE
1209266;01/09/2025;SENHOR DO BONFIM;;;;;100%;;;;;;0;;;;-10.6498898,-40.0792207;QLP;;;;;;;;10/09/2025;ISRAEL;;;;;;;;-10,6498898;https://drive.google.com/file/d/1D9nIRamX0Z2l7AExEQ7MqTTVIeWhLYKi/view?usp=drive_link;;-40,0792207;Pendente;FILADÉLFIA;;108871(LV)    112179(ENERG);FALSE;;;;;;E860325;PLANO 7;;FALSE;;1;18/09/2025;;17/09/2025;;;D210457;;LV + ENERGZ;N1 C/TRF;FALSE;Energizada;JOÃO;ER-CIND-POV-CANAFISTULA-RURAL;;R$ 14.374,42;;FALSE
1204027;01/09/2025;SENHOR DO BONFIM;;;;;100%;;;;;;1;;;;-10.6596563,-40.0279099;QLP;;;;;;;;10/09/2025;ISRAEL;;;;;;;;-10,6596563;https://drive.google.com/file/d/1BbHgFBObH9Mu12IXHTNGua56neFJONvO/view?usp=drive_link;;-40,0279099;Pendente;FILADÉLFIA;;108879(LV) 111926-(BT);FALSE;;;;;;E860328;PLANO 7;;FALSE;;1;23/09/2025;;22/09/2025;;;D259783;;LV + ENERGZ;N1 C/TRF;FALSE;Energizada;JOÃO;ER-CIND-POV-ALAGADICO GRANDE 325-RURAL;;R$ 18.347,40;;FALSE
1203648;01/09/2025;SENHOR DO BONFIM;;;;;100%;;;;;;1;;;;-10.6325843,-40.0640193;QLP;;;;;;;;10/09/2025;ISRAEL;;;;;;;;-10,6325843;https://drive.google.com/file/d/1Bsf-zND-uqVzvMmFYPr-Ey1Nabwf4p2P/view?usp=drive_link;;-40,0640193;Pendente;FILADÉLFIA;;108886(LV)           111906-(BT);FALSE;;;;;;E860322;PLANO 7;;FALSE;;1;25/09/2025;;24/09/2025;;;D211950;;LV + ENERGZ;N1 C/TRF;FALSE;Energizada;JOÃO;ER-CIND-POV-CALUMBI-CALUMBI;;R$ 18.235,39;;FALSE
1206416;01/09/2025;SENHOR DO BONFIM;;;;;100%;;;;;;2;;;;-10.7096649,-40.1617884;QLP;;;;;;;;10/09/2025;ISRAEL;;;;;;;;-10,7096649;https://drive.google.com/file/d/1DYFl2q_NLNcahpopXQdJJOw7Y8oUZmh4/view?usp=drive_link;;-40,1617884;Pendente;FILADÉLFIA;;108887(LV)             112234-(ENERGI);FALSE;;;;;;E860324;PLANO 14;;FALSE;;1;27/09/2025;;26/09/2025;;;D274123;;LV + ENERGZ;N1 C/TRF;FALSE;Energizada;JOÃO;ER-CIND-FAZ-CAJAZEIRAS-RURAL;;R$ 18.857,00;;FALSE
1202316;01/09/2025;SENHOR DO BONFIM;;;;;100%;;;;;;1;;;;-10.4727982,-39.8117563;QLP;;;;;;;;02/09/2025;ISRAEL;;;;;;;;-10,4727982;https://drive.google.com/file/d/1CK2TKzzHmW1YlDPVpisJE1aHT467GR_o/view?usp=drive_link;;-39,8117563;Realizado;ITIÚBA;;108867(LV);FALSE;;;;;;E844483;PLANO 7;;TRUE;;1;16/09/2025;;16/09/2025;;;D143406;Sim;LV + ENERGZ;N1 C/TRF;FALSE;Energizada;JOÃO;ER-CIND-POV-LAGOA DO TANQUE-PIAUS;;R$ 18.115,46;;FALSE
1199714;01/09/2025;SENHOR DO BONFIM;;;;;100%;;;;;;0;;;;-10.6667636,-39.5065648;AL/MELHORAMENTO;;;;;;;;;JEFERSON;;;;;;;;-10,6667636;Não precisa;;-39,5065648;Realizado;CANSANÇÃO;;94576(LV);;;;;;;E844020;PLANO 8;;;;1;03/09/2025;;28/08/2025;;;Q090197;;LV;1 RELIG;TRUE;Energizada;DICSON;IE-RELIGADOR-JAC-09Z3-Q097526;;R$ 131.264,76;;
1225692;01/09/2025;SENHOR DO BONFIM;;;;;100%;;;;;;1;;;;;REPUTACIONAL;;;;;;;;;JOILSON;;;;;;;;;https://drive.google.com/file/d/1vchsbzD68vO7ptA1Mw4e5uSB48cTjwCM/view?usp=drive_link;;;;SENHOR DO BONFIM;;;FALSE;;;;;;E860596;PLANO 7;;FALSE;;1;04/09/2025;;01/09/2025;;;;;BT;;FALSE;Energizada;JOÃO;RU-CIND-RUA-13 DE MAIO-POPULARES 5 CIAPP;;7.218,37;;FALSE
1202969;01/09/2025;SENHOR DO BONFIM;;;;;100%;;;;;;1;;;;-10.4961012,-40.1237219;QLP;;;;;;;;02/09/2025;JOILSON;;;;;;;;-10,4961012;https://drive.google.com/file/d/1C6G00ocnBR_bi4UEew7ssPj5-L_8zZpq/view?usp=drive_link;;-40,1237219;Pendente;SENHOR DO BONFIM;;103523(LV);TRUE;;;;;;E860597;PLANO 7;;TRUE;;1;09/09/2025;;02/09/2025;;;Q050239;Sim;LV + ENERGZ;1 N1 C/ TRF;TRUE;Energizada;JOÃO;ER-CIND-POV-CARIOCA DE CIMA-RURAL;;R$ 16.844,54;;TRUE
1205368;01/09/2025;SENHOR DO BONFIM;;;;;100%;;;;;;1;;;;-10.4182946,-39.5775097;QLP;;;;;;;;08/09/2025;JOSE;;;;;;;;-10,4182946;https://drive.google.com/file/d/1DeoludaIsbMqak5VzE9SnuZsy1fHPAJL/view?usp=drive_link;;-39,5775097;Pendente;MONTE SANTO;;108870(LV)         112431(BT);FALSE;;;;;;E860580;PLANO 7;;TRUE;;1;17/09/2025;;17/09/2025;;;D133268;;LV + ENERGZ;N1 C/TRF;FALSE;Energizada;DICSON;ER-CIND-POV-CARAIBA GRANDE-CARAIBA G;;R$ 19.578,86;;FALSE
1203172;01/09/2025;SENHOR DO BONFIM;;;;;100%;;;;;;1;;;;-10.2923895,-39.1855661;QLP;;;;;;;;08/09/2025;JOSE;;;;;;;;-10,2923895;https://drive.google.com/file/d/1ByENby-lLui8bcKbg9d1ERZ93_PzDVX_/view?usp=drive_link;;-39,1855661;;MONTE SANTO;;;FALSE;;;;;;E860361 -E860362;PLANO 14;;TRUE;;1;12/09/2025;;12/09/2025;;;E152344;;BT;;FALSE;Energizada;DICSON;ER-CIND-POV-PEDRA BRANCA 9999--Z;;R$ 7.728,74;;FALSE
1203148;01/09/2025;SENHOR DO BONFIM;;;;;100%;;;;;;1;;;;-10.4385302,-39.3283121;QLP;;;;;;;;08/09/2025;JOSE;;;;;;;;-10,4385302;https://drive.google.com/file/d/1C-TnNy__zrME5CsPXIBcBjS6DiPxZIPZ/view?usp=sharing;;-39,3283121;;MONTE SANTO;;BT(110632);FALSE;;;;;;E860369;PLANO 7;;TRUE;;1;13/09/2025;;13/09/2025;;;A258067;;BT;;FALSE;Energizada;DICSON;UB-CIND-RUA-EUCLIDES DA CUNHA 340-CENTRO;;R$ 4.140,93;;FALSE
1206403;01/09/2025;SENHOR DO BONFIM;;;;;100%;;;;;;0;;;;-10.973127,-39.6514319;QLP;;;;;;;;08/09/2025;MARCELO;;;;;;;;-10,973127;https://drive.google.com/file/d/1D_5yl_H0kNm3MOOJ8MWo-v_GohR20vnB/view?usp=drive_link;;-39,6514319;;QUEIMADAS;;;FALSE;;;;;;E860316;PLANO 7;;TRUE;;1;26/09/2025;;22/09/2025;;;D549335;;Depende de outro projeto B-1206228;;FALSE;Energizada;DICSON;RR-CIND-FAZ-SANTO ANTONIO-RURAL;;R$ 33.385,47;;FALSE
1201479;01/09/2025;SENHOR DO BONFIM;;;;;100%;;;;;;1;;;;-10.6188768,-39.3461413;QLP;;;;;;;;08/09/2025;OSMAR;;;;;;;;-10,6188768;https://drive.google.com/file/d/1CZGBcnos6ql-EnUHeHmX8H1-W_Xd4FwX/view?usp=drive_link;;-39,3461413;;MONTE SANTO;;;FALSE;;;;;;E860406;PLANO 7;;TRUE;;1;11/09/2025;;11/09/2025;;;Q109024;;BT;;FALSE;Energizada;DICSON;ER-CIND-POV-LAGOA DA PEDRA 108-RURAL;;R$ 7.430,44;;FALSE
1202710;01/09/2025;SENHOR DO BONFIM;;;;;100%;;;;;;1;;;;-10.5270014,-39.3681401;QLP;;;;;;;;08/09/2025;OSMAR;;;;;;;;-10,5270014;https://drive.google.com/file/d/1CCIq2JDdscX5wp8JumOT0hsP8u-Ru_qR/view?usp=drive_link;;-39,3681401;Pendente;MONTE SANTO;;108869(LV)         1124069(BT);FALSE;;;;;;E860405;PLANO 7;;TRUE;;1;16/09/2025;;16/09/2025;;;D136741;;LV + ENERGZ;N1 C/TRF;FALSE;Energizada;DICSON;ER-CIND-POV-RIACHO DA ONCA-RURAL;;R$ 17.796,43;;FALSE
1150105;01/09/2025;SENHOR DO BONFIM;;;;;100%;;;;;;0;;;;-10.4771384,-40.1681173;TRANSGRESSÃO;;;;;;;;03/09/2025;REGINALDO;;;;;;;;-10,4771384;https://drive.google.com/file/d/1AzvNTCuZ0zAvGYyurnu3jUPwb2i3tkQr/view?usp=drive_link;;-40,1681173;Pendente;SENHOR DO BONFIM;;90938(LV);FALSE;;;;;;E844311;PLANO 7;;TRUE;;1;03/09/2025;;03/09/2025;;;D570916;;LV;1 CE1 CE3;;Energizada;JOÃO;RR-CIND-ROD-BR 407-RURAL;;R$ 9.683,00;;FALSE
1207799;01/09/2025;SENHOR DO BONFIM;;;;;100%;;;;;;1;;;;-10.682497,-40.065496;QLP;;;;;;;;10/09/2025;WAGNER;;;;;;;;-10,682497;https://drive.google.com/file/d/1DGcSVFEBy9ZFKmKnp6MMiMg6LtHzp0aZ/view?usp=drive_link;;-40,065496;Pendente;FILADÉLFIA;;108877(LV)               111071-(BT);FALSE;;;;;;E860323;PLANO 7;;FALSE;;1;20/09/2025;;19/09/2025;;;D049590;;LV + ENERGZ;N1 C/TRF;FALSE;Energizada;JOÃO;ER-CIND-FAZ-V DO RANCHO 451-FILADELFIA;;R$ 17.670,56;;FALSE
1201158;01/09/2025;SENHOR DO BONFIM;;;;;100%;;;;;;1;;;;-10.6026764,-40.3129443;QLP;;;;;;;;02/09/2025;WAGNER;;;;;;;;-10,6026764;https://drive.google.com/file/d/1CcVdmemVzIIgEmDewHsD7UCRoTKAc9TF/view?usp=drive_link;;-40,3129443;;PINDOBAÇU;;107592(BT);FALSE;;;;;;E860345;PLANO 7;;TRUE;;1;12/09/2025;;02/09/2025;;;D363786;Sim;BT;;FALSE;Energizada;JOÃO;UB-CIND-RUA-DO CIMITERIO-CENTRO;;R$ 8.186,70;;FALSE
1202886;01/09/2025;SENHOR DO BONFIM;;;;;100%;;;;;;1;;;;-10.9033417,-40.0283428;QLP;;;;;;;;05/09/2025;WAGNER;;;;;;;;-10,9033417;https://drive.google.com/file/d/1C93zW77FF6AT8W0KoCiG-JCB1wwOpgaA/view?usp=drive_link;;-40,0283428;Pendente;PONTO NOVO;;108780(LV) 108772(BT)      111037(BT);FALSE;;;;;;E844380;PLANO 7;;TRUE;;1;12/09/2025;;05/09/2025;;;D197428;;LV + ENERGZ;N1 C/TRF;FALSE;Energizada;JOÃO;ER-CIND-POV-LIMPOS-RURAL;;R$ 20.759,70;;FALSE
1202465;01/09/2025;SENHOR DO BONFIM;;;;;100%;;;;;;1;;;;-10.6278609,-39.4692127;QLP;17/09;;;;;;;15/09/2025;ANAILTON;;;;;;;;-10,6278609;https://drive.google.com/file/d/1Qtwf04tLXZwcTwNPaCO48gNBacf1UdVb/view?usp=drive_link;;-39,4692127;;CANSANÇÃO;;;FALSE;;;;104959;;;PLANO 7;;TRUE;;0;17/09/2025;;17/09/2025;;;D277159;;DESL;;FALSE;Energizada;DICSON;AC-CIND-POV-PAU DE COLHER 8526-RURAL;;R$ 33.184,90;;FALSE
1204794;01/09/2025;SENHOR DO BONFIM;;;;;100%;;;;;;1;;;;-10.4947201,-40.1613656;QLP;;;;;;;;02/09/2025;JOILSON;;;;;;;;-10,4947201;https://drive.google.com/file/d/1BQUEkglESIUPN9p2-04eegHJZn8Mn9v9/view?usp=drive_link;;-40,1613656;Realizado;SENHOR DO BONFIM;;103560(LV);FALSE;;;;;;;PLANO 7;;TRUE;;0;09/09/2025;;03/09/2025;;;D570940;Sim;LV + ENERGZ;TRF;FALSE;Energizada;JOÃO;ER-CIND-ROD-LOMANTO JR-PASSAGEM VELHA;;R$ 27.157,14;;FALSE
1201709;01/09/2025;SENHOR DO BONFIM;;;;;100%;;;;;;1;;;;-10.9180505,-39.9321525;QLP;23/09;;;;;;;08/09/2025;MARCELO;;;;;;;;-10,9180505;https://drive.google.com/file/d/1CRj1DKegLwPKYZ71c-8O6XyY7uyzTTFs/view?usp=drive_link;;-39,9321525;;QUEIMADAS;;;FALSE;;;;108907;;;PLANO 7;;TRUE;;0;23/09/2025;;03/09/2025;;;Q054567;;DESL;;FALSE;Energizada;DICSON;ER-CIND-TRV-15 DE NOVEMBRO 9999-CENTRO;;R$ 2.352,25;;FALSE
1208719;01/09/2025;SENHOR DO BONFIM;;;;;100%;;;;;;0;;;;-10.5473676,-39.4017322;QLP;18/09;;;;;;;15/09/2025;OSMAR;;;;;;;;-10,5473676;https://drive.google.com/file/d/1DFyhRE-GLg4FHEnaJ4QApHgBulrzZ4P_/view?usp=drive_link;;-39,4017322;;MONTE SANTO;;;FALSE;;;;105858;;;PLANO 7;;TRUE;;0;18/09/2025;;18/09/2025;;;Q109640;;DESL;;FALSE;Energizada;DICSON;ER-CIND-POV-GENIPAPO DE BAIXO-RURAL;;R$ 5.283,44;;FALSE
1206129;01/09/2025;SENHOR DO BONFIM;;;;;100%;;;;;;1;;;;-10.5633738,-39.5598497;QLP;;;;;;;;08/09/2025;OSMAR;;;;;;;;-10,5633738;https://drive.google.com/file/d/1D_C0sibUSZfzmVYtKaXpjdEYbIICXSiX/view?usp=drive_link;;-39,5598497;;MONTE SANTO;;BT-(110516);FALSE;;;;;;;PLANO 14;;TRUE;;0;10/09/2025;;10/09/2025;;;D263785;;BT;;FALSE;Energizada;DICSON;ER-CIND-POV-CARIACA -CARIACA;;R$ 2.792,69;;FALSE
1201548;01/09/2025;SENHOR DO BONFIM;;;;;100%;;;;;;0;;;;-10.5284365,-39.55889;QLP;;;;;;;;08/09/2025;OSMAR;;;;;;;;-10,5284365;https://drive.google.com/file/d/1CXSJD7k9u-XvwkCugmABKUEYd2KoMYHn/view?usp=drive_link;;-39,55889;;MONTE SANTO;;BT(110573);FALSE;;;;;;;PLANO 14;;TRUE;;0;12/09/2025;;12/09/2025;;;A270791;;BT;;FALSE;Energizada;DICSON;ER-CIND-POV-PANTANAL-RURAL;;R$ 2.124,72;;FALSE
1207403;01/09/2025;SENHOR DO BONFIM;;;;;100%;;;;;;1;;;;-10.1771385,-39.4281912;QLP;;;;;;;;08/09/2025;OSMAR;;;;;;;;-10,1771385;https://drive.google.com/file/d/1DMHMf8dhU3gHzNndEhGpNzyuuhpdOU6h/view?usp=drive_link;;-39,4281912;Pendente;MONTE SANTO;;108872(LV)    ENERGI-(112559);FALSE;;;;;;;PLANO 7;;TRUE;;0;18/09/2025;;18/09/2025;;;E151608;;LV + ENERGZ;TRF;FALSE;Energizada;DICSON;ER-CCOL-POV-LAGOA GRANDE-RURAL;;R$ 11.589,08;;FALSE
1157055;01/10/2025;SENHOR DO BONFIM;0,0%;0%;;;100%;;;;;;0;;;;-10,4443124, -40,1854723;REPUTACIONAL;;;;;;;;;GESONI;;;;;;;;;;;;;SENHOR DO BONFIM;;;FALSE;;;;;;0;PLANO 7;;FALSE;;86;30/11/2025;;01/10/2025;;;Q050600;;DESL + BT + LV;;FALSE;Paralisada;;IT-GRUA-RO BA 220-RURAL;;R$ 1.679.249,18;;FALSE
1157179;01/10/2025;SENHOR DO BONFIM;0,0%;0%;;;50%;;;;;;0;;;;-10,4444659, -40,1858723;QLP;;;;;;;;21/10/2025;REGINALDO;;;;;;;;;;;;;SENHOR DO BONFIM;;;FALSE;;;;;;E875586 – E875649;PLANO 7;;FALSE;;63;30/11/2025;;07/10/2025;;;D912764;;DESL + LV;;FALSE;Paralisada;;IT GRUA AG CANDIDO FONSECA RURAL;;R$ 1.706.478,98;;FALSE
1134149;01/10/2025;SENHOR DO BONFIM;57,1%;0%;;;50%;;;;28;;7;;;;-10,2518285, -39,466756;AIC AUDITORIA;;;;;;;;13/10/2025;JOSE;;;;;;;;;;;;;MONTE SANTO;;125849 (EN);;;;;;;E875537 – E875585;PLANO 14;;TRUE;;49;31/10/2025;;13/10/2025;;;D012482;;LV + ENERGZ;;TRUE;NÃO DEFINIDO;;LD CIND POV SÃO JOÃO DOS CAMPOS RURAL;;R$ 500.132,76;;
1214079;01/10/2025;SENHOR DO BONFIM;40,0%;0%;;;100%;;;;6;;0;;;;-10,4235329, -40,1895399;REPUTACIONAL;;;;;;;;14/10/2025 e 22/10/2025;JOILSON;;;;;;;;;https://drive.google.com/file/d/1bh8HQM6yOMLwUn-CLGZFYRmkXM71n8jv/view?usp=drive_link;;;;SENHOR DO BONFIM;;;FALSE;;;;125888 127244 (ANEXAR PEX);;0;PLANO 7;;FALSE;;15;30/10/2025;;16/10/2025;;;Q043225;;DESL + LV;5 POSTES;FALSE;NÃO DEFINIDO;;IT-GRUA-POV-CAATINGUINHA 4545-RURAL;;R$ 63.731,32;;FALSE
1206073;01/10/2025;SENHOR DO BONFIM;0,0%;0%;;;100%;;;;;;1;;;;-9,9124989, -40,6843068;PRIORIDADE PLANO ANEEL;;;;;;;;14/10/2025;ISRAEL;;;;;;;;;https://drive.google.com/file/d/1fUb8klgF5nSnHVTy2-KASHhdBbEIKTw9/view?usp=drive_link;;;;CAMPO FORMOSO;;124657 (LV)      124861 (EN);;;;;;;E875291 – E875298;PLANO 14;;TRUE;;8;25/10/2025;;20/10/2025;;;D010745;;LV + ENERGZ;TRF;TRUE;NÃO DEFINIDO;;ER-CIND-POV-RURAL-CACIMBINHA;;R$ 89.359,21;;
1171381;01/10/2025;SENHOR DO BONFIM;0,0%;0%;;;100%;;;;;;1;;;;-10,1591055, -40,9337948;PRIORIDADE PLANO ANEEL;;;;;;;;14/10/2025;ISRAEL;;;;;;;;;https://drive.google.com/file/d/17d7bgA-151hAo1z4GU7CjbDq6y2gNKvL/view?usp=drive_link;;;;CAMPO FORMOSO;;124663 (LV)      124878 (EN);;;;;128911;;E875299 – E875305;PLANO 14;;TRUE;;7;25/10/2025;;20/10/2025;;;E528660;;LV + ENERGZ;TRF;TRUE;NÃO DEFINIDO;;ER-CIND-POV-LAGE DOS NEGROS -L D NEGROS;;R$ 62.354,50;;
1204503;01/10/2025;SENHOR DO BONFIM;0,0%;0%;;;100%;;;;;;1;;;;-10,4179027, -40,6692667;PRIORIDADE PLANO ANEEL;;;;;;;;14/10/2025;ISRAEL;;;;;;;;;https://drive.google.com/file/d/1KOg7AzZW4dLkP8c6COkBal8zVAL_LxXB/view?usp=drive_link;;;;CAMPO FORMOSO;;124748 (LV) 124696 (EN);;;;;;;E875306 – E875310;PLANO 14;;TRUE;;5;31/10/2025;;27/10/2025;;;Q064027;;LV + ENERGZ;N1 C/ TRF;TRUE;NÃO DEFINIDO;;ER-CIND-POV-VARGEM DO SAL 300-V DO SAL;;R$ 53.873,54;;
1221342;01/10/2025;SENHOR DO BONFIM;0,0%;0%;;;100%;;;;;;;;;;;PRIORIDADE PLANO ANEEL;;;;;;;;14/10/2025;JEFFERSON;;;;;;;;;;;;;NORDESTINA;;;FALSE;;;;;;;PLANO 7;;FALSE;;4;31/10/2025;;27/10/2025;;;;;;;FALSE;Energizada;;UB-CIND-RUA-NICANOR AMMBAHY-CENTRO;;;;FALSE
1213002;01/10/2025;SENHOR DO BONFIM;0,0%;0%;;;100%;;;;;;1;;;;-10,4114853, -41,1624956;PRIORIDADE PLANO ANEEL;;;;;;;;07/10/2025;ISRAEL;;;;;;;;;https://drive.google.com/file/d/1KsxIb6H7s6QnTmeIBsuWeo6tyOwt6IK8/view?usp=drive_link;;;;CAMPO FORMOSO;;121336 BT;;;;;;;E875287 – E875290;PLANO 14;;TRUE;;4;31/10/2025;;27/10/2025;;;D724169;;BT;;TRUE;NÃO DEFINIDO;;ER-CIND-POV-PONTA DAGUA-RURAL;;R$ 22.711,82;;
1209595;01/10/2025;SENHOR DO BONFIM;0,0%;0%;;;100%;;;;;;1;;;;-10,5954581, -40,930199;PRIORIDADE PLANO ANEEL;;;;;;;;07/10/2025;ISRAEL;;;;;;;;;https://drive.google.com/file/d/1ZK7k_sD48GWLN7LnzOAhgRGZAlHFvzJz/view?usp=drive_link;;;;CAMPO FORMOSO;;121346 BT;;;;;;;E875177 – E875179;PLANO 14;;TRUE;;3;31/10/2025;;27/10/2025;;;R024920;;BT;;TRUE;NÃO DEFINIDO;;ER-CIND-RUA-DO CAMPO-CENTRO;;R$ 13.794,15;;
1193954;01/10/2025;SENHOR DO BONFIM;100,0%;0%;;;100%;;;;2;;1;;;;-10,4953163, -40,1635735;QLP;;;;;;;;22/10/2025;REGINALDO;;;;;;;;;https://drive.google.com/file/d/1WQopJNOV-ltWEpNb9Szb4BQfgq6oVQbC/view?usp=drive_link;;;;SENHOR DO BONFIM;;123287 (BT) 125892(LV);FALSE;;;;127249;;E875225 – E875226;PLANO 7;;TRUE;;2;25/10/2025;;20/10/2025;;;D050846;;DESL + BT + LV;N1 C/ TRF;;Energizada;;AC-CIND-VI LIMOES 2-CENTRO;;R$ 37.400,82;;FALSE
1221730;01/10/2025;SENHOR DO BONFIM;0,0%;0%;;;100%;;;;;;;;;;;PRIORIDADE PLANO ANEEL;;;;;;;;27/10/2025;ALDAIR;;;;;;;;;;;;;JAGUARARI;;;FALSE;;;;;;;PLANO 7;;FALSE;;2;30/10/2025;;07/10/2025;;;;;;;FALSE;NÃO DEFINIDO;;RR-EMBA-RUA-DA LARANJEIRA-CENTRO;;;;FALSE
1153516;01/10/2025;SENHOR DO BONFIM;0,0%;0%;;;100%;;;;;;1;;;;-10,1299905, -40,4956858;PRIORIDADE PLANO ANEEL;;;;;;;;14/10/2025;ISRAEL;;;;;;;;;https://drive.google.com/file/d/1N3-0WC53zF0v9IS7bdq0-kPNI7Sd0k_y/view?usp=drive_link;;;;CAMPO FORMOSO;;124667 (LV) 124662 (EN);;;;;123380;;E875183 – E875183;PLANO 7;;TRUE;;1;25/10/2025;;20/10/2025;;;B139251;;LV + ENERGZ;N1 C/ TRF;TRUE;Energizada;;ER-CIND-POV-VILA DOS PAUZINHOS-RURAL;;R$ 20.977,40;;
1168806;01/10/2025;SENHOR DO BONFIM;0,0%;0%;;;100%;;;;;;1;;;;-10,1845895, -40,8966678;PRIORIDADE PLANO ANEEL;;;;;;;;14/10/2025;ISRAEL;;;;;;;;;https://drive.google.com/file/d/1FUMDq-bUdK8-BLdnwQeSZEVh0g0Cgm-w/view?usp=drive_link;;;;CAMPO FORMOSO;;124783 (LV) 124647 (EN);;;;;;;E875184 – E875184;PLANO 7;;TRUE;;1;31/10/2025;;27/10/2025;;;Q024911;;LV + ENERGZ;N1 C/ TRF;TRUE;NÃO DEFINIDO;;ER-CIND-POV-PATOS 3-URBANO;;R$ 24.982,67;;
1156651;01/10/2025;SENHOR DO BONFIM;0,0%;0%;;;100%;;;;;;0;;;;-10,4265503, -40,8651062;PRIORIDADE PLANO ANEEL;;;;;;;;14/10/2025;ISRAEL;;;;;;;;;https://drive.google.com/file/d/1MGM9EwydAcMCbDyjyaG2pf9mkqQncAn8/view?usp=drive_link;;;;CAMPO FORMOSO;;124773 (LV) 124652 (EN);;;;;;;E875185 – E875185;PLANO 7;;TRUE;;1;31/10/2025;;27/10/2025;;;D931025;;LV + ENERGZ;N1 C/ TRF;TRUE;NÃO DEFINIDO;;ER-CIND-POV-BREJO CAATINGA-RURAL;;R$ 27.197,79;;
1204838;01/10/2025;SENHOR DO BONFIM;100,0%;33,33333333%;;;100%;;;;6;;0;;;2;-10,5040859, -40,1605723;JUDICIAL;29/10/2025;;;;;;;20/10/2025;REGINALDO;;;;;;;;;https://drive.google.com/file/d/12nH3eqxoumRtkHUruc6jly0B9TONZ7GF/view?usp=drive_link;;;;SENHOR DO BONFIM;;;FALSE;;;;129486 (PRECISA DE ACORDO) E 129488;;E875342 – E875347;PLANO 8;;FALSE;;6;25/10/2025;;20/10/2025;;;Q042100;;DESL + LV;1 N4;;Energizada;;IS-COEL-RUA-CANDIDO FONSECA-MERCADO;;R$ 51.246,25;;FALSE
1196099;01/10/2025;SENHOR DO BONFIM;100,0%;33,33333333%;;;100%;;;;DETONAR;;1;;;1;-10,5386756, -40,0339182;RECLAMAÇÃO;;;;;;;;08/10/2025;REGINALDO;;;;;;;;;https://drive.google.com/file/d/1G1lUW6BXNjPncqxWdbIThPJIYYKB3yoZ/view?usp=drive_link;;;;SENHOR DO BONFIM;;123513(LV)      124318 (EN);FALSE;;;;;;E875212 – E875214;PLANO 7;;TRUE;;3;25/10/2025;;20/10/2025;;;Q051202;;LV + ENERGZ;N1 C/ TRF;TRUE;Energizada;;UB-CIND-RUA-SENHOR DO BONFIM-QUICE;;R$ 41.276,99;;FALSE
1205879;01/10/2025;SENHOR DO BONFIM;100,0%;33,33333333%;;;100%;;;;3;;1;;;1;-10,5235394, -40,0633237;PRIORIDADE PLANO ANEEL;;;;;;;;08/10/2025;REGINALDO;;;;;;;;;https://drive.google.com/file/d/123Gas0XiyMZSDZ0T1EqbeWHMKnda6Ysm/view?usp=drive_link;;;;SENHOR DO BONFIM;;123515(LV) 124327 (EN);FALSE;;;;;;E875209 – E875211;PLANO 14;;TRUE;;3;25/10/2025;;20/10/2025;;;Q049875;;LV + ENERGZ;N1 C/ TRF;TRUE;Energizada;;ER-CIND-FAZ-CAJAZEIRA 28-RURAL-QUICE;;R$ 28.064,87;;FALSE
1200619;01/10/2025;SENHOR DO BONFIM;0,0%;34,375%;;;100%;;;;;;4;;;11;-10,419528, -40,521278;PRIORIDADE PLANO ANEEL;;;;;;;;20/10/2025;ISRAEL;;;;;;;;;;;;;CAMPO FORMOSO;;124729 (LV)      124830 (EN);;;;;;;E875118 – E875149;PLANO 14;;TRUE;;32;31/10/2025;;20/10/2025;;;E477077;;LV + ENERGZ;N3/4;;Energizada;;RR-CIND-POV-LAGEDO RASO-TIQUARA-RURAL;;R$ 239.450,57;;
1105670;01/10/2025;SENHOR DO BONFIM;0,0%;40,90909091%;;;100%;;;;;;14;;;18;-9,8806754, -39,9304034;JUDICIAL;;;;;;;;20/10/2025;WAGNER;;;;;;;;;;;;;JAGUARARI;;125137 (LV)  125807 BT    136792 (EN);;;;;;;E875493 – E875536;PLANO 14;;TRUE;;44;31/10/2025;;13/10/2025;;;Q066744;;LV + ENERGZ + BT;N1-3;;Energizada;;MP-CIND-ROD-MINA BARRINHA-RURAL;;R$ 341.404,74;;
1166494;01/10/2025;SENHOR DO BONFIM;0,0%;47,05882353%;;;100%;;;;;;3;;;16;-11,0539141, -39,824471;QLP;;;;;;;;13/10/2025;MARCELO;;;;;;;;;;;;;QUEIMADAS;;125748 (EN);FALSE;;;;;;E875459 – E875492;PLANO 7;;TRUE;;34;30/10/2025;;13/10/2025;;;D573527;;LV + ENERGZ;N3/4;TRUE;Energizada;;LD - CIND POV ALECRIM - RURAL;;R$ 360.650,29;;FALSE
1165645;01/10/2025;SENHOR DO BONFIM;100,0%;50%;;;100%;;;;2;;0;;;1;-10,670842, -40,3261249;GOVERNO;;;;;;;;07/10/2025;EDVALDO;;;;;;;;;https://drive.google.com/file/d/1B7jHLNNnD0OQ7sYMVKpD8gQYCgoeoEY6/view?usp=drive_link;;;;PINDOBAÇU;;;;;;;121453;;E875168 – E875169;PLANO 7;;TRUE;;2;10/10/2025;;07/10/2025;;;Q037082;;DESL;;;Energizada;;ER-CIND.POV.DE FUMAÇA-RURAL;;R$ 38.265,67;;
1173892;01/10/2025;SENHOR DO BONFIM;100,0%;50%;;;100%;;;;2;;0;;;1;-10,4847831, -40,3449138;PRIORIDADE PLANO ANEEL;;;;;;;;07/10/2025;ISRAEL;;;;;;;;;https://drive.google.com/file/d/1nfA1FpifLSeivWcSGWCgTtgFE9IdU4Gs/view?usp=drive_link;;;;CAMPO FORMOSO;;124639 (LV)     124725 (EN);;;;;;;E875175 – E875176;PLANO 7;;TRUE;;2;18/10/2025;;13/10/2025;;;D520413;;LV + ENERGZ;N1 C/ TRF;TRUE;Energizada;;ER-CIND-AV-SONHOS 172-RURAL;;R$ 32.874,89;;
0670141;01/10/2025;SENHOR DO BONFIM;0,0%;54,16666667%;;;100%;;;;;;1;;;13;-10,1947751, -39,2650649;PRIORIDADE PLANO ANEEL;;;;;;;;13/10/2025;OSMAR;;;;;;;;;;;;;MONTE SANTO;;125839 (EN);;;;;;;E875408 – E875431;PLANO 14;;TRUE;;24;30/10/2025;;20/10/2025;;;D559328;;LV + ENERGZ;N1-3;TRUE;Energizada;;MP-CIND-FAZ. ATANAZIO-RURAL;;R$ 91.671,67;;
1216501;01/10/2025;SENHOR DO BONFIM;25,9%;59,25925926%;;;100%;;;;7;;3;;;16;-11,0562733, -40,0631541;PRIORIDADE PLANO ANEEL;;;;;;;;07/10/2025;EDVALDO;;;;;;;;;;;;;PONTO NOVO;;127506 (LV) 122316(BT)  122322(EN);;;;;123278;;E875432 – E875458;PLANO 7;;TRUE;;27;22/10/2025;;13/10/2025;;;D914760;;LV + ENERGZ + BT;N3/4;;Energizada;;ER-CIND-FAZ-CACADOR-RURAL;;R$ 195.424,14;;
1208718;01/10/2025;SENHOR DO BONFIM;100,0%;71,42857143%;;;100%;;;;21;;29;;;15;-10,5701783, -40,2697813;QLP;31/10/2025;;;;;;;09/10/2025;EDVALDO;;;;;;;;;https://drive.google.com/file/d/1iyn0hUxU9viuPOVuf-94sO-tuKHGni0X/view?usp=drive_link;;;;ANTÔNIO GONÇALVES;;124616(LV) 123164 BT  123173(EN);;;;;125891;;E875389 – E875407;PLANO 7;;TRUE;;21;31/10/2025;;23/10/2025;;;D008540;;LV + BT + ENERGZ + DESL;CE3/4;;Energizada;;RR-CIND-RUA-DO CONTORNO 15-CENTRO;;R$ 133.687,73;;
1164147;01/10/2025;SENHOR DO BONFIM;0,0%;71,42857143%;;;100%;;;;;;2;;;5;-10,6512763, -39,7123835;PRIORIDADE PLANO ANEEL;;;;;;;;06/10/2025;JEFFERSON;;;;;;;;;https://drive.google.com/file/d/1Zaf3FIpxBMySxxp7Li6mymJLLvktyJYz/view?usp=drive_link;;;;CANSANÇÃO;;124820 (LV) 124140 (EN);;;;;;;E875311 – E875317;PLANO 7;;TRUE;;7;18/10/2025;;06/10/2025;;;Q098900;;LV + ENERGZ;N1-3;TRUE;Energizada;;ER-CIND-FAZ-ROCHA-AT LINDO - RURAL;;R$ 115.225,85;;
1195412;01/10/2025;SENHOR DO BONFIM;0,0%;80%;;;100%;;;;;;1;;;4;-10,5062648, -39,4095984;QLP;;;;;;;;06/10/2025;OSMAR;;;;;;;;;https://drive.google.com/file/d/1qn1y4ot468g2nkSuRVK9Sn2p9QGrww58/view?usp=drive_link;;;;MONTE SANTO;;122245 BT;;;;;;;E875376 – E875380;PLANO 7;;TRUE;;5;18/10/2025;;06/10/2025;;;D409513;;BT;;TRUE;Energizada;;ER-CIND-POV-MONTE SANTO-SITIO DE NANINHA;;R$ 31.758,63;;
1192755;01/10/2025;SENHOR DO BONFIM;100,0%;92,98245614%;;;100%;;;;114;;0;;;106;-10.0171927,-39.8492799;GOVERNO;;;;;;;;01/09/2025;ALDAIR;;;;;;;;;;;;;JAGUARARI;;;;;;;120054;;0;PLANO 14;;TRUE;;114;18/10/2025;;01/10/2025;;;;;DESL + ENERGZ;N1-3;TRUE;Energizada;;RR-SEIN-FAZ-CORRENCIA-RURAL;;R$ 1.060.332,60;;
0877780;01/10/2025;SENHOR DO BONFIM;100,0%;95,91836735%;;;100%;;;;49;;9;;;47;-10.9814946,-39.6346926;REPUTACIONAL;;;;;;;;15/09/2025;MARCELO;;;;;;;;-10,9814946;Não precisa;;-39,6346926;;QUEIMADAS;;108873(LV);FALSE;;;;125480;;E843924 - E843973;PLANO 14;;TRUE;;49;30/09/2025;;19/09/2025;;;Q104891;;DESL + LV + BT + ENERGZ;N1/3;TRUE;Energizada;;MP-CCOL-FAZ RAIO DO SOL-RURAL;;R$ 196.839,24;;FALSE
1134327;01/10/2025;SENHOR DO BONFIM;100,0%;100%;;;100%;;;;59;;1;;;64;-10.8421072,-39.308;PRIORIDADE PLANO ANEEL;;;;;;;;15/09/2025;JEFFERSON;;;;;;;;-10.8421072;Não precisa;;-39.308;;CANSANÇÃO;;108861(LV)     112624 (EN);;;;;;;E843809 - E843864;PLANO 14;;TRUE;;59;30/09/2025;;14/10/2025;;;E284390;;LV + ENERGZ;N3/4;TRUE;Energizada;;LD CIND FAZ SÃO JOÃO RURAL;;R$ 756.608,39;;
0972150;01/10/2025;SENHOR DO BONFIM;100,0%;100%;;;100%;;;;11;;1;;;14;-10.7118401, -40.4764177;QLP;;;;;;;;12/09/2025;EDVALDO;;;;;;;;;https://drive.google.com/file/d/1cSMCjmGCfeyj4MQsh2710bSbQRCyuNEy/view?usp=drive_link;;;;PINDOBAÇU;;108885(LV);FALSE;;;;;;E860565 - E860578;PLANO 7;;TRUE;;11;25/09/2025;;22/09/2025;;;Q063843;;LV + ENERGZ;1 N1-3;TRUE;Energizada;;RR-CIND-RUA-DA AREIA-CARNAIBA;;R$ 59.465,82;;FALSE
1198646;01/10/2025;SENHOR DO BONFIM;100,0%;100%;;;100%;;;;7;;1;;;7;-10,398475, -39,3087948;QLP;;;;;;;;06/10/2025;OSMAR;;;;;;;;;https://drive.google.com/file/d/1n9kI8nHwRobX0ihHqcgh-AksWcaPq-ec/view?usp=drive_link;;;;MONTE SANTO;;122274 BT;;;;;;;E875370 – E875375;PLANO 14;;TRUE;;7;18/10/2025;;06/10/2025;;;D239704;;BT;;TRUE;Energizada;;ER-CIND-FAZ-POCO DANTAS-MONTE SANTO;;R$ 37.811,92;;
1198650;01/10/2025;SENHOR DO BONFIM;0,0%;100%;;;100%;;;;;;1;;;4;-10,5062648, -39,4095984;QLP;;;;;;;;06/10/2025;ANAILTON;;;;;;;;;https://drive.google.com/file/d/19vWBocIDS5w2Z3vj0Uk7se2EjMeZSV4I/view?usp=drive_link;;;;QUEIMADAS;;127167 BT;;;;;;;0;PLANO 14;;TRUE;;4;25/10/2025;;20/10/2025;;;D409513;;BT;;;NÃO DEFINIDO;;ER-CCOL-FAZ-PAU D ARCO-RURAL;;R$ 45.098,21;;
1199681;01/10/2025;SENHOR DO BONFIM;100,0%;100%;;;100%;;;;6;;2;;;6;-10,6010438, -40,2725336;QLP;;;;;;;;09/10/2025;EDVALDO;;;;;;;;;https://drive.google.com/file/d/1wENrSq_PeKgisN0rRL-p_FVKf8AARwj7/view?usp=drive_link;;;;ANTÔNIO GONÇALVES;;124551 (LV)      124821(EN);;;;;;;E875273 – E875278;PLANO 14;;TRUE;;6;10/10/2025;;07/10/2025;;;Q067429;;LV + ENERGZ;N1 C/ TRF;;Energizada;;ER-CIND-POV-BARRA-BARRA;;R$ 42.116,14;;
1173478;01/10/2025;SENHOR DO BONFIM;100,0%;100%;;;100%;;;;6;;1;;;6;;PRIORIDADE PLANO ANEEL;;;;;;;;01/10/2025;JOILSON ;;;;;;;;;;;;;SENHOR DO BONFIM;;115798 (BT);;;;;;;E860849 -E860853;PLANO 14;;TRUE;;6;31/10/2025;;20/10/2025;;;E860849;;BT;;TRUE;Energizada;;ER-CIND-POV-LAGOA DO BOI-LAGOA DO BOI;;R$ 30.445,50;;
1195841;01/10/2025;SENHOR DO BONFIM;0,0%;100%;;;100%;;;;;;1;;;2;-10,4605865, -39,2612516;QLP;;;;;;;;06/10/2025;ANAILTON;;;;;;;;;https://drive.google.com/file/d/10hAjidpSjethJXun3uV91gg5_28hEfjx/view?usp=drive_link;;;;MONTE SANTO;;127161 BT;;;;;123362;;E875150 – E875151;PLANO 14;;TRUE;;2;25/10/2025;;20/10/2025;;;D143859;;LV + BT;2 N1;;NÃO DEFINIDO;;ER-CIND-POV-LAGE 3652-LAGE;;R$ 12.344,10;;
1207817;01/10/2025;SENHOR DO BONFIM;100,0%;100%;;;100%;;;;6;;1;;;6;-10,5604559, -40,1315522;PRIORIDADE PLANO ANEEL;;;;;;;;20/10/2025;REGINALDO;;;;;;;;;https://drive.google.com/file/d/1_XMElTiYZrazbvLG92Ii5SfUM_7zzSf8/view?usp=drive_link;;;;SENHOR DO BONFIM;;123277 (BT);FALSE;;;;123343;;E875348 – E875353;PLANO 7;;TRUE;;6;25/10/2025;;20/10/2025;;;Q049592;;DESL + LV + BT;N1;;Energizada;;ER-CIND-FAZ-TANQUINHO 66-TIJUACU;;R$ 27.493,60;;FALSE
1211134;01/10/2025;SENHOR DO BONFIM;100,0%;100%;;;100%;;;;6;;2;;;6;-10,2229701, -39,409205;PRIORIDADE PLANO ANEEL;;;;;;;;06/10/2025;JOSE;;;;;;;;;https://drive.google.com/file/d/1jJlKToSQlaG62EXkuCgqWIHbW0o11yed/view?usp=drive_link;;;;MONTE SANTO;;125893(LV) 124159 (EN) ;;;;;;;E875359 – E875364;PLANO 14;;TRUE;;6;11/10/2025;;06/10/2025;;;A284391;;LV + ENERGZ;N1 C/ TRF;FALSE;Energizada;;ER-CIND-POV-SACO FUNDO 24-RURAL;;R$ 58.994,65;;
1213503;01/10/2025;SENHOR DO BONFIM;100,0%;100%;;;100%;;;;5;;1;;;5;-10,3808554, -40,0701585;PRIORIDADE PLANO ANEEL;;;;;;;;01/10/2025;JOILSON;;;;;;;;;https://drive.google.com/file/d/1EAI3KYXGJOWbzz18J8aKVZE8BAkhpfHs/view?usp=drive_link;;;;SENHOR DO BONFIM;;121424 BT;FALSE;;;;;;E875354 – E875358;PLANO 14;;TRUE;;5;10/10/2025;;06/10/2025;;;Q045765;;BT;;TRUE;Energizada;;ER-CIND-POV-PEREIROS-RURAL;;R$ 25.319,43;;FALSE
1199296;01/10/2025;SENHOR DO BONFIM;0,0%;100%;;;100%;;;;;;1;;;2;-10,4535805, -39,5306571;QLP;;;;;;;;06/10/2025;ANAILTON;;;;;;;;;https://drive.google.com/file/d/1Tg2ep-sc3cXCJ8ff3PXUxu7WwJvzY1v4/view?usp=drive_link;;;;MONTE SANTO;;127180 BT;;;;;;;E875155 – E875156;PLANO 7;;TRUE;;2;25/10/2025;;20/10/2025;;;D154864;;BT;;;Energizada;;AC-CIND-FAZ-FELICIANO-RURAL;;R$ 11.810,71;;
1200674;01/10/2025;SENHOR DO BONFIM;0,0%;100%;;;100%;;;;;;1;;;5;-10,9210645, -39,9412907;QLP;;;;;;;;13/10/2025;GESONI;;;;;;;;;https://drive.google.com/file/d/18ZF9Qq8JVg4GFYxbbO4i-8WenlIsK2HK/view?usp=drive_link;;;;QUEIMADAS;;123154 BT;FALSE;;;;128905;;E875365 – E875369;PLANO 14;;TRUE;;5;25/10/2025;;20/10/2025;;;B565390;;LV + BT;2 N1;TRUE;NÃO DEFINIDO;;ER-CIND-FAZ-VARZEA GRANDE-VARZEA GRANDE;;R$ 35.253,30;;FALSE
1195013;01/10/2025;SENHOR DO BONFIM;100,0%;100%;;;100%;;;;4;;1;;;4;-10,4368644, -39,3214137;QLP;;;;;;;;06/10/2025;OSMAR;;;;;;;;;https://drive.google.com/file/d/1kp3yWRVvXEM2lwWfRD1fgUAxHdgV09wR/view?usp=drive_link;;;;MONTE SANTO;;122237 BT;;;;;;;E875385 – E875388;PLANO 7;;TRUE;;4;11/10/2025;;06/10/2025;;;D765825;;BT;;;Energizada;;UB-CIND-RUA-CENTENARIO DA REP-ALTO DA C;;R$ 30.807,46;;
1212968;01/10/2025;SENHOR DO BONFIM;100,0%;100%;;;100%;;;;4;;1;;;8;-10,5068992, -40,3303808;PRIORIDADE PLANO ANEEL;;;;;;;;07/10/2025;ISRAEL;;;;;;;;;https://drive.google.com/file/d/1O_R2bl3izf3-rTAiMkWyBYvSHpoCbhdy/view?usp=drive_link;;;;CAMPO FORMOSO;;120712 BT;;;;;;;E875279 – E875282;PLANO 7;;TRUE;;4;11/10/2025;;07/10/2025;;;D696755;;BT;;TRUE;Energizada;;UB-CIND-RUA-DA CHACARA 957-ESPLANADA;;R$ 23.320,80;;
1175534;01/10/2025;SENHOR DO BONFIM;100,0%;100%;;;100%;;;;4;;0;;;4;-10,4962477, -40,3257289;PRIORIDADE PLANO ANEEL;;;;;;;;07/10/2025;ISRAEL;;;;;;;;;https://drive.google.com/file/d/1L9XOC0qeRg6v2KsF1Ptbvhh3hPZN_9Yj/view?usp=drive_link;;;;CAMPO FORMOSO;;120680 BT;;;;;;;E875283 – E875286;PLANO 7;;TRUE;;4;11/10/2025;;07/10/2025;;;E638589;;BT;;TRUE;Energizada;;UB-CIND-RUA-DAS VIOLETAS-VILA DOS RICOS;;R$ 37.229,65;;
1199274;01/10/2025;SENHOR DO BONFIM;0,0%;100%;;;100%;;;;;;1;;;2;-10,4684228, -39,2720763;QLP;;;;;;;;06/10/2025;ANAILTON;;;;;;;;;https://drive.google.com/file/d/1GLaUABIkivH2ZfSJMp6st-H-kWR1YRQO/view?usp=drive_link;;;;MONTE SANTO;;137410 BT;;;;;;;E875157 – E875158;PLANO 7;;TRUE;;2;31/10/2025;;27/10/2025;;;D139987;;BT;;TRUE;Energizada;;ER-CIND-FAZ-FZ PEDRA-PEDRA;;R$ 13.325,25;;
1139502;01/10/2025;SENHOR DO BONFIM;0,0%;100%;;;100%;;;;;;1;;;4;-10,6594125, -39,4945877;PRIORIDADE PLANO ANEEL;;;;;;;;13/10/2025;JEFFERSON;;;;;;;;;https://drive.google.com/file/d/1KB_Ffd8O0Ut7F3ftx26HSkUSUrsFtfj8/view?usp=drive_link;;;;CANSANÇÃO;;124968 (LV) 124350 (EN);;;;;;;E875322 – E875325;PLANO 7;;TRUE;;4;25/10/2025;;20/10/2025;;;D297035;;LV + ENERGZ;TRF + N1;TRUE;NÃO DEFINIDO;;UB-CIND-AV-ANTONIO VICENTE M M-CENTRO;;R$ 56.169,24;;
1213134;01/10/2025;SENHOR DO BONFIM;0,0%;100%;;;100%;;;;;;1;;;4;-10,6854032, -39,3437082;PRIORIDADE PLANO ANEEL;;;;;;;;13/10/2025;JEFFERSON;;;;;;;;;https://drive.google.com/file/d/12N6F1E_ZjJZI1L2xFWVO0_vI9aQ949MB/view?usp=drive_link;;;;CANSANÇÃO;;125095 (LV) 123273 BT;;;;;;;E875334 – E875337;PLANO 14;;TRUE;;4;31/10/2025;;27/10/2025;;;B164365;;LV + BT;3 N1;TRUE;NÃO DEFINIDO;;ER-CIND-POV-DEIXAI 94 -FT-RURAL;;R$ 39.405,66;;
1158293;01/10/2025;SENHOR DO BONFIM;0,0%;100%;;;100%;;;;;;1;;;4;-10,6652094, -39,4990013;PRIORIDADE PLANO ANEEL;;;;;;;;13/10/2025;JEFFERSON;;;;;;;;;https://drive.google.com/file/d/1Vmqy-TWEwX0cNpdx1z-xx9aZjWHty6AK/view?usp=drive_link;;;;CANSANÇÃO;;125076 (LV) 123269 BT;;;;;;;E875326 – E875329;PLANO 7;;TRUE;;4;31/10/2025;;27/10/2025;;;Q099328;;LV + BT;N1;TRUE;NÃO DEFINIDO;;UB-CIND-RUA-HERMANO B SOUZA-URBANA;;R$ 24.101,81;;
1172415;01/10/2025;SENHOR DO BONFIM;0,0%;100%;;;100%;;;;;;0;;;4;-10,6679905, -39,4917045;PRIORIDADE PLANO ANEEL;;;;;;;;13/10/2025;JEFFERSON;;;;;;;;;https://drive.google.com/file/d/1-sawzub04_2yUJrRCX47jaDBUprjkuqa/view?usp=drive_link;;;;CANSANÇÃO;;;;;;;123282;;E875330 – E875333;PLANO 7;;TRUE;;4;25/10/2025;;20/10/2025;;;Q099415;;DESL;;TRUE;NÃO DEFINIDO;;UB-CIND-RUA-M CAROLINA FERREIRA-CENTRO;;R$ 39.552,26;;
1186324;01/10/2025;SENHOR DO BONFIM;0,0%;100%;;;100%;;;;;;0;;;4;-10,6544928, -39,4879905;QLP;;;;;;;;13/10/2025;JEFFERSON;;;;;;;;;https://drive.google.com/file/d/1S_bIjmDjBZM-cDGRb8i-mv8jk9M_vX36/view?usp=drive_link;;;;CANSANÇÃO;;124947 (LV) 123271 BT;;;;;127298;;E875318 – E875321;PLANO 7;;TRUE;;4;25/10/2025;;20/10/2025;;;D934348;;LV + ENERGZ + BT + DESL;CE3;TRUE;NÃO DEFINIDO;;AC-CIND-POV-LAGOA DOS CAVALOS-RURAL;;R$ 84.103,37;;
1204768;01/10/2025;SENHOR DO BONFIM;100,0%;100%;;;100%;;;;4;;1;;;4;-10,4341169, -39,333322;PRIORIDADE PLANO ANEEL;;;;;;;;06/10/2025;OSMAR;;;;;;;;;https://drive.google.com/file/d/1frnndN5zrnWkXYcti6Anwr8CKyzK9XNc/view?usp=drive_link;;;;MONTE SANTO;;123295 BT;;;;;;;E875381 – E875384;PLANO 7;;TRUE;;4;18/10/2025;;13/10/2025;;;A258407;;BT;;TRUE;Energizada;;UB-CIND-RUA-ALOISIO DE CASTRO-CENTRO;;R$ 23.249,21;;
1176230;01/10/2025;SENHOR DO BONFIM;100,0%;100%;;;100%;;;;3;;1;;;3;-10,4254957, -39,3336205;PRIORIDADE PLANO ANEEL;;;;;;;;13/10/2025;OSMAR;;;;;;;;;https://drive.google.com/file/d/1Z65PfwzlFqTS6XH70eXu7WdRih7OSWYS/view?usp=drive_link;;;;MONTE SANTO;;124452 (EN) 128897(LV);;;;;;;E875245 – E875247;PLANO 7;;TRUE;;3;25/10/2025;;20/10/2025;;;D765860;;LV + ENERGZ;N3;TRUE;Energizada;;ER-CIND-RUA-CORONEL J CORDEIRO-RURAL;;R$ 56.845,49;;
1106526;01/10/2025;SENHOR DO BONFIM;0,0%;100%;;;100%;;;;;;0;;;1;-10,5469055, -39,4011689;RECLAMAÇÃO;;;;;;;;06/10/2025;ANAILTON;;;;;;;;;https://drive.google.com/file/d/100CAuaKshr7SMxHECrui-VuZ8PmDWDIR/view?usp=drive_link;;;;MONTE SANTO;;127146 BT;;;;;;;E875159 – E875159;PLANO 8;;TRUE;;1;18/10/2025;;13/10/2025;;;B321718;;BT;;TRUE;Energizada;;RC-CIND-POV-JENIPAPO DE BAIXO-RURAL;;R$ 5.154,52;;
1165484;01/10/2025;SENHOR DO BONFIM;100,0%;100%;;;100%;;;;3;;2;;;3;-10,4303475, -40,1401728;PRIORIDADE PLANO ANEEL;;;;;;;;13/10/2025;JOILSON;;;;;;;;;https://drive.google.com/file/d/19u9AXwEc1UgqVO_qjHwMSM5TCLzA73x7/view?usp=drive_link;;;;SENHOR DO BONFIM;;123291 (BT);FALSE;;;;;;E875206 – E875208;PLANO 14;;TRUE;;3;10/10/2025;;06/10/2025;;;Q067379;;BT;;TRUE;Energizada;;ER CIND LOT PANORAMA RURAL;;R$ 15.922,10;;FALSE
1195373;01/10/2025;SENHOR DO BONFIM;100,0%;100%;;;100%;;;;3;;1;;;3;-10,4167964, -40,1809119;QLP;;;;;;;;01/10/2025;JOILSON;;;;;;;;;https://drive.google.com/file/d/1x7HLnymoAkg-kKMphIQlFr6gLFl1TMbv/view?usp=drive_link;;;;SENHOR DO BONFIM;;121391 BT;FALSE;;;;;;E875203 – E875205;PLANO 14;;TRUE;;3;10/10/2025;;06/10/2025;;;D135081;;BT;;TRUE;Energizada;;ER-CIND-POV-SOCOTO-RURAL;;R$ 15.490,78;;FALSE
1209446;01/10/2025;SENHOR DO BONFIM;100,0%;100%;;;100%;;;;3;;1;;;3;-10,9343905, -39,7139194;PRIORIDADE PLANO ANEEL;;;;;;;;06/10/2025;GESONI;;;;;;;;;https://drive.google.com/file/d/1ngURa18NyxJojR37YyfHHcbhUELKTKwN/view?usp=drive_link;;;;QUEIMADAS;;123342 BT;FALSE;;;;;;E875232 – E875234;PLANO 14;;TRUE;;3;11/10/2025;;06/10/2025;;;D314380;;BT;;TRUE;Energizada;;ER-CIND-FAZ-BEBEDOURO-RURAL;;R$ 17.698,47;;FALSE
1194953;01/10/2025;SENHOR DO BONFIM;0,0%;100%;;;100%;;;;;;1;;;1;-10,5529584, -39,3971409;QLP;;;;;;;;06/10/2025;ANAILTON;;;;;;;;;https://drive.google.com/file/d/1oxfgyhN3-e6PTT2EOBu09dMnGjS1P1Sa/view?usp=drive_link;;;;MONTE SANTO;;127139 BT;;;;;;;E875160 – E875160;PLANO 14;;TRUE;;1;18/10/2025;;13/10/2025;;;D129345;;BT;;TRUE;Energizada;;ER-CIND-POV-GENIPAPO DE BAIXO-RURAL;;R$ 6.101,91;;
1204798;01/10/2025;SENHOR DO BONFIM;0,0%;100%;;;100%;;;;;;1;;;3;-10,6693751, -39,5033644;PRIORIDADE PLANO ANEEL;;;;;;;;06/10/2025;JEFFERSON;;;;;;;;;https://drive.google.com/file/d/1UwiHvwWb4VdZgd2BwheI-ixkUCBaqTCo/view?usp=drive_link;;;;CANSANÇÃO;;;;;;;121454;;E875189 – E875191;PLANO 7;;TRUE;;3;18/10/2025;;13/10/2025;;;D172241;;DESL;;TRUE;Energizada;;UB-CIND-RUA-JOSE DE FRANCA-CANSANCAO;;R$ 20.714,69;;
1162988;01/10/2025;SENHOR DO BONFIM;0,0%;100%;;;100%;;;;;;1;;;3;-10,6674182, -39,4982849;PRIORIDADE PLANO ANEEL;;;;;;;;06/10/2025;JEFFERSON;;;;;;;;;https://drive.google.com/file/d/1iE0cMT-BT0S_1WSNrL0uEXVhvk3mphtA/view?usp=drive_link;;;;CANSANÇÃO;;124892 (LV) 123043 BT;;;;;122323;;E875186 – E875188;PLANO 7;;TRUE;;3;18/10/2025;;13/10/2025;;;Q099283;;LV + BT;1 N3-3 + 1 N1;TRUE;Energizada;;UB-CIND-RUA-LEONIA COELHO FERREIRA-CENTR;;R$ 27.601,54;;
1185410;01/10/2025;SENHOR DO BONFIM;100,0%;100%;;;100%;;;;3;;1;;;3;-10,5773657, -40,1424433;RECLAMAÇÃO;;;;;;;;08/10/2025;REGINALDO;;;;;;;;;https://drive.google.com/file/d/1yG2jA9-3Le2rZfvytOu6oyYkD-qSvQb0/view?usp=drive_link;;;;SENHOR DO BONFIM;;123508(LV)     124287 (EN);FALSE;;;;;;E875215 – E875217;PLANO 7;;TRUE;;3;18/10/2025;;13/10/2025;;;Q071127;;LV + ENERGZ;N1 C/ TRF;TRUE;Energizada;;ER-CIND-ET-SENHOR DO BONFIM-RURAL;;R$ 26.468,62;;FALSE
1211141;01/10/2025;SENHOR DO BONFIM;0,0%;100%;;;100%;;;;;;1;;;3;-10,4656053, -40,4449942;PRIORIDADE PLANO ANEEL;;;;;;;;14/10/2025;ISRAEL;;;;;;;;;https://drive.google.com/file/d/1h4JITGLQgHeXWaHARZF00ud4zoGEduwN/view?usp=drive_link;;;;CAMPO FORMOSO;;;;;;;122294;;E875180 – E875182;PLANO 14;;TRUE;;3;31/10/2025;;27/10/2025;;;Q063266;;DESL;;TRUE;Energizada;;ER-CIND-POV-CARAIBAS -RURAL;;R$ 19.429,55;;
1213046;01/10/2025;SENHOR DO BONFIM;100,0%;100%;;;100%;;;;3;;0;;;3;-10,501671, -40,0969;PRIORIDADE PLANO ANEEL;;;;;;;;01/10/2025;JOILSON;;;;;;;;;https://drive.google.com/file/d/1WsPo9OQ2V_rKmZz8EXTtKuhZiGad8CUA/view?usp=drive_link;;;;SENHOR DO BONFIM;;121409 BT;FALSE;;;;;;E875218 – E875220;PLANO 14;;TRUE;;3;10/10/2025;;06/10/2025;;;E657158;;BT;;TRUE;Energizada;;ER-CIND-FAZ-NOVA ESPERANCA-RURAL;;R$ 15.745,12;;FALSE
1211192;01/10/2025;SENHOR DO BONFIM;0,0%;100%;;;100%;;;;;;1;;;3;-10,7173807, -39,453117;PRIORIDADE PLANO ANEEL;;;;;;;;13/10/2025;JEFFERSON;;;;;;;;;https://drive.google.com/file/d/1rUdQCmjOqOYFwDCN2fKL62HfyI9ExvXd/view?usp=drive_link;;;;CANSANÇÃO;;124981 (LV) 123279 (BT);;;;;128903;;E875192 – E875194;PLANO 14;;TRUE;;3;25/10/2025;;20/10/2025;;;Q101267;;DESL + LV + BT;N1 C/ TRF;TRUE;NÃO DEFINIDO;;ER-CIND-POV-CACIMBA-CACIMBINHA;;R$ 33.755,69;;
1194770;01/10/2025;SENHOR DO BONFIM;0,0%;100%;;;100%;;;;;;1;;;2;-10,150653, -39,5808952;QLP;;;;;;;;13/10/2025;OSMAR;;;;;;;;;https://drive.google.com/file/d/14_po5iDUOFGdzDZjS1WGCLNsIJayKeN8/view?usp=drive_link;;;;MONTE SANTO;;123106 BT;;;;;123285;;E875248 – E875249;PLANO 14;;TRUE;;2;25/10/2025;;20/10/2025;;;D107818;;LV + BT;2 N1;TRUE;NÃO DEFINIDO;;ER-CIND-POV-FLORES -FLORES;;R$ 13.435,26;;
1177169;01/10/2025;SENHOR DO BONFIM;100,0%;100%;;;100%;;;;2;;2;;;2;-10,4536602, -40,1991061;PRIORIDADE PLANO ANEEL;;;;;;;;01/10/2025;JOILSON;;;;;;;;;https://drive.google.com/file/d/1l6jV7gGUsHYRHpqi4qajtrhnb6wjQh5m/view?usp=drive_link;;;;SENHOR DO BONFIM;;121366 BT;FALSE;;;;;;E875221 – E875222;PLANO 7;;TRUE;;2;10/10/2025;;06/10/2025;;;D116977;;BT;;TRUE;Energizada;;UB-CIND-LOT-EMANUELA-URBANA;;R$ 13.934,64;;FALSE
1198639;01/10/2025;SENHOR DO BONFIM;100,0%;100%;;;100%;;;;2;;1;;;2;-10,9877095, -39,7613463;QLP;;;;;;;;06/10/2025;GESONI;;;;;;;;;https://drive.google.com/file/d/1BcDjcIi-PNE8DW0aWtoWftdEvirQsBAT/view?usp=drive_link;;;;QUEIMADAS;;123330 BT;FALSE;;;;;;E875237 – E875238;PLANO 7;;TRUE;;2;11/10/2025;;06/10/2025;;;D522909;;BT;;TRUE;Energizada;;ER-CIND-FAZ-VOLTA DO RIO-RURAL;;R$ 15.879,66;;FALSE
1179582;01/10/2025;SENHOR DO BONFIM;100,0%;100%;;;100%;;;;2;;1;;;2;-10,6695789, -39,4965427;PRIORIDADE PLANO ANEEL;;;;;;;;06/10/2025;JEFFERSON;;;;;;;;;https://drive.google.com/file/d/1UIvdbSVN59mdPM_ybnq7xrAWEqD-VH-j/view?usp=drive_link;;;;CANSANÇÃO;;119961 BT;;;;;;;E875197 – E875198;PLANO 7;;TRUE;;2;11/10/2025;;06/10/2025;;;Q098563;;BT;;TRUE;Energizada;;UB-CIND-RUA-ENCESLAU DOS SANTOS BELAU 18;;R$ 12.948,51;;
1139486;01/10/2025;SENHOR DO BONFIM;100,0%;100%;;;100%;;;;2;;1;;;2;-10,659983, -39,651906;QLP;;;;;;;;06/10/2025;JEFFERSON;;;;;;;;;https://drive.google.com/file/d/1K9gT97NvpZoxfHOrr8cQi_aK4RnRswBM/view?usp=drive_link;;;;CANSANÇÃO;;123318 BT;;;;;;;E875199 – E875200;PLANO 7;;TRUE;;2;11/10/2025;;06/10/2025;;;A000005;;BT;;TRUE;Energizada;;ER-CIND-POV-ALTO LINDO-RURAL;;R$ 14.665,70;;
1196233;01/10/2025;SENHOR DO BONFIM;0,0%;100%;;;100%;;;;;;1;;;2;-10,8759863, -39,6008376;RECLAMAÇÃO;;;;;;;;06/10/2025;GESONI;;;;;;;;;https://drive.google.com/file/d/1qrRxEF62yPkoGQdBCF4EiKn880gZxoBl/view?usp=drive_link;;;;QUEIMADAS;;123176 BT 129498(LV);FALSE;;;;;;E875235 – E875236;PLANO 14;;TRUE;;2;18/10/2025;;13/10/2025;;;D570689;;LV + BT;2 N1;TRUE;Energizada;;ER-CIND-FAZ-VARGEM DE FORA-RURAL;;R$ 23.328,19;;FALSE
1180375;01/10/2025;SENHOR DO BONFIM;100,0%;100%;;;100%;;;;2;;1;;;2;-10,4976781, -40,3246296;PRIORIDADE PLANO ANEEL;;;;;;;;07/10/2025;ISRAEL;;;;;;;;;https://drive.google.com/file/d/1JAk2pq-IXne2hYLfzFV2kXB3byRWatVz/view?usp=drive_link;;;;CAMPO FORMOSO;;120701 BT;;;;;;;E875170 – E875171;PLANO 7;;TRUE;;2;11/10/2025;;07/10/2025;;;D700734;;BT;;TRUE;Energizada;;UB-CIND-RUA-CASAS POPULARES 657-CENTRO;;R$ 10.572,11;;
1196743;01/10/2025;SENHOR DO BONFIM;0,0%;100%;;;100%;;;;;;1;;;2;-10,538731, -40,4008459;QLP;;;;;;;;07/10/2025;ISRAEL;;;;;;;;;https://drive.google.com/file/d/1PRewnn1evfeEE_57oJvkWFbYqYVbCCp9/view?usp=drive_link;;;;CAMPO FORMOSO;;120756 BT;;;;;;;E875172 – E875173;PLANO 14;;TRUE;;2;18/10/2025;;13/10/2025;;;B079002;;BT;;TRUE;Energizada;;ER-CIND-TRAV DA COMISA-CENTRO;;R$ 8.765,48;;
1182542;01/10/2025;SENHOR DO BONFIM;100,0%;100%;;;100%;;;;2;;1;;;3;-10,4819365, -40,0170831;QLP;;;;;;;;08/10/2025;REGINALDO;;;;;;;;;https://drive.google.com/file/d/1Hzy952xxU6t8Jmo8MgvzSn_vQyZb1bSj/view?usp=drive_link;;;;SENHOR DO BONFIM;;123509(LV)      124307(EN);FALSE;;;;;;E875223 – E875224;PLANO 7;;TRUE;;2;18/10/2025;;13/10/2025;;;B008651;;LV + ENERGZ;N1 C/ TRF;TRUE;Energizada;;ER-CIND-FAZ-JUNCO 100--A;;R$ 22.875,07;;FALSE
1196489;01/10/2025;SENHOR DO BONFIM;100,0%;100%;;;100%;;;;2;;1;;;2;-10,3930219, -39,1808423;QLP;;;;;;;;06/10/2025;OSMAR;;;;;;;;;https://drive.google.com/file/d/1DrubtASAciV_fTdFTuUUPNWJbIHM8Yes/view?usp=drive_link;;;;MONTE SANTO;;122206 BT;;;;;;;E875250 – E875251;PLANO 14;;TRUE;;2;11/10/2025;;06/10/2025;;;D239367;;BT;;TRUE;Energizada;;ER-CIND-POV-LAGOA DA PEDRA -RURAL;;R$ 16.165,67;;
1197373;01/10/2025;SENHOR DO BONFIM;100,0%;100%;;;100%;;;;2;;0;;;2;-10,2297888, -39,3779683;QLP;;;;;;;;06/10/2025;JOSE;;;;;;;;;https://drive.google.com/file/d/1n2OMghOqOUbjo8k_KCUE99cFbneJynnf/view?usp=drive_link;;;;MONTE SANTO;;122291 BT;;;;;;;E875230 – E875231;PLANO 14;;TRUE;;2;11/10/2025;;06/10/2025;;;D139214;;BT;;TRUE;Energizada;;ER-CIND-FAZ-SAO PEDRO-RURAL;;R$ 10.376,75;;
1149566;01/10/2025;SENHOR DO BONFIM;0,0%;100%;;;100%;;;;;;1;;;1;-10,4666449, -39,2706592;PRIORIDADE PLANO ANEEL;;;;;;;;06/10/2025;ANAILTON;;;;;;;;;https://drive.google.com/file/d/16vhzvlqzctwCDMbRAV9FK_aQisV0zVJb/view?usp=drive_link;;;;MONTE SANTO;;127208 (EN);;;;;;;E875152 – E875153;PLANO 7;;TRUE;;1;25/10/2025;;20/10/2025;;;A249948;;LV + ENERGZ;N1 C/ TRF;TRUE;NÃO DEFINIDO;;ER-CIND-POV-LAGE-RURAL;;R$ 21.269,92;;
1198651;01/10/2025;SENHOR DO BONFIM;0,0%;100%;;;100%;;;;;;1;;;1;-10,4752186, -39,3080912;PRIORIDADE PLANO ANEEL;;;;;;;;06/10/2025;ANAILTON;;;;;;;;;https://drive.google.com/file/d/1TqaAjnC2mF93Ls2xR-UZjEIBVRJEP98O/view?usp=drive_link;;;;MONTE SANTO;;127095 (EN);;;;;;;E875154 – E875154;PLANO 7;;TRUE;;1;31/10/2025;;27/10/2025;;;D394972;;LV + ENERGZ;N1 C/ TRF;TRUE;NÃO DEFINIDO;;ER-CIND-FAZ-PEDRA-RURAL;;R$ 21.323,67;;
1148214;01/10/2025;SENHOR DO BONFIM;57,1%;100%;;;100%;;;;4;;1;;;7;-10,8040096, -39,4758105;PRIORIDADE PLANO ANEEL;;;;;;;;06/10/2025;ANAILTON;;;;;;;;;https://drive.google.com/file/d/1yvEV9rJqX6wwmaH3gnSBC74f17dFloLa/view?usp=drive_link;;;;NORDESTINA;;124484(LV)       127076 (EN);;;;;;;E875255 – E875261;PLANO 14;;TRUE;;7;11/10/2025;;06/10/2025;;;D366607;;LV + ENERGZ;N1 C/ TRF;TRUE;Energizada;;ER-CIND-FAZ-LAGOA DO CURRAL-RURAL;;R$ 49.168,53;;
1210510;01/10/2025;SENHOR DO BONFIM;50,0%;100%;;;100%;;;;3;;1;;;6;-10,8276884, -39,4531101;PRIORIDADE PLANO ANEEL;;;;;;;;06/10/2025;ANAILTON;;;;;;;;;https://drive.google.com/file/d/1EmLwTSJsWEYWi3rCE-Q_hcditAKJAqcQ/view?usp=drive_link;;;;NORDESTINA;;127112 BT;;;;;;;E875262 – E875267;PLANO 14;;TRUE;;6;18/10/2025;;13/10/2025;;;Q102378;;BT;;TRUE;Energizada;;ER-CIND-POV-FAZENDINHA 1-RURAL;;R$ 30.651,90;;
1145042;01/10/2025;SENHOR DO BONFIM;100,0%;100%;;;100%;;;;1;;1;;;1;-10,4318307, -39,3245447;PRIORIDADE PLANO ANEEL;;;;;;;;13/10/2025;JOSE;;;;;;;;;https://drive.google.com/file/d/1LxKFeEGfWl3J-ePgzSzfeMIeY2FzXrUl/view?usp=drive_link;;;;MONTE SANTO;;123268 BT 128270(LV);;;;;;;E875253 – E875253;PLANO 7;;TRUE;;1;18/10/2025;;13/10/2025;;;D409478;;LV + BT;1 CE1;TRUE;Energizada;;UB-CIND-RUA-NOVA-ALTO DO S O FRANCISCO;;R$ 11.163,56;;
1197007;01/10/2025;SENHOR DO BONFIM;100,0%;100%;;;100%;;;;1;;1;;;1;-10,9798573, -39,6197173;QLP;;;;;;;;06/10/2025;GESONI;;;;;;;;;https://drive.google.com/file/d/15AChqvsfXAn_OmNDLdW_PH5kBLkb3HkD/view?usp=drive_link;;;;QUEIMADAS;;123303 BT;FALSE;;;;;;E875240 – E875240;PLANO 7;;TRUE;;1;11/10/2025;;06/10/2025;;;Q103941;;BT;;TRUE;Energizada;;UB-CIND-RUA-DO ESTADIO-NOVA QUEIMADA;;R$ 8.296,37;;FALSE
1199123;01/10/2025;SENHOR DO BONFIM;100,0%;100%;;;100%;;;;1;;1;;;1;-10,7185953, -39,4501851;QLP;;;;;;;;06/10/2025;JEFFERSON;;;;;;;;;https://drive.google.com/file/d/1QnO1-jwvYiESE8wBLu8nIHi35UDUJmlH/view?usp=drive_link;;;;CANSANÇÃO;;120012 BT;;;;;;;E875338 – E875341;PLANO 14;;TRUE;;1;11/10/2025;;06/10/2025;;;Q101280;;BT;;TRUE;Energizada;;ER-CIND-POV-CACIMBINHA 100-CACIMBINHA;;R$ 26.517,08;;
1196034;01/10/2025;SENHOR DO BONFIM;0,0%;100%;;;100%;;;;0;;1;;;1;-10,9070848, -40,0633912;REPUTACIONAL;;;;;;;;07/10/2025;EDVALDO;;;;;;;;;https://drive.google.com/file/d/1o08oOHhWAfP4YiMBXRYusfBOof53qH20/view?usp=drive_link;;;;PONTO NOVO;;124208 (EN) 127678 (LV);;;;;;;E875167 – E875167;PLANO 7;;TRUE;;1;11/10/2025;;07/10/2025;;;D001041;;LV + ENERGZ;N1 C/ TRF;;Energizada;;ER-CIND-POV-VARZEA DO POCO-PONTO NOVO;;R$ 21.721,55;;
1177165;01/10/2025;SENHOR DO BONFIM;100,0%;100%;;;100%;;;;1;;1;;;1;-10,4962324, -40,3260021;PRIORIDADE PLANO ANEEL;;;;;;;;07/10/2025;ISRAEL;;;;;;;;;https://drive.google.com/file/d/1tWjFybAZ5ziwb_QPTwSp3qtV26VeEiE8/view?usp=drive_link;;;;CAMPO FORMOSO;;120740 BT;;;;;;;E875174 – E875174;PLANO 7;;TRUE;;1;18/10/2025;;13/10/2025;;;E638583;;BT;;TRUE;Energizada;;UB-CIND-LOT-SANTA LUZIA-CAMPO FORMOSO;;R$ 5.173,29;;
1164103;01/10/2025;SENHOR DO BONFIM;0,0%;100%;;;100%;;;;;;1;;;1;-11,1316656, -39,5756908;PRIORIDADE PLANO ANEEL;;;;;;;;13/10/2025;GESONI;;;;;;;;;https://drive.google.com/file/d/11zoiv22zgel_gngVzrIWt3witmat1pVG/view?usp=drive_link;;;;QUEIMADAS;;124337 (EN) 129500 (LV);;;;;;;E875243 – E875243;PLANO 7;;TRUE;;1;18/10/2025;;13/10/2025;;;A264403;;LV + ENERGZ;N1 C/ TRF;TRUE;Energizada;;ER-CIND-FAZ-DE CIMA-CENTRO;;R$ 13.841,26;;
1149451;01/10/2025;SENHOR DO BONFIM;0,0%;100%;;;100%;;;;;;1;;;1;-10,4938987, -39,4047298;PRIORIDADE PLANO ANEEL;;;;;;;;06/10/2025;OSMAR;;;;;;;;;https://drive.google.com/file/d/1flkXaUuGURCjBZT6gKNyoXvbiR5jgJ8b/view?usp=drive_link;;;;MONTE SANTO;;127516 (LV) 123017 BT;;;;;121458;;E875254 – E875254;PLANO 7;;TRUE;;1;18/10/2025;;13/10/2025;;;A258407;;LV + BT;N1 C/ TRF;;Energizada;;ER-CCOL-POV-SITIO DE NANINHA-S D NANINHA;;R$ 19.850,67;;
1167466;01/10/2025;SENHOR DO BONFIM;0,0%;100%;;;100%;;;;;;1;;;1;-10,9530155, -39,9582648;AIC AUDITORIA;;;;;;;;13/10/2025;GESONI;;;;;;;;;https://drive.google.com/file/d/1GUOmAUJ2XR_JVpbQpWdmioAagkv2VA0t/view?usp=drive_link;;;;QUEIMADAS;;127521 (LV) 124433 (EN);;;;;123372;;E875239 – E875239;PLANO 7;;TRUE;;1;25/10/2025;;20/10/2025;;;D396531;;LV + ENERGZ;N1 C/ TRF;TRUE;Energizada;;ER CIND FZ VARZEA GRANDE RURAL;;R$ 22.361,91;;
1172911;01/10/2025;SENHOR DO BONFIM;100,0%;100%;;;100%;;;;1;;0;;;1;-10,9876152, -39,6149923;PRIORIDADE PLANO ANEEL;;;;;;;;13/10/2025;MARCELO;;;;;;;;;https://drive.google.com/file/d/1hZLL5s7NHT7R9MH8N-f_e7tSInlWanSr/view?usp=drive_link;;;;QUEIMADAS;;127515 (LV) 122993 BT;;;;;120813;;E875244 – E875244;PLANO 7;;TRUE;;1;18/10/2025;;13/10/2025;;;E194712;;LV + BT;1 N1;TRUE;Energizada;;ER-CIND-RUA-DA PISTA-LOTEAMENTO SONIA;;R$ 8.024,25;;
1189784;01/10/2025;SENHOR DO BONFIM;100,0%;100%;;;100%;;;;1;;1;;;1;-10,4359943, -39,3234803;PRIORIDADE PLANO ANEEL;;;;;;;;06/10/2025;OSMAR;;;;;;;;;https://drive.google.com/file/d/1Zn9V8BdUndPiARw3cB1XdnPYXIzdGffs/view?usp=drive_link;;;;MONTE SANTO;;122184 BT;;;;;;;E875252 – E875252;PLANO 7;;TRUE;;1;11/10/2025;;06/10/2025;;;D700706;;BT;;;Energizada;;UB-CIND-RUA-AFONSO TOLENTINO 178-URBANA;;R$ 10.251,56;;
1148717;01/10/2025;SENHOR DO BONFIM;100,0%;100%;;;100%;;;;1;;1;;;1;-11,0102411, -39,673026;PRIORIDADE PLANO ANEEL;;;;;;;;13/10/2025;GESONI;;;;;;;;;https://drive.google.com/file/d/1cYkIJgaRRFhfKUBTqgH_ueFQWVUTJ6la/view?usp=drive_link;;;;QUEIMADAS;;124420 (EN);;;;;123296;;E875241 – E875241;PLANO 7;;TRUE;;1;25/10/2025;;20/10/2025;;;D565953;;LV + ENERGZ;N1 C/ TRF;TRUE;NÃO DEFINIDO;;ER-CIND-POV-LAGINHA-RURAL;;R$ 18.416,88;;
1155593;01/10/2025;SENHOR DO BONFIM;0,0%;100%;;;100%;;;;;;1;;;1;-10,6850113, -39,5549432;PRIORIDADE PLANO ANEEL;29/10/2025;;;;;;;13/10/2025;JEFFERSON;;;;;;;;;https://drive.google.com/file/d/1-m2QkNBzfsq5ArEr7_pW5dDvuxxmXmMd/view?usp=drive_link;;;;CANSANÇÃO;;125048 (LV)   125848 (EN);;;;;128912;;E875202 – E875202;PLANO 7;;TRUE;;1;31/10/2025;;27/10/2025;;;D265962;;LV + ENERGZ;N1 C/ TRF;TRUE;NÃO DEFINIDO;;ER-CIND-FAZ-JUAZEIRINHO-RURAL;;R$ 20.229,80;;
1158161;01/10/2025;SENHOR DO BONFIM;0,0%;100%;;;100%;;;;;;1;;;1;-10,6306033, -39,457738;PRIORIDADE PLANO ANEEL;;;;;;;;13/10/2025;JEFFERSON;;;;;;;;;https://drive.google.com/file/d/1nBqmO9QjEOqxkoPP2WFLlIv3r67uImZP/view?usp=drive_link;;;;CANSANÇÃO;;125011 (LV) 124902 (EN);;;;;;;E875201 – E875201;PLANO 7;;TRUE;;1;31/10/2025;;27/10/2025;;;D158998;;LV + ENERGZ;N1 C/ TRF;TRUE;NÃO DEFINIDO;;ER-CIND-POV-LAGOA DOS ALTOS-LAGOA DOS AL;;R$ 15.000,26;;
1203983;01/10/2025;SENHOR DO BONFIM;20,0%;100%;;;100%;;;;1;;1;;;5;-10,8758299, -39,4775145;PRIORIDADE PLANO ANEEL;;;;;;;;06/10/2025;ANAILTON;;;;;;;;;https://drive.google.com/file/d/1W6JA17TFzAEkllC5_OcpL2rB0V3CHRmt/view?usp=drive_link;;;;NORDESTINA;;127125 (EN) 129497 (LV);;;;;;;E875268 – E875272;PLANO 14;;TRUE;;5;18/10/2025;;13/10/2025;;;D003045;;LV + ENERGZ;N1 C/ TRF;;Energizada;;ER-CIND-POV-DE QUIBA-RURAL;;R$ 48.956,43;;
1210474;01/10/2025;SENHOR DO BONFIM;100,0%;100%;;;100%;;;;3;;2;;;3;-10,8296836, -39,4294429;PRIORIDADE PLANO ANEEL;;;;;;;;06/10/2025;ANAILTON;;;;;;;;;https://drive.google.com/file/d/1RMow-MHFiM8PjnN2HzG6qI3OAuPX3izm/view?usp=drive_link;;;;NORDESTINA;;127100 BT;;;;;;;E875164 – E875166;PLANO 7;;TRUE;;3;11/10/2025;;06/10/2025;;;D135084;;BT;;TRUE;Energizada;;UB-CIND-RUA-DAVID LOPES GUIMARAES-CENTRO;;R$ 19.700,51;;
1196897;01/10/2025;SENHOR DO BONFIM;100,0%;100%;;;100%;;;;3;;1;;;3;-10,8182368, -39,4292432;QLP;;;;;;;;06/10/2025;ANAILTON;;;;;;;;;https://drive.google.com/file/d/10HA6UbFGGTQfoTW3QQheIS2MdZH4eIpc/view?usp=drive_link;;;;NORDESTINA;;127103 BT;;;;;;;E875161 – E875163;PLANO 7;;TRUE;;3;11/10/2025;;06/10/2025;;;Q095749;;BT;;TRUE;Energizada;;UB-CIND-AV-PAULO DA SILVA REIS-CENTRO;;R$ 23.563,21;;
1196300;01/10/2025;SENHOR DO BONFIM;100,0%;100%;;;100%;;;;;;1;;;;-10,6834861, -39,312246;QLP;;;;;;;;06/10/2025;JEFFERSON;;;;;;;;;https://drive.google.com/file/d/1OgqGymj9tSaRSaY-bKGFMfSmiVcVCk_z/view?usp=drive_link;;;;CANSANÇÃO;;120004 BT;;;;;;;0;PLANO 14;;TRUE;;0;11/10/2025;;06/10/2025;;;D299596;;BT;;;Energizada;;ER-CIND-POV-DEIXAI 9-RURAL;;R$ 2.326,59;;
1160058;01/10/2025;SENHOR DO BONFIM;100,0%;100%;;;100%;;;;;;1;;;;-10,6680924, -39,4947338;PRIORIDADE PLANO ANEEL;;;;;;;;06/10/2025;JEFFERSON;;;;;;;;;https://drive.google.com/file/d/1_E4W-ZxRY_f32obN2FfsqzXw6_xIAHPC/view?usp=drive_link;;;;CANSANÇÃO;;;;;;;120058;;0;PLANO 7;;TRUE;;0;18/10/2025;;13/10/2025;;;Q099395;;DESL;;TRUE;Energizada;;UB-CIND-RUA-SAO MIGUEL-CENTRO-CANSANCAO;;R$ 43.107,60;;
1172194;01/10/2025;SENHOR DO BONFIM;100,0%;100%;;;100%;;;;;;1;;;;-10,501227, -40,340398;PRIORIDADE PLANO ANEEL;;;;;;;;07/10/2025;ISRAEL;;;;;;;;;https://drive.google.com/file/d/19LOqNw2er8fMAObK95e2veiCBSgD96Fp/view?usp=drive_link;;;;CAMPO FORMOSO;;124645 (LV) 124245 (EN);;;;;120055;;0;PLANO 7;;TRUE;;0;18/10/2025;;13/10/2025;;;E193958;;LV + ENERGZ;TRF;TRUE;Energizada;;ER-CIND-ROD-BA-374-RURAL-CAMPO FORMOSO;;R$ 13.701,02;;
1148023;01/10/2025;SENHOR DO BONFIM;100,0%;100%;;;100%;;;;;;1;;;;-10,4422641, -39,3008091;PRIORIDADE PLANO ANEEL;;;;;;;;06/10/2025;OSMAR;;;;;;;;;https://drive.google.com/file/d/1iDEQ19tvaJp7nUciBR9B3nkT6yw89C0n/view?usp=drive_link;;;;MONTE SANTO;;125078 (EN);;;;;120808;;0;PLANO 7;;TRUE;;0;18/10/2025;;13/10/2025;;;D183857;;LV + ENERGZ;TRF;TRUE;Energizada;;ER-CIND-POV-PEDRA DO MATADOURO-RURAL;;R$ 13.891,17;;
1167538;01/10/2025;SENHOR DO BONFIM;100,0%;100%;;;100%;;;;;;1;;;;-10,34874, -39,7181151;PRIORIDADE PLANO ANEEL;;;;;;;;06/10/2025;OSMAR;;;;;;;;;https://drive.google.com/file/d/1o7gSWBSeiBUWLejvdQ2pLC-uSAW6a2Ly/view?usp=drive_link;;;;MONTE SANTO;;127525 (LV) 124985 (EN);;;;;120061;;0;PLANO 7;;TRUE;;0;18/10/2025;;13/10/2025;;;D287983;;LV + ENERGZ;TRF;TRUE;Energizada;;ER-CIND-POV-HORIZONTE NOVO-RURAL;;R$ 16.380,36;;
1198687;01/10/2025;SENHOR DO BONFIM;100,0%;100%;;;100%;;;;;;0;;;;-10,2691195, -39,2747811;QLP;;;;;;;;06/10/2025;OSMAR;;;;;;;;;https://drive.google.com/file/d/1WFdRPA2w6sVMQbJOQ9YCrVrteGNSJOqC/view?usp=drive_link;;;;MONTE SANTO;;122142 BT;;;;;;;0;PLANO 7;;TRUE;;0;11/10/2025;;06/10/2025;;;D148223;;BT;;TRUE;Energizada;;AC-CIND-POV-SERRA GRANDE -RURAL;;R$ 1.933,09;;
0000nan;01/10/2025;SENHOR DO BONFIM;;;;;;;;;;;;;;;;;;;;;;;;;;;;;;;;;;;;;;;;;;;;;;;;;;;;;;;;;;;;;;;NÃO DEFINIDO;;;;;;
0000nan;01/10/2025;SENHOR DO BONFIM;;;;;;;;;;;;;;;;;;;;;;;;;;;;;;;;;;;;;;;;;;;;;;;;;;;;;;;;;;;;;;;NÃO DEFINIDO;;;;;;
0000nan;01/10/2025;SENHOR DO BONFIM;;;;;;;;;;;;;;;;;;;;;;;;;;;;;;;;;;;;;;;;;;;;;;;;;;;;;;;;;;;;;;;NÃO DEFINIDO;;;;;;
0000nan;01/10/2025;SENHOR DO BONFIM;;;;;;;;;;;;;;;;;;;;;;;;;;;;;;;;;;;;;;;;;;;;;;;;;;;;;;;;;;;;;;;NÃO DEFINIDO;;;;;;
0000nan;01/10/2025;SENHOR DO BONFIM;;;;;;;;;;;;;;;;;;;;;;;;;;;;;;;;;;;;;;;;;;;;;;;;;;;;;;;;;;;;;;;NÃO DEFINIDO;;;;;;
0000nan;01/10/2025;SENHOR DO BONFIM;;;;;;;;;;;;;;;;;;;;;;;;;;;;;;;;;;;;;;;;;;;;;;;;;;;;;;;;;;;;;;;NÃO DEFINIDO;;;;;;
0000nan;01/10/2025;SENHOR DO BONFIM;;;;;;;;;;;;;;;;;;;;;;;;;;;;;;;;;;;;;;;;;;;;;;;;;;;;;;;;;;;;;;;NÃO DEFINIDO;;;;;;
0000nan;01/10/2025;SENHOR DO BONFIM;;;;;;;;;;;;;;;;;;;;;;;;;;;;;;;;;;;;;;;;;;;;;;;;;;;;;;;;;;;;;;;NÃO DEFINIDO;;;;;;
0000nan;01/10/2025;SENHOR DO BONFIM;;;;;;;;;;;;;;;;;;;;;;;;;;;;;;;;;;;;;;;;;;;;;;;;;;;;;;;;;;;;;;;NÃO DEFINIDO;;;;;;
0000nan;01/10/2025;SENHOR DO BONFIM;;;;;;;;;;;;;;;;;;;;;;;;;;;;;;;;;;;;;;;;;;;;;;;;;;;;;;;;;;;;;;;NÃO DEFINIDO;;;;;;
0000nan;01/10/2025;SENHOR DO BONFIM;;;;;;;;;;;;;;;;;;;;;;;;;;;;;;;;;;;;;;;;;;;;;;;;;;;;;;;;;;;;;;;NÃO DEFINIDO;;;;;;
0000nan;01/10/2025;SENHOR DO BONFIM;;;;;;;;;;;;;;;;;;;;;;;;;;;;;;;;;;;;;;;;;;;;;;;;;;;;;;;;;;;;;;;NÃO DEFINIDO;;;;;;
0000nan;01/10/2025;SENHOR DO BONFIM;;;;;;;;;;;;;;;;;;;;;;;;;;;;;;;;;;;;;;;;;;;;;;;;;;;;;;;;;;;;;;;NÃO DEFINIDO;;;;;;
1134149;01/11/2025;SENHOR DO BONFIM;100,0%;100%;;;50%;;;;49;;7;;;49;-10,2518285, -39,466756;AIC AUDITORIA;21/11/2025;;;;;;;;JOSE/OSMAR;22/11/2025;;;;;;;;;;;;MONTE SANTO;;(EN) 125849 LV-148543;;Pendente podas;;;143047;;E875537 – E875585;PLANO 14;;TRUE;44;49;15/11/2025;;13/10/2025;;;D012482;;LV + ENERGZ + DESL;TRANS N3 P/N4;TRUE;Energizada;GABRIEL;LD CIND POV SÃO JOÃO DOS CAMPOS RURAL;;R$ 500.132,76;;
1181856;01/11/2025;SENHOR DO BONFIM;100,0%;100%;;;100%;;;;32;;0;;;32;-9.8720057, -39.8993768;GOVERNO;;;;;;;;07/11/2025;ALDAIR;14/11/2025;;;;;;;;;;;Pendente;JAGUARARI;;145676 EN 141082 LV;;;;;;;E903108 – E903139;PLANO 7;;TRUE;32;32;15/11/2025;;04/11/2025;;;Q066061;Sim;LV + ENERGZ;N1-3;TRUE;Energizada;JOAO;ER-SEIN-RUA-SERRINHA-CENTRO-NUCLEO PILAR;;R$ 292.335,35;;
1214079;01/11/2025;SENHOR DO BONFIM;40,0%;73,33333333%;;;100%;;;;6;;0;;;11;-10,4235329, -40,1895399;REPUTACIONAL;29/11/25;;;;;;;19/11/2025;JOILSON;;;;;;;;;https://drive.google.com/file/d/1bh8HQM6yOMLwUn-CLGZFYRmkXM71n8jv/view?usp=drive_link;;;;SENHOR DO BONFIM;;134442 EN 147965 LV;FALSE;;;;141554 e 141555 (ANEXA PEX);;E875650 – E875665;PLANO 7;;TRUE;0;15;22/11/2025;;16/10/2025;;;Q043225;Solicitado;DESL + LV;5 POSTES;FALSE;Energizada;JOAO;IT-GRUA-POV-CAATINGUINHA 4545-RURAL;;R$ 63.731,32;;FALSE
1178411;01/11/2025;SENHOR DO BONFIM;100,0%;35,71428571%;;;100%;;;;14;;1;;;5;-10.5495906, -40.1246195;QLP;;;;;;;;11/11/2025;REGINALDO;20/11/2025;;;;;;;;https://drive.google.com/file/d/1jEcugo4ZpV19lDdeTuE4_Jm1hQLxMaFh/view?usp=drive_link;;;Pendente;SENHOR DO BONFIM;;LV 148974   144405 EN  144406 BT;;;;;;;E902923 – E902936;PLANO 7;;TRUE;8;14;15/11/2025;;03/11/2025;;;B640476;Sim;LV+ENER+TRNS-REDE-BT;N3 P/N4;TRUE;Energizada;JOAO;ER-CIND-FAZ-PICADA 612-RURAL;;R$ 103.316,77;;
0744119;01/11/2025;SENHOR DO BONFIM;100,0%;115,3846154%;;;100%;;;;13;;1;;;15;-10.4322025, -40.5640763;PRIORIDADE PLANO ANEEL;;;;;;;;18/11/2025;ISRAEL;28/11/2025;;;;;;;;https://drive.google.com/file/d/1oWaeU83Q0iOulXnQBU7NczHDQQvCzIUw/view?usp=drive_link;;;;CAMPO FORMOSO;;EN 144140 LV 148250;FALSE;EM SEPARAÇÃO, CONFIRMAR SE FOI 100% ATENDIDA;5 SEM ACESSO;;;;E903420 - E903435;PLANO 7;;TRUE;10;13;29/11/2025;;17/11/2025;;;Q063144;Solicitado;LV + ENERGZ;N3;;Energizada;JOAO;MP-CIND-POV TOCA DA NOVILHA-RURAL;;R$ 71.171,71;;FALSE
1186811;01/11/2025;SENHOR DO BONFIM;0,0%;100%;;;100%;;;;;;1;;;12;-10.24054, -40.200146;QLP;;;;;;;;11/11/2025;WAGNER;;;;;;;;;https://drive.google.com/file/d/10lPVC-geujuqFj0ABTJAP17x2AQBtAoG/view?usp=drive_link;;;;JAGUARARI;;BT 139516 EN 139528 LV 141488 ;;CAVAS PRONTAS;;;;;E902998 – E903009;PLANO 14;;TRUE;11;12;15/11/2025;;10/11/2025;;;D207714;Sim;LV+BT+ENERG;N3;TRUE;Energizada;JOAO;ER-CIND-ROD-LOMANTO JUNIOR-RURAL;;R$ 91.528,91;;
1194379;01/11/2025;SENHOR DO BONFIM;72,7%;100%;;;100%;;;;8;;1;;;11;-10.726086, -39.929985;PRIORIDADE PLANO ANEEL;;;;;;;;14/11/2025;GESONI;;;;;;;;;https://drive.google.com/file/d/1AnigDSDlsRefhUZx5LTXbwuZOLyDMYiA/view?usp=drive_link;;;;ITIÚBA;;139329 EN 140665 LV;;Falta o cabo: CABO COBRE XLPE 35MM2 1F PRETO;JA LOCADO KLC;;;;E902987 – E902997;PLANO 14;;TRUE;11;11;29/11/2025;;17/11/2025;;;E703914;Sim;LV+ENERGIZ;N4;TRUE;Energizada;JOAO;ER-CIND-FAZ-GATO-RURAL;;R$ 99.025,36;;
1162110;01/11/2025;SENHOR DO BONFIM;100,0%;100%;;;100%;;;;10;;1;;;10;-11.034363, -39.604916;QLP;25/11/2025;;;;;;;10/11/2025;MARCELO;21/11/2025;;;;;;;;https://drive.google.com/file/d/12nMbMkBMh97CYldCVJ8ZPdbQCaIFHTpX/view?usp=drive_link;;;Pendente;QUEIMADAS;;134653 EN / 134701 LV;;Previsão de desligamento 18/11;;;143330;;E902962 – E902971;PLANO 7;;TRUE;0;10;15/11/2025;;10/11/2025;;;E461011;Sim;LV+ENERGIZ;N1/3;TRUE;Energizada;GABRIEL;ER-CIND-POV-VARZEA CURRAL-RURAL;;R$ 76.924,23;;
1174377;01/11/2025;SENHOR DO BONFIM;0,0%;100%;;;100%;;;;;;1;;;10;-10.7594899, -39.9312999;QLP;;;;;;;;14/11/2025;GESONI;28/11/2025;;;;;;;;https://drive.google.com/file/d/1w28DHwVH3siLTyp1SZe5SnYryXm_0dWg/view?usp=drive_link;;;;ITIÚBA;;139315 EN 140904 LV;;;JA LOCADO KLC;;;;E902972 – E902981;PLANO 7;;TRUE;10;10;29/11/2025;;17/11/2025;;;D074332;Sim;LV + ENERGZ;N4;TRUE;Energizada;JOAO;ER-CIND-POV-ASSENT OURICURI TORTO-RURAL;;R$ 136.387,58;;
1197186;01/11/2025;SENHOR DO BONFIM;100,0%;111,1111111%;;;100%;;;;9;;1;;;10;-9.8877005, -40.1535408;PRIORIDADE PLANO ANEEL;25/11/2025;;;;;;;18/11/2025;ALDAIR;22/11/2025;;;;;;;;https://drive.google.com/file/d/1ixIZgJwCMOOANj3uSY8MJ4_1ZNipv3up/view?usp=drive_link;;;;JAGUARARI;;BT 139744 LV 145233;;;;;143335;;E903379 - E903388;PLANO 14;;TRUE;9;9;22/11/2025;;17/11/2025;;;D394357;Solicitado;LV+BT;N1;;Energizada;JOAO;ER-CIND-FAZ-ANGICO-BARRINHA;;R$ 86.207,79;;
1204005;01/11/2025;SENHOR DO BONFIM;100,0%;155,5555556%;;;100%;;;;9;;1;;;14;-10.7005335, -39.9329799;PRIORIDADE PLANO ANEEL;;;;;;;;10/11/2025;GESONI;18/11/2025;;;;;;;;https://drive.google.com/file/d/1SQ5Zt5IjfJHJ7YzWSy7h7zowc6DzNRDF/view?usp=drive_link;;;Pendente;ITIÚBA;;138320 BT 140890 LV;;;;;;;E903278 – E903286;PLANO 7;;TRUE;0;9;15/11/2025;;03/11/2025;;;D100510;Sim;LV+BT;N1;TRUE;Energizada;JOAO;ER-CIND-FAZ-TATU DEUS ME LIVRE-RURAL;;R$ 49.564,10;;
1216748;01/11/2025;SENHOR DO BONFIM;100,0%;100%;;;100%;;;;9;;0;;;9;-10.391477, -40.593649;PRIORIDADE PLANO ANEEL;;;;;;;;19/11/2025;EDVALDO;25/11/2025;;;;;;;;https://drive.google.com/file/d/1LQbj9kq7wQX70BBmTiVCBcAhHDqM088E/view?usp=drive_link;;;;CAMPO FORMOSO;;BT 138052 LV- 148141;;FALTA TRAFO;;;;;E902953 – E902961;PLANO 7;;TRUE;5;9;29/11/2025;;22/11/2025;;;E654970;;LV+BT+ENERGZ;N3/B1/1/TRAFO;;Energizada;JOAO;ER-CIND-POV-MORRINHOS-RURAL;;R$ 74.118,23;;
1214173;01/11/2025;SENHOR DO BONFIM;100,0%;100%;;;100%;;;;9;;1;;;9;-10.6163083, -39.7836231;PRIORIDADE PLANO ANEEL;;;;;;;;08/11/2025;JEFFERSON;13/11/2025;;;;;;;;https://drive.google.com/file/d/16FyWmKLzIIEqOGQydaDk3ctXFzyKiYDv/view?usp=drive_link;;;;ITIÚBA;;138341 BT 140831 LV;;;;;;;E902944 – E902952;PLANO 7;;TRUE;0;9;22/11/2025;;17/11/2025;;;Q090033;Sim;LV+BT;N1;TRUE;Energizada;GABRIEL;AC-CIND-FAZ-PE DA SERRA-PIAUS;;R$ 61.674,23;;
1174392;01/11/2025;SENHOR DO BONFIM;100,0%;162,5%;;;100%;;;;8;;1;;;13;-10.5742747, -39.984193;PRIORIDADE PLANO ANEEL;;;;;;;;12/11/2025;JOILSON;;;;;;;;;https://drive.google.com/file/d/1H-5c6omeThJ7rBWE_FSNlwwyAhIaEFNY/view?usp=drive_link;;;Pendente;SENHOR DO BONFIM;;134442 EN 141491 LV;;;;;;;E902894 – E902901;PLANO 14;;TRUE;0;8;15/11/2025;;07/11/2025;;;B111663;Sim;LV+ENERGIZ;N1/BANCADA;TRUE;Energizada;JOAO;ER-CIND-FAZ-RAPOSA-QUICE;;R$ 55.522,36;;
1214003;01/11/2025;SENHOR DO BONFIM;100,0%;0%;;;100%;;;;8;;1;;;0;-10.5033724, -40.1679919;PRIORIDADE PLANO ANEEL;;;;;;;;13/11/2025;REGINALDO;13/11/2025;;;;;;;;https://drive.google.com/file/d/1EbaTg_RLEIrTN33Fq_pwgG-nJbjTkskO/view?usp=drive_link;;;;SENHOR DO BONFIM;;133639 BT;;;;;;;E902902 – E902909;PLANO 14;;TRUE;8;8;15/11/2025;;05/11/2025;;;E376748;Sim;BT;;TRUE;Energizada;JOAO;ER-CIND-POV-PASSAGEM VELHA -RURAL;;R$ 39.572,37;;
1205642;01/11/2025;SENHOR DO BONFIM;100,0%;100%;;;100%;;;;7;;1;;;7;-10.831568, -39.9729284;PRIORIDADE PLANO ANEEL;;;;;;;;14/11/2025;GESONI;;;;;;;;;https://drive.google.com/file/d/176lRGE7YnMjoYUiGJA6HpwyCtrO9b2rl/view?usp=drive_link;;;;ITIÚBA;;139301 EN 140805 LV;;Falta o cabo: CABO COBRE XLPE 35MM2 1F PRETO;;;143334;;E902937 – E902943;PLANO 14;;TRUE;0;7;22/11/2025;;17/11/2025;;;D397457;Sim;ENERG;N1/1.TRAFO;TRUE;Energizada;JOAO;ER-CIND-POV-ALAGADICO DO MEL-RURAL;;R$ 44.962,55;;
1171381;01/11/2025;SENHOR DO BONFIM;100,0%;100%;;;100%;;;;7;;1;;;7;-10,1591055, -40,9337948;PRIORIDADE PLANO ANEEL;;;;;;;;;ISRAEL;14/11/2025;;;;;;;;https://drive.google.com/file/d/17d7bgA-151hAo1z4GU7CjbDq6y2gNKvL/view?usp=drive_link;;;Pendente;CAMPO FORMOSO;;124663 (LV)      145880 (EN);;;;;;;E875299 – E875305;PLANO 14;;TRUE;0;7;15/11/2025;;20/10/2025;;;E528660;;LV + ENERGZ;TRF;TRUE;Energizada;JOAO;ER-CIND-POV-LAGE DOS NEGROS -L D NEGROS;;R$ 62.354,50;;
1206073;01/11/2025;SENHOR DO BONFIM;100,0%;100%;;;100%;;;;7;;1;;;7;-9,9124989, -40,6843068;PRIORIDADE PLANO ANEEL;;;;;;;;;ISRAEL;28/11/2025;;;;;;;;https://drive.google.com/file/d/1fUb8klgF5nSnHVTy2-KASHhdBbEIKTw9/view?usp=drive_link;;;Pendente;CAMPO FORMOSO;;124657 (LV)      124861 (EN);;PENDENTE TRAFO 1FF 10KVA 13,8KV 220V 3T VG ;;;;;E875291 – E875298;PLANO 14;;TRUE;0;7;15/11/2025;;20/10/2025;;;D010745;;LV + ENERGZ;TRF;TRUE;Energizada;JOAO;ER-CIND-POV-RURAL-CACIMBINHA;;R$ 89.359,21;;
1183329;01/11/2025;SENHOR DO BONFIM;100,0%;66,66666667%;;;100%;;;;6;;1;;;4;-9.8185572, -40.0175522;PRIORIDADE PLANO ANEEL;;;;;;;;18/11/2025;ALDAIR;;;;;;;;;https://drive.google.com/file/d/1tk4upj6aJ23XuDc0J5VjXdroyHMO3J7k/view?usp=drive_link;;;;JAGUARARI;;139493 BT;;;;;;;E903411 - E903416;PLANO 7;;TRUE;6;6;29/11/2025;;24/11/2025;;;Q068964;Solicitado;ENERG;N1/OBS-LINHA(T);;Energizada;JOAO;ER-CIND-ET-ADUTORA MINA-RURAL-NUCLEO PIL;;R$ 57.675,15;;
1215543;01/11/2025;SENHOR DO BONFIM;100,0%;100%;;;100%;;;;6;;1;;;6;-10.535905, -40.126363;PRIORIDADE PLANO ANEEL;;;;;;;;11/11/2025;REGINALDO;12/11/2025;;;;;;;;https://drive.google.com/file/d/1dNGU1_kASvqivdrEOcKNPUJq-ADAJxe6/view?usp=drive_link;;;;SENHOR DO BONFIM;;133644 BT;;;;;;;E902888 – E902893;PLANO 7;;TRUE;0;6;15/11/2025;;03/11/2025;;;E801034;Sim;BT;;TRUE;Energizada;JOAO;ER-CIND-POV-RES MORROS-TANQUINHO;;R$ 28.559,54;;
1210118;01/11/2025;SENHOR DO BONFIM;100,0%;180%;;;100%;;;;5;;2;;;9;-10.683756, -39.864986;PRIORIDADE PLANO ANEEL;;;;;;;;17/11/2025;JEFFERSON;;;;;;;;;https://drive.google.com/file/d/1KQ4SMk4MjVBWh1g8utaPvgYJs4Jjjkbd/view?usp=drive_link;;;;ITIÚBA;;LV 140168 - BT 138306 ;;Falta o cabo: CABO MLP ALUM XLPE 3X1X35/35MM2 N ISO;;;;;E902982 – E902986;PLANO 7;;TRUE;0;5;29/11/2025;;24/11/2025;;;D508813;Solicitado;LV + BT;;;Energizada;GABRIEL;UB-CCOL-RUA-ANTONIO PIMENTEL-ITIUBA;;R$ 31.282,42;;
1204503;01/11/2025;SENHOR DO BONFIM;100,0%;100%;;;100%;;;;5;;1;;;5;-10,4179027, -40,6692667;PRIORIDADE PLANO ANEEL;;;;;;;;;ISRAEL;19/11/2025;;;;;;;;https://drive.google.com/file/d/1KOg7AzZW4dLkP8c6COkBal8zVAL_LxXB/view?usp=drive_link;;;Pendente;CAMPO FORMOSO;;124748 (LV) 124696 (EN);;CABO POT COBRE C2 PVCA 1KV 1X70 MM2;;;;;E875306 – E875310;PLANO 14;;TRUE;0;5;15/11/2025;;27/10/2025;;;Q064027;;LV + ENERGZ;N1 C/ TRF;TRUE;Energizada;JOAO;ER-CIND-POV-VARGEM DO SAL 300-V DO SAL;;R$ 53.873,54;;
1200674;01/11/2025;SENHOR DO BONFIM;100,0%;100%;;;100%;;;;5;;1;;;5;-10,9210645, -39,9412907;QLP;;;;;;;;;MARCELO;;;;;;;;;https://drive.google.com/file/d/18ZF9Qq8JVg4GFYxbbO4i-8WenlIsK2HK/view?usp=drive_link;;;Pendente;QUEIMADAS;;123154 BT  LV 145709;FALSE;Programar LV;;;128905;;E875365 – E875369;PLANO 14;;TRUE;0;5;15/11/2025;;20/10/2025;;;B565390;;LV + BT;2 N1;TRUE;Energizada;GABRIEL;ER-CIND-FAZ-VARZEA GRANDE-VARZEA GRANDE;;R$ 35.253,30;;FALSE
1172415;01/11/2025;SENHOR DO BONFIM;100,0%;100%;;;100%;;;;4;;0;;;4;-10,6679905, -39,4917045;PRIORIDADE PLANO ANEEL;20/11/2025;;;;;;;;ANAILTON;20/11/2025;;;;;;;;https://drive.google.com/file/d/1-sawzub04_2yUJrRCX47jaDBUprjkuqa/view?usp=drive_link;;;;CANSANÇÃO;;;;;;;142294;;E875330 – E875333;PLANO 7;;TRUE;4;4;15/11/2025;;20/10/2025;;;Q099415;;DESL;;TRUE;Energizada;GABRIEL;UB-CIND-RUA-M CAROLINA FERREIRA-CENTRO;;R$ 39.552,26;;
1186324;01/11/2025;SENHOR DO BONFIM;100,0%;100%;;;100%;;;;4;;0;;;4;-10,6544928, -39,4879905;QLP;21/11/2025;;;;;;;;ANAILTON;;;;;;;;;https://drive.google.com/file/d/1S_bIjmDjBZM-cDGRb8i-mv8jk9M_vX36/view?usp=drive_link;;;Pendente;CANSANÇÃO;;124947 (LV) 123271 BT;;Pendente CABO POT COBRE C2 PVCA 1KV 1X70 MM2;;;142295;;E875318 – E875321;PLANO 7;;TRUE;4;4;15/11/2025;;20/10/2025;;;D934348;;LV + BT + DESL;CE3;TRUE;Energizada;GABRIEL;AC-CIND-POV-LAGOA DOS CAVALOS-RURAL;;R$ 84.103,37;;
1180746;01/11/2025;SENHOR DO BONFIM;100,0%;200%;;;100%;;;;4;;0;;;8;-10.6677233, -39.6960878;QLP;;;;;;;;08/11/2025;JEFFERSON;;;;;;;;;https://drive.google.com/file/d/1j1KByKrzLvgAAZZvHy9wubz5o_7zNYyI/view?usp=drive_link;;;Pendente;ITIÚBA;; LV- 140215 BT-138310 ;;Depende do recebimento do trafo;;;;;E903299 – E903302;PLANO 14;;TRUE;0;4;15/11/2025;;03/11/2025;;;Q089333;Sim;LV+BT;N3/TRAFO;TRUE;Energizada;GABRIEL;ER-CIND-POV-BAIX O DAS GALINHAS-RURAL;;R$ 46.614,51;;
1173513;01/11/2025;SENHOR DO BONFIM;100,0%;200%;;;100%;;;;4;;1;;;8;-10.6413059, -39.5483032;QLP;;;;;;;;08/11/2025;JEFFERSON;12/11/2025;;;;;;;;https://drive.google.com/file/d/1nwkiP8o-VMN9jlqptcmyuD2X36N34HoH/view?usp=drive_link;;;Realizado;CANSANÇÃO;;135204 (BT) EN 135232 LV 141031 ;;;;;;;E903270 – E903273;PLANO 14;;TRUE;0;4;15/11/2025;;03/11/2025;;;D189129;Sim;LV+BT+ENERG;(2) N1;TRUE;Energizada;GABRIEL;ER-CIND-POV-LAGE DO JOSE-LAGE DO JOSE;;R$ 34.356,19;;
1192316;01/11/2025;SENHOR DO BONFIM;0,0%;100%;;;100%;;;;;;0;;;4;-10.7540595, -39.8783515;QLP;;;;;;;;14/11/2025;GESONI;19/11/2025;;;;;;;;https://drive.google.com/file/d/1wxiwGBCJKVl2wgppz_ZrPVWmT1CuRrw7/view?usp=drive_link;;;;ITIÚBA;;138317 BT 140660 LV;; ;JA LOCADO KLC;;;;E903295 – E903298;PLANO 7;;TRUE;0;4;22/11/2025;;17/11/2025;;;D069751;Sim;LV+BT;N1/TRAFO;TRUE;Energizada;JOAO;ER-CIND-POV-CERCADINHO 353-RURAL;;R$ 40.844,27;;
1144666;01/11/2025;SENHOR DO BONFIM;0,0%;100%;;;100%;;;;;;1;;;4;-10.3592092, -39.4466995;QLP;;;;;;;;17/11/2025;JOSE;26/11/2025;;;;;;;;https://drive.google.com/file/d/1hPtKU8VYNjlSCrmLYqPPXPG0U3ncCp-P/view?usp=drive_link;;;;MONTE SANTO;;151371 BT 135523 EN148650 LV;;"Falta o cabo (2223464-CABO COBRE XLPE 35MM2 1F PRETO)
";"Alocada
necessita da KLC";;;;E903344 – E903347;PLANO 14;;TRUE;0;4;22/11/2025;;17/11/2025;;;A254655;Solicitado;LV+BT+ENERGIZ;N1/3;;Energizada;GABRIEL;ER-CIND-FAZ-CALDEIRAOZINHO-RURAL;;R$ 46.058,74;;
1178358;01/11/2025;SENHOR DO BONFIM;100,0%;200%;;;100%;;;;4;;1;;;8;-10.720078, -39.340708;REPUTACIONAL;;;;;;;;10/11/2025;ANAILTON;28/11/2025;;;;;;;;https://drive.google.com/file/d/1CX9_ZQPxuKiQHzklXizV6YaEVi65toFT/view?usp=drive_link;;;;CANSANÇÃO;;135280 BT 141052 LV;;"Pendente TRAFO 3F 45KVA 34,5KV 380/220V 3 TAPS
trafo vindo de jacobina";;;;;E903066 – E903080;PLANO 14;;TRUE;0;4;22/11/2025;;17/11/2025;;;D152205;Sim;LV+BT;N1/TRAFO;TRUE;Energizada;GABRIEL;ER-CIND-POV NOVO ACORDO-NOVO ACORDO;;R$ 71.171,71;;
1158293;01/11/2025;SENHOR DO BONFIM;100,0%;100%;;;100%;;;;4;;1;;;4;-10,6652094, -39,4990013;PRIORIDADE PLANO ANEEL;;;;;;;;;ANAILTON;;;;;;;;;https://drive.google.com/file/d/1Vmqy-TWEwX0cNpdx1z-xx9aZjWHty6AK/view?usp=drive_link;;;Pendente;CANSANÇÃO;;125076 (LV) 123269 BT;;Depende do cabo 3x35;;;;;E875326 – E875329;PLANO 7;;TRUE;0;4;15/11/2025;;27/10/2025;;;Q099328;;LV + BT;N1;TRUE;Energizada;GABRIEL;UB-CIND-RUA-HERMANO B SOUZA-URBANA;;R$ 24.101,81;;
1213134;01/11/2025;SENHOR DO BONFIM;100,0%;100%;;;100%;;;;4;;1;;;4;-10,6854032, -39,3437082;PRIORIDADE PLANO ANEEL;;;;;;;;;ANAILTON;28/11/2025;;;;;;;;https://drive.google.com/file/d/12N6F1E_ZjJZI1L2xFWVO0_vI9aQ949MB/view?usp=drive_link;;;;CANSANÇÃO;;125095 (LV) 123273 BT;;;;;;;E875334 – E875337;PLANO 14;;TRUE;0;4;22/11/2025;;17/11/2025;;;B164365;;LV + BT;3 N1;TRUE;Energizada;GABRIEL;ER-CIND-POV-DEIXAI 94 -FT-RURAL;;R$ 39.405,66;;
1139502;01/11/2025;SENHOR DO BONFIM;100,0%;200%;;;100%;;;;4;;1;;;8;-10,6594125, -39,4945877;PRIORIDADE PLANO ANEEL;;;;;;;;;ANAILTON;19/11/2025;;;;;;;;https://drive.google.com/file/d/1KB_Ffd8O0Ut7F3ftx26HSkUSUrsFtfj8/view?usp=drive_link;;;Realizado;CANSANÇÃO;;124968 (LV) 148791 (EN);;Depende do cabo 3x35;;;;;E875322 – E875325;PLANO 7;;TRUE;0;4;15/11/2025;;20/10/2025;;;D297035;;LV + ENERGZ;TRF + N1;TRUE;Energizada;GABRIEL;UB-CIND-AV-ANTONIO VICENTE M M-CENTRO;;R$ 56.169,24;;
1186692;01/11/2025;SENHOR DO BONFIM;100,0%;100%;;;100%;;;;4;;2;;;4;-10.7322623, -39.938497;QLP;;;;;;;;10/11/2025;GESONI;13/11/2025;;;;;;;;https://drive.google.com/file/d/1M92Aa4bTvL0CR896sH6TK2YCDQQoKJMq/view?usp=drive_link;;;;ITIÚBA;;138241 BT;;;;;;;E903291 – E903294;PLANO 7;;TRUE;0;4;15/11/2025;;10/11/2025;;;D572240;Sim;BT;;TRUE;Energizada;JOAO;ER-CIND-FAZ-CAJARANA-RURAL-ITIUBA;;R$ 31.163,34;;
1191735;01/11/2025;SENHOR DO BONFIM;0,0%;100%;;;100%;;;;;;1;;;4;-10.225127, -40.203209;RECLAMAÇÃO;;;;;;;;11/11/2025;REGINALDO;24/11/2025;;;;;;;;https://drive.google.com/file/d/1nbgMY6lypPglhzgqY1CR0kR9tJTn75eO/view?usp=drive_link;;;;JAGUARARI;;139682 BT;;;;;;;E903404 - E903407;PLANO 7;;TRUE;0;4;22/11/2025;;17/11/2025;;;B479320;Sim;BT;;TRUE;Energizada;JOAO;ER-CIND-POV TANQUE DA TERRA-TANQUE DE TE;;R$ 22.149,09;;
1179691;01/11/2025;SENHOR DO BONFIM;0,0%;100%;;;100%;;;;;;1;;;4;-10.852209, -39.723853;QLP;;;;;;;;17/11/2025;MARCELO;28/11/2025;;;;;;;;https://drive.google.com/file/d/1VTm9x93ljrjTqVCWyTumdXyc5WG3HOnu/view?usp=drive_link;;;;ITIÚBA;;OBS-SEM PROEJTO;;Fazer visita prévia;;;;;E903303 – E903305;PLANO 7;;TRUE;0;4;29/11/2025;;24/11/2025;;;E636183;Solicitado;BT;OBS-SEM PROEJTO;;Energizada;GABRIEL;UB-CIND-RUA-JOSE JACINTO 101-CENTRO;;R$ 39.623,46;;
1213002;01/11/2025;SENHOR DO BONFIM;100,0%;100%;;;100%;;;;4;;1;;;4;-10,4114853, -41,1624956;PRIORIDADE PLANO ANEEL;;;;;;;;;ISRAEL;15/11/2025;;;;;;;;https://drive.google.com/file/d/1KsxIb6H7s6QnTmeIBsuWeo6tyOwt6IK8/view?usp=drive_link;;;;CAMPO FORMOSO;;144399 BT;;;;;;;E875287 – E875290;PLANO 14;;TRUE;0;4;15/11/2025;;27/10/2025;;;D724169;;BT;;TRUE;Energizada;JOAO;ER-CIND-POV-PONTA DAGUA-RURAL;;R$ 22.711,82;;
1180962;01/11/2025;SENHOR DO BONFIM;50,0%;100%;;;100%;;;;2;;1;;;4;-10,5062648, -39,4095984;QLP;;;;;;;;;OSMAR;;;;;;;;;https://drive.google.com/file/d/19vWBocIDS5w2Z3vj0Uk7se2EjMeZSV4I/view?usp=drive_link;;;;MONTE SANTO;;BT 127167 LV-148697;;;Precisa da KLC;;;;E903274 – E903277;PLANO 14;;TRUE;0;4;22/11/2025;;20/10/2025;;;D409513;;LV+BT;N1 C/ TRF;TRUE;Energizada;GABRIEL;ER-CCOL-FAZ-PAU D ARCO-RURAL;;R$ 45.098,21;;
1167440;01/11/2025;SENHOR DO BONFIM;0,0%;100%;;;100%;;;;;;1;;;3;-9.889389, -39.974332;QLP;;;;;;;;18/11/2025;ALDAIR;;;;;;;;;https://drive.google.com/file/d/18xF3RIgPVD8FZpj5igOztdnyNWBRDnwf/view?usp=drive_link;;;;JAGUARARI;;BT 139549 LV 145165;;;;;143264;;E903392 - E903394;PLANO 7;;TRUE;0;3;22/11/2025;;17/11/2025;;;D655454;Solicitado;LV+BT+DESL;B1;;Energizada;JOAO;UB CIND RUA DO ANGICO CENTRO;;R$ 24.089,65;;
1170663;01/11/2025;SENHOR DO BONFIM;100,0%;33,33333333%;;;100%;;;;3;;1;;;1;-9.8901532, -39.9743231;PRIORIDADE PLANO ANEEL;26/11/2025;;;;;;;18/11/2025;ALDAIR;;;;;;;;;https://drive.google.com/file/d/1skDUekm_N87T4ZwWYRNkkyXXYrLpcn89/view?usp=drive_link;;;;JAGUARARI;;LV-149231;;;;;144183;;E903327 – E903329;PLANO 7;;TRUE;0;3;29/11/2025;;24/11/2025;;;D655456;Solicitado;DESL + LV;B1;;Energizada;JOAO;ER-CIND-RUA-DO FAXEIRO 3029-NUCLEO PILAR;;R$ 30.962,00;;
1167467;01/11/2025;SENHOR DO BONFIM;100,0%;100%;;;100%;;;;3;;1;;;3;-9.8674146, -39.9562488;PRIORIDADE PLANO ANEEL;;;;;;;;18/11/2025;ALDAIR;;;;;;;;;https://drive.google.com/file/d/1CjigDrbictRcc078JCuGl6A4O7qUWUE6/view?usp=drive_link;;;;JAGUARARI;;EN 139440 LV 145325;;Detonação dia 18/11;3 FURADAS;;;;E903321 – E903323;PLANO 7;;TRUE;0;3;29/11/2025;;24/11/2025;;;D216992;Solicitado;LV+ENERGIZ;;;Energizada;JOAO;LD CIND ET ADUTORA MINA CARAIBA RURAL;;R$ 43.267,50;;
1211192;01/11/2025;SENHOR DO BONFIM;100,0%;100%;;;100%;;;;3;;1;;;3;-10,7173807, -39,453117;PRIORIDADE PLANO ANEEL;;;;;;;;;ANAILTON;13/11/2025;;;;;;;;https://drive.google.com/file/d/1rUdQCmjOqOYFwDCN2fKL62HfyI9ExvXd/view?usp=drive_link;;;Realizado;CANSANÇÃO;;124981 (LV) 145472 (BT);;;;;;;E875192 – E875194;PLANO 14;;TRUE;0;3;22/11/2025;;17/11/2025;;;Q101267;;DESL + LV + BT;N1 C/ TRF;TRUE;Energizada;GABRIEL;ER-CIND-POV-CACIMBA-CACIMBINHA;;R$ 33.755,69;;
1168652;01/11/2025;SENHOR DO BONFIM;100,0%;92,85714286%;;;100%;;;;14;;1;;;13;-10.8263598, -39.4973282;QLP;;;;;;;;17/11/2025;MARCELO;;;;;;;;;https://drive.google.com/file/d/1PnMy5gRhQHvv6WY2lxGdwxq8rj7yS37-/view?usp=drive_link;;;;NORDESTINA;;EN 135511 LV- 148268;FALSE;;;;;;E903037 – E903050;PLANO 14;;TRUE;0;14;22/11/2025;;17/11/2025;;;D026496;Solicitado;LV+ENERGIZ;N1/3;;NÃO DEFINIDO;GABRIEL;ER-CIND-FAZ-TRINDADE-RURAL;;R$ 131.108,26;;FALSE
1172209;01/11/2025;SENHOR DO BONFIM;100,0%;100%;;;100%;;;;3;;1;;;3;-10.4968911, -40.450779;QLP;;;;;;;;19/11/2025;EDVALDO;;;;;;;;;https://drive.google.com/file/d/12KXlgbMyIliH2Rt1hVrU3rNKOeUSjshj/view?usp=drive_link;;;;CAMPO FORMOSO;;137187 BT 142711 LV;;REDE DESATIVADA/ INFORMADO AO AR;;;;;E903257 – E903259;PLANO 14;;TRUE;0;3;22/11/2025;;17/11/2025;;;Q061552;;LV+BT;N1/TRAFO;;Energizada;JOAO;ER-CIND-POV-LAGOA DA ROCA-RURAL;;R$ 40.691,07;;
1215317;01/11/2025;SENHOR DO BONFIM;100,0%;100%;;;100%;;;;3;;1;;;3;-10.4132845, -40.6187214;PRIORIDADE PLANO ANEEL;;;;;;;;19/11/2025;EDVALDO;26/11/2025;;;;;;;;https://drive.google.com/file/d/10aoCOsfRQzGO1qMCFqblwjlbtWetW3V0/view?usp=drive_link;;;;CAMPO FORMOSO;;EN 144411 LV 149512;;FALTA TRAFO;;;;;E903260 – E903262;PLANO 7;;TRUE;3;3;22/11/2025;;17/11/2025;;;B258022;;ENERG;;;Energizada;JOAO;ER-CIND-POV-RIACHAO-RIACHAO;;R$ 36.113,79;;
1215447;01/11/2025;SENHOR DO BONFIM;100,0%;33,33333333%;;;100%;;;;3;;1;;;1;-10.5628392, -40.1396837;PRIORIDADE PLANO ANEEL;;;;;;;;18/11/2025;REGINALDO;21/11/2025;;;;;;;;https://drive.google.com/file/d/13exg7HzgE1TqzH1_52y3pYmf5OYCmV2I/view?usp=drive_link;;;;SENHOR DO BONFIM;;134644 EN 142589 LV;;;;;;;E902878 – E902880;PLANO 7;;TRUE;3;3;22/11/2025;;25/11/2025;;;D010984;Solicitado;LV+ENERGIZ;N1/TRAFO;;Energizada;JOAO;ER-CIND-POV-CALDEIRAO DO MULATO-RURAL;;R$ 29.693,64;;
1166882;01/11/2025;SENHOR DO BONFIM;33,3%;0%;;;100%;;;;1;;1;;;0;-10.5097187, -40.0462947;QLP;;;;;;;;12/11/2025;JEFFERSON;24/11/2025;;;;;;;;https://drive.google.com/file/d/1qNJ_H279qW2HpePvyXG0GB7m3fcBtAAL/view?usp=drive_link;;;;SENHOR DO BONFIM;;133596 BT / 134303 LV;;PENDENTE SAQUE DE MATERIAL;Necessita de KLC;;;;E903376 – E903378;PLANO 7;;TRUE;2;3;15/11/2025;;07/11/2025;;;D573931;Sim;BT;N1;TRUE;Energizada;JOAO;ER-CIND POV VEADOS-RURAL;;R$ 26.102,45;;
1167424;01/11/2025;SENHOR DO BONFIM;100,0%;0%;;;100%;;;;3;;1;;;0;-10.5129244, -40.1628389;QLP;;;;;;;;13/11/2025;REGINALDO;22/11/2025;;;;;;;;https://drive.google.com/file/d/172gXBr6Ps5ynPHVdErODRkGdxrvn3hJi/view?usp=drive_link;;;;SENHOR DO BONFIM;;133610 BT;;;;;;;E903324 – E903326;PLANO 14;;TRUE;1;3;15/11/2025;;05/11/2025;;;E524674;Sim;BT;;TRUE;Energizada;JOAO;ER-CIND-PO.PASSAGEM VELHA-RURAL;;R$ 25.140,82;;
1215863;01/11/2025;SENHOR DO BONFIM;100,0%;0%;;;100%;;;;3;;1;;;0;-10.5449612, -40.1607697;PRIORIDADE PLANO ANEEL;;;;;;;;18/11/2025;REGINALDO;14/11/2025;;;;;;;;https://drive.google.com/file/d/1SjoOzT_CN0LQjisWAV_3ELnQn89u9Gkx/view?usp=drive_link;;;;SENHOR DO BONFIM;;133647 BT             133652 ENERGZ;;;;;;;E902881 – E902883;PLANO 7;;TRUE;0;3;22/11/2025;;17/11/2025;;;D205589;Solicitado;BT;;;Energizada;JOAO;ER-CIND-POV-CAZUMBA-CAZUMBA;;R$ 16.264,99;;
1190461;01/11/2025;SENHOR DO BONFIM;100,0%;100%;;;100%;;;;3;;1;;;3;-9,886564, -39,9719119;QLP;;;;;;;;18/11/2025;ALDAIR;24/11/2025;;;;;;;;https://drive.google.com/file/d/1PlZDItsy58a6SwHzI4kQbfX_UJlvn5YN/view?usp=drive_link;;;;JAGUARARI;;139761 BT;;;;;;;E903417 - E903419;PLANO 7;;TRUE;0;3;29/11/2025;;24/11/2025;;;Q068389;Solicitado;BT;;;Energizada;JOAO;UB-CIND-RUA-JUAZEIRO-CENTRO;;R$ 19.047,89;;
1210373;01/11/2025;SENHOR DO BONFIM;100,0%;100%;;;100%;;;;3;;1;;;3;-10.7429262, -39.988466;PRIORIDADE PLANO ANEEL;;;;;;;;10/11/2025;GESONI;15/11/2025;;;;;;;;https://drive.google.com/file/d/15ZFBYVtmASbv8403MdPxLnTCySs7ndnw/view?usp=drive_link;;;;ITIÚBA;;138339 BT;;;;;;;E903312 – E903314;PLANO 14;;TRUE;0;3;15/11/2025;;10/11/2025;;;D054396;Sim;BT;;TRUE;Energizada;JOAO;ER-CIND-POV-SITIO DO FELIX-RURAL;;R$ 16.837,51;;
1216558;01/11/2025;SENHOR DO BONFIM;100,0%;100%;;;100%;;;;3;;1;;;3;-9.9084724, -40.1451071;PRIORIDADE PLANO ANEEL;;;;;;;;18/11/2025;ALDAIR;25/11/2025;;;;;;;;https://drive.google.com/file/d/19ZKYClGuopxa1kQ_c3jcPclQEBJ4roL5/view?usp=drive_link;;;;JAGUARARI;;BT 139379;;FALTA CABO;;;;;E903389 - E903391;PLANO 7;;TRUE;0;3;22/11/2025;;17/11/2025;;;B720434;Solicitado;BT;;;Energizada;JOAO;ER-CIND-FAZ-ANGICO-BARRINHA;;R$ 19.365,36;;
1209595;01/11/2025;SENHOR DO BONFIM;100,0%;100%;;;100%;;;;3;;1;;;3;-10,5954581, -40,930199;PRIORIDADE PLANO ANEEL;;;;;;;;;ISRAEL;18/11/2025;;;;;;;;https://drive.google.com/file/d/1ZK7k_sD48GWLN7LnzOAhgRGZAlHFvzJz/view?usp=drive_link;;;;CAMPO FORMOSO;;121346 BT;;;;;;;E875177 – E875179;PLANO 14;;TRUE;0;3;15/11/2025;;27/10/2025;;;R024920;;BT;;TRUE;Energizada;JOAO;ER-CIND-RUA-DO CAMPO-CENTRO;;R$ 13.794,15;;
1176297;01/11/2025;SENHOR DO BONFIM;100,0%;150%;;;100%;;;;2;;1;;;3;-10.5597548, -39.5028811;QLP;22/11/2025;;;;;;;17/11/2025;JOSE;19/11/2025;;;;;;;;https://drive.google.com/file/d/1INRIj6Vq5M-U7DAiQydyAnseSRpdp_Yk/view?usp=drive_link;;;;MONTE SANTO;;BT 138151 LV-148527;;;;;143275;;E903348 – E903350;PLANO 14;;TRUE;0;2;22/11/2025;;17/11/2025;;;D136574;Solicitado;LV+BT;2 N1;;Energizada;GABRIEL;ER-CIND-POV-JUNCO DO FERRE-RURAL;;R$ 25.276,75;;
1194770;01/11/2025;SENHOR DO BONFIM;0,0%;100%;;;100%;;;;;;1;;;2;-10,150653, -39,5808952;QLP;22/11/2025;;;;;;;;OSMAR;;;;;;;;;https://drive.google.com/file/d/14_po5iDUOFGdzDZjS1WGCLNsIJayKeN8/view?usp=drive_link;;;;MONTE SANTO;;BT 123106 LV-148562;;;;;143278;;E875248 – E875249;PLANO 14;;TRUE;0;2;22/11/2025;;20/10/2025;;;D107818;;LV + BT;2 N1;TRUE;Energizada;GABRIEL;ER-CIND-POV-FLORES -FLORES;;R$ 13.435,26;;
1195841;01/11/2025;SENHOR DO BONFIM;0,0%;100%;;;100%;;;;;;1;;;2;-10,4605865, -39,2612516;QLP;26/11/2025;;;;;;;17/11/2025;OSMAR;26/11/2025;;;;;;;;https://drive.google.com/file/d/10hAjidpSjethJXun3uV91gg5_28hEfjx/view?usp=drive_link;;;;MONTE SANTO;;BT 127161 LV-148683;;;Detonar ou KLC;;144181;;E875150 – E875151;PLANO 14;;TRUE;0;2;22/11/2025;;20/10/2025;;;D143859;Solicitado;LV + BT;2 N1;;Energizada;GABRIEL;ER-CIND-POV-LAGE 3652-LAGE;;R$ 12.344,10;;
1193863;01/11/2025;SENHOR DO BONFIM;100,0%;100%;;;100%;;;;2;;1;;;2;-10.821269, -40.00361;PRIORIDADE PLANO ANEEL;27/11/2025;;;;;;;14/11/2025;GESONI;;;;;;;;;https://drive.google.com/file/d/16EEP9ehss3pFHi0Ty-oBRRaVwe9FcyWw/view?usp=drive_link;;;;ITIÚBA;;138294 BT 140451 LV;;;;;145698;;E903306 – E903307;PLANO 7;;TRUE;0;2;22/11/2025;;17/11/2025;;;D157854;Sim;LV+BT;2.N/1;TRUE;Energizada;JOAO;ER-CIND-POV-VARZEA SUJA-RURAL;;R$ 11.736,71;;
1220742;01/11/2025;SENHOR DO BONFIM;0,0%;100%;;;100%;;;;;;0;;;2;-10.9760463, -39.6284591;JUDICIAL;28/11/2025;;;;;;;10/11/2025;MARCELO;;;;;;;;;https://drive.google.com/file/d/1MmcKrAlDhSRDyMEek1QmoyNSdEvclIpy/view?usp=drive_link;;;;QUEIMADAS;;152117 EN;;;Provavelmente precisa de KLC;;146902;;E903359 – E903360;PLANO 8;;TRUE;0;2;15/11/2025;;10/11/2025;;;Q105518;Sim;DESL + EN;;TRUE;Energizada;GABRIEL;RC-CIND-PR -ELIAS MARQUES-CENTRO;;R$ 16.435,37;;
1213354;01/11/2025;SENHOR DO BONFIM;0,0%;0%;;;100%;;;;;;0;;;0;-10.4512727, -40.1764398;JUDICIAL;27/11/2025;;;;;;;18/11/2025;REGINALDO;;;;;;;;;https://drive.google.com/file/d/1tMVGWmOmEoCZcK4jgxgmi4wLAoKVUycf/view?usp=drive_link;;;;SENHOR DO BONFIM;;133637 BT ;;;;;145706 (PEDIR ACORDO);;E902872 – E902873;PLANO 8;;TRUE;0;2;29/11/2025;;24/11/2025;;;Q048921;Solicitado;DESLIG;;;Energizada;JOAO;RC-CIND-RUA-BAHIA-NOVO HORIZONTE;;R$ 16.456,13;;
1216483;01/11/2025;SENHOR DO BONFIM;100,0%;0%;;;100%;;;;2;;1;;;0;-10.5081567, -40.0958669;PRIORIDADE PLANO ANEEL;;;;;;;;12/11/2025;JOILSON;14/11/2025;;;;;;;;https://drive.google.com/file/d/1eyTM-Rku4E-PXaEFyF4HGZhUiTijrAC1/view?usp=drive_link;;;;SENHOR DO BONFIM;;LV 140042     151361 EN;;;;;;;E902874 – E902875;PLANO 7;;TRUE;0;2;15/11/2025;;07/11/2025;;;E291658;Sim;BT;;TRUE;Energizada;JOAO;ER-CIND-FAZ-PEDRA DO UMBU-CARIACA;;R$ 13.296,02;;
1210455;01/11/2025;SENHOR DO BONFIM;50,0%;100%;;;100%;;;;1;;1;;;2;-10.4597444, -40.3676863;PRIORIDADE PLANO ANEEL;;;;;;;;11/11/2025;EDVALDO;22/11/2025;;;;;;;;https://drive.google.com/file/d/1uye6EnYgFN6hA32dY2LKD2oljbgtLH27/view?usp=drive_link;;;Pendente;CAMPO FORMOSO;;138097 BT 142614 LV;;Previsão de conclusão 18/11;FURAR 1;;;;E903265 – E903266;PLANO 14;;TRUE;2;2;15/11/2025;;05/11/2025;;;E328845;Sim;LV+BT;2/B1;TRUE;Energizada;JOAO;ER-CIND-FAZ-PILOES-RURAL;;R$ 14.489,91;;
1214292;01/11/2025;SENHOR DO BONFIM;0,0%;200%;;;100%;;;;;;1;;;4;-10.46616, -39.7971761;PRIORIDADE PLANO ANEEL;;;;;;;;08/11/2025;JEFFERSON;26/11/2025;;;;;;;;https://drive.google.com/file/d/1DDntLplEKQl63zaykwEm-GvLAxsXBAeB/view?usp=drive_link;;;;ITIÚBA;;139261 BT 140523 LV;;;precisa da KLC;;;;E903308 – E903309;PLANO 14;;TRUE;0;2;22/11/2025;;17/11/2025;;;D143324;Sim;LV+BT;N1/1;TRUE;Energizada;GABRIEL;ER-CIND-POV-LAGOA DO TANQUE-LAGOA DO TAN;;R$ 17.520,56;;
1170955;01/11/2025;SENHOR DO BONFIM;0,0%;0%;;;100%;;;;;;1;;;0;-10.5356738, -40.0470073;PRIORIDADE PLANO ANEEL;;;;;;;;12/11/2025;JOILSON;;;;;;;;;https://drive.google.com/file/d/1gbhPsOC7m1R9h1_AfByeoxMr8-lDqcXi/view?usp=drive_link;;;;SENHOR DO BONFIM;;133617 BT;;PENDENTE SACAR MATERIAL;;;;;E875684 – E902867;PLANO 14;;TRUE;0;2;15/11/2025;;07/11/2025;;;D135547;Sim;BT;;TRUE;Energizada;JOAO;ER-CIND-FAZ-CAJAZEIRA 922-RURAL-QUICE;;R$ 15.318,47;;
1210364;01/11/2025;SENHOR DO BONFIM;0,0%;0%;;;100%;;;;;;1;;;0;-10.496017, -40.163902;PRIORIDADE PLANO ANEEL;;;;;;;;13/11/2025;REGINALDO;13/11/2025;;;;;;;;https://drive.google.com/file/d/1F6u0yYjrsoggA9VXYUSwmNlSC_vu9xui/view?usp=drive_link;;;;SENHOR DO BONFIM;;133624 BT;;;;;;;E902868 – E902869;PLANO 14;;TRUE;0;2;;;;;;P748244;Sim;BT;;TRUE;Energizada;JOAO;ER-CIND-RUA-V SIMOES-PASSAGEM VELHA;;R$ 13.619,09;;
1211047;01/11/2025;SENHOR DO BONFIM;50,0%;100%;;;100%;;;;1;;1;;;2;-10.430555, -40.137597;PRIORIDADE PLANO ANEEL;;;;;;;;11/11/2025;WAGNER;19/11/2025;;;;;;;;https://drive.google.com/file/d/14NNEWjffAxTxpotfA0bjaTPUwKJVjdMl/view?usp=drive_link;;;;SENHOR DO BONFIM;;148875 BT LV 142524;;;;;;;E902870 – E902871;PLANO 14;;TRUE;2;2;15/11/2025;;05/11/2025;;;B765644;Sim;LV+BT;N1;TRUE;Energizada;JOAO;ER-CIND-LOT PANOTAMA 19-RURAL-BARAUNA;;R$ 9.787,05;;
1210625;01/11/2025;SENHOR DO BONFIM;100,0%;100%;;;100%;;;;2;;1;;;2;-10.4504431, -40.5481115;PRIORIDADE PLANO ANEEL;;;;;;;;19/11/2025;EDVALDO;24/11/2025;;;;;;;;https://drive.google.com/file/d/1a7Bc8KitHh_nD1yhyuJ-EeI7ycLTanLO/view?usp=drive_link;;;;CAMPO FORMOSO;;137279 BT 142691 LV;;;;;;;E903395 - E903396;PLANO 14;;TRUE;0;2;22/11/2025;;17/11/2025;;;D023899;;LV+BT;2/N1;;Energizada;JOAO;ER-CIND-POV-LAGEDO RASO-TIQUARA;;R$ 15.591,94;;
1216188;01/11/2025;SENHOR DO BONFIM;100,0%;150%;;;100%;;;;2;;3;;;3;-10.4532885, -40.3156405;QLP;;;;;;;;11/11/2025;EDVALDO;;;;;;;;;https://drive.google.com/file/d/1LSvtgReDBsUwQ8BIU3ojvlpv0HN8XRLy/view?usp=drive_link;;;Pendente;CAMPO FORMOSO;;138016 BT 142626 LV;;;;;;;E903267 – E903268;PLANO 7;;TRUE;0;2;15/11/2025;;05/11/2025;;;B425255;Sim;LV;N1;TRUE;Energizada;JOAO;ER-CIND-POV-CURRAL DA PONTE-RURAL;;R$ 14.734,75;;
1221730;01/11/2025;SENHOR DO BONFIM;100,0%;100%;;;100%;;;;2;;;;;2;-10,3661371, -40,1690107;PRIORIDADE PLANO ANEEL;;;;;;;;06/11/2025;REGINALDO;10/11/2025;;;;;;;;https://drive.google.com/file/d/1eSP8ezsTJAbYkxkjeG4knccannEvM_Ng/view?usp=drive_link;;;Pendente;JAGUARARI;;141553(LV);FALSE;;;;;;E903332 – E903333;PLANO 7;;TRUE;0;2;15/11/2025;;07/10/2025;;;Q044255;Sim;LV;;TRUE;Energizada;JOAO;RR-EMBA-RUA-DA LARANJEIRA-CENTRO;;R$ 436.108,77;;FALSE
1177738;01/11/2025;SENHOR DO BONFIM;100,0%;100%;;;100%;;;;2;;2;;;2;-9.9000362, -39.9709761;QLP;;;;;;;;11/11/2025;WAGNER;;;;;;;;;https://drive.google.com/file/d/1927pOH6Q0EFnWAZ14KlYZ6db2TIaGjnS/view?usp=drive_link;;;;JAGUARARI;;139468 BT;;;;;;;E903330 – E903331;PLANO 7;;TRUE;0;2;22/11/2025;;17/11/2025;;;D544114;Sim;LV + BT;N1/N1;TRUE;Energizada;JOAO;ER-CIND-FAZ-CARPINTARIA-RURAL;;R$ 18.229,86;;
1170529;01/11/2025;SENHOR DO BONFIM;100,0%;100%;;;100%;;;;2;;1;;;2;-10.4812951, -40.3647843;QLP;;;;;;;;;EDVALDO;19/11/2025;;;;;;;;https://drive.google.com/file/d/140yB0gdID-5z9ikRTD7U_MJxEinIatQP/view?usp=drive_link;;;;CAMPO FORMOSO;;BT 137151 LV-148014 ;;;;;;;E903263 – E903264;PLANO 14;;TRUE;0;2;;;;;;D520532;;LV+BT;N1;;Energizada;JOAO;ER-CIND-FAZ-PILOES-RURAL;;R$ 17.766,30;;
1216105;01/11/2025;SENHOR DO BONFIM;0,0%;100%;;;100%;;;;;;3;;;2;-10.250051, -39.5126099;QLP;;;;;;;;17/11/2025;OSMAR;27/11/2025;;;;;;;;https://drive.google.com/file/d/1W1i1gKhjFv0cgMuyp0T6jYzsmq43QXPD/view?usp=drive_link;;;;MONTE SANTO;;BT 138185 LV-148672;;;Precisa da KLC;;;;E903353 – E903354;PLANO 7;;TRUE;0;2;22/11/2025;;17/11/2025;;;P118752;Solicitado;LV+BT;2 N1/TRAFO;;Energizada;GABRIEL;ER-CIND-POV-LAGOA GRANDE-RURAL;;R$ 29.365,84;;
1186497;01/11/2025;SENHOR DO BONFIM;100,0%;100%;;;100%;;;;2;;1;;;2;-10.3350236, -40.6213253;QLP;;;;;;;;19/11/2025;ISRAEL;20/11/2025;;;;;;;;https://drive.google.com/file/d/119T0p4sfIOatpa7hGyDary_Cpk_o5s7h/view?usp=drive_link;;;;CAMPO FORMOSO;;137084 BT;;;;;;;E903336 – E903337;PLANO 7;;TRUE;0;2;22/11/2025;;17/11/2025;;;D137045;;BT;;;Energizada;JOAO;ER-CIND-POV-LAGOA DO PORCO-RURAL;;R$ 11.282,59;;
1199167;01/11/2025;SENHOR DO BONFIM;100,0%;100%;;;100%;;;;2;;1;;;2;-10.4728827, -40.2769164;PRIORIDADE PLANO ANEEL;;;;;;;;11/11/2025;ISRAEL;;;;;;;;;https://drive.google.com/file/d/1R-EKIzkeaJoQGUrUOXOglNlH6m_dQ55s/view?usp=drive_link;;;;CAMPO FORMOSO;;137135 BT;;;PODA;;;;E903342 – E903343;PLANO 7;;TRUE;0;2;15/11/2025;;05/11/2025;;;Q060232;Sim;BT;;TRUE;Energizada;JOAO;ER-CIND-FAZ-CANAVIEIRAS 2-RURAL;;R$ 11.280,94;;
1050851;01/11/2025;SENHOR DO BONFIM;0,0%;100%;;;100%;;;;;;3;;;2;-10.2120357, -40.1143323;PRIORIDADE PLANO ANEEL;;;;;;;;11/11/2025;WAGNER;;;;;;;;;https://drive.google.com/file/d/1li_jowAelqEDpYOfMQLxFPDL1iNpuw-j/view?usp=drive_link;;;;JAGUARARI;;139576 BT;;;;;;;E903408 - E903409;PLANO 14;;TRUE;0;2;22/11/2025;;17/11/2025;;;B658316;Sim;BT;;TRUE;Energizada;JOAO;ER-CIND-POV-GAMELEIRA 182-RURAL;;R$ 4.793,81;;
1192185;01/11/2025;SENHOR DO BONFIM;100,0%;100%;;;100%;;;;2;;1;;;2;-10.5033005, -40.3975959;REPUTACIONAL;;;;;;;;12/11/2025;ISRAEL;12/11/2025;;;;;;;;https://drive.google.com/file/d/1FstJbyOByRQmt6g6eAB9Pl33fN8isEmA/view?usp=drive_link;;;;CAMPO FORMOSO;;137236 BT;;;;;;;E903397 - E903398;PLANO 14;;TRUE;0;2;22/11/2025;;17/11/2025;;;B339226;Sim;BT;;TRUE;Energizada;JOAO;ER-CIND-RUA-BELA VISTA-RURAL;;R$ 10.438,48;;
1211890;01/11/2025;SENHOR DO BONFIM;100,0%;100%;;;100%;;;;2;;1;;;2;-10.5045089, -40.4218939;PRIORIDADE PLANO ANEEL;;;;;;;;12/11/2025;ISRAEL;;;;;;;;;https://drive.google.com/file/d/1r6KwI9zhbgesoNSrYOCELjrUYLZqIOn7/view?usp=drive_link;;;;CAMPO FORMOSO;;145558 BT;;;;;;;E903399 - E903400;PLANO 7;;TRUE;0;2;22/11/2025;;17/11/2025;;;D065096;Sim;BT;;TRUE;Energizada;JOAO;ER-CIND-POV-LAGOA DA PEDRA-RURAL;;R$ 11.681,17;;
1214847;01/11/2025;SENHOR DO BONFIM;100,0%;200%;;;100%;;;;2;;1;;;4;-10.4688438, -40.4377683;PRIORIDADE PLANO ANEEL;;;;;;;;12/11/2025;ISRAEL;20/11/2025;;;;;;;;https://drive.google.com/file/d/138Okir1ABDwe_8CRCnwZf9QrcVVWg_Oa/view?usp=drive_link;;;;CAMPO FORMOSO;;137297 BT;;;;;;;E903401 - E903402;PLANO 7;;TRUE;0;2;22/11/2025;;17/11/2025;;;Q062125;Sim;BT;;TRUE;Energizada;JOAO;UB-CIND-CJN-VI JOEL 130-CENTRO;;R$ 12.965,31;;
1216176;01/11/2025;SENHOR DO BONFIM;100,0%;0%;;;100%;;;;2;;1;;;0;-10.6899575, -39.859984;PRIORIDADE PLANO ANEEL;;;;;;;;12/11/2025;JEFFERSON;18/11/2025;;;;;;;;https://drive.google.com/file/d/1_VNa00o6E-cEuEdjun_Q2zJaKPASP8GX/view?usp=drive_link;;;;ITIÚBA;;139277 BT;;Depende do cabo 3x35;;;;;E903355 – E903356;PLANO 14;;TRUE;2;2;29/11/2025;;24/11/2025;;;Q066944;Sim;BT;;TRUE;Energizada;GABRIEL;UB-CIND-RUA-ALTO DO CAMPO-RURAL;;R$ 6.908,51;;
1205388;01/11/2025;SENHOR DO BONFIM;0,0%;0%;;;100%;;;;;;1;;;0;-10,3918417, -40,1592126;PRIORIDADE PLANO ANEEL;28/11/2025;;;;;;;18/11/2025;REGINALDO;;;;;;;;;https://drive.google.com/file/d/194hw5DEM44jD5q57OkXkTNNPBH6NcMjW/view?usp=drive_link;;;;SENHOR DO BONFIM;;134636 EN 142573 LV;;;;;146253 ANEXA PEX;;E902884 – E902887;PLANO 7;;TRUE;0;4;29/11/2025;;24/11/2025;;;Q043744;Solicitado;DESL + LV;2 N3-3;;Paralisada;;ER-CIND-POV-CACO DE TELHA 78-RURAL;;R$ 70.752,48;;
1190860;01/11/2025;SENHOR DO BONFIM;100,0%;100%;;;100%;;;;2;;1;;;2;-10.7410177, -39.7087084;QLP;;;;;;;;17/11/2025;JEFFERSON;18/11/2025;;;;;;;;https://drive.google.com/file/d/1FqvcbOI43a7H2dVnKn3Qc9gT1TGB3hJF/view?usp=drive_link;;;;ITIÚBA;;BT 138261  ;;Previsão de conclusão 18/11;precisa da KLC;;;;E903351 – E903352;PLANO 7;;TRUE;2;2;29/11/2025;;24/11/2025;;;D395165;Solicitado;BT;;;Energizada;GABRIEL;ER-CIND-FAZ-BARRA-CACIMBAS;;R$ 14.147,55;;
1210106;01/11/2025;SENHOR DO BONFIM;0,0%;100%;;;100%;;;;;;1;;;2;-10.389477, -40.41142;PRIORIDADE PLANO ANEEL;;;;;;;;19/11/2025;EDVALDO;20/11/2025;;;;;;;;https://drive.google.com/file/d/1iqUQJ6ZRaj5x7y8Orc81Frcfp1F3xWez/view?usp=drive_link;;;;CAMPO FORMOSO;;137251 BT;;;;;;;E903338 – E903339;PLANO 14;;TRUE;0;2;22/11/2025;;17/11/2025;;;E141329;;BT;;;Energizada;JOAO;ER-CIND-POV-CAMPO ALEGRE-CAMPO ALEGRE;;R$ 11.399,83;;
1190192;01/11/2025;SENHOR DO BONFIM;100,0%;100%;;;100%;;;;2;;2;;;2;;QLP;;;;;;;;;JOILSON;05/11/2025;;;;;;;;https://drive.google.com/file/d/1fGGp9MUbj_lrxybf54aXyDJhajQo6-G9/view?usp=drive_link;;;;PINDOBAÇU;;135326 BT;TRUE;;;;;;E903363 – E903364;PLANO 7;;TRUE;0;2;;;;;;;;BT;;TRUE;Energizada;JOAO;ER-CIND-RUA-APOLONIO-CJATOBA;;R$ 9.324,71;;
1209962;01/11/2025;SENHOR DO BONFIM;100,0%;200%;;;100%;;;;2;;1;;;4;-10,6736886, -39,4991437;QLP;;;;;;;;10/11/2025;ANAILTON;11/11/2025;;;;;;;;https://drive.google.com/file/d/1QneDf6FexXq8VWBZ-fYTUNZcGm2r_7WL/view?usp=drive_link;;;Realizado;CANSANÇÃO;;135195 BT;;;;;;;E903287 – E903290;PLANO 14;;TRUE;0;2;22/11/2025;;17/11/2025;;;Q098328;Sim;BT;;TRUE;Energizada;GABRIEL;ER-CIND-RUA-ANTONIO JOSE FERNANDES-CENTR;;R$ 39.039,00;;
1228308;01/11/2025;SENHOR DO BONFIM;100,0%;200%;;;100%;;;;1;;1;;;2;-10,9339093, -39,7997546;GOVERNO;19/11/2025;;;;;;;17/11/2025;MARCELO;19/11/2025;;;;;;;;https://drive.google.com/file/d/1lVLzKnBjAETsJBNOkmEnzMPk1O96-NN0/view?usp=drive_link;;;;ITIÚBA;;;FALSE;Saque de material dia 18/11;;;146092 (VIP);;E903372 – E903372;PLANO 7;;TRUE;0;1;29/11/2025;;24/11/2025;;;D293170;Solicitado;DESL;;;Energizada;GABRIEL;ER-CERB-FAZ-NOVA-RURAL;;R$ 29.161,67;;FALSE
1169767;01/11/2025;SENHOR DO BONFIM;100,0%;200%;;;100%;;;;1;;0;;;2;-10.6676535, -39.8742346;QLP;20/11/2025;;;;;;;17/11/2025;JEFFERSON;20/11/2025;;;;;;;;https://drive.google.com/file/d/1s6Y_NG2c1ZskXRziY0mgC8_d0ZGxAqGv/view?usp=drive_link;;;;ITIÚBA;;LV 140092;;Saque de material dia 19/11;precisa da KLC;;142297;;E903311 – E903311;PLANO 7;;TRUE;0;1;29/11/2025;;24/11/2025;;;Q068227;Solicitado;DESL + LV;;;Energizada;GABRIEL;AC-CIND-POV-PICOS-RURAL;;R$ 42.270,11;;
1180143;01/11/2025;SENHOR DO BONFIM;0,0%;100%;;;100%;;;;;;1;;;1;-10.3027111, -40.1076727;QLP;;;;;;;;11/11/2025;WAGNER;24/11/2025;;;;;;;;https://drive.google.com/file/d/1nqv6xxpqNtcZa38Vfug2LPqRfEo9SjEx/view?usp=drive_link;;;;JAGUARARI;; BT 139665 LV 145196 ;;;;;143324;;E903315 – E903320;PLANO 7;;TRUE;1;1;22/11/2025;;17/11/2025;;;D408442;Sim;LV+BT;N1;TRUE;Energizada;JOAO;ER-CIND-POV-ANTAS I-RURAL;;R$ 6.538,80;;
1060677;01/11/2025;SENHOR DO BONFIM;0,0%;100%;;;100%;;;;;;1;;;1;-10.357579, -39.810062;PRIORIDADE PLANO ANEEL;;;;;;;;;;;;;;;;;;https://drive.google.com/file/d/14K_CsaAf8cIUPhvhZXSIKHk-kAftU7ky/view?usp=drive_link;;;;ANDORINHAS;;135147 BT;;;;;;;E903440;PLANO 14;;;0;1;;;;;;B015669;;BT;;;Paralisada;;ER-CIND-POV-CACHOEIRA-ANDORINHA;;R$ 2.393,07;;
1169729;01/11/2025;SENHOR DO BONFIM;0,0%;100%;;;100%;;;;;;1;;;2;-10.2704878, -39.9203461;QLP;;;;;;;;;;;;;;;;;;https://drive.google.com/file/d/1oIgx3k1Wtpgz0d2G1-w8L-bdnb_Zs5wh/view?usp=drive_link;;;;ANDORINHAS;;BT 135168 LV-149168;;;;;;;E903436 - E903437;PLANO 7;;;0;2;;;;;;D388057;;LV+BT;N1;;Paralisada;;ER-CIND-FAZ-S O GONCALO-RURAL;;R$ 18.492,73;;
1190993;01/11/2025;SENHOR DO BONFIM;0,0%;100%;;;100%;;;;;;1;;;2;-10.169574, -39.912487;RECLAMAÇÃO;;;;;;;;;;;;;;;;;;https://drive.google.com/file/d/1hlnMcIHlErXyM-Krn5a6I8wMRGM4tV3s/view?usp=drive_link;;;;ANDORINHAS;;135152 BT;;;;;;;E903438 - E903439;PLANO 7;;;0;2;;;;;;D014317;;BT;;;Paralisada;;ER-CIND-POV-LAGEDOS-RURAL;;R$ 9.333,97;;
1067126;01/11/2025;SENHOR DO BONFIM;0,0%;66,66666667%;;;50%;;;;;;1;;;18;-10.3445425, -39.8323744;JUDICIAL;;;;;;;;;;;;;;;;;;;;;;ANDORINHAS;;;;;;;;;E903081 – E903107;PLANO 8;;;0;27;;;;;;Q099019;;DESL;;;Paralisada;;IS-COEL-PR -COMERCIO-ANDORINHA;;R$ 335.050,76;;
1156651;01/11/2025;SENHOR DO BONFIM;100,0%;100%;;;100%;;;;1;;0;;;1;-10,4265503, -40,8651062;;27/11/2025;;;;;;;;ISRAEL;27/11/2025;;;;;;;;https://drive.google.com/file/d/1MGM9EwydAcMCbDyjyaG2pf9mkqQncAn8/view?usp=drive_link;;;Pendente;CAMPO FORMOSO;;124773 (LV) 124652 (EN);;"MATERIAL PENDENTE 
TRAFO E CABO POTE";;;145700;;E875185 – E875185;PLANO 7;;TRUE;0;1;15/11/2025;;27/10/2025;;;D931025;;DESLIG;N1 C/ TRF;TRUE;Energizada;JOAO;ER-CIND-POV-BREJO CAATINGA-RURAL;;R$ 27.197,79;;
1199686;01/11/2025;SENHOR DO BONFIM;100,0%;100%;;;100%;;;;1;;1;;;1;-10.838989, -39.6406917;PRIORIDADE PLANO ANEEL;;;;;;;;10/11/2025;MARCELO;21/11/2025;;;;;;;;https://drive.google.com/file/d/1iaxNatJpHria08Y7-M5MHfep47iukdT2/view?usp=drive_link;;;Pendente;QUEIMADAS;;134669 BT / 134670 LV 148784 LV;;Programar LV;;;;;E903366 – E903366;PLANO 7;;TRUE;0;1;15/11/2025;;10/11/2025;;;D030008;Sim;LV+BT;N1;TRUE;Energizada;GABRIEL;ER-CIND-FAZ-UMBURANA-RURAL;;R$ 6.848,69;;
1155593;01/11/2025;SENHOR DO BONFIM;100,0%;100%;;;100%;;;;1;;1;;;1;-10,6850113, -39,5549432;PRIORIDADE PLANO ANEEL;;;;;;;;;JEFFERSON;15/11/2025;;;;;;;;https://drive.google.com/file/d/1-m2QkNBzfsq5ArEr7_pW5dDvuxxmXmMd/view?usp=drive_link;;;Realizado;CANSANÇÃO;;125048 (LV)   125848 (EN);;;;;;;E875202 – E875202;PLANO 7;;TRUE;0;1;15/11/2025;;03/10/2025;;;D265962;;LV + ENERGZ;N1 C/ TRF;TRUE;Energizada;GABRIEL;ER-CIND-FAZ-JUAZEIRINHO-RURAL;;R$ 20.229,80;;
1180616;01/11/2025;SENHOR DO BONFIM;100,0%;100%;;;100%;;;;1;;0;;;1;-10.4535513, -40.3308433;QLP;;;;;;;;11/11/2025;EDVALDO;;;;;;;;;https://drive.google.com/file/d/1jyEKZgJ4-ooj7Rmhcnzz4arxPdaS9oD2/view?usp=drive_link;;;Pendente;CAMPO FORMOSO;;137208 BT 140987 LV;;;;;;;E903369 – E903369;PLANO 7;;TRUE;0;1;15/11/2025;;05/11/2025;;;B929837;Sim;LV+BT;N1;TRUE;Energizada;JOAO;ER-CIND-FAZ- PILOES-RURAL;;R$ 4.772,12;;
1158161;01/11/2025;SENHOR DO BONFIM;100,0%;100%;;;100%;;;;1;;1;;;1;-10,6306033, -39,457738;PRIORIDADE PLANO ANEEL;;;;;;;;;ANAILTON;13/11/2025;;;;;;;;https://drive.google.com/file/d/1nBqmO9QjEOqxkoPP2WFLlIv3r67uImZP/view?usp=drive_link;;;Realizado;CANSANÇÃO;;125011 (LV) 145474 (EN);;;;;;;E875201 – E875201;PLANO 7;;TRUE;0;1;15/11/2025;;27/10/2025;;;D158998;;LV + ENERGZ;N1 C/ TRF;TRUE;Energizada;GABRIEL;ER-CIND-POV-LAGOA DOS ALTOS-LAGOA DOS AL;;R$ 15.000,26;;
1171389;01/11/2025;SENHOR DO BONFIM;100,0%;100%;;;100%;;;;1;;2;;;1;-10.972847, -39.6469582;QLP;;;;;;;;10/11/2025;MARCELO;14/11/2025;;;;;;;;https://drive.google.com/file/d/1pOnvJrLKS_RAtkUhAbLzq0UKjn612N0c/view?usp=drive_link;;;Pendente;QUEIMADAS;;LV 134716                 146639 EN;;;;;;;E903367 – E903367;PLANO 14;;TRUE;0;1;15/11/2025;;10/11/2025;;;E088017;Sim;LV + ENERGZ;N1;TRUE;Energizada;GABRIEL;ER-CIND-FAZ-SANTA MARIA 2-RURAL;;R$ 21.151,54;;
1168806;01/11/2025;SENHOR DO BONFIM;100,0%;100%;;;100%;;;;1;;1;;;1;-10,1845895, -40,8966678;PRIORIDADE PLANO ANEEL;;;;;;;;;ISRAEL;14/11/2025;;;;;;;;https://drive.google.com/file/d/1FUMDq-bUdK8-BLdnwQeSZEVh0g0Cgm-w/view?usp=drive_link;;;Pendente;CAMPO FORMOSO;;124783 (LV) 145861 (EN);;;;;;;E875184 – E875184;PLANO 7;;TRUE;0;1;15/11/2025;;27/10/2025;;;Q024911;;LV + ENERGZ;N1 C/ TRF;TRUE;Energizada;JOAO;ER-CIND-POV-PATOS 3-URBANO;;R$ 24.982,67;;
1149566;01/11/2025;SENHOR DO BONFIM;100,0%;100%;;;100%;;;;1;;1;;;1;-10,4666449, -39,2706592;PRIORIDADE PLANO ANEEL;;;;;;;;;OSMAR;19/11/2025;;;;;;;;https://drive.google.com/file/d/16vhzvlqzctwCDMbRAV9FK_aQisV0zVJb/view?usp=drive_link;;;;MONTE SANTO;;(EN) 127208 LV- 148290;;;;;;;E875152 – E875153;PLANO 7;;TRUE;0;1;22/11/2025;;20/10/2025;;;A249948;;LV + ENERGZ;N1 C/ TRF;TRUE;Energizada;GABRIEL;ER-CIND-POV-LAGE-RURAL;;R$ 21.269,92;;
1148616;01/11/2025;SENHOR DO BONFIM;0,0%;100%;;;100%;;;;;;1;;;1;-10,4752186, -39,3080912;PRIORIDADE PLANO ANEEL;;;;;;;;;OSMAR;20/11/2025;;;;;;;;https://drive.google.com/file/d/1TqaAjnC2mF93Ls2xR-UZjEIBVRJEP98O/view?usp=drive_link;;;;MONTE SANTO;;(EN) 127095 LV- 148436;;;Detonar ou KLC;;;;E875154 – E875154;PLANO 7;;TRUE;0;1;22/11/2025;;27/10/2025;;;D394972;;LV + ENERGZ;N1 C/ TRF;TRUE;Energizada;GABRIEL;ER-CIND-FAZ-PEDRA-RURAL;;R$ 21.323,67;;
1195746;01/11/2025;SENHOR DO BONFIM;0,0%;600%;;;100%;;;;0;;0;;;6;-10.5225184, -39.8935192;PRIORIDADE PLANO ANEEL;;;;;;;;08/11/2025;JEFFERSON;;;;;;;;;https://drive.google.com/file/d/1golgVNuVF1bgKr1Fhr5Lg4dkgWOaFZfH/view?usp=drive_link;;;;ITIÚBA;;139340 EN 140637 LV;;;JA LOCADO KLC;;;;E903310 – E903310;PLANO 7;;TRUE;0;1;22/11/2025;;17/11/2025;;;Q069803;Sim;LV + ENERGZ;TRAFO;TRUE;Energizada;GABRIEL;ER-CCOL-POV-PONTA BAIXA 1228-A-RURAL;;R$ 23.110,29;;
1210023;01/11/2025;SENHOR DO BONFIM;0,0%;0%;;;100%;;;;;;0;;;0;-10.408354, -39.310426;PRIORIDADE PLANO ANEEL;;;;;;;;17/11/2025;JOSE;;;;;;;;;https://drive.google.com/file/d/1BnDs2D5aOmlbplWfox5ZEnzS3bIKwHj4/view?usp=drive_link;;;;MONTE SANTO;;LV 140042     144134 EN;;;KLC ou detonação;;;;E903361 – E903362;PLANO 7;;TRUE;0;1;22/11/2025;;17/11/2025;;;D239683;Solicitado;LV+ENERGZ;N1/TRAFO;;Energizada;GABRIEL;ER-CIND-FAZ- POCO DANTAS 856-PEDRA VERME;;R$ 14.287,18;;
1198090;01/11/2025;SENHOR DO BONFIM;100,0%;0%;;;100%;;;;1;;1;;;0;-10.6520489, -39.7119756;PRIORIDADE PLANO ANEEL;;;;;;;;08/11/2025;JEFFERSON;10/11/2025;;;;;;;;https://drive.google.com/file/d/1lm4Or16slzL-KVk6huWTAwsxxLHwuSYJ/view?usp=drive_link;;;Realizado;CANSANÇÃO;;143805 BT;;;;;;;0;PLANO 14;;TRUE;0;1;15/11/2025;;03/11/2025;;;B087388;Sim;BT;;TRUE;Energizada;GABRIEL;ER-CIND-FAZ-ROCHA-RURAL;;R$ 4.904,50;;
1215542;01/11/2025;SENHOR DO BONFIM;100,0%;0%;;;100%;;;;1;;1;;;0;-10.7545483, -39.8827815;PRIORIDADE PLANO ANEEL;;;;;;;;10/11/2025;GESONI;10/11/2025;;;;;;;;https://drive.google.com/file/d/1KrrTsGQGiSKJ1HsCMeIF_IKqnwXFg_Ov/view?usp=drive_link;;;;ITIÚBA;;139257 BT;;;;;;;E903370 – E903370;PLANO 7;;TRUE;0;1;15/11/2025;;10/11/2025;;;D069799;Sim;BT;;TRUE;Energizada;JOAO;ER-CIND-POV-CERCADINHO-RURAL;;R$ 2.071,52;;
1179876;01/11/2025;SENHOR DO BONFIM;100,0%;100%;;;100%;;;;1;;2;;;1;-10.8250099, -39.4247838;QLP;;;;;;;;12/11/2025;MARCELO;21/11/2025;;;;;;;;https://drive.google.com/file/d/15f5sQa4njChDcBmYL4H6Ssl0gZzG5Rbz/view?usp=drive_link;;;;NORDESTINA;;135355 BT;;Pendente cabo 3x35;;;;;E903373 – E903373;PLANO 7;;TRUE;0;1;22/11/2025;;17/11/2025;;;D920911;Sim;BT;;TRUE;Energizada;GABRIEL;UB-CIND-RUA-NICANOR AMABAHY-CENTRO;;R$ 7.858,69;;
1198739;01/11/2025;SENHOR DO BONFIM;100,0%;100%;;;100%;;;;1;;1;;;1;-10.4330598, -39.325867;PRIORIDADE PLANO ANEEL;;;;;;;;17/11/2025;JOSE;18/11/2025;;;;;;;;https://drive.google.com/file/d/18o9rTBHvAZom8DsetWZdEIE9sazpR8KU/view?usp=drive_link;;;;MONTE SANTO;;135527 BT;;Pendente cabo 3x35;;;;;E903374 – E903374;PLANO 7;;TRUE;0;1;22/11/2025;;17/11/2025;;;D660005;Solicitado;BT;;;Energizada;GABRIEL;UB-CIND-RUA-DEMOSTENES BARRETO-CENTRO;;R$ 6.302,10;;
1199287;01/11/2025;SENHOR DO BONFIM;100,0%;100%;;;100%;;;;1;;1;;;1;-10.4728459, -39.395173;PRIORIDADE PLANO ANEEL;;;;;;;;17/11/2025;JOSE;18/11/2025;;;;;;;;https://drive.google.com/file/d/1avv9wHkzzo7iGL2q1XA8BFv3Vj8jZ3mT/view?usp=drive_link;;;;MONTE SANTO;;135528 BT;;Previsão de conclusão para 18/11;;;;;E903375 – E903375;PLANO 14;;TRUE;0;1;22/11/2025;;17/11/2025;;;D685810;Solicitado;BT;;;Energizada;GABRIEL;ER-CIND-POV-CURRAL VELHO-RUR-MONTE SANTO;;R$ 5.681,17;;
1198444;01/11/2025;SENHOR DO BONFIM;100,0%;100%;;;100%;;;;1;;1;;;1;-10.3339535, -40.6177873;PRIORIDADE PLANO ANEEL;;;;;;;;19/11/2025;ISRAEL;21/11/2025;;;;;;;;https://drive.google.com/file/d/1EBngDEluOD-6drViWeqyPV8ouPHG8G3u/view?usp=drive_link;;;;CAMPO FORMOSO;;137117 BT;;;;;;;E903368 – E903368;PLANO 7;;TRUE;0;1;22/11/2025;;17/11/2025;;;Q063930;;BT;;FALSE;Energizada;JOAO;ER-CIND-POV-LAGOA DO PORCO-RURAL;;R$ 5.489,19;;
1163666;01/11/2025;SENHOR DO BONFIM;100,0%;100%;;;100%;;;;1;;1;;;1;-10.5016733, -40.402421;AIC AUDITORIA;;;;;;;;12/11/2025;ISRAEL;;;;;;;;;https://drive.google.com/file/d/1BY58kxqjeoAeWWzyDVEOxdTMPwljHnvj/view?usp=drive_link;;;;CAMPO FORMOSO;;137054 BT;;;;;;;E903403;PLANO 7;;TRUE;0;1;22/11/2025;;17/11/2025;;;Q061925;Sim;BT;;TRUE;Energizada;JOAO;ER-CIND-RUA-BELA VISTA-POCOS;;R$ 6.785,27;;
1195701;01/11/2025;SENHOR DO BONFIM;0,0%;200%;;;100%;;;;;;1;;;2;-10.6279916, -39.908117;PRIORIDADE PLANO ANEEL;;;;;;;;17/11/2025;JEFFERSON;27/11/2025;;;;;;;;https://drive.google.com/file/d/12_rcIvHiuoSRinSamTc5hTKwKKdJya84/view?usp=drive_link;;;;ITIÚBA;;138299 BT;;;precisa da KLC;;;;E903371 – E903371;PLANO 14;;TRUE;0;1;29/11/2025;;24/11/2025;;;Q069888;Solicitado;BT;;;Energizada;GABRIEL;ER-CIND-RUA-PONTILHAO-CENTRO - PICOS;;R$ 8.387,51;;
1148717;01/11/2025;SENHOR DO BONFIM;100,0%;100%;;;100%;;;;1;;1;;;1;-11,0102411, -39,673026;PRIORIDADE PLANO ANEEL;;;;;;;;;MARCELO;21/11/2025;;;;;;;;https://drive.google.com/file/d/1cYkIJgaRRFhfKUBTqgH_ueFQWVUTJ6la/view?usp=drive_link;;;Pendente;QUEIMADAS;;124420 (EN) LV- 148948;;Programar LV;;;123296;;E875241 – E875241;PLANO 7;;TRUE;0;1;15/11/2025;;20/10/2025;;;D565953;;LV + ENERGZ;N1 C/ TRF;TRUE;Energizada;GABRIEL;ER-CIND-POV-LAGINHA-RURAL;;R$ 18.416,88;;
1198495;01/11/2025;SENHOR DO BONFIM;100,0%;200%;;;100%;;;;1;;0;;;2;-10.674412, -39.460124;PRIORIDADE PLANO ANEEL;;;;;;;;10/11/2025;ANAILTON;11/11/2025;;;;;;;;https://drive.google.com/file/d/1B4s0IgIhKuwh5Mn2y209ESSlswTRtHiH/view?usp=drive_link;;;Realizado;CANSANÇÃO;;135180 BT;;;;;;;E903334 – E903335;PLANO 7;;TRUE;0;1;22/11/2025;;17/11/2025;;;Q099631;Sim;BT;;TRUE;Energizada;GABRIEL;ER-CIND-POV-CAPOEIRA-RURAL;;R$ 9.198,18;;
1217384;01/11/2025;SENHOR DO BONFIM;100,0%;100%;;;100%;;;;;;1;;;0;-10.3773752, -40.1006744;PRIORIDADE PLANO ANEEL;;;;;;;;18/11/2025;REGINALDO;22/11/2025;;;;;;;;https://drive.google.com/file/d/11jkdVOTBvtIuu3yR3PmY3yqlnV75rmM-/view?usp=drive_link;;;;SENHOR DO BONFIM;;LV 142555;;;;;;;E875681 – E875681;PLANO 7;;TRUE;0;0;29/11/2025;;24/11/2025;;;Q043850;Solicitado;LV;N1/TRAFO;;Energizada;JOAO;ER-CIND-FAZ-ANJO-RURAL;;R$ 22.518,58;;
1217245;01/11/2025;SENHOR DO BONFIM;100,0%;100%;;;100%;;;;;;1;;;0;-9.9784184, -40.1474094;PRIORIDADE PLANO ANEEL;27/11/2025;;;;;;;18/11/2025;ALDAIR;;;;;;;;;https://drive.google.com/file/d/1h4-vyBO3IbiM3JMBRWiWuOcsk5EAhm1S/view?usp=drive_link;;;;JAGUARARI;;LV 145281;;FALTA TRAFO;;;145071;;0;PLANO 7;;TRUE;0;0;29/11/2025;;24/11/2025;;;B494623;Solicitado;LV;;;Energizada;JOAO;ER-CIND-POV-S O MIGUEL-RURAL;;R$ 12.944,06;;
1194404;01/11/2025;SENHOR DO BONFIM;100,0%;100%;;;100%;;;;;;1;;;0;-10.9129082, -39.8416527;PRIORIDADE PLANO ANEEL;29/11/2025;;;;;;;17/11/2025;MARCELO;;;;;;;;;https://drive.google.com/file/d/1PnH_-O-pGUMPUODFhoTf_0dU2rGsb5T7/view?usp=drive_link;;;;ITIÚBA;;;FALSE;Saque dia 17/11, material não sacado ;;;146973 (PRECISA DE ACORDO);;0;PLANO 7;;TRUE;0;0;29/11/2025;;24/11/2025;;;Q055596;Solicitado;DESL;;;Energizada;GABRIEL;AC-CIND-POV-VARZEA COMPRIDA-RURAL;;R$ 33.946,55;;
1185448;01/11/2025;SENHOR DO BONFIM;100,0%;100%;;;100%;;;;;;1;;;1;-10.4723862, -40.5427325;PRIORIDADE PLANO ANEEL;;;;;;;;19/11/2025;EDVALDO;26/11/2025;;;;;;;-10.8421072;https://drive.google.com/file/d/1uR97eSJfizjlwACFSm6L-7a13iZFtQga/view?usp=drive_link;;-39.308;;CAMPO FORMOSO;;137059 BT 142632 LV;;;;;;;E903269 – E903269;PLANO 7;;TRUE;0;0;22/11/2025;;17/11/2025;;;Q063543;;ENERG;N1/TRAFO;FALSE;Energizada;JOAO;ER-CIND-POV-TIQUARA -RURAL;;R$ 21.221,45;;
1157179;01/11/2025;SENHOR DO BONFIM;0,0%;4,761904762%;;;0%;;;;;;0;;;3;;QLP;;;;;;;;;;;;;;;;;;;;;;SENHOR DO BONFIM;;;;;;;;;E903189 – E903189;PLANO 7;;;22;63;;;;;;;;;;;Paralisada;;IT GRUA AG CANDIDO FONSECA RURAL;;R$ 1.706.478,98;;
1172674;01/11/2025;SENHOR DO BONFIM;100,0%;100%;;;100%;;;;;;1;;;1;-10.1559336, -39.5542258;QLP;;;;;;;;17/11/2025;OSMAR;22/11/2025;;;;;;;;https://drive.google.com/file/d/1OS33s5jhwTm-CuzXvxvCk4YqpO6OHkdh/view?usp=drive_link;;;;MONTE SANTO;;BT 127161 LV-148683;;"Executar no mesmo dia da obra ""POV-FLORES""";;;;;E903365 – E903365;PLANO 14;;TRUE;0;0;22/11/2025;;17/11/2025;;;D108759;Solicitado;LV+BT;N1;;Energizada;GABRIEL;ER-CIND-FAZ-PACIENCIA-PACIENCIA;;R$ 7.978,71;;
1157055;01/11/2025;SENHOR DO BONFIM;0,0%;0%;;;0%;;;;;;1;;;0;;GRUPO A;;;;;;;;;;;;;;;;;;;;;;SENHOR DO BONFIM;;;;;;;;;;PLANO 7;;;0;86;;;;;;;;;;;Paralisada;;IT-GRUA-RO BA 220-RURAL;;R$ 1.679.249,18;;
1198094;01/11/2025;SENHOR DO BONFIM;100,0%;100%;;;100%;;;;0;;1;;;0;-10.894458, -39.556127;PRIORIDADE PLANO ANEEL;;;;;;;;10/11/2025;MARCELO;11/11/2025;;;;;;;;https://drive.google.com/file/d/17i8YK8vKscU-vpwjKOERRhp8wPSiz4oC/view?usp=drive_link;;;;QUEIMADAS;;134700 BT;;;;;;;0;PLANO 14;;TRUE;0;0;15/11/2025;;10/11/2025;;;D367990;Sim;BT;;TRUE;Energizada;GABRIEL;ER-CIND-FAZ-PAU FERRO-PAU FERRO;;R$ 2.607,40;;
1198067;01/11/2025;SENHOR DO BONFIM;100,0%;100%;;;100%;;;;0;;1;;;0;-10.78111, -39.625564;PRIORIDADE PLANO ANEEL;;;;;;;;10/11/2025;MARCELO;11/11/2025;;;;;;;;https://drive.google.com/file/d/1GM9gqZ9pkzHsSkqa8cLB1GFoyzPtGjTA/view?usp=drive_link;;;;QUEIMADAS;;134692 BT;;;;;;;0;PLANO 14;;TRUE;0;0;15/11/2025;;10/11/2025;;;D159343;Sim;BT;;TRUE;Energizada;GABRIEL;ER-CIND-POV-PAU DE COLHER-PAU DE COLHER;;R$ 1.604,11;;
1213219;01/12/2025;SENHOR DO BONFIM;;50%;;TRUE;100%;;;;2;;2;;;1;-10,0836703, -40,7902851;PRIORIDADE PLANO ANEEL;;;TRUE;;;;;04/12/2025;EDVALDO;04/12/2025;;;;;;;;https://drive.google.com/file/d/14eWefw9sXMaUgLTNvnXjgh2X7WiVv5CI/view?usp=drive_link;;;;CAMPO FORMOSO;;155445 BT;;ENERGIZADA;;;;;E903485 – E903486;PLANO 14;;TRUE;;2;06/12/2025;;08/12/2025;;;Q025192;;BT;;;Energizada;JOAO;ER-CIND-FAZ-BREJO DO TAMANDUA 360-RURAL;;R$ 14.142,08;;
1216576;01/12/2025;SENHOR DO BONFIM;;100%;;TRUE;100%;;;;2;;1;;;2;-10,1695737, -39,9124873;INSTITUCIONAL;;;TRUE;;;;;04/12/2025;EDVALDO;04/12/2025;;;;;;;;https://drive.google.com/file/d/11ZfkQxmyFlXHgT-bUjNWxoFDkZ0vkei_/view?usp=drive_link;;;;CAMPO FORMOSO;;155427 BT;;ENERGIZADA;;;;;E903487 – E903488;PLANO 7;;TRUE;;2;06/12/2025;;01/12/2025;;;D014317;;BT;;;Energizada;JOAO;UB-CIND-RUA-DA CHACARA 46-ESPLANADA;;R$ 14.214,02;;
1195376;01/12/2025;SENHOR DO BONFIM;;0%;;TRUE;100%;;;;4;;1;;;0;-10,3068135, -39,7757301;QLP;;;TRUE;;;;;04/12/2025;JOILSON;05/12/2025;;;;;;;;https://drive.google.com/file/d/1nvin3ZBBreRLcwqETWqtlY2iq48vkRV_/view?usp=drive_link;;;;SENHOR DO BONFIM;;157325 BT;;ENERGIZADA;;;;;E903547 – E903550;PLANO 7;;TRUE;;4;06/12/2025;;01/12/2025;;;D027915;;BT;;;Energizada;JOAO;UB-CIND-TRV-URUGUAI-ALTO DO CIGANO;;R$ 19.810,30;;
1209497;01/12/2025;SENHOR DO BONFIM;;#DIV/0!;;TRUE;100%;;;;0;;1;;;0;-10,0808017, -40,754031;PRIORIDADE PLANO ANEEL;;;FALSE;;;;05/dez;04/12/2025;OSMAR;05/12/2025;;;;;;;;https://drive.google.com/file/d/1Ul3jyXCCFMu_QUENHehCL8gXr1RDHi93/view?usp=drive_link;;;;MONTE SANTO;;;;ENERGIZADA;;;149358;;0;PLANO 7;;TRUE;;0;06/12/2025;;01/12/2025;;;Q024111;;DESL;;;Energizada;GABRIEL;ER-CIND-POV-LAGOA DO SACO-RURAL;;R$ 1.135,38;;
1211197;01/12/2025;SENHOR DO BONFIM;;#DIV/0!;;TRUE;100%;;;;0;;1;;;0;-10,6535569, -39,5091324;PRIORIDADE PLANO ANEEL;;;FALSE;;;;;04/12/2025;OSMAR;05/12/2025;;;;;;;;https://drive.google.com/file/d/1O9EdgDi5Zom7p53aPOAasLZmsoARWeYF/view?usp=drive_link;;;;MONTE SANTO;;154606 BT;;ENERGIZADA;;;;;0;PLANO 14;;TRUE;;0;06/12/2025;;01/12/2025;;;B512098;;BT;;;Energizada;GABRIEL;ER-CIND-POV-LAGE DE DENTRO-S ANTONIO;;R$ 2.064,80;;
1200560;01/12/2025;SENHOR DO BONFIM;;0%;;TRUE;100%;;;;3;;1;;;0;-10,7937064, -39,4086477;INSTITUCIONAL;;;FALSE;;;;;04/12/2025;WAGNER;05/12/2025;;;;;;;;https://drive.google.com/file/d/1e6hborqdoTiXauhNikIr5DkZq-Xizw8P/view?usp=drive_link;;;;JAGUARARI;;155502 BT;;ENERGIZADA;;;;;E903457 – E903457;PLANO 7;;TRUE;;3;06/12/2025;;02/12/2025;;;D579386;;BT;;;Energizada;JOAO;UB-CIND-POV-MATA FUNDA-ARTUR GONCALVES;;R$ 6.792,20;;
1216143;01/12/2025;SENHOR DO BONFIM;;#DIV/0!;;FALSE;100%;;;;;;1;;;0;-10,3447027, -39,833628;GOVERNO;;;FALSE;;;;22/dez;04/12/2025;OSMAR;;;;;;;;;https://drive.google.com/file/d/1upyEJCYV6Plq7-XjoRF1LeshqK8AxNgP/view?usp=drive_link;;;;MONTE SANTO;;;;FALTA TRAFO 210446 3-75. PRECISA DESLIGAMENTO;;;157210;;0;PLANO 7;;TRUE;;0;06/12/2025;;01/12/2025;;;Q097286;;DESL;;;NÃO DEFINIDO;GABRIEL;ER-CIND-POV-MANDASSAIA-RURAL;;R$ 21.535,59;;
1060677;01/12/2025;SENHOR DO BONFIM;;100%;;TRUE;100%;;;;1;;1;;;1;-10,519236, -39,5719243;PRIORIDADE PLANO ANEEL;;;TRUE;;;;;08/12/2025;ALDAIR;05/12/2025;;;;;;;;https://drive.google.com/file/d/1YqFWPZ9XmxGDafwX-EFfOLnSDBnECcgt/view?usp=drive_link;;;;ANDORINHAS;;152806 BT;;ENERGIZADA;;;;;E903441 – E903441;PLANO 14;;TRUE;;1;06/12/2025;;01/12/2025;;;D176660;;BT;;;Energizada;GABRIEL;ER-CIND-POV-CACHOEIRA-ANDORINHA;;R$ 2.393,07;;
1168472;01/12/2025;SENHOR DO BONFIM;;100%;;TRUE;100%;;;;1;;1;;;1;-10,7327223, -39,9398931;QLP;;;FALSE;;;;;04/12/2025;ANAILTON;06/12/2025;;;;;;;;https://drive.google.com/file/d/1VVDaIKto3SkqcWF-jXAvtx1gZE8STlxi/view?usp=drive_link;;;;CANSANÇÃO;;155468 BT;;ENERGIZADA;;;;;E903447 – E903447;PLANO 7;;TRUE;;1;06/12/2025;;01/12/2025;;;D572237;;BT;;;Energizada;GABRIEL;ER-CIND-FAZ-BOA ESPERANCA-AROEIRA;;R$ 8.953,72;;
1162133;01/12/2025;SENHOR DO BONFIM;;50%;;TRUE;100%;;;;2;;1;;;1;-10,4634578, -40,1959387;QLP;;;FALSE;;;;;04/12/2025;ANAILTON;08/12/2025;;;;;;;;https://drive.google.com/file/d/1Ilhh29BvGloJLPKjlh8X0t_HjoXHBVCs/view?usp=drive_link;;;;CANSANÇÃO;;155460 BT;;ENERGIZADA;;;;;E903489 – E903490;PLANO 7;;TRUE;;2;06/12/2025;;01/12/2025;;;D533644;;BT;;;Energizada;GABRIEL;ER-CIND-POV-DO CEDRO 89-CEDRO;;R$ 17.547,80;;
1203366;01/12/2025;SENHOR DO BONFIM;;100%;;TRUE;100%;;;;5;;1;;;5;-10,6652199, -39,7503105;PRIORIDADE PLANO ANEEL;;;FALSE;;;;;08/12/2025;JEFFERSON;08/12/2025;;;;;;;;https://drive.google.com/file/d/199TQId0Fic-wZtYD78Gc8XqiuVw0h0A8/view?usp=drive_link;;;;MONTE SANTO;;154547 BT;;ENERGIZADA;;;;;E875423 - E875427;PLANO 14;;TRUE;;5;13/12/2025;;08/12/2025;;;D687381;;BT;;;Energizada;GABRIEL;ER-CIND-FAZ-CACIMBAS-RURAL - ALTO ALEGRE;;R$ 28.029,56;;
1211105;01/12/2025;SENHOR DO BONFIM;;100%;;TRUE;100%;;;;5;;1;;;5;-10,39105, -39,23177;PRIORIDADE PLANO ANEEL;;;FALSE;;;;;08/12/2025;OSMAR;08/12/2025;;;;;;;;https://drive.google.com/file/d/1bClmOkc0vO7w2M5RLUdKylKowOit6gm3/view?usp=drive_link;;;;MONTE SANTO;;154559 BT;;ENERGIZADA;;;;;E875433 - E875437;PLANO 14;;TRUE;;5;13/12/2025;;08/12/2025;;;B911856;;BT;;;Energizada;GABRIEL;ER-CIND-FAZ-CAIX O-RURAL;;R$ 28.969,19;;
1195304;01/12/2025;SENHOR DO BONFIM;;0%;;TRUE;100%;;;;1;;1;;;0;-10,4582815, -39,1611494;PRIORIDADE PLANO ANEEL;;;TRUE;;;;;05/12/2025;JAIRO BATISTA;08/12/2025;;;;;;;;https://drive.google.com/file/d/1qxj2CAOJAl_X0tCtGyMD-Pd6BxC_vVNG/view?usp=drive_link;;;;SENHOR DO BONFIM;;LV-149938          152620 BT;;ENERGIZADA;;;;;E903466 – E903466;PLANO 7;;TRUE;;1;13/12/2025;;08/12/2025;;;D287684;;LV + BT;1 N1;;Energizada;JOAO;ER-CIND-POV-ANJO-RURAL;;R$ 10.350,16;;
1169729;01/12/2025;SENHOR DO BONFIM;;100%;;TRUE;100%;;;;2;;1;;;2;-10,4444659, -40,1858723;QLP;;;TRUE;;;;09/dez;08/12/2025;ALDAIR;09/12/2025;;;;;;;;https://drive.google.com/file/d/1PPgwtIFgqUJVpYBEtIBlzN3M11pOed9Q/view?usp=drive_link;;;;ANDORINHAS;;LV-150823                152785 BT;;ENERGIZADA;;;149360;;E903469 – E903470;PLANO 7;;TRUE;;2;13/12/2025;;08/12/2025;;;D912764;;LV + BT;N1;;Energizada;GABRIEL;ER-CIND-FAZ-S O GONCALO-RURAL;;R$ 18.492,73;;
1190993;01/12/2025;SENHOR DO BONFIM;;100%;;TRUE;100%;;;;2;;1;;;2;-10,3910533, -39,2317781;RECLAMAÇÃO;;;TRUE;;;;;08/12/2025;ALDAIR;09/12/2025;;;;;;;;https://drive.google.com/file/d/1MtLEAVNpsRGLZW9urp-Oc5K4xyrVHPkx/view?usp=drive_link;;;;ANDORINHAS;;152820 BT;;ENERGIZADA;;;;;E903473 – E903474;PLANO 7;;TRUE;;2;08/12/2025;;08/12/2025;;;D724197;;BT;;;Energizada;GABRIEL;ER-CIND-POV-LAGEDOS-RURAL;;R$ 9.333,97;;
1163011;01/12/2025;SENHOR DO BONFIM;;100%;;TRUE;100%;;;;2;;1;;;2;-10,3926828, -40,5671371;QLP;;;FALSE;;;;09/dez;08/12/2025;ANAILTON;09/12/2025;;;;;;;;https://drive.google.com/file/d/1miMAFbHEEH9sYNYw454Mi5A6xid_8fzR/view?usp=drive_link;;;;CANSANÇÃO;;LV-151536                155620 BT;;ENERGIZADA;;;149359;;E903495 – E903496;PLANO 14;;TRUE;;2;13/12/2025;;08/12/2025;;;D028117;;LV + BT;2 N1;;Energizada;GABRIEL;ER-CIND-POV-JATOBA-RURAL;;R$ 17.185,92;;
1212217;01/12/2025;SENHOR DO BONFIM;;0%;;TRUE;100%;;;;2;;2;;;0;-10,45828, -39,16114;PRIORIDADE PLANO ANEEL;;;FALSE;;;;;08/12/2025;JEFFERSON;09/12/2025;;;;;;;;https://drive.google.com/file/d/1aSRqqpk9TlcSJREgnSPLjgzobuwTiTP-/view?usp=drive_link;;;;MONTE SANTO;;154588 BT;;ENERGIZADA;;;;;E903509 – E903510;PLANO 14;;TRUE;;2;13/12/2025;;08/12/2025;;;E419859;;BT;;;Energizada;GABRIEL;ER-CIND-POV-CONTENDAS-RURAL;;R$ 11.562,19;;
1168652;01/12/2025;SENHOR DO BONFIM;;92,85714286%;;TRUE;100%;;;;14;;1;;;13;;QLP;;;FALSE;;;;;;MARCELO;09/12/2025;;;;;;;;;;;;NORDESTINA;;156931 EN 145533 LV;FALSE;ENERGIZADA;;;;;;PLANO 7;;TRUE;;14;15/12/2025;;15/12/2025;;;;;LV + ENERGZ;;TRUE;Energizada;GABRIEL;ER-CIND-FAZ-TRINDADE-RURAL;;R$ 25.858,13;;FALSE
1212280;01/12/2025;SENHOR DO BONFIM;;100%;;TRUE;100%;;;;1;;1;;;1;-10,5080685, -39,2049433;PRIORIDADE PLANO ANEEL;;;FALSE;;;;;08/12/2025;OSMAR;09/12/2025;;;;;;;;https://drive.google.com/file/d/1iaReyDZbmnRPRA4oMByw9SKmsDgjWg2n/view?usp=drive_link;;;;MONTE SANTO;;154602  BT;;ENERGIZADA;;;;;E903459 – E903459;PLANO 14;;TRUE;;1;13/12/2025;;08/12/2025;;;D019017;;BT;;;Energizada;GABRIEL;ER-CIND-POV-CAIXAO-RURAL;;R$ 6.959,22;;
1212309;01/12/2025;SENHOR DO BONFIM;;100%;;TRUE;100%;;;;1;;1;;;1;-10,25303, -39,46806;GOVERNO;;;FALSE;;;;;04/12/2025;OSMAR;10/12/2025;;;;;;;;https://drive.google.com/file/d/1TeaY42sKnRJFdRnihRLL-D9Ne5x3TEqt/view?usp=drive_link;;;;MONTE SANTO;;154621 BT;;ENERGIZADA;;;;;0;PLANO 7;;TRUE;;1;06/12/2025;;01/12/2025;;;E301719;;BT;;;Energizada;GABRIEL;ER-CIND-POV ITAPICURU-RURAL;;R$ 6.290,54;;
1182601;01/12/2025;SENHOR DO BONFIM;;100%;;TRUE;100%;;;;2;;1;;;2;-10,8256707, -39,4362819;PRIORIDADE PLANO ANEEL;;;TRUE;;;;;08/12/2025;ALDAIR;10/12/2025;;;;;;;;https://drive.google.com/file/d/1NnG2MZw-8IQStYqeGz02U47VLYUHVWva/view?usp=drive_link;;;;ANDORINHAS;;LV-150959           152821 BT;;ENERGIZADA;;;;;E903471 – E903472;PLANO 7;;TRUE;;2;13/12/2025;;08/12/2025;;;D131721;;LV + BT;2 N1;;Energizada;GABRIEL;ER-CIND-FAZ-SALGADO 9999-RURAL;;R$ 15.173,45;;
1213720;01/12/2025;SENHOR DO BONFIM;;100%;;TRUE;100%;;;;2;;1;;;2;-10,7056848, -39,955918;PRIORIDADE PLANO ANEEL;;;FALSE;;;;10/dez;08/12/2025;ANAILTON;10/12/2025;;;;;;;;https://drive.google.com/file/d/1y03McVr6b1oF1UOefVHQ_zROF7O_6aVe/view?usp=drive_link;;;;CANSANÇÃO;;LV-151688                  155628 BT;;ENERGIZADA;;;149364;;E903491 – E903492;PLANO 7;;TRUE;;2;13/12/2025;;08/12/2025;;;B248039;;LV + BT;2 N1;FALSE;Energizada;GABRIEL;ER-CIND-FAZ-LAGOA DO SERTAO-RURAL;;R$ 16.849,73;;
1162951;01/12/2025;SENHOR DO BONFIM;;100%;;TRUE;100%;;;;1;;1;;;1;-10,5061331, -40,4109759;QLP;;;FALSE;;;;10/dez;08/12/2025;MARCELO;10/12/2025;;;;;;;;https://drive.google.com/file/d/1kQmE9ps8o7G3GlqQwPQj_LTbzgjffVCn/view?usp=drive_link;;;;NORDESTINA;;;;ENERGIZADA;;;149366;;E903461 – E903461;PLANO 7;;TRUE;;1;13/12/2025;;08/12/2025;;;D182013;;LV;1 N1;;Energizada;GABRIEL;ER-CIND-POV-ANGICO I 174-RURAL;;R$ 5.345,95;;
1199790;01/12/2025;SENHOR DO BONFIM;;100%;;TRUE;100%;;;;2;;1;;;2;-9,9527432, -40,0411656;PRIORIDADE PLANO ANEEL;;;FALSE;;;;;04/12/2025;MARCELO;11/12/2025;;;;;;;;https://drive.google.com/file/d/1RVlfghPngmTULOg_OcgJJrP3EM45S125/view?usp=drive_link;;;;QUEIMADAS;;155540 BT;;ENERGIZADA;;;;;E903517 – E903518;PLANO 14;;TRUE;;2;06/12/2025;;01/12/2025;;;D279753;;BT;;;Energizada;GABRIEL;ER-CIND-POV-AROEIRA-RURAL;;R$ 8.948,54;;
1209496;01/12/2025;SENHOR DO BONFIM;;100%;;TRUE;100%;;;;1;;1;;;1;-10,654168 , -39,508692;PRIORIDADE PLANO ANEEL;;;FALSE;;;;11/dez;08/12/2025;ANAILTON;11/12/2025;;;;;;;;https://drive.google.com/file/d/19-zeNrfS9J3a22RQTTEbj7wQdrXEKQYA/view?usp=drive_link;;;;CANSANÇÃO;;LV-151515                  155639 BT;;ENERGIZADA;;;149367;;E903448 – E903448;PLANO 7;;TRUE;;1;13/12/2025;;08/12/2025;;;D803198;;LV + BT;1 N1;;Energizada;GABRIEL;ER-CIND-FAZ-BOA ESPERANCA-AROEIRA;;R$ 7.675,74;;
1202483;01/12/2025;SENHOR DO BONFIM;;100%;;TRUE;100%;;;;2;;1;;;2;-10,8661634, -39,4413791;PRIORIDADE PLANO ANEEL;;;TRUE;;;;;04/12/2025;ALDAIR;12/12/2025;;;;;;;;https://drive.google.com/file/d/17dSrB9Ztjfq3up0zC6XHtkkhwHq0xdkO/view?usp=drive_link;;;;ANDORINHAS;;152816 BT;;ENERGIZADA;;;;;E903475 – E903476;PLANO 14;;TRUE;;2;06/12/2025;;01/12/2025;;;D079637;;BT;;;Energizada;GABRIEL;ER-CIND-FAZ-TANQUE DAS VARAS-RURAL;;R$ 14.356,72;;
1210636;01/12/2025;SENHOR DO BONFIM;;100%;;TRUE;100%;;;;1;;1;;;1;-10,575572, -39,7765314;PRIORIDADE PLANO ANEEL;;;TRUE;;;;;08/12/2025;ALDAIR;12/12/2025;;;;;;;;https://drive.google.com/file/d/1EjUJo5q0tugwdvz0GU5nmJJFEhO2R-XR/view?usp=drive_link;;;;ANDORINHAS;;152817 BT;;ENERGIZADA;;;;;E903444 – E903444;PLANO 7;;TRUE;;1;06/12/2025;;01/12/2025;;;D688157;;BT;;;Energizada;GABRIEL;ER-CIND-ET-SOTEPLAN-RURAL;;R$ 6.083,29;;
1213819;01/12/2025;SENHOR DO BONFIM;;120%;;TRUE;100%;;;;5;;1;;;6;-10,7937, -39,40864;PRIORIDADE PLANO ANEEL;;;FALSE;;;;12/dez;08/12/2025;MARCELO;12/12/2025;;;;;;;;https://drive.google.com/file/d/18rcoXf_Wh56EH-e5dZRvCfVUEUPTLF_g/view?usp=drive_link;;;;NORDESTINA;;157685 BT;;ENERGIZADA;;;149375;;E903515 – E903516;PLANO 7;;TRUE;;5;13/12/2025;;08/12/2025;;;E609172;;LV + BT;2 N1;;Energizada;GABRIEL;ER-CIND-POV CALDEIRAO DO AMANCIO-RURAL;;R$ 25.880,44;;
1217438;01/12/2025;SENHOR DO BONFIM;;100%;;TRUE;100%;;;;1;;1;;;1;-10,3829779, -40,114232;PRIORIDADE PLANO ANEEL;;;FALSE;;;;;08/12/2025;OSMAR;12/12/2025;;;;;;;;https://drive.google.com/file/d/1EQvzaf7Q7WGOtpQVFkVUa2IuP36X1QA6/view?usp=drive_link;;;;MONTE SANTO;;LV-151709                  154508 BT;;ENERGIZADA;;;149623;;E903460 – E903460;PLANO 7;;TRUE;;1;20/12/2025;;15/12/2025;;;D250692;;LV + BT;;;Energizada;GABRIEL;UB-CIND-RUA-NOVA 9975-CENTRO;;R$ 6.969,21;;
1166593;01/12/2025;SENHOR DO BONFIM;;0%;;TRUE;100%;;;;1;;1;;;0;-10,4898858, -40,2960878;QLP;;;TRUE;;;;;09/12/2025;GESONI;12/12/2025;;;;;;;;https://drive.google.com/file/d/1eFo8DPDPVyDtVxvJbKuqtiNDGWd2HL99/view?usp=drive_link;;;;FILADÉLFIA;;LV-151335                   161663 BT;;ENERGIZADA;;;149499;;E903450 – E903450;PLANO 7;;TRUE;;1;20/12/2025;;15/12/2025;;;Q059936;;LV + BT;1 N1;;Energizada;JOAO;ER-CIND-POV-RURAL-COBRA;;R$ 11.310,25;;
1166295;01/12/2025;SENHOR DO BONFIM;;100%;;TRUE;100%;;;;2;;1;;;2;-10,4529673, -40,5616592;QLP;;;FALSE;;;;12/dez;08/12/2025;ANAILTON;12/12/2025;;;;;;;;https://drive.google.com/file/d/1B_DzCx-8GdFI18pQfnLkorZ2hH4WemZm/view?usp=drive_link;;;;CANSANÇÃO;;;;ENERGIZADA;;;149373;;E903497 – E903498;PLANO 7;;TRUE;;2;13/12/2025;;08/12/2025;;;D129136;;DESL;;;Energizada;GABRIEL;ER-CIND-FAZ-BOA ESPERANCA-AROEIRA;;R$ 23.319,62;;
1215301;01/12/2025;SENHOR DO BONFIM;;100%;;TRUE;100%;;;;2;;1;;;2;-10,9860798, -39,7808555;PRIORIDADE PLANO ANEEL;;;TRUE;;;;;04/12/2025;GESONI;13/12/2025;;;;;;;;https://drive.google.com/file/d/1RInqK-INw-h2UfvOBpa8hBDA1bs49gW_/view?usp=drive_link;;;;ITIÚBA;;155477 BT;;ENERGIZADA;;;;;0;PLANO 7;;TRUE;;2;06/12/2025;;01/12/2025;;;D250323;;BT;;TRUE;Energizada;JOAO;ER-CIND-RUA-DO PREDIO VELHO 55-RURAL;;R$ 16.584,77;;
1174706;01/12/2025;SENHOR DO BONFIM;;0%;;TRUE;100%;;;;1;;0;;;0;-10,8250703, -39,4204915;QLP;;;TRUE;;;;;09/12/2025;GESONI;13/12/2025;;;;;;;;https://drive.google.com/file/d/1Uh8qu9M0E4tRiiv8LuAkIFNM2ef6DWjC/view?usp=drive_link;;;;FILADÉLFIA;;157785 BT;;ENERGIZADA;;;;;E903451 – E903451;PLANO 7;;TRUE;;1;31/12/2025;;29/12/2025;;;D763195;;BT;;;Energizada;JOAO;UB-CIND-RUA-ALVINO MAIA-CENTRO;;R$ 6.633,95;;
1162903;01/12/2025;SENHOR DO BONFIM;;0%;;TRUE;50%;;;;2;;0;;;0;-9,83753, -39,99548;GOVERNO;;;TRUE;;;;09/12;08/12/2025;REGINALDO;16/12/2025;;;;;;;;https://drive.google.com/file/d/1tpeNHl9E1QM-1X8DLD5_fyqVISpJZpqh/view?usp=drive_link;;;Realizado;JAGUARARI;;;;ENERGIZADA;;;155675;;E903456 – E903456;PLANO 7;;TRUE;;2;19/12/2025;;03/12/2025;;;E005588;;DESL + LV;;;Energizada;JOAO;AC-CIND-ET-ADUTORA M CARAIBA-RURAL;;R$ 69.738,95;;
1201171;01/12/2025;SENHOR DO BONFIM;;0%;;FALSE;100%;;;;7;;1;;;0;-10,5372411, -39,28217;PRIORIDADE PLANO ANEEL;;;FALSE;;;;;09/12/2025;WAGNER;16/12/2025;;;;;;;;https://drive.google.com/file/d/1mrzYHsyBppkgDPsZ8QdQbeeNcMxlxtiC/view?usp=drive_link;;;;JAGUARARI;;159153 BT;;ENERGIZADA;;;;;E875132 – E875138;PLANO 14;;TRUE;;7;20/12/2025;;15/12/2025;;;Q109366;;BT;;;Energizada;JOAO;ER-CIND-POV-FLAMENGO 40-RURAL;;R$ 35.023,09;;
1196433;01/12/2025;SENHOR DO BONFIM;;100%;;TRUE;100%;;;;9;;1;;;9;-10,9511647, -39,3654715;QLP;;;FALSE;;;;;15/12/2025;ANAILTON;16/12/2025;;;;;;;;https://drive.google.com/file/d/19SlkVkrqVCjasPyOhVz2RUYfH4B8lnSB/view?usp=drive_link;;;;CANSANÇÃO;;161639 BT;;ENERGIZADA;;;;;E875408-E875417;PLANO 14;;TRUE;;9;23/12/2025;;15/12/2025;;;D228059;;BT;;;Energizada;GABRIEL;ER-CIND-POV-LAGOA DO JANUARIO-CENTRO;;R$ 71.099,44;;
1200552;01/12/2025;SENHOR DO BONFIM;;100%;;TRUE;100%;;;;2;;1;;;2;-10,5364847, -40,1030945;PRIORIDADE PLANO ANEEL;;;FALSE;;;;17/dez;08/12/2025;JEFFERSON;17/12/2025;;;;;;;;https://drive.google.com/file/d/1JAzH64PqxpbcQMLK6Hw-Ze64fWElPDCI/view?usp=drive_link;;;;MONTE SANTO;;161714  BT LV-161775;;ENERGIZADA;;;149488;;E903507 – E903508;PLANO 14;;TRUE;;2;20/12/2025;;15/12/2025;;;D250385;;LV + BT;2 N1;;Energizada;GABRIEL;ER-CIND-FAZ-LAGOA DA VOLTA-LAGE;;R$ 16.052,32;;
1217358;01/12/2025;SENHOR DO BONFIM;;0%;;TRUE;100%;;;;;;;;;0;;;;;TRUE;;;;;11/12/2025;REGINALDO;17/12/2025;;;;;;;;;;;;SENHOR DO BONFIM;;161068  BT;FALSE;ENERGIZADA;;;;;;PLANO 7;;TRUE;;4;19/12/2025;;15/12/2025;;;;;BT;;FALSE;Energizada;;ER-CIND-POV-TRES MORROS-RURAL;;;;FALSE
1178079;01/12/2025;SENHOR DO BONFIM;;200%;;FALSE;100%;;;;3;;1;;;6;-10,669143, -39,7532772;QLP;;;FALSE;;;;;15/12/2025;ANAILTON;17/12/2025;;;;;;;;https://drive.google.com/file/d/1AMkLQthWsNvjHVjCWMvgdEPdIatmXYO8/view?usp=drive_link;;;Pendente;ITIÚBA;;LV-151408;;ENERGIZADA;;;;;E875453 - E875457;PLANO 7;;TRUE;;3;30/12/2025;;22/12/2025;;;Q093796;;;;;Energizada;GABRIEL;ER-CIND-FAZ-PEDRINHAS-ROMULO CAMPOS;;R$ 21.466,74;;
1209622;01/12/2025;SENHOR DO BONFIM;;0%;;TRUE;100%;;;;1;;1;;;0;-10,3541021, -39,6656438;PRIORIDADE PLANO ANEEL;;;FALSE;;;;;05/12/2025;JAIRO BATISTA;17/12/2025;;;;;;;;https://drive.google.com/file/d/1f3dVggwS9RmlcpUGx3svXvsYv6ZOm3TS/view?usp=drive_link;;;Realizado;SENHOR DO BONFIM;;LV-149958             157335 BT;;ENERGIZADA;;;;;E903467 – E903467;PLANO 14;;TRUE;;1;27/12/2025;;22/12/2025;;;D231522;;LV + BT;1 N1;;Energizada;JOAO;ER-CIND-POV-C RI CA DE CIMA-RURAL;;R$ 7.958,85;;
1162922;01/12/2025;SENHOR DO BONFIM;;0%;;FALSE;100%;;;;;;2;;;0;-10,9748606, -39,6354291;QLP;;;FALSE;;;;;09/12/2025;WAGNER;18/12/2025;;;;;;;;https://drive.google.com/file/d/1g6DJVfSikbp722JYJeo-dvTuJN2nVvTx/view?usp=drive_link;;;;JAGUARARI;;159156 BT;;ENERGIZADA;;;;;E875443 - E875447;PLANO 7;;TRUE;;5;31/12/2025;;22/12/2025;;;Q097078;;BT;;;Energizada;JOAO;ER-CIND-PO.DE PILAR-RURAL;;R$ 31.857,10;;
1206177;01/12/2025;SENHOR DO BONFIM;;100%;;TRUE;100%;;;;6;;1;;;6;-11,0522768, -39,8569063;PRIORIDADE PLANO ANEEL;;;TRUE;;;;;12/12/2025;ALDAIR;18/12/2025;;;;;;;;https://drive.google.com/file/d/1Jgx5vFr4sL0LqwBthYSh97siA0RDb_8c/view?usp=drive_link;;;;ANDORINHAS;;157757 BT;;ENERGIZADA;;;;;E903561 – E903566;PLANO 14;;TRUE;;6;20/12/2025;;15/12/2025;;;Q106934;;BT;;;Energizada;GABRIEL;ER-CIND-POV-ROCADO-ROCADO;;R$ 27.643,34;;
1159772;01/12/2025;SENHOR DO BONFIM;;100%;;TRUE;100%;;;;2;;1;;;2;-10,4701659, -40,3638329;QLP;;;TRUE;;;;11/dez;08/12/2025;ALDAIR;19/12/2025;;;;;;;;https://drive.google.com/file/d/1khvfXlWzmtEErSNJSt__t3t7xORI2f8e/view?usp=drive_link;;;Realizado;ANDORINHAS;;LV-150942;;ENERGIZADA;;;149372;;E903479 – E903480;PLANO 7;;TRUE;;2;13/12/2025;;08/12/2025;;;B014305;;DESL + LV;2 N1;;Energizada;GABRIEL;ER-CIND-POV-SALGADO-SALGADO;;R$ 26.575,06;;
1013700;01/12/2025;SENHOR DO BONFIM;;100%;;TRUE;100%;;;;4;;0;;;4;-9,8864788, -39,9645892;INSTITUCIONAL;;;FALSE;;;;18/dez;08/12/2025;MARCELO;19/12/2025;;;;;;;;https://drive.google.com/file/d/19536Sx6r7apeD2Xpm3PhQ45UF4U5F9VM/view?usp=drive_link;;;Pendente;NORDESTINA;;LV-161882;;ENERGIZADA;;;149527;;E903531 – E903534;PLANO 7;;TRUE;;4;20/12/2025;;15/12/2025;;;Q069217;;DESL + LV;4 N1;;Energizada;GABRIEL;AC-CIND-POV-S O PEDRO-RURAL;;R$ 62.841,24;;
1187064;01/12/2025;SENHOR DO BONFIM;;30%;;TRUE;100%;;;;10;;1;;;3;-10,3454483, -39,8250643;SOLICITAÇÃO ATENDIMENTO;;;FALSE;;;;19/dez;08/12/2025;OSMAR;19/12/2025;;;;;;;;https://drive.google.com/file/d/1tEsJi2Lz4wzzDYQFj9zmpDGXatEOn8bx/view?usp=drive_link;;;;MONTE SANTO;;;;ENERGIZADA;;;149622;;E875164 – E875173;PLANO 7;;TRUE;;10;20/12/2025;;15/12/2025;;;Q095115;;DESL;;;Energizada;GABRIEL;ER-CIND-POV-PEDRA BRNACA-RURAL;;R$ 88.945,42;;
1148641;01/12/2025;SENHOR DO BONFIM;;100%;;FALSE;100%;;;;;;1;;;1;-10,0688071, -40,3982275;QLP;;;FALSE;;;;;09/12/2025;EDVALDO;19/12/2025;;;;;;;;https://drive.google.com/file/d/1BWTZAWfRj3zK5gD0PI8FeS-fTFsDYq9e/view?usp=drive_link;;;Pendente;CAMPO FORMOSO;;LV-150994    157788 BT;;ENERGIZADA;;;;;E903446 – E903446;PLANO 7;;TRUE;;1;20/12/2025;;15/12/2025;;;Q060891;;LV + BT;N1;;Energizada;JOAO;ER-CIND-POV-LAGOA DA PEDRA-RURAL;;R$ 10.952,32;;
1178264;01/12/2025;SENHOR DO BONFIM;;0%;;TRUE;100%;;;;2;;1;;;0;-10,4483916, -39,884968;QLP;;;FALSE;;;;;09/12/2025;WAGNER;19/12/2025;;;;;;;;https://drive.google.com/file/d/1HuzYyYIVZGgFVHt5q0eXfZSG9kgOItOT/view?usp=drive_link;;;;JAGUARARI;;159159 BT;;ENERGIZADA;;;;;E903503 – E903504;PLANO 7;;TRUE;;2;31/12/2025;;22/12/2025;;;D727967;;BT;;;Energizada;JOAO;UB-CIND-RUA-SALVADOR-NOVO PILAR;;R$ 12.937,33;;
1151521;01/12/2025;SENHOR DO BONFIM;;0%;;FALSE;100%;;;;2;;1;;;0;-10,0435803, -39,7714044;QLP;;;FALSE;;;;19/dez;15/12/2025;ANAILTON;19/12/2025;;;;;;;;https://drive.google.com/file/d/16sInpK87JsUgHCo161pCm7NgClYSVMb0/view?usp=drive_link;;;;NORDESTINA;;161630 BT LV-161897;;ENERGIZADA;;;149630;;E903513 – E903514;PLANO 7;;TRUE;;2;20/12/2025;;15/12/2025;;;D210357;;LV + BT;2 N1;;Energizada;GABRIEL;ER-CIND-FAZ-SAO JOSE-RURAL;;R$ 15.406,24;;
1217380;01/12/2025;SENHOR DO BONFIM;;100%;;TRUE;100%;;;;5;;2;;;5;-10,0444321, -40,2280751;PRIORIDADE PLANO ANEEL;;;FALSE;;;;;08/12/2025;MARCELO;20/12/2025;;;;;;;;https://drive.google.com/file/d/1t8lAjk86aa2hiR-gzKOhHzaM5mg7aexW/view?usp=drive_link;;;;NORDESTINA;;157704 BT;;ENERGIZADA;;;;;E903551 – E903555;PLANO 7;;TRUE;;5;13/12/2025;;08/12/2025;;;Q048297;;BT;;FALSE;Energizada;GABRIEL;UB-CIND-AV-DEP LUIZ EDU MAGALHAES-CENTRO;;R$ 31.721,20;;
1215380;01/12/2025;SENHOR DO BONFIM;;0%;;TRUE;100%;;;;1;;1;;;0;-10,7230327, -39,5434367;PRIORIDADE PLANO ANEEL;;;/;;;;20/dez;09/12/2025;WAGNER;20/12/2025;;;;;;;;https://drive.google.com/file/d/11qv5WoipXTHygTdU-hJBuVT8ZNazcMxH/view?usp=drive_link;;;Realizado;JAGUARARI;;LV-151262;;ENERGIZADA;;;149657;;E903458 – E903458;PLANO 7;;TRUE;;1;20/12/2025;;15/12/2025;;;B274565;;DESL + LV;N1 C/ TRF;;Energizada;JOAO;AC-CIND-RUA-BEM TE VI 1022-URBANA;;R$ 38.362,36;;
1145468;01/12/2025;SENHOR DO BONFIM;;100%;;TRUE;100%;;;;4;;1;;;4;-10,726067, -40,0904141;QLP;;;FALSE;;;;;10/12/2025;MARCELO;20/12/2025;;;;;;;;https://drive.google.com/file/d/1xU7RA6e0cZN30oh1W6L9qaP_wxSLDMdO/view?usp=drive_link;;;Pendente;NORDESTINA;;LV-161728;;ENERGIZADA;;;;;E903535 – E903538;PLANO 7;;TRUE;;4;31/12/2025;;23/12/2025;;;D195220;;LV + BT;2 N1;;Energizada;GABRIEL;UB-CIND-RUA-URBANA-CENTRO;;R$ 25.858,13;;
1151578;01/12/2025;SENHOR DO BONFIM;;100%;;FALSE;100%;;;;;;1;;;1;-10,5091009, -40,3315617;PRIORIDADE PLANO ANEEL;;;FALSE;;;;;09/12/2025;EDVALDO;22/12/2025;;;;;;;;https://drive.google.com/file/d/13P6Qkr80YLMoLdzQFheGUfd5B-eksMEK/view?usp=drive_link;;;;CAMPO FORMOSO;;157751 BT;;ENERGIZADA;;;;;E903445 – E903445;PLANO 14;;TRUE;;1;20/12/2025;;15/12/2025;;;Q059645;;BT;;;Energizada;JOAO;ER-CIND-POV-TIQUARA 1542-RURAL;;R$ 11.814,51;;
1159901;01/12/2025;SENHOR DO BONFIM;;0%;;TRUE;100%;;;;2;;1;;;0;-10,6312602, -39,8973046;QLP;;;FALSE;;;;23/dez;08/12/2025;JEFFERSON;23/12/2025;;;;;;;;https://drive.google.com/file/d/1ZcooTrDrgFZhscXMFWFMxxR7VjUEB8DO/view?usp=drive_link;;;;MONTE SANTO;;154596 BT;;ENERGIZADA;;;157228;;E903505 – E903506;PLANO 7;;TRUE;;2;13/12/2025;;08/12/2025;;;Q069829;;BT;;;Energizada;GABRIEL;ER-CIND-POV-RIACHO DA ONCA-RURAL;;R$ 10.751,03;;
1196742;01/12/2025;SENHOR DO BONFIM;;0%;;FALSE;100%;;;;2;;1;;;0;-9,8874906, -39,9744807;PRIORIDADE PLANO ANEEL;;;FALSE;;;;;09/12/2025;GESONI;;;;;;;;;https://drive.google.com/file/d/1CoycerDSojIX0s5h9cXlekZ6SVFW8_VK/view?usp=drive_link;;;;FILADÉLFIA;;157766 BT;;POSTES IMPLANTADOS;;;;;E903499 – E903500;PLANO 14;;TRUE;0;2;31/12/2025;;29/12/2025;;;D085324;;BT;;;Paralisada;JOAO;ER-CIND-POV CABECA DA VACA-RURAL;;R$ 9.651,89;;
1148855;01/12/2025;SENHOR DO BONFIM;;100%;;TRUE;100%;;;;6;;1;;;5;-9,8375371, -39,9954882;AIC AUDITORIA;;;FALSE;;;;;08/12/2025;MARCELO;23/12/2025;;;;;;;;https://drive.google.com/file/d/1SwG8XMDnj2ctrc86idWL3421-kQhTSpv/view?usp=drive_link;;;;QUEIMADAS;;159137 BT;;ENERGIZADA;;;;;E903556 – E903560;PLANO 7;;TRUE;;5;20/12/2025;;15/12/2025;;;Q068749;;BT;;;Energizada;GABRIEL;ER-CCOL-POV-ALECRIM-RURAL;;R$ 33.049,57;;
1176761;01/12/2025;SENHOR DO BONFIM;;0%;;FALSE;100%;;;;2;;1;;;0;-10,6897479, -39,7963707;QLP;;;FALSE;;;;23/dez;09/12/2025;GESONI;23/12/2025;;;;;;;;https://drive.google.com/file/d/1whFAEuuA_PmZOQIFmDYWaGc8Yxb806rO/view?usp=drive_link;;;;FILADÉLFIA;;;;ENERGIZADA;;;157231;;E903501 – E903502;PLANO 7;;TRUE;;2;27/12/2025;;22/12/2025;;;D337279;;DESL;;;Energizada;JOAO;UB-CIND-TRV-CLERISTON ANDRADE-URBANA;;R$ 22.776,25;;
1134543;01/12/2025;SENHOR DO BONFIM;;100%;;FALSE;100%;;;;8;;0;;;8;-10,7326218, -39,4089917;GOVERNO;;;FALSE;;;;;09/12/2025;GESONI;23/12/2025;;;;;;;;https://drive.google.com/file/d/1BXLb35MM3lIakhYEcx3rs6R91bLquUdh/view?usp=drive_link;;;Pendente;ITIÚBA;;LV-151499                   155655 EN;;ENERGIZADA;;;;;E875139 – E875146;PLANO 7;;TRUE;;8;13/12/2025;;08/12/2025;;;Q102496;;LV + ENERGZ;N1 C/ TRF;;Energizada;JOAO;RI-SEIN-FAZ-BOM SUCESSO-RURAL;;R$ 81.541,50;;
1059739;01/12/2025;SENHOR DO BONFIM;;0%;;FALSE;100%;;;;;;0;;;0;-10,3564084, -40,1686341;GOVERNO;;;TRUE;;;;12/dez;10/12/2025;REGINALDO;23/12/2025;;;;;;;;https://drive.google.com/file/d/1oXc1GBIY36rzBOQBuyUJlzgeLtc4emP2/view?usp=drive_link;;;Realizado;SENHOR DO BONFIM;;157654 BT;;ENERGIZADA;;;149377;;E875371 – E875397;PLANO 7;;TRUE;;27;13/12/2025;;01/12/2025;;;Q044287;;DESL;;;Energizada;JOAO;RI-SEIN-RUA-CACHOEIRINHA-CACHOEIRINHA;;R$ 164.983,91;;
1211939;01/12/2025;SENHOR DO BONFIM;;100%;;TRUE;100%;;;;8;;0;;;8;-10,7860475, -39,3933152;PRIORIDADE PLANO ANEEL;;;FALSE;;;;;08/12/2025;JEFFERSON;24/12/2025;;;;;;;;https://drive.google.com/file/d/14z-jhQAhat49BhNPm7-DhytHbzxlMz2h/view?usp=drive_link;;;Realizado;MONTE SANTO;;154536 EN;;ENERGIZADA;;;;;E875147 – E875154;PLANO 14;;TRUE;;8;31/12/2025;;23/12/2025;;;Q095855;;LV + ENERGZ;TRF;;Energizada;GABRIEL;ER-CIND-POV-SITIO DE NANINHA-RURAL;;R$ 51.452,92;;
1140804;01/12/2025;SENHOR DO BONFIM;;100%;;FALSE;100%;;;;10;;1;;;10;-10,5002159, -40,1069813;PRIORIDADE PLANO ANEEL;;;FALSE;;;;16/dez;09/12/2025;EDVALDO;24/12/2025;;;;;;;;https://drive.google.com/file/d/1cw22AsYmL5DU9pATkp-wZU6kbYeuGG-g/view?usp=drive_link;;;;CAMPO FORMOSO;;LV-151142;;ENERGIZADA;;;149443;;E875398 - E875407;PLANO 7;;TRUE;8;10;16/12/2025;;08/12/2025;;;Q050258;;DESL + LV;N1 C/ TRF;;Energizada;JOAO;ER-CIND-FAZ-PILOES-RURAL;;R$ 93.362,81;;
1145984;01/12/2025;SENHOR DO BONFIM;;0%;;FALSE;100%;;;;7;;1;;;0;-10,738909, -40,1341418;QLP;;;FALSE;;;;;09/12/2025;GESONI;24/12/2025;;;;;;;;https://drive.google.com/file/d/13jV_hlsFUvgUWJCpyoVzFPP9X6uuGNO7/view?usp=drive_link;;;Realizado;ITIÚBA;;LV-151450                   164906 EN;;ENERGIZADA;;;;;E875125 – E875131;PLANO 7;;TRUE;;7;27/12/2025;;22/12/2025;;;Q053065;;LV + ENERGZ;N1 + TRF;;Energizada;JOAO;ER-CIND-POV-ALAGADICO DO PUAN-RURAL;;R$ 55.708,13;;
1149647;01/12/2025;SENHOR DO BONFIM;;0%;;FALSE;100%;;;;2;;1;;;0;-11,2273477, -39,7252931;QLP;;;FALSE;;;;18/dez;08/12/2025;OSMAR;25/12/2025;;;;;;;;https://drive.google.com/file/d/1ClHPE8NQWRNNUepLB50xMXICUY9nHQ8B/view?usp=drive_link;;;;MONTE SANTO;;LV-151801                154489 EN;;ENERGIZADA;;;149564;;E903511 – E903512;PLANO 14;;TRUE;#REF!;2;20/12/2025;;15/12/2025;;;D762166;;LV + ENERGZ;N1 C/ TRF;;Energizada;GABRIEL;ER-CIND-POV-PENEDO 5123-RURAL;;R$ 25.689,81;;
1161151;01/12/2025;SENHOR DO BONFIM;;33,33333333%;;FALSE;100%;;;;3;;1;;;1;-10,4581897, -40,0541979;QLP;;;FALSE;;;;;15/12/2025;OSMAR;25/12/2025;;;;;;;;https://drive.google.com/file/d/1W7cpJINy4yMq_6yys0gpRxMeVW_QgHQ1/view?usp=drive_link;;;Pendente;MONTE SANTO;;LV-151810                154559 EN;;ENERGIZADA;;;;;E903528 – E903530;PLANO 7;;TRUE;;3;31/12/2025;;23/12/2025;;;D049756;;LV + ENERGZ;N1 C/ TRF;;Energizada;GABRIEL;ER-CIND-FAZ-LAGEDO-RURAL;;R$ 37.005,89;;
1200575;01/12/2025;SENHOR DO BONFIM;;0%;;FALSE;100%;;;;;;1;;;0;-10,3195859, -39,1927885;PRIORIDADE PLANO ANEEL;;;FALSE;;;;31/12;09/12/2025;WAGNER;;;;;;;;;https://drive.google.com/file/d/10HJ5boLCn412A8pZ4lcGQ_dCB0NAwAvA/view?usp=drive_link;;;;CAMPO FORMOSO;;;;PERDEU, DEVIDO A DESLIGAMENTO;;;161784;;E903481 – E903482;PLANO 14;;TRUE;;2;20/12/2025;;15/12/2025;;;D130228;;DESL;;;NÃO DEFINIDO;JOAO;ER-CIND-TRV-SAO FRANCISCO -RURAL;;R$ 9.937,27;;
1169715;01/12/2025;SENHOR DO BONFIM;;#DIV/0!;;FALSE;100%;;;;;;1;;;0;-10,5382911, -40,3957896;PRIORIDADE PLANO ANEEL;;;FALSE;;;;;04/12/2025;ALDAIR;26/12/2025;;;;;;;;https://drive.google.com/file/d/1qDrEiXhRvmuLD64AkqjQmXrnN9gqrDIL/view?usp=drive_link;;;Realizado;ANDORINHAS;;LV-150772         165452 EN;;ENERGIZADA;;;;;0;PLANO 7;;TRUE;;0;06/12/2025;;01/12/2025;;;D175053;;LV;TRF;;Energizada;GABRIEL;ER-CIND-FAZ-MORRO REDONDO-MORRO REDONDO;;R$ 12.752,30;;
1149873;01/12/2025;SENHOR DO BONFIM;;0%;;TRUE;100%;;;;1;;1;;;0;-10,3573813, -39,8081801;QLP;;;FALSE;;;;;05/12/2025;JAIRO BATISTA;26/12/2025;;;;;;;;https://drive.google.com/file/d/1bb3NfSAYOo86ocG3GfcjCzvZytvTLQKz/view?usp=drive_link;;;Realizado;SENHOR DO BONFIM;;LV-150715              165464 EN;;ENERGIZADA;;;;;E903463 – E903463;PLANO 7;;TRUE;;1;31/12/2025;;29/12/2025;;;Q099040;;LV + ENERGZ;N1 C/ TRF;;Energizada;JOAO;ER-CIND-POV-QUEIMADA-RURAL;;R$ 20.487,75;;
1160876;01/12/2025;SENHOR DO BONFIM;;0%;;TRUE;100%;;;;1;;1;;;0;-10,6659027, -39,7515825;QLP;;;FALSE;;;;;05/12/2025;JAIRO BATISTA;26/12/2025;;;;;;;;https://drive.google.com/file/d/1FWYohrkonYEVn8UlTLf9bLsaSSnNU-ku/view?usp=drive_link;;;Realizado;SENHOR DO BONFIM;;LV-149971               165469 EN;;ENERGIZADA;;;;;E903464 – E903464;PLANO 7;;TRUE;;1;27/12/2025;;22/12/2025;;;Q066876;;LV + ENERGZ;N1 C/ TRF;;Energizada;JOAO;ER-CIND-FAZ-LIMOES-RURAL;;R$ 22.053,27;;
1211463;01/12/2025;SENHOR DO BONFIM;;0%;;TRUE;100%;;;;1;;1;;;0;-10,4570642, -40,5549454;PRIORIDADE PLANO ANEEL;;;FALSE;;;;;05/12/2025;REGINALDO;26/12/2025;;;;;;;;https://drive.google.com/file/d/1N9WCRdamWgib_2Aolxqyr6l9e4wGRmKh/view?usp=drive_link;;;Realizado;SENHOR DO BONFIM;;LV-150737               152776 EN;;ENERGIZADA;;;;;E903468 – E903468;PLANO 7;;TRUE;;1;31/12/2025;;29/12/2025;;;D129104;;LV + ENERGZ;N1 C/ TRF;;Energizada;JOAO;ER-CIND-POV-CANAVIEIRA-RURAL;;R$ 24.561,29;;
1166269;01/12/2025;SENHOR DO BONFIM;;100%;;FALSE;100%;;;;1;;1;;;1;-9,8759195, -39,9652087;QLP;;;FALSE;;;;;08/12/2025;ALDAIR;26/12/2025;;;;;;;;https://drive.google.com/file/d/1KVgpb-VIEaE3TnnUnIfu0EkJieXDFzVa/view?usp=drive_link;;;Realizado;ANDORINHAS;;LV-150798                    165450 EN;;ENERGIZADA;;;;;E903443 – E903443;PLANO 7;;;;1;13/12/2025;;08/12/2025;;;D605280;;LV;N1 C/ TRF;;Energizada;GABRIEL;ER-CIND-FAZ-SAO GONCALO-RURAL;;R$ 18.838,65;;
1180267;01/12/2025;SENHOR DO BONFIM;;100%;;FALSE;100%;;;;11;;1;;;11;-10,7520101, -39,4984245;INSTITUCIONAL;;;FALSE;;;;;10/12/2025;ISRAEL;;;;;;;;;https://drive.google.com/file/d/11VNesRoWB3HZaad5JUyrA0_Vx88k-OD2/view?usp=drive_link;;;Pendente;CAMPO FORMOSO;;LV-151213            155594 EN;;FALTA TRAFO 211253 3-30 E 2223464 CABO POT 35, ALÇA DE CABO 4;;;;;E875184 – E875194;PLANO 7;;TRUE;;11;13/12/2025;;01/12/2025;;;D068248;;LV + ENERGZ;N3/N4;;NÃO DEFINIDO;JOAO;ER-CIND-POV-SUMIDOURO-RURAL;;R$ 130.483,38;;
1184427;01/12/2025;SENHOR DO BONFIM;;100%;;TRUE;100%;;;;;;1;;;1;-10,4329331, -39,3229729;PRIORIDADE PLANO ANEEL;;;FALSE;;;;;08/12/2025;MARCELO;26/12/2025;;;;;;;;https://drive.google.com/file/d/1peZVhvZP89VUH7GKmaQgdBpsQOdJRvGm/view?usp=drive_link;;;Pendente;QUEIMADAS;;LV-161677                 161723 EN;;ENERGIZADA;;;;;E903462 – E903462;PLANO 7;;TRUE;;1;31/12/2025;;23/12/2025;;;D660014;;LV + ENERGZ;N1 C/ TRF;;Energizada;GABRIEL;ER-CIND-POV-VARZEA D ONCA-RURAL;;R$ 20.276,06;;
1198374;01/12/2025;SENHOR DO BONFIM;;0%;;FALSE;100%;;;;3;;1;;;0;-10,4251666, -40,2657237;PRIORIDADE PLANO ANEEL;;;FALSE;;;;;09/12/2025;GESONI;26/12/2025;;;;;;;;https://drive.google.com/file/d/1BvlL0IHzR3Z11GEnyIVgR_2DDpJfFFbP/view?usp=drive_link;;;;FILADÉLFIA;;LV-151341                   161682 EN;;ENERGIZADA;;;149560;;E903519 – E903521;PLANO 14;;TRUE;;3;20/12/2025;;15/12/2025;;;Q060116;;LV + ENERGZ;N1 C/ TRF;;Energizada;JOAO;ER-CIND-POV-BOA VISTA 106-RURAL;;R$ 27.094,29;;
1218789;01/12/2025;SENHOR DO BONFIM;;0%;;FALSE;100%;;;;3;;;;;0;;;;;FALSE;;;;;11/12/2025;EDVALDO;;;;;;;;;;;;;ANTÔNIO GONÇALVES;;161649 BT;FALSE;PARA CONCLUIR ATE 31-12;;;;;;;;TRUE;;3;19/12/2025;;15/12/2025;;;;;BT;;FALSE;NÃO DEFINIDO;JOAO;UB-CIND-RUA-JOAO GONCALVES-CENTRO ANTONI;;;;FALSE
1198729;01/12/2025;SENHOR DO BONFIM;;100%;;FALSE;100%;;;;5;;1;;;5;-10,6870094, -39,3047097;PRIORIDADE PLANO ANEEL;;;FALSE;;;;10/dez;09/12/2025;GESONI;26/12/2025;;;;;;;;https://drive.google.com/file/d/1hzkr8rNqFoi2puezFKkyq5J17HyN7Pm6/view?usp=drive_link;;;Realizado;ITIÚBA;;LV-151427                   155658 EN;;ENERGIZADA;;;149365;;E875418 - E875422;PLANO 14;;TRUE;;5;13/12/2025;;08/12/2025;;;D206223;;LV + ENERGZ;N1 C/ TRF;;Energizada;JOAO;ER-CIND-FAZ-CABACEIRA-RURAL;;R$ 41.638,76;;
1051348;01/12/2025;SENHOR DO BONFIM;;0%;;FALSE;100%;;;;;;1;;;0;-9,95274, -40,04116;QLP;;;FALSE;;;;09/dez;09/12/2025;WAGNER;26/12/2025;;;;;;;;https://drive.google.com/file/d/1rpqWRrDlIQLmxJyDfM_ZkWI_8AqgbeLM/view?usp=drive_link;;;Realizado;JAGUARARI;;LV-151233       161746 EN;;ENERGIZADA;;;149363 (ANEXAR PEX);;E903454 – E903454;PLANO 7;;TRUE;;1;13/12/2025;;08/12/2025;;;;;LV + ENERGZ;N1 C/ TRF;;Energizada;JOAO;ER-CIND-FAZ-POCO DAS QUEIMADAS-N PILAR;;R$ 9.254,81;;
1067126;01/12/2025;SENHOR DO BONFIM;;66,66666667%;;FALSE;100%;;;;;;1;;;18;-10,5021538, -39,4067176;JUDICIAL;;;FALSE;;;;;12/12/2025;ALDAIR;;;;;;;;;;;;Pendente;ANDORINHAS;;LV-162146;;FALTA 3X70XLPE 2212008 3X70 XLPE 2212016;;;;;E875206 – E875232;PLANO 8;;;;27;30/12/2025;;15/12/2025;;;Q109712;;DESL + LV;;;Em execução;GABRIEL;IS-COEL-PR -COMERCIO-ANDORINHA;;R$ 335.050,76;;
1151586;01/12/2025;SENHOR DO BONFIM;;100%;;FALSE;100%;;;;1;;0;;;1;-10,3191272, -39,1863356;RECLAMAÇÃO;;;FALSE;;;;23/dez;12/12/2025;ALDAIR;;;;;;;;;https://drive.google.com/file/d/1aF3wfEiV0Ka5ZLxYr_1gcyANVlnV3Y_9/view?usp=drive_link;;;Pendente;ANDORINHAS;;LV-150784;;FALTA CABO 2230078 3X120. PRECISA DESLIGAMENTO;;;157225;;E903442 – E903442;PLANO 7;;TRUE;;1;20/12/2025;;15/12/2025;;;D130180;;DESL + LV;B1-N3;;NÃO DEFINIDO;GABRIEL;AC-CIND-LOT-VILA PEIXE-VILA PEIXE;;R$ 26.251,94;;
1222322;01/12/2025;SENHOR DO BONFIM;;100%;;FALSE;100%;;;;2;;1;;;2;-10,2959073, -40,7210239;GOVERNO;;;FALSE;;;;20/dez;12/12/2025;ALDAIR;;;;;;;;;https://drive.google.com/file/d/1d4XLET9qUCGH5O3CHAL69rbSlbrpuMfx/view?usp=drive_link;;;;ANDORINHAS;;;;FALTA CABO 2230084 3X70. PRECISA DESLIGAMENTO;;;149663;;E903477 – E903478;PLANO 7;;TRUE;;2;20/12/2025;;15/12/2025;;;D574414;;DESL;;;NÃO DEFINIDO;GABRIEL;AC-PREF-POV-RIACHO SECO-RURAL;;R$ 44.108,41;;
1178662;01/12/2025;SENHOR DO BONFIM;;171,4285714%;;FALSE;100%;;;;7;;0;;;12;-10,3878015, -39,8191379;QLP;;;FALSE;;;;20/dez;10/12/2025;ISRAEL;26/12/2025;;;;;;;;https://drive.google.com/file/d/1abk4hCSXH3MqnXXXf3vA980Gdhsu_bn0/view?usp=drive_link;;;;CAMPO FORMOSO;;LV-151032                161766 EN;;ENERGIZADA;;;149649;;E875118 – E875124;PLANO 7;;TRUE;;7;31/12/2025;;15/12/2025;;;D773999;;LV + ENERGZ;N1-3;;Energizada;JOAO;ER-CIND-LOT-ALTO DA BOA VISTA-MORRINHOS;;R$ 56.692,27;;
1158358;01/12/2025;SENHOR DO BONFIM;;18,18181818%;;FALSE;100%;;;;11;;1;;;2;-10,3443348, -39,9255146;PRIORIDADE PLANO ANEEL;;;FALSE;;;;17/dez;10/12/2025;ISRAEL;27/12/2025;;;;;;;;https://drive.google.com/file/d/1hJojN2QLOICfCdS2RmnkMyn2l5nGsEVJ/view?usp=drive_link;;;;CAMPO FORMOSO;;LV-159435               161700 EN;;ENERGIZADA;;;149510;;E875195 – E875205;PLANO 7;;TRUE;4;11;31/12/2025;;15/12/2025;;;D316873;;LV + ENERGZ;N1-3;;Energizada;JOAO;RR-CIND-FAZ-BAIXA DA MINA-RURAL;;R$ 98.184,79;;
1156142;01/12/2025;SENHOR DO BONFIM;;100%;;FALSE;100%;;;;2;;1;;;2;-10,687, -39,3047;QLP;;;FALSE;;;;27/dez;15/12/2025;ANAILTON;27/12/2025;;;;;;;;https://drive.google.com/file/d/1IeCsCvOsetpDuaAB73Zx0KSSS2LD8G6W/view?usp=drive_link;;;Pendente;CANSANÇÃO;;LV-161768;;ENERGIZADA;;;157234 ;;E903493 – E903494;PLANO 7;;TRUE;;2;20/12/2025;;15/12/2025;;;B929905;;DESL + LV;;;Energizada;GABRIEL;ER-CIND-POV-CARIACA-RURAL;;R$ 33.623,01;;
1144703;01/12/2025;SENHOR DO BONFIM;;166,6666667%;;FALSE;100%;;;;3;;1;;;5;-10,8191377, -39,4311659;GOVERNO;;;FALSE;;;;27/12;15/12/2025;ANAILTON;27/12/2025;;;;;;;;https://drive.google.com/file/d/18GYc4_bhHGiIcQS-E703LO89ZLUoyP7s/view?usp=drive_link;;;Pendente;ITIÚBA;;LV-161752;;ENERGIZADA;;;158536;;E875438-E875442;PLANO 7;;TRUE;;3;30/12/2025;;22/12/2025;;;Q095747;;DESL + LV;N1 C/ TRF;;Energizada;GABRIEL;ER-SEIN-POV-SITIO DOS PIAUS-RURAL;;R$ 56.661,91;;
1154641;01/12/2025;SENHOR DO BONFIM;;0%;;FALSE;100%;;;;1;;1;;;0;-10,4458212, -39,9699907;QLP;;;FALSE;;;;;09/12/2025;GESONI;29/12/2025;;;;;;;;https://drive.google.com/file/d/1RznpTGBFaww4wXvhm7pVyou55adghPxb/view?usp=drive_link;;;;FILADÉLFIA;;LV-151326                    161689 EN;;ENERGIZADA;;;149473;;E903449 – E903449;PLANO 7;;TRUE;;1;20/12/2025;;15/12/2025;;;Q050926;;LV + ENERGZ;N1 C/ TRF;;Energizada;JOAO;ER-CIND-POV-CABECA DA VACA 110-RURAL;;R$ 18.467,16;;
1218599;01/12/2025;SENHOR DO BONFIM;;100%;;FALSE;100%;;;;10;;0;;;10;-10,7408517, -40,1242072;QLP;;;FALSE;;;;;15/12/2025;OSMAR;;;;;;;;;https://drive.google.com/file/d/1FBZ8mw8c7iDhTCvgp8LBeXd8FO9byPXz/view?usp=drive_link;;;Pendente;MONTE SANTO;;154524 EN LV-161772;;FALTA TRAFO 210497 2-10 E ALÇA DE CABO 4;;;;;E875174 – E875183;PLANO 7;;TRUE;;10;30/12/2025;;22/12/2025;;;D772198;;LV + ENERGZ;N3/N4;;NÃO DEFINIDO;GABRIEL;ER-CIND-ET-PEDRA BRANCA-RURAL;;R$ 85.822,51;;
1157179;01/12/2025;SENHOR DO BONFIM;;8,823529412%;;FALSE;60%;;;;;;0;;;3;-10,4529673, -40,5616592;QLP;;;FALSE;;;;;15/12/2025;REGINALDO;;;;;;;;;;;;;SENHOR DO BONFIM;;LV-162002,162010,162014,162023,162029;;JA IMPLANTADO TRECHO LIVRE;;;;;E875233 – E875295;PLANO 7;;;22;34;31/01/2026;;17/12/0205;;;D129136;;DESL + LV;;;Em execução;JOAO;IT GRUA AG CANDIDO FONSECA RURAL;;R$ 1.706.478,98;;
1148575;01/12/2025;SENHOR DO BONFIM;;100%;;FALSE;100%;;;;;;1;;;5;-10,413798, -39,2763061;QLP;;;FALSE;;;;;09/12/2025;EDVALDO;30/12/2025;;;;;;;;https://drive.google.com/file/d/1TBdjFfLbOmaSKHjdqUkyY1eVpR5to9SZ/view?usp=drive_link;;;;CAMPO FORMOSO;;159081 BT;;ENERGIZADA;;;;;E875448-E875452;PLANO 7;;TRUE;;5;20/12/2025;;15/12/2025;;;D010382;;BT;;;Energizada;JOAO;ER-CIND-POV-TIQUARA-RURAL;;R$ 30.617,44;;
1145072;01/12/2025;SENHOR DO BONFIM;;21,05263158%;;FALSE;100%;;;;;;1;;;4;-10,2315923, -39,3376556;PRIORIDADE PLANO ANEEL;;;FALSE;;;;12/dez;18/12/2025;WAGNER;;;;;;;;;https://drive.google.com/file/d/1v0rY_6dPG0KH_kxLjPJc78_tIXMNVB2L/view?usp=drive_link;;;Pendente;JAGUARARI;;LV-151307                   157669 EN;;FALTA ALÇA DE CABO 4 E LAÇO DE 25;;;149376;;E875155 – E875163;PLANO 7;;TRUE;;19;31/12/2025;;08/12/2025;;;D261007;;LV + ENERGZ;N3/N4;;NÃO DEFINIDO;JOAO;ER-CIND-FAZ-CARPINTARIA-NUCLEO PILAR;;R$ 74.659,68;;
1212962;01/12/2025;SENHOR DO BONFIM;;100%;;FALSE;100%;;;;2;;1;;;2;-10,08367, -40,79028;PRIORIDADE PLANO ANEEL;;;FALSE;;;;;10/12/2025;ISRAEL;30/12/2025;;;;;;;;https://drive.google.com/file/d/1rqy7eaE8zQOW-9VDxF5vU47QM4pqhmOO/view?usp=drive_link;;;Pendente;CAMPO FORMOSO;;LV-151022             155607 EN;;ENERGIZADA;;;;;E903483 – E903484;PLANO 14;;TRUE;;2;13/12/2025;;01/12/2025;;;E427156;;LV + ENERGZ;N1 C/ TRF;;Energizada;JOAO;ER-CIND-POV-BEBEDOURO-BEBEDOURO;;R$ 22.173,58;;
1233123;01/01/2026;SENHOR DO BONFIM;;100%;;TRUE;100%;;;;1;1;;;;1;-10,6080699, -39,9078473;QLP;;;TRUE;;;;;05/01/2026;ANAILTON;12/01/2026;;;;;;;;https://drive.google.com/file/d/1bmXhXwpKeaRQEVgmgvoH_vT_xmhiG-_a/view;;;;ITIÚBA;;1404 BT;;ENERGIZADA;;;;;E936998;PLANO 7;;TRUE;;1;10/01/2026;;05/01/2026;;;D106490;;BT;;TRUE;Energizada;;ER-CIND-FAZ-POCO DANTAS-RURAL;;R$ 6.062,19;;
1224382;01/01/2026;SENHOR DO BONFIM;;100%;;FALSE;100%;;;;;0;;;;1;-10,3440237, -39,8314899;REPUTACIONAL;;;FALSE;;;;;06/01/2026;;;;;;;;;;https://drive.google.com/file/d/1jxOGm6zBipEwb7xClJFj6lI0mjbttWiF/view;;;;ANDORINHAS;;;;;;;;;E936999;PLANO 8;;TRUE;0;1;24/01/2026;;19/01/2026;;;Q093313;;DESL;;FALSE;Paralisada;;RC-CIND-RUA-FORTALEZA-CENTRO;;R$ 19.178,33;;
0603860;01/01/2026;SENHOR DO BONFIM;;105%;;FALSE;80%;;;;38;5;;;;40;-10,2372809, -39,7605516;AIC AUDITORIA;;;FALSE;;;;;13/01/2026;ALDAIR;;;;;;;;;https://drive.google.com/file/d/17avaG8zEW6an6JTBzSPHMhWlnw158saO/view;;;;ANDORINHAS;;2891 EN       2892 BT;;FALTA TRAFO 4 2-10 211304, FALTA ELO 0,5H 536778;;;;;E936484 – E936520;PLANO 14;;TRUE;41;38;31/01/2026;;05/01/2026;;;D040108;;LV + ENERGZ + BT;;TRUE;Em escavação;;MP-CCOL-POV. MANDI COMPL-RURAL;;R$ 145.038,21;;
1067126;01/01/2026;SENHOR DO BONFIM;;67%;;FALSE;100%;;;;21;;;;;18;-10,5021538, -39,4067176;;;;FALSE;;;;13, 14, 16, 20, 21;06/01/2026;ALDAIR;;;;;;;;;https://drive.google.com/file/d/1zL042QxT5snV06b_oVubU9G6zFUdXZ4G/view;;;;ANDORINHAS;;;;FALTA 3426030 ESPAÇADOR, ALÇA 70 1000 3430538 ;;;165844, 165846, 165851;;E936243 – E936269;;;TRUE;;27;31/01/2026;;05/01/2026;;;Q109712;;DESL + LV;;TRUE;Em escavação;;IS-COEL-PR -COMERCIO-ANDORINHA;;;;
1222322;01/01/2026;SENHOR DO BONFIM;;100%;;FALSE;100%;;;;2;1;;;;2;-10,2959073, -40,7210239;GOVERNO;;;FALSE;;;;28/01/2026;12/12/2025;ALDAIR;;;;;;;;;https://drive.google.com/file/d/1d4XLET9qUCGH5O3CHAL69rbSlbrpuMfx/view?usp=drive_link;;;;ANDORINHAS;;;;FALTA CABO 2230084 3X70.;;;4730;;E903477 – E903478;PLANO 7;;TRUE;;2;20/12/2025;;15/12/2025;;;D574414;;DESL;;TRUE;Em escavação;;AC-PREF-POV-RIACHO SECO-RURAL;;R$ 44.108,41;;
1151586;01/01/2026;SENHOR DO BONFIM;;100%;;FALSE;100%;;;;1;0;;;;1;-10,3191272, -39,1863356;RECLAMAÇÃO;;;FALSE;;;;27/01/2026;12/12/2025;ALDAIR;;;;;;;;;https://drive.google.com/file/d/1aF3wfEiV0Ka5ZLxYr_1gcyANVlnV3Y_9/view?usp=drive_link;;;Pendente;ANDORINHAS;;LV-150784;;FALTA CABO 2230078 3X120.;;;4626;;E903442 – E903442;PLANO 7;;TRUE;;1;20/12/2025;;15/12/2025;;;D130180;;DESL + LV;;TRUE;Em escavação;;AC-CIND-LOT-VILA PEIXE-VILA PEIXE;;R$ 26.251,94;;
1216143;01/01/2026;SENHOR DO BONFIM;;100%;;TRUE;100%;;;;;1;;;;0;-10,3447027, -39,833628;GOVERNO;;;TRUE;;;;29/01/2026;04/12/2025;ANAILTON;;;;;;;;;https://drive.google.com/file/d/1upyEJCYV6Plq7-XjoRF1LeshqK8AxNgP/view?usp=drive_link;;;;MONTE SANTO;;;;ENERGIZADA;;;4731;;0;PLANO 7;;TRUE;;0;06/12/2025;;01/12/2025;;;Q097286;;DESL;;TRUE;Energizada;;ER-CIND-POV-MANDASSAIA-RURAL;;R$ 21.535,59;;
1225627;01/01/2026;SENHOR DO BONFIM;;67%;;TRUE;100%;;;;;7;;;;2;-10,9859438, -39,6234911;QLP;;;TRUE;;;;;05/01/2026;ANAILTON;;;;;;;;;https://drive.google.com/file/d/132SlHWdL59C189dcG451h3O_OmtbERn3/view;;;;QUEIMADAS;;LV-1165        1421 EN;;ENERGIZADA;;;;;E937008 – E937010;PLANO 7;;TRUE;;3;31/01/2026;;12/01/2026;;;D054475;;LV + ENERGZ;;TRUE;Energizada;;UB-CIND-LOT-NOVA QUEIMADAS-NOVA QUEIMADA;;R$ 31.120,68;;
0979517;01/01/2026;SENHOR DO BONFIM;;100%;;TRUE;100%;;;;;2;;;;12;;REPUTACIONAL;;;TRUE;;;;;12/01/2026;ANAILTON;;;;;;;;;https://drive.google.com/file/d/1q0U-Wvi_NAcU8NjvmaQWyFY5ZbNP9Ji5/view;;;;QUEIMADAS;;;;ENERGIZADA;;;;;E875544 – E875555;PLANO 14;;TRUE;;12;17/01/2026;;12/01/2026;;;DEPENDE DE 9101195078.;;LV + ENERGZ;;TRUE;Energizada;;ER-CIND-FAZ-RAIO DO SOL-RURAL;;R$ 31.510,73;;
1222441;01/01/2026;SENHOR DO BONFIM;;0%;;TRUE;100%;;;;;1;;;;0;-10,4984799, -40,3154779;AGIL;;;TRUE;;;;;20/01/2026;GESONI;;;;;;;;;;;;;CAMPO FORMOSO;;5263 BT;;ENERGIZADA;;;;;;PLANO 7;;TRUE;;2;23/01/2026;;21/01/2026;;;Q059443;;BT;;;Energizada;;UB-CIND-RUA-DO CUPIM-CENTRO;;R$ 13.025,83;;
1231947;01/01/2026;SENHOR DO BONFIM;;100%;;TRUE;100%;;;;1;10;;;;1;-10,6661634, -40,2718228;QLP;;;TRUE;;;;;08/01/2026;GESONI;;;;;;;;;https://drive.google.com/file/d/1Vj_9eh1Ib1g8cQPgpVpHAeM48t66wywJ/view;;;;FILADÉLFIA;;2789 EN;;ENERGIZADA;;;;;E860922;PLANO 7;;TRUE;;1;16/01/2026;;05/01/2026;;;B704313;;LV + ENERGZ;;TRUE;Energizada;;ER-CIND-FAZ-CACHOEIRA-RURAL;;R$ 17.998,34;;
1224954;01/01/2026;SENHOR DO BONFIM;;100%;;TRUE;100%;;;;14;3;;;;14;-11,082274, -40,0809083;QLP;;;TRUE;;;;;13/01/2026;GESONI;;;;;;;;;https://drive.google.com/file/d/1iGKuvQJI0v5aGVw9w8dNcLY0_p3aces3/view;;;;PONTO NOVO;;2845 EN LV-5470;;ENERGIZADA;;;;;E875584 – E875597;PLANO 7;;TRUE;;14;22/01/2026;;08/01/2026;;;B638516;;LV + ENERGZ;;TRUE;Energizada;;RR-CIND-POV-BARRACAS-RURAL BARRACAS;;R$ 103.743,31;;
1220601;01/01/2026;SENHOR DO BONFIM;;100%;;TRUE;100%;;;;;1;;;;3;-10.4276765, -40.1327385;AGIL;;;TRUE;;;;;20/01/2026;GESONI;;;;;;;;;;;;;SENHOR DO BONFIM;;5231 BT;;ENERGIZADA;;;;;;PLANO 7;;TRUE;;3;31/01/2026;;28/01/2026;;;E051804;;BT;;;Energizada;;ER-CIND-FAZ-BARAUNA-BARAUNA;;R$ 15.620,82;;
1078475;01/01/2026;SENHOR DO BONFIM;;86%;;TRUE;100%;;;;29;2;;;;25;-10,6472111, -40,5265507;REPUTACIONAL;;;TRUE;;;;29/01/2026;13/01/2026;ISRAEL;;;;;;;;;https://drive.google.com/file/d/1FnKZkQoZhjLq3VAxb2vEm97AOvqQVLSM/view;;;;ANTÔNIO GONÇALVES;;LV-5608;;ENERGIZADA;;;7237;;E936325 – E936352;PLANO 14;;TRUE;;29;31/12/2025;;14/12/2025;;;D047406;;LV + ENERGZ + BT;;TRUE;Energizada;;MP-CCOL-FAZ.MARRECO BREJÃO D.GROTA-RURAL;;R$ 342.077,94;;
1212007;01/01/2026;SENHOR DO BONFIM;;90%;;TRUE;100%;;;;19;1;;;;18;-10,4419294, -40,6783527;REPUTACIONAL;;;TRUE;;;;;06/01/2026;ISRAEL;12/01/2026;;;;;;;;https://drive.google.com/file/d/16FQnHfTq9mIvfo2a2mpzK2RJTdt2s8CG/view;;;;CAMPO FORMOSO;;1514 EN;;ENERGIZADA;;;;;E875613 – E875632;PLANO 7;;TRUE;;20;24/01/2026;;05/01/2026;;;Q064009;;LV + ENERGZ;;TRUE;Energizada;;ER-CIND-FAZ-TEREZA-RURAL;;R$ 171.422,01;;
0983966;01/01/2026;SENHOR DO BONFIM;;100%;;FALSE;50%;;;;;8;;;;0;-10,143847, -40,5343069;QLP;;;FALSE;;;;;;;;;;;;;;;https://drive.google.com/file/d/11KlXf3ohk262ltz0mSsMGoXngFhBwc47/view;;;;CAMPO FORMOSO;;;;;;;;;E936817 – E936895;PLANO 14;;TRUE;;87;;;;;;B139343;;LV + ENERGZ;;;Paralisada;;ER-CCOL-POV ARARAS-RURAL;;R$ 405.345,63;;
1203968;01/01/2026;SENHOR DO BONFIM;;130%;;FALSE;100%;;;;43;7;;;;90;-10,1347086, -40,4111479;QLP;;;FALSE;;;;;19/12/2025;JAIRO;;;;;;;;;https://drive.google.com/file/d/1KSc6z13NMyr7n5wp1d1gb9M5gAB4qBLi/view?usp=drive_link;;;;CAMPO FORMOSO;;LV-6061                 24167 EN;;;;;;;E936669 – E936737;PLANO 14;;TRUE;;69;31/01/2026;;19/01/2026;;;Q062498;;LV + ENERGZ;;TRUE;Em escavação;;RR-CIND-FAZ-JOAO GOMES-RURAL;;R$ 629.909,33;;
1242603;01/01/2026;SENHOR DO BONFIM;;100%;;FALSE;100%;;;;14;1;;;;14;-10,6510182, -39,8157491;REPUTACIONAL;;;FALSE;;;;;12/01/2026;ANAILTON;;;;;;;;;https://drive.google.com/file/d/1k-8OJ2oSQ7CGQLWvAN5QdgOl8p4gJWlp/view;;;;ITIÚBA;;1451 EN LV-5569;;FALTA TRAFO 2-10 211304, FALTA ELO 0,5H 536778, CABO POT 35 2223464;;;;;E875556 – E875569;PLANO 14;;TRUE;14;14;17/01/2026;;05/01/2026;;;Q093542;;LV + ENERGZ;;TRUE;Em escavação;;ER-CIND-POV-MATINHA-RURAL;;R$ 70.498,88;;
1213374;01/01/2026;SENHOR DO BONFIM;;93%;;FALSE;80%;;;;61;0;;;;57;-10,6682725, -40,3236711;GOVERNO;;;FALSE;;;;30/01/2026 E 31/01/2026;16/01/2026;REGINALDO;;;;;;;;;https://drive.google.com/file/d/1Utd2yOlswUx804w_pQErmAIBoci3PLBW/view;;;;PINDOBAÇU;;LV-6019 LV-6026;;FALTA CABO 2426 3X35 2230076;;;7251 (ANEXAR ACORDO);;E936609 – E936668;PLANO 7;;TRUE;62;61;15/02/2026;;20/01/2026;;;Q037089;;LV + BT + ENERGZ;;TRUE;Em escavação;;RI-SEIN-RUA-PINDOBACU-CENTRO;;R$ 448.030,10;;
1180267;01/01/2026;SENHOR DO BONFIM;;100%;;TRUE;100%;;;;11;1;;;;11;-10,7520101, -39,4984245;INSTITUCIONAL;;;TRUE;;;;;10/12/2025;ISRAEL;;;;;;;;;https://drive.google.com/file/d/11VNesRoWB3HZaad5JUyrA0_Vx88k-OD2/view?usp=drive_link;;;Pendente;CAMPO FORMOSO;;LV-151213            155594 EN;;ENERGIZADA;;;;;E875184 – E875194;PLANO 7;;TRUE;;11;13/12/2025;;01/12/2025;;;D068248;;LV + ENERGZ;;TRUE;Energizada;;ER-CIND-POV-SUMIDOURO-RURAL;;R$ 130.483,38;;
1229609;01/01/2026;SENHOR DO BONFIM;;150%;;TRUE;100%;;;;2;3;;;;3;-10,4572679, -40,5517428;QLP;;;TRUE;;;;;06/01/2026;ISRAEL;;;;;;;;;https://drive.google.com/file/d/1p3jxIQyqNMlgqMtbPGmxGkteOB92z_HD/view;;;;CAMPO FORMOSO;;LV-1182         1496 EN;;ENERGIZADA;;;;;E937002 – E937003;PLANO 7;;TRUE;;2;16/01/2026;;05/01/2026;;;D023868;;LV + ENERGZ;;TRUE;Energizada;;ER-CIND-POV-TIQUARA X-RURAL-TIQUARA;;R$ 29.850,03;;
1188776;01/01/2026;SENHOR DO BONFIM;;113%;;TRUE;100%;;;;23;2;;;;26;-10,2491339, -40,1542061;GOVERNO;;;TRUE;;;;;08/01/2026;JEFFERSON;;;;;;;;;https://drive.google.com/file/d/1mKFkn050SDLJx3LYxzSkuYRMsutpGxZi/view;;;;JAGUARARI;;2797 EN LV-5991;;ENERGIZADA;;;;;E875654 – E875676;PLANO 7;;TRUE;;23;17/01/2026;;05/01/2026;;;B457888;;LV + ENERGZ;;TRUE;Energizada;;ER-SEIN-FAZ-TANQUINHO DA PEDRA-ODILON G;;R$ 172.986,77;;
0734547;01/01/2026;SENHOR DO BONFIM;;93%;;FALSE;100%;;;;;3;;;;13;-10,1273956, -40,732631;REPUTACIONAL;;;FALSE;;;;;06/01/2026;ISRAEL;;;;;;;;;https://drive.google.com/file/d/18UJcbZbswKDWyPqqCjc-0SFHTwe3YsNK/view;;;;CAMPO FORMOSO;;5346 EN LV-6480;;FALTA TRAFO 2-10 211304, FALTA ELO 0,5H 536778, SUSPENSAO 34 2322006;;;;;E875570 – E875583;PLANO 14;;TRUE;;14;16/01/2026;;05/01/2026;;;Q025022;;LV + ENERGZ;;TRUE;NÃO DEFINIDO;;MP-CCOL-POV ATALHO 44444 - RURAL;;R$ 69.829,38;;
0984471;01/01/2026;SENHOR DO BONFIM;;100%;;FALSE;50%;;;;;6;;;;51;-10,1154277, -40,4850514;AIC AUDITORIA;;;FALSE;;;;;19/01/2026;JAIRO;;;;;;;;;https://drive.google.com/file/d/1yFKO37daW2DuXEErbro-rEfuw7VKp6kj/view;;;;CAMPO FORMOSO;;LV-6619         24172 EN;;FALTA ELO 0,5H 536778, 3430547 ALÇA 25, 3431611 LAÇO 25, CABO POT 35 2223464;;;;;E936559 – E936608;PLANO 14;;TRUE;2;51;28/02/2026;;20/01/2026;;;B139231;;LV + ENERGZ;;TRUE;NÃO DEFINIDO;;MP-CCOL-POV ARARAS-RURAL;;R$ 248.561,08;;
1145072;01/01/2026;SENHOR DO BONFIM;;21%;;TRUE;100%;;;;;1;;;;4;-10,2315923, -39,3376556;PRIORIDADE PLANO ANEEL;;;TRUE;;;;;18/12/2025;JEFFERSON;;;;;;;;;https://drive.google.com/file/d/1v0rY_6dPG0KH_kxLjPJc78_tIXMNVB2L/view?usp=drive_link;;;Pendente;JAGUARARI;;LV-151307                   157669 EN;;ENERGIZADA;;;;;E875155 – E875163;PLANO 7;;TRUE;;19;31/12/2025;;08/12/2025;;;D261007;;LV + ENERGZ;;TRUE;Energizada;;ER-CIND-FAZ-CARPINTARIA-NUCLEO PILAR;;R$ 74.659,68;;
1217158;01/01/2026;SENHOR DO BONFIM;;100%;;TRUE;100%;;;;;0;;;;12;-10,1933772, -40,2203276;GOVERNO;;;TRUE;;;;;07/01/2026;JEFFERSON;;;;;;;;;https://drive.google.com/file/d/1Hio-bSdJNej731nan7kgcFHcHpLnVohu/view;;;;JAGUARARI;;1540 BT;;ENERGIZADA;;;;;E875532 – E875543;PLANO 7;;TRUE;;12;16/01/2026;;05/01/2026;;;Q046958;;BT;;TRUE;Energizada;;UB-SEIN-ROD-LOMANTO JUNIOR -URBANA;;R$ 92.197,25;;
1170043;01/01/2026;SENHOR DO BONFIM;;0%;;TRUE;100%;;;;;1;;;;0;-9,8913282, -39,9656842;GOVERNO;;;TRUE;;;;30/01/2026;07/01/2026;JEFFERSON;;;;;;;;;https://drive.google.com/file/d/1cvg8_AgVYmPryFcsAkPydO3A98IwoVey/view;;;;JAGUARARI;;LV-4591;;ENERGIZADA;;;7588;;E937004 – E937005;PLANO 7;;TRUE;;2;16/01/2026;;05/01/2026;;;Q069246;;DESL + LV;;TRUE;Energizada;;UB-CIND-RUA-QUIPA 1226 -PR-CENTRO;;R$ 56.320,08;;
1023469;01/01/2026;SENHOR DO BONFIM;;13%;;TRUE;100%;;;;15;4;;;;2;-10,3841074, -40,1187975;GOVERNO;;;TRUE;;;;15/01/2026;07/01/2026;JOILSON;;;;;;;;;https://drive.google.com/file/d/1D_HpxkPYmhMOgQzicJAzR6K4DOqufsIq/view;;;;SENHOR DO BONFIM;;1591 EN;;ENERGIZADA;;;167030;;E875598 – E875612;PLANO 14;;TRUE;;15;31/01/2026;;19/01/2026;;;D250701;;DESL + ENERGZ;;TRUE;Energizada;;RR-SEIN-FAZ-ANJO-RURAL;;R$ 135.705,85;;
1221916;01/01/2026;SENHOR DO BONFIM;;119%;;FALSE;100%;;;;;8;;;;25;-9,8904815, -39,9658245;QLP;;;FALSE;;;;31/01/2026;07/01/2026;JEFFERSON;;;;;;;;;https://drive.google.com/file/d/1n_xffADCT16pqNHvte3HZBQd3Rc1Hrom/view;;;;JAGUARARI;;EN1551-BT1563-BT-1567-LV6498;;;;;7655;;E875633 – E875653;PLANO 7;;TRUE;;21;17/01/2026;;12/01/2026;;;Q069242;;DESL + LV + BT + ENERGZ;;TRUE;Em execução;;UB-CIND-RUA-DO MORRINHO-CENTRO;;R$ 188.959,99;;
1043420;01/01/2026;SENHOR DO BONFIM;;97%;;FALSE;50%;;;;;7;;;;77;-10,9296104, -39,7060011;INSTITUCIONAL;;;FALSE;;;;;15/01/2026;GESONI;;;;;;;;;https://drive.google.com/file/d/1iVWNsZQ0Vj0cs6UliI2EDHEfyZb44H_g/view?usp=drive_link;;;;ITIÚBA;;LV-5724         24223 EN;;FALTA 3430547 ALÇA 25, 3431611 LAÇO 25;;;;;E936738 – E936816;PLANO 14;;TRUE;70;79;28/02/2026;;26/01/2026;;;D249046;;LV + ENERGZ;;TRUE;NÃO DEFINIDO;;MP-CCOL-POV. VARZINHA RURAL;;R$ 802.121,47;;
1229278;01/01/2026;SENHOR DO BONFIM;;100%;;TRUE;100%;;;;;1;;;;5;-10,5053418, -40,1614599;AGIL;;;TRUE;;;;;20/01/2026;JOILSON;;;;;;;;;;;;;SENHOR DO BONFIM;;5213 BT;;ENERGIZADA;;;;;;PLANO 7;;TRUE;;5;30/01/2026;;26/01/2026;;;D911630;;BT;;;Energizada;;UB-CIND-RUA-PASSAGEM VELHA-OLARIA;;R$ 25.386,79;;
1228653;01/01/2026;SENHOR DO BONFIM;;67%;;FALSE;100%;;;;3;1;;;;2;-10,0433385, -40,2269572;SOLICITAÇÃO ATENDIMENTO;;;FALSE;;;;28/01/2026;07/01/2026;JEFFERSON;;;;;;;;;https://drive.google.com/file/d/1koCRpj2CZnQIsd9IYKN1OYg42zhNUzl_/view;;;;JAGUARARI;;1527 BT 1537 EN;;FALTA TRAFO 3-45 210444, ELO 3H 536781, 3X70 2230084;;;5367;;E875506 – E875508;PLANO 7;;TRUE;;3;16/01/2026;;05/01/2026;;;Q048359;;DESL + LV + BT + ENERGZ;;TRUE;NÃO DEFINIDO;;ER-CIND-RUA-DA LINHA-CENTRO-FLAMENGO;;R$ 103.250,38;;
1228865;01/01/2026;SENHOR DO BONFIM;;100%;;TRUE;100%;;;;;0;;;;5;-10,4115142, -40,1820197;JUDICIAL;;;TRUE;;;;23/01/2026;26/01/2026;JOILSON;;;;;;;;;https://drive.google.com/file/d/18GLhVyQbAeZqxZBqhuv8xT3s3xnqZIdr/view;;;;SENHOR DO BONFIM;;LV-6041;;ENERGIZADA;;;9461;;E875509 – E875513;PLANO 8;;TRUE;;5;24/01/2026;;13/01/2026;;;Q043242;;DESL + LV;;;Energizada;;RC-CIND-ROD-BOMFIM IGARA 407-RR-S BOMFIM;;R$ 74.513,20;;
1235535;01/01/2026;SENHOR DO BONFIM;;100%;;TRUE;100%;;;;;1;;;;4;-10,5560158, -40,1168724;AGIL;;;TRUE;;;;;20/01/2026;JOILSON;;;;;;;;;;;;;SENHOR DO BONFIM;;5221 BT;;ENERGIZADA;;;;;;PLANO 7;;TRUE;;4;27/01/2026;;22/01/2026;;;D097591;;BT;;;Energizada;;ER-SEIN-POV-TANQUE VELHO-TANQUE VELHO;;R$ 22.388,97;;
1237655;01/01/2026;SENHOR DO BONFIM;;100%;;TRUE;100%;;;;;1;;;;2;-10,3396259, -39,8088047;AGIL;;;TRUE;;;;;20/01/2026;JOSE ROBERTO;;;;;;;;;;;;;ANDORINHAS;;5236 BT;;ENERGIZADA;;;;;;PLANO 7;;TRUE;;2;30/01/2026;;26/01/2026;;;D554623;;BT;;;Energizada;;ER-CIND-FAZ-MELANCIA-RURAL-ANDORINHA;;R$ 8.254,87;;
1229407;01/01/2026;SENHOR DO BONFIM;;100%;;TRUE;100%;;;;12;6;;;;12;-10,5758932, -40,273331;QLP;;;TRUE;;;;;07/01/2026;JOSE ROBERTO;;;;;;;;;https://drive.google.com/file/d/13CFJBocynavyy0QeHb1C5hHmGeEUcUxG/view;;;;ANTÔNIO GONÇALVES;;;;ENERGIZADA;;;;;E875520 – E875531;PLANO 7;;TRUE;;12;14/01/2026;;05/01/2026;;;D008505;;BT;;TRUE;Energizada;;UB-CIND-RUA-FLORISVALDO F CARDOSO-CENTRO;;R$ 66.630,28;;
1214216;01/01/2026;SENHOR DO BONFIM;;100%;;TRUE;100%;;;;3;1;;;;3;-10,5716478, -40,2805947;GOVERNO;;;TRUE;;;;;07/01/2026;JOSE ROBERTO;;;;;;;;;https://drive.google.com/file/d/1_B-x0xUD_wm871785R6TMpbC1HFFONMw/view;;;;ANTÔNIO GONÇALVES;;;;ENERGIZADA;;;;;E875503 – E875505;PLANO 7;;TRUE;;3;14/01/2026;;05/01/2026;;;D084805;;LV + ENERGZ;;TRUE;Energizada;;RI-SEIN-RUA-ALTO DA ESTA AO-ANTONIO GONC;;R$ 42.875,57;;
1218789;01/01/2026;SENHOR DO BONFIM;;0%;;TRUE;100%;;;;3;1;;;;0;;AGIL;;;TRUE;;;;;11/12/2025;JOSE ROBERTO;;;;;;;;;;;;;ANTÔNIO GONÇALVES;;;FALSE;ENERGIZADA;;;;;;PLANO 7;;TRUE;;3;19/12/2025;;15/12/2025;;;;;BT;;TRUE;Energizada;;UB-CIND-RUA-JOAO GONCALVES-CENTRO ANTONI;;R$ 12.000,00;;FALSE
1201683;01/01/2026;SENHOR DO BONFIM;;61%;;FALSE;80%;;;;;9;;;;57;-10,0283077, -40,0517367;GOVERNO;;;FALSE;;;;;26/01/2026;JEFFERSON/OSMAR;;;;;;;;;https://drive.google.com/file/d/1ypo2v-XF7HyvPiCu55oHvcALYKtBnRxg/view;;;;JAGUARARI;;LV-6538;;;;;;;E936903 – E936995;PLANO 7;;TRUE;20;94;28/02/2026;;20/01/2026;;;B971287;;LV + ENERGZ + BT;;;NÃO DEFINIDO;;ER-SEIN-POV-SANTO ANTONIO-SANTO ANTONIO;;R$ 802.766,79;;
1213741;01/01/2026;SENHOR DO BONFIM;;106%;;FALSE;100%;;;;;0;;;;35;-10,6216199, -40,2905741;GOVERNO;;;FALSE;;;;;13/01/2026;JOSE ROBERTO;;;;;;;;;https://drive.google.com/file/d/1OUrliukqqrj_sKOeh_P-TgwvPeYk6S3J/view;;;;PINDOBAÇU;;LV-5674;;FALTA 1102 3x35 2230076;;;;;E936417 – E936448;PLANO 7;;TRUE;;33;31/01/2026;;13/01/2026;;;Q036262;;LV + BT + ENERGZ;;TRUE;NÃO DEFINIDO;;RR-SEIN-RUA-PINDOBACU-CENTRO;;R$ 239.084,55;;
1213480;01/01/2026;SENHOR DO BONFIM;;108%;;FALSE;80%;;;;;0;;;;42;-10,7993508, -40,380492;GOVERNO;;;FALSE;;;;;08/01/2026;REGINALDO;;;;;;;;;https://drive.google.com/file/d/1_rT7MYpbbS2UoT4wakh3zwp-KwuKqbLt/view?usp=drive_link;;;;PINDOBAÇU;;2813 EN LV-6517;;FALTA CABO 1876 3X35 2230076;;;;;E936521 – E936558;PLANO 7;;TRUE;34;39;19/01/2026;;05/01/2026;;;Q056995;;LV + BT + ENERGZ;;TRUE;NÃO DEFINIDO;;IP-SEIN-RUA-ITAPICURU-RURAL;;R$ 314.397,05;;
1221931;01/01/2026;SENHOR DO BONFIM;;100%;;TRUE;100%;;;;;1;;;;4;-10,739757, -40,4714933;AGIL;;;TRUE;;;;;20/01/2026;JOSE ROBERTO;;;;;;;;;;;;;PINDOBAÇU;;5224 BT;;ENERGIZADA;;;;;;PLANO 7;;TRUE;;4;24/01/2026;;19/01/2026;;;Q063899;;BT;;;Energizada;;ER-CIND-RUA-APOLONIO-JATOBA;;R$ 22.354,91;;
1155068;01/01/2026;SENHOR DO BONFIM;;100%;;FALSE;100%;;;;;0;;;;0;;MMGD;;;FALSE;;;;;;;;;;;;;;;https://drive.google.com/file/d/1WEPBbYCotEgnGitlXdoiOTy27kAKT03S/view;;;;PONTO NOVO;;;;;;;;;;PLANO 7;;;0;0;;;;;;DEPENDE DE 9102069530;;RELIG;;;Paralisada;;EQ-GRUA-ROD BR 407 - RURAL;;R$ 88.538,44;;
1187294;01/01/2026;SENHOR DO BONFIM;;100%;;FALSE;100%;;;;;0;;;;0;;MMGD;;;FALSE;;;;;;;;;;;;;;;https://drive.google.com/file/d/1lwe87KiV8_qlu3uowUl1wlTyc2B6XGUZ/view;;;;PONTO NOVO;;;;;;;;;;PLANO 7;;;0;0;;;;;;DEPENDE DE OUTRO PROJETO;;RELIG;;;Paralisada;;EQ-COEL-ROD-CJN - SIX ENERGY-RURAL;;R$ 97.291,85;;
1223728;01/01/2026;SENHOR DO BONFIM;;100%;;TRUE;100%;;;;;1;;;;1;-10,6208025, -40,1372741;AGIL;;;TRUE;;;;;20/01/2026;MARCELO;;;;;;;;;;;;;SENHOR DO BONFIM;;5284 BT;;ENERGIZADA;;;;;;PLANO 7;;TRUE;;1;23/01/2026;;20/01/2026;;;D408504;;BT;;;Energizada;;ER-CIND-TRV-SENHOR DO BONFIM-CENTRO-TIJU;;R$ 6.502,60;;
1185253;01/01/2026;SENHOR DO BONFIM;;100%;;FALSE;100%;;;;;0;;;;0;;MMGD;;;FALSE;;;;;;;;;;;;;;;https://drive.google.com/file/d/1TcwDfsEJAKA-6uXkkk6A3HSB6bISnUkV/view;;;;QUEIMADAS;;;;;;;;;;PLANO 7;;;0;0;;;;;;DEPENDE DE OUTRO PROJETO;;RELIG;;;Paralisada;;EQ GRUA-FAZ-RIACHO DOS NEGROS-RURAL;;R$ 133.144,47;;
1223889;01/01/2026;SENHOR DO BONFIM;;97%;;FALSE;100%;;;;;2;;;;32;-10,9948355, -39,5379872;QLP;;;FALSE;;;;;12/01/2026;ANAILTON;;;;;;;;;https://drive.google.com/file/d/1QagrSAAiJWunSk947lAJ6e3ElyJ3AtEn/view?usp=drive_link;;;;QUEIMADAS;;2886 EN LV-5584;;FALTA TRAFO 2-15 211308, FALTA ELO 0,5H 536778,  2322006 SUSPENSAO, 3430547 ALÇA 25, 3431611 LAÇO 25;;;;;E936384 – E936416;PLANO 7;;TRUE;29;33;24/01/2026;;12/01/2026;;;D918621;;LV + ENERGZ;;TRUE;NÃO DEFINIDO;;ER-CIND-POV-LAGOA DAS MO AS- PONTO NOVO;;R$ 301.753,13;;
1200575;01/01/2026;SENHOR DO BONFIM;;0%;;TRUE;100%;;;;;1;;;;0;-10,3195859, -39,1927885;PRIORIDADE PLANO ANEEL;;;TRUE;;;;27/01/2026;09/12/2025;OSMAR;;;;;;;;;https://drive.google.com/file/d/10HJ5boLCn412A8pZ4lcGQ_dCB0NAwAvA/view?usp=drive_link;;;;CAMPO FORMOSO;;;;ENERGIZADA;;;4727;;E903481 – E903482;PLANO 14;;TRUE;;2;20/12/2025;;15/12/2025;;;D130228;;DESL;;TRUE;Energizada;;ER-CIND-TRV-SAO FRANCISCO -RURAL;;R$ 9.937,27;;
1214280;01/01/2026;SENHOR DO BONFIM;;97%;;FALSE;100%;;;;;1;;;;30;-11,1013139, -39,8757613;QLP;;;FALSE;;;;;05/01/2026;MARCELO;;;;;;;;;https://drive.google.com/file/d/1NK9tsMR-2pkOtRS7SOoKtYo5jmg8xiYa/view;;;;QUEIMADAS;;LV-1169          24226 EN;;;;;;;E936353 – E936383;PLANO 7;;TRUE;;31;31/01/2026;;19/01/2025;;;D085909;;LV + ENERGZ;;TRUE;NÃO DEFINIDO;;ER-CIND-POV-ALECRIM PEDRAS ALTAS-RURAL;;R$ 211.050,93;;
1022962;01/01/2026;SENHOR DO BONFIM;;68%;;FALSE;100%;;;;;0;;;;19;-11,1366409, -39,7243466;INSTITUCIONAL;;;FALSE;;;;;05/01/2026;MARCELO;;;;;;;;;https://drive.google.com/file/d/1iYz87MMRvru0zsqQrykoZ7K8AJ4IPix8/view;;;;QUEIMADAS;;LV-1138          24256 EN;;;;;;;E936270 – E936296;PLANO 14;;TRUE;;28;17/01/2026;;05/01/2025;;;D755470;;LV + ENERGZ;;TRUE;NÃO DEFINIDO;;RR-CCOL-FAZ-BOA VISTA-RURAL;;R$ 115.177,33;;
1192514;01/01/2026;SENHOR DO BONFIM;;96%;;TRUE;100%;;;;;3;;;;27;-10,1785883, -40,1623422;GOVERNO;;;TRUE;;;;;13/01/2026;OSMAR;;;;;;;;;https://drive.google.com/file/d/15T5edlGcCGLBZsGk8FBz7k7aSNEGzBGO/view;;;;JAGUARARI;;2890 EN LV-5647;;ENERGIZADA;;;;;E936297 – E936324;PLANO 7;;TRUE;;28;24/01/2026;;19/01/2026;;;Q048752;;LV + ENERGZ;;TRUE;Energizada;;RR-CCOL-POV-MALACAXETA 1800-LAGEDO;;R$ 223.226,52;;
1218599;01/01/2026;SENHOR DO BONFIM;;100%;;TRUE;100%;;;;;0;;;;10;-10,7408517, -40,1242072;QLP;;;TRUE;;;;;;OSMAR;;;;;;;;;https://drive.google.com/file/d/1FBZ8mw8c7iDhTCvgp8LBeXd8FO9byPXz/view?usp=drive_link;;;;MONTE SANTO;;154524 EN LV-161772;;ENERGIZADA;;;;;;PLANO 7;;TRUE;;10;;;;;;D772198;;BT;;TRUE;Energizada;;ER-CIND-ET-PEDRA BRANCA-RURAL;;R$ 85.822,51;;
1123207;01/01/2026;SENHOR DO BONFIM;;0%;;TRUE;100%;;;;;1;;;;0;-10,479504, -39,3025142;NOVOS QUESTIONAMENTOS ANEEL;;;TRUE;;;;;05/01/2026;OSMAR;07/01/2026;;;;;;;;https://drive.google.com/file/d/1Slf6OG7UadPjZ1SHAOa39ahiJrTYSi13/view;;;;MONTE SANTO;;1605 BT;;ENERGIZADA;;;;;E875514 – E875519;PLANO 14;;TRUE;;6;10/01/2026;;05/01/2026;;;D394958;;BT;;TRUE;Energizada;;ER-CIND-FAZ-PEDRA-DO MATADOURO;;R$ 36.939,22;;
1192368;01/01/2026;SENHOR DO BONFIM;;100%;;TRUE;100%;;;;;1;;;;0;-10,4062685, -39,210528;SLA;;;TRUE;;;;;05/01/2026;OSMAR;08/01/2026;;;;;;;;https://drive.google.com/file/d/1WjkWdoE9aMIypSmy2MMhjjzWcREpEi6H/view;;;;MONTE SANTO;;1597 BT;;ENERGIZADA;;;;;;PLANO 14;;TRUE;;0;10/01/2026;;05/01/2026;;;D252116;;BT;;TRUE;Energizada;;ER-CIND-FAZ-MARIA DE LIMA-MARIA DE LIMA;;R$ 1.660,62;;
1225952;01/01/2026;SENHOR DO BONFIM;;67%;;TRUE;100%;;;;;1;;;;2;-10,3439107, -39,8354242;AGIL;;;TRUE;;;;;20/01/2026;REGINALDO;;;;;;;;;;;;;ANDORINHAS;;5226 BT;;ENERGIZADA;;;;;;PLANO 7;;TRUE;3;3;31/01/2026;;27/01/2026;;;Q097016;;BT;;;Energizada;;UB-CIND-RUA-MARIA ARAUJO-JUSTINO GOMES;;R$ 18.490,19;;
1227477;01/01/2026;SENHOR DO BONFIM;;0%;;TRUE;100%;;;;;1;;;;0;-10,2396611, -40,2399918;AGIL;;;TRUE;;;;;20/01/2026;REGINALDO;;;;;;;;;;;;;JAGUARARI;;5177 BT;;ENERGIZADA;;;;;;PLANO 7;;TRUE;;8;30/01/2026;;19/01/2026;;;D137558;;BT;;;Energizada;;ER-CIND-POV-SERRA MORGADOS-RURAL;;R$ 54.221,62;;
1157179;01/01/2026;SENHOR DO BONFIM;;100%;;FALSE;67%;;;;;1;;;;3;;GRUPO A;;;FALSE;;;;;06/01/2026;;;;;;;;;;https://drive.google.com/file/d/1nZP2Q6clxLAi_G9FpR2MdqvbdUJSXpbr/view;;;;SENHOR DO BONFIM;;;;;;;;;E936449 – E936483;PLANO 7;;TRUE;0;36;31/01/2026;;05/01/2026;;;;;DESL + LV;;;Paralisada;;IT GRUA AG CANDIDO FONSECA RURAL;;R$ 455.995,37;;
1157045;01/01/2026;SENHOR DO BONFIM;;100%;;FALSE;100%;;;;;0;;;;0;-10,4831793, -40,1660255;MMGD;;;FALSE;;;;;;;;;;;;;;;https://drive.google.com/file/d/1jHzMUmfkfSL9z1YRdGBS4ADe8iBXbHg3/view;;;;SENHOR DO BONFIM;;;;;;;;;E936996;PLANO 7;;;0;1;;;;;;Q041880;;LV;;;Paralisada;;EQ GRUA-AG CANDIDO FONSECA;;R$ 99.427,13;;
1234592;01/01/2026;SENHOR DO BONFIM;;100%;;TRUE;;;;;;;;;;1;;;;;TRUE;;;;;;REGINALDO;;;;;;;;;;;;;SENHOR DO BONFIM;;;FALSE;ENERGIZADA;;;;;;;;FALSE;1;1;;;;;;;;;;FALSE;Energizada;;ER CIND MARISTAS ;;;;FALSE
1201683;01/02/2026;SENHOR DO BONFIM;;;;;100%;;;;48 FURADAS;9;;;;57;-10,027566, -40,051352;GOVERNO;;É POSSIVEL;FALSE;Nao concluida;Nao concluida;Nao concluida;;03/02/2026;OSMAR;;;;;;;-10,027566;;https://drive.google.com/file/d/1ypo2v-XF7HyvPiCu55oHvcALYKtBnRxg/view;-40,051352;;;JAGUARARI;;LV-6538 EN 24717   BT 24724;; ELO 0,5H 536778;;;;;E936903 – E936995;PLANO 7;;TRUE;20;94;27/02/2026;;02/02/2026;;;B971287;;LV + ENERGZ + BT;N3/4;;NÃO DEFINIDO;ADRIANO;ER-SEIN-POV-SANTO ANTONIO-SANTO ANTONIO;;R$ 802.766,79;;
1203968;01/02/2026;SENHOR DO BONFIM;;;;;100%;;TRUE;;91;;;;;90;-10,1347086, -40,4111479;QLP;;;FALSE;20;20;OK;;;ADAO;28/02/2026;;;;;;-10,1347086;;https://drive.google.com/file/d/1KSc6z13NMyr7n5wp1d1gb9M5gAB4qBLi/view?usp=drive_link;-40,4111479;;;CAMPO FORMOSO;;24167 EN;;ENERGIZADA;;;;;E936669 – E936737;PLANO 7;;TRUE;0;91;27/02/2026;;02/02/2026;;;;;LV+ ENERGZ;;TRUE;Energizada;EDLECIO;RR-CIND-FAZ-JOAO GOMES-RURAL;;R$ 663.368,59;;FALSE
0983966;01/02/2026;SENHOR DO BONFIM;;;;;100%;;;;;8;;;;0;-10,143847, -40,5343069;QLP;;É POSSIVEL;FALSE;Nao concluida;Nao concluida;Nao concluida;;;;;;;;;;-10,143847;;https://drive.google.com/file/d/11KlXf3ohk262ltz0mSsMGoXngFhBwc47/view;-40,5343069;;;CAMPO FORMOSO;;;;COLOCAR COMO AVANÇO;;;;;E936817 – E936895;PLANO 14;;TRUE;;87;31/03/2026;;23/02/2026;;;B139343;;LV + ENERGZ;N3/4;;Paralisada;EDLECIO;ER-CCOL-POV ARARAS-RURAL;;R$ 405.345,63;;
1043420;01/02/2026;SENHOR DO BONFIM;;;;;50%;;;;53 FURADAS (26 DETONADAS);7;;;;77;-10,9296104, -39,7060011;INSTITUCIONAL;;É POSSIVEL;FALSE;Nao concluida;Nao concluida;Nao concluida;;02/02/2026;GESONI;;;;;;;-10,9296104;;https://drive.google.com/file/d/1iVWNsZQ0Vj0cs6UliI2EDHEfyZb44H_g/view?usp=drive_link;-39,7060011;;;ITIUBA;;LV-5724  EN 24223 ;;FALTA CABO 4 2202040;;;;;E936738 – E936816;PLANO 14;;TRUE;70;79;31/03/2026;;23/02/2026;;;D249046;;LV + ENERGZ;N3/4;TRUE;NÃO DEFINIDO;GABRIEL;MP-CCOL-POV. VARZINHA RURAL;;R$ 802.121,47;;
1213374;01/02/2026;SENHOR DO BONFIM;;;;;100%;;;;61;0;;;;57;-10,6682725, -40,3236711;GOVERNO;;PENDENTE ANALISE //  (1 SUBS E 2 POSTE);FALSE;Nao concluida;Nao concluida;Nao concluida;27/02/2026;;REGINALDO;;;;;;;-10,6682725;;https://drive.google.com/file/d/1Utd2yOlswUx804w_pQErmAIBoci3PLBW/view;-40,3236711;;;PINDOBAÇU;;20353(D) 23147 EN     23149 BT;;FALTA  2212022 3x35 XLPE, 2202040 CABO 4;;;;;E936609 – E936668;PLANO 7;;TRUE;62;61;20/02/2026;;02/02/2026;;;Q037089;;DESL + BT + ENERGZ;;TRUE;NÃO DEFINIDO;ADRIANO;RI-SEIN-RUA-PINDOBACU-CENTRO;;R$ 448.030,10;;
0984471;01/02/2026;SENHOR DO BONFIM;;;;;100%;;FALSE;;39 FURADAS;6;;;;51;-10,1154277, -40,4850514;AIC AUDITORIA;;É POSSIVEL;FALSE;Nao concluida;Nao concluida;Nao concluida;;;ADAO;;;;;;;-10,1154277;;https://drive.google.com/file/d/1yFKO37daW2DuXEErbro-rEfuw7VKp6kj/view;-40,4850514;;;CAMPO FORMOSO;;LV-6619    24172 EN;;FALTA ELO 0,5H 536778;;;;;E936559 – E936608;PLANO 14;;TRUE;2;51;27/02/2026;;02/02/2026;;;B139231;;LV + ENERGZ;N3/4;TRUE;NÃO DEFINIDO;EDLECIO;MP-CCOL-POV ARARAS-RURAL;;R$ 248.561,08;;
1213480;01/02/2026;SENHOR DO BONFIM;;;;;100%;;;;39;0;;;;42;-10,7993508, -40,380492;GOVERNO;;DESATIVAR VÃO;FALSE;Nao concluida;Nao concluida;Nao concluida;19/02/2026;04/02/2026;REGINALDO;;;;;;;-10,7993508;;https://drive.google.com/file/d/1_rT7MYpbbS2UoT4wakh3zwp-KwuKqbLt/view?usp=drive_link;-40,380492;;;PINDOBAÇU;;2813 EN LV-6517 / 18242 (D) 24730 BT;; FALTA 3431760 LAÇO 35, CABO 2230076 3X35(35),536779 - ELO  1H,CONECT ESTRIBO 2403000 ;;;;;E936521 – E936558;PLANO 7;;TRUE;34;39;27/02/2026;;16/02/2026;;;Q056995;;DESL + LV + BT + ENERGZ;1 N1;FALSE;NÃO DEFINIDO;ADRIANO;IP-SEIN-RUA-ITAPICURU-RURAL;;R$ 314.397,05;;
0603860;01/02/2026;SENHOR DO BONFIM;;;;;100%;;;;40;5;;;;40;-10,2372809, -39,7605516;AIC AUDITORIA;;;FALSE;Nao concluida;Nao concluida;Nao concluida;;;ALDAIR;;;;;;;-10,2372809;;https://drive.google.com/file/d/17avaG8zEW6an6JTBzSPHMhWlnw158saO/view;-39,7605516;;;ANDORINHA;;2891 EN       2892 BT;;FALTA TRAFO 4 2-10 211304, FALTA ELO 0,5H 536778, CONECT ESTRIBO 2403000 ;;;;;E936484 – E936520;PLANO 14;;TRUE;41;38;18/02/2026;;02/02/2026;;;D040108;;LV + ENERGZ + BT;;TRUE;NÃO DEFINIDO;GABRIEL;MP-CCOL-POV. MANDI COMPL-RURAL;;R$ 145.038,21;;
1157179;01/02/2026;SENHOR DO BONFIM;;;;;100%;;;;;1;;;;3;;GRUPO A;;MELHORAMENTO;FALSE;Nao concluida;Nao concluida;Nao concluida;;;;;;;;;;;;https://drive.google.com/file/d/1nZP2Q6clxLAi_G9FpR2MdqvbdUJSXpbr/view;;;;SENHOR DO BONFIM;;;;Paralisada;;;;;E936449 – E936483;PLANO 7;;TRUE;22;36;;;;;;;;DESL + LV;;;Paralisada;;IT GRUA AG CANDIDO FONSECA RURAL;;R$ 455.995,37;;
0570402;01/02/2026;SENHOR DO BONFIM;;;;;100%;;;;35;1;;;;35;-10,0598907, -40,2563495;GOVERNO;;É POSSIVEL;FALSE;Nao concluida;Nao concluida;Nao concluida;;16/02/2026;JEFFERSON;;;;;;;-10,0598907;;https://drive.google.com/file/d/1XwD7J2s9T0MUwQmz_r-J5Q82iHlVpkPJ/view;-40,2563495;;;JAGUARARI;;22452 LV EN 24314;;FALTA CABO 4 2202040, 3430547 ALÇA 25, ELO 0,5H 536778;;;;; E939107 -  E939142;PLANO 14;;TRUE;31;35;27/02/2026;;16/02/2026;;;D686168;;LV + ENERGZ;1 N1-3;;NÃO DEFINIDO;ADRIANO;MP-CIND-FAZ MULAMBA-TANQUINHO-RURAL;;R$ 137.134,64;;
1193455;01/02/2026;SENHOR DO BONFIM;;;;;100%;;FALSE;;26 FURADAS;5;;;;35;-10,4476125, -39,5672436;QLP;;NÃO E POSSIVEL;FALSE;Nao concluida;Nao concluida;Nao concluida;;16/02/2026;ALDAIR;;;;;;;-10,4476125;;https://drive.google.com/file/d/1-GHqX6N1FHBYQW6Mql1Qg7O-SRNvNzMF/view;-39,5672436;;;MONTE SANTO;;22178 LV   24283 EN;;FALTA CABO 4 2202040, Adicionar 2 poste 11600 AN1;;;;; E939143 -  E939175;PLANO 14;;TRUE;8;33;27/02/2026;;16/02/2026;;;D020576;;LV + ENERGZ;N3;;NÃO DEFINIDO;GABRIEL;RR-CIND-POV-TOCAS-RURAL;;R$ 341.230,88;;
1223889;01/02/2026;SENHOR DO BONFIM;;;;;100%;;;;33;2;;;;32;-10,9948355, -39,5379872;QLP;;É POSSIVEL;FALSE;Nao concluida;Nao concluida;Nao concluida;;;ANAILTON;;;;;;;-10,9948355;;https://drive.google.com/file/d/1QagrSAAiJWunSk947lAJ6e3ElyJ3AtEn/view?usp=drive_link;-39,5379872;;;QUEIMADAS;;2886 EN LV-5584;;FALTA TRAFO 2-10 211304, FALTA ELO 0,5H 536778, 3430547 ALÇA 25 , CONECT ESTRIBO 2403000 ;;;;;E936384 – E936416;PLANO 7;;TRUE;29;33;27/02/2026;;02/02/2026;;;D918621;;LV + ENERGZ;1 N1-3;TRUE;NÃO DEFINIDO;GABRIEL;ER-CIND-POV-LAGOA DAS MO AS- PONTO NOVO;;R$ 301.753,13;;
1213741;01/02/2026;SENHOR DO BONFIM;;;;TRUE;100%;;TRUE;;33;0;;;;35;-10,6216199, -40,2905741;GOVERNO;;SUBS CABO;TRUE;OK;OK;OK;13/02/2026;24/02/2026;JOSE ROBERTO;19/02/2026;;;;;;-10,6216199;;https://drive.google.com/file/d/1OUrliukqqrj_sKOeh_P-TgwvPeYk6S3J/view;-40,2905741;;;PINDOBAÇU;;  23153 EN / LV-5674 14752(D) LV-20421 23157 BT;;ENERGIZADA;;;;;E936417 – E936448;PLANO 7;;TRUE;0;33;20/02/2026;;02/02/2026;;;Q036262;;DESL + LV + BT + ENERGZ;N1 C/ TRF;TRUE;Energizada;ADRIANO;RR-SEIN-RUA-PINDOBACU-CENTRO;;R$ 239.084,55;;
1214280;01/02/2026;SENHOR DO BONFIM;;;;;50%;;;;0;1;;;;30;-11,1013139, -39,8757613;QLP;;É POSSIVEL;FALSE;Nao concluida;Nao concluida;Nao concluida;;;MARCELO;;;;;;;-11,1013139;;https://drive.google.com/file/d/1NK9tsMR-2pkOtRS7SOoKtYo5jmg8xiYa/view;-39,8757613;;;QUEIMADAS;;LV-1169 EN 24226;;FALTA CABO 4 2202040, 3430547 ALÇA 25, ELO 0,5H 536778;;;;;E936353 – E936383;PLANO 7;;TRUE;0;31;31/03/2026;;16/02/2026;;;D085909;;LV + ENERGZ;N3/4;TRUE;NÃO DEFINIDO;GABRIEL;ER-CIND-POV-ALECRIM PEDRAS ALTAS-RURAL;;R$ 211.050,93;;
1193733;01/02/2026;SENHOR DO BONFIM;;;;;100%;;;;16 FURADAS(2 DETONADAS);2;;;;29;-10,2004073, -40,3397152;QLP;;É POSSIVEL;FALSE;Nao concluida;Nao concluida;Nao concluida;;09/02/2026;ISRAEL;;;;;;;-10,2004073;;https://drive.google.com/file/d/1rwrdEiCFEP4vHfYWJMi4CQBA42nNjUEW/view;-40,3397152;;;CAMPO FORMOSO;;22083 LV EN 24308 ;;FALTA CABO 4 2202040, 3430547 ALÇA 25;;;;; E939176 -  E939205;PLANO 14;;TRUE;0;29;27/02/2026;;16/02/2026;;;D176735;;LV + ENERGZ;SUB PST N4-3;;NÃO DEFINIDO;EDLECIO;MP-CIND-POV-VARZEA-RURAL;;R$ 234.605,22;;
1022962;01/02/2026;SENHOR DO BONFIM;;;;;100%;;;;;0;;;;19;-11,1366409, -39,7243466;INSTITUCIONAL;;N3 P/ N4;FALSE;Nao concluida;Nao concluida;Nao concluida;;;;;;;;;;-11,1366409;;https://drive.google.com/file/d/1iYz87MMRvru0zsqQrykoZ7K8AJ4IPix8/view;-39,7243466;;;QUEIMADAS;;LV-1138     24256 EN;;;;;;;E936270 – E936296;PLANO 14;;TRUE;;28;27/02/2026;;02/02/2026;;;D755470;;DESL;;TRUE;Paralisada;GABRIEL;RR-CCOL-FAZ-BOA VISTA-RURAL;;R$ 115.177,33;;
1067126;01/02/2026;SENHOR DO BONFIM;;;;TRUE;100%;;TRUE;;27;0;;;;18;-10,5021538, -39,4067176;JUDICIAL;;SUBS 9 PSTP E 9 VAOS MT;TRUE;OK;OK;OK;08/02/2026;24/02/2026;ALDAIR;14/02/2026;;;;;;-10,5021538;;https://drive.google.com/file/d/1zL042QxT5snV06b_oVubU9G6zFUdXZ4G/view;-39,4067176;;;ANDORINHA;;;;ENERGIZADA;;;;;E936243 – E936269;PLANO 8;;TRUE;0;27;22/02/2026;;02/02/2026;;;Q109712;;DESL + LV;;TRUE;Energizada;GABRIEL;IS-COEL-PR -COMERCIO-ANDORINHA;;R$ 351.525,00;;
1221916;01/02/2026;SENHOR DO BONFIM;;;;TRUE;100%;;TRUE;;26;;;;;25;-9,8904815, -39,9658245;QLP;;;TRUE;OK;OK;OK;;02/02/2026;JEFFERSON;07/02/2026;;;;;;-9,8904815;;https://drive.google.com/file/d/1n_xffADCT16pqNHvte3HZBQd3Rc1Hrom/view; -39,9658245;;;JAGUARARI;;;;ENERGIZADA;;;;; E939254 -  E939272;PLANO 7;;TRUE;0;26;20/02/2026;;02/02/2026;;;;;DESL + LV;;TRUE;Energizada;ADRIANO;UB-CIND-RUA-DO MORRINHO-CENTRO;;R$ 165.426,67;;FALSE
1202248;01/02/2026;SENHOR DO BONFIM;;;;;100%;;;;23;2;;;;23;-10,8812609, -39,4129843;QLP;;É POSSIVEL;FALSE;Nao concluida;Nao concluida;Nao concluida;;16/02/2026;ANAILTON;;;;;;;-10,8812609;;https://drive.google.com/file/d/1RDSayDf0L0uEGVXke8ZpF0OMRFzu7b9s/view;-39,4129843;;;NORDESTINA;;22372 LV       24289 EN;;FALTA ELO 0,5H 536778, 3430547 ALÇA 25;;;;; E939230 -  E939253;PLANO 14;;TRUE;0;23;27/02/2026;;23/02/2026;;;B344153;;LV + ENERGZ;1 N4-3;;NÃO DEFINIDO;GABRIEL;RR-CIND-FAZ-CALDEIRÃO COBERTO-RURAL;;R$ 169.109,47;;
1131090;01/02/2026;SENHOR DO BONFIM;;;;;100%;;;;23;7;;;;20;-10,3581384, -39,353502;INSTITUCIONAL;;É POSSIVEL;FALSE;Nao concluida;Nao concluida;Nao concluida;;16/02/2026;MARCELO;;;;;;;-10,3581384;;https://drive.google.com/file/d/1HNbpFNOl89ROnj9-HG9cd6ak8Z778wer/view;-39,353502;;;MONTE SANTO;;22397 LV  24298 EN;;FALTA ELO 0,5H 536778, 3430547 ALÇA 25, CONECT ESTRIBO 2403000 ;;;;; E939206 -  E939229;PLANO 14;;TRUE;22;23;27/02/2026;;16/02/2026;;;D366131;;LV + ENERGZ;1 N4-3;;NÃO DEFINIDO;GABRIEL;MP-CCOL-POV.FOVEIRA-RURAL;;R$ 226.735,22;;
1152989;01/02/2026;SENHOR DO BONFIM;;;;;50%;;;;1;2;;;;18;-10,3779791, -39,2275343;AIC AUDITORIA;;É POSSIVEL;FALSE;Nao concluida;Nao concluida;Nao concluida;;16/02/2026;MARCELO;;;;;;;-10,3779791;;https://drive.google.com/file/d/1NkC7jgPMGj5FLxrOHtp0Z0v0sL74y0CP/view;-39,2275343;;;MONTE SANTO;;22438 LV  24298 EN;;FALTA ELO 0,5H 536778, FALTA CABO 4 2202040, 3430547 ALÇA 25;;;;;E959940 - E959959;PLANO 14;;TRUE;0;20;27/02/2026;;16/02/2026;;;D575044;;LV + ENERGZ;N3/4;;NÃO DEFINIDO;GABRIEL;MP-CIND-FAZ-RIACHO FUNDO-RURAL;;R$ 212.049,17;;
1187904;01/02/2026;SENHOR DO BONFIM;;;;;100%;;;;19;3;;;;10;-10,7862048, -40,1412658;QLP;;É POSSIVEL;FALSE;Nao concluida;Nao concluida;Nao concluida;;17/02/2026;REGINALDO;;;;;;;-10,7862048;;https://drive.google.com/file/d/1rgx9pjVyYe46mIjz6dZ2ILtjVUtJuKZm/view;-40,1412658;;;FILADÉLFIA;;22458 LV  24315 EN;;FALTA CABO 4 2202040, 3430547 ALÇA 25, ELO 0,5H 536778, CONECT ESTRIBO 2403000 ;;;;;E959960 - E959977;PLANO 14;;TRUE;18;19;27/02/2026;;23/02/2026;;;D406736;;LV + ENERGZ;N3/4;;NÃO DEFINIDO;ADRIANO;ER-CIND-POV-VARZEA QUEIMADA-3;;R$ 162.733,98;;
1167474;01/02/2026;SENHOR DO BONFIM;;;;;100%;;;;0;1;;;;18;-10,5358836, -40,431366;QLP;;ADF EM 7 VAO E SUB 2 PST;FALSE;Nao concluida;Nao concluida;Nao concluida;24/02/2026;17/02/2026;JOSE ROBERTO;;;;;;;-10,5358836;;https://drive.google.com/file/d/18oVi-DfmD6yB6glOozlZxRy4vekT_I0a/view?usp=drive_link;-40,431366;;;CAMPO FORMOSO;;18464 (D);;Mudar desligamento - Passar BT;;;;;E959978 - E959995;PLANO 7;;;;17;27/02/2026;;23/02/2026;;;Q061738;;DESL + LV;4 PSTP;;NÃO DEFINIDO;EDLECIO;RR-CIND-FAZ-CAMPINAS-CAMPINHOS;;R$ 189.770,94;;
1069756;01/02/2026;SENHOR DO BONFIM;;;;;100%;;FALSE;;PENDENTE FURAR;2;;;;15;-9,9794725, -40,4737873;SUBSÍDIO DE DEFESA;;NÃO E POSSIVEL;FALSE;Nao concluida;Nao concluida;Nao concluida;;16/02/2026;ADAO;;;;;;;-9,9794725;;https://drive.google.com/file/d/1lKoZ9hXiXWtVUPJtOMn8mJHpthkfu0R6/view?usp=drive_link;-40,4737873;;;CAMPO FORMOSO;;22318 LV  24708 EN;;"FALTA CABO 4 2202040; Realizar 1 Poda";;;;;E959996 - E960010;PLANO 14;;TRUE;;15;27/02/2026;;16/02/2026;;;B139659;;LV + ENERGZ;1 N4-3;;NÃO DEFINIDO;EDLECIO;MP-CCOL-POV-ARARAS-RURAL;;R$ 123.275,29;;
1242603;01/02/2026;SENHOR DO BONFIM;#VALUE!;;;TRUE;100%;;TRUE;;14;1;;;;14;-10,6510182, -39,8157491;REPUTACIONAL;;;TRUE;OK;OK;OK;;12/01/2026;ANAILTON;07/02/2026;;;;;;-10,6510182;;https://drive.google.com/file/d/1k-8OJ2oSQ7CGQLWvAN5QdgOl8p4gJWlp/view;-39,8157491;;;ITIUBA;;1451 EN LV-5569;;ENERGIZADA;;;;;E960011 - E960025;PLANO 14;;TRUE;0;14;13/02/2026;;02/02/2026;;;Q093542;;LV + ENERGZ;;TRUE;Energizada;GABRIEL;ER-CIND-POV-MATINHA-RURAL;;R$ 70.498,88;;
0734547;01/02/2026;SENHOR DO BONFIM;;;;;100%;;;;0;3;;;;13;-10,1273956, -40,732631;REPUTACIONAL;;NÃO E POSSIVEL;FALSE;Nao concluida;Nao concluida;Nao concluida;;;ISRAEL;;;;;;;-10,1273956;;https://drive.google.com/file/d/18UJcbZbswKDWyPqqCjc-0SFHTwe3YsNK/view;-40,732631;;;CAMPO FORMOSO;;5346 EN LV-6480;;FALTA TRAFO 2 2-10 211304, FALTA ELO 0,5H 536778, CONECT ESTRIBO 2403000 ;;;;;E875570 – E875583;PLANO 14;;TRUE;;14;27/02/2026;;16/02/2026;;;Q025022;;LV + ENERGZ;N1-3;TRUE;NÃO DEFINIDO;EDLECIO;MP-CCOL-POV ATALHO 44444 - RURAL;;R$ 69.829,38;;
1151663;01/02/2026;SENHOR DO BONFIM;;;;;100%;;;;12 FURADAS (8 DETONADAS);1;;;;13;-10,6493745, -39,4713057;RECLAMAÇÃO;;É POSSIVEL;FALSE;Nao concluida;Nao concluida;Nao concluida;;02/02/2026;ANAILTON;;;;;;;-10,6493745;;https://drive.google.com/file/d/1NP88ud6-o_lCx7-f529poCzFniA5kP0y/view;-39,4713057;;;CANSANÇÃO;;20320 EN  // 21888 LV;;FALTA TRAFO 1 2-10 211304, FALTA ELO 0,5H 536778, CONECT ESTRIBO 2403000 ;;;;;E960026 - E960039;PLANO 7;;TRUE;12;13;27/02/2026;;16/02/2026;;;D353699;;LV + ENERGZ;1 N4-3;;NÃO DEFINIDO;GABRIEL;AC - CIND FAZ LAGINHA - RURAL;;R$ 150.213,08;;
1211865;01/02/2026;SENHOR DO BONFIM;;;;;100%;;;;12;1;;;;12;-10,7233948, -40,1238703;QLP;;SUB 3 PST BT E 3 VAO BT;FALSE;Nao concluida;Nao concluida;Nao concluida;25/02/2026;17/02/2026;REGINALDO;;;;;;;-10,7233948;;https://drive.google.com/file/d/1fKKTHr7zmkGUR_rRv03vi7BqDLyMTHlj/view;-40,1238703;;;FILADÉLFIA;;18805 DESL 1 25/02 / 18844 DESL 2 26/02/ 20313 EN  // 21863 LV;;CONECT ESTRIBO 2403000, 536781 - ELO  3H FALTA ;;;;;E960040 - E960051;PLANO 7;;TRUE;10;12;27/02/2026;;23/02/2026;;;Q054990;;DESL + LV + ENERGZ;1 N4-3;;NÃO DEFINIDO;ADRIANO;UB-CIND-RUA-DO CONTORNO-URBANA;;R$ 127.045,72;;
1214688;01/02/2026;SENHOR DO BONFIM;;;;TRUE;100%;;TRUE;;11;2;;;;9;-10,4960847, -40,5590754;QLP;;É POSSIVEL;TRUE;OK;OK;OK;;09/02/2026;ISRAEL;19/02/2026;;;;;;-10,4960847;;https://drive.google.com/file/d/1tDt36s4o1AjcyEiCPgKBw7o65hg5PqA1/view;-40,5590754;;;CAMPO FORMOSO;;20301 BT / 20306 EN  // 22097  LV;;ENERGIZADA;;;;;E960052 - E960063;PLANO 7;;TRUE;0;11;20/02/2026;;16/02/2026;;;D220968;;LV + ENERGZ+ BT;N3/4;TRUE;Energizada;EDLECIO;ER-CIND-POV-BAIXAO-RURAL;;R$ 82.213,77;;
1227353;01/02/2026;SENHOR DO BONFIM;;;;TRUE;100%;;TRUE;;10;2;;;;10;-10,7386008, -40,3653318;QLP;;;TRUE;OK;OK;OK;;10/02/2026;EDSON;13/02/2026;;;;;;-10,7386008;;https://drive.google.com/file/d/1fE37TEn7LTroZrLQ_ZOHLnmWE5TLiUQL/view;-40,3653318;;;PINDOBAÇU;;20291 BT;;ENERGIZADA;;;;;E960100 - E960109;PLANO 7;;TRUE;0;10;20/02/2026;;16/02/2026;;;D700793;;BT;;TRUE;Energizada;ADRIANO;UB-CIND-RUA-DA LINHA-CENTRO;;R$ 57.648,84;;
1227539;01/02/2026;SENHOR DO BONFIM;;;;;100%;;;;3 DETONADAS;1;;;;9;-10,3481841, -39,837421;GOVERNO;;PENDENTE ANALISE // ADF EM 10 VAOS;FALSE;Nao concluida;Nao concluida;Nao concluida;26/02/2026;02/02/2026;ALDAIR;;;;;;;-10,3481841;;https://drive.google.com/file/d/1mMTZHBWWP6ifq6NVBJWxSpd7hz7Orbnq/view;-39,837421;;;ANDORINHA;;LV-20433 DESL 18972;;FALTA TRAFO 3-75 211446, ELO 5H 536783, 3X70 2230084, LAÇO 50 3431560, ALÇA 50 3430545 ;;;;;E960119 - E960128;PLANO 7;;TRUE;0;9;27/02/2026;;23/02/2026;;;Q090993;;DESL + LV;1 CH;;NÃO DEFINIDO;GABRIEL;UB-CIND-AV-JOSE CORGOSINHO CF-CENTRO;;R$ 136.460,34;;
1202352;01/02/2026;SENHOR DO BONFIM;;;;;100%;;;;;2;;;;0;;QLP;;É POSSIVEL;FALSE;Nao concluida;Nao concluida;Nao concluida;;;;;;;;;;;;https://drive.google.com/file/d/1F7J-k9-YdAx-2HhKYPvCgQ_C6iDa8TZR/view;;;;CAMPO FORMOSO;;;;DEPENDE DE B-1202349(MÊS 4);;;;;E960129 - E960140;PLANO 7;;;;8;;;;;;;;LV + ENERGZ;N3;;Paralisada;EDLECIO;AC-CIND-REG.FV POV-ABREU DO PACAUI-RURAL;;R$ 74.873,29;;
1163365;01/02/2026;SENHOR DO BONFIM;;;;TRUE;100%;;TRUE;;8;1;;;;9;-10,7657576 , -39,9183235;INSTITUCIONAL;;;TRUE;OK;OK;OK;;09/02/2026;GESONI;19/02/2026;;;;;;-10,7657576;;https://drive.google.com/file/d/1Lx_imHFtSFLRFXNQeFDne3yJCB3X9X5B/view;-39,9183235;;;ITIUBA;;20287 BT;;ENERGIZADA;;;;;E960141 - E960149;PLANO 14;;TRUE;0;8;13/02/2026;;09/02/2026;;;E609308;;BT;;TRUE;Energizada;GABRIEL;ER-CIND-POV-ASSENT OURICURI-TORTO;;R$ 82.059,10;;
1220217;01/02/2026;SENHOR DO BONFIM;;;;TRUE;100%;;TRUE;;6;2;;;;6;-10,51257675,-40,16281708;INSTITUCIONAL;;;TRUE;OK;OK;OK;;04/02/2026;JOILSON;04/02/2026;;;;;;-10,51257675;;https://drive.google.com/file/d/15m4WocAEXJEMF4dYIlvVMkFgbTAMTRty/view;-40,16281708;;;SENHOR DO BONFIM;;;;ENERGIZADA;;;;;E960150 - E960155;PLANO 7;;TRUE;0;6;13/02/2026;;02/02/2026;;;E524673;;BT;;TRUE;Energizada;ADRIANO;ER-CIND-POV-PASSAGEM VELHA 14-RURAL;;R$ 31.227,54;;
1231272;01/02/2026;SENHOR DO BONFIM;;;;;100%;;;;;1;;;;5;-10,4644564, -39,8919356;OBRAS ÁGEIS;;SUBS TRF;FALSE;Nao concluida;Nao concluida;Nao concluida;;02/02/2026;;;;;;;;-10,4644564;;https://drive.google.com/file/d/1ohRT7YL_jhrPLTce_SB6oHPu0Fhnb4-2/view?usp=drive_link;-39,8919356;;;ANDORINHA;;14749(D);;;;;;;E960156 - E960160;PLANO 7;;TRUE;0;5;20/02/2026;;12/02/2026;;;D237071;;DESL;;TRUE;Paralisada;GABRIEL;ER-CIND-FAZ-MORRO REDONDO-RURAL M REDOND;;R$ 35.107,74;;
1229382;01/02/2026;SENHOR DO BONFIM;;;;;100%;;;;5;1;;;;0;-10,966255, -39,6266983;QLP;;SUBS 2 VAOS MT;FALSE;Nao concluida;Nao concluida;Nao concluida;28/02/2026;02/02/2026;MARCELO;;;;;;;-10,966255;;https://drive.google.com/file/d/1LCuK2VNEOWAEaBD78IbXkHPp9RxnLk5F/view;-39,6266983;;;QUEIMADAS;;22221 (D);;FALTA CABO 4 2202040, 3430547 ALÇA 25, ELO 0,5H 536778;;;;;E960166 - E960170;PLANO 8;;TRUE;4;5;27/02/2026;;23/02/2026;;;Q104198;;DESL + LV;1 N4;;NÃO DEFINIDO;GABRIEL;RC-PREF-RUA-PONTE NOVA-CENTRO;;R$ 56.320,08;;
1235222;01/02/2026;SENHOR DO BONFIM;;;;TRUE;100%;;TRUE;;4;1;;;;0;-9,8867443, -39,9750279;OBRAS ÁGEIS;;;TRUE;OK;OK;OK;;03/02/2026;OSMAR;12/02/2026;;;;;;-9,8867443;;https://drive.google.com/file/d/15I_KjRDGKtSZJxg5POltd4Vsl7Q1pFqM/view?usp=drive_link;-39,9750279;;;JAGUARARI;;19546 BT;;ENERGIZADA;;;;;E960171 - E960175;PLANO 7;;TRUE;0;4;06/02/2026;;03/02/2026;;;E383460;;BT;;TRUE;Energizada;ADRIANO;UB-CIND-RUA-SALVADOR-NOVO PILAR;;R$ 26.255,62;;
1238247;01/02/2026;SENHOR DO BONFIM;;;;TRUE;100%;;TRUE;;4;1;;;;4;-10,7603437, -40,3735219;OBRAS ÁGEIS;;;TRUE;OK;OK;OK;;10/02/2026;VITOR;10/02/2026;;;;;;-10,7603437;;https://drive.google.com/file/d/1wLyG-E0eKtrD--9koEfA8nV7i9vI1ML-/view;-40,3735219;;;PINDOBAÇU;;20280 BT;;ENERGIZADA;;;;;E960176 - E960180;PLANO 7;;TRUE;0;4;20/02/2026;;16/02/2026;;;D920705;;BT;;TRUE;Energizada;ADRIANO;ER-CIND-FAZ-ITAPICURU-RURAL-ITAPICURU;;R$ 20.120,43;;
1218933;01/02/2026;SENHOR DO BONFIM;;;;TRUE;100%;;TRUE;;3;1;;;;3;-10,4765066, -39,3455336;OBRAS ÁGEIS;;1 PSPT BT;TRUE;OK;OK;OK;20/02/2026;16/02/2026;ANAILTON;21/02/2026;;;;;;-10,4765066;;https://drive.google.com/file/d/15--7xfkm0ARDRypmDEonZN4SBy1I4MqI/view;-39,3455336;;;MONTE SANTO;;18365 (D)     25370 BT;;ENERGIZADA;;;;;E960193 - E960195;PLANO 7;;TRUE;0;3;20/02/2026;;16/02/2026;;;A269213;;DESL;;TRUE;Energizada;GABRIEL;ER-CIND-POV-TAPERA-RURAL;;R$ 17.019,62;;
1227102;01/02/2026;SENHOR DO BONFIM;;;;TRUE;100%;;TRUE;;3;0;;;;1;-10,8300414, -39,4323508;OBRAS ÁGEIS;;;TRUE;OK;OK;OK;;02/02/2026;ANAILTON;10/02/2026;;;;;;-10,8300414;;https://drive.google.com/file/d/14eE8IL6rnR8HN6jAoXzkuCLR6BVSiQiq/view;-39,4323508;;;NORDESTINA;;19530 BT;;ENERGIZADA;;;;;E960199 - E960201;PLANO 7;;TRUE;0;3;20/02/2026;;16/02/2026;;;Q101743;;BT;;TRUE;Energizada;GABRIEL;UB-CIND-RUA-ALTO DAS POPULARES 80-NORDES;;R$ 20.406,94;;
1153560;01/02/2026;SENHOR DO BONFIM;;;;TRUE;100%;;TRUE;;0;0;;;;3;-10,3720924, -39,2941562;INSTITUCIONAL;;SUBS 2 VAOS MT;TRUE;OK;OK;OK;27/02/2026;16/02/2026;ANTONIO;27/02/2026;;;;;;-10,3720924;;https://drive.google.com/file/d/15I_KjRDGKtSZJxg5POltd4Vsl7Q1pFqM/view;-39,2941562;;;MONTE SANTO;;DESL 19007   //  21868 LV;;ENERGIZADA;;;;;E960196 - E960199;PLANO 8;;TRUE;0;3;27/02/2026;;23/02/2026;;;D366345;;DESL + LV;2 PSTP;TRUE;Energizada;GABRIEL;RC-CIND-CJN-CALUNGA-RURAL;;R$ 35.948,81;;
1219020;01/02/2026;SENHOR DO BONFIM;;;;;100%;;;;2 (1 PENDENTE COMPRESSOR);1;;;;3;-10,4283828,-39,3250001;OBRAS ÁGEIS;;;FALSE;Nao concluida;Nao concluida;Nao concluida;;16/02/2026;MARCELO;;;;;;;-10,4283828;;https://drive.google.com/file/d/1P1_YjzmTpcYPiO9N_n6c7bb3TdLg5Dd1/view;-39,3250001;;;MONTE SANTO;;19497 BT;; FALTA 3431760 LAÇO 35;;;;;E960190 - E960192;PLANO 7;;TRUE;3;3;13/02/2026;;09/02/2026;;;E592238;;BT;;;NÃO DEFINIDO;GABRIEL;UB-CIND-RUA-NOVA-ALTO DA COLINA;;R$ 17.237,92;;
1239666;01/02/2026;SENHOR DO BONFIM;;;;FALSE;100%;;FALSE;;3;1;;;;3;-10,6836694, -39,8588552;OBRAS ÁGEIS;;;FALSE;Nao concluida;Nao concluida;Nao concluida;;09/02/2026;GESONI;;;;;;;-10,6836694;;https://drive.google.com/file/d/1rrszZusLpMF8hjVoQJJFEiHNeGSeG3xy/view?usp=drive_link;-39,8588552;;;ITIUBA;;20897 BT;; FALTA 3431760 LAÇO 35;;;;;E960227 - E960229;PLANO 7;;TRUE;0;3;27/02/2026;;23/02/2026;;;Q067141;;BT;;FALSE;NÃO DEFINIDO;GABRIEL;ER-CIND-RUA- JOEL ALVES-CENTRO;;R$ 14.020,77;;FALSE
1232017;01/02/2026;SENHOR DO BONFIM;;;;TRUE;100%;;TRUE;;3;1;;;;1;-10,6642587, -39,75363;OBRAS ÁGEIS;;;TRUE;OK;OK;OK;;09/02/2026;GESONI;14/02/2026;;;;;;-10,6642587;;https://drive.google.com/file/d/1sHwwP4l5ZoiEr1oDAVoSPcbCeEBuZJD-/view;-39,75363;;;ITIUBA;;19520 BT;;ENERGIZADA;;;;;E960187 - E960189;PLANO 7;;TRUE;0;3;13/02/2026;;09/02/2026;;;D512590;;BT;;TRUE;Energizada;GABRIEL;ER-CIND-LOT-JOSE SEVERO HOMEM-RURAL;;R$ 15.669,90;;
1119843;01/02/2026;SENHOR DO BONFIM;;;;TRUE;100%;;TRUE;;3;1;;;;3;-10,3143776, -40,8585843;RECLAMAÇÃO;;É POSSIVEL;TRUE;OK;OK;OK;;09/02/2026;ISRAEL;19/02/2026;;;;;;-10,3143776;;https://drive.google.com/file/d/1FkkUevFGcHwmZ-_Mna43D0OMIlFOCUmJ/view;-40,8585843;;;CAMPO FORMOSO;;19535 BT  // 22175 LV;;ENERGIZADA;;;;;E960184 - E960186;PLANO 14;;TRUE;0;3;20/02/2026;;16/02/2026;;;D930606;;LV + BT;3 N1;TRUE;Energizada;EDLECIO;ER-CIND-FAZ-TANQUINHO-RURAL;;R$ 19.575,55;;
1228653;01/02/2026;SENHOR DO BONFIM;;;;TRUE;100%;;TRUE;;3;1;;;;2;-10,0433385, -40,2269572;SOLICITAÇÃO ATENDIMENTO;;PENDENTE ANALISE// SUBS TRF E VAOS BT;TRUE;OK;OK;OK;25/02/2026;25/02/2026;JEFFERSON;25/02/2026;;;;;;-10,0433385;;https://drive.google.com/file/d/1koCRpj2CZnQIsd9IYKN1OYg42zhNUzl_/view;-40,2269572;;;JAGUARARI;;1527 BT 1537 EN / DESL 20329;;ENERGIZADA;;;;;E960181 - E960183;PLANO 7;;TRUE;0;3;20/02/2026;;16/02/2026;;;Q048359;;DESL + LV + BT + ENERGZ;;TRUE;Energizada;ADRIANO;ER-CIND-RUA-DA LINHA-CENTRO-FLAMENGO;;R$ 103.250,38;;
1238912;01/02/2026;SENHOR DO BONFIM;;;;TRUE;100%;;TRUE;;3;1;;;;0;-10,4832639, -40,0136436;OBRAS ÁGEIS;;;TRUE;OK;OK;OK;;17/02/2026;JOILSON;24/02/2026;;;;;;-10,4832639;;https://drive.google.com/file/d/1IdxLDQnisP5cO0D-IZeBSwZzBpDomTe-/view?usp=drive_link;-40,0136436;;;SENHOR DO BONFIM;;20899 BT;;ENERGIZADA;;;;;E960221 - E960223;PLANO 7;;TRUE;0;3;20/02/2026;;16/02/2026;;;B008655;;BT;;TRUE;Energizada;ADRIANO;AC-CIND-FAZ JUNCO 520-RURAL;;R$ 11.231,21;;FALSE
1239356;01/02/2026;SENHOR DO BONFIM;;;;TRUE;100%;;TRUE;;3;1;;;;0;-10,5086457, -40,1820484;OBRAS ÁGEIS;;;TRUE;OK;OK;OK;;17/02/2026;JOILSON;17/02/2026;;;;;;-10,5086457;;https://drive.google.com/file/d/1aE58Y8bzUTsBlIeEmgqbgm3wSRzRa3NK/view?usp=drive_link;-40,1820484;;;SENHOR DO BONFIM;;20900 BT;;ENERGIZADA;;;;;E960224 - E960226;PLANO 7;;TRUE;0;3;20/02/2026;;16/02/2026;;;Q038380;;BT;;TRUE;Energizada;ADRIANO;ER-CIND-FAZ-BARRO DE CIMA 450-RURAL;;R$ 11.713,98;;FALSE
1222322;01/02/2026;SENHOR DO BONFIM;;;;TRUE;100%;;TRUE;;2;1;;;;2;-10,2959073, -40,7210239;GOVERNO;;PENDENTE ANALISE;TRUE;OK;OK;OK;12/02/2026;05/02/2026;ALDAIR;12/02/2026;;;;;;-10,2959073;;https://drive.google.com/file/d/1d4XLET9qUCGH5O3CHAL69rbSlbrpuMfx/view?usp=drive_link;-40,7210239;;;ANDORINHA;;19572(D);;ENERGIZADA;;;;;E903477 – E903478;PLANO 7;;TRUE;0;2;06/02/2026;;02/02/2026;;;D574414;;DESL;;TRUE;Energizada;GABRIEL;AC-PREF-POV-RIACHO SECO-RURAL;;R$ 44.108,41;;
1132650;01/02/2026;SENHOR DO BONFIM;;;;;100%;;TRUE;;2;1;;;;0;-10,2373031, -39,5073349;RECLAMAÇÃO;;NÃO E POSSIVEL;FALSE;20;20;OK;;02/02/2026;ALDAIR;28/02/2026;;;;;;-10,2373031;;https://drive.google.com/file/d/1LyAdQKoPV5cZYiDB6dCOE5G4_g1c3Swk/view;-39,5073349;;;MONTE SANTO;;18620 EN // 21882 LV;;ENERGIZADA;;;;;E960210 - E960211;PLANO 14;;TRUE;0;2;20/02/2026;;16/02/2026;;;P118763;;LV + ENERGZ;N1 C/ TRF;;Energizada;GABRIEL;ER-CIND-FAZ-LAGOA FORMOSA-LAGOA FORMOSA;;R$ 27.457,10;;
1238878;01/02/2026;SENHOR DO BONFIM;;;;TRUE;100%;;TRUE;;2;1;;;;0;-10,3444855, -39,7149467;OBRAS ÁGEIS;;;TRUE;OK;OK;OK;;16/02/2026;ALDAIR;11/02/2026;;;;;;-10,3444855;;https://drive.google.com/file/d/1Hq-LuMZY-rpyAKUOVYJf0WUpK_eM6awT/view?usp=drive_link;-39,7149467;;;MONTE SANTO;;20872 BT;;ENERGIZADA;;;;;E960219 - E960220;PLANO 7;;TRUE;0;2;27/02/2026;;23/02/2026;;;B048899;;BT;;TRUE;Energizada;GABRIEL;ER-CIND-POV-HORIZONTE NOVO 999-RURAL;;R$ 17.263,72;;FALSE
1220731;01/02/2026;SENHOR DO BONFIM;;;;TRUE;100%;;TRUE;;2;1;;;;2;-10,668861, -39,5047845;OBRAS ÁGEIS;;;TRUE;OK;OK;OK;;02/02/2026;ANAILTON;25/02/2026;;;;;;-10,668861;;https://drive.google.com/file/d/175LufnT7T9pMdxa0EhJIgPQ9o3UZN588/view;-39,5047845;;;CANSANÇÃO;;18631 BT;;ENERGIZADA;;;;;E960202 - E960203;PLANO 7;;TRUE;0;2;20/02/2026;;16/02/2026;;;D172248;;BT;;TRUE;Energizada;GABRIEL;UB-CIND-RUA-EDVALDO A D CARVALHO-CENTRO;;R$ 13.620,25;;
1052311;01/02/2026;SENHOR DO BONFIM;;;;TRUE;100%;;TRUE;;2;1;;;;2;-10,8452114, -39,5146033;SUBSÍDIO DE DEFESA;;;TRUE;OK;OK;OK;;02/02/2026;ANAILTON;21/02/2026;;;;;;-10,8452114;;https://drive.google.com/file/d/1r7eGYPo3NCE1FaumAUxfeIhqJa2i6bQY/view;-39,5146033;;;NORDESTINA;;18636 BT;;ENERGIZADA;;;;;E960212 - E960213;PLANO 14;;TRUE;0;2;20/02/2026;;16/02/2026;;;D224980;;BT;;TRUE;Energizada;GABRIEL;ER-CIND-POV-SERROTE-RURAL;;R$ 6.122,24;;
1238843;01/02/2026;SENHOR DO BONFIM;;;;TRUE;100%;;TRUE;;2;1;;;;0;-10,2767108, -40,1794177;GOVERNO;;;TRUE;OK;OK;OK;;03/02/2026;JEFFERSON;14/02/2026;;;;;;-10,2767108;;https://drive.google.com/file/d/1ZnnwqWkJAwP8cRi0ocvDJsmY5DG11zAz/view;-40,1794177;;;JAGUARARI;;18643 BT;;ENERGIZADA;;;;;E960206 - E960207;PLANO 7;;TRUE;0;2;06/02/2026;;03/02/2026;;;E814768;;BT;;TRUE;Energizada;ADRIANO;ER-CCOL-ET-VELHA 4-RURAL;;R$ 15.975,59;;
1217394;01/02/2026;SENHOR DO BONFIM;;;;TRUE;100%;;TRUE;;2;1;;;;0;-10,2481589, -40,2386043;RECLAMAÇÃO;;É POSSIVEL;TRUE;OK;OK;OK;;03/02/2026;JEFFERSON;18/02/2026;;;;;;-10,2481589;;https://drive.google.com/file/d/1PA_aQMMfYTiBed0J1hS_Thx4w77xeQn6/view;-40,2386043;;;JAGUARARI;;18648 EN  //  21896 LV;;ENERGIZADA;;;;;E960208 - E960209;PLANO 7;;TRUE;0;2;20/02/2026;;16/02/2026;;;D698760;;LV + ENERGZ;1 N1 E N1 C/ TRF;TRUE;Energizada;ADRIANO;ER-CIND-POV-SERRA DOS MORGADOS-RURAL;;R$ 27.106,99;;
1209354;01/02/2026;SENHOR DO BONFIM;;;;TRUE;100%;;TRUE;;2;1;;;;0;-10,4589335, -40,1388655;QLP;;(20 VAOS DE ADF E 5 VAOS BT);TRUE;OK;OK;OK;12/02/2026;04/02/2026;JOILSON;12/02/2026;;;;;;-10,4589335;;https://drive.google.com/file/d/176vmqD-4dtx84CRC_w4PaEq-PdKBFWXJ/view;-40,1388655;;;SENHOR DO BONFIM;;14724(D)  // 21594 LV;;ENERGIZADA;;;;;E937006 – E937007;PLANO 7;;TRUE;0;2;12/02/2026;;09/02/2026;;;Q049888;;DESL;;TRUE;Energizada;ADRIANO;ER-CIND-RUA-FLAVIO SILVA 10-UMBURANAS;;R$ 15.777,43;;
1229071;01/02/2026;SENHOR DO BONFIM;;;;TRUE;100%;;TRUE;;2;2;;;;0;-10,3916105, -40,1605891;QLP;;;TRUE;OK;OK;OK;;04/02/2026;JOILSON;10/02/2026;;;;;;-10,3916105;;https://drive.google.com/file/d/169FwUzntD9Wh39Bk56SYNjqsCrJjUbio/view;-40,1605891;;;SENHOR DO BONFIM;;18123 BT;;ENERGIZADA;;;;;E960214 - E960215;PLANO 14;;TRUE;0;2;13/02/2026;;02/02/2026;;;Q043743;;BT;;TRUE;Energizada;ADRIANO;ER-CIND-ET-VELHA CARRAPICHEL-RURAL;;R$ 13.023,01;;
1224366;01/02/2026;SENHOR DO BONFIM;;;;TRUE;100%;;TRUE;;2;2;;;;2;-10,681235, -40,1853344;QLP;;;TRUE;OK;OK;OK;;17/02/2026;REGINALDO;17/02/2026;;;;;;-10,681235;;https://drive.google.com/file/d/1gkuWY6SDgJSX-N19HwAo9F_CXL1YvsUP/view;-40,1853344;;;FILADÉLFIA;;19493 BT;;ENERGIZADA;;;;;E960204 - E960205;PLANO 14;;TRUE;0;2;20/02/2026;;16/02/2026;;;Q039839;;BT;;TRUE;Energizada;ADRIANO;ER-CIND-POV-AGUADAS S N-RURAL;;R$ 14.278,51;;
1151586;01/02/2026;SENHOR DO BONFIM;;;;TRUE;100%;;TRUE;;1;0;;;;1;-10,3191272, -39,1863356;RECLAMAÇÃO;;PENDENTE ANALISE;TRUE;OK;OK;OK;25/02/2026;05/02/2026;ALDAIR;25/02/2026;;;;;;-10,3191272;;https://drive.google.com/file/d/1aF3wfEiV0Ka5ZLxYr_1gcyANVlnV3Y_9/view?usp=drive_link;-39,1863356;;Pendente;ANDORINHA;;LV-150784  19456(D)  // 21850 LV;;ENERGIZADA;;;;;E903442 – E903442;PLANO 7;;TRUE;0;1;06/02/2026;;02/02/2026;;;D130180;;DESL + LV;;TRUE;Energizada;GABRIEL;AC-CIND-LOT-VILA PEIXE-VILA PEIXE;;R$ 26.251,94;;
1237873;01/02/2026;SENHOR DO BONFIM;;;;TRUE;100%;;TRUE;;1;1;;;;0;-10,4175785, -39,5493229;OBRAS ÁGEIS;;;TRUE;OK;OK;OK;;02/02/2026;ALDAIR;10/02/2026;;;;;;-10,4175785;;https://drive.google.com/file/d/16Jk-v6HM8638rCJkTLlSrrJ_-S8eVtdA/view;-39,5493229;;;MONTE SANTO;;16651 BT;;ENERGIZADA;;;;;E960112;PLANO 7;;TRUE;0;1;13/02/2026;;09/02/2026;;;D147548;;BT;;TRUE;Energizada;GABRIEL;ER-CIND-FAZ-PAU D ARCO-RURAL-PEDRA VERME;;R$ 6.780,42;;
1224382;01/02/2026;SENHOR DO BONFIM;;;;;100%;;;;0;0;;;;1;-10,3440237, -39,8314899;REPUTACIONAL;;SUBS PST;FALSE;Nao concluida;Nao concluida;Nao concluida;28/02/2026;;ALDAIR;;;;;;;-10,3440237;;https://drive.google.com/file/d/1jxOGm6zBipEwb7xClJFj6lI0mjbttWiF/view;-39,8314899;;;ANDORINHA;;;;Falta chace faca 34kv 501036, Ver a possibilidade de fazer Revisao;;;;;E936999;PLANO 8;;TRUE;;1;27/02/2026;;23/02/2026;;;Q093313;;DESL;;TRUE;NÃO DEFINIDO;GABRIEL;RC-CIND-RUA-FORTALEZA-CENTRO;;R$ 19.178,33;;
1233582;01/02/2026;SENHOR DO BONFIM;;;;;100%;;;;0;1;;;;1;-10,8194333, -39,4258933;OBRAS ÁGEIS;;;FALSE;Nao concluida;Nao concluida;Nao concluida;;02/02/2026;ANAILTON;;;;;;;-10,8194333;;https://drive.google.com/file/d/13NNJnINwr-hi4I1kUGVuGBe3JRKmbqWJ/view;-39,4258933;;;NORDESTINA;;                                27972 BT;; FALTA 3431760 LAÇO 35;;;;;E960115;PLANO 7;;TRUE;1;1;20/02/2026;;16/02/2026;;;Q101430;;BT;;;NÃO DEFINIDO;GABRIEL;UB-CIND-RUA-GUILHERMINO S REIS-URBANA;;R$ 6.408,59;;
1218616;01/02/2026;SENHOR DO BONFIM;;;;TRUE;100%;;TRUE;;1;1;;;;1;-10,82515041,-39,4192863;OBRAS ÁGEIS;;;TRUE;OK;OK;OK;;02/02/2026;ANAILTON;14/02/2026;;;;;;-10,82515041;;https://drive.google.com/file/d/1sR7UYvHMGNWkeRa5f6sKziJQG4-zgrbH/view;-39,4192863;;;NORDESTINA;;16660 BT;;ENERGIZADA;;;;;E960114;PLANO 7;;TRUE;0;1;20/02/2026;;16/02/2026;;;E609025;;BT;;TRUE;Energizada;GABRIEL;UB-CIND-RUA-VERA L ANDRADE-C DAGUA;;R$ 6.038,93;;
1228614;01/02/2026;SENHOR DO BONFIM;;;;;100%;;;;0;1;;;;1;-10,4447127, -39,3295066;OBRAS ÁGEIS;;;FALSE;Nao concluida;Nao concluida;Nao concluida;;16/02/2026;MARCELO;;;;;;;-10,4447127;;https://drive.google.com/file/d/14fCMK5Qc0YCvMJxR-t36VJm5bsZU7wlh/view;-39,3295066;;;MONTE SANTO;;16726 BT;; FALTA 3431760 LAÇO 35;;;;;E960113;PLANO 7;;TRUE;1;1;13/02/2026;;09/02/2026;;;D007122;;BT;;;NÃO DEFINIDO;GABRIEL;UB-CIND-RUA-HELIO CARDOSO M-CENTRO;;R$ 7.426,49;;
1241389;01/02/2026;SENHOR DO BONFIM;;;;FALSE;100%;;FALSE;;1;1;;;;1;-10,4898294, -39,2916554;OBRAS ÁGEIS;;;FALSE;Nao concluida;Nao concluida;Nao concluida;;16/02/2026;MARCELO;;;;;;;-10,4898294;;https://drive.google.com/file/d/1n6e3Yqh5XPNapYfDIosJ3B49YJFIhs-Y/view?usp=drive_link;-39,2916554;;;MONTE SANTO;;20838 BT;; FALTA 3430547 ALÇA 25;;;;;E960231;PLANO 7;;TRUE;1;1;27/02/2026;;23/02/2026;;;D140128;;BT;;FALSE;NÃO DEFINIDO;GABRIEL;ER-CIND-FAZ-PEDRA-PEDRA;;R$ 4.543,60;;FALSE
1233451;01/02/2026;SENHOR DO BONFIM;;;;TRUE;100%;;TRUE;;1;1;;;;1;-10,6853068, -39,8617353;OBRAS ÁGEIS;;;TRUE;OK;OK;OK;;09/02/2026;GESONI;14/02/2026;;;;;;-10,6853068;;https://drive.google.com/file/d/1RnIGJQxEdvdlnM3oggQ5KSl3rgmFD7-P/view;-39,8617353;;;ITIUBA;;16689 BT;;ENERGIZADA;;;;;E960111;PLANO 7;;TRUE;0;1;13/02/2026;;09/02/2026;;;Q067476;;BT;;TRUE;Energizada;GABRIEL;AC-CIND-RUA-OSVALDO CAMPOS-CENTRO ITIUBA;;R$ 6.117,09;;
1228829;01/02/2026;SENHOR DO BONFIM;;;;TRUE;100%;;TRUE;;1;0;;;;0;-10,5290042, -40,4026605;OBRAS ÁGEIS;;;TRUE;OK;OK;OK;;03/02/2026;ISRAEL;07/02/2026;;;;;;-10,5290042;;https://drive.google.com/file/d/1VIXtkU9aG82andIvCCaNEM8e3OmBvzwR/view;-40,4026605;;;CAMPO FORMOSO;;16600 BT;;ENERGIZADA;;;;;E960110;PLANO 7;;TRUE;0;1;13/02/2026;;03/02/2026;;;D032740;;BT;;TRUE;Energizada;EDLECIO;ER-CIND-POV-RURAL-BREJO GRANDE;;R$ 5.558,69;;
1228487;01/02/2026;SENHOR DO BONFIM;;;;TRUE;100%;;TRUE;;1;1;;;;0;-10,5402603, -40,0287256;GRUPO A;;;TRUE;OK;OK;OK;;04/02/2026;JOILSON;24/02/2026;;;;;;-10,5402603;;https://drive.google.com/file/d/1QDQSMGv6EUXOwomSNXt_dT0fUo2dIcgH/view;-40,0287256;;;SENHOR DO BONFIM;;16684 BT;;ENERGIZADA;;;;;E960118;PLANO 7;;TRUE;0;1;13/02/2026;;02/02/2026;;;D659175;;BT;;TRUE;Energizada;ADRIANO;ER-CIND-POV-QUICE-ENERGIA SOLAR;;R$ 8.097,07;;
1241290;01/02/2026;SENHOR DO BONFIM;;;;TRUE;100%;;TRUE;;1;1;;;;0;-10,449225, -40,1815043;OBRAS ÁGEIS;;;TRUE;OK;OK;OK;;17/02/2026;JOILSON;18/02/2026;;;;;;-10,449225;;https://drive.google.com/file/d/1BPIeYCErCApK8n6lwJk05rcKT2uvbxmt/view?usp=drive_link;-40,1815043;;;SENHOR DO BONFIM;;20803 BT;;ENERGIZADA;;;;;E960230;PLANO 7;;TRUE;0;1;20/02/2026;;16/02/2026;;;Q050645;;BT;;TRUE;Energizada;ADRIANO;UB-CIND-RUA-ALTO RAINHA-ALTO DA COLINA;;R$ 4.178,83;;FALSE
1237631;01/02/2026;SENHOR DO BONFIM;;;;TRUE;100%;;TRUE;;1;1;;;;0;-10,3931652, -40,1705598;OBRAS ÁGEIS;;;TRUE;OK;OK;OK;;17/02/2026;JOILSON;19/02/2026;;;;;;-10,3931652;;https://drive.google.com/file/d/1sZBfoc8kjRz4mCoi0UX0vLDrueRqZJUn/view?usp=drive_link;-40,1705598;;;SENHOR DO BONFIM;;20817 EN  // 22455 LV;;ENERGIZADA;;;;;E960218;PLANO 7;;TRUE;0;1;20/02/2026;;16/02/2026;;;B167368;;LV + ENERGZ;1 N1 C/TRF;TRUE;Energizada;ADRIANO;AC-CIND-ET-VELHA CARRAPICHEL-RURAL;;R$ 28.460,33;;FALSE
1230915;01/02/2026;SENHOR DO BONFIM;;;;TRUE;100%;;TRUE;;0;1;;;;0;-10,9843702, -39,6206785;OBRAS ÁGEIS;;;TRUE;OK;OK;OK;;02/02/2026;ANAILTON;27/02/2026;;;;;;-10,9843702;;https://drive.google.com/file/d/1eXS64EqJeaBDBtry4E7-W-QKeGw9WMOy/view;-39,6206785;;;QUEIMADAS;;16667 BT;;ENERGIZADA;;;;;E960117;PLANO 7;;TRUE;0;1;13/02/2026;;09/02/2026;;;D123181;;BT;;TRUE;Energizada;GABRIEL;UB-CIND-RUA-SONIA MARIA-LOT SONIA MARIA;;R$ 7.663,04;;
1233495;01/02/2026;SENHOR DO BONFIM;;;;TRUE;100%;;TRUE;;1;1;;;;0;-10,8620149, -40,1334201;GOVERNO;;1 PSTP EM REDE NUA;FALSE;OK;OK;OK;27/02/2026;17/02/2026;REGINALDO;27/02/2026;;;;;;-10,8620149;;https://drive.google.com/file/d/119JQA9DmhQAe6dJgSXF1ArALI2Yk-PdJ/view;-40,1334201;;;PONTO NOVO;;18494 (D)  // 21610 LV;;ENERGIZADA;;;;;E960116;PLANO 7;;TRUE;0;1;27/02/2026;;23/02/2026;;;Q054112;;DESL + LV;1 N1 C/ TRF;TRUE;Energizada;ADRIANO;AC-PREF-PR -LEONIDAS FREIRE 2-CENTRO;;R$ 39.456,98;;
1156736;01/02/2026;SENHOR DO BONFIM;;;;;100%;;;;;0;;;;0;;MMGD;;NÃO E POSSIVEL;FALSE;Nao concluida;Nao concluida;Nao concluida;;;;;;;;;;;;https://drive.google.com/file/d/16sdX5zPfnnuBMBBm86O_x6JE501t67ir/view;;;;CAMPO FORMOSO;;;;DEPENDE DE 9102038829;;;;;;PLANO 7;;;0;0;;;;;;;;LV + ENERGZ;RELIG;;Paralisada;EDLECIO;EQ - GRUA AG. BELA VISTA - RURAL;;R$ 89.560,07;;
1221762;01/02/2026;SENHOR DO BONFIM;;;;TRUE;100%;;TRUE;;0;1;;;;0;-10,6870918, -39,8628609;OBRAS ÁGEIS;;SUBS TRF;TRUE;OK;OK;OK;24/02/2026;09/02/2026;GESONI;25/02/2026;;;;;;-10,6870918;;https://drive.google.com/file/d/1apUGiDZg542GMhBEDAugyiIYIYWGmWUp/view?usp=drive_link;-39,8628609;;;ITIUBA;;18404 (D);;ENERGIZADA;;;;;;PLANO 7;;TRUE;0;0;27/02/2026;;23/02/2026;;;Q067326;;DESL;;TRUE;Energizada;GABRIEL;AC-CIND-AV-V OSVALDO CAMPOS-CENTRO;;R$ 21.160,33;;
1225551;01/02/2026;SENHOR DO BONFIM;;;;;100%;;;;0;1;;;;0;-10,853805, -39,785199;OBRAS ÁGEIS;;NÃO E POSSIVEL;FALSE;Nao concluida;Nao concluida;Nao concluida;;09/02/2026;GESONI;;;;;;;-10,853805;;https://drive.google.com/file/d/1pHHwtGPbO4CAQyihfKV_OajU_ouh8s8r/view?usp=drive_link;-39,785199;;;ITIUBA;;16650 EN  //  22077 LV;;FALTA TRAFO 211235 3-75 34KV, 536780 - ELO 2H , CONECT ESTRIBO 2403000 ;;;;;;PLANO 7;;TRUE;;0;13/02/2026;;09/02/2026;;;E636244;;LV + ENERGZ;TRF;;NÃO DEFINIDO;GABRIEL;ER-CIND-POV-MANGABEIRA-RURAL;;R$ 43.640,11;;
1218777;01/02/2026;SENHOR DO BONFIM;;;;;100%;;;;0;1;;;;0;-10,450478, -40,677286;OBRAS ÁGEIS;;SUBS TRF;FALSE;Nao concluida;Nao concluida;Nao concluida;20/02/2026;09/02/2026;ISRAEL;;;;;;;-10,450478;;https://drive.google.com/file/d/1qo5oZmUJCBPFBUTD2D-ugtmAwwnoEE7W/view?usp=drive_link;-40,677286;;;CAMPO FORMOSO;;18299 (D);;FALTA 210448 - TRAFO 3F 112,5KVA, 536783 - ELO  5H , CONECT ESTRIBO 2403000 ;;;;;;PLANO 7;;TRUE;;0;20/02/2026;;16/02/2026;;;E157792;;DESL;;;NÃO DEFINIDO;EDLECIO;AC-CIND-FAZ-TEREZA 2-RURAL;;R$ 39.546,25;;
1164073;01/02/2026;SENHOR DO BONFIM;;;;;100%;;;;0;1;;;;0;-10,9976335, -39,8376467;QLP;;É POSSIVEL;FALSE;Nao concluida;Nao concluida;Nao concluida;;02/02/2026;MARCELO;;;;;;;-10,9976335;;https://drive.google.com/file/d/1G5w0bX8TmX8IUW8NMO-qld9CqXm0KU34/view;-39,8376467;;;QUEIMADAS;;16606 EN  //  22018 LV;;;;;;;;PLANO 7;;TRUE;;0;13/02/2026;;09/02/2026;;;Q100028;;LV + ENERGZ;N3;;Paralisada;GABRIEL;AC-CIND-FAZ-SITIO 1-ALECRIM;;R$ 2.969,50;;
1235886;01/02/2026;SENHOR DO BONFIM;;;;TRUE;100%;;TRUE;;0;1;;;;0;-10,3876749, -40,1964778;QLP;;;TRUE;OK;OK;OK;;04/02/2026;JOILSON;10/02/2026;;;;;;-10,3876749;;https://drive.google.com/file/d/1jWKIjZZUcGIJdg0yMtUg8HDdCesZxQ5h/view;-40,1964778;;;SENHOR DO BONFIM;;16645 BT;;ENERGIZADA;;;;;;PLANO 7;;TRUE;0;0;13/02/2026;;02/02/2026;;;Q044428;;BT;;TRUE;Energizada;ADRIANO;ER-CIND-POV-MAMAO-RURAL - SENHOR;;R$ 2.627,67;;
1232913;01/02/2026;SENHOR DO BONFIM;;;;TRUE;100%;;TRUE;;0;1;;;;0;-10,48472384,-40,3680194;QLP;;;TRUE;OK;OK;OK;;03/02/2026;JOSE ROBERTO;09/02/2026;;;;;;-10,48472384;;https://drive.google.com/file/d/11lvvOb-kKdzdeWFo93_L7qectVonBnzZ/view;-40,3680194;;;CAMPO FORMOSO;;16628 BT;;ENERGIZADA;;;;;;PLANO 7;;TRUE;0;0;13/02/2026;;03/02/2026;;;B929521;;BT;;TRUE;Energizada;EDLECIO;ER-CIND-FAZ-PILOES 202-C FORMOSO;;R$ 1.824,52;;
1127253;01/02/2026;SENHOR DO BONFIM;;;;TRUE;100%;;TRUE;;0;0;;;;0;-10,8457883, -40,1147171;RECLAMAÇÃO;;SUB TRF;TRUE;OK;OK;OK;20/02/2026;17/02/2026;REGINALDO;21/02/2026;;;;;;-10,8457883;;https://drive.google.com/file/d/12CiKXTuMRHQZvsh-Kot7zy-zcd2GW8bS/view;-40,1147171;;;PONTO NOVO;;18334 (D);;ENERGIZADA;;;;;;PLANO 7;;TRUE;0;0;20/02/2026;;16/02/2026;;;D003025;;DESL;;TRUE;Energizada;ADRIANO;AC-CIND-FAZ-VARZEA DO CURRAL-RURAL;;R$ 21.505,60;;
1155089;01/02/2026;SENHOR DO BONFIM;;;;;100%;;;;;0;;;;0;;MMGD;;NÃO E POSSIVEL;FALSE;Nao concluida;Nao concluida;Nao concluida;;;;;;;;;;;;https://drive.google.com/file/d/1ZuHCfaSHIwLmF5_-f_K3C4RIxzerz3qK/view;;;;SENHOR DO BONFIM;;;;DEPENDE DE 9102065620;;;;;;PLANO 7;;;0;0;;;;;;;;LV + ENERGZ;RELIG;;Paralisada;;EQ-GRUA-AG CANDICO FONSECA-RURAL;;R$ 93.817,53;;
